9999,9999,1,2,4,7.9433,15.849,31.623,63.096,125.89,251.19,9999,9999,1,2,4,7.9433,15.849,31.623,63.096,125.89,251.19,9999,9999,1,2,4,7.9433,15.849,31.623,63.096,125.89,251.19
1,1,13.542,28.081,39.32,43.636,57.654,58.737,66.159,71.021,57.011,1,1,25.748,33.909,34.364,51.588,59.797,65.428,66.457,70.49,57.884,1,1,19.563,24.041,33.696,45.812,59.623,68.237,80.007,71.997,54.924
2,2,36.315,40.265,35.096,45.058,56.767,59.723,63.958,70.895,55.327,2,2,32.434,39.9,33.523,47.689,54.743,60.388,65.827,70.095,55.423,2,2,21.531,30.51,29.332,43.918,59.188,64.011,80.034,72.881,50.585
3,3,40.123,35.087,29.969,46.703,57.173,59.574,54.601,64.634,53.354,3,3,39.377,32.609,32.459,42.795,56.415,62.052,54.893,62.454,52.114,3,3,27.851,23.276,27.635,39.794,52.792,59.294,67.891,60.807,45.922
4,4,31.484,31.495,32.87,51.649,64.307,62.347,60.319,62.69,52.741,4,4,33.86,33.155,33.532,45.688,61.057,65.163,56.819,63.014,51.593,4,4,21.627,23.353,30.737,43.857,54.163,60.452,69.03,60.689,46.561
5,5,27.573,23.408,33.065,52.649,66.974,65.255,60.575,58.823,47.99,5,5,30.938,28.817,34.187,44.723,57.933,61.348,56.575,60.046,48.559,5,5,15.629,22.309,29.748,47.266,58.941,62.49,70.153,60.263,43.71
6,6,24.914,28.742,38.748,51.635,66.801,68.273,62.236,53.406,47.075,6,6,22.963,34.403,37.635,46.42,56.826,62.438,54.871,55.806,44.313,6,6,11.877,24.362,30.406,46.946,57.736,64.588,70.738,59.031,43.868
7,7,20.974,30.584,38.843,52.159,67.655,69.825,60.394,54.098,45.896,7,7,24.509,26.337,29.656,48.198,61.308,66.283,55.867,53.893,44.867,7,7,10.067,21.698,30.409,48.116,61.812,65.648,69.018,56.478,42.538
8,8,30.198,33.093,31.988,52.301,65.411,66.954,62.148,54.785,46.319,8,8,34.936,28.721,34.443,45.382,61.633,68.613,57.484,55.793,46.271,8,8,20.563,23.954,33.369,48.183,59.949,66.96,71.282,57.774,43.255
9,9,27.498,32.688,37.359,54.049,67.96,69.752,64.045,61.364,49.566,9,9,31.62,33.991,30.759,50.502,63.684,67.583,58.854,65.878,53.156,9,9,18.008,23.112,28.508,50.255,62.878,67.549,75.231,65.464,46.708
10,10,29.766,33.142,33.398,53.667,67.823,70.876,60.173,52.374,44.951,10,10,33.463,33.082,40.493,50.285,64.831,72.435,57.923,52.851,42.074,10,10,16.017,24.604,35.624,53.727,63.579,66.475,70.47,58.615,43.147
11,11,32.66,33.016,33.585,51.879,69.567,69.077,58.903,49.966,42.195,11,11,42.165,39.183,35.03,47.414,60.703,64.758,56.351,50.455,40.849,11,11,26.486,26.033,32.225,51.725,61.832,64.663,69.189,57.149,42.035
12,12,36.22,23.45,33.738,48.563,62.16,62.889,54.604,51.342,44.324,12,12,38.905,35.846,35.571,44.632,57.035,60.42,54.049,52.779,41.477,12,12,24.14,15.983,30.277,51.801,63.273,62.69,67.914,58.661,43.247
13,13,31.924,25.398,31.412,46.609,62.782,63.448,53.134,62.78,56.33,13,13,37.459,31.882,33.154,41.167,57.359,59.619,55.747,64.96,58.569,13,13,17.817,14.728,28.186,47.185,60.669,60.177,68.615,61.516,50.431
14,14,30.937,30.476,27.817,38.308,58.301,57.75,51.155,63.127,60.528,14,14,39.096,36.528,37.737,44.678,53.79,58.268,53.343,64.658,61.325,14,14,24.678,20.783,34.483,43.908,51.539,57.607,66.997,61.814,57.323
15,15,24.422,29.224,31,51.195,63.117,62.856,57.387,71.999,68.696,15,15,37.312,32.462,35.622,49.636,56.674,57.657,61.143,72.942,66.293,15,15,22.343,23.617,35.628,46.519,58.701,61.093,71.185,65.259,61.724
16,16,31.847,31.968,36.876,51.373,57.906,56.721,52.103,51.171,43.764,16,16,27.848,24.802,38.378,58.003,59.644,60.5,53.676,53.057,40.748,16,16,19.491,20.101,36.072,46.499,57.143,59.787,65.631,56.25,42.448
17,17,29.695,31.346,33.649,49.312,61.032,61.998,53.895,50.247,40.821,17,17,33.593,32.806,34.754,54.936,58.271,61.203,53.175,51.774,39.995,17,17,10.16,17.868,28.855,45.441,56.003,58.011,66.956,57.569,42.577
18,18,30.548,33.437,28.789,44.448,62.719,63.067,55.987,51.991,44.466,18,18,29.688,30.362,32.833,47.553,54.385,59.666,54.906,53.011,42.513,18,18,9.644,22.164,29.172,42.434,57.9,60.502,68.776,58.684,46.814
19,19,25.408,30.372,35.974,50.136,63.459,64.943,58.433,50.818,42.652,19,19,31.547,29.378,36.375,50.129,62.004,67.439,56.471,51.768,40.637,19,19,13.111,27.589,32.815,47.448,59.847,64.566,69.38,56.629,40.685
20,20,25.815,38.317,33.495,51.577,66.297,68.717,60.712,53.32,43.325,20,20,35.751,38.165,33.974,57.389,64.412,66.956,57.551,54.416,43.089,20,20,21.295,28.493,36.786,48.591,60.544,66.154,70.487,59.441,45.455
21,21,39.453,41.998,33.777,58.042,69.162,70.299,66.741,63.983,49.148,21,21,38.735,39.942,33.269,54.027,71.022,75.194,67.808,64.098,50.005,21,21,25.871,29.298,30.165,49.045,70.62,73.319,83.111,70.894,48.99
22,22,40.835,29.522,38.044,54.456,76.45,76.255,71.447,72.992,56.406,22,22,41.589,30.033,40.344,54.892,74.445,74.839,75.189,74.375,57.932,22,22,29.215,23.296,32.697,52.416,70.914,74.595,89.766,78.844,55.954
23,23,27.889,38.959,40.884,47.569,73.789,76.128,75.618,82.574,68.245,23,23,30.141,38.494,28.891,53.148,75.084,78.366,76.05,82.183,67.731,23,23,18.475,28.153,30.71,51.524,69.429,76.539,90.665,81.18,60.642
24,24,36.429,39.573,40.896,55.758,76.671,78.088,86.542,93.49,80.142,24,24,40.479,38.727,36.05,50.368,71.49,76.43,86.014,94.663,80.892,24,24,26.498,28.497,31.86,53.567,71.286,81.442,97.017,93.624,72.01
25,25,35.162,28.609,32.91,50.834,78.538,79.516,87.134,94.219,77.867,25,25,38.21,33.763,32.841,45.9,70.962,74.144,86.488,93.01,76.468,25,25,25.761,21.875,31.837,49.449,70.041,80.221,99.583,91.57,69.937
26,26,23.813,29.792,34.832,47.686,72.496,74.429,76.467,74.634,57.157,26,26,33.446,31.185,35.337,49.072,71.999,75.591,73.539,74.385,56.785,26,26,15.902,23.629,34.852,48.466,67.755,74.734,88.381,77.204,54.761
27,27,23.381,30.078,34.987,48.838,64.952,67.606,70.349,68.606,51.555,27,27,28.591,24.541,40.124,51.728,67.778,71.996,66.424,70.166,51.93,27,27,17.519,21.341,29.818,48.041,65.24,70.419,83.648,70.752,49.05
28,28,18.587,28.529,37.533,54.062,67.811,69.107,69.187,64.781,47.669,28,28,28.657,27.076,38.824,48.494,68.117,73.697,67.33,64.984,48.849,28,28,12.244,18.276,32.928,46.406,65.245,70.024,80.99,70.4,47.647
29,29,30.533,34.094,33.898,49.474,62.568,64.128,69.283,71.673,69.811,29,29,31.61,36.463,33.533,46.995,65.374,72.539,68.151,73.615,68.907,29,29,17.319,24.314,32.051,47.864,65.292,69.945,80.498,72.464,65.463
30,30,35.984,34.806,35.635,50.81,64.753,66.556,73.039,69.401,64.548,30,30,34.282,34.392,39.871,49.237,62.172,67.108,70.696,70.921,65.614,30,30,22.482,31.408,38.685,48.337,62.479,67.593,86.374,75.423,61.962
31,31,28.987,35.584,40.692,49.433,65.772,66.088,71.79,74.246,62.968,31,31,40.108,43.63,35.831,51.694,63.33,68.442,71.724,69.421,63.728,31,31,23.883,33.516,37.771,47.445,62.426,69.834,85.063,73.733,60.456
32,32,29.824,32.169,41.88,50.137,66.38,66.759,75.842,68.106,52.094,32,32,38.578,38.451,40.976,52.705,65.644,71.689,74.122,68.747,53.131,32,32,24.925,27.194,37.981,50.529,63.431,69.438,90.221,78.694,56.561
33,33,23.888,26.413,43.868,56.541,63.74,65.572,75.194,67.242,50.597,33,33,37.795,42.187,40.532,56.196,59.738,63.277,73.155,66.934,49.444,33,33,25.249,28.691,35.62,45.832,60.263,66.362,89.424,77.474,54.929
34,34,26.146,33.912,36.023,48.93,59.926,65.865,83.104,77.422,58.876,34,34,33.603,39.101,37.958,50.027,59.432,65.238,79.571,79.318,58.964,34,34,16.739,26.629,36.834,49.625,62.561,72.18,96.889,84.467,61.943
35,35,30.593,32.762,31.931,41.933,59.872,63.96,79.782,74.636,57.544,35,35,34.621,43.088,30.817,48.157,58.233,63.426,77.105,74.902,56.291,35,35,13.654,27.71,33.946,44.538,58.081,70.726,93.504,80.657,58.654
36,36,30.049,30.644,38.021,49.613,71.316,75.305,91.993,85.993,67.82,36,36,35.93,39.733,37.693,45.59,64.363,71.899,90.629,87.8,70.058,36,36,17.075,29.672,39.264,54.28,69.388,85.422,103.98,91.157,68.638
37,37,32.608,34.119,36.663,47.383,67.85,74.162,88.476,85.139,68.919,37,37,37.595,38.053,35.44,41.371,63.651,71.848,90.801,89.147,69.849,37,37,27.058,28.101,40.103,48.921,66.187,83.848,105.96,94.269,71.411
38,38,31.917,32.391,38.173,50.282,71.381,76.499,92.086,89.623,71.246,38,38,34.48,35.525,31.541,43.785,65.072,73.847,91.852,90.274,72.755,38,38,23.72,40.159,44.978,54.361,69.967,89.008,106.47,94.316,71.564
39,39,30.965,26.643,39.073,50.313,74.047,78.562,92.808,88.951,71.148,39,39,39.071,35.55,36.7,43.14,68.987,76.022,94.323,90.554,73.002,39,39,29.414,39.329,45.13,54.514,72.043,89.461,109.07,96.192,73.746
40,40,26.622,27.638,34.368,44.683,63.084,73.943,91.145,88.306,69.202,40,40,34.499,29.275,33.939,44.232,65.969,73.905,89.218,88.938,69.701,40,40,31.367,39.877,36.941,44.953,63.8,85.274,105.23,93.341,70.371
41,41,32.835,36.298,34.845,45.138,68.209,72.457,88.283,88.155,69.5,41,41,38.123,38.453,35.317,46.884,65.765,73.194,89.102,88.264,70.022,41,41,31.23,35.67,39.41,49.476,63.958,85.36,105.34,92.981,70.445
42,42,41.384,37.225,31.361,42.361,65.871,67.034,78.991,81.271,60.843,42,42,45.55,40.131,32.623,43.427,60.399,65.355,79.127,80.086,63.126,42,42,35.251,28.324,34.881,43.786,58.136,73.399,92.279,82.382,58.896
43,43,33.439,28.634,31.771,38.771,61.33,64.334,70.764,70.795,52.25,43,43,40.574,37.372,35.145,39.156,61.481,67.533,73.318,69.992,53.057,43,43,25.144,21.379,29.713,37.435,56.982,72.683,90.846,78.237,55.245
44,44,38.528,27.981,29.919,40.897,53.708,58,64.649,61.013,45.908,44,44,43.128,36.044,29.433,36.432,53.907,62.478,65.01,61.97,45.951,44,44,28.812,22.325,31.018,37.531,52.126,68.33,81.242,69.301,47.221
45,45,31.813,26.996,31.658,44.402,57.61,58.777,70.05,60.747,45.833,45,45,37.118,31.984,31.672,36.841,59.261,64.329,67.354,59.822,44.991,45,45,22.961,17.344,29.878,39.42,54.719,70.006,85.414,70.851,49.51
46,46,31.008,25.464,33.166,41.623,59.996,60.957,70.755,60.026,45.455,46,46,34.535,38.513,32.814,39.777,58.552,62.146,67.744,57.992,45.798,46,46,18.318,23.671,32.451,41.204,57.473,70.958,87.057,72.278,50.843
47,47,28.06,26.712,34.697,48.459,68.859,69.782,71.527,60.995,47.577,47,47,37.678,29.785,33.208,42.174,60.204,64.682,69.006,59.769,46.59,47,47,22.642,17.827,30.35,46.288,61.583,71.091,87.339,73.175,51.687
48,48,27.214,26.968,28.076,46.783,67.174,68.724,71.547,61.675,48.087,48,48,32.485,31.509,33.054,42.035,59.799,62.585,71.487,62.16,49.663,48,48,14.024,15.972,30.661,46.544,61.125,75.472,87.452,71.31,49.913
49,49,22.98,22.252,33.141,45.159,65.036,66.276,68.689,60.248,45.955,49,49,32.925,33.745,30.764,41.172,59.419,64.911,68.071,59.528,45.42,49,49,14.909,24.431,32.606,44.559,61.762,70.646,83.717,68.772,47.356
50,50,19.661,22.17,29.045,44.201,68.531,70.95,67.345,58.317,42.268,50,50,20.16,29.807,33.087,41.515,60.647,63.719,65.897,58.032,41.936,50,50,3.4789,20.861,28.303,46.939,64.414,69.437,81.523,67.903,46.244
51,51,16.387,19.673,31.234,39.069,61.415,63.705,67.787,57.852,44.447,51,51,13.646,25.157,26.366,42.782,57.998,62.802,64.732,56.041,40.925,51,51,-1.4539,23.768,30.218,45.555,58.639,63.94,78.416,64.392,43.88
52,52,24.347,24.234,29.681,41.41,60.182,60.665,61.752,54.68,42.698,52,52,16.148,26.85,26.549,41.691,55.694,58.342,59.904,53.174,41.643,52,52,6.937,18.719,33.272,46.565,60.328,65.246,76.556,60.994,42.879
53,53,25.256,27.168,27.024,43.384,59.425,60.895,58.876,54.031,43.602,53,53,27.754,27.771,34.224,40.494,55.777,61.345,57.887,52.441,41.055,53,53,13.46,16.019,28.225,45.115,59.426,63.99,72.558,57.432,41.105
54,54,11.407,20.975,29.862,42.129,59.421,60.936,58.626,52.723,41.082,54,54,26.679,28.32,31.958,38.074,55.363,62.366,54.562,53.132,39.673,54,54,10.95,21.67,27.631,42.665,55.016,62.243,70.813,56.669,40.523
55,55,13.908,24.409,27.025,39.762,58.991,60.066,56.513,52.236,43.409,55,55,28.735,28.226,26.958,38.283,50.781,56.342,53.073,51.937,40.294,55,55,14.807,19.962,28.724,38.073,52.978,59.758,66.997,54.259,40.449
56,56,16.794,23.936,33.248,41.058,59.021,60.743,57.277,55.482,42.801,56,56,26.973,22.632,29.987,41.025,49.742,54.582,53.902,54.557,41.42,56,56,13.612,20.034,31.55,37.845,52.945,59.808,67.836,54.812,40.317
57,57,16.889,20.58,29.836,37.607,53.183,53.556,53.058,59.247,47.413,57,57,16.081,21.516,28.437,36.025,46.843,52.009,51.096,59.035,43.561,57,57,-2.163,22.98,29.025,37.315,48.749,53.504,66.398,57.677,40.474
58,58,20.662,23.101,30.295,36.954,51.254,51.009,54.592,61.314,49.038,58,58,23.622,23.113,28.812,39.926,47.385,51.058,53.839,60.547,47.664,58,58,1.519,23.428,34.253,35.897,49.559,53.24,69.393,60.566,41.603
59,59,25.735,27.738,29.492,38.794,49.847,49.572,49.128,54.874,44.237,59,59,27.885,25.606,27.67,36.363,47.149,50.093,51.687,57.438,41.329,59,59,10.255,22.491,32.836,37.182,43.684,52.77,64.624,54.204,40.001
60,60,28.478,21.08,29.164,36.29,48.395,49.222,48.775,52.849,42.553,60,60,27.298,26.997,27.061,38.607,46.995,53.105,48.759,51.119,39.997,60,60,5.4092,17.335,31.792,33.311,44.099,54.044,61.604,50.047,39.5
61,61,20.888,27.644,30.224,36.12,50.125,51.533,49.456,50.548,42.217,61,61,24.493,26.294,28.263,42.148,46.173,51.521,47.856,51.484,38.919,61,61,9.3873,12.091,27.223,40.72,45.191,54.312,60.139,49.907,39.189
62,62,16.835,22.932,32.58,39.888,48.376,50.156,47.386,47.156,41.339,62,62,19.244,28.405,32.143,37.098,44.521,51.325,47.159,49.741,38.374,62,62,4.706,16.412,29.473,37.365,44.191,52.599,61.666,50.502,39.311
63,63,20.437,24.125,27.675,34.539,54.06,54.937,46.245,48.905,39.186,63,63,19.858,26.1,25.131,37.001,44.578,49.354,47.359,51.226,38.585,63,63,4.1709,15.301,29.848,36.773,45.748,49.532,60.825,50.943,39.159
64,64,11.115,22.655,31.017,38.834,49.809,50.043,48.781,50.441,42.915,64,64,17.81,22.35,33.334,38.109,46.564,50.784,49.211,51.105,39.134,64,64,-1.7212,14.658,28.241,37.267,46.121,52.06,63.046,51.272,38.971
65,65,12.773,19.921,31.796,36.667,50.924,51.563,47.284,48.192,39.567,65,65,13.513,26.809,32.34,35.575,45.627,53.461,46.417,48.599,38.754,65,65,5.8942,18.612,30.739,37.011,47.478,54.6,60.815,49.343,38.971
66,66,26.081,28.622,28.802,36.96,46.37,47.167,44.653,46.844,42.699,66,66,29.532,30.291,25.215,35.468,46.276,52.181,45.184,47.818,37.788,66,66,2.7537,18.108,30.96,35.005,45.263,52.265,56.804,46.731,38.745
67,67,25.94,29.486,32.369,36.939,45.429,42.889,45.065,47.918,39.485,67,67,29.882,31.578,32.092,39.155,46.072,48.069,46.36,47.711,37.035,67,67,11.571,20.465,28.198,40.53,48.309,50.982,57.471,48.223,38.718
68,68,18.257,29.636,29.227,37.506,48.339,48.275,45.061,46.636,43.178,68,68,21.773,32.992,26.675,38.199,45.592,50.862,45.438,48.019,38.612,68,68,1.3821,20.108,26.714,38.39,46.243,53.566,58.919,49.116,39.121
69,69,28.822,25.285,29.229,34.776,50.666,50.333,43.785,47.232,40.37,69,69,33.022,27.596,23.898,34.723,44.966,49.801,46.711,48.66,37.828,69,69,11.143,22.714,25.47,36.231,47.604,52.733,58.137,48.195,38.179
70,70,22.871,20.507,27.098,34.187,48.591,48.634,43.686,47.341,43.757,70,70,26.855,24.225,31.888,35.985,43.103,50.125,45.585,47.341,41.349,70,70,7.24,21.472,30.308,33.96,43.797,51.384,58.467,48.766,39.949
71,71,26.522,28.493,34.261,41.406,49.391,48.278,44.488,47.637,41.732,71,71,29.732,22.126,30.178,35.617,46.288,47.894,46.246,47.653,42.297,71,71,11.096,33.676,34.903,40,48.894,50.577,58.03,48.54,40.766
72,72,23.805,24.664,28.039,40.952,48.349,48.161,43.408,45.843,42.704,72,72,28.003,27.132,28.717,36.076,45.382,50.778,45.724,46.896,39.315,72,72,3.4144,20.036,30.857,35.767,47.716,49.458,56.938,47.361,38.884
73,73,24.993,24.169,28.396,36.467,48.194,48.537,43.126,46.231,40.482,73,73,27.067,28.073,31.426,36.745,43.416,47.838,44.562,46.729,38.192,73,73,10.286,12.1,24.451,37.217,46.503,51.011,56.837,47.361,38.664
74,74,30.145,25.763,28.6,37.06,51.509,50.982,44.674,45.519,42.95,74,74,30.695,29.635,27.785,34.38,44.122,48.001,47.026,45.441,38.561,74,74,11.873,20.453,27.418,36.375,47.925,51.831,58.19,47.399,38.857
75,75,29.708,28.075,27.107,39.021,50.835,50.295,43.244,46.235,39.218,75,75,28.645,36.059,35.57,36.8,45.031,49.925,44.882,46.083,37.574,75,75,8.0899,19.06,29.299,39.15,49.728,50.781,56.077,46.23,38.236
76,76,27.515,27.903,28.451,36.309,48.194,48.317,45.139,46.351,43.563,76,76,35.475,30.645,28.35,37.599,45.377,50.818,47.269,46.897,38.835,76,76,17.021,13.398,31.741,37.082,45.946,50.908,58.885,49.562,38.835
77,77,31.47,26.654,31.511,38.838,46.852,49.375,46.622,47.102,39.117,77,77,36.338,29.553,25.311,35.822,45.478,50.501,47.925,47.142,37.338,77,77,16.688,17.276,27.4,37.475,46.641,53.93,60.862,51.135,39.204
78,78,16.032,29.455,31.042,33.468,51.527,52.251,46.984,46.693,43.165,78,78,25.821,31.626,34.664,37.239,46.496,48.274,46.938,47.44,38.401,78,78,9.1238,16.96,28.116,37.774,50.099,51.94,60.927,52.172,38.943
79,79,18.945,29.093,30.746,31.96,52.488,53.046,47.993,50.747,40.831,79,79,34.6,36.612,35.815,33.796,46.659,52.403,48.523,50.026,38.85,79,79,15.707,20.988,27.693,39.638,48.512,53.839,62.799,54.587,38.943
80,80,31.378,28.716,30.368,37.488,54.456,53.726,47.173,47.288,43.427,80,80,39.207,29.061,28.21,35.339,47.165,51.875,48.643,48.032,38.559,80,80,24.098,20.974,27.562,40.886,49.579,52.565,63.242,53.554,39.34
81,81,28.886,22.196,29.809,35.744,52.178,52.205,48.406,48.72,39.976,81,81,30.543,22.214,29.385,38.92,51.423,58.455,48.94,47.917,38.202,81,81,18.362,21.156,28.754,38.062,49.749,54.663,62.619,54.722,38.565
82,82,17.17,22.603,29.571,38.044,51.669,51.939,48.17,49.476,43.437,82,82,32.044,23.361,36.814,35.284,48.225,54.204,48.963,49.469,39.383,82,82,16.275,16.905,28.746,35.02,45.838,53.21,63.896,55.13,39.856
83,83,31.099,36.612,29.955,43.009,58.032,58.21,51.59,47.311,40.211,83,83,37.091,41.059,34.901,40.26,50.13,54.895,49.897,48.459,38.815,83,83,17.829,21.802,31.513,37.666,50.106,57.247,65.693,55.657,39.95
84,84,31.129,32.83,33.425,41.278,56.577,55.861,48.32,48.179,43.549,84,84,41.468,33.751,33.019,38.301,52.565,57.789,50.094,47.633,39.907,84,84,23.772,22.122,29.755,39.177,53.546,57.459,63.87,53.179,39.59
85,85,31.76,25.708,31.894,43.778,60.765,62.862,51.125,47.799,40.325,85,85,33.105,27.112,29.671,42.389,53.496,57.505,50.249,47.876,38.769,85,85,19.616,20.115,24.399,40.789,53.698,58.643,64.74,52.878,39.28
86,86,31.811,23.282,31.832,46.123,62.895,63.043,55.732,47.356,43.158,86,86,35.965,32.257,32.733,41.212,54.538,61.278,53.641,49.748,39.884,86,86,16.163,20.871,30.652,41.443,54.738,62.885,65.864,52.855,39.527
87,87,26.212,19.315,32.051,46.308,63.967,66.974,58.826,50.172,41.591,87,87,31.929,33.808,31.012,49.212,59.055,65.741,53.848,50.463,40.594,87,87,16.921,20.833,33.662,46.594,57.621,62.06,67.977,53.78,39.781
88,88,20.326,25.48,27.45,45.612,63.349,65.325,61.41,48.204,43.364,88,88,27.98,26.094,29.374,45.065,59.241,66.278,54.534,48.864,40.59,88,88,13.413,18.912,28.582,50.648,62.05,62.767,67.012,52.239,39.87
89,89,23.725,22.966,34.967,54.81,69.908,71.478,62.671,49.903,41.686,89,89,32.442,32.902,33.303,45.59,64.354,70.516,57.39,52.927,41.946,89,89,16.734,20.846,29.846,43.603,62.306,66.794,68.955,54.322,40.143
90,90,29.087,30.594,32.784,50.36,68.755,69.091,63.728,55.885,47.306,90,90,41.468,41.047,36.855,44.435,60.006,64.869,61.661,58.734,50.031,90,90,27.167,27.123,29.563,48.085,61.76,67.381,73.153,61.023,43.701
91,91,35.973,34.231,32.98,56.441,69.062,69.54,66.583,61.698,47.504,91,91,39.292,43.175,34.113,52.637,63.296,68.933,63.437,66.394,51.772,91,91,25.828,25.116,29.106,49.765,61.733,67.687,76.278,68.107,45.694
92,92,34.897,30.097,35.541,50.567,64.537,64.753,63.79,61.587,47.279,92,92,36.094,39.887,29.427,45.957,61.163,68.26,60.225,64.892,49.732,92,92,18.58,25.12,25.975,49.207,59.107,66.685,73.063,66.899,44.899
93,93,28.258,24.944,33.625,45.766,66.598,69.033,60.914,60.222,46.342,93,93,32.06,32.256,28.75,45.96,56.928,62.268,59.449,62.851,48.49,93,93,10.261,19.786,32.248,44.107,60.399,63.573,72.919,65.324,44.349
94,94,23.473,26.425,33.298,45.379,65.168,65.301,64.75,61.745,47.293,94,94,29.042,29.601,29.514,43.05,61.195,67.049,61.936,63.221,48.156,94,94,9.5162,18.664,33.054,43.951,61.107,64.879,74.093,64.11,43.96
95,95,22.29,24.099,31.332,43.188,68.317,69.287,66.291,63.532,48.147,95,95,33.548,26.277,25.699,44.848,62.236,63.072,65.905,66.681,50.16,95,95,14.761,21.882,34.098,49.183,63.529,65.404,78.416,68.271,46.567
96,96,26.005,27.402,33.589,42.181,68.145,69.765,68.169,69.063,52.1,96,96,27.777,27.221,29.742,40.339,61.576,68.354,69.4,72.185,53.75,96,96,5.9395,20.466,30.616,46.67,62.471,67.071,81.515,72.706,49.983
97,97,25.885,26.624,33.848,43.68,69.223,70.903,73.068,72.902,55.342,97,97,28.597,36.872,32.604,43.475,63.674,68.803,70.418,73.598,54.963,97,97,13.662,24.977,32.315,47.683,64.916,68.899,85.856,75.877,53.86
98,98,30.115,28.144,32.446,42.324,63.371,66.664,73.895,73.291,56.212,98,98,34.622,36.181,31.933,44.301,59.604,65.259,72.798,73.699,56.203,98,98,19.253,22.791,35.105,46.775,63.929,68.311,87.439,76.915,54.867
99,99,28.567,27.245,28.035,42.2,64.033,66.018,81.33,76.292,60.53,99,99,28.228,29.527,32.027,43.065,59.581,65.956,79.037,76.73,58.897,99,99,14.499,26.273,29.237,43.201,62.915,70.968,97.061,85.262,62.92
100,100,29.671,23.345,26.531,42.466,69.024,71.874,89.301,82.604,65.373,100,100,30.257,25.865,31.578,44.151,63.543,70.6,88.69,84.513,64.766,100,100,5.1985,26.086,30.92,50.076,66.313,77.27,103.22,91.161,68.564
101,101,28.258,27.241,35.598,52.276,75.305,79.789,96.78,93.151,77.411,101,101,32.207,24.468,30.802,46.395,68.28,75.677,95.546,95.124,77.131,101,101,18.795,30.866,41.02,59.668,74.543,88.184,110.78,97.871,75.832
102,102,29.225,24.747,39.696,53.434,75.608,80.721,97.311,94.631,78.763,102,102,30.254,26.079,36.731,48.312,64.374,75.257,95.898,94.78,78.385,102,102,29.703,41.8,46.243,62.209,73.68,90.91,111.86,99.315,77.371
103,103,31.85,40.549,41.897,55.43,73.508,78.757,94.887,93.536,78.073,103,103,29.853,34.871,33.064,48.462,65.92,74.139,94.872,95.758,79.019,103,103,33.174,46.822,41.328,59.694,72.796,89.187,109.28,97.733,75.522
104,104,24.57,33.149,41.88,48.978,67.893,74.442,89.941,91.051,74.485,104,104,35.129,30.568,32.919,49.22,64.998,72.017,90.683,90.444,75.575,104,104,38.05,39.706,38.175,52.026,65.767,87.781,106.65,94.95,72.705
105,105,20.28,20.426,33.839,44.24,68.728,68.44,81.195,82.304,64.934,105,105,27.464,26.887,30.333,46.396,64.187,69.208,80.802,82.398,66.111,105,105,32.959,35.928,31.811,49.908,68.733,78.515,95.77,86.026,62.515
106,106,16.603,17.987,31.033,43.922,61.407,63.996,75.834,77.576,61.368,106,106,20.066,28.228,29.862,42.04,59.111,66.176,77.544,78.272,62.004,106,106,16.772,27.126,35.093,49.768,63.548,73.782,90.764,80.444,57.036
107,107,17.627,29.273,34.105,47.346,68.374,71.306,80.206,84.014,75.428,107,107,19.351,32.171,31.955,44.687,62,69.749,75.23,84.599,70.829,107,107,11.827,22.442,30.204,49.313,65.901,76.981,91.697,83.691,64.454
108,108,18.452,25.493,35.879,50.361,66.719,67.928,81.957,88.933,75.849,108,108,12.948,29.862,34.713,43.079,58.117,64.339,78.951,88.492,73.662,108,108,6.4596,27.594,35.65,52.942,68.385,77.473,91.879,86.606,66.132
109,109,25.972,35.641,37.203,50.267,69.905,69.975,72.73,74.182,66.255,109,109,32.486,41.177,42.086,42.715,61.052,66.147,71.955,74.285,65.295,109,109,20.941,30.685,31.105,45.529,60.701,72.359,86.133,74.432,58.953
110,110,31.214,32.733,32.074,45.359,67.242,67.652,72.81,70.415,60.59,110,110,40.12,39.179,32.995,45.431,63.322,69.828,72.574,70.318,60.867,110,110,26.125,31.03,34.357,44.507,61.136,73.917,86.832,72.807,55.687
111,111,31.054,29.356,33.927,45.752,69.101,70.332,70.241,64.54,49.492,111,111,37.462,38.003,34.262,42.44,60.042,64.308,67.529,62.258,48.464,111,111,19.091,25.771,27.921,44.57,62.757,72.448,83.011,69.191,48.327
112,112,23.882,28.846,30.412,43.364,64.019,64.745,69.972,63.24,46.163,112,112,32.247,37.699,32.92,44.266,59.077,60.891,66.529,60.676,44.592,112,112,11.453,24.401,33.894,45.693,62.789,70.194,81.567,68.417,46.966
113,113,25.069,29.5,30.319,46.313,66.016,67.985,66.513,56.184,46.158,113,113,34.523,36.172,33.77,43.73,58.844,65.682,63.554,54.192,43.137,113,113,16.136,23.792,32.096,45.56,62.581,66.842,78.476,63.466,44.943
114,114,25.782,28.96,33.848,44.472,61.827,63.835,63.841,55.27,43.693,114,114,38.677,37.893,35.999,40.204,55.563,63.002,62.396,54.394,42.055,114,114,21.461,22.591,30.523,43.351,59.864,63.477,74.733,59.602,42.865
115,115,26.388,23.171,26.259,43.32,61.45,63.38,61.689,54.628,44.767,115,115,42.929,37.051,29.076,39.649,58.825,62.791,60.59,51.986,40.986,115,115,26.816,23.868,33.804,47.034,63.488,65.977,73.772,59.202,42.341
116,116,24.481,22.75,33.435,41.726,59.017,59.325,59.856,51.956,42.547,116,116,34.326,34.301,31.984,39.021,52.161,60.345,57.156,50.672,40.791,116,116,18.082,20.86,29.465,41.833,57.944,59.201,70.514,55.984,41.12
117,117,28.46,28.741,29.627,40.368,54.94,55.308,54.67,49.756,43.832,117,117,34.787,36.838,29.326,34.777,47.839,55.65,52.586,49.357,40.311,117,117,21.41,25.449,34.871,37.348,47.101,55.844,67.856,54.472,40.591
118,118,28.881,29.505,30.777,35.724,51.18,52.766,52.664,48.995,41.538,118,118,36.476,40.484,34.16,38.251,44.3,48.795,49.818,48.663,39.357,118,118,22.134,25.353,32.133,39.127,48.898,53.44,66.311,52.654,40.146
119,119,22.88,29.476,31.838,38.205,47.777,49.026,47.971,47.789,43.621,119,119,39.934,39.002,30.727,36.846,45.751,48.625,47.88,48.269,39.157,119,119,23.688,22.337,32.27,39.013,48.15,51.108,63.174,52.139,39.385
120,120,16.791,23.578,29.096,38.722,54.298,55.32,47.848,48.364,40.142,120,120,36.127,22.814,24.105,35.072,46.853,52.67,47.842,47.298,38.782,120,120,20.527,18.808,33.16,37.904,46.867,52.042,61.838,50.988,39.199
121,121,19.157,23.629,28.783,37.542,49.452,48.958,46.444,46.314,43.66,121,121,31.442,22.53,22.614,39.639,45.639,43.581,48.906,47.214,39.215,121,121,15.097,16.609,27.928,41.213,47.173,49.835,62.236,51.279,39.674
122,122,24.852,21.077,31.372,41.646,49.767,49.817,45.434,47.065,41.292,122,122,31.094,29.239,30.321,39.405,48.631,48.059,48.266,48.309,38.684,122,122,10.704,16.309,28.034,40.141,51.234,49.166,61.317,50.89,39.316
123,123,20.859,26.441,32.65,39.708,51.031,51.908,54.669,49.263,43.845,123,123,21.479,29.829,32.37,38.131,50.797,49.085,50.746,51.151,41.664,123,123,5.6431,19.704,26.95,41.779,55.707,51.885,65.568,53.939,40.259
124,124,16.583,25.253,30.071,50.072,57.005,54.64,48.754,48.173,41.73,124,124,26.003,27.143,32.855,43.352,57.56,54.745,47.684,49.267,40.727,124,124,5.2829,19.468,33.314,49.982,62.362,54.36,61.442,52.764,40.751
125,125,19.815,25.251,31.284,49.575,58.308,57.551,50.555,50.517,44.437,125,125,20.883,27.262,28.079,44.038,55.163,57.875,50.114,50.458,41.871,125,125,8.7215,22.68,31.941,49.394,57.86,56.31,65.43,54.732,41.693
126,126,22.015,26.142,35.87,51.055,56.107,55.624,49.651,51.513,43.536,126,126,25.22,31.704,31.025,50.155,54.264,54.59,47.689,49.886,42.027,126,126,6.3965,22.593,28.81,53.29,57.115,53.912,62.975,55.055,42.156
127,127,22.502,25.276,30.786,48.996,59.751,61.493,58.93,57.055,47.205,127,127,26.3,28.985,28.48,46.264,54.445,57.58,54.649,59.781,46.627,127,127,8.916,18.907,28.782,51.027,61.51,62.595,69.38,61.051,45.385
128,128,21.139,23.035,33.517,43.842,63.338,65.867,69.107,69.881,55.734,128,128,22.938,22.826,30.104,45.026,59.46,63.279,69.919,71.611,56.243,128,128,0.82748,15.555,29.384,52.986,64.559,67.871,83.799,75.87,53.051
129,129,16.89,26.275,30.514,47.54,64.976,65.642,76.398,79.194,61.343,129,129,22.86,26.222,30.145,55.104,65.523,66.997,75.634,78.54,60.334,129,129,4.9941,20.909,30.966,59.19,69.634,72.507,90.407,80.914,57.673
130,130,19.523,24.51,34.722,52.211,66.461,68.132,76.638,72.514,58.563,130,130,20.32,26.616,27.145,57.377,69.768,75.764,72.835,72.766,56.732,130,130,6.0495,22.32,31.064,56.182,70.082,75.85,87.268,77.486,54.971
131,131,21.442,27.861,32.412,55.325,67.061,67.92,74.808,72.744,57.292,131,131,27.548,29.198,28.277,54.566,71.266,75.877,70.99,72.731,57.125,131,131,9.0429,23.342,34.268,55.965,71.421,76.305,86.897,77.524,55.078
132,132,28.429,26.442,32.638,53.622,65.509,65.399,67.017,70.042,54.668,132,132,29.18,31.231,26.85,55.947,69.788,74.57,69.997,72.524,54.575,132,132,3.7044,20.796,34.064,59.711,72.035,72.244,85.355,76.4,55.185
133,133,25.152,19.602,32.732,50.74,61.522,61.163,64.671,69.44,56.841,133,133,22.737,27.286,31.424,51.388,66.912,73.342,67.748,70.105,56.408,133,133,8.4946,22.41,32.277,58.073,68.504,68.217,81.628,72.837,54.818
134,134,16.886,22.661,27.787,52.035,64.371,64.73,69.121,77.663,66.215,134,134,23.588,22.352,30.709,55.02,69.925,78.02,70.204,78.133,65.758,134,134,10.843,18.763,30.708,61.621,72.509,74.411,83.725,76.204,58.822
135,135,19.653,26.846,37.69,56.808,70.624,73.247,76.788,86.6,72.28,135,135,30.419,23.801,22.297,55.394,73.019,81.123,76.861,85.625,72.769,135,135,15.408,13.254,32.611,65.585,76.529,77.74,88.593,83.454,65.465
136,136,19.054,30.174,43.24,61.152,75.802,78.457,85.209,92.274,76.96,136,136,26.003,26.6,31.611,51.189,69.013,76.083,82.686,93.662,76.814,136,136,10.401,27.113,35.478,66.072,77.025,82.769,96.535,91.387,69.907
137,137,26.623,25.305,38.415,63.29,76.335,77.784,86.172,93.697,76.373,137,137,29.539,31.297,31.238,50.617,71.12,76.868,85.223,93.03,75.819,137,137,6.3236,30.874,38.603,72.438,81.091,80.662,97.555,92.369,69.689
138,138,22.367,31.958,37.792,55.18,71.258,73.464,82.236,86.019,70.792,138,138,27.03,32.997,34.081,48.277,70.112,75.111,80.461,85.945,69.351,138,138,18.516,31.545,31.776,64.466,74.206,77.776,93.879,85.278,63.362
139,139,31.683,34.218,33.982,51.209,71.253,75.07,73.889,72.766,58.773,139,139,43.571,41.638,32.256,46.083,68.699,73.903,70.408,72.476,56.519,139,139,28.074,27.16,28.806,60.032,69.584,73.956,85.424,75.398,53.94
140,140,29.015,28.164,29.324,50.669,65.174,68.321,69.636,67.975,53,140,140,44.18,34.742,30.192,46.352,68.081,74.013,68.117,67.081,51.151,140,140,28.3,26.775,29.954,53.837,65.284,72.317,80.009,69.83,49.103
141,141,28.656,30.059,33.823,50.273,63.94,65.35,64.569,65.021,51.541,141,141,36.815,30.449,34.157,44.993,66.726,71.435,62.875,63.945,48.99,141,141,22.12,27.851,32.643,57.06,67.915,68.524,76.461,65.702,47.737
142,142,26.155,28.859,31.435,48.901,60.393,60.883,62.817,62.361,50.985,142,142,31.108,31.196,30.593,46.223,65.187,70.532,60.916,64.081,48.259,142,142,18.153,25.607,30.38,53.777,64.867,66.436,74.875,64.494,47.427
143,143,27.921,27.278,26.602,45.743,56.746,58.09,60.962,61.186,49.468,143,143,34.262,28.008,32.761,45.224,63.132,69.269,58.24,61.861,45.62,143,143,18.65,21.552,28.476,47.968,61.013,64.944,71.606,60.664,45.952
144,144,26.946,21.111,33.586,45.742,59.983,61.122,57.825,56.393,46.125,144,144,34.233,31.769,29.778,43.799,60.445,64.895,55.488,58.408,42.834,144,144,20.939,19.891,28.94,52.491,63.732,62.505,70.854,59.148,43.779
145,145,24.826,21.012,31.554,50.211,59.109,58.898,54.638,54.278,46.176,145,145,28.388,27.689,33.32,49.551,59.967,63.502,53.738,56.693,42.558,145,145,9.2777,24.907,30.874,52.383,62.004,61.169,66.922,57.801,42.925
146,146,30.007,26.661,31.664,45.205,59.942,59.842,54.84,53.585,45.321,146,146,27.175,32.657,35.039,47.304,58.291,62.522,53.382,55.009,42.298,146,146,13.649,27.323,30.47,52.003,61.236,62.2,67.135,56.903,42.418
147,147,26.075,21.626,29.58,46.02,59.118,57.214,56.361,55.005,45.69,147,147,31.89,28.301,28.826,43.364,60.728,65.76,54.247,55.568,48.029,147,147,17.737,21.087,31.578,50.126,62.481,62.977,66.181,56.939,44.386
148,148,18.847,27.29,34.944,46.571,64.413,63.463,55.498,60.377,59.311,148,148,30.651,31.365,32.41,44.639,61.685,66.656,54.924,66.715,62.501,148,148,14.227,24.112,27.749,53.609,63.73,64.137,65.051,61.257,58.343
149,149,23.545,26.851,36.768,51.809,66.489,66.3,55.986,51.506,44.41,149,149,34.493,29.668,30.784,51.017,61.388,64.526,54.763,53.744,42.035,149,149,18.918,21.975,30.466,58.778,66.991,62.485,67.053,55.117,42.822
150,150,27.662,25.291,32.513,44.187,65.78,64.056,57.056,49.48,44.704,150,150,30.494,31.267,28.815,44.192,57.889,57.716,52.334,49.624,41.534,150,150,17.032,21.208,29.369,56.539,65.344,62.386,66.866,54.656,41.458
151,151,31.406,30.078,34.734,49.981,68.27,70.645,59.845,52.274,44,151,151,36.652,37.252,38.712,47.56,64.394,68.21,54.637,52.934,43.067,151,151,22.997,27.417,30.97,45.5,64.083,64.808,68.203,54.559,41.392
152,152,29.345,30.938,35.976,54.907,68.052,69.534,62.634,54.194,47.121,152,152,40.057,40.09,27.814,46.195,64.273,67.759,58.816,54.865,45.254,152,152,24.975,25.148,28.308,50.923,64.836,67.338,69.634,56.54,43.332
153,153,32.681,23.226,33.364,56.218,68.916,70.506,66.086,62.322,49.765,153,153,40.183,33.748,34.849,46.19,65.74,71.814,63.916,65.431,51.273,153,153,25.766,21.403,32.986,46.03,63.628,66.979,74.998,66.152,45.473
154,154,27.378,25.081,34.276,50.693,69.815,69.272,63.854,61.348,48.894,154,154,33.098,26.618,31.992,52.019,64.827,71.091,60.283,63.734,49.027,154,154,19.549,19.585,32.817,50.182,61.059,66.066,72.914,65.499,44.835
155,155,18.371,25.431,33.845,48.461,65.689,66.503,61.586,60.99,47.444,155,155,24.925,25.56,35.83,48.031,65.37,70.92,59.027,63.518,48.109,155,155,11.027,16.821,32.17,46.947,64.038,65.284,72.184,65.988,44.498
156,156,19.691,26.934,32.685,46.473,65.093,66.266,62.017,60.965,48.688,156,156,22.946,33.376,33.417,47.406,61.835,67.864,60.104,62.603,49.51,156,156,11.179,22.389,30.136,47.471,65.036,64.266,73.204,64.359,44.653
157,157,31.995,29.698,34.443,48.188,65.601,65.412,65.057,62.23,48.347,157,157,39.379,37.101,32.817,45.882,61.373,63.003,61.954,65.677,49.711,157,157,25.222,23.885,34.369,45.718,62.414,65.309,76.229,65.123,44.912
158,158,34.572,26.632,32.778,49.026,68.266,67.864,67.081,64.71,49.534,158,158,42.051,33.655,37.674,44.032,60.676,58.499,65.203,66.595,50.089,158,158,27.804,24.09,30.953,50.349,65.015,63.437,78.793,70.669,47.393
159,159,26.153,25.64,30.488,48.144,62.672,62.622,69.604,67.94,52.014,159,159,38.356,37.138,31.334,45.102,61.204,63.213,68.42,70.699,53.442,159,159,23.261,22.762,30.858,48.66,65.601,66.362,80.681,72.715,49.965
160,160,31.912,26.39,30.147,45.885,64.633,65.63,71.687,69.503,52.993,160,160,39.53,32.963,33.793,44.769,61.856,67.979,71.894,73.02,53.164,160,160,25.832,17.632,28.932,52.394,67.716,68.507,85.887,76.433,53.1
161,161,28.038,29.457,33.527,48.606,65.692,67.025,72.196,70.866,53.124,161,161,37.976,37.502,30.245,46.03,65.033,66.991,70.883,73.108,54.116,161,161,23.428,26.522,32.005,47.513,67.778,70.258,86.22,76.547,53.035
162,162,13.403,26.251,30.033,47.193,61.123,62.711,74.1,72.285,54.547,162,162,32.38,40.557,28.596,47.521,61.343,61.384,73.931,73.468,53.695,162,162,15.192,24.259,31.827,50.835,66.018,67.579,86.719,75.992,53.108
163,163,17.467,27.954,29.865,46.889,65.827,65.768,82.285,82.393,66.97,163,163,32.434,39.199,34.416,47.286,64.338,67.867,79.897,83.378,66.892,163,163,16.893,23.194,28.451,51.627,71.016,72.842,94.4,84.765,62.407
164,164,25.636,31.781,36.363,50.67,70.313,73.226,88.667,91.531,75.389,164,164,35.872,39.489,27.658,46.519,65.01,71.222,85.441,88.455,76.506,164,164,18.335,23.849,33.749,52.039,73.809,82.493,99.763,89.728,69.634
165,165,18.653,29.98,39.769,54.924,73.446,76.596,93.203,92.521,74.281,165,165,32.61,26.808,32.339,47.724,66.12,73.545,91.944,93.804,75.757,165,165,21.074,36.151,42.397,58.736,75.838,86.564,107.08,95.811,72.894
166,166,24.022,24.633,38.282,53.582,73.284,79.499,94.648,91.19,73.757,166,166,27.587,24.983,36.713,45.291,64.989,74.075,94.423,94.023,75.625,166,166,30.565,37.33,44.096,58.137,73.878,90.515,109.02,96.71,74.268
167,167,30.93,30.557,33.62,53.068,72.526,78.908,93.764,91.063,73.619,167,167,26.083,31.578,37.118,44.708,67.416,74.472,94.276,94.378,75.758,167,167,26.056,33.766,43.733,56.694,73.741,91.079,108.95,96.464,74.059
168,168,30.24,24.608,33.705,46.931,67.191,71.594,89.375,87.626,70.42,168,168,30.381,34.84,36.552,43.811,69.284,72.932,89.622,89.082,71.433,168,168,33.532,37.153,42.564,50.691,70.498,83.16,105.96,94.451,71.47
169,169,25.3,33.487,32.223,46.973,63.461,71.792,86.394,87.201,68.441,169,169,22.156,31.458,32.565,44.542,63.954,70.825,87.971,86.048,69.848,169,169,33.893,30.489,40.888,50.443,66.307,87.066,103.83,92.144,69.485
170,170,17.724,27.334,31.715,45.096,63.917,63.846,75.696,78.329,59.211,170,170,29.724,38.963,35.182,44.939,62.308,66.751,78.277,78.289,60.125,170,170,30.908,32.161,34.584,48.111,65.414,73.695,93.788,82.929,59.639
171,171,18.25,22.655,28.519,47.397,63.556,63.01,68.132,68.954,52.01,171,171,35.231,35.231,28.672,42.866,61.831,64.079,70.317,70.553,52.343,171,171,26.039,27.018,30.585,48.222,63.788,67.716,89.275,77.567,54.871
172,172,15.883,22.427,33.997,49.918,63.653,64.01,69.098,70.744,66.301,172,172,35.484,28.488,31.674,42.161,57.189,60.763,68.922,70.529,65.503,172,172,8.7873,22.514,30.677,50.302,62.543,68.312,83.477,74.018,62.257
173,173,17.284,26.349,37.973,50.84,64.026,63.97,72.473,67.176,49.753,173,173,30.519,18.766,28.707,48.001,65.459,68.159,72.679,66.56,49.353,173,173,17.461,23.419,34.158,51.107,68.91,73.164,87.639,74.313,52.004
174,174,22.284,22.388,34.266,59.167,62.843,63.01,72.332,70.338,54.329,174,174,17.716,16.924,31.685,46.722,66.572,66.019,75.947,72.287,55.504,174,174,11.79,24.648,29.252,55.111,71.576,74.692,91.716,78.893,56.22
175,175,18.874,26.276,36.509,53.066,67.778,69.873,75.878,76.83,62.179,175,175,20.936,11.906,27.751,54.084,67.231,71.32,77.123,77.85,63.115,175,175,8.036,21.913,30.623,56.804,70.461,81.641,93.604,81.55,59.616
176,176,21.639,24.118,37.121,53.544,71.018,69.102,81.376,84.336,71.943,176,176,11.569,18.122,26.603,49.166,65.059,69.143,77.823,83.916,72.386,176,176,9.2196,18.731,29.727,53.437,72.26,76.222,92.751,84.781,64.478
177,177,15.272,27.826,38.515,52.824,72.714,73.417,78.045,82.411,69.78,177,177,18.409,28.125,32.93,51.407,64.448,64.805,74.373,82.473,68.923,177,177,11.001,22.514,34.602,56.521,71.779,76.613,88.394,80.676,61.584
178,178,14.33,25.765,35.356,54.091,68.908,70.8,79.439,80.447,65.874,178,178,11.074,27.192,37.053,54.167,67.502,74.179,76.877,78.308,64.634,178,178,2.9822,25.256,33.869,58.74,68.219,77.324,87.86,78.322,58.729
179,179,21.853,24.283,35.292,48.852,68.059,70.842,74.829,83.458,66.704,179,179,25.364,31.116,38.769,46.985,63.624,66.768,71.861,79.042,65.88,179,179,1.9792,19.256,30.139,52.027,65.183,74.654,85.54,78.26,59.426
180,180,25.132,24.783,31.315,39.318,60.692,61.484,64.362,68.408,57.715,180,180,27.332,27.11,35.205,46.181,62.79,67.979,61.95,66.818,56.197,180,180,13.149,21.574,31.622,46.382,63.269,65.579,75.328,65.313,51.453
181,181,21.022,11.496,30.455,45.74,59.967,62.412,64.474,63.76,53.69,181,181,16.346,25.843,27.765,46.767,61.193,66.348,63.031,64.907,53.699,181,181,11.495,20.089,29.833,44.923,62.275,67.362,74.796,64.888,48.914
182,182,17.687,21.109,33.813,41.046,56.122,58.131,60.97,55.453,47.88,182,182,25.151,25.291,32.758,45.989,57.78,63.161,58.32,56.922,46.636,182,182,10.922,19.748,29.588,46.899,61.991,62.889,69.441,58.706,44.925
183,183,14.339,21.351,29.455,40.957,57.114,59.192,59.815,52.774,43.125,183,183,26.148,24.517,31.981,42.832,56.037,59.625,56.85,54.697,42.485,183,183,7.7041,22.411,32.534,46.599,60.299,60.77,69.309,56.394,41.28
184,184,22.201,25.809,32.337,42.127,60.101,62.407,54.155,50.593,44.471,184,184,21.241,22.802,27.568,45.113,55.559,54.724,51.469,50.388,40.98,184,184,-3.0702,20.803,34.129,46.348,59.986,61.281,67.307,52.948,41.546
185,185,20.547,16.695,31.397,42.429,56.323,55.107,51.866,48.6,42.063,185,185,19.075,28.619,32.135,42.272,56.503,56.364,49.344,48.377,40.052,185,185,-0.86548,24.965,32.047,45.71,57.134,57.152,64.66,52.16,40.607
186,186,22.3,27.582,32.662,41.455,55.018,54.373,52.438,49.709,43.356,186,186,28.481,31.141,32.562,44.133,53.868,57.175,51.506,49.252,39.888,186,186,7.165,24.746,28.737,40.917,57.952,57.927,66.781,54.668,40.063
187,187,14.566,28.804,31.513,41.91,55.399,55.97,54.92,49.675,41.435,187,187,23.009,26.109,29.925,44.761,56.686,59.359,49.814,49.567,39.725,187,187,11.296,21.03,31.985,44.536,60.261,58.788,64.966,53.686,40.118
188,188,17.993,19.736,33.087,42.271,58.543,56.299,52.324,46.924,43.41,188,188,23.804,24.502,30.729,40.909,54.351,57.84,50.542,47.792,39.274,188,188,3.9332,22.408,33.854,46.484,58.569,59.143,65.163,54.24,40.116
189,189,23.859,23.236,32.398,43.525,63.353,63.283,55.209,48.254,40.88,189,189,26.784,23.887,33.355,40.831,57.082,61.294,54.342,48.073,39.853,189,189,8.5418,27.97,31.289,47.788,59.171,58.954,66.046,53.536,40.63
190,190,24.687,27.135,37.035,44.866,62.306,60.886,53.814,50.386,41.922,190,190,22.623,31.281,33.511,44.37,56.914,59.665,53.118,49.554,40.076,190,190,12.241,28.688,30.481,45.019,60.631,59.824,66.986,55.698,40.448
191,191,32.276,26.293,32.785,46.337,61.887,60.46,55.341,50.242,43.613,191,191,37.779,28.757,28.496,43.431,56.305,58.214,53.578,49.404,39.719,191,191,24.541,24.394,30.699,45.362,56.314,58.169,69.667,57.385,40.662
192,192,27.808,28.048,29.723,46.492,62.616,62.192,57.821,51.344,41.008,192,192,37.769,26.301,30.306,46.617,57.229,56.815,55.352,50.635,40.295,192,192,23.865,20.562,31.713,48.182,59.772,59.033,70.423,57.87,40.993
193,193,23.759,26.231,35.168,45.28,57.948,59.041,58.518,51.686,44.564,193,193,34.495,32.661,31.435,47.555,55.671,57.526,53.544,50.917,41.234,193,193,18.539,22.811,29.994,47.215,60.805,59.558,67.767,56.994,41.176
194,194,20.276,23.623,34.464,45.85,59.123,59.707,57.682,52.169,44.168,194,194,37.641,24.658,28.688,43.692,56.179,57.822,53.712,50.387,42.378,194,194,22.868,23.552,28.231,46.463,58.978,59.805,69.155,56.112,40.884
195,195,22.152,22.607,35.885,47.447,59.633,60.296,57.864,55.321,49.175,195,195,31.878,33.098,33.571,52.521,56.196,60.829,56.955,54.81,46.76,195,195,16.216,29.125,34.313,46.894,58.834,63.366,71.306,56.397,43.119
196,196,22.352,26.041,34.596,45.828,57.929,60.184,60.407,57.775,47.991,196,196,36.374,33.205,31.338,49.69,56.602,62.268,57.224,58.165,48.213,196,196,19.082,25.669,32.353,47.408,57.751,62.569,73.065,61.199,44.21
197,197,21.343,24.09,33.027,50.082,66.753,68.664,60.688,61.461,51.844,197,197,32.102,27.984,30.384,48.278,59.615,64.11,58.898,63.652,52.059,197,197,16.787,25.045,33.596,44.049,59.452,64.883,73.706,65.609,47.931
198,198,22.994,25.061,34.417,56.075,71.208,73.252,72.528,66.598,56.942,198,198,35.461,31.188,35.046,48.728,60.666,67.645,68.543,66.453,55.169,198,198,17.829,23.178,33.665,48.988,62.907,70.601,84.786,70.432,51.753
199,199,24.489,26.108,33.241,55.4,64.697,66.467,73.103,66.201,58.405,199,199,36.931,25.062,34.136,48.294,63.299,68.562,69.573,67.247,56.614,199,199,18.517,17.427,27.211,48.94,62.812,72.029,85.281,69.615,51.949
200,200,22.561,27.977,32.215,59.214,70.756,73.93,73.751,72.997,62.626,200,200,28.647,27.612,31.423,48.19,68.484,75.202,70.689,72.918,62.957,200,200,13.318,23.163,32.786,52.129,66.426,75.743,86.363,72.859,55.562
201,201,16.228,21.609,38.271,60.181,70.415,74.002,76.196,76.862,63.581,201,201,27.603,26.388,32.95,49.149,67.58,73.207,73.877,76.099,64.018,201,201,16.546,28.483,30.219,56.253,69.849,78.711,89.307,78.322,57.725
202,202,10.552,27.519,36.451,55.766,66.207,69.837,74.997,73.099,60.807,202,202,25.975,34.844,34.276,52.326,70.397,74.095,74.279,73.998,60.142,202,202,7.9046,24.336,35.451,56.546,69.41,77.183,90.68,78.262,56.994
203,203,15.838,25.948,34.21,54.734,68.107,70.241,73.924,70.286,58.977,203,203,26.21,31.322,28.337,55.356,68.823,73.603,72.675,70.868,56.77,203,203,10.412,22.764,29.872,55.383,66.205,75.563,90.048,78.347,56.689
204,204,23.748,27.813,31.166,50.89,68.742,70.066,76.447,75.331,61.753,204,204,29.108,30.815,34.953,48.188,63.029,67.819,80.062,76.452,60.056,204,204,16.018,24.089,30.985,54.598,67.68,77.109,94.162,83.264,60.252
205,205,26.36,26.105,34.863,47.923,66.266,68.994,74.205,73.794,60.06,205,205,25.086,22.76,35.263,49.169,61.948,65.856,77.413,75.17,58.799,205,205,16.007,20.522,32.805,51.206,64.901,73.93,92.355,81.062,58.999
206,206,17.649,23.715,29.277,48.85,67.769,69.613,81.667,85.159,70.9,206,206,25.329,28.195,34.512,47.63,66.333,72.005,87.207,85.086,69.28,206,206,11.283,23.237,36.035,53.021,67.848,82.052,103.19,91.942,69.825
207,207,24.816,34.584,32.065,47.168,70.267,75.411,93.856,95.818,82.874,207,207,29.851,29.339,34.78,49.435,71.74,81.026,95.127,100.19,87.54,207,207,15.182,26.813,33.825,55.192,70.467,90.318,109.98,100.22,78.763
208,208,28.082,37.924,44.563,54.438,72.811,82.508,103.6,105.6,90.397,208,208,36.521,34.637,37.12,49.363,74.373,81.954,104.3,108.98,91.831,208,208,24.889,40.256,49.675,58.336,73.439,95.372,118.43,109.2,86.712
209,209,37.131,42.347,48.108,56.095,72.808,85.07,105.6,107.55,92.542,209,209,37.53,47.212,46.729,52.863,72.4,83.127,106.01,110.73,92.712,209,209,49.876,55.996,66.428,65.83,76.448,96.545,118.83,109.38,87.645
210,210,47.838,39.443,45.854,56.878,73.702,85.648,105.58,107.23,92.462,210,210,50.172,47.429,43.931,51.3,72.482,83.503,106.11,110.52,92.975,210,210,57.955,50.645,64.016,62.387,76.303,98.03,119.39,110.17,88.109
211,211,48.65,35.309,44.759,53.062,75.924,86.897,103.45,105.78,91.014,211,211,51.835,44.684,37.78,50.492,70.881,83.016,104.78,110.08,91.917,211,211,56.96,57.203,63.051,60.405,74.078,96.717,116.71,108.63,86.003
212,212,46.731,41.44,44.744,54.908,73.66,82.585,97.526,96.921,80.053,212,212,51.063,42.559,36.732,50.49,71.691,81.457,97.092,96.663,79.762,212,212,53.988,54.38,50.991,60.872,75.061,90.953,108.53,97.652,74.869
213,213,36.811,36.079,34.065,54.564,75.687,80.672,96.073,93.936,78.808,213,213,45.086,36.647,35.896,52.728,69.468,76.655,94.832,95.647,79.146,213,213,46.909,45.205,38.169,61.566,75.453,91.06,109.2,97.135,74.958
214,214,35.179,29.749,40.627,55.949,74.478,80.192,95.762,94.576,78.524,214,214,36.674,26.337,35.004,52.068,70.901,77.604,95.044,95.334,79.106,214,214,42.725,39.838,41.114,61.061,75.393,89.976,109.93,97.559,75.489
215,215,29.744,35.324,36.916,51.462,72.448,76.823,91.957,89.746,73.606,215,215,29.644,31.574,35.856,51.479,71.802,78.181,92.481,91.271,74.4,215,215,32.874,40.594,34.72,57.2,72.693,89.037,106.9,95.715,72.998
216,216,23.386,34.828,39.251,49.502,69.401,72.117,85.209,86.346,68.468,216,216,34.283,28.083,36.61,50.376,69.002,73.965,83.538,85.085,69.499,216,216,36.469,27.016,34.622,56.21,71.127,83.931,99.109,88.375,64.954
217,217,27.86,27.319,34.564,48.175,68.702,67.647,80.121,81.71,65.72,217,217,33.693,22.497,35.182,45.136,64.326,70.42,79.846,82.953,66.282,217,217,33.714,26.723,30.631,54.833,70.203,78.436,97.386,85.687,62.795
218,218,29.373,31.493,34.736,54.207,68.57,68.815,74.811,76.853,58.742,218,218,36.634,36.166,33.908,50.813,65.915,69.419,74.381,74.577,59.546,218,218,28.21,22.155,31.825,55.446,69.519,75.192,89.527,78.297,56.805
219,219,31.628,32.943,39.029,50.975,63.134,65.107,71.064,68.728,63.679,219,219,38.761,33.462,34.454,47.201,66.012,69.604,71.589,74.334,68.035,219,219,28.439,17.819,35.774,50.129,64.501,73.732,87.253,73.349,61.909
220,220,29.885,36.987,46.459,52,66.642,67.695,72.321,74.391,62.917,220,220,31.201,28.266,42.862,55.211,68.52,71.37,71.72,71.48,61.217,220,220,16.309,35.585,48.032,55.092,66.849,73.75,88.446,75.035,58.517
221,221,30.184,35.814,46.242,60.469,67.749,70.797,72.29,65.571,50.694,221,221,28.952,34.03,55.174,65.793,70.458,73.976,70.451,64.517,51.687,221,221,19.11,31.424,43.835,50.477,65.893,73.151,86.232,73.347,51.738
222,222,30.423,43.252,57.824,71.981,72.289,72.132,72.68,66.597,53.895,222,222,32.509,46.979,63.383,67.41,67.577,70.657,72.221,64.8,53.637,222,222,18.535,29.661,49.445,59.409,64.34,73.809,85.894,70.89,51.31
223,223,40.235,46.596,59.17,70.806,84.24,83.686,73.149,68.711,60.685,223,223,42.389,45.879,66.49,67.22,84.596,88.6,72.742,71.281,60.287,223,223,22.537,39.154,50.652,58.632,75.059,77.355,82.394,68.383,58.656
224,224,41.194,41.957,45.449,55.657,63.512,64.658,69.494,63.583,52.668,224,224,42.605,42.148,42.486,54.514,61.138,62.256,67.06,63.929,55.211,224,224,30.311,41.334,47.09,53.305,64.697,70.8,81.595,68.165,50.885
225,225,32.876,34.182,39.794,52.88,65.476,67.402,65.53,63.8,52.027,225,225,34.577,39.63,32.699,45.467,60.791,63.536,62.677,56.99,48.912,225,225,24.971,39.763,38.6,51.219,65.591,68.907,79.162,67.93,50.564
226,226,23.433,30.043,36.2,45.919,62.346,63.252,63.496,61.33,51.688,226,226,30.174,35.54,34.318,46.942,59.56,64.012,61.757,59.94,54.223,226,226,23.931,30.134,40.878,52.828,64.686,65.212,73.962,62.256,48.931
227,227,19.068,30.597,35.009,43.162,59.266,60.823,61.32,53.976,48.061,227,227,28.471,26.312,34.694,44.67,55.976,58.485,58.208,55.283,50.177,227,227,13.113,26.81,33.477,47.464,58.814,62.733,71.283,57.852,44.858
228,228,25.722,19.548,31.078,41.044,57.032,59.393,57.943,49.75,41.775,228,228,23.795,22.735,33.592,39.953,50.272,57.433,56.116,48.494,41.033,228,228,3.2745,23.218,29.731,41.283,53.61,60.246,68.26,54.666,40.175
229,229,22.517,25.555,33.264,45.002,54.987,55.204,52.285,48.874,43.415,229,229,22.1,27.169,27.242,33.773,47.089,51.125,49.995,49.099,41.051,229,229,2.8099,18.109,31.75,39.856,49.949,54.337,65.252,52.649,40.838
230,230,14.877,21.406,28.007,40.864,49.466,51.132,48.83,47.535,40.406,230,230,19.485,21.714,23.928,38.956,47.328,51.492,47.694,48.01,38.982,230,230,4.9269,18.74,29.304,39.098,50.455,53.356,62.579,50.11,39.452
231,231,15.909,24.41,30.338,36.805,49.959,49.425,46.777,46.873,43.169,231,231,19.163,13.223,33.482,43.025,46.873,46.554,47.018,46.976,39.698,231,231,6.7157,16.935,26.827,42.506,52.179,49.977,59.456,48.816,39.375
232,232,20.959,21.916,28.21,42.639,53.075,50.101,46.27,47.103,40.842,232,232,24.968,24.83,30.162,40.308,47.35,48.606,47.687,48,38.718,232,232,9.5396,19.176,27.991,43.995,54.019,48.505,57.963,49.158,39.327
233,233,17.505,25.904,27.413,43.222,48.681,47.466,45.519,48.251,40.497,233,233,22.27,26.127,27.823,39.267,46.032,44.424,46.08,47.85,39.11,233,233,2.5458,17.57,31.933,40.652,52.003,46.77,59.342,50.74,39.393
234,234,18.54,26.596,32.18,38.354,51.538,52.191,47.573,49.461,46.803,234,234,22.236,31.998,31.635,38.08,44.116,46.08,48.168,54.557,50.566,234,234,4.202,18.477,34.928,40.343,49.071,48.889,62.759,55.103,44.485
235,235,26,25.48,28.104,36.782,51.618,51.469,48.49,52.108,44.567,235,235,30.419,29.123,28.699,37.933,46.11,47.015,46.772,52.525,48.661,235,235,8.8908,18.695,27.043,41.431,48.192,49.076,63.976,54.487,43.344
236,236,19.028,24.713,33.23,37.551,49.523,49.254,45.844,49.312,44.548,236,236,20.869,27.705,33.893,36.418,44.084,50.097,46.296,49.659,45.571,236,236,3.4807,18.88,31.043,40.506,46.055,48.972,60.419,51.54,40.388
237,237,19.522,22.109,31.344,41.861,52.479,55,50.251,47.525,41.059,237,237,24.783,26.991,32.665,41.553,50.102,53.277,47.96,48.278,39.847,237,237,9.6419,19.47,30.957,40.873,49.757,54.617,61.855,49.303,38.861
238,238,24.696,27.667,32.024,44.095,56.724,59.585,55.976,47.396,43.308,238,238,27.23,29.703,29.746,40.098,52.845,58.798,50.074,49.452,40.496,238,238,7.4092,23.616,29.766,37.202,52.289,60.455,65.749,52.007,39.182
239,239,23.368,26.614,29.787,42.708,52.935,54.493,47.96,48.112,41.702,239,239,23.372,24.823,29.079,39.872,47.903,55.607,49.666,49.485,40.179,239,239,5.0103,21.685,31.567,38.788,47.383,54.685,63.949,54.285,39.497
240,240,22.636,25.049,33.799,46.896,53.934,53.367,45.973,47.826,43.562,240,240,19.985,25.21,29.325,47.484,52.179,51.373,49.814,49.992,40.18,240,240,4.4295,17.635,27.886,39.877,52.702,52.197,59.829,51.022,39.444
241,241,13.85,28.363,33.88,48.849,58.447,60.087,48.315,49.103,41.286,241,241,20.245,24.259,32.882,43.462,52.623,57.122,46.442,50.054,39.587,241,241,7.1658,18.909,27.308,44.057,51.05,53.041,62.945,52.709,38.841
242,242,32.833,41.189,30.035,47.649,58.44,60.28,48.144,48.993,44.276,242,242,27.042,35.118,35.797,45.681,56.855,62.911,49.63,50.609,40.87,242,242,16.263,27.555,31.643,38.039,52.657,58.569,62.411,53.44,39.579
243,243,36.267,34.935,33.189,42.233,56.732,57.621,48.115,48.84,41.022,243,243,34.555,24.661,25.007,43.546,55.832,60.938,49.099,50.139,39.605,243,243,22.888,18.847,31.29,35.675,52.056,55.842,61.603,53.256,39.644
244,244,25.062,29.697,34.261,46.888,60.304,61.311,52.342,49.653,44.451,244,244,31.339,27.097,32.382,41.355,59.5,66.089,52.709,51.031,40.435,244,244,16.919,19.93,29.328,42.267,56.478,61.044,64.551,55.292,39.804
245,245,31.187,26.799,34.919,46.98,63.304,63.371,54.909,50.268,42.011,245,245,32.124,30.61,33.176,43.709,60.989,66.35,53.737,51.669,39.774,245,245,15.7,15.415,25.108,43.497,59.655,61.105,65.155,55.294,39.893
246,246,31.529,29.736,32.778,45.027,64.994,65.928,56.275,50.41,44.135,246,246,29.796,33.883,33.696,39.853,60.991,68.175,53.392,51.43,40.924,246,246,6.2873,24.226,30.423,46.031,58.807,63.791,67.986,56.762,40.462
247,247,34.704,33.152,36.237,49.55,68.809,70.976,58.845,50.513,43.093,247,247,23.953,31.771,32.161,43.92,63.803,71.217,55.39,50.67,41.39,247,247,16.274,21.601,33.516,44.021,62.125,66.83,67.521,54.698,40.274
248,248,29.42,30.084,35.566,46.412,69.486,71.123,58.677,52.392,44.485,248,248,26.608,27.917,31.846,43.73,62.52,68.043,54.096,52.012,42.868,248,248,14.373,24.605,30.506,48.416,61.137,64.932,68.679,56.5,40.858
249,249,30.736,27.015,33.679,49.53,70.176,70.465,60.771,52.855,43.691,249,249,26.151,29.466,31.458,39.22,62.775,67.14,56.439,52.698,44.921,249,249,12.78,17.73,29.39,48.736,61.844,65.673,69.744,57.048,41.286
250,250,25.002,29.346,36.177,49.821,69.571,70.197,63.076,57.341,49.476,250,250,16.137,28.74,35.009,40.809,62.612,67.176,58.072,56.966,52.943,250,250,3.5271,17.279,29.99,48.808,63.726,66.276,70.444,59.433,45.64
251,251,22.555,28.538,32.265,53.068,69.519,67.199,58.104,52.122,44.796,251,251,23.82,29.379,32.025,45.539,61.324,65.114,57.472,52.981,47.924,251,251,5.4206,23.858,27.151,50.376,60.963,65.069,70.2,58.894,42.089
252,252,21.875,30.338,34.266,49.743,67.121,65.485,57.064,49.862,43.597,252,252,27.009,24.289,26.495,45.008,60.028,60.466,55.066,49.98,40.125,252,252,13.143,25.845,27.757,49.109,61.605,63.222,69.245,57.375,40.604
253,253,29.505,25.235,32.204,50.52,63.391,64.302,57.968,50.794,41.801,253,253,32.932,26.553,32.241,45.731,61.016,63.839,54.854,51.089,40.143,253,253,16.526,25.036,31.374,49.409,62.514,62.202,71.721,59.576,41.149
254,254,29.481,20.987,35.292,48.021,61.395,62.275,55.466,53.252,43.868,254,254,33.504,28.82,32.271,46.47,60.764,60.29,53.499,51.885,40.182,254,254,13.035,21.699,30.704,49.196,63.29,64.05,70.556,57.476,40.175
255,255,25.956,29.253,34.417,43.572,59.546,60.39,52.009,48.525,42.291,255,255,28.501,28.781,33.503,46.49,57.355,61.779,51.326,50.141,40.264,255,255,9.7592,23.803,30.292,44.995,59.241,58.61,65.988,55.342,40.443
256,256,34.255,39.225,32.04,40.92,59.494,61.497,55.069,52.924,44.315,256,256,31.993,35.222,30.478,40.331,55.765,59.058,54.951,52.833,40.499,256,256,20.597,27.97,28.368,47.825,61.556,60.811,70.482,58.868,40.75
257,257,33.562,32.933,34.899,41.708,54.978,55.099,52.806,49.153,41.522,257,257,32.505,22.307,33.27,39.777,51.816,57.379,51.259,50.097,39.883,257,257,21.297,17.061,31.144,44.005,52.878,58.659,68.232,56.141,40.224
258,258,29.191,29.437,33.093,41.454,58.113,61.889,65.682,69.597,50.615,258,258,19.375,28.061,34.196,43.693,59.965,63.392,69.828,70.365,49.919,258,258,11.977,19.109,31.183,43.986,63.837,70.007,83.144,74.952,50.373
259,259,22.445,18.693,31.987,44.239,65.147,66.812,65.506,69.329,53.503,259,259,21.689,28.252,32.207,44.994,62.884,64.557,67.43,68.138,52.344,259,259,9.6275,23.228,30.879,46.968,67.501,71.656,80.248,71.073,48.678
260,260,27.008,35.573,28.024,42.566,63.412,66.204,66.055,72.014,58.38,260,260,29.411,31.698,29.698,39.202,60.626,67.014,66.646,71.688,57.798,260,260,14.812,22.394,29.2,46.8,60.144,67.325,79.901,72.125,51.651
261,261,32.775,30.379,30.294,43.858,63.01,64.893,65.875,71.799,56.145,261,261,31.949,31.292,26.513,41.584,56.783,63.057,65.381,70.572,56.731,261,261,20.633,19.237,28.662,46.797,56.909,65.98,78.841,70.75,50.138
262,262,31.716,38.265,32.046,42.529,59.274,62.852,69.676,74.592,55.774,262,262,26.607,35.327,32.129,40.276,54.707,62.573,70.372,77.624,57.842,262,262,16.332,27.761,32.456,43.47,57.427,66.65,85.953,78.181,54.554
263,263,32.163,26.972,33.766,46.372,61.134,61.851,63.677,61.431,45.523,263,263,31.91,24.651,32.419,39.041,50.507,56.253,60.048,63.609,44.647,263,263,21.164,23.614,29.12,47.245,59.712,66.433,76.582,66.078,44.103
264,264,23.496,30.142,26.833,42.491,61.688,61.312,61.983,54.519,44.438,264,264,22.796,26.202,28.048,40.491,55.825,62.102,60.651,54.259,41.14,264,264,13.931,18.693,29.653,45.985,62.088,61.433,73.865,60.534,42.238
265,265,19.483,30.028,32.318,43.489,61.951,63.877,69.053,64.388,54.488,265,265,29.112,35.657,27.458,35.735,56.364,60.371,64.643,62.926,49.514,265,265,13.544,23.372,30.349,41.083,57.004,67.212,80.75,69.424,48.601
266,266,28.547,29.248,34.928,47.038,68.166,71.146,73.532,70.228,61.195,266,266,26.99,31.16,33.501,42.095,61.954,69.375,70.072,70.374,57.603,266,266,14.492,21.005,26.652,40.617,60.956,71.84,84.88,73.571,53.796
267,267,32.43,38.819,35.198,51.112,69.448,71.961,76.879,75.204,64.992,267,267,31.627,38.198,33.218,42.616,65.283,71.158,75.67,76.661,60.854,267,267,20.407,27.534,28.851,48.202,65.99,74.665,88.228,79.967,58.196
268,268,25.665,34.147,32.517,50.571,67.187,71.217,76.811,76.121,63.463,268,268,34.928,33.067,29.166,42.356,68.548,75.158,75.19,76.933,59.683,268,268,18.83,19.722,28.662,49.731,65.126,76.112,89.513,80.13,57.919
269,269,28.8,25.26,29.611,51.776,63.263,68.833,76.4,75.823,61.542,269,269,29.406,30.412,29.355,43.302,64.187,69.572,73.496,76.579,58.344,269,269,8.9343,13.247,33.675,49.854,63.51,75.19,87.493,78.829,56.357
270,270,25.777,22.229,28.425,48.009,65.263,68.134,74.05,78.539,61.467,270,270,30.153,28.395,28.829,46.036,69.441,75.644,77.433,78.843,60.592,270,270,13.444,18.107,29.173,45.748,66.385,73.365,90.59,81.244,57.876
271,271,21.747,30.578,33.039,48.222,64.951,67.758,82.049,88.864,73.269,271,271,21.461,26.271,34.643,42.376,67.085,73.257,84.123,89.351,72.451,271,271,11.894,17.135,31.475,44.72,65.029,77.797,99.474,90.554,68.845
272,272,24.946,30.002,35.186,48.752,65.265,72.012,93.671,99.591,85.653,272,272,24.375,27.654,33.26,44.12,68.804,75.996,94.454,103.74,88.928,272,272,12.243,22.541,34.783,47.304,67.307,87.093,108.2,102.76,80.55
273,273,33.399,42.731,43.616,54.7,74.2,81.124,103.85,109.28,95.891,273,273,29.839,38.048,48.815,53.528,70.798,79.12,105.55,112.33,94.837,273,273,36.878,44.794,58.015,59.096,73.045,92.881,116.74,110.61,88.434
274,274,50.747,51.08,50.507,55.85,78.437,83.685,104.93,110.64,96.219,274,274,47.2,53.156,53.047,55.428,72.896,83.431,106.12,112.44,94.461,274,274,51.682,55.848,61.179,60.631,73.894,94.994,116.79,110.78,88.753
275,275,57.04,47.576,49.64,52.581,77.557,84.415,104.68,110.12,96.179,275,275,53.003,51.027,55.247,55.054,72.026,83.064,105.88,112.58,94.458,275,275,54.455,52.232,60.008,60.825,72.23,95.632,116.91,110.07,88.338
276,276,56.629,44.339,47.935,47.932,74.743,83.6,99.351,102.21,86.615,276,276,53.387,52.016,46.159,47.066,69.837,80.609,98.937,100.79,85.823,276,276,52.87,52.807,53.533,55.247,70.778,92.212,111.66,101.38,80.332
277,277,48.515,43.631,32.226,43.763,70.051,76.292,89.964,88.811,74.808,277,277,49.467,44.565,32.561,46.673,71.55,77.249,87.192,90.097,76.449,277,277,49.412,47.268,34.169,43.806,67.999,85.65,101.15,90.864,68.65
278,278,37.549,36.591,34.359,45.984,69.222,72.968,82.255,82.907,66.642,278,278,41.181,32.203,38.06,49.441,70.467,75.657,82.915,83.054,67.414,278,278,42.276,37.169,36.761,47.316,65.311,80.445,94.109,84.205,62.051
279,279,30.533,31.914,34.325,44.096,65.173,68.91,76.667,73.066,58.728,279,279,38.346,33.679,37.322,47.824,63.954,69.235,76.125,76.09,58.721,279,279,38.242,29.421,36.743,46.411,64.044,76.99,89.685,76.873,54.933
280,280,26.659,26.902,42.761,57.335,68.342,67.713,68.324,68.054,53.82,280,280,41.434,30.939,40.027,57.604,62.877,68.072,66.623,70.258,53.78,280,280,35.765,32.82,40.923,49.772,62.339,75.718,82.616,70.093,49.319
281,281,28.977,50.878,59.576,72.5,73.391,71.758,72.347,73.381,56.095,281,281,39.773,50.677,61.112,71.488,82.418,86.376,75.236,77.124,59.595,281,281,33.809,40.013,47.507,59.365,68.072,72.267,77.314,67.166,54.328
282,282,40.782,53.748,63.403,74.025,74.754,71.59,66.451,69.031,58.926,282,282,41.191,50.303,59.396,71.326,82.271,87.127,70.912,72.769,62.232,282,282,25.511,34.609,51.376,60.911,67.343,71.673,73.94,62.408,57.339
283,283,38.466,47.561,54.348,60.438,63.851,64.46,58.619,57.2,46.922,283,283,47.934,54.511,60.096,54.678,64.455,68.923,56.724,60.195,46.464,283,283,24.289,37.057,48.007,50.004,61.075,64.036,69.944,57.759,42.163
284,284,41.071,38.196,39.255,58.185,72.529,72.577,64.18,68.581,56.943,284,284,43.125,41.385,42.092,56.001,73.055,79.486,66.19,67.871,55.732,284,284,17.834,26.697,38.543,49.448,63.774,67.427,73.042,61.848,53.644
285,285,35.434,44.409,57.265,62.673,70.03,71.162,65.137,64.638,52.061,285,285,28.736,39.852,59.021,64.617,70.516,73.264,64.078,64.65,49.684,285,285,16.693,28.52,39.486,53.059,64.997,63.1,68.534,59.177,48.309
286,286,38.472,50.598,60.138,62.887,67.085,65.217,54.763,54.224,44.908,286,286,34.224,48.148,53.882,61.589,67.255,71.38,53.728,56.16,43.574,286,286,20.359,34.132,46.817,53.43,62.795,61.74,66.227,56.222,41.622
287,287,41.286,48.379,58.157,69.76,75.906,75.797,65.305,68.018,59.372,287,287,31.659,53.697,55.735,60.258,72.248,79.753,68.597,69.868,61.974,287,287,17.575,37.535,43.794,57.81,64.491,67.136,70.072,59.499,56.911
288,288,46.6,55.014,54.672,56.415,62.805,63.345,57.339,58.359,44.502,288,288,41.666,55.903,56.681,58.574,72.646,78.808,58.8,58.536,43.47,288,288,24.699,39.613,45.72,48.126,62.603,66.986,69.86,57.235,42.481
289,289,47.338,43.492,30.826,44.424,64.229,66.862,58.773,56.894,45.983,289,289,46.53,46.093,35.868,45.254,60.91,66.396,58.598,58.207,43.87,289,289,26.676,29.555,37.168,40.394,58.473,64.157,71.562,61.319,42.317
290,290,32.416,32.656,41.644,65.524,79.395,77.918,67.674,64.171,52.11,290,290,34.076,35.571,35.996,61.011,74.256,74.055,68.253,67.305,57.677,290,290,22.37,24.906,32.618,51.199,68.529,70.258,80.556,69.342,51.719
291,291,35.035,50.322,62.757,74.651,80.3,77.409,74.027,74.019,58.852,291,291,36.9,47.264,64.459,71.072,75.821,80.712,73.663,76.252,58.055,291,291,13.912,28.154,52.954,61.018,73.135,77.062,85.258,75.134,54.951
292,292,40.747,47.282,63.714,76.19,73.422,72.609,80.477,79.606,64.48,292,292,42.879,45.185,60.765,73.639,72.842,76.963,78.665,80.458,65.856,292,292,24.59,35.917,51.348,62.313,70.227,78.916,92.81,82.068,61.169
293,293,40.157,44.274,66.822,72.077,63.184,65.206,69.572,64.719,67.709,293,293,41.152,47.377,61.141,61.225,60.853,58.905,61.601,63.828,52.988,293,293,25.957,35.273,53.115,59.291,57.889,59.486,74.344,73.935,73.936
294,294,36.801,32.98,31.157,16.414,-42.575,-149.72,-364.52,-614.71,-1390.3,294,294,36.452,33.907,34.543,8.534,-48.352,-159.45,-373.05,-609.46,-1406,294,294,25.585,16.714,17.336,4.8716,-52.924,-161.15,-364.82,-596.76,-1384.7
295,295,28.25,21.876,7.747,-38.176,-149.98,-364.46,-796.98,-1288.8,-2846.7,295,295,29.395,24.505,12.982,-44.012,-155.78,-374.41,-805.5,-1283.5,-2862.6,295,295,16.568,6.2558,-6.9719,-50.33,-160.3,-375.87,-799.07,-1270.9,-2841.5
296,296,21.922,12.116,-13.899,-90.886,-257.41,-579.22,-1230.9,-1962.9,-Inf,296,296,24.78,14.689,-8.2602,-99.236,-263.25,-589.39,-1239.4,-1957.5,-Inf,296,296,13.526,-3.4734,-28.021,-102.66,-267.71,-590.58,-1232.2,-1945,-Inf
297,297,18.84,2.2372,-35.482,-146.03,-364.89,-794.01,-1664.8,-2636.9,-Inf,297,297,18.883,4.1603,-29.611,-151.57,-370.74,-804.38,-1673.3,-2631.5,-Inf,297,297,5.7924,-13.799,-49.341,-157.85,-375.15,-805.29,-1664.3,-2619.1,-Inf
298,298,11.15,-7.4888,-57.186,-198.38,-472.39,-1008.8,-2097,-Inf,-Inf,298,298,13.027,-6.3489,-51.114,-206.73,-478.27,-1019.4,-2105.6,-Inf,-Inf,298,298,2.4447,-24.066,-70.82,-210.41,-482.63,-1020,-2097.6,-Inf,-Inf
299,299,8.3253,-17.391,-78.95,-253.61,-579.92,-1223.6,-2529.6,-Inf,-Inf,299,299,9.6903,-16.89,-72.756,-259.33,-585.82,-1234.4,-2538.2,-Inf,-Inf,299,299,-3.5963,-34.554,-92.438,-265.12,-590.14,-1234.7,-2531.8,-Inf,-Inf
300,300,1.9808,-27.622,-100.68,-306.07,-687.48,-1438.5,-2963.7,-Inf,-Inf,300,300,2.3872,-27.225,-94.494,-313.98,-693.38,-1449.4,-2972.2,-Inf,-Inf,300,300,-8.4262,-45.122,-114.16,-318.33,-697.67,-1449.5,-2964.7,-Inf,-Inf
301,301,-2.5345,-38.119,-122.28,-360.93,-795.05,-1653.4,-Inf,-Inf,-Inf,301,301,-0.48575,-37.161,-116.26,-367.26,-800.96,-1664.3,-Inf,-Inf,-Inf,301,301,-13.004,-55.438,-135.93,-372.29,-805.23,-1664.2,-Inf,-Inf,-Inf
302,302,-7.3705,-48.69,-143.69,-413.96,-902.63,-1868.3,-Inf,-Inf,-Inf,302,302,-7.2392,-46.852,-137.94,-421.15,-908.54,-1879.3,-Inf,-Inf,-Inf,302,302,-19.327,-65.361,-157.64,-426.33,-912.8,-1879,-Inf,-Inf,-Inf
303,303,-13.451,-59.052,-164.94,-468.11,-1010.2,-2083.2,-Inf,-Inf,-Inf,303,303,-11.138,-56.589,-159.48,-475.27,-1016.1,-2094.3,-Inf,-Inf,-Inf,303,303,-22.668,-75.051,-179.2,-479.5,-1020.4,-2093.8,-Inf,-Inf,-Inf
304,304,-16.975,-69.026,-186.1,-521.95,-1117.8,-2298.1,-Inf,-Inf,-Inf,304,304,-16.568,-66.573,-180.82,-528.37,-1123.7,-2309.2,-Inf,-Inf,-Inf,304,304,-29.806,-84.793,-200.58,-534.3,-1128,-2308.6,-Inf,-Inf,-Inf
305,305,-24.052,-78.731,-207.27,-575.3,-1225.3,-2513.1,-Inf,-Inf,-Inf,305,305,-22.063,-76.869,-202.02,-583.23,-1231.2,-2524,-Inf,-Inf,-Inf,305,305,-32.826,-94.787,-221.8,-586.86,-1235.5,-2523.4,-Inf,-Inf,-Inf
306,306,-27.035,-88.451,-228.52,-629.95,-1332.8,-2728,-Inf,-Inf,-Inf,306,306,-26.017,-87.4,-223.17,-635.75,-1338.7,-2738.9,-Inf,-Inf,-Inf,306,306,-39.486,-105.09,-242.95,-642.08,-1343.1,-2738.3,-Inf,-Inf,-Inf
307,307,-33.875,-98.404,-249.91,-682.62,-1440.3,-2943,-Inf,-Inf,-Inf,307,307,-32.865,-97.951,-244.37,-690.98,-1446.1,-2953.7,-Inf,-Inf,-Inf,307,307,-43.489,-115.63,-264.13,-694.41,-1450.6,-2953.2,-Inf,-Inf,-Inf
308,308,-37.61,-108.67,-271.45,-737.78,-1547.7,-Inf,-Inf,-Inf,-Inf,308,308,-35.894,-108.24,-265.67,-743.32,-1553.5,-Inf,-Inf,-Inf,-Inf,308,308,-48.781,-126.17,-285.41,-749.57,-1558,-Inf,-Inf,-Inf,-Inf
309,309,-43.193,-119.18,-293.12,-790.12,-1655.1,-Inf,-Inf,-Inf,-Inf,309,309,-42.971,-118.14,-287.12,-798.45,-1660.8,-Inf,-Inf,-Inf,-Inf,309,309,-54.442,-136.45,-306.84,-802.17,-1665.4,-Inf,-Inf,-Inf,-Inf
310,310,-48.536,-129.75,-314.88,-845.34,-1762.4,-Inf,-Inf,-Inf,-Inf,310,310,-46.295,-127.82,-308.71,-851.1,-1768.1,-Inf,-Inf,-Inf,-Inf,310,310,-58.255,-146.34,-328.4,-856.83,-1772.8,-Inf,-Inf,-Inf,-Inf
311,311,-52.603,-140.07,-336.63,-897.83,-1869.7,-Inf,-Inf,-Inf,-Inf,311,311,-52.399,-137.58,-330.42,-905.7,-1875.3,-Inf,-Inf,-Inf,-Inf,311,311,-65.193,-156.02,-350.1,-910.1,-1880.1,-Inf,-Inf,-Inf,-Inf
312,312,-59.374,-150,-358.29,-952.64,-1976.9,-Inf,-Inf,-Inf,-Inf,312,312,-57.129,-147.59,-352.19,-959.04,-1982.6,-Inf,-Inf,-Inf,-Inf,312,312,-68.188,-165.78,-371.86,-964,-1987.4,-Inf,-Inf,-Inf,-Inf
313,313,-62.439,-159.7,-379.77,-1005.7,-2084.2,-Inf,-Inf,-Inf,-Inf,313,313,-61.722,-157.92,-373.91,-1012.9,-2089.8,-Inf,-Inf,-Inf,-Inf,313,313,-75.212,-175.81,-393.6,-1018.1,-2094.6,-Inf,-Inf,-Inf,-Inf
314,314,-69.55,-169.43,-401.07,-1059.8,-2191.4,-Inf,-Inf,-Inf,-Inf,314,314,-68.067,-168.47,-395.51,-1067,-2197,-Inf,-Inf,-Inf,-Inf,314,314,-78.641,-186.14,-415.22,-1071.2,-2201.9,-Inf,-Inf,-Inf,-Inf
315,315,-72.796,-179.42,-422.25,-1113.7,-2298.6,-Inf,-Inf,-Inf,-Inf,315,315,-71.384,-179,-416.92,-1120.1,-2304.3,-Inf,-Inf,-Inf,-Inf,315,315,-84.602,-196.69,-436.67,-1126.1,-2309.1,-Inf,-Inf,-Inf,-Inf
316,316,-79.018,-189.72,-443.41,-1167,-2405.9,-Inf,-Inf,-Inf,-Inf,316,316,-78.53,-189.25,-438.16,-1175,-2411.5,-Inf,-Inf,-Inf,-Inf,316,316,-89.506,-207.22,-457.94,-1178.6,-2416.3,-Inf,-Inf,-Inf,-Inf
317,317,-83.601,-200.25,-464.62,-1221.7,-2513.1,-Inf,-Inf,-Inf,-Inf,317,317,-81.554,-199.11,-459.32,-1227.5,-2518.8,-Inf,-Inf,-Inf,-Inf,317,317,-93.944,-217.46,-479.1,-1233.8,-2523.6,-Inf,-Inf,-Inf,-Inf
318,318,-88.328,-210.8,-485.96,-1274.3,-2620.4,-Inf,-Inf,-Inf,-Inf,318,318,-88.205,-208.79,-480.49,-1282.7,-2626.1,-Inf,-Inf,-Inf,-Inf,318,318,-100.42,-227.31,-500.26,-1286.2,-2630.8,-Inf,-Inf,-Inf,-Inf
319,319,-94.551,-221.08,-507.45,-1329.5,-2727.7,-Inf,-Inf,-Inf,-Inf,319,319,-92.218,-218.56,-501.75,-1335.1,-2733.5,-Inf,-Inf,-Inf,-Inf,319,319,-103.65,-236.99,-521.5,-1341.3,-2738.1,-Inf,-Inf,-Inf,-Inf
320,320,-97.95,-230.98,-529.07,-1381.9,-2835.1,-Inf,-Inf,-Inf,-Inf,320,320,-97.502,-228.62,-523.14,-1390.2,-2840.9,-Inf,-Inf,-Inf,-Inf,320,320,-110.81,-246.77,-542.87,-1393.9,-2845.5,-Inf,-Inf,-Inf,-Inf
321,321,-105.08,-240.66,-550.8,-1437.1,-2942.5,-Inf,-Inf,-Inf,-Inf,321,321,-103.17,-238.97,-544.69,-1442.9,-2948.3,-Inf,-Inf,-Inf,-Inf,321,321,-113.88,-256.83,-564.39,-1448.5,-2952.8,-Inf,-Inf,-Inf,-Inf
322,322,-108.07,-250.42,-572.57,-1489.6,-3049.9,-Inf,-Inf,-Inf,-Inf,322,322,-106.98,-249.53,-566.36,-1497.4,-3055.7,-Inf,-Inf,-Inf,-Inf,322,322,-120.42,-267.2,-586.04,-1501.9,-3060.3,-Inf,-Inf,-Inf,-Inf
323,323,-114.81,-260.44,-594.27,-1544.4,-Inf,-Inf,-Inf,-Inf,-Inf,323,323,-113.92,-260.05,-588.11,-1550.8,-Inf,-Inf,-Inf,-Inf,-Inf,323,323,-124.59,-277.76,-607.78,-1555.7,-Inf,-Inf,-Inf,-Inf,-Inf
324,324,-118.7,-270.77,-615.82,-1597.5,-Inf,-Inf,-Inf,-Inf,-Inf,324,324,-116.91,-270.25,-609.86,-1604.6,-Inf,-Inf,-Inf,-Inf,-Inf,324,324,-129.71,-288.27,-629.54,-1609.9,-Inf,-Inf,-Inf,-Inf,-Inf
325,325,-124.12,-281.31,-637.19,-1651.5,-Inf,-Inf,-Inf,-Inf,-Inf,325,325,-123.93,-280.08,-631.52,-1658.8,-Inf,-Inf,-Inf,-Inf,-Inf,325,325,-135.54,-298.46,-651.22,-1662.9,-Inf,-Inf,-Inf,-Inf,-Inf
326,326,-129.64,-291.85,-658.4,-1705.5,-Inf,-Inf,-Inf,-Inf,-Inf,326,326,-127.37,-289.76,-653,-1711.8,-Inf,-Inf,-Inf,-Inf,-Inf,326,326,-139.22,-308.28,-672.73,-1717.8,-Inf,-Inf,-Inf,-Inf,-Inf
327,327,-133.56,-302.09,-679.55,-1758.7,-Inf,-Inf,-Inf,-Inf,-Inf,327,327,-133.32,-299.56,-674.3,-1766.8,-Inf,-Inf,-Inf,-Inf,-Inf,327,327,-146.24,-317.96,-694.06,-1770.3,-Inf,-Inf,-Inf,-Inf,-Inf
328,328,-140.43,-311.95,-700.74,-1813.5,-Inf,-Inf,-Inf,-Inf,-Inf,328,328,-138.23,-309.64,-695.47,-1819.2,-Inf,-Inf,-Inf,-Inf,-Inf,328,328,-149.21,-327.76,-715.26,-1825.6,-Inf,-Inf,-Inf,-Inf,-Inf
329,329,-143.45,-321.63,-722.03,-1866.1,-Inf,-Inf,-Inf,-Inf,-Inf,329,329,-142.67,-320.03,-716.63,-1874.5,-Inf,-Inf,-Inf,-Inf,-Inf,329,329,-156.17,-337.86,-736.41,-1877.9,-Inf,-Inf,-Inf,-Inf,-Inf
330,330,-150.52,-331.41,-743.46,-1921.3,-Inf,-Inf,-Inf,-Inf,-Inf,330,330,-149.15,-330.6,-737.85,-1926.8,-Inf,-Inf,-Inf,-Inf,-Inf,330,330,-159.72,-348.25,-757.61,-1933,-Inf,-Inf,-Inf,-Inf,-Inf
331,331,-153.87,-341.46,-765.03,-1973.6,-Inf,-Inf,-Inf,-Inf,-Inf,331,331,-152.38,-341.09,-759.19,-1981.9,-Inf,-Inf,-Inf,-Inf,-Inf,331,331,-165.52,-358.82,-778.93,-1985.7,-Inf,-Inf,-Inf,-Inf,-Inf
332,332,-159.94,-351.82,-786.73,-2028.8,-Inf,-Inf,-Inf,-Inf,-Inf,332,332,-159.53,-351.25,-780.68,-2034.6,-Inf,-Inf,-Inf,-Inf,-Inf,332,332,-170.61,-369.31,-800.39,-2040.3,-Inf,-Inf,-Inf,-Inf,-Inf
333,333,-164.71,-362.38,-808.49,-2081.4,-Inf,-Inf,-Inf,-Inf,-Inf,333,333,-162.6,-361.05,-802.31,-2089.1,-Inf,-Inf,-Inf,-Inf,-Inf,333,333,-174.89,-379.46,-821.99,-2093.6,-Inf,-Inf,-Inf,-Inf,-Inf
334,334,-169.27,-372.89,-830.23,-2136.1,-Inf,-Inf,-Inf,-Inf,-Inf,334,334,-169.14,-370.73,-824.04,-2142.6,-Inf,-Inf,-Inf,-Inf,-Inf,334,334,-181.5,-389.25,-843.71,-2147.4,-Inf,-Inf,-Inf,-Inf,-Inf
335,335,-175.64,-383.1,-851.85,-2189.3,-Inf,-Inf,-Inf,-Inf,-Inf,335,335,-173.31,-380.55,-845.8,-2196.3,-Inf,-Inf,-Inf,-Inf,-Inf,335,335,-184.65,-398.93,-865.47,-2201.7,-Inf,-Inf,-Inf,-Inf,-Inf
336,336,-178.94,-392.92,-873.28,-2243.2,-Inf,-Inf,-Inf,-Inf,-Inf,336,336,-178.43,-390.67,-867.5,-2250.6,-Inf,-Inf,-Inf,-Inf,-Inf,336,336,-191.8,-408.76,-887.19,-2254.7,-Inf,-Inf,-Inf,-Inf,-Inf
337,337,-186.09,-402.6,-894.54,-2297.3,-Inf,-Inf,-Inf,-Inf,-Inf,337,337,-184.27,-401.09,-889.05,-2303.5,-Inf,-Inf,-Inf,-Inf,-Inf,337,337,-194.93,-418.89,-908.77,-2309.6,-Inf,-Inf,-Inf,-Inf,-Inf
338,338,-189.12,-412.4,-915.71,-2350.5,-Inf,-Inf,-Inf,-Inf,-Inf,338,338,-187.95,-411.66,-910.41,-2358.5,-Inf,-Inf,-Inf,-Inf,-Inf,338,338,-201.35,-429.31,-930.17,-2362.1,-Inf,-Inf,-Inf,-Inf,-Inf
339,339,-195.75,-422.49,-936.87,-2405.2,-Inf,-Inf,-Inf,-Inf,-Inf,339,339,-194.96,-422.13,-931.62,-2411,-Inf,-Inf,-Inf,-Inf,-Inf,339,339,-205.68,-439.89,-951.4,-2417.3,-Inf,-Inf,-Inf,-Inf,-Inf
340,340,-199.79,-432.88,-958.11,-2457.8,-Inf,-Inf,-Inf,-Inf,-Inf,340,340,-197.94,-432.25,-952.78,-2466.2,-Inf,-Inf,-Inf,-Inf,-Inf,340,340,-210.64,-450.35,-972.56,-2469.7,-Inf,-Inf,-Inf,-Inf,-Inf
341,341,-205.05,-443.44,-979.49,-2513,-Inf,-Inf,-Inf,-Inf,-Inf,341,341,-204.89,-442.02,-973.96,-2518.6,-Inf,-Inf,-Inf,-Inf,-Inf,341,341,-216.64,-460.45,-993.73,-2524.7,-Inf,-Inf,-Inf,-Inf,-Inf
342,342,-210.75,-453.94,-1001,-2565.4,-Inf,-Inf,-Inf,-Inf,-Inf,342,342,-208.45,-451.7,-995.26,-2573.6,-Inf,-Inf,-Inf,-Inf,-Inf,342,342,-220.2,-470.22,-1015,-2577.5,-Inf,-Inf,-Inf,-Inf,-Inf
343,343,-214.53,-464.1,-1022.7,-2620.5,-Inf,-Inf,-Inf,-Inf,-Inf,343,343,-214.25,-461.55,-1016.7,-2626.4,-Inf,-Inf,-Inf,-Inf,-Inf,343,343,-227.27,-479.9,-1036.4,-2632,-Inf,-Inf,-Inf,-Inf,-Inf
344,344,-221.48,-473.89,-1044.4,-2673.1,-Inf,-Inf,-Inf,-Inf,-Inf,344,344,-219.34,-471.71,-1038.3,-2680.8,-Inf,-Inf,-Inf,-Inf,-Inf,344,344,-230.24,-489.76,-1058,-2685.4,-Inf,-Inf,-Inf,-Inf,-Inf
345,345,-224.47,-483.57,-1066.2,-2727.8,-Inf,-Inf,-Inf,-Inf,-Inf,345,345,-223.61,-482.15,-1060,-2734.4,-Inf,-Inf,-Inf,-Inf,-Inf,345,345,-237.12,-499.92,-1079.6,-2739.1,-Inf,-Inf,-Inf,-Inf,-Inf
346,346,-231.48,-493.4,-1087.8,-2781,-Inf,-Inf,-Inf,-Inf,-Inf,346,346,-230.23,-492.72,-1081.7,-2788,-Inf,-Inf,-Inf,-Inf,-Inf,346,346,-240.8,-510.37,-1101.4,-2793.4,-Inf,-Inf,-Inf,-Inf,-Inf
347,347,-234.94,-503.52,-1109.4,-2835,-Inf,-Inf,-Inf,-Inf,-Inf,347,347,-233.38,-503.16,-1103.5,-2842.4,-Inf,-Inf,-Inf,-Inf,-Inf,347,347,-246.45,-520.95,-1123.1,-2846.4,-Inf,-Inf,-Inf,-Inf,-Inf
348,348,-240.86,-513.93,-1130.7,-2889.1,-Inf,-Inf,-Inf,-Inf,-Inf,348,348,-240.52,-513.24,-1125.1,-2895.3,-Inf,-Inf,-Inf,-Inf,-Inf,348,348,-251.72,-531.38,-1144.8,-2901.4,-Inf,-Inf,-Inf,-Inf,-Inf
349,349,-245.81,-524.51,-1151.9,-2942.2,-Inf,-Inf,-Inf,-Inf,-Inf,349,349,-243.66,-522.98,-1146.5,-2950.3,-Inf,-Inf,-Inf,-Inf,-Inf,349,349,-255.85,-541.44,-1166.3,-2953.8,-Inf,-Inf,-Inf,-Inf,-Inf
350,350,-250.21,-534.98,-1173,-2997,-Inf,-Inf,-Inf,-Inf,-Inf,350,350,-250.07,-532.67,-1167.8,-3002.7,-Inf,-Inf,-Inf,-Inf,-Inf,350,350,-262.57,-551.18,-1187.5,-3009.1,-Inf,-Inf,-Inf,-Inf,-Inf
351,351,-256.72,-545.09,-1194.2,-3049.5,-Inf,-Inf,-Inf,-Inf,-Inf,351,351,-254.41,-542.56,-1188.9,-3057.9,-Inf,-Inf,-Inf,-Inf,-Inf,351,351,-265.66,-560.88,-1208.7,-3061.4,-Inf,-Inf,-Inf,-Inf,-Inf
352,352,-259.93,-554.86,-1215.5,-Inf,-Inf,-Inf,-Inf,-Inf,-Inf,352,352,-259.36,-552.74,-1210.1,-Inf,-Inf,-Inf,-Inf,-Inf,-Inf,352,352,-272.78,-570.77,-1229.9,-Inf,-Inf,-Inf,-Inf,-Inf,-Inf
353,353,-267.09,-564.55,-1237,-Inf,-Inf,-Inf,-Inf,-Inf,-Inf,353,353,-265.37,-563.21,-1231.3,-Inf,-Inf,-Inf,-Inf,-Inf,-Inf,353,353,-276,-580.96,-1251.1,-Inf,-Inf,-Inf,-Inf,-Inf,-Inf
354,354,-270.17,-574.4,-1258.6,-Inf,-Inf,-Inf,-Inf,-Inf,-Inf,354,354,-268.92,-573.78,-1252.7,-Inf,-Inf,-Inf,-Inf,-Inf,-Inf,354,354,-282.27,-591.43,-1272.4,-Inf,-Inf,-Inf,-Inf,-Inf,-Inf
355,355,-276.68,-584.55,-1280.3,-Inf,-Inf,-Inf,-Inf,-Inf,-Inf,355,355,-276,-584.19,-1274.2,-Inf,-Inf,-Inf,-Inf,-Inf,-Inf,355,355,-286.79,-602.01,-1293.9,-Inf,-Inf,-Inf,-Inf,-Inf,-Inf
356,356,-280.89,-594.99,-1302.1,-Inf,-Inf,-Inf,-Inf,-Inf,-Inf,356,356,-278.97,-594.22,-1295.9,-Inf,-Inf,-Inf,-Inf,-Inf,-Inf,356,356,-291.58,-612.41,-1315.6,-Inf,-Inf,-Inf,-Inf,-Inf,-Inf
357,357,-285.98,-605.57,-1323.8,-Inf,-Inf,-Inf,-Inf,-Inf,-Inf,357,357,-285.84,-603.95,-1317.7,-Inf,-Inf,-Inf,-Inf,-Inf,-Inf,357,357,-297.74,-622.43,-1337.3,-Inf,-Inf,-Inf,-Inf,-Inf,-Inf
358,358,-291.85,-616.01,-1345.4,-Inf,-Inf,-Inf,-Inf,-Inf,-Inf,358,358,-289.53,-613.65,-1339.4,-Inf,-Inf,-Inf,-Inf,-Inf,-Inf,358,358,-301.18,-632.15,-1359.1,-Inf,-Inf,-Inf,-Inf,-Inf,-Inf
359,359,-295.5,-626.08,-1366.8,-Inf,-Inf,-Inf,-Inf,-Inf,-Inf,359,359,-295.17,-623.56,-1361.1,-Inf,-Inf,-Inf,-Inf,-Inf,-Inf,359,359,-308.3,-641.85,-1380.8,-Inf,-Inf,-Inf,-Inf,-Inf,-Inf
360,360,-302.53,-635.83,-1388,-Inf,-Inf,-Inf,-Inf,-Inf,-Inf,360,360,-300.45,-633.78,-1382.6,-Inf,-Inf,-Inf,-Inf,-Inf,-Inf,360,360,-311.28,-651.77,-1402.3,-Inf,-Inf,-Inf,-Inf,-Inf,-Inf
361,361,-305.5,-645.52,-1409.2,-Inf,-Inf,-Inf,-Inf,-Inf,-Inf,361,361,-304.57,-644.27,-1403.9,-Inf,-Inf,-Inf,-Inf,-Inf,-Inf,361,361,-318.06,-662,-1423.7,-Inf,-Inf,-Inf,-Inf,-Inf,-Inf
362,362,-312.44,-655.4,-1430.3,-Inf,-Inf,-Inf,-Inf,-Inf,-Inf,362,362,-311.3,-654.84,-1425.1,-Inf,-Inf,-Inf,-Inf,-Inf,-Inf,362,362,-321.89,-672.5,-1444.9,-Inf,-Inf,-Inf,-Inf,-Inf,-Inf
363,363,-316.02,-665.59,-1451.6,-Inf,-Inf,-Inf,-Inf,-Inf,-Inf,363,363,-314.38,-665.22,-1446.2,-Inf,-Inf,-Inf,-Inf,-Inf,-Inf,363,363,-327.37,-683.07,-1466,-Inf,-Inf,-Inf,-Inf,-Inf,-Inf
364,364,-321.79,-676.05,-1473,-Inf,-Inf,-Inf,-Inf,-Inf,-Inf,364,364,-321.51,-675.21,-1467.4,-Inf,-Inf,-Inf,-Inf,-Inf,-Inf,364,364,-332.83,-693.43,-1487.2,-Inf,-Inf,-Inf,-Inf,-Inf,-Inf
365,365,-326.92,-686.63,-1494.6,-Inf,-Inf,-Inf,-Inf,-Inf,-Inf,365,365,-324.72,-684.92,-1488.8,-Inf,-Inf,-Inf,-Inf,-Inf,-Inf,365,365,-336.8,-703.41,-1508.5,-Inf,-Inf,-Inf,-Inf,-Inf,-Inf
366,366,-331.16,-697.04,-1516.3,-Inf,-Inf,-Inf,-Inf,-Inf,-Inf,366,366,-330.99,-694.63,-1510.2,-Inf,-Inf,-Inf,-Inf,-Inf,-Inf,366,366,-343.64,-713.12,-1530,-Inf,-Inf,-Inf,-Inf,-Inf,-Inf
367,367,-337.8,-707.07,-1538,-Inf,-Inf,-Inf,-Inf,-Inf,-Inf,367,367,-335.51,-704.57,-1531.9,-Inf,-Inf,-Inf,-Inf,-Inf,-Inf,367,367,-346.67,-722.83,-1551.5,-Inf,-Inf,-Inf,-Inf,-Inf,-Inf
368,368,-340.94,-716.8,-1559.8,-Inf,-Inf,-Inf,-Inf,-Inf,-Inf,368,368,-340.3,-714.83,-1553.6,-Inf,-Inf,-Inf,-Inf,-Inf,-Inf,368,368,-353.76,-732.79,-1573.3,-Inf,-Inf,-Inf,-Inf,-Inf,-Inf
369,369,-348.08,-726.5,-1581.4,-Inf,-Inf,-Inf,-Inf,-Inf,-Inf,369,369,-346.47,-725.33,-1575.3,-Inf,-Inf,-Inf,-Inf,-Inf,-Inf,369,369,-357.06,-743.05,-1595,-Inf,-Inf,-Inf,-Inf,-Inf,-Inf
370,370,-351.23,-736.41,-1602.9,-Inf,-Inf,-Inf,-Inf,-Inf,-Inf,370,370,-349.9,-735.9,-1597.1,-Inf,-Inf,-Inf,-Inf,-Inf,-Inf,370,370,-363.2,-753.56,-1616.7,-Inf,-Inf,-Inf,-Inf,-Inf,-Inf
371,371,-357.61,-746.63,-1624.1,-Inf,-Inf,-Inf,-Inf,-Inf,-Inf,371,371,-357.02,-746.24,-1618.6,-Inf,-Inf,-Inf,-Inf,-Inf,-Inf,371,371,-367.89,-764.12,-1638.3,-Inf,-Inf,-Inf,-Inf,-Inf,-Inf
372,372,-361.99,-757.12,-1645.3,-Inf,-Inf,-Inf,-Inf,-Inf,-Inf,372,372,-360.01,-756.19,-1640,-Inf,-Inf,-Inf,-Inf,-Inf,-Inf,372,372,-372.52,-774.45,-1659.8,-Inf,-Inf,-Inf,-Inf,-Inf,-Inf
373,373,-366.91,-767.69,-1666.5,-Inf,-Inf,-Inf,-Inf,-Inf,-Inf,373,373,-366.78,-765.88,-1661.2,-Inf,-Inf,-Inf,-Inf,-Inf,-Inf,373,373,-378.83,-784.39,-1681,-Inf,-Inf,-Inf,-Inf,-Inf,-Inf
374,374,-372.95,-778.06,-1687.7,-Inf,-Inf,-Inf,-Inf,-Inf,-Inf,374,374,-370.62,-775.61,-1682.4,-Inf,-Inf,-Inf,-Inf,-Inf,-Inf,374,374,-382.17,-794.08,-1702.2,-Inf,-Inf,-Inf,-Inf,-Inf,-Inf
375,375,-376.48,-788.05,-1709.1,-Inf,-Inf,-Inf,-Inf,-Inf,-Inf,375,375,-376.09,-785.59,-1703.6,-Inf,-Inf,-Inf,-Inf,-Inf,-Inf,375,375,-389.31,-803.82,-1723.3,-Inf,-Inf,-Inf,-Inf,-Inf,-Inf
376,376,-383.56,-797.76,-1730.6,-Inf,-Inf,-Inf,-Inf,-Inf,-Inf,376,376,-381.55,-795.87,-1724.8,-Inf,-Inf,-Inf,-Inf,-Inf,-Inf,376,376,-392.33,-813.8,-1744.6,-Inf,-Inf,-Inf,-Inf,-Inf,-Inf
377,377,-386.53,-807.48,-1752.2,-Inf,-Inf,-Inf,-Inf,-Inf,-Inf,377,377,-385.53,-806.4,-1746.3,-Inf,-Inf,-Inf,-Inf,-Inf,-Inf,377,377,-399,-824.09,-1766,-Inf,-Inf,-Inf,-Inf,-Inf,-Inf
378,378,-393.39,-817.42,-1774,-Inf,-Inf,-Inf,-Inf,-Inf,-Inf,378,378,-392.36,-816.95,-1767.8,-Inf,-Inf,-Inf,-Inf,-Inf,-Inf,378,378,-402.98,-834.62,-1787.5,-Inf,-Inf,-Inf,-Inf,-Inf,-Inf
379,379,-397.1,-827.67,-1795.7,-Inf,-Inf,-Inf,-Inf,-Inf,-Inf,379,379,-395.4,-827.25,-1789.5,-Inf,-Inf,-Inf,-Inf,-Inf,-Inf,379,379,-408.3,-845.18,-1809.2,-Inf,-Inf,-Inf,-Inf,-Inf,-Inf
380,380,-402.71,-838.18,-1817.4,-Inf,-Inf,-Inf,-Inf,-Inf,-Inf,380,380,-402.48,-837.16,-1811.3,-Inf,-Inf,-Inf,-Inf,-Inf,-Inf,380,380,-413.93,-855.47,-1830.9,-Inf,-Inf,-Inf,-Inf,-Inf,-Inf
381,381,-408.02,-848.75,-1838.9,-Inf,-Inf,-Inf,-Inf,-Inf,-Inf,381,381,-405.79,-846.85,-1833,-Inf,-Inf,-Inf,-Inf,-Inf,-Inf,381,381,-417.77,-865.36,-1852.7,-Inf,-Inf,-Inf,-Inf,-Inf,-Inf
382,382,-412.12,-859.08,-1860.3,-Inf,-Inf,-Inf,-Inf,-Inf,-Inf,382,382,-411.92,-856.6,-1854.6,-Inf,-Inf,-Inf,-Inf,-Inf,-Inf,382,382,-424.69,-875.05,-1874.4,-Inf,-Inf,-Inf,-Inf,-Inf,-Inf
383,383,-418.87,-869.03,-1881.5,-Inf,-Inf,-Inf,-Inf,-Inf,-Inf,383,383,-416.62,-866.61,-1876.1,-Inf,-Inf,-Inf,-Inf,-Inf,-Inf,383,383,-427.69,-884.8,-1895.8,-Inf,-Inf,-Inf,-Inf,-Inf,-Inf
384,384,-421.94,-878.73,-1902.6,-Inf,-Inf,-Inf,-Inf,-Inf,-Inf,384,384,-421.24,-876.92,-1897.4,-Inf,-Inf,-Inf,-Inf,-Inf,-Inf,384,384,-434.72,-894.82,-1917.1,-Inf,-Inf,-Inf,-Inf,-Inf,-Inf
385,385,-429.06,-888.46,-1923.8,-Inf,-Inf,-Inf,-Inf,-Inf,-Inf,385,385,-427.56,-887.46,-1918.5,-Inf,-Inf,-Inf,-Inf,-Inf,-Inf,385,385,-438.13,-905.14,-1938.3,-Inf,-Inf,-Inf,-Inf,-Inf,-Inf
386,386,-432.29,-898.43,-1945.1,-Inf,-Inf,-Inf,-Inf,-Inf,-Inf,386,386,-430.89,-898.01,-1939.7,-Inf,-Inf,-Inf,-Inf,-Inf,-Inf,386,386,-444.12,-915.69,-1959.5,-Inf,-Inf,-Inf,-Inf,-Inf,-Inf
387,387,-438.54,-908.72,-1966.6,-Inf,-Inf,-Inf,-Inf,-Inf,-Inf,387,387,-438.03,-908.26,-1960.9,-Inf,-Inf,-Inf,-Inf,-Inf,-Inf,387,387,-448.99,-926.23,-1980.7,-Inf,-Inf,-Inf,-Inf,-Inf,-Inf
388,388,19.305,32.409,25.649,38.332,60.716,75.372,67.58,62.024,61.445,388,388,22.255,35.302,35.371,42.301,61.368,76.007,68.594,63.251,53.562,388,388,17.898,25.698,35.305,43.344,62.157,73.707,83.288,76.51,57.572
389,389,29.012,37.119,30.675,38.431,61.703,72.9,67.031,64.199,59.163,389,389,39.457,40.221,31.745,42.334,60.849,75.575,70.526,68.201,65.516,389,389,25.777,29.976,37.961,43.695,61.302,72.313,84.682,81.717,66.308
390,390,32.579,31.993,26.904,39.847,61.084,77.417,72.128,71.215,59.708,390,390,41.423,40.066,32.02,45.417,61.455,77.505,74.673,74.163,61.384,390,390,24.846,30.219,33.826,46.233,63.828,77.501,89.96,87.798,68.219
391,391,32.029,29.835,34.391,47.759,65.294,78.68,80.009,80.048,65.898,391,391,32.589,37.736,31.411,48.252,65.128,82.717,82.067,82.204,68.901,391,391,18.597,29.761,32.675,53.463,67.704,80.656,99.216,96.394,75.803
392,392,32.786,30.797,34.647,49.616,64.605,79.209,85.714,84.253,70.671,392,392,45.007,41.727,33.316,44.368,64.082,84.593,84.753,85.203,71.242,392,392,30.97,31.085,37.427,50.183,68.087,82.598,102.26,99.726,79.985
393,393,29.512,27.955,31.034,46.836,64.792,80.105,87.102,84.587,71.715,393,393,42.596,34.934,31.926,46.744,62.671,79.182,82.672,84.597,71.478,393,393,28.55,30.719,36.724,47.596,64.489,83.721,103,99.188,79.496
394,394,24.043,29.535,29.18,36.391,47,59.994,63.17,64.641,61.311,394,394,40.571,35.042,33.891,40.2,50.508,66.091,66.49,65.341,69.06,394,394,26.973,31.455,40.817,49.136,53.308,65.713,80.399,71.076,69.464
395,395,24.86,16.828,7.7389,-23.88,-73.199,-162.48,-371.33,-613.95,-1397.6,395,395,36.376,26.037,17.121,-24.453,-57.712,-153.47,-366.18,-607.95,-1389.3,395,395,27.804,20.282,7.6784,-6.4391,-56.069,-152.3,-356.63,-603.12,-1396.1
396,396,16.117,5.2643,-13.455,-76.207,-180.65,-377.33,-804.26,-1288.1,-2854.6,396,396,26.42,15.073,-4.6838,-78.881,-165.22,-368.31,-798.66,-1282.1,-2846,396,396,16.156,9.383,-15.525,-60.692,-163.59,-367.05,-790.5,-1277.1,-2853.3
397,397,13.535,-5.0731,-34.924,-131.43,-288.14,-592.2,-1238.5,-1962.2,-Inf,397,397,21.189,4.7912,-26.44,-132.53,-272.75,-583.16,-1232.6,-1956.2,-Inf,397,397,13.93,-0.69611,-36.596,-113.69,-271.06,-581.82,-1224.5,-1951.2,-Inf
398,398,26.394,37.93,44.772,48.981,60.582,75.284,80.238,79.193,76.593,398,398,22.214,25.409,38.914,45.522,62.04,78.072,73.341,76,67.798,398,398,21.093,28.799,46.955,54.643,63.21,79.767,98.03,91.278,84.264
399,399,38.788,45.704,46.359,48.482,55.26,68.552,61.127,71.14,60.792,399,399,30.268,33.478,42.108,49.593,58.252,72.961,64.783,70.544,60.769,399,399,30.46,38.237,39.286,47.532,60.095,70.28,79.063,78.46,67.478
400,400,36.961,46.254,38.175,49.214,53.364,67.839,58.484,56.65,48.896,400,400,25.945,35.548,36.564,46.315,55.801,71.397,61.327,56.779,49.314,400,400,26.63,38.566,39.834,47.755,57.375,67.15,74.932,70.438,53.356
401,401,34.253,30.58,28.061,40.678,53.999,68.329,56.801,52.29,45.925,401,401,31.91,33.552,29.619,41.256,55.632,70.422,58.683,52.969,44.699,401,401,24.695,30.166,33.749,41.805,58.207,63.757,68.886,63.748,48.411
402,402,32.963,21.366,32.215,43.525,54.626,68.907,59.331,48.882,44.137,402,402,32.024,32.618,38.361,41.721,53.013,70.651,59.458,51.494,43.925,402,402,19.165,29.195,33.851,40.129,53.128,63.065,73.351,60.74,46.361
403,403,31.243,22.931,37.48,46.084,55.921,72.711,60.725,56.69,49.377,403,403,30.386,27.305,33.396,42.869,52.224,69.692,59.443,58.605,49.999,403,403,6.6384,26.77,37.432,45.925,54.544,63.96,73.508,71.997,58.665
404,404,30.954,43.285,48.529,66.731,72.279,83.76,72.293,75.796,64.596,404,404,24.064,34.969,38.36,57.279,69.434,77.363,68.137,69.881,58.138,404,404,23.459,40.066,46.326,54.165,61.162,70.651,75.319,66.229,57.151
405,405,56.341,65.223,77.235,81.929,87.726,84.2,77.793,73.948,65.849,405,405,53.777,65.937,79.347,86.3,89.303,82.418,79.177,75.613,70.473,405,405,37.792,56.234,65.189,73.001,78.354,78.226,79.006,69.441,62.935
406,406,77.164,86.085,93.329,95.627,94.284,91.3,86.837,84.022,80.34,406,406,79.265,86.548,84.816,86.548,83.438,79.838,79.693,78.915,76.645,406,406,61.602,70.689,76.66,86.412,91.154,87.49,77.842,66.379,65.235
407,407,82.604,98.063,94.738,89.903,90.56,88.942,93.776,91.52,79.839,407,407,86.624,81.286,83.287,86.182,91.254,91.996,90.058,89.196,83.808,407,407,69.855,85.594,82.815,83.938,84.193,83.32,87.88,87.992,80.922
408,408,86.99,89.264,88.165,85.555,92.937,94.686,95.524,94.28,83.971,408,408,88.744,85.897,91.103,97.06,102.27,98.95,97.666,94.377,87.693,408,408,73.859,78.406,91.009,95.647,98.995,98.561,95.017,86.905,79.656
409,409,76.598,79.14,75.078,72.78,69.549,79.045,52.981,51.048,51.801,409,409,84.512,91.522,91.956,84.58,70.007,75.4,53.705,55.171,50.925,409,409,73.863,86.187,87.169,78.235,66.4,68.528,63.465,64.281,54.709
410,410,66.514,70.058,54.737,39.314,52.412,64.15,51.131,58.279,54.215,410,410,88.309,82.569,67.805,43.052,51.524,67.987,54.766,53.028,48.463,410,410,70.064,71.82,63.186,40.348,53.96,59.881,63.621,67.193,56.515
411,411,62.522,59.215,32.776,41.337,50.39,63.383,51.153,59.643,54.106,411,411,77.797,72.214,47.677,39.637,52.761,61.15,49.413,48.592,43.791,411,411,54.86,60.555,43.428,39.266,53.955,60.368,63.152,64.889,50.361
412,412,59.683,48.994,29.945,35.424,50.887,63.882,48.656,40.917,43.023,412,412,73.607,62.566,41.038,42.083,51.019,60.987,48.626,43.577,40.826,412,412,52.078,49.743,31.469,39.999,49.956,57.487,59.481,58.622,43.948
413,413,54.974,38.769,27.167,38.936,50.435,64.873,49.238,48.583,45.486,413,413,64.616,52.07,38.431,38.603,48.742,64.05,48.788,44.762,42.497,413,413,42.254,38.598,31.561,40.187,48.287,55.147,57.197,61.09,46.4
414,414,51.99,34.309,32.072,39.248,47.986,61.385,47.725,48.155,46.72,414,414,61.722,41.282,33.681,41.689,50.012,62.253,48.217,44.864,42.19,414,414,37.264,29.413,33.791,39.804,49.16,51.855,57.179,62.011,46.987
415,415,45.336,23.661,30.085,38.382,49.098,58.707,46.633,39.582,41.14,415,415,54.871,32.919,34.024,40.859,46.492,59.293,47.796,42.557,40.542,415,415,31.559,20.686,27.286,38.157,49.665,54.797,58.244,56.344,43.112
416,416,40.55,21.382,28.632,39.493,46.622,58.671,47.153,41.103,43.563,416,416,51.923,32.848,35.698,37.835,46.072,61.119,48.743,41.792,40.86,416,416,27.222,19.544,29.038,37.959,48.774,54.258,58.671,56.602,43.223
417,417,34.658,24.089,33.886,41.768,52.925,67.034,53.376,53.212,47.957,417,417,45.661,31.442,31.458,38.471,50.19,62.671,51.345,48.634,44.892,417,417,21.175,21.591,32.745,40.128,50.436,58.813,65.071,69.09,52.119
418,418,33.303,32.806,33.511,39.878,53.959,65.934,53.697,56.205,51.075,418,418,43.358,41.74,34.745,41,52.713,64.308,52.513,50.155,45.737,418,418,24.587,29.77,35.499,41.796,55.973,59.033,68.468,70.723,54.703
419,419,35.491,31.429,32.532,42.906,60.728,78.297,64.128,54.245,49.308,419,419,43.508,38.096,31.808,40.721,55.785,69.636,59.985,57.091,53.801,419,419,25.391,27.601,35.632,44.072,57.101,66.723,74.671,68.436,51.601
420,420,35.381,24.296,27.114,41.649,59.474,77.277,64.718,55.22,50.009,420,420,43.106,33.682,38.854,39.126,57.384,70.16,59.996,57.922,53.608,420,420,27.046,23.829,36.385,43.756,61.015,69.242,76.765,68.449,52.33
421,421,26.104,22.919,32.421,43.236,62.275,81.444,68.566,61.416,55.562,421,421,35.524,37.105,36.816,42.51,59.441,78.602,66.609,63.814,60.408,421,421,22.065,21.327,34.319,45.109,58.368,72.168,78.067,73.254,56.465
422,422,28.674,28.495,34.089,41.717,62.851,80.555,68.313,61.41,53.795,422,422,26.576,39.468,36.031,46.215,60.602,81.281,68.053,62.592,58.907,422,422,13.475,28.84,32.084,42.729,59.419,72.65,76.345,75.773,57.098
423,423,25.036,26.347,33.058,46.052,62.728,77.052,66.073,61.475,53.172,423,423,33.112,37.835,36.341,45.569,59.32,78.707,66.032,62.455,57.92,423,423,19.498,22.794,32.449,45.605,59.142,70.794,77.434,74.647,57.291
424,424,26.647,30.581,31.362,43.599,59.582,70.438,59.281,60.282,52.71,424,424,34.519,38.397,28.972,40.506,56.646,73.866,60.272,61.339,56.659,424,424,18.066,26.772,33.019,41.282,57.353,62.865,69.127,73.674,56.905
425,425,22.486,30.183,33.336,47.429,56.553,66.234,61.043,66.944,57.852,425,425,33.351,36.283,28.759,41.048,57.363,69.434,61.74,67.14,62.873,425,425,16.887,21.603,32.63,44.162,58.462,63.844,76.157,82.221,64.332
426,426,31.825,24.62,30.514,42.182,60.331,72.775,66.314,72.046,63.039,426,426,36.409,26.484,31.439,44.269,59.844,76.821,68.449,71.049,66.217,426,426,19.816,21.258,28.44,44.486,63.563,72.058,83.906,89.47,71.257
427,427,25.954,29.439,35.303,43.248,60.665,74.148,71.454,75.057,67.44,427,427,32.09,33.701,34.285,46.261,64.441,74.82,71.118,73.965,68.579,427,427,11.488,21.755,30.588,45.387,63.439,72.666,87.536,93.92,73.927
428,428,19.89,31.909,33.237,44.656,62.878,77.649,82.57,87.862,81.089,428,428,29.089,38.516,32.828,49.14,66.419,83.052,81.607,86.11,79.05,428,428,14.274,29.254,32,43.659,65.974,81.146,98.676,103.81,86.219
429,429,32.238,27.214,27.611,48.971,72.662,87.567,92.342,94.536,84.61,429,429,34.184,38.144,33.609,48.683,69.093,85.002,90.064,90.593,82.323,429,429,22.712,34.473,37.844,51.813,67.575,94.478,107.99,110.3,88.729
430,430,31.694,38.605,37.939,51.314,73.024,88.277,94.064,97.663,86.13,430,430,30.58,37.544,30.869,47.6,69.603,87.64,90.712,92.365,82.475,430,430,29.513,33.805,39.749,54.19,69.757,96.025,110.87,112.62,91.285
431,431,31.23,40.577,34.899,48.43,72.484,89.469,93.578,96.865,85.828,431,431,30.896,35.989,36.613,46.303,67.908,87.139,92.202,92.34,83.514,431,431,31.306,31.547,44.844,52.623,69.014,96.145,110.46,110.92,89.634
432,432,37.616,27.726,33.897,44.709,67.235,85.834,85.14,88.996,80.675,432,432,34.095,38.339,34.08,42.299,64.317,84.179,83.294,85.78,74.728,432,432,35.276,41.238,41.048,46.736,64.326,89.221,104.99,105.37,85.719
433,433,39.014,35.026,34.636,46.793,67.838,85.655,80.302,78.035,71.533,433,433,34.94,40.318,37.314,49.053,65.637,85.686,79.617,78.98,69.125,433,433,35.255,28.647,31.554,49.171,67.598,88.7,98.448,92.922,74.511
434,434,36.49,31.963,33.376,48.394,62.652,75.864,68.764,67.295,60.174,434,434,40.717,39.215,37.253,52.078,61.88,76.252,69.606,66.939,61.484,434,434,34.247,25.086,34.395,48.873,65.722,78.854,88.94,82.116,64.571
435,435,36.179,29.741,33.593,47.297,56.236,69.952,63.199,59.681,53.364,435,435,41.041,31.125,31.265,53.486,58.811,72.109,67.75,59.71,56.885,435,435,29.399,22.426,32.311,46.315,59.735,77.803,84.461,73.667,56.159
436,436,28.138,25.232,29.043,40.337,54.85,71.17,63.747,58.48,52.673,436,436,39.29,31.714,33.13,42.699,57.761,75.429,67.303,58.896,55.792,436,436,24.909,21.647,35.992,43.828,59.111,75.749,81.058,72.727,54.576
437,437,13.961,31.235,34.276,40.712,54.617,69.423,58.141,55.267,51.576,437,437,37.382,28.505,31.065,37.347,53.673,69.097,61.55,55.331,52.483,437,437,20.21,24.027,36.88,41.776,56.832,71.29,71.513,67.287,53.029
438,438,29.016,32.103,30.606,41.566,52.377,68.985,55.519,52.384,48.647,438,438,34.757,36.076,35.223,41.233,55.21,67.538,55.784,55.556,53.065,438,438,14.204,22.665,33.674,40.133,56.138,63.372,63.453,63.934,49.791
439,439,30.941,27.251,29.774,39.276,50.347,63.841,47.888,53.235,49.129,439,439,38.26,29.069,28.708,41.557,55.802,62.916,50.616,55.352,52.277,439,439,22.111,18.29,29.28,41.663,55.558,57.565,62.283,61.652,48.76
440,440,20.879,26.62,32.558,40.956,49.098,60.843,49.865,48.403,46.992,440,440,28.719,29.613,29.047,39.587,49.793,57.866,47.318,50.804,49.172,440,440,15.313,22.059,27.741,43.184,54.848,53.341,61.969,60.709,46.968
441,441,20.667,28.183,32.391,38.972,51.807,69.466,57.202,45.22,43.939,441,441,23.131,30.357,32.921,41.611,54.68,70.4,58.481,46.065,45.197,441,441,8.8388,26.514,35.559,43.509,57.379,68.279,69.822,56.137,44.782
442,442,20.535,29.281,29.661,42.793,51.243,64.385,49.272,38.629,44.828,442,442,30.015,26.457,29.934,38.616,53.094,59.949,46.168,40.769,43.415,442,442,10.489,25.338,32.437,39.788,54.087,57.311,56.622,53.236,43.754
443,443,23.682,25.696,31.187,39.468,47.864,54.226,41.578,40.204,43.994,443,443,24.159,25.331,31.782,38.815,49.831,52.527,42.817,38.796,42.901,443,443,7.1976,19.095,29.401,41.378,50.729,50.38,51.295,53.929,44.254
444,444,26.39,26.155,26.738,35.511,44.583,54.749,43.21,39.601,45.028,444,444,30.885,30.198,33.721,39.079,48.683,55.714,45.027,41.402,43.789,444,444,9.4464,21.703,29.523,40.639,51.736,51.766,53.422,56.859,44.526
445,445,32.397,29.835,31.898,36.494,46.919,56.627,44.402,40.469,43.66,445,445,37.313,30.998,26.776,38.039,46.144,55.809,44.818,40.481,43.774,445,445,17.711,21.642,35.728,39.758,48.669,51.593,54.481,54.916,44.546
446,446,33.372,24.87,29.061,39.051,45.498,52.869,41.831,38.824,45.398,446,446,37.024,24.972,27.255,35.891,44.829,53.774,43.282,39.165,44.329,446,446,15.313,21.368,29.384,37.033,45.363,50.292,52.238,56.705,45.245
447,447,21.569,27.399,30.743,39.115,49.25,53.606,41.639,40.45,43.48,447,447,26.18,30.069,25.792,38.483,46.035,53.637,42.83,39.315,43.661,447,447,6.0193,23.237,29.337,36.549,45.427,49.371,50.367,57.471,44.612
448,448,14.985,24.93,28.75,39.168,43.727,55.129,42.887,39.173,44.99,448,448,23.167,30.011,25.889,39.152,47.675,54.457,45.3,40.905,43.07,448,448,7.9238,23.948,31.986,41.628,46.122,50.799,54.131,57.4,44.501
449,449,18.632,23.261,30.147,42.462,49.278,64.907,51.313,43.927,44.522,449,449,22.847,27.257,28.318,38.455,51.262,60.903,50.767,45.89,45.649,449,449,5.9239,23.068,31.961,38.334,49.222,58.85,57.849,58.421,46.593
450,450,17.396,26.745,34.334,38.1,53.087,65.789,50.243,45.72,46.67,450,450,22.52,25.224,26.911,38.083,52.898,63.938,52.469,44.386,45.362,450,450,6.6011,27.661,34.063,39.854,52.729,62.589,63.442,58.938,46.252
451,451,20.628,27.583,29.479,38.089,49.409,68.203,55.194,46.861,45.696,451,451,25.888,28.342,34.099,41.017,50.282,67.219,55.731,47.834,47.457,451,451,10.019,21.673,26.947,38.562,51.552,65.318,66.619,58.325,46.792
452,452,19.348,22.633,28.323,41.241,47.654,60.089,46.229,45.944,46.205,452,452,30.018,28.969,29.25,40.984,48.732,62.865,51.581,46.027,46.07,452,452,13.893,17.479,32.896,38.202,48.685,56.431,60.249,62.315,46.577
453,453,20.924,33.827,33.796,38.755,50.892,58.337,47.016,45.317,44.672,453,453,29.36,31.906,32.486,39.15,51.908,66.133,53.334,47.037,46.277,453,453,10.867,20.876,27.8,38.309,51.18,57.187,62.175,63.626,46.839
454,454,18.528,31.925,26.538,37.746,52.491,64.498,53.197,50.112,46.145,454,454,37.818,38.037,31.246,39.203,52.147,65.293,52.884,50.712,48.82,454,454,20.066,24.357,30.484,36.591,52.612,61.31,64.1,65.375,49.301
455,455,17.964,27.567,32.602,44.294,57.141,72.691,59.812,55.024,50.156,455,455,35.528,32.718,33.112,43.231,56.699,71.078,60.841,55.635,52.631,455,455,18.296,26.216,29.012,42.053,58.277,65.883,68.804,70.411,53.731
456,456,26.345,32.581,35.607,46.935,62.23,76.751,63.775,55.438,50.839,456,456,27.968,35.907,34.909,48.065,61.081,72.914,62.253,56.114,52.997,456,456,2.3655,27.114,35.497,44.875,62.183,69.356,70.138,70.472,54.454
457,457,36.47,31.789,36.827,45.9,66.798,82.374,68.504,59.386,54.385,457,457,41.542,36.466,33.718,46.181,62.387,80.042,67.536,58.615,54.23,457,457,26.457,24.327,33.913,47.194,64.101,72.012,74.981,73.179,58.924
458,458,35.517,27.876,36.646,58.196,70.852,81.9,67.59,63.97,58.731,458,458,45.504,28.974,33.311,50.165,64.687,77.012,65.561,62.652,57.868,458,458,30.742,19.907,31.482,47.472,61.399,71.456,75.759,77.801,63.822
459,459,34.857,30.625,38.499,53.252,69.739,82.693,68.32,63.418,58.736,459,459,35.816,32.698,37.388,47.913,62.573,79.843,68.863,66.884,62.052,459,459,23.584,20.862,31.653,49.838,65.756,73.406,79.229,83.684,67.457
460,460,33.632,32.04,38.777,52.917,69.848,82.983,69.454,69.432,64.39,460,460,29.636,37.799,35.296,51.672,62.832,79.997,68.012,70.025,64.184,460,460,13.659,25.102,37.167,47.522,63.263,74.582,80.192,89.055,72.041
461,461,33.999,39.552,39.775,49.255,62.481,76.607,64.279,69.783,66.693,461,461,30.207,43.346,42.141,50.318,60.739,69.919,59.781,67.861,64.171,461,461,21.813,42.8,48.347,49.788,61.393,67.565,75.876,87.618,73.847
462,462,39.389,34.412,42.703,46.325,57.669,71.886,61.868,67.39,65.376,462,462,38.754,41.878,39.822,48.306,58.013,70.74,60.575,63.745,59.596,462,462,31.584,37.706,51.556,49.505,60.774,68.078,78.36,86.08,69.287
463,463,36.462,26.177,35.841,46.318,62.103,70.602,60.616,66.031,63.011,463,463,41.374,36.517,39.472,44.484,56.08,70.008,61.42,62.774,58.912,463,463,24.83,36.548,43.952,45.935,56.802,67.879,79.31,82.234,66.469
464,464,30.685,36.314,35.809,51.212,65.601,76.078,61.52,58.093,56.927,464,464,43.566,36.265,36.926,45.575,57.473,73.534,61.74,57.112,52.682,464,464,26.035,32.866,40.759,45.591,58.155,66.228,73.668,73.898,59.368
465,465,31.281,36.929,33.482,55.524,64.999,78.154,64.57,54.609,54.576,465,465,31.666,34.088,35.051,47.402,60.262,73.506,61.642,56.138,52.024,465,465,13.233,29.237,38.158,44.034,59.592,67.279,74.133,73.865,57.167
466,466,27.925,38.607,32.808,51.691,63.988,74.743,60.579,55.133,52.945,466,466,30.123,33.749,35.277,46.174,59.231,72.089,61.9,54.683,49.574,466,466,12.29,28.235,38.123,46.606,61.325,67.846,73.094,73.561,54.744
467,467,26.715,38.574,36.926,56.441,66.282,80.745,66.428,54.551,52.544,467,467,41.259,42.48,35.09,51.169,61.824,75.219,64.245,53.456,49.992,467,467,22.844,33.084,36.01,48.303,63.156,70.86,74.221,68.511,53.591
468,468,35.788,34.782,35.275,56.813,63.554,79.201,65.042,54.074,50.548,468,468,48.73,33.234,34.331,50.326,59.507,77.604,64.768,56.41,49.042,468,468,32.227,24.901,33.115,49.848,61.476,69.479,74.957,71.325,54.874
469,469,40.659,35.823,35.007,52.201,61.874,78.668,67.443,56.433,51.044,469,469,48.113,37.229,32.267,50.808,61.546,73.688,62.741,57.24,51.107,469,469,33.162,22.668,34.029,49.768,64.122,68.976,76.751,70.622,55.815
470,470,38.312,26.71,29.665,54.266,62.231,77.168,65.599,60.535,54.252,470,470,43.261,34.659,34.938,54.105,62.604,76.65,65.591,60.296,54.221,470,470,27.92,24.457,36.234,48.094,60.656,70.766,76.709,77.134,58.987
471,471,31.948,25.65,34.269,47.45,61.971,78.93,69.589,80.922,75.154,471,471,41.554,33.905,32.424,45.258,64.506,81.069,71.435,79.91,75.483,471,471,26.265,26.352,36.259,51.544,65.56,75.923,89.004,97.724,80.22
472,472,32.479,34.411,31.339,45.992,67.194,82.809,72.755,85.056,80.974,472,472,38.308,33.468,34.331,44.779,63.124,78.672,70.608,82.96,77.945,472,472,24.957,25.1,38.063,51.515,67.482,80.361,91.536,100.72,84.602
473,473,29.198,34.498,35.173,43.745,62.884,76.19,67.575,71.242,64.31,473,473,41.788,38.826,27.545,44.339,66.244,78.913,68.764,70.079,61.737,473,473,24.551,28.62,37.271,48.312,66.589,76.013,85.491,86.753,67.969
474,474,23.577,34.707,31.669,42.437,62.205,77.865,67.459,65.819,57.945,474,474,45.601,40.604,36.674,47.039,63.808,80.168,68.985,65.348,54.674,474,474,26.936,23.932,37.52,49.045,63.944,76.232,83.206,80.787,63.228
475,475,34.919,37.794,32.023,46.138,63.963,77.93,70.051,70.302,60.712,475,475,45.369,39.658,36.283,47.433,61.387,79.381,71.798,68.889,57.507,475,475,27.499,27.896,36.607,47.391,60.985,76.035,86.093,85.259,66.879
476,476,29.693,28.85,34.562,45.562,63.465,79.912,74.359,75.373,66.683,476,476,36.883,38.72,37.366,46.81,62.689,80.994,76.092,74.69,61.401,476,476,18.519,26.954,33.782,48.046,65.151,79.604,92.931,94.229,72.82
477,477,24.086,34.364,36.681,46.098,64.524,80.063,83.863,85.636,75.576,477,477,39.248,37.063,31.546,45.941,63.916,83.872,82.052,82.647,68.784,477,477,21.187,27.527,37.321,50.796,67.354,84.361,101.27,100.03,80.477
478,478,30.595,36.151,31.593,47.683,64.518,78.817,85.272,86.949,75.833,478,478,43.277,34.896,35.541,44.728,63.615,80.537,80.884,83.424,71.813,478,478,29.566,23.474,37.779,53.678,66.863,82.146,101.34,101.71,82.356
479,479,38.175,31.431,34.929,50.344,65.657,82.241,83.067,88.351,77.482,479,479,37.587,37.67,40.811,47.07,63.652,82.47,79.439,83.422,72.473,479,479,23.296,30.793,40.167,54.374,67.488,82.703,100.51,102.33,83.529
480,480,37.118,39.666,35.182,47.359,63.481,78.328,78.462,79.906,69.845,480,480,36.899,41.472,41.815,49.406,62.175,80.9,78.932,77.17,69.417,480,480,28.995,37.539,41.04,47.281,65.376,78.854,95.795,94.759,76.037
481,481,41.548,36.908,30.23,48.647,63.955,76.818,68.448,66.44,59.281,481,481,31.017,37.488,35.089,55.156,66.327,78.835,71.237,68.14,62.42,481,481,31.185,30.191,36.006,53.593,67.67,73.673,87.114,82.399,63.615
482,482,32.553,30.018,30.532,46.748,62.567,77.032,66.635,62.924,55.63,482,482,29.66,37.496,31.108,53.515,67.129,76.685,66.808,61.266,54.568,482,482,24.988,26.707,38.643,53.329,65.815,71.903,81.121,76.044,59.401
483,483,30.924,33.068,29.631,44.053,56.029,69.803,60.751,57.004,49.915,483,483,25.316,25.942,31.973,45.929,57.047,72.244,62.949,56.705,50.576,483,483,24.993,19.57,32.892,47.324,60.973,67.426,74.791,71.552,56.242
484,484,34.399,35.041,31.368,42.599,53.581,67.22,56.127,52.41,48.103,484,484,20.246,29.869,30.074,46.163,56.746,69.293,58.368,52.217,45.412,484,484,18.533,22.37,33.824,45.859,57.299,62.806,68.633,66.954,49.695
485,485,31.865,33.127,32.93,41.301,51.428,61.276,52.83,45.883,43.306,485,485,25.485,30.496,30.254,43.008,52.639,64.855,53.158,43.95,42.723,485,485,11.069,27.529,32.192,44.179,54.725,61.02,63.452,62.736,44.923
486,486,30.87,36.565,34.656,46.516,56.705,69.982,59.87,51.205,44.917,486,486,35.748,38.572,34.088,40.344,49.345,68.336,58.424,50.503,44.754,486,486,20.768,25.959,33.748,40.565,52.395,63.885,71.585,66.401,49.426
487,487,34.748,32.49,32.596,47.337,57.586,73.133,62.561,50.527,44.147,487,487,37.377,38.436,34.622,40.677,54.013,67.138,58.065,50.477,44.487,487,487,23.218,25.279,35.3,41.98,53.057,64.963,73.892,66.288,49.902
488,488,27.256,30.037,28.986,49.189,63.882,74.547,64.06,52.513,46.384,488,488,31.282,30.552,30.48,40.898,57.316,69.694,61.128,52.235,46.602,488,488,16.163,21.065,33.331,41.027,56.641,65.474,76.178,67.677,51.256
489,489,23.467,36.998,33.094,48.441,59.806,74.358,62.009,47.813,43.114,489,489,37.786,41.945,36.694,44.342,56.089,74.877,64.065,51.273,46.973,489,489,22.324,29.233,28.699,39.326,55.459,65.75,74.178,66.262,50.345
490,490,36.046,32.571,31.512,48.139,63.08,76.789,63.224,47.423,44.695,490,490,31.523,41.933,35.272,44.128,57.61,75.711,63.666,51.083,46.226,490,490,20.198,27.349,35.123,45.358,56.543,65.804,73.998,65.993,50.236
491,491,35.963,29.315,25.728,41.662,56.285,71.825,58.07,46.001,44.361,491,491,35.416,36.912,34.616,40.525,55.179,76.817,65.144,50.523,46.888,491,491,23.436,22.833,37.443,41.433,52.228,63.811,66.403,62.531,50.047
492,492,27.321,36.267,36.224,41.499,58.206,70.287,55.856,49.278,47.462,492,492,35.09,38.529,35.764,44.853,55.249,73.903,62.785,55.84,52.684,492,492,20.899,27.756,37.377,45.543,57.069,63.56,67.51,68.256,54.264
493,493,34.835,36.45,35.829,42.331,51.559,67.711,54.258,45.376,44.033,493,493,39.366,44.231,35.191,44.549,51.79,68.217,56.279,52.967,49.854,493,493,24.612,37.841,38.585,45.68,50.669,60.637,61.742,63.141,51.93
494,494,28.953,37.877,42.523,46.208,52.227,67.579,54.527,66.338,61.404,494,494,31.82,33.213,39.219,47.336,51.321,63.911,53.237,61.834,55.73,494,494,27.214,31.329,39.225,47.258,54.567,60.912,65.814,80.366,65.901
495,495,22.307,34.184,37.358,40.031,47.601,60.565,48.709,60.18,55.519,495,495,34.046,45.523,47.318,48.054,49.56,62.286,53.547,55.671,50.769,495,495,24.651,42.343,43.724,46.29,52.547,57.746,62.449,75.139,60.394
496,496,28.199,25.882,34.117,43.694,49.441,60.408,48.57,53.978,50.353,496,496,33.821,38.974,29.226,43.187,51.688,62.708,51.241,50.606,47.685,496,496,30.426,32.439,33.95,41.403,54.334,57.105,60.563,68.827,54.859
497,497,24.142,26.338,29.746,39.246,48.653,65.249,53.579,58.291,54.406,497,497,23.524,30.791,33.128,38.715,49.546,62.394,50.528,59.782,55.685,497,497,20.063,21.685,37.039,41.113,52.307,57.967,67.369,77.259,63.292
498,498,21.66,28.513,33.072,41.828,48.128,54.901,44.015,47.168,45.837,498,498,26.797,32.825,33.069,38.527,48.227,60.01,49.567,42.99,40.527,498,498,12.105,23.185,32.903,41.614,48.387,52.53,58.369,63.649,48.034
499,499,20.91,28.848,29.65,38.096,41.851,51.896,40.083,41.908,42.872,499,499,21.892,24.543,27.47,38.038,46.024,54.228,43.381,41.118,41.484,499,499,10.865,19.243,32.581,43.822,47.041,50.811,52.681,56.442,44.121
500,500,19.092,25.897,30.97,39.785,45.429,57.835,45.505,52.951,47.169,500,500,20.55,25.21,28.37,38.822,45.963,57.672,45.977,50.067,44.515,500,500,5.786,20.508,30.12,39.397,46.363,50.994,56.716,71.74,55.682
501,501,18.917,27.04,28.357,37.83,45.985,55.396,42.521,41.663,42.317,501,501,21.461,27.575,24.671,36.917,43.302,55.545,44.3,40.685,40.444,501,501,-0.084265,17.908,30.406,43.309,47.509,49.769,53.31,58.334,45.116
502,502,19.224,24.106,32.122,43.192,49.307,60.332,47.781,57.525,52.452,502,502,22.793,25.834,29.197,39.566,48.316,59.87,47.088,52.831,48.126,502,502,5.0361,20.709,28.626,40.331,47.56,53.475,59.004,71.58,56.953
503,503,21.606,25.736,34.041,43.527,50.411,60.541,48.56,53.002,49.089,503,503,24.472,26.193,26.346,40.162,49.631,64.316,52.954,51.264,47.491,503,503,5.6706,25.677,33.905,43.519,50.223,55.614,60.615,68.646,54.555
504,504,15.919,21.428,31.69,37.998,51.53,64.61,53.616,58.796,54.916,504,504,20.55,21.276,30.01,44.923,54.371,70.848,61.164,61.697,59.23,504,504,8.9239,24.237,33.73,44.636,54.858,62.178,69.176,77.395,61.785
505,505,17.668,36.918,38.525,48.867,54.09,66.139,56.72,65.067,60.789,505,505,11.092,35.491,41.5,49.492,57.67,74.238,63.925,62.573,57.849,505,505,19.156,36.702,39.313,49.854,58.413,65.8,73.322,78.201,63.879
506,506,30.954,38.531,41.264,40.973,52.96,67.876,60.647,63.836,57.45,506,506,21.07,37.741,38.9,40.743,55.892,73.072,66.077,63.307,57.643,506,506,17.679,36.136,41.717,44.621,55.564,69.67,79.79,81.126,62.822
507,507,33.81,26.847,27.921,36.343,55.095,72.395,67.877,75.582,68.615,507,507,30.467,30.643,31.678,40.526,54.736,75.491,70.076,72.773,68.966,507,507,22.406,28.899,28.827,42.449,58.069,76.422,85.805,92.253,73.993
508,508,28.953,21.331,27.781,43.06,59.344,77.241,71.094,86.01,81.353,508,508,28.694,24.775,33.023,40.384,55.616,75.646,70.358,83.66,78.979,508,508,17.438,23.737,33.652,45.281,60.153,77.387,91.139,100.37,85.138
509,509,27.579,26.894,34.517,41.605,60.533,77.781,71.75,80.401,76.242,509,509,30.244,23.214,26.776,38.637,56.802,74.699,68.979,76.021,70.143,509,509,15.831,35.51,33.862,45.466,63.402,75.736,90.654,97.893,80.95
510,510,25.641,23.928,32.307,41.895,56.397,74.036,66.622,72.379,66.629,510,510,29.413,24.128,29.215,43.851,59.357,78.871,70.909,71.381,64.606,510,510,15.123,24.056,29.009,44.095,60.862,74.962,87.058,90.147,70.305
511,511,27.175,27.705,31.831,38.291,51.59,67.596,62.341,67.273,58.698,511,511,31.802,28.945,29.707,43.22,59.114,76.237,68.32,66.785,56.886,511,511,11.227,19.964,29.123,42.346,60.178,73.242,83.34,82.452,63.955
512,512,23.095,26.36,31.478,37.228,47.733,65.602,58.753,60.736,52.26,512,512,25.948,28.849,31.398,42.017,57.065,73.676,64.141,59.88,49.324,512,512,8.0382,22.399,33.463,39.832,56.944,69.652,76.283,73.705,56.294
513,513,23.197,26.625,26.514,40.871,46.713,63.668,53.428,55.1,48.566,513,513,27.721,31.248,30.877,39.859,53.698,67.668,57.097,52.048,44.747,513,513,6.4022,19.652,27.207,37.515,51.55,61.809,68.698,66.983,50.973
514,514,27,27.046,31.028,36.311,42.725,47.3,37.83,36.413,40.475,514,514,30.842,30.654,28.162,35.594,42.49,51.304,41.384,36.159,39.149,514,514,8.3818,19.813,29.287,35.606,43.435,46.372,50.585,48.724,40.288
515,515,22.966,25.878,33.234,38.543,45.178,52.137,40.051,37.533,43.112,515,515,27.618,32.777,29.003,38.435,46.012,55.147,41.632,37.116,39.895,515,515,4.822,18.619,32.622,37.039,44.413,49.061,50.984,48.349,41.261
516,516,16.131,29.77,23.969,36.659,47.827,54.916,44.233,40.027,40.841,516,516,21.853,28.987,29.069,40.322,46.639,58.872,49.318,39.952,40.101,516,516,7.8873,16.222,33.88,34.463,48.33,52.342,58.364,55.215,41.169
517,517,21.519,17.599,29.665,36.164,47.893,65.53,54.171,44.468,44.608,517,517,24.895,23.694,31.882,39.109,52.609,64.94,54.557,43.698,42.222,517,517,9.4422,25.547,35.07,40.659,53.962,62.541,64.776,60.094,44.017
518,518,31.737,30.732,30.834,38.923,52.289,65.105,52.312,45.176,43.629,518,518,35.523,35.465,34.136,43.023,57.235,68.585,56.227,44.168,42.221,518,518,14.142,17.447,31.056,43.028,53.465,61.632,63.794,58.773,43.765
519,519,36.703,32.002,27.532,38.589,52.165,67.121,55.787,54.775,49.483,519,519,40.367,35.591,29.389,42.137,57.526,71.381,60.862,52.815,48.432,519,519,18.208,18.453,32.095,42.786,56.933,67.288,71.524,67.448,50.753
520,520,31.798,30.777,32.391,37.107,54.58,67.599,58.245,57.385,50.985,520,520,35.069,36.945,30.806,39.994,59.513,72.023,62.906,58.085,52.214,520,520,13.674,15.042,25.76,41.77,59.751,65.785,77.152,77.827,55.885
521,521,33.57,31.554,28.735,38.505,60.935,78.216,68.479,72.799,65.932,521,521,37.398,37.259,36.88,38.728,63.426,81.601,71.401,70.401,63.009,521,521,15.031,20.397,32.237,43.136,62.806,75.133,85.334,87.932,69.853
522,522,34.435,31.998,30.792,42.293,62.556,77.897,70.426,77.183,72.894,522,522,38.286,37.201,35.269,41.255,57.123,78.553,69.32,75.469,71.635,522,522,18.505,24.557,32.471,45.916,62.371,76.281,87.995,94.152,75.778
523,523,33.781,28.887,33.81,41.846,57.175,76.669,68.498,76.187,71.141,523,523,37.26,31.318,33.579,39.419,57.204,78.939,71.584,73.233,67.949,523,523,16.08,25.461,33.351,46.073,59.787,75.585,86.087,90.564,73.271
524,524,23.803,34.474,30.42,37.737,54.091,72.846,66.362,71.885,65.417,524,524,28.755,37.672,32.726,41.836,58.067,78.642,69.944,70.071,62.03,524,524,10.831,21.543,28.123,43.785,57.596,74.441,85.162,84.985,67.279
525,525,29.981,30.701,27.068,37.391,49.127,64.435,56.297,55.729,50.087,525,525,33.155,35.119,30.393,44.936,57.279,71.466,62.995,52.688,46.798,525,525,11.759,22.029,28.62,46.008,57.909,67.653,76.082,68.313,52.73
526,526,21.85,18.299,33.094,38.798,49.271,64.172,57.15,51.948,47.292,526,526,23.112,26.68,31.875,41.782,55.054,69.959,61.594,48.714,44.087,526,526,1.4768,19.185,27.263,39.094,55.338,68.643,74.53,64.788,49.577
527,527,20.536,21.237,25.599,37.276,49.177,64.224,55.739,48.701,46.472,527,527,25.085,27.531,30.803,40.469,54.672,68.969,60.05,47.698,45.786,527,527,6.7248,20.135,32.566,43.439,56.399,63.942,71.033,63.34,47.18
528,528,26.704,19.098,29.549,40.695,52.007,68.745,57.369,47.75,43.898,528,528,29.457,28.343,28.101,39.624,51.06,67.79,59.125,46.432,43.066,528,528,7.3866,21.177,31.519,44.306,55.123,64.772,71.379,62.079,44.923
529,529,26.487,21.171,35.055,38.319,49.506,66.243,55.039,43.443,44.904,529,529,30.202,30.327,34.952,42.614,54.407,63.545,52.894,43.983,41.874,529,529,8.2752,25.828,33.901,43.992,56.591,61.951,63.687,59.227,44.337
530,530,34.925,27.329,32.535,39.686,51.211,67.423,54.418,41.633,43.207,530,530,38.84,31.223,35.781,40.941,57.153,61.197,51.088,40.643,41.599,530,530,15.729,24.446,30.794,45.893,61.252,59.936,60.427,56.055,43.714
531,531,29.101,29.008,26.281,39.339,52.704,66.84,52.394,40.403,44.581,531,531,33.3,28.342,31.612,42.647,55,64.007,52.204,39.788,41.205,531,531,12.019,14.947,32.87,46.486,59.363,59.759,59.306,53.519,43.017
532,532,27.067,25.39,31.765,38.059,48.148,62.485,49.34,39.471,42.463,532,532,29.105,25.965,24.961,38.364,49.371,67.094,57.034,38.505,40.218,532,532,8.0803,22.248,29.672,45.676,56.265,58.218,59.46,52.627,41.949
533,533,23.785,33.143,28.441,39.609,49.483,61.978,49.04,40.783,45.507,533,533,26.608,35.738,27.887,39.087,54.557,68.602,57.293,38.163,40.603,533,533,7.9921,22.039,27.904,45.766,54.629,56.929,58.027,52.396,42.008
534,534,26.224,33.999,26.097,40.237,46.842,60.784,47.688,41.224,43.59,534,534,29.214,36.097,34.917,40.757,53.142,66.371,54.495,38.482,40.669,534,534,12.034,20.154,29.073,42.937,55.627,56.278,58.622,53.564,43.048
535,535,20.868,31.598,32.924,41.098,59.895,61.107,48.008,43.049,44.779,535,535,40.991,39.059,38.138,44.437,58.443,67.258,55.39,40.254,41.013,535,535,24.642,23.806,33.1,46.046,60.605,59.58,61.173,54.824,43.415
536,536,28.898,23.793,34.686,41.759,61.099,71.242,57.01,43.275,43.279,536,536,45.154,38.834,34.11,44.95,61.497,66.61,55.324,42.263,40.757,536,536,28.993,24.567,32.795,46.36,63.12,63.336,64.879,59.213,43.292
537,537,29.079,34.481,33.991,40.23,59.205,70.347,57.609,43.273,44.837,537,537,40.014,43.618,35.907,39.232,57.453,67.186,56.202,41.719,40.521,537,537,25.159,27.478,31.207,40.543,59.277,63.595,65.571,57.753,43.06
538,538,38.167,37.53,33.592,40.448,53.649,65.126,53.869,50.876,46.034,538,538,44.229,44.445,31.955,41.887,54.36,68.758,58.418,49.185,44.924,538,538,30.025,29.766,32.473,44.055,56.625,65.297,69.939,64.919,52.204
539,539,32.427,34.126,30.551,39.712,52.28,68.547,58.731,52.041,49.228,539,539,42.168,33.821,32.204,40.879,56.04,72.676,64.099,51.134,47.166,539,539,27.347,24.379,27.775,39.681,56.928,70.499,75.502,68.104,53.771
540,540,33.805,29.483,30.726,39.868,55.411,72.946,63.778,66.044,63.954,540,540,34.959,28.722,32.685,45.399,59.045,79.197,69.299,61.868,60.362,540,540,16.505,19.481,32.186,41.848,60.165,74.337,78.458,70.825,60.935
541,541,35.12,26.622,32.736,41.445,60.384,71.24,64.275,62.214,55.939,541,541,38.201,27.047,26.216,40.324,59.716,72.091,67.217,61.413,51.93,541,541,15.416,14.732,24.491,44.875,63.093,73.205,81.788,77.374,61.735
542,542,31.564,31.031,29.161,40.666,61.925,76.865,67.023,69.71,64.441,542,542,37.956,36.891,30.959,41.352,56.972,73.481,65.874,68.108,62.079,542,542,16.93,16.095,31.482,41.71,61.752,70.918,84.848,83.9,67.407
543,543,22.838,18.839,27.492,42.483,62.382,77.681,68.949,72.196,64.915,543,543,25.003,27.966,32.114,39.081,54.922,72.56,65.56,68.437,61.706,543,543,3.1244,19.407,29.296,46.306,61.957,72.213,86.751,85.72,68.016
544,544,19.421,23.26,32.108,42.258,59.887,75.5,66.71,68.314,63.066,544,544,24.1,20.977,29.273,44.426,57.134,75.797,66.648,65.897,60.63,544,544,5.3078,21.537,30.213,43.668,59.304,73.569,83.966,83.091,65.203
545,545,26.054,26.548,29.916,40.191,59.226,72.169,61.009,58.701,52.356,545,545,29.551,29.988,31.685,43.019,58.352,73.936,65.3,58.384,51.811,545,545,11.423,15.19,29.124,42.819,60.494,70.302,77.099,72.544,55.469
546,546,22.923,22.668,29.551,40.992,51.079,63,52.413,49.391,45.542,546,546,26.028,24.371,28.624,40.862,54.443,69.627,59.603,47.262,44.498,546,546,6.1236,16.812,30.315,40.791,55.803,62.228,72.299,61.746,47.877
547,547,20.1,23.109,28.99,37.631,47.642,59.311,48.787,46.415,45.163,547,547,22.974,23.067,31.526,39.769,52.379,64.201,55.177,44.319,42.364,547,547,2.312,12.938,29.545,36.381,54.594,60.22,67.017,58.796,43.995
548,548,18.841,27.937,30.419,36.162,47.855,57.736,46.55,45.115,43.477,548,548,24.14,30.25,29.186,38.687,56.378,63.476,53.187,45.903,42.975,548,548,6.5099,17.588,32.603,39.289,57.93,57.795,61.876,58.749,45.974
549,549,32.148,30.12,31.33,39.304,48.241,59.346,47.72,50.927,49.392,549,549,38.084,38.711,39.761,39.154,54.688,63.073,52.971,48.094,45.454,549,549,22.938,21.649,27.335,39.784,54.542,55.64,60.656,64.138,49.371
550,550,33.677,33.289,30.643,36.548,50.741,60.099,49.494,51.554,46.216,550,550,42.226,41.127,38.71,41.863,58.158,66.451,56.208,50.087,45.822,550,550,27.01,23.754,29.105,40.199,60.019,60.491,67.124,67.021,49.653
551,551,18.919,28.286,24.385,40.259,57.289,64.07,58.333,62.133,55.909,551,551,37.003,39.618,32.062,42.179,60.672,71.85,63.63,59.604,54.138,551,551,20.168,20.692,27.679,41.723,61.219,67.462,77.532,80.367,60.405
552,552,23.281,28.057,31.993,39.201,60.317,73.68,66.615,77.367,72.436,552,552,38.382,40.78,37.532,41.035,60.388,76.158,68.63,78.367,73.891,552,552,22.363,24.055,32.033,43.203,64.262,75.001,86.767,94.341,77.684
553,553,30.783,35.446,33.369,42.22,61.58,79.29,74.899,83.888,81.041,553,553,46.603,47.974,35.077,37.967,59.943,79.657,72.231,80.681,76.323,553,553,30.523,32.859,31.627,47.372,65.191,80.796,93.675,100.31,85.119
554,554,31.769,27.476,30.268,42.105,55.303,74.537,68.623,74.725,68.033,554,554,46.02,41.674,34.41,43.992,61.369,79.018,72.114,73.702,65.302,554,554,29.515,31.144,33.244,43.361,62.679,75.929,89.678,93.007,74.14
555,555,21.351,28.254,26.372,39.273,52.224,67.42,61.029,67.198,58.567,555,555,39.663,35.03,30.383,43.735,59.496,76.052,67.328,65.12,56.311,555,555,23.478,28.005,34.55,42.992,58.133,71.657,79.762,81.227,64.991
556,556,28.868,24.967,33.273,40.472,47.414,61.585,53.884,57.794,51.562,556,556,34.478,34.004,31.78,41.184,54.846,65.438,57.505,54.562,48.047,556,556,16.573,28.802,33.84,40.224,57.6,60.924,70.351,70.03,54.323
557,557,27.115,26.593,30.986,37.944,49.051,57.359,46.591,44.247,43.561,557,557,35.102,33.632,30.951,41.722,52.668,63.012,51.37,44.129,44.091,557,557,19.966,20.324,28.055,41.14,55.696,56.662,58.136,57.778,44.04
558,558,23.972,26.501,31.884,36.837,53.405,58.695,45.372,41.19,44.256,558,558,36.465,28.393,30.537,40.246,54.966,58.989,47.799,42.669,42.47,558,558,19.704,24.632,29.369,40.967,57.06,55.743,54.782,56.314,43.277
559,559,27.693,25.38,29.206,39.29,49.144,61.899,50.628,41.659,42.495,559,559,28.904,31.915,36.801,39.927,49.644,59.357,49.305,43.315,43.297,559,559,11.704,24.78,25.473,39.075,50.471,57.706,60.945,55.057,42.931
560,560,19.527,18.235,28.965,41.534,53.386,64.66,51.658,41.933,44.064,560,560,36.978,34.827,35.085,44.994,53.808,60.094,48.733,42.355,43.553,560,560,20.774,26.574,33.963,40.202,51.206,56.171,57.553,53.159,43.519
561,561,23.188,26.125,32.466,40.107,52.068,61.555,48.122,39.52,41.42,561,561,29.795,29.945,27.343,42.451,51.36,62.858,47.59,39.959,41.784,561,561,14.632,23.799,34.177,38.705,48.922,54.701,55.13,52.5,42.385
562,562,28.607,23.571,27.911,40.216,50.179,64.551,51.13,38.927,43.057,562,562,29.498,31.429,31.119,45.47,51.355,64.458,52.907,39.321,39.564,562,562,12.196,19.737,31.156,41.207,52.539,54.443,54.409,50.744,41.612
563,563,25.28,18.461,29.285,39.28,46.961,57.789,45.769,37.879,40.517,563,563,37.712,30.582,27.539,41.771,48.572,55.864,45.769,38.271,39.842,563,563,20.575,20.659,31.461,37.528,51.106,51.505,50.273,49.489,41.354
564,564,20.54,23.738,29.794,39.136,46.323,57.518,44.857,37.746,43.701,564,564,31.121,30.339,25.851,34.707,45.256,53.424,44.779,36.25,39.911,564,564,13.783,25.245,31.979,36.867,45.571,47.014,48.211,46.624,41.215
565,565,19.644,22.16,29.508,39.768,46.8,55.098,43.202,35.982,40.852,565,565,24.024,23.895,29.181,39.312,46.876,53.982,42.276,36.33,38.262,565,565,5.3989,25.362,33.77,36.995,46.716,47.401,46.937,48.218,39.953
566,566,19.642,22.227,26.522,38.984,45.596,54.203,41.281,37.286,43.041,566,566,25.888,24.088,29.629,37.335,46.385,53.669,43.18,36.669,39.249,566,566,9.0552,14.433,32.52,36.021,49.973,48.807,47.225,48.868,40.599
567,567,16.96,18.754,30.143,38.533,48.666,54.414,43.378,36.771,40.627,567,567,23.204,23.361,28.645,43.3,50.613,55.152,43.554,36.63,38.565,567,567,12.105,24.357,29.981,38.792,49.839,49.283,49.091,48.413,40.006
568,568,20.464,15.643,28.815,39.974,50.783,55.247,43.221,35.659,42.02,568,568,29.895,26.697,29.926,41.977,49.211,55.271,44.11,34.426,38.512,568,568,12.969,19.124,35.4,37.206,48.648,47.434,48.662,46.805,39.644
569,569,28.098,26.181,32.046,37.871,45.14,51.55,39.767,35.484,40.597,569,569,32.223,28.807,30.111,38.044,45.141,49.051,40.125,33.899,38.224,569,569,10.582,19.571,30.658,35.365,45.703,46.998,47.044,43.944,39.394
570,570,26.605,23.19,28.748,36.702,45.017,49.793,38.497,35.939,42.984,570,570,28.012,26.761,26.147,36.711,44.801,52.987,42.045,34.255,38.939,570,570,5.0841,22.413,32.215,38.522,47.341,46.2,46.961,46.462,39.332
571,571,17.91,21.583,30.628,34.543,47.027,52.501,40.452,36.459,40.641,571,571,20.408,22.712,29.509,33.231,45.648,52.486,43.358,36.162,40.709,571,571,8.0209,25.608,27.847,29.071,45.343,47.304,45.862,47.285,41.121
572,572,27.124,26.688,29.471,34.446,51.209,56.63,44.832,37.363,43.17,572,572,30.432,28.921,29.983,36.927,50.741,59.046,48.521,34.691,38.27,572,572,8.4088,20.598,31.215,37.006,51.806,50.904,51.255,46.613,39.739
573,573,23.284,25.704,31.076,38.305,46.741,55.384,43.712,36.169,40.534,573,573,27.061,27.432,26.139,39.232,48.459,61.199,50.417,34.866,38.192,573,573,7.4195,21.237,31.744,37.533,51.202,53.598,51.613,46.945,39.448
574,574,19.28,26.079,29.533,38.351,46.552,57.566,45.514,36.396,42.962,574,574,23.078,25.697,30.653,36.41,48.389,63.498,52.928,34.339,38.258,574,574,2.205,18.213,28.071,34.36,49.001,52.416,54.243,47.807,39.869
575,575,25.385,25.41,27.19,39.54,48.84,55.48,43.569,36.394,40.437,575,575,28.672,26.514,25.049,37.656,47.532,60.794,48.807,35.256,37.975,575,575,1.2594,20.977,29.83,40.09,48.405,49.345,53.16,48.81,39.085
576,576,19.749,25.446,28.372,34.624,44.869,54.176,42.057,36.208,43.035,576,576,23.904,19.824,28.624,41.467,47.038,58.056,46.129,34.91,38.712,576,576,6.0439,18.828,27.738,37.549,51.49,47.028,49.994,46.804,39.718
577,577,21.549,23.706,27.1,35.122,46.277,53.867,42.585,35.793,40.075,577,577,20.96,26.288,32.686,36.301,48.003,62.972,51.643,35.773,38.332,577,577,4.5834,14.01,29.179,34.884,50.863,49.194,52.556,48.366,40.199
578,578,17.278,25.06,21.01,35.457,47.577,56.243,44.02,36.113,42.642,578,578,16.961,29.398,29.218,35.557,49.381,61.15,49.206,35.436,38.279,578,578,1.9691,17.859,28.746,35.57,51.884,49.321,51.226,49.677,39.689
579,579,12.89,23.059,29.71,36.982,44.969,51.108,39.807,34.084,39.642,579,579,17.078,26.07,30.66,38.25,47.748,55.159,43.274,33.596,37.724,579,579,-6.3389,20.691,31.05,37.376,47.096,48.423,49.974,47.978,39.122
580,580,5.3578,23.832,28.013,35.6,45.011,54.73,42.224,35.2,42.788,580,580,15.393,20.791,24,37.233,46.057,55.834,43.192,32.474,38.525,580,580,-6.5975,15.709,24.01,34.148,46.098,49.261,49.444,45.891,39.363
581,581,10.351,24.731,24.27,35.552,40.118,49.469,37.867,34.383,39.961,581,581,20.412,27.697,30.998,31.822,42.826,52.317,41.181,33.396,38.308,581,581,7.2843,20.639,29.531,36.367,43.805,45.046,46.172,46.434,40.014
582,582,23.005,27.339,31.542,33.864,43.015,52.76,39.754,35.714,43.109,582,582,20.598,25.745,26.609,35.682,43.727,53.036,42.615,35.206,39.336,582,582,9.6391,18.819,28.406,39.01,46.672,47.173,47.428,47.677,41.232
583,583,26.239,28.119,30.488,35.201,43.313,56.321,45.051,35.506,39.191,583,583,29.2,28.711,32.519,37.997,46.707,60.979,49.43,36.746,37.946,583,583,9.2219,15.623,28.731,36.39,47.022,50.732,51.362,53.159,42.019
584,584,29.544,32.949,31.044,34.014,47.053,61.161,47.375,36.06,42.762,584,584,32.764,43.086,33.519,35.923,46.723,57.029,45.264,35.848,38.46,584,584,16.799,27.851,25.921,35.07,47.769,52.364,52.186,49.902,40.397
585,585,32.849,33.101,29.963,37.959,46.841,62.04,48.411,37.786,40.133,585,585,38.935,36.534,23.629,36.441,48.705,61.657,48.692,39.051,38.683,585,585,23.679,24.23,27.584,37.473,46.101,53.788,54.505,54.555,43.21
586,586,27.459,25.985,29.553,37.387,47.524,60.438,48.805,39.167,43.953,586,586,30.545,31.966,27.261,36.947,49.559,57.599,46.256,38.59,39.977,586,586,15.138,20.899,31.697,36.243,46.763,51.833,54.403,52.767,41.572
587,587,20.109,28.644,29.068,32.645,46.758,63.354,51.2,43.82,41.505,587,587,27.466,27.214,29.753,37.314,51.192,62.853,51.462,43.566,41.522,587,587,13.401,19.954,31.956,36.717,51.003,55.999,58.871,58.753,45.056
588,588,23.138,22.135,30.943,35.405,53.352,66.139,54.723,48.721,45.333,588,588,27.945,32.125,27.745,38.639,56.031,66.873,57.716,47.376,43.639,588,588,9.3946,22.5,33.596,39.29,58.323,60.781,67.627,64.815,47.235
589,589,22.533,20.296,27.932,38.408,59.39,71.687,61.481,58.421,50.522,589,589,33.296,32.973,28.594,40.443,62.769,71.141,63.967,56.946,51.347,589,589,18.421,22.991,33.78,41.97,62.979,68.793,76.3,75.161,55.564
590,590,23.173,26.981,27.271,41.712,63.236,76.48,68.456,71.623,63.863,590,590,28.805,31.403,28.959,40.383,64.697,79.912,71.547,68.129,58.927,590,590,14.74,21.965,25.216,43.923,64.513,75.356,86.022,86.817,67.455
591,591,20.994,24.151,30.336,45.369,63.624,77.793,69.474,76.569,72.611,591,591,25.269,31.914,33.946,39.268,59.731,77.748,70.127,73.543,68.258,591,591,12.147,24.113,28.567,45.899,62.931,74.623,87.989,92.585,74.461
592,592,22.734,27.016,35.372,47.431,61.323,79.754,69.667,75.316,71.269,592,592,31.003,28.967,26.514,42.478,60.114,72.474,67.664,72.186,68.646,592,592,17.611,24.719,33.344,44.326,63.532,76.191,86.683,92.761,74.069
593,593,30.045,26.147,31.947,52.269,61.376,76.335,68.76,72.198,65.152,593,593,36.438,31.41,25.588,45.274,62.668,79.998,71.402,69.829,63.157,593,593,16.258,21.322,34.735,47.38,62.831,76.943,86.785,87.016,68.409
594,594,30.004,27.396,33.565,50.148,64.93,76.985,64.336,60.89,54.019,594,594,40.527,36.517,34.324,44.449,60.698,76.254,66.771,60.603,51.169,594,594,22.206,23.639,27.256,45.053,62.632,71.4,78.438,75.348,57.835
595,595,23.874,34.537,33.937,49.394,63.433,74.885,61.359,52.892,48.795,595,595,38.048,40.425,34.64,47.107,59.505,72.843,62.554,50.997,45.531,595,595,20.953,26.898,33.25,45.49,61.753,71.384,74.795,65.957,51.495
596,596,26.275,28.496,35.321,50.831,67.726,80.542,67.941,68.345,63.375,596,596,40.791,33.337,30.37,45.01,62.113,79.556,69.399,64.521,58.343,596,596,23.975,18.661,33.868,41.568,62.5,73.023,76.994,82.917,66.897
597,597,26.069,27.875,30.925,46.301,61.195,78.769,65.962,57.298,52.743,597,597,42.95,42.783,30.7,48.197,61.077,75.947,64.75,55.986,50.231,597,597,27.564,26.545,30.65,47.431,61.979,68.295,73.477,74.088,56.24
598,598,29.554,34.361,36.762,50.988,60.886,78.158,67.145,58.374,51.94,598,598,43.107,43.189,37.816,46.207,61.159,76.761,65.686,57.321,50.426,598,598,27.856,29.274,36.079,43.767,62.364,69.712,75.808,72.078,56.485
599,599,32.744,37.291,30.045,47.539,58.818,74.26,65.676,54.253,49.368,599,599,44.547,43.5,31.74,43.433,56.808,72.948,63.337,54.387,47.058,599,599,27.874,30.884,34.067,43.903,59.307,68.843,76.438,71.714,54.805
600,600,33.017,34.214,28.048,42.313,61.384,75.09,63.98,53.35,47.742,600,600,40.762,38.725,38.176,43.295,60.157,70.959,61.265,54.959,46.812,600,600,24.058,26.432,34.79,45.617,61.96,66.681,75.402,70.613,54.865
601,601,27.426,32.286,27.828,39.753,58.153,75.939,65.025,52.607,47.624,601,601,41.384,34.822,29.073,43.902,58.006,69.548,60.649,52.95,45.869,601,601,25.555,24.395,31.92,45.158,60.203,67.297,74.637,68.705,53.329
602,602,31.601,31.007,32.518,41.858,57.912,75.107,66.18,52.446,46.979,602,602,40.576,42.074,37.146,43.405,58.868,72.924,65.007,53.112,46.157,602,602,25.669,29.698,36.41,48.343,61.707,70.897,77.591,68.783,51.547
603,603,34.435,29.97,33.719,41.954,59.233,75.723,65.007,52.762,47.14,603,603,42.474,44.99,32.64,43.989,57.69,71.908,63.957,53.918,45.272,603,603,28.026,28.829,36.997,43.733,60.128,70.15,79.693,69.552,52.245
604,604,35.125,31.537,25.33,38.125,57.535,73.864,66.2,55.259,47.883,604,604,35.179,41.895,36.034,39.416,57.641,73.798,65.889,55.935,46.001,604,604,20.654,26.993,38.655,43.369,59.357,68.865,79.503,71.221,52.914
605,605,37.273,39.518,31.956,40.81,57.56,73.433,65.112,55.909,49.977,605,605,43.577,41.261,31.31,44.081,55.147,72.489,64.953,54.662,45.963,605,605,28.265,29.911,33.061,45.162,57.764,68.777,80.321,70.932,53.508
606,606,37.63,31.42,33.425,39.21,61.251,78.436,70.084,66.891,61.1,606,606,40.132,31.085,26.369,40.138,57.684,79.252,72.534,65.146,56.641,606,606,24.124,25.141,34.88,43.062,60.162,75.712,87.295,81.173,64.061
607,607,35.675,33.574,32.333,44.323,62.684,81.173,75.834,71.984,64.435,607,607,37.216,27.323,29.359,41.513,60.165,77.808,75.095,69.664,62.295,607,607,23.049,21.333,27.981,45.619,61.205,78.349,95.377,87.03,68.864
608,608,40.471,31.84,30.442,45.523,64.923,80.343,80.143,75.245,66.99,608,608,37.888,40.164,33.666,44.031,63.75,83.035,81.411,75.059,63.981,608,608,21.296,25.899,38.657,45.39,66.416,80.683,101.08,91.53,73.016
609,609,36.843,37.718,31.423,45.739,60.997,81.075,82.123,78.016,69.601,609,609,30.858,46.259,36.769,45.196,60.6,83.989,80.851,75.519,64.38,609,609,19.627,31.517,40.198,46.839,61.54,82.08,101.11,92.606,75.859
610,610,29.157,34.217,31.394,43.443,61.675,81.456,84.256,78.865,68.785,610,610,36.696,44.15,32.8,45.206,60.955,82.465,81.161,75.437,63.776,610,610,18.821,26.087,35.113,44.577,62.72,81.396,98.909,92.308,74.491
611,611,33.962,27.399,27.765,42.262,58.401,79.848,85.522,79.869,70.612,611,611,38.096,39.43,32.94,40.056,59.827,81.233,81.37,76.444,67.277,611,611,26.179,22.433,30.787,40.639,59.749,81.312,102.21,93.859,76.3
612,612,29.45,25.232,31.749,42.889,60.585,81.197,82.964,79.949,72.171,612,612,45.086,38.137,32.488,42.49,58.773,81.813,77.581,74.229,67.448,612,612,27.319,23.162,34.341,44.663,59.412,83.483,101.07,93.369,75.808
613,613,25.165,23.72,32.093,40.574,57.26,76.539,77.668,75.148,66.958,613,613,41.23,22.256,33.657,41.154,57.348,78.573,74.151,71.199,66.258,613,613,20.385,22.829,33.973,44.38,59.339,81.529,94.713,88.87,71.996
614,614,22.966,24.416,31.558,42.035,58.835,72.315,71.206,69.591,61.804,614,614,28.873,28.027,33.581,46.837,58.679,77.777,72.643,68.697,61.963,614,614,23.021,24.398,37.1,41.924,58.94,75.326,87.37,84.138,66.051
615,615,23.708,27.786,31.506,41.38,56.034,76.707,68.515,67.809,61.285,615,615,30.799,33.063,35.091,42.605,57.055,78.61,71.215,65.524,58.11,615,615,15.261,21.184,34.701,45.644,58.976,73.424,85.56,83.122,65.331
616,616,23.09,23.789,30.284,42.413,55.197,72.717,66.306,63.012,55.814,616,616,25.114,37.706,37.884,44.829,56.46,73.367,67.409,59.813,53.478,616,616,10.674,26.58,42.048,46.726,58.041,72.008,81.264,78.721,60.194
617,617,19.825,27.585,30.539,41.626,59.308,77.389,66.5,61.776,56.055,617,617,37.416,37.143,34.108,45.703,60.233,78.481,68.039,61.036,54.221,617,617,16.922,24.073,39.571,44.445,61.119,71.98,80.3,77.493,60.317
618,618,29.996,28.189,32.377,42.704,56.043,71.136,63.786,60.275,52.056,618,618,39.076,30.289,34.407,40.126,54.151,72.618,63.376,57.16,50.821,618,618,19.974,29.325,40.921,43.361,56.795,66.276,76.525,74.154,57.343
619,619,30.862,26.441,29.015,38.552,55.318,68.554,58.533,52.132,46.755,619,619,35.718,29.806,29.149,39.835,53.195,72.197,61.456,51.778,45.299,619,619,17.631,22.31,34.385,40.736,54.334,63.818,71.445,67.52,50.379
620,620,29.331,26.006,27.392,36.246,49.968,63.523,54.3,49.467,43.734,620,620,33.623,31.453,29.249,38.338,51.128,65.026,56.594,47.514,42.345,620,620,14.111,19.078,32.258,37.437,52.756,59.194,67.371,62.608,45.327
621,621,32.432,24.792,28.607,36.444,49.638,63.064,52.582,44.358,45.025,621,621,37.058,19.67,28.965,36.358,48.026,63.007,55.775,42.321,41.52,621,621,16.261,22.965,30.739,39.068,48.476,60.591,67.142,57.571,43.206
622,622,22.789,19.424,28.425,39.083,49.067,61.399,50.489,45.802,43.559,622,622,29.85,26.241,31.869,38.347,51.171,64.269,55.967,46.054,42.866,622,622,11.217,27.059,32.036,37.181,49.524,57.968,65.966,59.227,46
623,623,25.205,25.022,29.271,41.87,54.244,71.216,62.028,50.736,46.461,623,623,25.872,26.413,28.061,43.558,55.813,71.757,62.813,49.287,46.179,623,623,9.4133,25.006,35.165,43.611,57.518,65.934,74.225,63.758,49.267
624,624,24.802,24.335,30.194,41.18,56.406,73.403,63.174,46.977,43.787,624,624,27.594,21.979,31.251,42.218,58.01,70.334,62.171,48.866,42.655,624,624,7.0928,16.051,30.976,43.506,59.019,66.126,73.671,62.771,48.541
625,625,21.2,22.685,35.163,44.315,59.476,75.234,63.746,46.683,44.604,625,625,23.573,26.764,31.408,40.045,57.66,72.005,62.206,48.445,42.726,625,625,3.2794,16.984,28.822,40.749,56.743,65.007,74.435,62.531,48.74
626,626,19.403,30.254,33.39,43.319,59.008,75.992,64.729,46.365,42.249,626,626,28.775,26.987,26.936,39.281,53.705,72.237,62.911,48.264,42.593,626,626,8.0384,18.696,27.922,38.962,53.236,66.186,73.877,62.48,48.566
627,627,21.41,28.058,32.702,40.517,58.853,77.386,63.969,46.671,44.707,627,627,23.756,25.781,29.935,36.863,55.143,75.992,64.633,50.528,44.783,627,627,2.9022,23.342,29.888,38.326,53.206,67.253,72.609,62.705,50.25
628,628,18.304,24.913,27.706,40.496,61.245,78.825,66.772,45.643,42.519,628,628,17.24,25.921,32.069,41.249,55.857,77.002,65.422,48.223,44.251,628,628,3.0357,25.028,29.744,41.499,55.247,66.039,70.214,61.28,48.376
629,629,23.803,26.881,27.99,40.142,55.753,70.88,59.093,44.745,44.694,629,629,27.723,30.916,32.241,38.756,54.198,73.675,62.924,48.073,43.446,629,629,9.3904,27.727,33.352,40.574,52.501,62.953,67.956,60.798,47.566
630,630,17.184,25.015,31.466,37.554,53.496,71.8,59.858,40.826,41.092,630,630,29.671,34.083,30.264,38.448,53.553,73.856,62.182,42.276,40.975,630,630,14.814,27.474,29.233,41.076,51.765,61.816,64.957,55.636,44.38
631,631,20.303,20.748,28.929,35.638,51.579,68.214,55.955,52.871,49.795,631,631,18.429,29.543,33.582,37.748,49.767,64.91,52.952,49.59,45.278,631,631,5.9479,24.729,29.759,37.737,50.679,57.988,60.872,67.066,52.858
632,632,18.738,16.805,32.282,37.868,51.129,66.454,53.995,54.244,50.524,632,632,24.981,31.241,30.54,30.675,45.805,64.321,52.676,50.798,47.023,632,632,11.579,19.611,28.745,34.77,45.486,54.528,61.583,68.698,55.253
633,633,25.338,30.214,29.744,41.013,54.723,68.812,55.33,47.82,46.116,633,633,20.481,29.843,33.982,35.322,50.693,59.116,49.892,44.272,41.933,633,633,5.2049,24.605,34.892,39.285,54.448,57.042,58.999,64.169,50.841
634,634,30.123,29.32,32.807,39.773,53.752,67.812,54.622,57.955,55.275,634,634,26.53,20.939,28.721,41.275,52.583,62.971,52.91,52.734,51.615,634,634,9.1384,23.587,36.803,40.325,53.951,58.52,60.22,68.687,54.511
635,635,24.413,30.757,35.052,36.831,49.78,61.784,48.872,47.504,45.838,635,635,26.624,27.025,30.856,37.572,49.949,60.983,49.82,46.445,43.76,635,635,8.2645,28.213,36.838,43.64,53.967,55.797,58.542,63.024,51.898
636,636,20.017,21.745,35.678,37.001,47.898,61.159,48.49,58.169,54.648,636,636,25.247,32.448,33.223,38.417,49.561,60.21,49.293,53.738,48.788,636,636,8.6635,27.617,34.605,43.703,50.768,54.584,58.753,73.81,62.511
637,637,17.564,28.933,24.416,36.511,47.044,61.299,49.574,46.741,46.421,637,637,36.71,45.619,38.676,38.234,51.786,63.284,51.046,47.189,43.942,637,637,20.241,27.049,27.187,38.471,52.42,54.666,57.207,69.107,56.303
638,638,25.217,28.931,32.611,38.149,52.84,64.338,50.915,46.542,45.933,638,638,44.532,43.01,26.095,40.21,52.172,62.697,51.439,46.236,43.236,638,638,27.718,27.148,31.067,40.998,55.478,54.482,57.907,63.823,51.326
639,639,28.046,30.37,21.644,38.529,52.079,65.17,51.389,48.933,46.248,639,639,34.643,37.984,29.708,37.497,51.038,62.965,50.06,45.37,42.048,639,639,18.555,23.845,29.007,39.643,53.016,55.142,55.936,65.626,51.362
640,640,24.907,17.69,31.935,40.84,53.211,65.749,53.199,45.283,44.986,640,640,27.502,27.475,29.813,39.868,52.529,65.455,54.377,44.292,42.548,640,640,16.023,25.31,33.979,41.142,55.11,56.204,57.393,63.481,46.19
641,641,23.147,21.988,29.117,38.744,52.406,63.018,50.016,39.515,40.376,641,641,28.676,35.078,30.642,36.531,50.582,59.726,49.311,41.071,39.764,641,641,10.962,26.375,33.877,37.881,51.787,53.773,54.656,57.423,44.104
642,642,28.542,22.461,28.423,36.284,61.25,72.654,58.397,40.971,43.614,642,642,37.247,37.84,35.163,40.596,57.039,65.376,54.646,42.854,41.069,642,642,17.12,22.347,31.947,43.025,60.258,62.177,59.998,60.767,46.82
643,643,27.884,25.993,29.284,39.872,55.144,69.3,56.945,37.769,40.39,643,643,38.45,29.679,30.031,42.315,59.754,67.478,55.8,37.533,39.108,643,643,21.07,19.422,29.444,44.461,61.312,59.669,59.602,52.62,41.298
644,644,15.009,23.348,28.342,37.743,50.645,69.504,57.359,39.136,44.222,644,644,30.893,24.376,25.739,38.618,49.755,68.456,56.544,41.642,40.498,644,644,15.213,23.021,31.237,42.441,50.723,59.588,59.201,58.619,45.654
645,645,18.37,28.229,29.533,47.11,57.288,70.792,58.721,40.859,42.922,645,645,33.812,29.847,29.576,41.191,54.323,69.307,59.238,42.455,40.697,645,645,17.604,25.339,33.195,42.545,55.585,61.98,62.801,57.547,45.362
646,646,18.905,27.742,30.158,49.815,64.77,76.93,63.738,43.981,46.192,646,646,32.472,25.664,30.352,49.158,57.083,72.316,62.775,43.154,41.801,646,646,17.978,19.976,31.038,47.099,60.312,65.224,66.75,58.636,46.333
647,647,14.015,25.591,32.551,51.465,68.011,81.1,69.555,75.278,70.791,647,647,27.219,32.639,32.955,44.063,59.559,79.478,69.079,69.345,64.32,647,647,8.2423,20.351,25.413,44.79,60.83,74.578,84.182,86.434,71.764
648,648,22.621,26.658,35.962,53.769,68.115,85.195,73.418,74.398,68.414,648,648,30.018,30.425,28.423,47.672,59.104,79.743,69.366,69.266,66.067,648,648,15.074,22.673,30.896,48.681,61.842,73.327,86.88,86.009,70.344
649,649,25.823,25.384,36.774,58.052,65.956,82.869,70.463,57.506,51.394,649,649,28.004,25.783,31.463,54.077,61.18,76.846,67.248,56.849,50.696,649,649,14.489,22.345,26.272,50.984,61.322,72.359,77.33,72.634,55.881
650,650,23.448,24.074,36.583,57.827,66.136,81.311,67.712,56.116,51.362,650,650,21.662,21.901,32.696,54.553,64.09,77.94,66.903,60.847,51.769,650,650,0.62921,20.909,27.012,49.77,62.716,70.463,74.206,73.621,57.036
651,651,20.601,22.975,36.235,51.139,63.357,74.346,63.333,54.838,48.275,651,651,20.548,21.062,34.274,51.527,60.306,75.26,66.274,59.232,48.236,651,651,5.4423,22.649,31.244,46.982,62.704,67.524,73.282,74.641,56.174
652,652,23.745,22.185,32.71,44.765,61.169,74.835,63.259,55.746,49.128,652,652,23.263,20.162,28.634,45.597,63.08,75.932,64.651,59.387,49.442,652,652,5.3754,15.305,31.591,48.287,64.105,68.45,72.148,75.516,57.016
653,653,21.985,22.802,31.063,43.053,62.903,76.476,65.301,57.556,50.26,653,653,32.618,33.907,32.889,45.691,64.358,73.726,63.311,59.279,48.169,653,653,14.877,21.084,30.259,49.118,67.844,70.371,76.642,74.716,58.117
654,654,25.601,21.502,27.367,44.866,63.687,77.176,67.369,62.899,51.483,654,654,43.375,39.301,35.528,46.335,65.481,75.865,67.589,60.927,50.259,654,654,25.662,22.353,31.688,47.787,68.059,72.904,81.769,77.394,59.391
655,655,24.435,22.233,29.158,43.797,64.93,77.521,67.764,65.285,55.068,655,655,40.497,30.143,29.632,46.607,62.332,76.259,69.167,64.944,53.187,655,655,23.67,26.142,31.5,47.176,63.952,71.911,83.308,82.677,64.365
656,656,21.773,26.15,34.537,43.208,61.63,79.051,73.162,72.284,66.215,656,656,26.752,30.015,32.318,47.71,62.773,79.992,77.428,74.001,61.565,656,656,12.798,24.937,33.673,45.655,63.806,78.85,93.343,90.049,70.944
657,657,28.601,25.4,30.62,43.591,63.747,78.021,79.877,79.09,70.482,657,657,28.185,29.781,29.463,45.937,64.432,79.238,80.668,77.853,67.995,657,657,7.8747,25.226,34.553,50.204,67.248,81.132,98.619,94.633,75.45
658,658,28.516,29.867,35.354,48.125,65.282,82.688,83.575,85.244,78.455,658,658,33.147,37.025,34.474,45.658,64.747,83.292,81.965,81.608,72.891,658,658,21.39,29.627,34.666,49.452,67.284,83.678,103.05,97.181,80.449
659,659,28.131,30.977,31.761,43.502,65.542,83.092,83.74,84.743,76.99,659,659,31.043,31.204,34.731,46.712,65.023,81.387,80.785,80.261,72.857,659,659,26.868,27.336,34.619,53.06,66.589,85.157,102.14,97.781,80.121
660,660,37.59,37.512,28.579,48.687,64.73,81.045,84.073,85.035,77.238,660,660,33.927,36.929,26.955,44.034,60.341,78.829,77.576,79.626,71.015,660,660,28.253,29.194,35.585,52.145,65.051,84.434,102.27,98.605,80.756
661,661,35.061,32.299,31.035,53.431,64.344,79.918,76.942,79.793,70.653,661,661,34.782,30.87,28.872,53.629,64.497,82.213,76.011,73.855,68.698,661,661,29.509,25.911,34.062,56.222,65.096,82.524,94.649,92.094,73.163
662,662,28.113,33.12,33.725,55.571,63.769,78.711,69.434,65.842,58.881,662,662,34.266,41.045,40.608,58.298,66.364,81.598,72.501,66.361,60.737,662,662,22.99,30.767,37.498,55.448,65.942,76.114,85.588,81.03,62.94
663,663,37.944,36.879,33.015,51.278,60.853,73.12,65.682,62.207,55.398,663,663,48.357,47.65,38.864,58.694,65.191,77.187,69.644,61.068,54.375,663,663,31.574,32.728,37.94,53.524,64.784,72.548,81.421,75.898,58.207
664,664,40.711,32.175,29.51,46.268,55.053,69.424,62.348,57.415,48.966,664,664,49.192,43.33,39.626,53.446,58.581,73.721,64.772,56.822,48.968,664,664,34.302,28.626,30.915,48.519,60.629,67.55,74.822,71.264,54.183
665,665,37.516,31.971,28.673,47.456,54.838,67.459,57.344,52.786,45.706,665,665,47.985,43.84,28.707,49.866,56.124,68.591,60.344,51.708,44.757,665,665,32.369,27.975,27.502,49,57.444,61.873,68.545,67.095,50.24
666,666,36.239,28.03,32.811,41.081,51.944,66.048,54.954,45.275,44.492,666,666,46.282,30.929,26.754,43.091,55.769,69.39,59.431,44.866,41.159,666,666,30.925,19.191,33.262,46.5,57.378,59.624,66.117,59.95,43.685
667,667,31.356,22.306,32.019,38.506,51.204,66.119,56.418,47.213,41.795,667,667,36.501,20.683,26.858,38.941,49.073,65.448,56.204,46.575,41.019,667,667,22.193,19.276,31.848,40.592,48.545,57.654,63.335,59.279,45.58
668,668,24.194,27.854,33.871,42.843,57.269,73.55,63.041,46.588,43.534,668,668,35.073,21.92,30.939,41.93,51.272,68.261,59.607,49.001,42.941,668,668,18.394,21.581,28.508,39.009,50.87,62.859,73.221,62.447,49.08
669,669,14.547,24.031,28.091,41.548,55.83,72.776,62.236,44.571,41.129,669,669,31.571,27.734,26.434,39.219,50.831,67.106,59.012,45.866,41.713,669,669,13.557,23.312,27.156,41.201,52.336,63.379,73.414,61.487,46.798
670,670,15.173,16.411,32.792,42.666,59.302,74.648,64.466,44.955,43.446,670,670,29.448,21.034,32.655,42.103,54.882,70.97,61.045,43.906,41.176,670,670,11.429,21.224,33.925,40.165,52.808,64.921,73.986,59.656,44.653
671,671,17.339,25.016,32.38,40.349,57.55,76.175,65.069,42.156,40.713,671,671,25.781,24.876,31.27,42.604,54.45,72.148,61.826,42.707,39.992,671,671,13.84,21.197,31.273,37.505,53.164,65.001,73.096,57.809,43.238
672,672,21.083,28.15,30.736,40.699,57.253,75.266,63.037,39.449,43.139,672,672,27.578,31.501,30.037,37.993,53.826,74.555,63.201,41.356,40.139,672,672,11.56,14.416,32.005,38.444,53.011,65.739,69.198,55.525,43.042
673,673,18.377,29.433,29.412,43.267,58.669,73.033,61.64,41.626,40.714,673,673,21.983,28.628,30.248,38.571,53.702,69.648,59.318,42.954,40.068,673,673,6.3608,20.82,30.684,40.023,55.527,63.778,70.262,59.98,46.032
674,674,15.19,24.92,30.204,40.568,55.458,72.9,59.21,42.845,43.612,674,674,19.604,19.417,26.721,35.855,55.346,77.032,65.342,47.013,42.502,674,674,4.1567,15.998,32.77,39.966,55.316,65.407,68.327,61.132,48.704
675,675,20.812,25.395,27.925,36.186,54.494,71.34,59.769,40.58,40.712,675,675,27.074,26.315,36.618,40.034,53.646,74.49,63.067,44,40.28,675,675,5.4623,15.524,26.66,42.246,53.279,61.895,66.306,57.871,45.71
676,676,28.54,26.251,27.691,39.194,53.519,72.547,58.265,40.641,43.437,676,676,36.269,37.785,39.792,41.985,54.093,71.362,59.861,42.733,41.554,676,676,16.826,16.474,27.676,39.483,54.552,59.288,63.083,56.511,45.042
677,677,19.466,20.907,27.298,38.04,52.385,70.776,58.768,38.757,40.924,677,677,39.547,36.769,37.093,37.28,51.12,65.633,55.026,41.816,41.026,677,677,22.017,23.752,31.908,38.135,49.81,58.765,58.649,54.149,43.479
678,678,21.821,26.623,34.67,36.347,50.359,69.521,57.922,40.174,43.062,678,678,38.352,33.482,32.967,37.237,48.157,65.904,54.061,42.038,40.764,678,678,21.494,22.531,29.829,34.562,46.373,58.371,57.777,55.869,44.18
679,679,21.799,19.144,26.948,36.002,48.614,65.83,53.542,37.596,40.405,679,679,32.756,36.065,32.057,37.217,47.046,60.651,50.979,38.751,39.188,679,679,17.311,18.551,31.061,37.546,46.013,55.733,55.338,52.743,41.882
680,680,24.045,27.273,27.368,35.136,50.47,68.868,56.658,35.266,41.884,680,680,34.772,30.854,30.993,36.314,47.514,63.908,53.333,36.359,38.531,680,680,19.056,23.283,31.066,37.687,47.189,58.36,56.263,52.001,41.052
681,681,21.371,19.384,28.136,38.752,46.759,60.872,46.878,36.86,40.973,681,681,34.233,26.084,30.841,34.271,45.129,56.785,46.279,35.814,38.45,681,681,16.721,19.219,32.745,34.159,44.96,50.749,51.227,51.041,40.525
682,682,21.151,26.321,29.347,35.062,44.341,59.381,46.415,33.766,39.519,682,682,28.025,23.908,27.309,37.472,44.274,54.02,43.477,34.451,38.088,682,682,12.8,12.482,30.722,38.596,45.959,49.596,49.541,50.182,40.319
683,683,24.155,29.775,30.273,36.766,44.229,59.502,45.482,35.417,42.372,683,683,30.396,30.111,28.476,37.888,44.124,54.008,43.725,34.713,38.386,683,683,16.831,23.531,32.601,38.126,44.808,47.046,49.109,50.403,40.101
684,684,27.741,25.241,28.542,35.595,47.552,52.852,40.009,33.016,39.488,684,684,30.068,27.694,27.664,37.844,51.155,52.888,41.494,34.132,37.175,684,684,17.788,24.706,30.208,38.199,52.086,49.02,47.602,47.808,39.21
685,685,24.92,18.64,29.062,35.684,46.413,54.065,42.696,35.46,42.577,685,685,29.604,26.889,25.165,34.045,50.367,51.944,41.411,32.143,38.215,685,685,15.801,22.332,29.698,37.054,51.492,48.416,47.595,45.393,39.009
686,686,23.174,24.896,31.79,35.505,43.653,54.511,41.614,34.181,39.679,686,686,27.2,29.116,29.48,32.402,41.862,53.152,42.563,32.764,37.588,686,686,14.018,18.694,28.177,36.578,43.676,46.677,46.056,45.881,38.946
687,687,20.447,30.41,30.946,37.166,42.412,51.867,40.502,35.485,42.491,687,687,25.55,26.146,28.215,38.287,40.256,50.789,40.038,33.126,38.047,687,687,10.45,21.634,30.829,38.341,44.903,46.276,45.095,46.245,39.574
688,688,30.607,30.026,27.873,33.092,40.475,50.077,39.53,34.597,40.543,688,688,31.833,30.384,22.289,32.634,42.043,52.746,42.825,33.195,37.449,688,688,13.147,22.129,29.43,30.913,41.463,45.771,46.816,46.791,39.712
689,689,26.064,28.133,26.759,30.892,44.872,53.135,41.017,36.217,43.566,689,689,25.81,27.56,28.742,35.998,42.163,53.621,42.785,35.039,37.939,689,689,7.0075,24.89,32.815,35.563,43.261,46.4,49.368,51.792,40.384
690,690,24.191,26.12,28.754,35.039,45.434,51.618,39.894,34.814,40.74,690,690,25.712,22.854,30.66,35.682,44.669,53.87,44.058,35.15,38.064,690,690,5.6134,20.065,30.714,34.178,47.094,47.743,50.404,51.276,39.503
691,691,21.117,27.315,30.826,40.901,45.67,55.309,42.046,36.53,43.091,691,691,23.613,23.391,33.924,35.484,44.18,55.063,44.229,34.962,38.79,691,691,5.3043,25.172,28.875,37.513,44.723,48.923,49.563,51.424,40.106
692,692,27.64,25.214,29.058,41.391,45.744,57.919,44.796,35.149,40.993,692,692,30.952,26.907,28.643,36.992,44.388,57.856,45.931,33.987,38.118,692,692,12.222,17.919,28.665,36.193,46.763,48.222,49.408,50.622,38.787
693,693,21.047,25.614,32.418,39.334,42.903,51.228,40.624,35.622,43.213,693,693,24.058,30.3,31.07,35.007,44.956,54.574,44.294,34.125,39.029,693,693,6.9259,22.27,29.609,36.858,46.085,47.301,47.972,48.862,39.775
694,694,23.935,25.51,27.113,37.051,45.863,56.332,42.779,35.465,40.44,694,694,27.117,28.562,30.717,38.852,43.212,57.021,46.69,35.704,38.017,694,694,10.278,26.697,33.09,37.651,47.056,50.161,49.878,49.642,39.807
695,695,25.801,28.496,26.354,37.247,44.023,53.926,42.627,38.528,43.239,695,695,29.902,32.268,33.794,39.296,49.607,57.633,47.206,37.868,39.491,695,695,9.8837,19.857,33.267,35.777,49.556,52.934,53.751,52.218,40.029
696,696,29.02,26.512,28.351,37.237,46.521,57.512,46.657,36.834,40.529,696,696,33.31,29.284,33.196,37.831,48.412,62.392,51.598,37.34,38.124,696,696,14.451,24.259,28.797,38.862,51.469,53.224,54.538,52.725,40.782
697,697,24.099,13.092,31.136,36.789,46.806,64.084,52.246,38.415,44.331,697,697,27.985,17.352,30.131,37.177,49.569,63.942,52.568,40.748,40.24,697,697,12.471,25.561,32.726,38.817,50.782,56.62,55.068,56.242,43.679
698,698,18.567,24.642,33.043,40.015,47.697,65.087,53.244,38.366,41.194,698,698,21.455,30.681,26.966,41.278,50.889,63.627,52.9,40.113,39.669,698,698,9.9009,18.979,26.428,43.362,53.747,56.74,56.739,55.104,42.633
699,699,19.86,24.703,31.186,40.924,50.191,67.817,55.796,37.77,43.359,699,699,29.689,30.478,25.187,36.043,49.674,65.7,53.514,40.139,39.396,699,699,12.677,25.097,32.106,39.417,50.452,59.035,55.925,55.267,42.519
700,700,23.168,24.741,27.951,42.102,48.227,67.191,55.288,37.3,41.307,700,700,32.691,33.203,30.012,40.405,48.523,64.558,52.344,39.209,39.345,700,700,17.569,17.225,27.987,38.572,46.861,57.008,54.389,54.857,42.92
701,701,24.122,19.831,30.331,37.505,47.394,65.26,53.197,39.572,44.256,701,701,29.28,28.402,27.337,39.159,46.364,62.194,51.335,39.987,39.794,701,701,13.998,13.131,34.176,38.599,44.009,54.107,54.544,53.887,43.108
702,702,20.478,19.827,28.75,39.176,45.674,59.687,49.084,38.946,41.926,702,702,25.512,32.735,31.49,39.734,45.831,56.095,46.998,42.43,40.754,702,702,8.6547,22.423,32.539,41.493,49.821,54.734,55.81,56.25,45.27
703,703,17.511,24.968,31.014,41.533,47.118,64.496,53.596,41.642,43.857,703,703,35.1,31.333,32.209,40.832,46.349,63.33,53.464,44.001,40.503,703,703,18.013,24.015,30.885,39.068,48.108,55.78,58.505,60.161,47.96
704,704,22.617,29.85,30.443,37.883,52.185,67.628,56.001,39.783,41.113,704,704,34.812,38.884,36.065,39.872,51.648,63.284,52.79,41.651,39.769,704,704,17.009,25.592,30.852,37.427,53.432,56.646,60.409,56.853,44.425
705,705,26.091,29.613,28.635,40.332,51.012,69.258,56.551,43.153,44.318,705,705,38.354,32.191,32.482,40.832,52.777,67.131,55.272,46.161,42.126,705,705,21.457,20.158,33.59,40.904,52.638,58.71,62.082,61.774,49.47
706,706,22.931,26,24.234,37.665,52.719,67.509,56.431,46.938,43.663,706,706,37.891,26.323,32.268,38.472,51.652,65.542,55.693,49.815,46.38,706,706,20.181,22.424,30.954,38.839,50.925,58.562,69.764,63.651,49.939
707,707,27.275,22.986,31.546,42.56,59.158,79.281,67.969,53.975,49.985,707,707,28.462,30.005,34.185,41.836,57.638,74.016,63.902,55.758,53.015,707,707,15.535,20.852,30.17,41.221,58.147,67.388,75.336,66.384,53.181
708,708,27.461,29.58,33.627,44.253,61.55,81.11,70.561,54.762,49.741,708,708,32.48,36.073,41.619,44.55,58.888,73.882,65.57,56.578,53.94,708,708,18.464,23.343,34.789,45.834,62.056,71.016,77.25,67.896,53.522
709,709,25.718,24.786,33.934,45.947,63.637,83.235,70.832,60.372,54.912,709,709,31.641,35.738,38.103,44.935,60.147,78.119,68.011,61.708,58.854,709,709,16.009,21.474,36.266,44.941,61.747,74.337,77.751,72.78,58.506
710,710,24.717,21.947,32.402,49.491,66.583,83.697,70.676,60.393,55.041,710,710,30.732,39.418,29.977,42.661,60.878,79.456,68.226,60.766,57.754,710,710,15.548,24.736,29.45,47.331,62.397,72.663,77.362,72.75,57.065
711,711,22.087,24.699,32.525,51.877,65.053,82.46,70.956,62.257,57.538,711,711,29.393,29.343,23.208,44.256,60.822,81.845,70.724,62.883,60.589,711,711,10.747,17.961,29.841,48.6,60.732,70.9,73.894,74.979,59.332
712,712,17.945,24.292,32.092,51.27,65.112,78.057,64.943,61.038,55.744,712,712,21.642,26.919,28.894,47.465,61.455,77.592,67.446,61.191,58.124,712,712,6.0112,18.284,30.74,49.397,60.961,68.978,72.858,75.041,58.154
713,713,25.415,24.26,29.469,50.1,63.826,79.022,65.34,63.247,57.17,713,713,30.942,36.071,31.501,49.545,61.345,75.526,64.446,63.812,60.387,713,713,9.1822,23.59,30.335,48.444,60.783,67.265,73.828,77.308,60.57
714,714,29.725,26.485,35.18,55.696,68.356,81.906,70.701,69.291,64.178,714,714,36.737,35.419,31.916,49.348,64.95,81.713,71.777,69.941,65.095,714,714,20.037,21.087,29.701,45.358,63.606,71.977,81.618,84.375,67.31
715,715,23.584,23.755,32.094,57.733,66.916,84.56,74.27,72.614,67.893,715,715,34.104,26.255,35.708,53.658,63.213,84.313,74.516,72.167,68.186,715,715,19.647,19.489,32.882,49.691,64.457,74.999,86.891,89.356,71.775
716,716,16.542,25.182,33.715,54.13,63.437,77.257,75.133,77.988,71.535,716,716,23.86,26.419,32.036,52.605,66.313,81.916,74.96,77.071,71.366,716,716,9.2287,21.664,26.855,47.172,64.538,76.139,90.086,96.459,78.695
717,717,25.888,30.118,36.048,49.282,67.761,83.238,84.76,89.016,82.238,717,717,35.978,36.234,33.465,55.596,67.598,84.308,85.39,87.205,81.8,717,717,13.161,28.413,34.616,49.842,69.364,84.797,102.79,105.72,87.804
718,718,29.032,28.686,34.245,51.468,72.716,90.103,94.082,97.258,87.58,718,718,35.286,32.971,35.112,50.313,70.501,87.898,90.092,93.002,85.93,718,718,23.434,33.015,41.88,52.513,71.519,94.018,109.46,111.7,91.984
719,719,24.401,30.9,41.51,52.77,74.395,92.059,93.323,96.804,87.06,719,719,32.5,30.093,37.121,49.131,71.287,89.898,91.545,92.426,84.389,719,719,27.196,43.606,45.307,58.672,73.365,96.253,110.21,112.14,91.386
720,720,35.259,37.913,39.999,50.14,74.212,93.956,93.55,95.942,86.133,720,720,42.323,40.033,34.362,49.188,67.976,87.05,88.595,91.566,83.007,720,720,31.639,40.324,45.58,53.259,71.037,95.673,109.35,110.58,91.064
721,721,37.62,29.039,33.571,44.942,69.478,88.026,83.334,82.577,75.047,721,721,45.393,39.273,32.641,46.405,67.885,88.465,83.878,82.246,73.369,721,721,34.781,36.05,36.311,48.841,67.317,89.581,99.915,98.239,79.051
722,722,35.084,32.924,34.719,46.627,63.725,79.288,75.853,75.277,67.083,722,722,37.928,39.148,39.612,46.415,64.291,80.901,76.991,73.838,64.135,722,722,34.039,30.964,34.616,47.071,65.652,80.127,93.472,93.328,72.377
723,723,35.674,28.05,30.319,42.843,64.574,81.054,81.641,81.033,72.281,723,723,38.336,36.335,29.531,46.966,63.329,78.706,80.57,79.144,68.937,723,723,28.946,23.838,37.123,50.27,67.518,81.634,100.13,96.33,77.727
724,724,31.702,38.596,34.608,49.432,64.574,84.011,84.591,84.937,76.987,724,724,29.706,37.229,34.677,45.446,62.496,79.918,81.514,80.974,73.369,724,724,27.562,25.663,33.34,50.975,65.444,83.958,101.97,97.61,80.46
725,725,32.741,31.002,31.951,45.661,63.311,82.092,83.114,85.33,77.207,725,725,36.826,36.299,30.991,45.045,62.444,82.641,80.673,80.736,72.891,725,725,20.822,27.714,36.571,49.144,62.872,82.535,101.56,97.03,78.957
726,726,36.154,35.543,31.881,42.142,60.348,82.288,80.541,83.865,75.893,726,726,39.779,33.543,28.667,43.591,59.942,78.019,76.755,79.261,72.833,726,726,23.994,28.345,34.882,44.978,60.212,81.117,97.587,96.09,78.852
727,727,31.919,33.531,37.247,45.361,60.518,78.011,72.748,72.551,65.468,727,727,33.374,35.539,31.004,49.982,60.839,80.146,73.403,71.26,65.003,727,727,20.572,22.891,34.35,47.576,62.866,76.27,90.77,86.805,70.136
728,728,27.657,31.718,30.462,48.284,58.364,76.342,68.068,64.798,58.142,728,728,22.383,36.563,31.671,51.541,62.717,82.767,72.787,65.931,59.822,728,728,13.661,24.253,34.711,50.132,64.31,72.964,86.096,80.596,62.347
729,729,22.169,25.878,32.633,46.58,58.424,76.224,66.24,59.745,52.604,729,729,23.152,37.296,33.664,50.156,59.487,77.676,68.875,60.717,54.464,729,729,10.557,23.353,30.516,46.201,62.524,72.431,80.027,75.649,56.994
730,730,25.207,27.884,33.497,44.694,56.146,71.778,61.595,54.624,48.051,730,730,26.439,25.441,33.035,44.621,58.972,74.691,65.836,53.549,47.695,730,730,10.516,22.863,30.766,41.266,58.303,67.808,74.5,69.147,52.335
731,731,28.341,23.094,32.517,40.391,54.188,72.268,62.511,53.861,46.403,731,731,27.555,24.491,33.658,42.405,54.98,74.925,63.749,52.614,45.66,731,731,9.3814,25.938,31.972,40.802,55.117,64.893,73.209,67.63,50.918
732,732,22.162,27.834,33.152,43.114,55.43,64.497,55.032,50.02,46.288,732,732,27.432,27.693,31.529,41.588,54.702,67.162,60.652,48.691,43.89,732,732,14.694,21.906,32.11,43.225,57.601,61.157,66.337,63.952,47.107
733,733,22.232,27.645,23.558,38.45,56.135,63.863,52.144,42.164,43.097,733,733,27.298,34.834,33.421,39.24,53.136,65.829,57.806,42.648,42.61,733,733,11.444,14.848,29.752,40.663,56.838,56.82,63.329,57.431,44.302
734,734,29.471,29.557,30.767,36.862,54.988,59.372,48.149,43.021,45.037,734,734,33.695,35.629,34.805,43.022,58.99,59.97,51.165,42.986,42.609,734,734,14.011,24.95,28.77,43.67,60.753,54.445,57.746,57.169,45.8
735,735,27.999,25.403,32.514,43.268,61.386,71.307,61.929,45.393,46.059,735,735,30.396,31.543,26.335,45.003,62.947,69.82,60.653,46.601,44.853,735,735,12.759,24.472,31.188,48.682,64.881,61.436,71.895,60.547,48.017
736,736,20.458,22.593,27.472,46.552,59.608,71.756,61.562,46.184,46.688,736,736,23.581,24.98,29.835,41.216,60.84,73.102,63.006,46.685,45.551,736,736,2.1,27.143,31.896,46.763,64.821,64.522,73.327,61.012,49.23
737,737,20.669,23.065,33.861,43.675,59.39,73.328,62.364,46.105,45.528,737,737,24.321,29.205,30.509,41.974,60.416,72.411,62.644,47.508,45.428,737,737,-4.8351,24.329,30.45,42.441,60.739,64.737,73.471,61.755,49.042
738,738,25.56,18.287,32.911,43.869,58.837,74.09,63.44,47.41,47.228,738,738,28.598,25.289,29.613,43.298,62.592,71.819,62.942,49.707,47.839,738,738,5.5007,22.155,29.257,41.693,63.539,65.01,75.447,63.685,51.108
739,739,23.145,24.401,33.15,45.371,60.288,75.965,63.236,48.171,46.662,739,739,26.179,24.063,30.058,42.275,61.525,74.239,64.548,49.799,47.275,739,739,4.2506,25.369,31.224,41.364,62.248,67.83,71.959,63.073,49.982
740,740,21.393,23.149,30.427,42.336,62.353,78.183,65.809,56.524,50.524,740,740,25.75,24.664,27.202,42.896,62.379,75.731,65.821,56.577,51.051,740,740,3.4138,22.43,30.555,41.129,62.609,67.355,74.937,73.475,55.009
741,741,23.885,24.375,31.126,41.935,66.01,77.484,67.482,67.186,59.942,741,741,27.996,29.206,31.429,44.064,65.896,81.729,72.069,67.024,62.441,741,741,5.6657,25.484,35.852,45.438,66.545,73.033,81.54,82.348,65.429
742,742,22.754,22.904,31.935,47.639,71.329,80.572,72.232,83.067,78.009,742,742,27.511,29.968,33.623,45.095,66.62,82.727,72.885,79.31,74.216,742,742,9.949,27.985,33.628,47.102,71.031,78.974,89.718,98.1,81.903
743,743,18.458,23.046,31.319,47.521,71.235,81.678,72.123,81.879,80.145,743,743,26.587,30.152,30.028,44.19,67.558,80.924,73.001,79.967,74.612,743,743,16.788,28.045,31.382,50.219,73.834,79.7,91.225,99.896,84.638
744,744,24.679,30.367,25.721,46.864,64.981,75.281,67.292,73.007,67.461,744,744,27.715,33.052,31.035,48.184,69.873,83.422,73.423,71.933,63.39,744,744,20.32,29.864,31.052,49.19,71.146,75.858,87.856,89.244,71.367
745,745,28.103,30.958,28.001,40.479,59.402,76.245,66.26,64.811,59.005,745,745,26.951,31.745,25.39,44.91,66.044,79.997,69.958,63.295,55.679,745,745,16.286,24.334,29.889,45.902,65.755,73.979,80.714,78.024,62.982
746,746,32.672,33.784,29.791,42.956,58.517,77.177,67.763,68.623,62.537,746,746,24.897,39.623,33.923,44.38,64.993,77.313,67.932,66.232,61.728,746,746,16.335,27.968,32.53,46.282,65.5,74.807,81.806,82.473,65.739
747,747,42.429,37.633,34.412,49.951,61.63,82.099,71.454,74.703,70.209,747,747,39.554,40.174,31.072,50.429,63.782,78.874,69.895,71.724,67.81,747,747,28.79,27.617,27.227,44.6,66.089,75.002,86.368,88.377,72.444
748,748,38.15,30.677,36.523,48.51,63.946,78.943,70.541,73.126,68.564,748,748,39.365,33.488,29.766,47.728,62.389,79.268,70.977,72.391,66.81,748,748,27.16,21.355,28.245,47.995,64.156,75.313,87.26,88.674,70.344
749,749,34.537,37.506,36.896,51.078,66.064,80.693,67.934,62.011,55.15,749,749,38.303,38.676,33.334,48.679,64.733,80.113,69.591,61.733,53.617,749,749,23.592,26.86,30.282,48.233,65.622,73.184,81.956,78.778,60.261
750,750,36.76,37.205,32.126,61.635,68.448,81.361,68.424,59.386,52.315,750,750,41.507,37.139,28.105,51.943,66.882,78.966,69.643,57.833,53.307,750,750,28.422,26.985,29.903,49.566,66.654,73.672,79.171,72.171,56.583
751,751,39.638,37.336,38.267,52.895,67.501,81.784,68.601,52.247,47.384,751,751,41.824,35.306,33.397,47.53,64.754,80.643,69.221,52.461,48.51,751,751,28.935,23.923,29.722,51.57,68.243,71.733,76.333,67.578,53.065
752,752,41.216,33.631,35.966,59.316,68.181,81.532,68.137,49.654,47.338,752,752,42.774,35.193,26.749,57.717,67.247,75.701,66.203,50.853,47.431,752,752,29.989,22.259,32.472,53.303,68.121,71.562,73.64,67.227,52.134
753,753,34.094,31.753,36.204,55.4,67.143,81.26,68.998,45.591,44.637,753,753,37.483,31.817,33.321,51.346,62.954,77.622,66.202,47.621,43.774,753,753,22.808,22.823,32.865,53.133,66.162,72.598,71.373,63.772,49.476
754,754,32.077,29.008,29.03,46.785,61.579,75.814,62.889,44.865,47.283,754,754,34.774,31.713,31.657,51.48,61.73,74.384,62.925,47.702,45.821,754,754,22.073,20.6,33.174,53.935,65.034,66.37,66.526,64.854,51.196
755,755,24.952,31.347,35.798,45.672,61.046,73.793,60.928,41.917,47.074,755,755,27.251,28.082,34.57,49.133,64.031,70.189,59.659,44.502,45.027,755,755,13.206,15.47,29.198,52.123,68.296,63.65,63.597,60.172,48.591
756,756,38.636,30.666,31.364,47.51,56.064,65.759,53.342,41.026,47.412,756,756,39.891,30.455,28.495,45.915,60.696,64.673,54.415,43.399,43.716,756,756,27.433,23.129,29.853,45.172,60.308,59.264,60.031,59.879,48.03
757,757,41.636,34.057,29.957,43.952,53.926,65.815,54.825,41.02,44.671,757,757,41.471,22.938,30.874,44.928,58.078,65.369,55.515,43.164,43.099,757,757,29.483,21.354,33.537,46.42,59.176,60.33,60,58.081,48.881
758,758,39.26,36.977,29.946,42.901,56.122,66.978,53.448,40.531,44.513,758,758,38.513,36.305,27.547,46.416,59.042,69.955,58.456,41.121,40.986,758,758,25.949,25.983,29.972,46.545,62.154,59.826,59.167,56.197,46.564
759,759,42.408,35.242,31.677,43.646,52.843,64.519,53.152,39.351,41.951,759,759,42.394,31.637,30.152,43.898,62.626,65.43,54.508,39.058,39.522,759,759,30.504,22.013,31.065,45.795,64.22,58.614,58.029,54.247,45.78
760,760,41.92,34.395,27.919,41.733,52.865,64.658,52.407,37.655,43.497,760,760,40.644,34.855,27.334,41.725,57.58,62.581,51.504,38.017,39.19,760,760,29.362,22.937,28.272,44.667,58.753,57.541,56.344,53.517,42.816
761,761,36.967,33.266,27.922,42.017,51.69,61.606,50.891,37.318,40.608,761,761,34.698,34.644,27.32,45.025,55.947,59.976,48.954,38.683,39.592,761,761,24.294,21.912,23.836,45.54,56.713,55.6,57.689,54.081,42.132
762,762,33.569,31.812,25.835,41.582,51.471,61.828,49.584,39.216,43.5,762,762,31.867,33.125,27.585,40.603,56.075,64.065,52.517,41.039,39.428,762,762,20.511,21.655,31.101,42.928,59.143,55.896,55.893,58.781,42.153
763,763,30.734,34.872,32.26,40.053,51.894,62.568,50.18,41.875,41.302,763,763,30.61,37.148,30.891,44.028,52.843,65.299,53.923,42.759,41.004,763,763,18.466,23.162,32.44,42.997,54.32,56.496,58.566,58.429,43.538
764,764,37.764,35.118,29.737,40.671,55.158,64.622,53.143,44.916,44.234,764,764,38.087,38.77,26.489,42.72,51.971,67.816,58.352,45.266,43.92,764,764,24.363,22.283,26.899,41.997,55.814,60.404,63.227,61.124,45.454
765,765,36.621,26.664,24.274,38.826,52.5,66.129,55.847,53.252,47.478,765,765,34.81,29.893,22.723,44.978,57.727,72.72,64.771,51.657,46.561,765,765,22.574,24.3,32.748,44.784,57.877,66.016,72.284,68.755,50.489
766,766,33.358,25.908,28.301,42.486,56.24,62.997,59.63,61.321,53.309,766,766,31.263,30.26,27.662,42.59,61.458,71.539,66.679,62.119,56.882,766,766,19.833,22.683,31.333,46.553,64.018,68.351,79.005,79.968,60.218
767,767,27.675,28.408,26.953,42.06,58.625,67.875,60.596,70.266,65.274,767,767,26.716,31.896,31.956,39.461,58.982,74.511,66.696,68.386,63.433,767,767,14.333,22.29,28.171,44.324,63.347,69.292,79.518,85.593,69.223
768,768,22.59,31.925,27.693,42.67,55.421,67.952,60.127,73.739,68.175,768,768,27.658,34.102,32.647,40.745,51.872,68.379,58.61,68.846,63.673,768,768,9.2727,20.626,28.679,41.123,57.481,66.379,77.758,89.014,72.024
769,769,24.108,22.672,31.38,38.261,48.866,61.329,51.753,59.963,54.951,769,769,30.482,31.462,31.61,37.562,51.039,65.305,55.295,56.782,52.441,769,769,12.963,24.999,32.003,37.969,51.463,58.369,68.458,74.932,57.618
770,770,30.871,30.45,33.281,39.292,50.205,62.807,51.905,52,46.198,770,770,34.135,30.209,32.598,38.09,48.297,60.897,53.511,51.856,47.662,770,770,21.619,20.608,29.442,38.459,49.433,57.808,68.151,68.85,50.654
771,771,40.81,34.159,27.605,40.397,51.251,69.729,60.102,55.58,48.354,771,771,40.734,34.268,25.516,37.443,55.36,76.622,67.09,54.256,48.17,771,771,28.326,19.838,28.125,38.27,55.272,68.106,74.597,68.32,51.53
772,772,38.995,30.99,28.681,45.902,51.716,68.69,58.31,46.863,43.005,772,772,38.485,34.727,33.445,40.673,50.592,71.567,60.548,47.325,43.725,772,772,26.393,20.5,28.535,39.01,48.382,61.063,65.708,61.098,45.356
773,773,43.611,36.69,30.968,42.352,50.71,68.82,56.706,44.716,44.556,773,773,44.317,41.177,26.327,38.547,49.429,66.211,54.988,45.307,42.571,773,773,31.672,30.651,26.495,38.524,46.763,59.153,56.644,56.536,44.666
774,774,40.894,25.999,33.169,40.736,49.246,66.876,54.533,44.402,42.207,774,774,40.972,34.357,23.635,40.08,48.604,61.154,50.199,44.718,42.03,774,774,28.241,22.015,26.58,39.86,47.46,54.631,54.73,55.393,43.635
775,775,32.526,28.893,31.766,45.239,49.141,65.41,54.19,42.963,43.699,775,775,36.379,30.159,26.09,39.664,48.13,65.776,53.919,42.71,41.149,775,775,22.071,19.575,34.355,39.04,48.385,56.884,56.687,55.14,43.818
776,776,34.515,34.859,30.187,45.493,49.57,62.128,50.686,43.109,41.599,776,776,32.355,29.062,31.464,46.232,51.043,62.193,51.385,42.357,41.106,776,776,20.47,23.317,30.901,40.414,47.653,54.158,55.317,55.591,44.512
777,777,33.365,28.805,31.062,50.283,51.969,63.269,50.522,42.947,43.979,777,777,30.108,27.519,31.259,45.376,49.857,60.498,50.954,43.332,41.646,777,777,17.772,23.524,28.942,39.156,47.351,53.735,56.564,53.605,43.123
778,778,31.746,34.526,33.438,40.679,50.789,64.341,52.186,41.998,42.385,778,778,37.957,40.337,31.241,40.158,48.1,61.699,51.622,43.335,42.001,778,778,23.926,29.004,29.446,35.75,48.107,55.704,60.382,53.386,42.603
779,779,32.957,29.581,28.526,41.652,50.55,66.25,53.918,40.593,44.292,779,779,38.876,30.355,26.349,42.068,52.011,66.045,55.231,42.749,41.337,779,779,24.578,23.565,32.499,41.025,52.842,58.686,62.35,55.86,43.967
780,780,31.431,29.261,29.321,40.841,51.951,70.006,58.869,47.063,44.178,780,780,33.243,26.219,29.157,39.015,52.014,64.958,56.952,47.615,44.764,780,780,20.095,23.762,31.888,37.948,52.375,57.887,69.936,59.881,46.738
781,781,32.79,30.317,32.594,39.662,58.348,78.44,67.029,54.865,50.452,781,781,36.242,36.525,34.246,39.338,56.615,73.331,63.56,57.868,55.67,781,781,23.283,23.973,33.398,41.017,57.898,66.77,75.079,66.384,54.107
782,782,27.44,29.18,30.498,44.279,59.419,80.745,69.133,56.85,51.545,782,782,31.448,35.262,34.217,42.995,57.522,76.116,67.043,59.425,57.024,782,782,16.755,23.905,30.761,41.062,57.292,68.928,75.174,67.354,55.085
783,783,37.322,31.715,29.709,47.099,63.48,83.265,72.432,61.51,56.239,783,783,39.387,33.243,33.698,41.668,60.464,79.894,70.353,64.73,61.655,783,783,25.931,23.938,32.739,42.716,60.082,72.366,77.759,71.542,59.291
784,784,39.574,33.962,30.175,41.638,61.137,81.213,71.083,59.207,53.078,784,784,40.487,39.271,35.231,41.335,60.159,79.357,69.814,61.207,57.899,784,784,28.416,29.969,28.609,41.678,59.735,71.56,77.723,69.984,55.359
785,785,37.451,30.353,34.866,46.576,60.725,77.083,67.093,57.825,51.896,785,785,38.201,34.509,31.602,45.007,59.401,75.13,66.347,59.562,56.291,785,785,25.431,24.462,26.592,40.044,56.387,70.44,73.733,69.836,54.918
786,786,34.994,32.791,32.049,43.307,59.309,77.476,68.126,59.903,55.173,786,786,35.385,42.064,34.437,40.176,56.937,76.67,65.737,63.961,61.132,786,786,21.223,30.043,33.799,42.386,55.135,67.667,73.255,72.256,57.566
787,787,35.895,34.25,32.047,42.17,52.449,65.757,57.469,58.401,53.252,787,787,39.215,35.822,33.323,38.606,52.088,70.134,59.938,60.816,58.18,787,787,23.421,26.3,29.487,41.888,54.225,62.918,70.64,69.63,55.652
788,788,30.448,24.575,29.724,40.286,53.437,66.794,61.596,62.161,55.692,788,788,32.949,26.137,27.09,37.524,52.656,67.679,62.975,62.237,58.627,788,788,15.352,23.949,30.37,42.693,54.159,65.528,75.147,74.678,58.435
789,789,25.369,28.369,27.558,41.296,52.851,70.012,65.433,64.81,58.521,789,789,30.593,31.095,27.39,37.733,56.622,75.155,71.245,68.005,63.778,789,789,10.297,18.427,27.191,40.245,57.384,69.78,81.786,79.512,63.317
790,790,25.622,28.48,28.652,36.725,53.909,72.037,70.734,69.23,63.631,790,790,31.987,26.996,34.527,43.431,60.123,76.496,72.699,69.053,64.61,790,790,10.19,22.456,30.614,42.802,60.697,71.53,85.417,84.636,68.509
791,791,23.589,30.368,31.027,38.668,57.897,75.767,73.86,71.772,63.525,791,791,27.264,32.786,28.941,43.981,62.709,82.074,75.093,71.542,66.222,791,791,7.212,22.837,28.449,42.59,62.443,74.863,89.238,88.765,70.816
792,792,23.068,30.958,29.909,40.574,56.129,73.912,76.802,80.257,74.345,792,792,26.337,29.428,25.399,44.658,62.979,83.78,79.708,77.178,70.359,792,792,0.95128,25.961,34.934,41.418,61.515,79.717,95.131,95.221,77.724
793,793,19.489,25.656,33.205,43.364,61.327,80.795,88.054,88.13,80.571,793,793,23.06,25.141,30.256,43.683,64.959,88.173,87.641,84.551,78.049,793,793,12.072,22.478,31.03,42.371,63.37,86.477,104.19,101.51,84.954
794,794,29.498,28.133,30.473,48.83,69.211,88.223,92.229,94.283,84.25,794,794,32.518,29.212,32.636,44.34,67.903,88.621,91.478,90.046,82.274,794,794,20.863,34.44,38.69,51.254,69.882,93.996,109.17,107.92,88.991
795,795,29.768,32.649,35.301,50.335,71.236,89.932,93.032,94.648,84.825,795,795,33.164,25.534,34.33,46.058,70.124,92.145,91.938,90.794,82.908,795,795,20.505,36.48,43.108,51.035,69.656,96.498,110.23,109.33,90.232
796,796,28.459,34.109,35.138,50.529,71.138,92.264,92,94.479,85.338,796,796,31.591,32.064,36.104,43.499,67.459,89.101,91.552,90.416,82.494,796,796,30.98,32.529,44.964,50.198,67.652,95.844,109.48,108.75,90.094
797,797,29.566,33.444,27.281,47.727,71.609,94.157,88.969,91.021,83.975,797,797,32.204,25.327,31.792,42.766,68.907,92.16,86.046,85.568,76.629,797,797,33.179,33.336,42.47,46.146,68.709,93.233,105.7,106.03,87.62
798,798,25.99,30.029,33.211,43.666,66.92,90.35,81.863,76.345,69.382,798,798,34.967,32.085,31.217,43.652,68.891,91.689,84.55,77.961,67.501,798,798,32.808,30.704,34.256,40.952,68.429,89.447,98.588,91.467,73.209
799,799,20.927,24.786,30.972,40.745,58.399,79.937,71.31,63.523,57.781,799,799,35.044,29.445,35.464,42.185,65.421,86.676,77.513,63.125,59.069,799,799,33.225,25.99,29.125,40.526,65.586,83.78,87.249,77.826,60.656
800,800,29.203,28.77,34.297,41.142,55.039,75.396,68.313,61.646,55.937,800,800,34.405,26.653,31.419,41.556,60.802,79.973,72.318,61.631,58.215,800,800,24.904,18.171,25.978,41.686,61.863,79.427,82.567,75.928,58.885
801,801,24.944,21.462,28.995,42.696,54.894,76.38,66.016,56.442,51.293,801,801,33.163,25.502,31.662,43.678,58.396,77.142,69.511,59.533,58.13,801,801,19.295,21.993,29.505,45.288,59.062,74.591,77.402,69.134,54.706
802,802,24.581,30.039,31.962,41.503,57.367,77.788,66.045,55.828,49.417,802,802,33.964,31.543,33.945,46.598,58.673,77.08,67.657,57.947,54.727,802,802,16.839,17.398,32.326,44.277,59.608,74.413,75.241,70.104,53.231
803,803,22.846,30.125,30.141,39.41,55.679,77.719,63.412,52.398,48.408,803,803,40.271,34.819,34.917,41.324,56.679,76.197,63.996,54.003,52.148,803,803,23.642,25.687,31.012,39.396,56.656,69.984,66.67,62.187,50.603
804,804,30.322,25.432,27.019,38.899,51.024,67.077,52.777,54.839,48.757,804,804,38.381,29.683,32.795,39.601,51.328,65.113,51.871,53.614,50.926,804,804,24.486,23.891,31.712,40.209,54,61.319,60.198,62.783,50.521
805,805,28.096,23.301,27.478,40.348,47,63.326,52.142,51.218,48.38,805,805,28.575,23.321,31.673,39.018,46.877,58.524,49.386,53.072,50.807,805,805,14.985,21.795,29.024,40.703,48.764,55.367,61.498,63.423,48.553
806,806,26.474,33.154,28.813,39.265,53.621,72.58,59.213,51.167,45.976,806,806,24.451,33.026,29.564,35.583,49.822,72.573,61.506,49.217,46.245,806,806,4.3064,23.67,27.028,39.562,47.344,67.075,69.527,58.611,47.092
807,807,30.199,29.699,23.695,36.027,47.03,65.362,53.479,37.185,43.202,807,807,32.255,26.654,32.115,37.203,48.513,63.426,52.622,35.431,39.27,807,807,-0.4427,15.606,28.453,37.931,50.536,59.115,56.222,48.833,40.668
808,808,30.593,24.486,22.331,34.133,40.584,50.78,37.887,35.262,40.532,808,808,29.79,22.843,29.265,35.148,41.496,49.583,40.566,35.675,38.902,808,808,0.10724,18.715,29.862,32.189,44.702,45.566,47.274,45.664,41.129
809,809,23.287,16.956,30.193,37.742,43.152,48.685,37.364,34.828,40.926,809,809,28.333,17.836,27.388,37.088,44.123,53.248,42.947,33.788,38.945,809,809,3.8447,19.186,28.472,37.488,44.566,45.672,45.623,45.646,40.882
810,810,27.791,29.482,31.978,41.6,44.39,50.038,39.182,35.288,42.422,810,810,32.64,32.317,31.876,37.822,41.195,49.043,39.758,34.22,39.257,810,810,10.109,16.856,33.896,39.647,42.323,46.179,46.268,46.501,40.931
811,811,31.834,29.881,29.164,38.849,42.389,49.043,40.118,35.367,40.178,811,811,34.929,33.825,30.737,36.668,41.223,50.422,40.379,33.921,38.535,811,811,12.993,19.392,28.649,35.945,43.872,44.887,48.315,47.499,39.921
812,812,27.292,31.12,31.987,38.21,42.657,49.463,39.864,36.972,43.518,812,812,30.022,32.297,30.835,38.756,45.209,50.763,41.44,34.89,39.864,812,812,10.056,17.649,32.07,38.509,46.962,43.923,45.849,46.522,41.228
813,813,29.227,29.344,25.881,38.401,41.311,48.645,39.856,35.975,41.883,813,813,32.202,32.724,30.765,34.109,46.105,50.097,40.933,36.082,39.285,813,813,8.3555,19.123,27.162,37.293,44.95,44.928,48.203,47.267,41.847
814,814,36.599,28.974,28.107,34.901,40.218,49.462,38.465,36.604,44.345,814,814,39.841,31.3,27.86,36.591,43.324,49.186,39.296,35.92,39.708,814,814,17.043,17.893,30.783,35.647,39.24,46.313,48.054,46.47,41.673
815,815,32.566,29.644,28.62,36.52,44.559,51.903,40.673,37.45,42.137,815,815,36.212,27.863,33.565,35.433,42.517,50.587,41.417,37.526,39.642,815,815,12.698,21.711,30.812,34.56,40.191,46.029,47.247,48.551,42.104
816,816,32.05,26.192,28.646,37.082,42.994,50.281,39.882,36.789,43.75,816,816,34.82,24.962,27.359,29.735,42.151,47.782,39.793,35.702,39.52,816,816,14.61,20.874,27.834,36.205,42.371,47.261,48.571,46.869,40.817
817,817,21.6,29.887,28.618,37.771,42.289,49.262,40.365,35.887,40.788,817,817,25.563,30.096,33.098,38.067,40.498,50.38,41.895,35.943,39.233,817,817,4.3861,14.206,26.347,36.097,43.704,47.664,47.645,49.063,40.969
818,818,29.072,25.467,25.365,32.695,44.884,52.055,41.187,36.103,43.328,818,818,30.419,24.099,28.558,32.635,41.943,48.83,40.387,35.162,39.463,818,818,3.6521,12.624,21.819,31.98,42.999,45.607,48.258,48.185,40.855
819,819,32.197,26.087,29.755,34.816,45.502,65.824,56.215,44.008,42.37,819,819,32.34,31.601,31.66,34.059,44.719,64.147,54.391,43.56,42.668,819,819,10.948,16.468,30.209,38.857,48.104,54.974,59.559,54.097,43.012
820,820,24.331,29.682,29.344,38.291,50.44,69.698,57.046,45.56,45.11,820,820,26.428,33.29,32.805,36.026,48.58,70.712,59.668,45.153,44.466,820,820,4.005,15.721,29.848,40.808,49.926,64.817,64.53,55.097,44.452
821,821,23.407,28.964,29.471,34.271,42.379,59.412,48.865,45.678,43.211,821,821,24.661,33.065,31.351,35.413,43.815,59.899,50.209,45.784,44.985,821,821,0.9247,12.774,26.78,37.2,46.03,55.357,58.673,56.686,44.367
822,822,31.132,28.628,30.9,39.759,48.418,62.21,50.088,46.448,45.471,822,822,33.474,30.75,35.928,40.041,49.837,58.764,48.616,45.923,44.535,822,822,10.179,4.8964,28.272,40.48,50.615,53.293,54.608,55.895,46.26
823,823,31.557,32.856,26.403,34.493,50.168,64.673,51.025,48.527,45.447,823,823,34.602,34.283,30.896,35.65,51.031,62.421,51.302,50.814,48.423,823,823,7.9207,24.086,29.627,41.012,53.097,59.143,58.175,59.98,47.06
824,824,38.105,26.533,30.845,41.696,57.665,72.87,57.976,48.329,46.068,824,824,41.283,39.796,32.253,41.001,57.318,67.048,55.953,52.028,50.59,824,824,18.625,26.282,30.119,38.215,58.426,63.712,63.59,61.274,48.45
825,825,37.898,28.958,32.669,50.341,57.964,75.982,64.575,51.839,47.212,825,825,38.792,32.455,35.236,50.286,58.484,73.136,63.793,52.447,48.663,825,825,19.011,19.108,28.921,44.804,59.408,66.18,66.363,64.308,51.723
826,826,34.347,31.598,33.671,46.71,66.82,82.941,70.314,54.44,50.278,826,826,39.513,35.905,32.143,44.653,62.894,77.568,67.446,55.25,51.54,826,826,19.674,17.146,32.272,44.044,62.711,71.791,71.118,66.015,52.756
827,827,28.788,33.325,38.715,55.874,67.423,80.661,68.747,55.306,49.444,827,827,34.805,28.82,31.47,47.267,63.234,83.265,71.701,56.726,52.927,827,827,15.193,18.099,30.636,45.801,63.881,72.863,73.651,67.237,53.645
828,828,27.547,25.74,37.109,59.014,67.14,81.937,69.104,56.12,51.47,828,828,34.226,34.244,35.052,54.764,64.277,80.105,69.971,57.532,54.238,828,828,13.781,25.01,27.86,49.361,65.569,72.827,73.897,67.602,55.099
829,829,32.069,25.316,37.145,57.098,68.721,84.007,71.803,50.124,47.119,829,829,31.982,31.765,35.043,54.439,62.729,80.277,69.349,51.991,48.268,829,829,7.2436,21.741,31.169,49.577,63.866,73.58,73.143,66.016,52.405
830,830,35.958,24.016,35.25,56.587,69.573,82.917,69.843,45.349,45.873,830,830,36.495,30.909,30.228,52.239,64.049,79.851,68.573,47.697,44.166,830,830,12.744,20.044,34.023,51.953,63.384,72.076,71.121,62.838,49.233
831,831,28.914,28.874,35.48,54.257,64.263,78.443,65.837,43.38,42.676,831,831,29.733,25.022,31.981,48.416,60.079,76.664,65.739,45.808,41.806,831,831,9.4183,19.382,27.743,51.085,62.249,66.278,66.134,63.515,49.413
832,832,31.997,33.049,32.065,43.645,58.042,75.656,63.247,41.944,44.017,832,832,31.916,32.461,31.297,47.097,58.885,70.508,58.343,43.7,41.124,832,832,2.7448,21.783,31.754,50.503,61.469,63.635,61.895,61.512,47.698
833,833,29.278,34.627,34.069,44.071,53.983,65.865,54.657,37.513,41.098,833,833,29.455,37.226,31.774,40.949,54.296,64.916,55.088,39.511,38.51,833,833,6.414,26.595,34.156,42.995,58.421,60.223,58.554,56.206,43.968
834,834,34.144,31.644,31.373,40.188,52.656,64.457,53.418,38.873,43.415,834,834,35.231,33.05,30.527,41.68,51.134,66.514,56.105,40.36,39.269,834,834,19.132,26.84,33.884,41.011,53.626,57.199,57.672,57.118,45.379
835,835,32.157,28.253,28.099,36.491,50.534,61.483,48.386,36.35,39.906,835,835,33.795,28.237,28.579,36.246,48.527,65.072,54.463,37.373,37.391,835,835,15.916,26.296,30.838,39.852,51.598,57.629,55.773,52.579,42.472
836,836,28.639,37.682,33.156,35.658,49.299,63.778,50.95,37.209,42.521,836,836,30.884,34.15,31.984,39.645,48.067,65,54.829,36.986,38.145,836,836,16.254,21.601,30.276,38.633,49.591,57.106,57.617,52.212,43.144
837,837,37.51,34.522,32.071,38.912,48.095,61.608,50.171,36.76,39.567,837,837,31.266,31.101,30.482,35.624,45.62,62.225,51.72,37.222,38.045,837,837,22.433,18.717,31.985,39.816,45.692,54.143,55.283,52.505,44.276
838,838,32.631,31.555,31.066,35.268,46.625,58.821,47.729,35.459,42.414,838,838,32.219,32.581,34.26,40.93,47.87,61.126,49.505,33.293,37.565,838,838,18.571,25.354,32.592,38.858,45.453,55.283,55.038,49.117,40.491
839,839,25.973,36.132,33.927,40.343,46.499,60.426,49.954,33.897,38.623,839,839,30.169,24.91,36.439,37.534,44.912,58.607,48.747,33.974,36.317,839,839,11.661,32.125,31.494,40.831,44.44,54.505,53.263,48.929,39.008
840,840,29.918,32.978,32.658,37.773,47.34,57.669,45.38,35.285,41.92,840,840,35.945,35.755,33.266,37.612,45.687,54.479,43.372,34.558,37.743,840,840,19.572,31.189,30.293,37.342,42.785,50.303,51.377,51.167,39.459
841,841,35.599,29.413,32.72,36.361,48.719,60.502,47.944,35.186,38.697,841,841,37.719,34.677,34.495,39.959,48.796,62.235,51.345,36.246,37.41,841,841,16.593,23.637,33.891,38.21,48.988,54.197,53.564,51.646,39.613
842,842,34.113,32.457,29.843,37.254,47.321,57.378,45.739,38.801,43.003,842,842,38.284,35.388,31.289,42.867,50.458,62.945,51.883,38.933,39.264,842,842,18.795,20.336,30.804,39.249,49.016,53.932,55.766,54.173,40.282
843,843,33.518,31.048,28.537,38.516,46.49,61.596,48.283,34.698,38.867,843,843,38.721,35.173,26.868,38.598,48.531,61.041,51.189,33.821,37.057,843,843,19.871,22.539,27.863,39.988,51.808,54.464,52.818,51.063,39.224
844,844,24.561,27.025,31.132,36.352,44.725,59.242,46.533,35.638,42.686,844,844,32.976,31.846,27.126,40.86,48.017,62.588,51.023,33.713,38.308,844,844,19.097,24.973,31.876,40.54,47.056,51.982,51.29,50.823,39.565
845,845,29.942,33.166,27.971,38.215,45.017,60.875,48.526,33.799,38.899,845,845,32.728,36.652,31.236,41.733,47.524,62.127,51.627,33.906,37.604,845,845,19.545,25.135,28.636,37.402,47.69,53.635,51.655,48.388,39.044
846,846,25.811,26.192,30.251,45.253,47.163,56.789,44.603,34.441,42.318,846,846,32.084,26.654,32.203,42.086,46.918,59.306,49.441,34.389,38.549,846,846,18.944,20.964,29.743,41.182,49.989,51.582,51.912,49.96,40.333
847,847,19.458,29.102,35.525,47.667,51.05,60.106,47.739,34.396,39.411,847,847,29.523,33.678,28.993,46.12,51.238,60.157,49.568,33.57,38.691,847,847,11.524,17.059,31.577,45.556,54.194,51.698,52.8,48.665,39.479
848,848,24.536,23.686,37.914,48.566,49.768,56.449,44.784,35.477,42.313,848,848,23.293,28.676,28.176,51.125,49.939,59.903,48.571,33.115,38.176,848,848,8.3718,15.333,30.921,44.099,49.927,50.362,49.012,48.425,39.49
849,849,27.672,29.823,33.781,48.502,48.717,57.463,44.311,33.833,39.528,849,849,34.245,36.425,29.258,49.771,50.36,57.323,45.904,32.816,37.307,849,849,18.34,21.915,23.825,45.354,49.621,51.658,49.81,48.766,39.519
850,850,32.041,31.201,34.657,40.615,46.073,56.323,44.279,33.824,42.136,850,850,38.238,36.423,29.474,39.12,45.577,53.636,42.464,33.342,38.183,850,850,20.668,23.85,28.981,42.964,46.606,50.362,49.8,47.525,39.636
851,851,34.463,23.676,28.641,37.904,46.473,58.93,46.03,36.337,40.236,851,851,36.344,36.816,33.098,37.901,46.167,56.37,45.15,34.03,37.483,851,851,21.147,20.973,30.852,40.483,47.37,48.015,49.761,47.675,39.636
852,852,31.628,25.541,24.995,36.942,46.885,54.308,41.702,34.28,39.244,852,852,34.607,32.005,37.229,41.299,44.795,57.408,47.408,34.999,37.774,852,852,17.324,21.475,28.622,38.566,45.893,49.968,50.606,46.766,39.422
853,853,32.878,25.298,34.266,39.001,46.419,55.407,44.491,35.82,41.743,853,853,37.543,34.696,36.496,43.695,49.847,54.146,43.511,33.651,38.205,853,853,17.774,19.91,25.871,42.292,50.982,49.768,49.512,48.527,39.588
854,854,39.977,31.799,30.857,39.695,47.482,57.358,44.838,33.106,39.185,854,854,42.961,30.152,30.391,41.735,45.677,56.287,44.769,34.101,36.933,854,854,20.947,21.341,28.269,38.949,46.972,51.137,50.139,47.588,38.679
855,855,33.909,26.605,29.231,39.766,45.598,56.489,43.541,35.527,42.613,855,855,36.212,25.091,30.259,37.8,45.994,57.8,45.422,34.287,37.91,855,855,13.497,20.079,28.584,39.569,44.479,49.531,49.193,48.2,39.198
856,856,31.637,23.167,31.717,39.253,43.606,55.635,44.926,34.225,39.808,856,856,34.71,26.046,33.198,43.133,47.829,53.06,43.237,34.177,37.168,856,856,12.016,16.732,30.422,42.457,45.32,49.223,50.192,49.264,39.23
857,857,32.654,27.711,31.943,41.132,46.512,58.3,46.258,35.605,42.859,857,857,35.576,33.205,33.468,43.221,49.8,55.356,45.815,34.892,38.749,857,857,12.349,17.603,28.242,46.606,51.492,50.598,51.322,49.784,40.311
858,858,32.547,35.71,35.3,44.072,49.318,58.98,47.35,35.328,40.842,858,858,30.416,30.195,36.633,46.145,51.02,59.655,49.048,34.974,37.929,858,858,12.275,12.48,30.519,48.258,53.455,53.496,52.66,49.862,39.945
859,859,32.774,40.803,29.025,40.048,47.85,62.533,51.248,37.451,43.46,859,859,34.571,30.601,32.699,44.028,51.454,58.128,47.633,35.033,38.492,859,859,17.349,23.788,28.088,46.097,52.896,53.084,52.696,51.589,40.388
860,860,30.779,29.158,31.546,41.901,49.246,61.898,50.532,37.212,40.938,860,860,38.517,29.144,31.837,41.249,49.935,61.03,51.054,37.05,38.568,860,860,23.676,21.051,30.769,43.835,51.998,57.853,56.317,52.158,40.791
861,861,29.52,26.145,30.757,41.72,53.699,62.633,51.141,39.639,43.024,861,861,31.052,27.828,33.888,41.683,55.998,63.578,54.737,38.599,39.421,861,861,19.307,14.267,26.337,46.001,58.965,58.559,60.426,54.457,41.493
862,862,27.888,32.926,34.113,42.489,54.621,66.971,56.796,42.488,41.179,862,862,27.859,36.046,35.077,45.834,59.858,66.047,57.868,41.448,40.251,862,862,10.577,20.044,28.236,47.76,62.591,61.787,64.887,57.706,42.792
863,863,31.944,21.967,28.113,37.353,52.521,70.882,59.167,42.58,43.861,863,863,38.288,28.552,28.75,45.442,57.55,71.423,61.827,41.628,40.508,863,863,18.532,15.04,25.852,47.265,59.695,62.081,65.814,58.742,43.56
864,864,30.829,32.44,32.408,40.558,52.339,62.292,54.772,45.969,42.325,864,864,38.002,30.259,31.81,42.664,52.929,65.932,58.223,45.209,40.246,864,864,20.659,23.152,26.593,43.723,55.718,61.039,68.536,63.499,43.988
865,865,32.808,35.282,29.26,40.16,51.449,68.083,58.286,47.873,44.974,865,865,31.706,32.769,28.309,42.196,52.64,73.625,64.289,46.055,40.637,865,865,17.8,25.377,25.119,39.521,52.857,68.217,72.453,63.056,45.082
866,866,28.557,26.57,21.478,40.157,50.772,70.376,61.348,49.117,45.44,866,866,30.287,27.148,22.132,45.156,53.685,74.406,66.294,48.788,41.865,866,866,16.958,19.992,29.531,41.696,53.973,68.331,75.941,65.926,48.758
867,867,29.446,28.798,30.348,40.244,50.199,73.876,65.157,55.567,48.939,867,867,31.53,30.407,21.861,40.721,54.779,76.586,67.991,54.269,45.025,867,867,9.4932,24.897,32.184,44.242,55.281,71.115,76.274,70.416,52.716
868,868,25.372,19.937,36.521,40.391,53.236,74.158,66.517,60.412,54.065,868,868,32.16,26.67,34.748,48.057,52.997,72.236,65.171,58.668,51.156,868,868,13.57,26.514,31.797,46.685,56.834,68.097,79.719,74.874,57.751
869,869,33.735,37.98,34.2,40.92,62.632,81.841,74.667,73.853,67.289,869,869,40.961,41.569,33.017,42.059,55.401,77.619,69.244,68.12,63.378,869,869,24.161,22.876,31.404,44.998,60.021,74.873,88.669,86.474,70.157
870,870,35.231,29.396,31.152,42.636,64.118,85.823,75.915,73.115,66.24,870,870,42.442,34.983,24.477,46.317,56.485,78.048,68.907,68.242,63.567,870,870,25.627,19.629,29.326,49.771,61.774,76.203,87.989,86.945,69.37
871,871,30.763,26.117,31.191,47.637,60.328,80.998,69.679,65.544,60.449,871,871,34.405,29.378,26.267,46.764,57.617,77.366,67.916,64.807,59.769,871,871,18.678,15.935,31.584,50.03,60.449,71.941,82.062,80.753,63.561
872,872,26.421,28.248,29.176,45.088,54.114,74.956,64.375,57.518,50.257,872,872,32.783,29.482,32.847,44.536,53.351,75.606,66.697,57.745,50.892,872,872,15.441,14.676,33.023,47.834,52.499,69.018,77.51,72.046,54
873,873,28.998,26.532,30.579,45.507,51.055,64.579,55.486,49.216,45.61,873,873,29.207,28.512,31.669,44.23,53.13,73.541,64.695,50.359,45.25,873,873,7.4307,16.369,31.144,42.624,53.048,65.672,71.924,64.755,47.483
874,874,16.143,29.279,30.997,44.463,52.319,70.395,59.691,50.092,44.464,874,874,25.103,27.786,30.062,41.446,52.33,70.898,61.705,48.329,43.449,874,874,7.8802,16.303,32.876,41.586,54.604,64.003,69.965,62.678,46.482
875,875,20.793,22.538,34.173,45.713,50.83,65.947,54.878,43.535,44.637,875,875,20.894,31.265,31.042,42.279,50.375,68.399,57.786,45.391,42.79,875,875,-2.2187,13.769,27.626,37.334,48.128,58.954,64.946,56.71,44.224
876,876,26.333,23.829,27.892,39.646,49.146,67.748,55.84,44.033,42.3,876,876,30.52,22.864,29.319,44.562,55.516,65.463,55.199,44.733,42.035,876,876,3.7264,18.083,23.76,41.866,55.846,58.376,64.442,56.483,44.246
877,877,28.546,29.109,31.849,43.674,50.832,68.882,57.134,43.169,43.564,877,877,32.515,27.019,31.807,46.299,51.689,63.918,54.075,44.978,42.736,877,877,11.617,23.085,29.715,41.192,50.981,57.495,65.41,56.369,43.758
878,878,29.157,30.909,31.622,46.297,55.283,74.099,62.958,50.227,46.018,878,878,32.842,33.766,31.447,40.456,52.274,68.899,61.1,54.125,52.055,878,878,9.7227,17.43,28.058,43.637,54.246,63.182,73.179,64.407,50.8
879,879,33.754,26.443,28.035,41.781,58.49,79.407,68.443,54.09,50.32,879,879,37.235,28.459,29.14,38.357,57.74,75.151,65.68,56.161,53.933,879,879,13.392,19.439,29.928,39.856,57.895,67.102,75.878,65.574,52.174
880,880,31.438,22.604,31.754,47.985,63.243,82.725,71.684,57.689,52.361,880,880,34.568,20.484,29.644,44.266,59.702,77.797,68.291,60.902,58.002,880,880,15.45,19.088,23.165,47.06,59.588,71.207,78.167,68.554,54.59
881,881,27.332,30.297,31.385,45.789,63.754,82.845,72.4,57.985,51.64,881,881,32.363,24.965,28.851,42.309,60.757,78.201,68.468,62.226,59.455,881,881,12.493,19.897,29.154,45.327,61.144,72.387,77.428,69.431,55.273
882,882,27.313,28.59,31.639,44.76,60.37,77.915,69.606,58.036,52.997,882,882,30.862,24.281,25.704,41.425,58.87,76.482,66.702,61.88,59.579,882,882,13.965,15.334,30.502,41.641,57.453,70.446,74.052,68.556,54.371
883,883,24.484,25.182,31.616,46.561,61.642,77.31,68.695,56.756,52.7,883,883,27.436,22.269,30.722,44.29,57.655,76.77,66.299,61.916,59.321,883,883,9.8328,22.756,33.284,45.494,57.008,69.226,72.67,68.57,54.453
884,884,18.961,28.834,29.583,39.368,56.819,69.7,58.903,54.568,50.175,884,884,19.094,31.719,34.342,41.735,52.99,67.624,58.608,57.222,54.751,884,884,2.4205,24.277,30.813,38.729,53.794,59.862,69.241,67.591,51.5
885,885,19.694,25.186,32.999,38.822,54.837,68.544,59.627,60.562,55.151,885,885,31.369,31.823,32.853,38.964,51.943,68.653,61.441,61.888,58.827,885,885,14.387,23.863,28.257,41.129,55.076,63.654,74.537,72.723,56.891
886,886,21.444,20.412,26.101,40.108,56.461,67.726,64.658,66.099,60.569,886,886,28.175,27.518,29.542,39.388,55.09,74.605,70.024,67.67,63.574,886,886,14.226,17.983,32.736,43.51,55.25,68.24,80.694,79.214,62.191
887,887,27.734,28.349,28.712,39.176,51.799,71.249,69.369,67.426,62.046,887,887,32.066,30.523,30.062,42.327,60.288,75.987,70.771,69.666,66,887,887,9.7756,20.387,28.411,42.317,61.062,69.261,83.3,81.222,65.07
888,888,28.909,30.495,33.274,39.955,56.501,74.127,73.233,71.128,62.646,888,888,33.911,32.385,25.501,46.054,61.47,79.574,74.106,71.561,66.538,888,888,13.219,18.761,33.321,43.898,61.179,73.751,89.73,88.871,70.956
889,889,28.669,27.012,28.7,39.485,56.22,73.55,74.037,80.639,75.577,889,889,32.357,24.379,30.797,45.581,62.199,82.934,77.305,79.418,75.001,889,889,12.965,19.546,36.317,43.495,61.222,76.087,92.872,95.799,78.578
890,890,25.109,24.001,29.858,40.971,58.729,77.887,86.167,87.884,80.959,890,890,31.096,25.193,28.526,44.62,65.066,87.932,85.081,84.72,78.58,890,890,16.604,22.973,37.677,42.946,63.656,85.128,102.12,102.31,86.194
891,891,27.219,31.65,34.845,47.079,67.981,84.646,92.715,94.014,83.792,891,891,30.508,35.837,32.422,43.982,67.734,89.533,91.332,90.639,82.623,891,891,22.299,28.333,35.095,50.563,69.73,93.351,109,107.45,88.706
892,892,28.723,38.992,36.785,47.969,68.128,87.593,92.673,95.109,86.343,892,892,32.938,36.976,34.034,45.766,66.617,86.728,91.229,91.34,83.928,892,892,25.973,31.816,41.027,50.559,67.819,94.423,110.03,109.53,91.043
893,893,32.795,37.155,37.101,48.409,70.625,90.053,92.674,92.745,84.01,893,893,40.046,37.68,32.033,48.007,68.419,90.543,90.441,89.071,81.855,893,893,34.315,36.396,41.212,50.994,70.382,95.385,108.62,108.08,88.804
894,894,40.255,27.892,38.32,48.258,69.866,90.015,90.362,92.751,84.314,894,894,37.211,33.24,35.153,42.755,67.825,90.637,89.224,88.845,79.866,894,894,37.265,29.877,42.554,50.096,70.303,94.223,108.05,107.85,89.238
895,895,34.54,32.698,28.146,41.719,64.698,87.6,80.634,76.986,70.538,895,895,37.707,43.822,37.199,42.595,64.263,89.164,82.716,76.948,68.06,895,895,32.899,33.389,36.027,42.472,62.637,90.31,97.196,91.882,74.055
896,896,35.911,35.021,26.963,38.835,55.443,80.786,72.658,67.662,62.332,896,896,47.57,44.825,38.342,41.999,60.229,82.05,78.072,65.867,61.191,896,896,37.026,30.206,26.776,40.102,59.286,83.241,85.301,83.409,66.088
897,897,37.262,37.901,26.925,39.909,51.534,71.682,61.565,60.674,56.591,897,897,42.912,35.578,35.235,41.297,54.27,70.565,64.045,60.406,57.234,897,897,34.442,25.957,28.341,38.585,54.696,70.448,77.685,75.11,60.682
898,898,27.039,32.007,34.075,38.197,53.231,74.76,66.054,56.736,51.762,898,898,37.42,35.428,33.205,41.06,56.196,76.635,71.082,59.2,56.852,898,898,25.414,26.235,32.079,43.107,57.236,77.245,80.88,72.797,55.334
899,899,25.066,28.031,33.718,40.945,52.868,73.818,65.521,56.298,50.938,899,899,34.289,38.221,36.873,43.949,55.193,75.955,68.37,57.293,55.177,899,899,23.806,24.027,28.692,40.367,56.277,75.161,76.446,69.068,53.691
900,900,36.771,32.382,33.02,38.073,53.45,74.866,63.365,53.464,49.128,900,900,44.903,43.286,34.38,40.683,54.179,70.551,60.597,55.243,51.934,900,900,30.363,29.508,33.046,43.841,55.691,69.93,69.161,66.061,51.598
901,901,35.642,32.648,30.59,36.31,50.814,70.736,56.83,54.627,47.752,901,901,45.491,38.844,32.065,36.883,51.841,71.476,59.131,52.859,50.092,901,901,30.818,23.672,29.171,36.968,51.049,65.491,62.674,63.631,51.032
902,902,30.238,24.037,34.29,39.701,45.834,60.903,50.044,53.732,47.066,902,902,36.91,27.356,28.712,38.767,48.872,59.75,49.615,53.131,49.58,902,902,21.493,20.049,32.445,36.212,47.804,56.937,59.363,66.277,49.867
903,903,23.598,19.289,30.404,36.636,53.081,73.053,62.124,48.239,44.069,903,903,34.183,28.258,29.79,37.051,48.408,66.025,58.068,49.543,48.282,903,903,18.59,19.042,35.785,36.147,47.697,66.472,67.689,59.386,46.412
904,904,22.091,25.297,27.655,36.849,53.172,68.566,55.74,41.335,43.897,904,904,35.308,30.875,25.651,37.292,53.328,65.597,53.935,40.945,41.966,904,904,16.614,19.725,27.784,39.971,53.977,61.208,62.729,54.049,42.722
905,905,14.019,19.602,29.38,40.647,46.171,57.252,44.155,34.794,40.325,905,905,26.628,19.444,32.638,40.791,44.239,56.997,46.105,36.398,39.903,905,905,10.449,17.328,28.572,36.905,45.391,52.615,52.026,50.822,40.813
906,906,21.832,28.58,30.143,39.608,43.597,53.367,42.493,36.356,43.622,906,906,34.915,39.666,32.426,38.328,42.922,52.531,42.627,34.957,40.937,906,906,19.285,25.205,31.415,37.654,42.368,49.653,50.383,48.784,40.891
907,907,27.919,29.27,29.327,35.608,41.792,54.549,41.992,35.002,40.875,907,907,41.682,33.483,29.034,36.577,44.181,53.4,43.793,34.231,39.695,907,907,25.795,19.498,28.061,37.347,44.584,48.207,49.807,48.666,40.536
908,908,23.424,26.743,27.416,37.857,42.124,51.764,40.82,37.656,43.974,908,908,37.276,27.707,30.117,38.195,42.026,52.633,43.487,35.903,40.538,908,908,21.135,19.148,29.135,36.486,40.125,48.995,50.615,49.527,40.768
909,909,24.795,30.046,33.048,37.173,43.186,56.374,44.573,37.121,41.173,909,909,37.605,27.524,30.029,37.388,42.764,54.512,44.268,36.202,41.02,909,909,18.495,17.834,27.993,36.048,42.994,49.891,49.397,50.18,41.211
910,910,27.062,26.257,34.843,34.497,43.048,53.192,42.314,37.286,43.614,910,910,33.697,34.215,33.59,38.534,41.375,52.766,42.735,36.656,40.819,910,910,17.615,14.712,27.348,34.689,44.501,48.993,49.956,51.66,41.585
911,911,27.486,25.502,26.955,36.523,46.443,52.761,43.148,37.963,41.438,911,911,39.391,34.032,31.893,38.595,47.195,53.845,43.174,36.877,40.15,911,911,23.478,18.705,32.43,33.425,47.343,49.514,51.659,52.176,41.447
912,912,15.882,25.25,27.438,36.832,46.646,57.241,45.548,36.306,43.471,912,912,40.616,34.425,32.044,34.742,45.052,53.519,43.837,35.994,39.784,912,912,23.783,21.24,30.087,39.748,46.49,48.89,50.064,51.273,41.293
913,913,25.475,23.895,25.263,34.261,50.463,58.915,46.403,42.127,41.98,913,913,33.96,32.346,33.768,39.408,44.077,54.731,45.721,44.713,44.779,913,913,18.009,23.448,30.067,38.321,49.227,51.78,55.418,54.25,43.254
914,914,25.226,23.53,27.39,36.779,53.578,72.705,61.528,43.967,44.165,914,914,34.924,29.519,32.782,38.268,49.96,67.323,57.583,42.513,43.28,914,914,17.377,20.773,32.662,40.867,50.966,65.605,65.955,54.174,43.131
915,915,20.77,27.191,33.135,36.533,47.776,63.863,52.149,45.205,43.528,915,915,40.882,35.648,37.536,37.763,44.735,61.514,53.509,46.788,45.946,915,915,24.1,15.836,29.977,39.066,45.532,58.046,66.305,58.021,44.517
916,916,20.168,24.993,30.706,37.641,45.736,59.74,48.424,47.065,45.86,916,916,39.672,33.475,32.292,36.223,46.641,57.178,48.4,44.794,44.63,916,916,22.684,25.307,29.89,39.606,47.917,55.066,59.415,55.715,45.348
917,917,25.726,29.006,32.681,38.152,48.254,65.817,55.493,47.188,43.038,917,917,32.686,34.894,35.452,35.814,48.593,61.016,52.285,47.296,45.746,917,917,16.968,27.615,29.765,35.516,48.773,58.307,56.732,57.605,46.919
918,918,24.07,36.596,30.383,39.021,48.734,65.407,53.187,46.203,44.761,918,918,37.495,38.725,39.628,39.23,48.069,64.026,54.004,45.185,44.501,918,918,21.718,31.586,32.045,36.801,47.38,59.648,57.067,58.816,46.526
919,919,24.969,35.378,34.838,41.631,56.556,68.1,54.93,44.762,42.461,919,919,32.263,40.507,35.024,36.346,50.246,64.209,54.368,46.629,44.922,919,919,16.836,27.35,30.007,40.812,53.426,58.132,60.738,58.049,46.133
920,920,19.524,26.567,30.225,44.235,58.037,68.502,56.015,45.43,44.716,920,920,33.314,33.241,30.579,44.747,56.558,65.431,57.086,47.342,45.531,920,920,16.315,18.885,25.842,42.61,59.407,60.73,62.584,59.084,47.053
921,921,27.893,27.271,31.632,46.71,60.596,72.861,61.726,51.465,47.67,921,921,35.586,25.646,31.477,46.293,58.352,71.618,63.883,53.314,50.487,921,921,21.476,22.107,35.884,42.01,60.33,66.019,69.779,61.881,50.522
922,922,33.172,30.163,37.45,48.252,62.629,77.343,64.025,49.454,46.874,922,922,43.334,32.726,29.938,48.002,61.612,78.322,67.275,52.007,50.179,922,922,27.312,20.087,28.141,44.032,62.774,68.973,71.864,63.895,49.477
923,923,33.34,30.51,33.467,53.423,67.063,76.639,65.869,50.363,46.268,923,923,42.019,32.768,33.047,45.266,64.703,76.768,65.998,52.825,50.526,923,923,27.162,22.955,33.647,42.465,64.942,68.242,72.675,63.582,49.809
924,924,33.371,26.957,30.955,52.281,64.008,80.645,68.023,49.806,47.007,924,924,32.97,32.25,28.884,49.732,62.147,79.3,68.847,51.438,49.268,924,924,19.516,26.875,34.988,42.245,63.017,70.774,72.442,62.876,50.346
925,925,31.537,27.373,33.782,55.571,65.351,80.73,68.279,45.519,44.836,925,925,28.253,30.974,29.748,49.419,61.462,77.978,67.233,46.125,44.123,925,925,8.4963,21.344,26.148,48.611,63.202,69.13,72.685,60.297,48.189
926,926,28.727,25.874,30.561,49.61,67.519,80.757,67.035,43.178,44.651,926,926,34.583,33.934,35.981,47.548,59.714,77.373,66.319,44.645,42.981,926,926,17.435,27.467,31.047,47.977,62.275,69.796,72.409,60.027,47.221
927,927,27.583,27.189,38.161,57.975,64.292,79.083,66.617,43.346,42.54,927,927,40.379,39.501,35.967,52.455,61.941,73.621,61.194,44.96,42.625,927,927,24.061,27.554,35.452,51.269,63.902,66.146,64.765,60.759,47.245
928,928,23.94,35.551,36.582,44.43,59.924,77.237,64.529,44.483,45.544,928,928,40.11,37.018,36.036,45.101,58.78,73.99,62.22,47.012,48.397,928,928,23.385,27.872,36.234,49.01,61.483,65.664,64.376,61.354,49.694
929,929,32.839,33.854,35.995,47.385,59.516,70.133,58.535,61.176,56.262,929,929,42.472,39.262,30.487,47.134,56.319,70.208,61.185,58.14,54.535,929,929,27.758,27.472,32.47,47.274,58.53,64.273,71.502,76.678,59.402
930,930,35.544,30.575,35.281,50.47,62.779,72.957,62.631,60.596,57.235,930,930,45.772,44.386,36.789,46.512,56.36,73.537,63.404,58.905,54.696,930,930,30.994,32.019,31.352,43.492,57.978,65.818,72.118,78.742,60.679
931,931,21.804,32.213,38.407,55.83,65.785,78.122,65.951,52.496,48.129,931,931,39.452,34.525,38.522,47.239,57.372,75.832,64.886,52.888,46.344,931,931,22.581,28.731,32.802,47.762,59.092,67.48,72.013,71.78,53.296
932,932,26.726,35.348,30.018,55.594,64.872,81.032,67.826,47.602,46.094,932,932,41.995,40.134,36.643,50.256,57.685,75.391,65.059,49.198,45.852,932,932,23.688,28.529,34.671,47.534,60.622,69.687,70.245,61.571,48.585
933,933,32.709,24.035,36.163,57.407,67.083,80.593,68.415,47.564,44.376,933,933,32.843,35.593,39.446,52.12,60.403,78.148,68.605,49.138,43.391,933,933,17.902,25.896,34.269,49.239,61.451,70.135,72.22,64.539,48.281
934,934,32.79,23.908,37.972,55.448,63.259,80.952,68.902,52.357,47.535,934,934,39.834,23.612,32.203,50.065,62.124,76.859,66.647,56.418,46.972,934,934,24.493,25.966,35.763,43.781,59.979,70.627,73.081,69.487,53.959
935,935,32.192,26.121,36.178,58.899,62.221,81.341,69.809,54.973,48.765,935,935,38.711,31.338,34.163,55.867,60.046,77.036,67.769,56.576,47.965,935,935,23.898,25.204,36.903,49.511,59.964,68.684,74.696,67.849,54.629
936,936,28.982,36.465,32.975,54.222,62.609,78.631,65.747,54.015,48.355,936,936,32.506,42.197,34.618,53.705,59.471,74.054,64.622,57.852,47.516,936,936,15.895,26.286,36.218,52.326,60.763,68.179,73.351,69.584,54.578
937,937,34.11,32.534,32.284,41.851,60.052,74.198,62.608,55.076,48.611,937,937,38.287,34.825,33.907,45.091,58.791,73.624,63.309,57.583,48.915,937,937,18.157,22.1,36.829,45.22,60.143,69.904,72.964,72.182,56.036
938,938,28.617,30.628,27.986,43.665,63.209,76.455,65.634,55.118,48.555,938,938,32.886,29.838,33.413,43.901,60.549,74.971,65.442,59.023,47.735,938,938,14.967,19.535,34.262,46.994,62.953,69.836,76.13,73.532,55.524
939,939,37.981,37.721,35.231,43.758,60.699,76.839,66.458,60.08,50.765,939,939,37.522,35.285,36.982,43.597,62.864,76.324,67.328,61.257,51.172,939,939,24.975,24.862,36.078,47.845,63.978,72.095,80.033,76.642,57.915
940,940,36.268,34.614,33.491,43.089,63.183,76.064,67.521,63.426,54.444,940,940,35.93,36.202,33.114,45.446,61.317,77.403,69.921,64.038,53.48,940,940,23.924,23.571,28.544,47.39,62.745,72.179,83.325,79.541,61.071
941,941,34.59,34.472,33.744,43.542,60.435,78.9,70.839,68.374,60.733,941,941,37.585,35.483,31.062,45.212,62.097,79.482,73.421,68.153,55.87,941,941,22.376,25.653,34.968,48.784,65.517,75.923,87.288,83.914,66.02
942,942,38.043,34.371,33.601,43.433,61.728,80.69,80.925,77.966,69.637,942,942,37.612,34.107,31.343,45.353,62.758,80.68,79.901,75.427,64.356,942,942,25.282,22.299,34.357,48.938,64.52,80.231,98.665,94.532,74.706
943,943,34.057,33.508,36.243,50.297,63.377,81.154,81.497,83.28,76.693,943,943,29.7,37.42,36.428,45.686,62.407,80.704,79.192,79.607,70.88,943,943,16.746,30.193,38.752,49.167,64.627,82.268,99.951,96.626,79.016
944,944,37.556,37.566,34.747,43.507,63.135,82.502,83.463,84.682,77.487,944,944,32.424,37.06,33.101,45.541,62.652,79.584,79.857,79.877,73.649,944,944,23.85,26.961,34.716,49.477,64.247,83.872,101.48,97.075,80.116
945,945,38.146,32.333,29.374,45.587,63.618,83.851,84.109,81.865,73.885,945,945,31.761,31.762,35.231,46.264,61.258,78.325,79.894,78.362,71.738,945,945,23.401,28.365,33.061,47.723,61.46,83.577,100.82,95.276,77.088
946,946,35.019,30.288,36.392,42.657,58.501,78.746,81.075,83.732,77.868,946,946,34.611,27.333,34.505,46.784,58.684,77.633,77.304,79.194,74.261,946,946,20.621,21.037,30.356,47.279,58.85,81.033,98.139,94.4,78.724
947,947,31.309,31.545,34.993,49.469,60.617,75.705,71.392,69.563,62.609,947,947,33.966,36.126,39.005,53.523,60.437,78.71,72.855,68.006,62.247,947,947,20.399,25.396,27.57,48.833,62.736,72.665,88.303,83.471,66.534
948,948,33.026,29.747,29.508,52.958,60.526,74.603,68.692,68.331,61.135,948,948,41.029,36.655,34.894,51.056,60.856,81.01,73.647,67.204,60.275,948,948,24.736,28.148,35.531,51.783,63.094,73.217,85.637,83.203,66.136
949,949,31.769,27.204,33.723,47.801,60.423,75.771,66.855,60.118,53.727,949,949,39.936,31.176,30.377,45.163,58.894,78.25,69.179,59.766,54.057,949,949,24.815,26.921,32.462,44.846,62.573,70.61,78.057,75.641,57.761
950,950,32.28,27.5,30.911,43.03,59.143,75.846,66.099,58.531,50.37,950,950,40.646,27.881,34.295,46.825,59.909,76.864,67.729,58.702,50.564,950,950,25.291,25.881,31.116,46.317,61.826,69.021,76.619,73.26,55.292
951,951,27.896,27.65,32.592,44.158,58.979,74.458,64.496,54.509,47.4,951,951,36.79,36.268,32.977,43.46,56.777,73.255,64.312,53.64,47.243,951,951,20.018,22.084,32.488,46.04,56.596,65.215,75.069,68.779,52.546
952,952,30.595,25.179,34.014,49.778,63.198,76.703,63.846,50.778,44.52,952,952,40.248,32.763,33.95,44.202,56.433,74.512,63.78,50.444,44.037,952,952,22.06,20.626,30.154,43.816,55.887,64.617,70.878,65.797,49.269
953,953,26.806,28.88,35.284,49.343,62.671,78.679,66.618,50.213,46.542,953,953,37.056,39.209,33.829,48.516,59.739,75.552,64.422,50.747,44.497,953,953,21.274,24.931,32.081,46.926,61.152,67.354,71.749,65.172,50.475
954,954,31.319,31.508,33.143,52.054,66.881,81.897,69.019,48.335,45.082,954,954,35.479,35.342,33.674,49.865,60.365,79.393,68.595,50.109,44.844,954,954,19.805,23.73,28.476,45.076,60,68.211,70.93,62.97,49.354
955,955,30.405,27.796,34.001,57.078,67.119,83.745,71.937,49.803,47.102,955,955,34.442,34.475,27.526,50.636,59.882,78.491,69.563,52.841,45.964,955,955,10.727,23.948,29.29,51.113,61.389,72.856,74.531,65.841,52.233
956,956,20.061,22.3,37.705,56.97,66.543,83.182,70.637,55.19,50.122,956,956,31.235,30.77,32.513,51.529,63.24,78.856,69.332,58.437,49.536,956,956,13.063,19.257,32.451,51.406,65.387,70.955,75.201,71.108,56.663
957,957,28.46,31.449,34.157,53.04,63.495,77.899,66.892,54.493,49.164,957,957,34.158,38.545,33.252,52.652,60.362,74.305,65.201,56.19,48.285,957,957,19.64,22.769,31.391,48.705,61.529,69.187,74.154,69.285,54.243
958,958,28.461,27.597,33.347,48.13,62.635,78.71,66.706,56.35,50.263,958,958,37.474,34.042,37.548,47.614,61.583,75.674,66.15,58.161,51.003,958,958,22.301,16.024,29.272,49.213,62.33,70.84,78.069,70.688,56.533
959,959,33.983,34.839,32.422,44.845,60.945,79.876,68.729,52.75,47.616,959,959,38.003,32.692,31.781,42.43,59.043,77.603,67.979,56.223,48.745,959,959,24.46,24.06,33.401,44.89,58.775,69.67,76.284,69.146,54.356
960,960,35.181,31.568,30.97,44.309,62.783,76.853,67.342,50.141,46.422,960,960,37.471,34.565,35.527,43.375,60.455,76.875,66.906,51.297,47.138,960,960,22.409,24.821,34.219,44.048,61.417,71.835,77.39,65.285,50.674
961,961,28.15,28.157,30.005,41.143,61.115,76.873,65.688,51.547,49.037,961,961,29.429,35.044,31.725,40.735,56.973,75.494,66.919,54.717,49.904,961,961,14.207,25.079,32.839,44.799,58.511,71.983,75.388,65.724,52.826
962,962,25.822,25.516,34.634,41.362,60.523,76.601,64.79,47.405,45.103,962,962,31.121,30.487,34.36,41.987,58.454,76.026,65.539,52.548,45.88,962,962,14.42,16.666,31.611,45.202,58.7,64.254,69.238,63.345,48.07
963,963,17.033,28.038,31.61,41.546,55.356,74.276,62.835,45.485,45.514,963,963,28.074,34.749,30.647,43.72,55.772,70.466,60.42,49.045,45.022,963,963,9.2594,20.89,29.345,43.548,57.374,68.174,71.437,59.916,46.451
964,964,25.409,22.306,30.877,40.238,54.637,75.338,63.221,43.328,44.406,964,964,30.376,23.035,31.439,40.547,51.614,69.09,59.012,44.757,43.21,964,964,9.7559,20.089,30.109,45.009,53.11,65.022,62.727,57.442,46.168
965,965,21.356,30.082,35.027,38.994,49.026,70.296,57.944,39.776,44.621,965,965,25.145,31.002,34.551,42.389,47.134,62.806,52.636,41.045,41.995,965,965,4.5651,15.455,32.081,44.176,49.153,59.729,55.855,54.986,44.003
966,966,24.137,29.627,30.746,38.947,47.962,70.967,59.313,38.187,42.267,966,966,28.36,32.829,27.533,39.797,43.972,61.211,51.717,38.821,40.749,966,966,7.0388,16.392,32.718,41.427,47.014,59.848,56.35,55.03,43.215
967,967,26.505,17.781,30.826,40.516,44.435,59.322,47.394,38.004,44.819,967,967,30.958,29.077,26.784,39.858,45.147,57.067,46.33,39.482,41.652,967,967,7.2292,21.134,27.42,40.748,41.684,48.377,54.78,55.1,43.573
968,968,17.787,18.133,31.84,41.208,46.363,60.069,48.07,38.501,42.647,968,968,20.088,21.822,32.112,37.665,46.031,58.749,48.495,38.242,40.385,968,968,0.92709,20.071,28.456,41.556,49.868,49.555,53.632,54.755,43.052
969,969,16.267,21.15,22.065,38.161,43.598,57.086,46.029,39.538,43.866,969,969,19.831,24.855,23.696,35.006,45.032,54.903,45.894,39.113,40.677,969,969,2.951,14.379,28.345,38.829,49.139,50.327,53.359,55.408,42.997
970,970,13.274,18.019,28.9,37.762,45.179,56.52,44.32,40.452,42.707,970,970,20.904,19.87,23.444,37.668,44.136,55.975,46.833,39.137,41.169,970,970,1.2439,22.034,29.925,37.794,46.022,51.975,54.382,55.991,42.975
971,971,22.209,17.402,30.506,39.019,44.096,56.63,46.985,41.593,45.168,971,971,25.757,25.999,29.627,33.23,42.079,60.524,49.573,42.555,41.73,971,971,6.0457,20.019,28.044,37.453,44.606,55.001,55.281,59.368,45.621
972,972,23.24,20.68,35.453,40.598,46.23,68.635,58.124,41.139,43.566,972,972,26.765,24.779,32.353,38.761,45.259,63.092,53.58,42.1,41.541,972,972,3.3852,14.565,30.47,42.215,45.728,56.867,56.836,59.694,45.25
973,973,26.35,30.168,33.403,40.5,49.867,69.683,58.399,41.321,43.727,973,973,29.836,28.318,30.209,39.03,48.083,67.552,57.089,42.739,41.821,973,973,5.6946,19.138,30.995,40.21,47.964,59.252,56.633,59.395,45.369
974,974,19.585,30.493,32.143,42.421,50.91,72.404,60.732,40.045,41.827,974,974,19.359,24.416,29.103,39.796,47.348,66.137,55.649,40.608,41.327,974,974,-1.6835,14.532,32.306,43.108,49.463,59.39,57.075,56.565,44.608
975,975,19.365,26.544,31.228,41.165,49.55,66.062,53.322,39.488,44.93,975,975,13.003,31.754,28.904,40.28,47.602,61.495,50.982,40.401,41.951,975,975,4.8767,19.096,31.669,41.617,47.223,54.818,53.758,54.822,44.773
976,976,18.795,27.436,29.403,41.589,46.793,61.182,50.875,40.178,42.814,976,976,20.786,26.907,33.464,37.521,43.813,59.339,48.057,41.519,41.791,976,976,6.2716,16.58,30.408,43.618,48.655,52.614,53.935,55.863,45.684
977,977,23.251,25.448,30.73,40.882,45.927,61.927,51.178,40.263,44.353,977,977,26.895,26.608,28.953,38.803,44.928,60.278,50.644,41.744,42.482,977,977,5.9996,19.932,29.969,40.998,44.174,52.265,55.154,54.261,44.209
978,978,28.24,23.413,25.782,38.297,47.63,65.973,53.641,40.556,43.02,978,978,31.322,28.556,31.91,36.444,47.54,61.405,52,41.991,41.893,978,978,12.034,20.894,31.003,41.476,44.654,56.852,62.478,55.925,44.58
979,979,23.951,22.275,26.523,40.329,52.34,66.354,54.156,41.322,43.395,979,979,27.478,33.007,28.23,40.839,48.447,64.381,54.056,42.394,41.964,979,979,6.8688,20.237,30.339,37.572,48.917,58.235,62.958,59.189,45.393
980,980,25.139,22.74,32.23,38.744,56.39,77.059,65.366,50.717,47.737,980,980,28.685,29.38,34.484,39.034,53.724,69.133,60.435,55.161,52.578,980,980,4.5895,13.089,34.575,38.391,54.317,66.217,73.178,64.748,51.237
981,981,27.337,26.691,30.906,42.854,58.583,77.613,67.402,54.612,49.922,981,981,31.492,26.305,32.533,41.701,57.356,75.173,65.932,56.286,53.195,981,981,6.1807,16.249,32.769,39.377,59.298,67.664,75.776,66.901,53.345
982,982,20.801,20.381,32.074,45.749,60.593,82.388,71.11,60.334,54.881,982,982,22.721,26.702,32.232,46.644,57.946,79.731,69.946,62.548,60.184,982,982,2.5286,10.744,31.385,41.879,57.394,71.49,77.892,74.149,58.286
983,983,15.864,24.593,34.304,47.512,61.359,81.718,70.541,61.688,55.757,983,983,19.539,24.94,28.696,40.838,60.274,79.082,68.441,62.485,59.506,983,983,2.8489,12.234,33.81,44.857,59.906,71.705,77.359,76.204,59.062
984,984,21.865,26.46,35.344,47.264,61.543,77.54,67.364,61.445,53.867,984,984,25.669,32.277,31.149,43.9,59.313,77.688,67.27,61.959,59.006,984,984,-1.995,17.448,28.924,43.291,58.762,70.573,78.14,77.959,60.71
985,985,24.861,27.815,34.49,47.684,57.706,72.958,61.811,59.949,54.557,985,985,28.575,32.438,30.73,40.369,55.081,71.799,61.102,62.342,59.22,985,985,4.7065,16.838,29.412,42.732,54.944,63.456,68.265,74.602,57.864
986,986,29.944,15.837,32.966,48.083,57.002,67.29,60.93,67.452,60.443,986,986,33.998,22.949,29.253,40.052,56.917,70.235,63.918,68.582,64.487,986,986,12.399,18.389,28.419,41.168,57.105,65.308,75.179,83.425,67.519
987,987,22.392,27.865,28.502,40.698,54.851,72.266,66.915,72.224,65.49,987,987,25.473,29.736,29.529,41.185,62.465,79.305,72.749,72.42,68.73,987,987,5.7655,16.659,32.94,43.513,63.257,73.016,81.953,90.34,72.839
988,988,24.166,25.486,35.019,42.117,60.608,76.671,72.911,78.885,73.466,988,988,26.889,23.216,29.312,47.499,64.838,79.049,74.376,76.297,72.49,988,988,-0.26467,26.729,32.359,44.47,65.287,74.638,87.675,96.792,80.282
989,989,21.777,29.09,30.35,43.958,62.794,82.27,82.56,89.493,83.042,989,989,25.932,28.038,32.333,48.144,67.412,87.057,83.806,86.513,80.515,989,989,18.54,31.203,33.262,44.727,66.439,84.174,99.61,106.97,88.876
990,990,21.638,28.368,37.442,50.978,72.449,91.759,91.788,96.743,88.016,990,990,27.136,30.074,36.484,46.697,68.817,87.991,89.922,93.998,86.016,990,990,28.148,39.294,44.511,52.698,69.111,93.443,109.16,111.19,93.121
991,991,31.101,38.439,35.383,51.943,73.349,91.506,91.054,97.059,87.262,991,991,31.093,34.933,34.605,48.358,69.485,89.456,90.18,92.909,84.973,991,991,33.871,31.831,43.064,54.121,69.398,95.874,109.45,110.87,92.184
992,992,31.564,37.897,39.325,48.009,70.374,91.775,90.517,93.168,85.187,992,992,30.226,31.943,34.699,48.312,65.327,86.65,87.218,89.768,81.313,992,992,35.491,32.609,41.798,52.991,66.936,94.272,106.39,109.36,89.602
993,993,35.751,34.214,34.514,45.556,65.308,88.197,81.097,79.608,73.202,993,993,26.053,29.192,37.818,43.696,63.004,86.063,82.7,79.742,71.225,993,993,30.91,29.061,35.329,44.028,63.099,89.584,98.712,92.831,75.576
994,994,32.771,29.404,35.323,43.874,60.39,74.306,67.799,60.891,55.705,994,994,24.554,30.35,39.583,43.666,59.842,76.929,73.552,61.291,57.226,994,994,32.895,21.749,29.493,43.344,61.058,76.27,84.558,74.289,60.785
995,995,32.461,28.261,28.571,42.318,55.459,72.928,65.802,58.14,52.257,995,995,33.628,29.586,37.765,44.545,57.427,74.336,70.757,60.222,57.551,995,995,27.902,22.97,29.314,40.446,58.595,75.084,82.37,72.218,57.568
996,996,33.569,28.018,29.34,40.095,54.168,76.698,66.401,57.568,51.484,996,996,32.519,29.744,30.766,45.976,57.852,76.028,69.458,58.848,55.806,996,996,24.303,19.111,32.435,40.161,57.796,75.347,79.628,70.945,54.061
997,997,30.891,29.843,29.885,41.557,52.302,74.293,64.079,52.662,49.034,997,997,31.785,26.938,32.616,41.593,54.025,74.39,65.067,55.182,52.605,997,997,21.384,23.521,37.304,40.741,54.451,69.885,71.886,66.454,52.223
998,998,31.537,22.231,23.437,40.866,55.32,76.111,64.983,57.064,51.972,998,998,33.163,38.169,34.329,39.606,56.201,79.074,67.992,59.564,56.416,998,998,17.109,22.945,32.434,40.645,56.215,73.984,69.181,66.22,53.618
999,999,32.828,22.426,30.457,39.032,56.364,76.611,64.981,52.705,47.994,999,999,33.936,30.98,26.822,38.44,53.898,70.462,62.253,52.938,49.585,999,999,16.803,16.198,28.408,43.006,55.307,68.177,71.349,63.562,50.884
1000,1000,24.912,18.346,30.521,44.359,57.695,79.786,69.132,56.448,50.808,1000,1000,26.448,15.821,28.191,42.205,56.555,78.017,69.346,56.096,49.658,1000,1000,8.0244,13.799,29.676,43.96,57.74,74.742,83.26,72.595,54.21
1001,1001,22.79,25.899,28.108,41.889,58.341,76.388,70.139,61.847,53.151,1001,1001,22.978,24.846,29.367,39.866,58.438,80.882,74.402,62.077,50.458,1001,1001,0.56789,19.826,33.864,45.467,59.421,77.451,87.379,78.351,59.787
1002,1002,28.472,22.456,27.961,43.625,60.116,79.936,77.708,70.29,60.936,1002,1002,28.398,28.022,28.586,41.854,59.849,82.649,78.857,70.941,58.25,1002,1002,9.3917,23.55,33.547,43.936,60.21,80.356,95.605,88.139,69.536
1003,1003,27.961,22.447,34.543,41.816,60.769,80.004,79.72,75.786,67.692,1003,1003,28.855,26.4,31.454,43.574,62.874,80.267,80.862,75.971,63.255,1003,1003,14.574,26.886,38.829,46.34,64.486,82.672,98.656,92.081,73.413
1004,1004,25.559,36.242,34.091,43.64,62.632,84.009,84.317,82.967,75.787,1004,1004,31.722,33.88,32.157,45.42,62.712,82.095,80.086,78.411,71.343,1004,1004,15.269,28.301,34.783,48.731,66.422,85.229,101.7,95.531,78.115
1005,1005,37.81,37.094,35.221,45.979,62.468,82.009,83.285,82.74,73.926,1005,1005,44.843,38.04,33.083,46.072,62.442,80.436,80.261,78.485,70.025,1005,1005,29.908,29.938,32.18,48.452,64.574,82.345,101.71,95.927,77.302
1006,1006,39.001,33.567,35.149,43.19,58.128,77.683,81.351,83.906,76.172,1006,1006,43.434,32.019,29.567,46.09,59.62,79.466,77.641,78.73,70.387,1006,1006,29.853,23.414,31.343,45.043,58.982,81.961,100.31,97.012,78.742
1007,1007,28.681,24.187,33.237,49.069,59.164,73.663,72.311,71.132,61.517,1007,1007,39.456,28.523,31.77,50.585,60.789,77.408,72.627,69.73,61.714,1007,1007,24.336,24.247,32.744,48.063,61.206,74.426,91.489,86.603,67.717
1008,1008,16.833,25.256,31.034,49.446,61.058,74.94,67.986,64.951,58.243,1008,1008,35.081,24.738,31.667,52.867,65.056,77.882,70.514,65.643,60.884,1008,1008,24.623,25.767,33.624,52.906,65.649,72.143,84.828,80.352,62.863
1009,1009,10.245,27.333,34.658,49.381,63.535,74.969,66.105,67.419,64.57,1009,1009,30.728,30.592,35.655,53.111,65.18,75.472,68.645,65.751,61.533,1009,1009,12.634,24.287,30.461,53.096,67.467,71.967,81.05,82.474,67.06
1010,1010,26.494,27.499,32.638,47.239,60.216,72.544,64.406,72.91,69.695,1010,1010,32.073,33.798,32.032,44.807,58.013,73.08,65.924,69.95,67.678,1010,1010,13.378,24.993,35.09,48.78,64.615,69.329,80.07,87.763,74.267
1011,1011,27.061,25.318,35.103,44.517,57.15,68.874,61.098,70.224,66.043,1011,1011,32.565,27.393,30.216,41.888,59.045,74.155,65.685,66.888,63.296,1011,1011,16.008,25.119,37.11,44.207,62.125,68.73,78.611,85.759,69.858
1012,1012,23.892,26.884,29.539,38.056,54.056,62.804,55.764,62.292,57.945,1012,1012,31.7,23.65,31.457,38.351,57.527,70.698,61.849,58.205,54.825,1012,1012,16.313,22.507,34.894,40.452,60.088,62.848,72.975,76.327,59.632
1013,1013,25.186,33.101,29.527,36.808,48.754,61.367,52.548,51.34,47.469,1013,1013,31.478,32.617,28.796,37.955,59.199,65.953,56.303,52.349,50.03,1013,1013,11.572,26.167,32.435,42.071,59.002,63.044,67.043,64.365,51.535
1014,1014,22.307,27.778,30.203,40.802,56.743,74.812,63.287,51.465,47.014,1014,1014,29.578,30.546,28.332,34.902,53.333,74.406,64.891,52.731,48.99,1014,1014,12.325,26.305,31.52,39.513,53.382,66.788,72.599,63.49,49.699
1015,1015,27.644,30.237,33.868,43.874,56.124,74.141,63.687,49.353,44.15,1015,1015,18.022,28.091,26.225,41.568,55.266,72.733,63.003,50.448,46.098,1015,1015,9.4836,24.247,31.911,37.982,54.585,67.353,73.439,62.488,49.327
1016,1016,21.491,28.116,33.126,44.624,62.756,76.043,65.271,50.114,46.355,1016,1016,14.073,30.277,29.494,38.978,56.59,74.346,64.768,52.26,47.931,1016,1016,6.4678,23.184,28.011,39.293,57.798,65.964,73.061,63.851,49.807
1017,1017,22.822,21.004,32.083,44.505,60.524,76.479,65.847,50.747,44.944,1017,1017,27.637,27.624,32.894,42.574,57.556,73.73,64.003,51.937,47.544,1017,1017,10.668,23.521,32.826,39.641,57.297,67.762,75.099,65.246,50.235
1018,1018,20.164,24.435,30.69,42.031,59.1,75.119,62.79,49.947,46.259,1018,1018,28.521,27.513,29.125,37.654,57.079,76.58,65.746,51.837,47.964,1018,1018,11.359,27.411,32.74,38.906,56.504,67.408,73.46,64.724,49.936
1019,1019,14.789,28.507,29.419,40.062,55.248,70.633,59.446,49.605,44.959,1019,1019,25.146,28.702,33.134,40.679,55.581,75.843,65.342,50.228,46.923,1019,1019,4.5009,21.598,23.771,40.574,53.433,64.668,69.042,62.565,49.837
1020,1020,23.969,35.035,32.673,42.229,59.611,72.647,61.008,48.237,45.008,1020,1020,17.3,35.945,34.627,41.6,58.526,75.205,64.106,47.946,45.194,1020,1020,2.4992,24.327,30.714,43.206,60.852,67.205,67.137,60.229,48.287
1021,1021,31.501,34.168,24.73,46.111,59.297,76.806,65.727,47.974,44.139,1021,1021,27.838,32.258,34.669,45.264,59.772,70.409,59.59,48.99,45.111,1021,1021,12.405,21.311,32.099,44.667,62.124,67.366,66.605,59.918,48.261
1022,1022,26.386,28.644,35.726,47.807,61.522,78.179,65.446,49.412,46.328,1022,1022,30.057,31.853,35.42,44.82,58.861,76.699,66.534,50.36,47.347,1022,1022,14.877,22.825,29.749,43.936,60.027,69.876,69.729,61.266,47.936
1023,1023,34.376,35.374,37.015,49.074,63.404,77.201,64.213,47.173,45.183,1023,1023,29.307,34.68,32.044,48.697,64.625,73.33,64.832,48.744,45.938,1023,1023,19.469,24.725,31.936,46.73,64.693,67.753,68.995,61.345,46.666
1024,1024,29.578,31.374,37.862,50.132,65.65,77.776,64.657,48.967,45.051,1024,1024,32.801,25.858,32.363,48.633,62.587,76.315,65.611,50.48,46.54,1024,1024,19.73,24.664,32.57,48.495,63.695,69.461,69.832,60.997,47.01
1025,1025,27.305,26.877,37.624,52.474,66.404,75.74,63.201,47.375,45.769,1025,1025,33.408,29.3,34.484,48.383,67.583,74.796,63.933,48.652,45.401,1025,1025,18.494,18.237,31.707,50.796,70.267,69.717,71.404,61.079,48.961
1026,1026,24.682,24.57,34.52,60.424,68.746,80.395,68.105,44.123,43.216,1026,1026,27.27,26.373,33.502,54.738,64.413,80.168,69.063,46.775,42.515,1026,1026,8.967,22.504,29.326,52.776,66.961,71.995,71.515,63.347,48.581
1027,1027,29.931,29.657,33.842,55.749,68.187,79.447,66.93,42.908,44.531,1027,1027,29.851,23.113,31.643,50.692,63.115,76.845,65.934,45.149,41.801,1027,1027,15.459,25.103,32.961,51.616,63.814,68.139,67.728,61.922,48.092
1028,1028,25.96,28.43,32.932,49.887,63.698,78.518,66.632,44.231,42.521,1028,1028,24.856,25.515,33.773,50.606,61.37,72.695,61.955,46.035,40.94,1028,1028,10.993,21.877,31.916,53.914,64.265,66.775,65.23,64.053,49.524
1029,1029,24.98,23.181,34.806,46.575,65.774,73.235,61.332,41.548,44.85,1029,1029,24.162,19.212,32.876,49.358,71.098,70.888,60.225,43.733,41.551,1029,1029,4.6526,22.193,31.614,51.903,70.937,63.35,62.021,59.62,46.816
1030,1030,23.493,25.666,33.055,43.362,65.499,69.298,57.803,40.305,42.025,1030,1030,21.789,25.708,26.587,45.582,69.861,68.705,58.39,42.839,40.195,1030,1030,3.8446,21.06,27.747,48.238,70.808,64.434,61.577,58.784,46.669
1031,1031,18.668,25.31,23.988,44.362,62.342,69.197,57.295,42.328,44.472,1031,1031,17.688,22.925,34.134,42.778,64.989,68.292,57.29,43.05,40.493,1031,1031,2.0243,19.624,31.113,42.768,66.598,64.14,63.664,58.035,47.196
1032,1032,20.761,26.341,33.269,39.013,64.699,71.88,60.143,45.76,43.554,1032,1032,25.633,30.353,32.117,43.635,65.743,72.518,62.684,45.678,41.858,1032,1032,2.2532,23.363,30.936,45.474,67.25,68.371,67.253,61.006,49.4
1033,1033,26.763,20.375,31.136,39.881,61.022,71.603,60.595,51.623,47.236,1033,1033,31.946,30.068,31.282,43.191,64.465,74.089,65.533,50.32,43.275,1033,1033,12.037,17.956,30.555,47.676,69.804,70.635,73.493,66.047,50.205
1034,1034,30.088,24.858,35.732,41.172,58.829,70.662,61.317,56.414,50.419,1034,1034,24.936,31.271,34.218,44.289,63.073,72.547,64.522,54.786,46.22,1034,1034,13.331,17.774,29.718,45.316,66.597,71.069,77.609,70.502,54.495
1035,1035,30.416,32.724,35.361,44.513,66.22,78.842,68.826,69.212,63.68,1035,1035,26.865,34.25,30.949,44.157,66.19,77.363,70.326,66.417,58.754,1035,1035,14.422,24.059,31.159,47.985,69.378,77.391,82.969,83.297,68.495
1036,1036,32.398,24.207,34.911,49.38,72.434,82.426,74.685,80.598,75.909,1036,1036,32.607,28.664,30.728,44.766,65.735,80.764,72.871,75.726,71.378,1036,1036,20.122,23.023,32.854,48.913,72.544,77.763,88.112,91.92,76.313
1037,1037,27.967,26.37,27.692,49.291,73.975,80.995,71.051,74.322,69.218,1037,1037,25.172,25.365,31.762,47.412,70.334,78.326,70.462,72.798,68.692,1037,1037,14.724,18.486,30.073,49.287,73.561,79.582,86.841,86.312,72.08
1038,1038,22.581,27.547,30.935,44.723,70.695,74.526,63.185,58.495,51.234,1038,1038,24.646,28.108,26.143,47.224,69.327,79.942,70.737,58.179,50.709,1038,1038,13.445,16.972,28.69,45.773,70.359,72.888,77.818,75.37,58.702
1039,1039,24.082,30.076,31.503,42.501,65.284,70.25,59.923,52.003,48.346,1039,1039,30.044,26.734,32.561,45.502,65.043,72.099,63.575,51.142,47.152,1039,1039,14.362,19.48,27.409,48.09,68.544,68.762,73.032,66.477,50.258
1040,1040,25.867,25.61,24.243,41.297,60.724,69.577,59.452,51.138,47.406,1040,1040,29.652,24.779,33.707,44.388,66.856,72.482,63.7,51.264,46.016,1040,1040,13.592,19.299,28.987,44.229,68.94,70.343,72.105,67.848,50.175
1041,1041,23.884,25.631,30.584,40.223,58.661,72.646,64.48,56.022,50.672,1041,1041,30.941,23.825,27.035,43.924,65.553,76.687,68.94,54.623,47.114,1041,1041,10.287,19.832,30.662,43.239,69.078,74.85,80.213,71.264,54.514
1042,1042,22.201,32.116,33.11,46.875,66.004,73.23,69.806,69.681,66.243,1042,1042,29.01,34.081,33.995,47.114,67.625,74.968,72.41,67.356,62.433,1042,1042,9.9445,20.213,34.661,47.674,69.547,77.84,87.111,83.744,69.205
1043,1043,30.046,31.053,35.666,47.199,68.258,83.917,79.292,86.03,80.002,1043,1043,28.862,32.467,30.976,44.405,66.927,79.639,73.348,80.166,75.085,1043,1043,16.765,22.006,27.319,51.56,68.752,80.508,97.006,97.17,81.108
1044,1044,27.316,23.484,26.259,45.681,65.8,77.924,72.565,72.206,66.768,1044,1044,29.529,31.995,31.095,43.239,64.489,74.992,68.543,69.614,64.561,1044,1044,18.664,22.664,26.944,48.489,65.925,78.35,85.799,83.75,68.922
1045,1045,17.934,22.813,31.079,43.615,58.967,67.404,61.882,58.677,50.541,1045,1045,28.329,24.251,27.605,41.799,61.404,73.68,66.765,57.399,51.939,1045,1045,17.873,20.087,29.458,44.097,62.988,69.46,78.911,72.835,55.702
1046,1046,23.356,22.374,32.91,40.68,60.606,69.314,59.447,48.629,44.234,1046,1046,30.547,23.053,31.701,44.568,61.14,70.333,60.7,48.894,44.944,1046,1046,8.1199,19.16,30.004,42.762,63.396,65.571,70.21,63.063,47.256
1047,1047,22.747,22.8,25.518,41.303,62.142,65.551,52.789,43.24,44.656,1047,1047,24.673,20.559,25.043,45.625,63.316,68.925,58.331,43.392,42.933,1047,1047,-2.1588,24.6,29.759,45.151,64.247,60.427,61.755,57.649,44.848
1048,1048,17.219,25.119,29.856,40.862,51.916,64.776,52.481,38.539,41.735,1048,1048,22.962,21.124,30.373,41.443,59.158,63.692,54.408,38.275,41.905,1048,1048,7.4237,18.072,32.382,45.167,61.024,56.671,57.161,52.3,42.818
1049,1049,27.237,28.556,26.881,39.683,54.576,58.966,47.067,37.978,43.569,1049,1049,32.778,32.217,32.864,41.947,56.297,59.94,50.363,37.84,40.683,1049,1049,18.085,23.3,36.313,46.507,60.778,54.036,54.26,52.172,41.676
1050,1050,30.687,32.417,34.899,40.937,51.423,59.403,49.74,36.941,40.58,1050,1050,35.282,35.571,30.256,41.25,55.099,60.225,50.861,37.619,40.072,1050,1050,21.322,23.988,31.336,41.034,56.472,54.399,54.958,50.806,41.477
1051,1051,37.896,32.29,30.781,36.394,48.174,60.296,49.662,37.168,42.383,1051,1051,39.954,39.103,34.789,39.962,50.527,56.859,48.357,36.928,40.213,1051,1051,26.821,26.378,32.771,40.993,52.517,53.342,57.076,51.116,41.532
1052,1052,38.231,34.564,30.254,35.966,49.493,59.73,49.21,35.188,39.956,1052,1052,41.058,40.709,30.547,36.153,50.109,61.395,51.596,35.626,40.092,1052,1052,27.73,27.044,33.593,42.324,49.822,53.628,52.929,49.575,41.357
1053,1053,26.497,27.502,26.487,39.511,47.427,59.203,47.875,37.127,42.591,1053,1053,35.167,38.425,34.14,37.817,48.959,60.353,50.942,36.886,40.034,1053,1053,19.655,27.278,27.182,35.215,50.463,53.2,54.702,50.21,41.843
1054,1054,27.777,25.65,27.695,35.47,47.997,59.574,47.065,36.984,40.381,1054,1054,31.954,32.525,31.189,35.45,46.827,60.608,50.269,39.139,40.494,1054,1054,18.178,24.598,29.93,36.807,44.632,52.864,53.217,51.059,41.848
1055,1055,21.906,31.182,31.207,37.8,45.479,59.116,46.182,36.65,42.905,1055,1055,29.166,36.417,34.663,34.943,44.949,61.147,50.482,37.396,40.391,1055,1055,12.843,26.948,28.534,38.697,48.341,51.78,50.538,49.857,41.49
1056,1056,31.22,30.541,24.859,35.833,46.48,56.476,46.174,35.459,40.385,1056,1056,36.084,39.111,26.894,38.471,45.69,54.837,44.836,35.899,38.72,1056,1056,19.693,25.906,32.031,37.644,50.092,51.433,50,49.799,41.105
1057,1057,32.73,24.577,31.298,37.124,50.676,57.364,46.584,36.573,42.749,1057,1057,36.147,31.999,27.835,37.282,44.344,55.629,45.921,35.668,38.755,1057,1057,22.547,17.817,32.734,38.343,48.776,51.323,49.051,50.203,40.931
1058,1058,34.325,37.127,28.599,33.726,46.911,58.476,47.831,35.354,39.669,1058,1058,34.283,37.452,25.861,35.692,46.102,56.671,46.526,37.721,39.114,1058,1058,21.884,25.192,35.913,36.538,50.028,51.348,48.967,52.627,41.389
1059,1059,33.2,31.113,26.433,32.507,46.998,57.902,46.2,36.865,43.043,1059,1059,39.207,33.554,29.766,37.399,46.729,54.236,45.344,37.355,38.647,1059,1059,25.155,25.456,32.719,35.153,49.002,51.522,50.284,51.824,41.96
1060,1060,32.228,23.981,33.212,35.359,47.021,54.894,43.691,35.909,40.022,1060,1060,38.884,29.083,30.219,35.366,44.227,52.047,42.622,35.013,38.237,1060,1060,22.258,24.78,28.476,37.441,44.412,49.628,49.421,49.432,40.701
1061,1061,30.762,23.017,28.723,36.836,48.463,55.13,43.668,36.575,42.333,1061,1061,29.455,31.222,26.839,35.245,47.378,56.598,45.768,36.173,38.483,1061,1061,11.208,29.097,33.8,37.871,51.54,49.658,49.603,49.053,39.75
1062,1062,15.544,20.983,26.863,39.236,53.252,55.188,42.719,36.759,40.168,1062,1062,24.343,28.707,27.378,40.01,54.922,57.959,47.044,34.79,37.89,1062,1062,7.0464,27.937,31.472,40.886,55.467,50.731,50.664,49.151,39.694
1063,1063,15.367,19.76,25.646,35.292,50.049,54.032,41.99,37.262,43.19,1063,1063,19.186,21.541,26.139,41.416,51.99,56.035,46.485,34.701,38.606,1063,1063,5.7897,28.879,28.497,39.367,53.405,50.862,50.337,48.021,40.311
1064,1064,13.045,23.384,27.058,35.347,48.72,55.545,44.159,37.671,41.034,1064,1064,20.055,23.978,31.579,40.422,47.636,57.293,45.706,34.575,37.894,1064,1064,7.0308,25.012,33.877,37.842,51.197,51.355,49.112,47.636,39.313
1065,1065,16.888,22.029,29.221,37.67,45.942,53.309,42.661,34.834,40.288,1065,1065,20.894,22.97,25.537,35.73,45.979,54.539,44.308,34.173,37.521,1065,1065,4.6657,26.335,30.1,37.658,49.925,49.743,49.075,47.773,39.755
1066,1066,20.683,20.703,29.661,32.637,43.808,55.213,43.724,38.043,42.723,1066,1066,23.097,26.092,28.255,33.424,46.377,54.299,44.643,34.145,37.939,1066,1066,5.9175,24.688,34.962,35.671,47.882,49.538,51.217,49.99,39.599
1067,1067,24.602,22.956,26.184,36.747,47.413,50.544,41.443,34.943,40.101,1067,1067,27.63,28.078,26.517,33.819,48.487,55.847,46.662,34.876,37.796,1067,1067,2.6621,19.323,24.008,39.575,51.931,47.313,48.731,47.961,39.36
1068,1068,17.568,23.536,26.904,38.812,43.494,53.606,41.527,36.032,42.681,1068,1068,20.758,23.783,30.388,35.574,46.92,51.452,41.754,34.044,38.274,1068,1068,0.94194,18.89,24.126,37.054,49.672,48.886,48.615,48.354,39.577
1069,1069,18.884,14.891,29.47,34.145,46.081,56.02,45.293,37.289,39.999,1069,1069,21.321,25.414,27.314,37.486,46.548,57.013,47.375,39.841,39.661,1069,1069,2.5107,23.307,31.481,35.718,48.502,51.085,52.508,51.349,40.16
1070,1070,15.142,15.412,28.198,35.615,50.718,60.492,49.527,40.725,43.763,1070,1070,20.803,17.818,29.071,39.275,54.851,63.016,52.347,41.749,40.903,1070,1070,2.4225,13.496,27.865,39.201,56.827,55.874,58.445,55.36,40.928
1071,1071,9.1762,22.01,31.089,40.011,49.776,57.158,46.812,38.157,40.086,1071,1071,16.719,23.723,29.06,38.9,52.714,62.286,51.627,38.299,38.361,1071,1071,-7.0778,18.82,31.694,38.093,56.262,54.733,54.242,54.313,41.515
1072,1072,14.367,22.342,31.566,39.274,47.864,58.462,47.534,39.283,43.643,1072,1072,18.438,25.913,25.942,37.83,50.936,58.551,48.683,39.592,40.6,1072,1072,4.1123,23.603,34.279,37.919,50.391,51.67,55.016,53.244,41.787
1073,1073,24.968,19.067,27.211,38.613,50.418,61.5,49.275,41.496,40.854,1073,1073,28.784,24.863,29.281,42.484,54.934,63.122,53.424,40.002,39.91,1073,1073,7.8422,24.458,32.749,41.612,57.483,55.885,58.346,54.756,42.192
1074,1074,19.62,26.99,31.957,38.671,50.964,65.66,52.485,42.689,43.309,1074,1074,23.64,21.724,26.9,40.966,53.652,63.689,53.572,42.157,40.478,1074,1074,8.9609,21.63,30.447,41.311,53.82,59.933,63.413,58.26,43.129
1075,1075,18.969,22.583,32.875,42.035,52.463,63.435,54.374,50.099,43.89,1075,1075,22.434,19.317,26.173,42.542,56.286,68.618,58.392,48.656,42.689,1075,1075,0.8949,25.265,30.115,43.352,59.825,63.59,68.426,64.438,46.219
1076,1076,23.385,21.992,30.894,37.906,48.227,68.806,58.66,44.866,44.273,1076,1076,27.418,25.397,31.164,38.097,51.226,68.154,58.309,45.376,41.947,1076,1076,4.1836,24.606,28.755,38.623,53.044,60.084,64.518,61.852,45.692
1077,1077,26.343,27.659,30.668,40.702,49.698,69.048,58.418,46.211,43.474,1077,1077,30.589,30.724,30.354,35.97,51.868,65.851,55.576,47.124,43.463,1077,1077,9.2767,20.22,31.527,40.611,52.292,60.558,64.457,63.438,47.817
1078,1078,18.034,25.576,33.036,43.269,56.054,74.409,67.794,74.142,69,1078,1078,21.34,22.612,24.479,41.204,52.951,70.083,63.959,70.264,66.253,1078,1078,5.1422,18.527,28.892,42.254,58.393,68.734,82.864,87.361,68.995
1079,1079,21.565,21.884,32.856,44.02,56.62,70.942,61.623,65.892,57.867,1079,1079,25.706,24.806,28.208,43.981,53.603,70.147,61.367,66.031,62.868,1079,1079,7.6097,18.179,27.813,46.324,59.091,64.871,77.245,82.767,62.95
1080,1080,17.124,24.646,25.259,46.051,55.028,66.601,56.505,50.427,46.325,1080,1080,19.864,25.917,28.227,42.742,54.742,67.665,58.814,50.443,45.922,1080,1080,5.8215,17.424,27.316,44.342,56.382,60.543,68.34,67.111,48.781
1081,1081,17.72,24.153,32.949,45.147,53.989,62.969,52.355,46.082,42.703,1081,1081,22.328,27.918,31.092,42.909,56.325,63.755,54.899,45.334,43.826,1081,1081,2.388,17.086,31.366,44.686,57.717,60.366,61.512,59.099,45.292
1082,1082,27.364,27.105,27.607,38.84,51.302,63.73,52.001,47.678,45.394,1082,1082,31.363,30.824,27.791,38.23,55.488,64.328,56.243,47.961,44.108,1082,1082,9.22,17.832,28.871,36.612,57.61,58.973,63.747,60.948,46.602
1083,1083,24.516,23.535,29.085,40.047,54.565,67.802,56.53,48.079,44.464,1083,1083,28.575,25.744,25.859,41.686,56.04,66.057,56.799,49.051,45.655,1083,1083,5.6252,19.515,29.387,41.846,54.443,59.009,64.686,62.003,47.73
1084,1084,21.819,23.696,31.556,41.293,59.734,78.007,68.788,70.835,64.513,1084,1084,25.824,23.423,27.644,41.762,61.727,77.526,68.793,68.64,63.4,1084,1084,7.4479,22.731,30.687,45.449,64.434,70.848,82.749,86.667,71.447
1085,1085,18.537,27.498,35.803,46.933,62.902,83.066,74.474,83.76,79.074,1085,1085,19.643,28.36,32.023,40.817,61.583,80.846,74.216,82.622,79.117,1085,1085,13.375,22.008,37.885,43.179,64.816,80.313,89.993,100.18,82.812
1086,1086,16.309,26.483,30.72,45.983,63.592,83.251,72.692,67.03,60.431,1086,1086,22.066,22.784,22.972,41.37,59.454,79.966,71.399,65.367,60.215,1086,1086,24.202,18.556,29.454,43.125,60.259,75.317,82.032,81.946,64.062
1087,1087,20.546,22.541,32.074,45.757,62.15,82.439,71.875,61.05,56.371,1087,1087,20.064,30.653,29.26,42.365,60.78,77.06,67.263,60.904,57.997,1087,1087,23.887,13.628,28.762,42.715,62.811,72.526,77.345,71.526,56.115
1088,1088,26.903,26.618,26.272,45.224,61.205,79.285,67.851,57.76,53.26,1088,1088,27.756,27.444,27.907,45.381,58.846,77.922,67.776,58.986,56.689,1088,1088,15.834,15.813,28.21,42.74,59.212,71.024,73.983,70.111,54.326
1089,1089,23.699,19.652,29.132,46.857,58.592,78.759,67.164,59.518,54.525,1089,1089,26.121,23.216,30.424,42.935,58.551,74.265,63.629,59.804,57.362,1089,1089,14.05,18.376,23.881,42.552,59.972,66.734,72.185,75.64,56.447
1090,1090,24.846,24.761,32.332,42.935,54.439,67.385,58.792,59.208,54.733,1090,1090,29.431,28.68,30.612,41.017,52.405,64.775,57.847,60.217,56.838,1090,1090,12.5,17.729,31.443,43.559,55.391,60.282,70.564,73.313,56.266
1091,1091,29.477,30.733,30.018,44.458,55.716,71.412,63.298,66.913,60.813,1091,1091,32.694,33.141,30.587,41.539,56.154,75.274,67.319,67.751,63.623,1091,1091,10.82,16.622,33.488,44.229,58.48,65.54,79.657,83.956,65.231
1092,1092,21.524,28.162,28.346,39.795,54.994,75.603,68.783,70.434,65.615,1092,1092,24.352,30.375,26.669,42.737,58.84,79.604,71.173,69.019,64.892,1092,1092,9.6412,20.163,29.347,43.434,58.736,70.831,84.246,87.035,70.142
1093,1093,18.218,22.585,28.643,37.819,57.112,75.02,71.634,72.805,65.542,1093,1093,19.293,25.966,31.224,48.071,62.67,80.236,73.119,73.788,69.03,1093,1093,-0.21303,20.304,30.075,43.632,62.316,73.39,86.645,92.509,73.749
1094,1094,19.098,27.83,31.25,42.766,60.699,78.203,79.979,84.539,78.763,1094,1094,19.888,30.199,34.231,51.537,66.982,84.218,81.906,83.667,78.609,1094,1094,7.3841,24.858,33.753,49.844,66.988,80.027,97.452,101.09,84.608
1095,1095,21.592,29.941,30.564,46.36,71.445,88.294,91.269,94.973,85.51,1095,1095,25.535,32.276,31.649,50.593,69.153,87.326,88.86,91.865,85.401,1095,1095,21.001,29.916,37.128,50.927,69.244,93.169,107.28,108.65,90.21
1096,1096,26.933,28.244,36.807,50.933,72.967,92.856,93.13,96.87,87.806,1096,1096,27.577,35.328,34.019,47.268,70.036,89.301,89.727,92.037,84.899,1096,1096,19.122,38.934,43.852,54.945,71.019,95.082,109.26,112.28,92.145
1097,1097,31.446,30.192,36.349,49.335,71.831,92.193,92.788,96.185,86.282,1097,1097,32.699,32.488,32.794,45.748,67.507,87.994,89.82,91.986,85.071,1097,1097,29.806,38.138,41.184,52.706,69.311,94.864,109.19,110.61,90.782
1098,1098,34.894,39.266,37.031,44.858,68.1,90.597,87.806,90.767,83.694,1098,1098,29.168,38.311,39.266,44.115,61.94,85.376,84.57,86.503,78.294,1098,1098,34.813,28.363,38.008,45.95,63.581,90.631,104.89,105.76,87.312
1099,1099,37.892,40.235,34.357,43.177,63.46,86.291,79.515,77.956,70.865,1099,1099,38.031,39.544,39.529,45.706,63.223,84.1,80.997,77.862,70.443,1099,1099,37.426,33.012,32.234,41.338,63.873,88.297,96.817,92.463,74.262
1100,1100,32.626,36.373,34.336,41.366,53.091,71.436,65.913,62.351,56.484,1100,1100,33.143,39.089,37.434,43.525,59.631,76.535,70.576,62.254,58.196,1100,1100,32.008,29.612,34.408,40.509,60.877,74.179,83.936,77.501,62.312
1101,1101,33.362,33.469,28.178,34.844,50.972,72.136,65.046,57.376,51.486,1101,1101,37.971,36.671,34.426,41.07,56.075,75.681,69.973,59.244,55.695,1101,1101,27.978,26.09,33.06,40.565,57.251,74.959,82.116,69.929,56.016
1102,1102,28.072,26.689,27.932,36.241,53.911,75.809,65.952,55.988,50.006,1102,1102,34.035,29.341,27.987,41.719,55.994,75.725,69.113,57.052,54.191,1102,1102,23.299,21.063,35.584,38.651,57.39,73.225,79.651,71.979,54.316
1103,1103,14.426,25.184,30.736,39.8,52.792,74.114,63.151,52.343,48.237,1103,1103,20.811,32.802,33.177,37.853,49.896,70.825,61.073,54.031,51.422,1103,1103,9.7124,25.168,31.716,38.891,50.179,67.051,68.685,63.524,51.244
1104,1104,17.357,24.432,31.333,37.092,50.229,70.198,57.252,51.938,48.292,1104,1104,23.377,30.831,31.884,34.729,50.304,66.922,54.876,52.257,49.87,1104,1104,9.1573,17.531,24.372,37.418,51.307,63.522,62.037,61.245,50.055
1105,1105,27.302,22.456,30.331,37.721,47.596,59.919,49.797,52.393,45.507,1105,1105,20.01,25.102,31.329,38.599,46.638,60.352,50.274,51.217,48.736,1105,1105,5.3228,16.382,29.176,37.845,48.822,54.168,59.279,62.557,49.719
1106,1106,29.151,28.025,28.165,40.047,44.125,59.313,54.983,50.54,47.814,1106,1106,27.616,31.71,27.85,37.738,44.851,56.848,51.666,52.241,49.968,1106,1106,7.3268,18.995,32.153,35.089,45.64,56.969,69.316,59.202,49.583
1107,1107,29.554,23.513,30.715,35.077,51.946,70.964,59.708,44.376,43.184,1107,1107,29.353,31.719,30.549,38.008,51.762,68.27,59.538,42.984,41.525,1107,1107,10.143,17.433,33.574,37.04,52.088,67.413,65.489,53.564,43.03
1108,1108,24.401,24.756,29.582,39.473,49.204,59.731,45.694,35.855,40.519,1108,1108,32.961,29.026,29.416,40.641,50.043,61.169,50.676,38.137,40.311,1108,1108,10.947,20.128,32.419,40.517,52.713,54.981,51.687,47.137,40.416
1109,1109,25.102,31.248,27.817,36.033,44.148,50.945,39.392,36.375,42.827,1109,1109,33.896,34.981,30.442,37.605,44.107,50.894,42.286,33.633,39.205,1109,1109,14.928,22.943,31.706,35.76,45.762,46.034,46.574,44.999,40.645
1110,1110,23.253,27.161,27.941,36.851,43.747,48.29,37.494,33.849,40.823,1110,1110,24.503,30.394,31.339,38.303,46.242,48.107,39.467,33.563,39.276,1110,1110,4.8308,21.074,30.927,37.849,46.432,45.943,45.593,46.571,40.483
1111,1111,26.923,24.008,32.498,35.506,38.644,47.914,37.795,35.591,43.528,1111,1111,30.247,26.959,26.832,37.292,39.977,47.933,38.727,33.672,39.126,1111,1111,11.039,19.4,30.052,38.254,47.489,45.025,44.902,45.997,40.67
1112,1112,26.874,27.243,29.105,39.092,40.503,49.069,39.122,35.889,41.122,1112,1112,30.977,25.507,27.864,37.386,44.992,51.483,42.513,33.286,38.731,1112,1112,10.443,19.91,30.031,35.956,46.683,47.446,47.657,46.502,40.747
1113,1113,26.946,15.726,28.061,34.953,42.727,50.053,39.595,35.891,43.743,1113,1113,29.945,25.649,31.014,37.254,44.16,51.034,40.392,34.957,39.559,1113,1113,6.3294,26.692,32.183,33.982,41.486,47.97,47.317,46.56,40.477
1114,1114,22.371,25.371,28.124,33.566,42.513,48.037,37.701,34.061,40.815,1114,1114,25.838,25.676,30.308,36.134,42.418,49.757,40.628,33.932,39.396,1114,1114,2.3419,24.253,30.37,37.917,45.52,47.369,46.593,45.973,40.641
1115,1115,27.769,27.829,29.035,34.776,41.403,49.289,38.616,34.649,43.369,1115,1115,31.444,30.846,29.514,35.217,43.954,49.635,40.569,33.374,39.058,1115,1115,9.8108,19.02,32.201,35.427,42.752,47.336,47.958,45.963,40.503
1116,1116,27.176,28.089,30.013,34.33,43.155,48.091,38.289,34.202,40.525,1116,1116,30.134,29.635,32.238,38.229,42.068,51.888,42.32,32.767,38.866,1116,1116,11.776,19.749,30.17,36.601,44.742,47.604,47.542,46.186,40.395
1117,1117,25.445,25.543,28.359,34.467,42.812,51.5,41.541,36.122,43.744,1117,1117,29.722,28.05,31.515,38.866,44.586,53.995,44.878,34.772,39.379,1117,1117,6.1224,22.163,32.578,36.873,43.589,49.153,49.53,47.47,40.53
1118,1118,26.426,26.218,30.752,37.603,44.452,53.14,42.003,35.071,40.651,1118,1118,30.843,28.635,28.47,38.512,44.357,52.431,42.515,34.35,39.308,1118,1118,10.225,23.376,29.835,37.92,48.388,48.109,48.491,47.482,40.96
1119,1119,19.087,26.296,32.37,37.658,44.177,53.353,42.564,35.653,44.014,1119,1119,24.352,30.862,32.298,35.546,43.485,52.435,43.619,34.39,39.285,1119,1119,6.0293,25.718,32.652,37.165,46.667,49.634,48.904,47.499,40.556
1120,1120,15.749,31.708,28.252,39.352,43.602,52.683,42.477,35.659,41.805,1120,1120,18.573,36.783,33.097,39.053,46.809,57.298,47.12,34.545,39.208,1120,1120,-0.79414,23.263,30.436,38.637,46.656,50.66,49.234,47.671,40.527
1121,1121,19.625,31.259,28.843,36.504,46.885,62.182,51.262,46.749,45.269,1121,1121,20.401,35.461,30.489,40.545,49.48,67.662,58.174,46.979,44.957,1121,1121,7.6661,20.449,29.035,38.404,51.047,62.692,62.545,57.425,44.766
1122,1122,24.751,29.287,28.853,38.613,50.564,69.405,58.721,44.025,43.523,1122,1122,31.723,32.452,34.254,41.132,53.119,69.917,60.052,42.916,42.404,1122,1122,10.919,19.423,35.009,41.901,53.689,64.883,62.267,53.427,43.386
1123,1123,23.947,27.772,29.642,39.592,47.931,61.954,52.019,44.084,44.645,1123,1123,29.057,30.411,28.434,40.098,46.395,59.019,52.825,45.04,44.977,1123,1123,9.2348,17.794,30.966,39.365,48.472,56.001,60.807,56.317,45.291
1124,1124,27.723,28.435,30.075,37.303,45.735,62.198,51.479,44.311,43.434,1124,1124,31.803,30.985,25.703,40.151,49.895,60.184,50.785,45.21,44.589,1124,1124,13.382,22.222,31.542,39.232,51.986,54.704,56.655,55.907,45.868
1125,1125,22.515,22.63,31.184,39.099,48.183,61.366,47.493,49.222,46.852,1125,1125,28.573,29.772,28.523,39.181,49.471,62.062,52.476,49.374,47.161,1125,1125,9.2542,19.605,31.436,39.293,51.786,55.92,57.42,58.917,46.116
1126,1126,28.067,29.079,30.508,41.89,52.626,65.03,54.101,50.352,44.255,1126,1126,30.789,35.792,27.798,42.195,49.664,65.188,55.866,49.011,45.914,1126,1126,16.473,26.009,32.684,40.86,51.772,56.425,59.324,58.951,47.056
1127,1127,26.994,24.701,32.266,42.49,55.826,67.752,55.519,48.244,44.993,1127,1127,30.92,26.551,32.182,43.757,56.744,63.783,54.03,46.66,45.036,1127,1127,11.225,24.267,34.337,42.575,58.628,61.843,61.464,58.764,46.327
1128,1128,12.39,17.259,32.402,48.305,57.684,74.351,63.137,47.256,44.585,1128,1128,26.673,21.721,30.337,46.113,57.419,69.048,61.245,49.095,46.466,1128,1128,10.109,20.762,29.747,42.733,57.097,63.988,64.19,62.041,48.322
1129,1129,18.886,24.259,32.635,47.858,60.272,76.456,63.146,49.46,46.568,1129,1129,25.075,22.076,28.075,47.518,57.824,74.958,65.119,52.139,49.401,1129,1129,-1.6754,22.979,26.554,44.017,59.328,66.008,68.246,62.819,50.139
1130,1130,26.659,29.907,37.749,51.966,62.638,78.271,65.274,50.556,46.505,1130,1130,29.235,33.454,30.989,51.603,63.821,72.846,62.775,52.173,49.358,1130,1130,6.5832,21.503,33.469,45.361,64.429,68.171,70.462,63.679,49.953
1131,1131,27.038,27.031,32.673,52.83,63.732,76.205,63.771,54.169,49.063,1131,1131,31.599,33.257,30.191,50.691,61.23,76.117,65.828,54.758,51.293,1131,1131,10.597,19.102,31.293,47.543,62.86,69.533,72.013,66.004,51.973
1132,1132,30.854,21.022,36.608,53.17,62.934,75.077,65.342,46.974,45.09,1132,1132,32.871,31.575,27.937,48.186,63.729,74.556,65.629,48.55,46.361,1132,1132,11.63,22.965,34.648,45.167,64.736,68.87,71.484,62.318,49.933
1133,1133,33.231,22.425,32.678,58.809,65.853,80.842,68.108,45.303,45.694,1133,1133,33.267,25.435,29.794,54.358,61.681,79.573,69.011,47.581,44.128,1133,1133,11.473,24.647,30.303,51.784,63.087,67.626,72.561,63.956,50.784
1134,1134,27.902,28.203,32.847,59.122,68.459,81.51,68.34,42.953,43.542,1134,1134,23.648,31.366,33.177,51.56,62.303,78.9,67.138,43.994,41.495,1134,1134,7.5526,27.744,34.315,51.153,62.554,68.101,69.317,59.381,46.922
1135,1135,29.926,24.088,28.155,46.689,60.62,75.915,64.096,43.064,43.889,1135,1135,30.129,27.41,31.543,51.566,60.137,73.591,62.148,45.291,40.749,1135,1135,-0.17232,23.58,26.83,48.648,62.112,66.161,64.5,61.126,47.832
1136,1136,24.189,21.113,31.725,47.279,57.315,76.014,63.636,41.896,42.125,1136,1136,26.64,22.852,27.771,47.736,58.266,71.004,60.07,43.783,40.838,1136,1136,4.9246,26.719,35.28,49.679,60.744,64.271,60.97,60.953,47.513
1137,1137,20.85,21.381,33.773,42.682,53.169,67.574,56.8,37.509,43.095,1137,1137,24.198,17.33,27.155,41.21,52.716,66.4,56.252,39.99,38.971,1137,1137,-1.2002,15.011,28.756,43.939,57.265,58.843,56.39,56.682,44.475
1138,1138,28.547,22.967,27.333,38.918,52.134,64.054,53.217,38.059,40.295,1138,1138,31.641,24.137,24.904,34.358,49.825,63.76,54.637,40.181,38.962,1138,1138,10.56,17.415,29.552,39.16,51.519,57.491,55.825,57.29,44.606
1139,1139,23.439,26.932,30.732,40.63,51.706,63.881,52.642,40.289,43.19,1139,1139,28.299,25.477,25.128,38.414,50.044,63.273,52.515,40.968,39.705,1139,1139,6.7198,18.234,27.811,38.217,52.921,56.876,56.475,57.026,46.517
1140,1140,27.758,23.548,30.682,37.944,49.72,61.944,50.844,41.68,41.251,1140,1140,30.021,26.852,29.078,37.964,46.828,64.405,55.267,39.908,38.557,1140,1140,3.3998,19.974,30.492,36.811,48.586,57.351,56.984,57.195,47.322
1141,1141,26.812,18.981,26.276,37.373,47.408,60.626,49.958,42.276,43.575,1141,1141,31.087,28.072,30.487,34.789,44.039,63.068,52.85,43.434,41.471,1141,1141,10.634,23.62,32.305,36.074,47.216,54.423,57.88,60.35,47.629
1142,1142,28.933,35.811,29.774,41.3,47.169,60.587,50.387,39.257,40.974,1142,1142,30.443,27.166,30.92,35.185,43.047,59.83,48.994,41.75,40.214,1142,1142,12.85,22.229,27.535,37.399,46.953,56.419,56.892,59.375,45.563
1143,1143,38.56,38.784,26.666,40.76,46.26,58.09,46.751,41.232,43.058,1143,1143,37.6,36.169,30.905,38.325,43.195,57.551,46.741,45.639,43.049,1143,1143,24.449,27.76,26.776,36.119,47.714,51.567,53.237,62.743,48.513
1144,1144,37.341,31.021,31.415,36.212,44.654,58.427,47.435,49.128,46.321,1144,1144,34.753,32.471,31.094,37.588,43.592,59.718,49.821,46.07,42.373,1144,1144,22.707,25.039,30.402,35.235,42.835,53.17,56.459,66.239,52.33
1145,1145,30.957,26.535,26.039,36.89,45.894,61.064,49.727,48.759,47.716,1145,1145,25.147,29.845,29.191,36.903,44.663,63.583,53.599,49.503,46.499,1145,1145,12.312,26.457,31.25,33.712,44.721,55.124,56.809,66.857,52.401
1146,1146,25.205,31.132,28.574,38.739,48.226,62.112,50.264,53.82,52.153,1146,1146,21.399,32.866,32.649,37.591,45.04,63.74,53.122,51.695,49.676,1146,1146,10.385,24.968,25.441,37.795,48.393,55.36,55.859,68.488,56.457
1147,1147,26.976,30.062,30.586,36.653,46.895,59.116,47.674,47.29,46.292,1147,1147,31.203,28.316,29.073,33.702,44.691,61.463,50.993,43.314,41.986,1147,1147,11.9,22.896,31.584,36.123,42.836,51.027,53.504,60.71,49.3
1148,1148,17.553,21.411,30.874,38.964,43.278,59.907,48.962,53.425,50.829,1148,1148,32.003,20.838,30.571,32.772,44.71,59.971,50.411,47.817,45.753,1148,1148,17.5,25.892,26.547,37.771,46.26,51.912,58.593,70.31,56.898
1149,1149,21.508,25.008,28.771,36.161,43.936,58.359,47.835,50.056,48.789,1149,1149,25.013,29.692,33.286,35.53,43.586,57.013,47.233,40.57,39.493,1149,1149,15.023,25.202,29.979,39.189,45.71,49.856,55.028,66.352,54.537
1150,1150,28.97,30.626,26.332,38.931,49.669,58.048,45.893,46.642,45.32,1150,1150,27.832,26.417,26.454,37.753,49.06,58.26,47.955,41.119,39.287,1150,1150,16.007,20.452,29.872,40.455,50.082,52.249,55.79,63.523,49.626
1151,1151,26.961,23.705,28.62,36.38,50.632,58.59,46.428,48.736,45.096,1151,1151,25.233,22.636,30.759,36.405,53.54,61.475,51.299,44.484,39.952,1151,1151,13.389,22.162,29.863,39.659,54.999,54.813,57.983,67.758,51.802
1152,1152,18.37,18.478,27.696,38.736,45.905,56.616,46.072,39.001,42.606,1152,1152,15.7,23.778,30.797,35.729,43.575,58.366,48.632,38.509,38.771,1152,1152,8.3567,19.396,28.71,36.314,48.052,52.006,55.996,58.815,43.602
1153,1153,23.156,20.625,26.001,34.23,44.06,53.848,44.135,39.262,40.343,1153,1153,23.387,18.839,30.141,33.606,43.77,55.792,46.443,37.497,38.485,1153,1153,9.5722,25.759,29.103,40.369,48.783,51.765,51.639,56.295,43.774
1154,1154,22.996,18.675,23.452,36.888,45.311,53.745,43.987,41.208,43.387,1154,1154,25.135,20.197,23.323,34.825,44.777,56.67,47.398,36.456,38.594,1154,1154,7.887,17.35,28.258,39.547,45.777,50.732,52.911,53.983,43.046
1155,1155,16.267,19.219,29.236,34.784,40.952,52.931,43.162,37.516,40.075,1155,1155,17.964,27.242,29.077,37.05,43.963,56.293,46.387,36.88,38.035,1155,1155,2.3161,18.307,25.385,39.73,45.299,50.899,51.037,52.617,40.721
1156,1156,26.532,25.585,25.761,34.654,45.45,53.545,45.026,37.464,43.164,1156,1156,22.655,26.6,28.99,36.105,44.389,55.991,46.293,36.744,38.11,1156,1156,12.604,22.628,26.7,43.335,46.064,49.795,52.11,53.821,40.865
1157,1157,27.142,23.612,26.739,35.3,48.789,53.714,43.187,36.256,40.639,1157,1157,28.039,19.223,33.476,37.694,45.379,58.673,47.966,34.262,36.681,1157,1157,11.615,17.855,25.968,37.45,45.904,49.856,49.583,52.262,39.343
1158,1158,16.575,12.039,30.746,35.239,46.855,55.287,45.283,37.021,43.506,1158,1158,29.267,22.894,28.103,38.618,47.05,59.642,49.442,35.374,38.56,1158,1158,11.895,14.052,26.317,36.504,47.342,51.768,52.631,53.309,40.514
1159,1159,22.049,24.933,30.193,38.056,49.143,58.615,46.325,37.732,40.443,1159,1159,27.123,23.801,31.111,38.9,50.374,58.873,47.687,39.537,39.339,1159,1159,9.39,22.749,37.641,37.27,51.166,52.358,55.425,54.355,41.199
1160,1160,32.532,34.002,28.623,37.047,48.585,59.978,47.823,38.184,42.426,1160,1160,25.978,37.038,30.532,37.61,49.973,59.96,49.235,38.301,39.017,1160,1160,14.44,25.415,37.027,39.06,50.906,53.321,54.859,52.296,40.933
1161,1161,31.693,26.21,27.031,34.458,44.555,56.997,46.052,36.601,39.694,1161,1161,35.642,31.062,28.761,38.184,50.642,58.888,49.165,36.444,37.276,1161,1161,22.423,20.065,31.507,38.657,53.885,51.097,53.589,52.079,39.193
1162,1162,24.284,24.298,25.052,36.254,44.467,55.317,44.962,38.57,43.041,1162,1162,29.971,26.949,30.806,34.551,46.248,57.788,47.211,37.128,38.32,1162,1162,16.571,18.808,30.226,41.323,49.688,53.705,56.119,52.39,39.969
1163,1163,25.162,27.234,26.029,35.46,43.515,55.2,44.944,37.528,41.144,1163,1163,19.592,33.637,33.031,35.439,46.824,59.241,51.053,36.889,38.062,1163,1163,4.5741,18.165,32.693,37.389,49.011,51.83,56.219,50.891,40.232
1164,1164,18.807,26.301,27.377,36.984,43.349,54.508,45.099,36.958,43.119,1164,1164,22.073,30.588,32.306,37.627,45.263,59.413,50.226,35.175,38.945,1164,1164,0.27935,19.49,31.87,37.576,49.988,50.584,54.266,49.367,40.37
1165,1165,20.36,24.014,28.123,37.671,44.609,51.07,40.444,35.915,40.463,1165,1165,21.543,23.454,29.193,38.977,44.959,51.503,43.021,34.094,37.648,1165,1165,4.9672,21.782,27.927,37.967,48.567,48.32,49.722,46.841,39.236
1166,1166,21.337,26.616,27.269,38.282,47.959,50.89,40.837,35.501,42.523,1166,1166,25.744,27.139,29.553,39.916,45.297,54.459,44.623,34.516,37.656,1166,1166,10.753,23.659,27.313,36.913,46.058,48.006,49.543,47.584,39.556
1167,1167,23.323,24.653,25.691,36.293,42.898,57.315,46.528,36.36,40.812,1167,1167,26.02,25.866,37.197,36.969,44.984,55.15,45.419,34.752,37.589,1167,1167,6.7826,23.128,38.235,37.719,44.81,47.256,51.125,47.828,39.67
1168,1168,21.081,18.47,26.436,37.137,46.15,60.718,49.347,37.739,43.475,1168,1168,19.222,22.319,29.415,36.503,46.504,59.752,50.128,37.981,39.231,1168,1168,-1.637,18.727,33.787,39.331,47.499,52.423,52.492,51.319,40.411
1169,1169,24.728,25.278,29.669,40.265,46.793,60.8,49.49,38.637,40.309,1169,1169,29.041,25.885,29.753,35.396,46.191,60.249,50.674,40.142,40.102,1169,1169,10.126,24.4,31.522,38.717,49.299,52.639,53.985,50.661,40.538
1170,1170,20.854,21.991,31.137,37.972,49.362,58.421,45.983,40.595,43.34,1170,1170,24.14,24.476,33.791,36.472,48.675,61.483,51.363,39.736,40.836,1170,1170,6.0476,18.25,36.249,37.344,49.79,53.212,55.178,52.857,41.086
1171,1171,18.857,28.43,37.333,37.043,50.087,60.695,49.598,39.934,40.678,1171,1171,28.065,34.713,35.199,38.801,50.478,64.982,53.842,42.477,42.003,1171,1171,10.318,18.423,32.78,38.402,51.678,55.49,57.058,52.369,40.703
1172,1172,30.511,33.97,33.498,36.684,44.448,55.479,45.285,44.654,44.715,1172,1172,31.423,39.881,39.729,38.392,47.737,60.089,49.045,45.562,44.186,1172,1172,14.877,22.941,38.396,37.089,48.335,52.219,55.181,58.1,43.912
1173,1173,30.713,25.498,31.981,37.144,48.128,60.061,50.482,53.366,49.58,1173,1173,36.186,28.595,36.094,39.917,54.83,62.959,53.57,56.217,53.554,1173,1173,18.481,17.46,37.428,40.331,54.564,57.399,64.115,63.977,49.091
1174,1174,14.874,24.717,35.296,39.654,51.952,64.158,57.129,59.625,53.851,1174,1174,29.794,22.587,31.525,43.265,59.365,73.29,63.685,59.612,55.479,1174,1174,14.473,24.303,34.876,42.829,57.826,67.607,74.156,76.206,58.211
1175,1175,19.895,26.738,33.391,39.997,56.094,75.15,67.124,73.512,67.118,1175,1175,20.235,26.98,24.414,38.59,58.07,78.068,69.418,71.725,67.545,1175,1175,6.8627,19.246,30.972,42.161,58.343,72.242,85.604,88.948,71.169
1176,1176,11.682,29.451,33.139,39.534,57.011,76.95,68.624,75.863,71.495,1176,1176,23.274,25.535,28.577,40.324,52.288,73.97,67.304,73.618,70.489,1176,1176,7.1187,18.704,30.254,38.832,58.483,71.046,86.757,90.133,73.453
1177,1177,21.053,27.883,35.019,39.389,56.213,71.052,65.248,70.069,62.559,1177,1177,31.783,30.055,33.392,42.28,63.145,79.145,70.584,69.557,59.801,1177,1177,13.062,19.33,35.196,42.71,64.402,75.893,85.259,86.4,69.376
1178,1178,25.105,34.018,33.292,38.729,50.996,69.774,63.175,65.087,59.605,1178,1178,33.156,38.67,30.559,40.982,59.27,80.015,70.745,62.656,53.371,1178,1178,13.312,19.813,28.841,42.713,60.524,73.567,77.987,77.493,62.171
1179,1179,34.089,27.117,30.306,39.109,47.495,60.875,54.647,49.611,44.914,1179,1179,38.097,32.325,32.334,35.441,49.148,64.636,56.355,48.92,45.497,1179,1179,16.301,17.33,31.458,36.636,49.879,60.149,68.567,61.588,45.839
1180,1180,31.383,23.759,26.456,37.457,46.883,65.847,54.14,42.335,43.59,1180,1180,34.647,22.069,27.92,39.318,48.245,62.282,51.407,42.97,41.232,1180,1180,13.151,18.258,31.919,41.253,49.361,61.237,60.542,55.083,41.797
1181,1181,26.524,28.153,24.977,44.047,47.729,57.965,48.647,40.296,40.769,1181,1181,30.699,30.788,31.577,44.755,52.482,57.326,48.106,41.003,40.716,1181,1181,8.8759,18.129,29.917,40.963,53.06,55.732,57.088,52.96,40.645
1182,1182,27.316,26.449,29.022,41.117,47.06,61.449,48.755,39.19,43.444,1182,1182,30.622,28.19,33.185,36.919,54.593,59.488,49.469,42.255,42.732,1182,1182,12.183,18.96,27.778,40.591,54.559,54.625,55.25,50.261,40.2
1183,1183,26.658,30.281,27.785,37.308,50.028,59.372,49.275,34.979,39.454,1183,1183,29.368,29.924,30.034,36.371,50.613,61.026,51.529,34.109,37.589,1183,1183,8.7863,24.226,32.88,37.307,52.816,54.276,53.188,46.24,39.197
1184,1184,35.455,28.922,29.442,40.151,47.289,58.145,46.023,35.098,42.316,1184,1184,39.385,32.032,30.18,39.527,50.231,55.733,47.265,33.628,38.329,1184,1184,16.924,21.94,30.236,40.789,51.225,49.688,48.318,46.869,38.99
1185,1185,39.518,32.151,33.953,39.122,46.453,57.346,45.443,33.61,39.547,1185,1185,42.984,37.718,32.584,43.965,49.152,56.905,47.711,32.785,37.584,1185,1185,20.844,19.285,28.785,41.142,49.271,49.693,48.274,48.146,39.404
1186,1186,31.806,32.584,30.563,40.36,45.091,55.053,44.174,36.207,43.034,1186,1186,35.171,35.038,27.223,38.452,42.95,53.983,45.595,33.681,37.354,1186,1186,16.04,19.992,28.913,37.244,48.165,50.477,49.162,47.736,39.528
1187,1187,21.988,29.697,31.833,31.608,43.772,54.191,44.398,34.319,40.031,1187,1187,26.203,32.901,22.956,37.135,43.104,54.126,46.971,33.679,37.927,1187,1187,5.3394,24.657,31.623,35.235,47.5,49.29,49.498,46.895,38.768
1188,1188,32.976,30.57,29.756,35.787,43.929,53.612,44.572,35.594,42.508,1188,1188,36.635,35.904,33.46,38.182,42.268,56.316,48.84,33.267,37.202,1188,1188,14.94,19.15,29.193,37.117,44.71,48.493,49.813,47.318,38.974
1189,1189,35.052,33.24,32.474,37.542,44.167,51.823,43.394,32.851,39.291,1189,1189,38.562,37.789,34.526,38.137,43.404,52.538,44.851,32.028,36.896,1189,1189,17.834,17.352,27.949,38.058,43.337,47.506,47.309,45.785,38.423
1190,1190,27.342,30.112,30.4,35.9,46.26,52.636,43.866,34.512,41.809,1190,1190,31.153,38.184,27.792,38.1,46.144,53.836,45.448,32.45,37.581,1190,1190,8.2948,19.742,29.562,37.943,46.787,48.602,47.675,46.336,39.081
1191,1191,24.316,25.253,27.953,35.966,43.312,54.016,44.477,33.406,39.402,1191,1191,28.11,33.267,25.748,36.87,41.303,55.566,46.875,31.726,37.261,1191,1191,8.8196,17.899,32.149,39.264,41.761,48.904,47.452,46.263,39.117
1192,1192,30.941,22.329,30.829,39.917,42.577,52.335,42.906,32.48,39.153,1192,1192,34.395,21.943,30.141,32.815,40.082,57.734,49.198,32.7,36.941,1192,1192,13.684,9.9533,25.42,40.488,44.165,48.462,48.554,45.866,38.61
1193,1193,31.992,24.605,32.031,41.266,43.077,53.361,43.746,35.475,42.431,1193,1193,35.53,11.995,30.119,38.655,42.798,57.529,48.5,33.104,37.438,1193,1193,15.239,18.633,29.942,36.903,44.176,47.125,46.584,46.69,38.658
1194,1194,24.817,31.265,31.605,41.922,42.791,54.13,44.753,33.447,38.638,1194,1194,29.122,32.921,30.287,37.175,41.668,55.861,48.379,34.011,36.582,1194,1194,10.907,22.543,29.604,39.798,44.824,48.761,47.944,46.63,38.517
1195,1195,28.411,37.623,28.654,36.985,43.644,54.19,44.227,35.862,42.576,1195,1195,32.536,40.597,30.476,38.029,44.369,56.261,48.544,33.76,37.481,1195,1195,14.238,18.292,31.37,36.623,41.622,48.096,48.006,46.935,38.12
1196,1196,37.362,28.63,27.962,36.386,42.208,51.952,41.95,34.121,39.431,1196,1196,40.941,33.228,29.828,34.462,42.092,54.305,46.284,33.696,37.285,1196,1196,20.602,18.082,31.229,36.273,41.628,47.004,47.576,46.819,38.178
1197,1197,29.562,27.478,28.866,32.173,43.09,51.856,42.56,35.195,42.449,1197,1197,33.464,26.802,32.041,37.06,40.82,53.081,45.585,33.376,37.892,1197,1197,14.263,17.403,31.465,33.223,44.88,46.694,45.938,45.834,38.706
1198,1198,25.583,20.243,32.355,34.421,40.382,53.794,44.809,33.528,39.061,1198,1198,29.208,21.795,31.62,32.083,39.654,55.35,47.383,32.798,36.719,1198,1198,11.821,19.089,26.574,34.76,42.681,47.512,47.053,43.039,38.049
1199,1199,23.429,28.946,29.247,32.666,41.353,53.75,44.031,34.569,42.795,1199,1199,27.294,31.632,27.505,35.089,41.357,54.128,46.404,32.89,37.842,1199,1199,7.5458,24.649,28.53,34.951,41.846,45.31,45.848,46.058,38.555
1200,1200,27.007,27.644,32.019,33.61,40.541,51.73,43.195,35.006,40.121,1200,1200,30.505,27.196,30.764,30.568,37.089,52.166,43.958,33.159,37.198,1200,1200,8.1249,27.994,34.747,34.576,41.864,45.931,45.306,45.989,38.746
1201,1201,25.087,25.51,34.24,37.474,41.69,51.403,43.085,35.347,42.858,1201,1201,29.797,31.327,29.748,35.396,39.191,52.424,44.785,32.133,37.727,1201,1201,8.7673,26.617,33.697,33.554,40.85,47.441,46.301,46.528,38.917
1202,1202,26.179,25.754,31.761,34.915,40.741,51.672,42.044,32.846,38.528,1202,1202,30.025,32.28,31.514,33.807,40.82,54.166,46.113,31.849,36.658,1202,1202,3.8647,21.415,32.386,33.059,42.561,47.6,46.776,45.074,38.207
1203,1203,33.675,27.325,31.087,35.678,41.694,50.577,42.265,34.334,42.045,1203,1203,37.283,31.584,31.436,36.633,42.722,52.302,44.098,31.47,37.231,1203,1203,13.155,25.804,33.264,32.336,41.631,47.616,46.158,45.022,38.146
1204,1204,33.661,26.235,28.702,37.76,43.385,51.872,43.454,34.702,39.791,1204,1204,36.689,26.884,26.563,37.27,42.866,54.234,46.237,31.895,36.548,1204,1204,13.6,25.91,28.899,36.08,45.15,46.457,45.94,45.02,38.013
1205,1205,28.386,28.503,29.634,35.428,44.189,52.054,42.379,34.899,42.653,1205,1205,32.597,32.108,30.495,38.63,46.636,50.942,42.417,32.813,37.272,1205,1205,8.7497,22.879,28.155,40.606,49.069,48.315,47.237,46.688,38.621
1206,1206,20.71,22.773,26.631,36.025,44.266,52.308,42.367,35.804,40.98,1206,1206,25.551,23.895,29.193,36.971,44.052,54.51,45.408,33.765,37.306,1206,1206,2.7075,14.233,29.564,38.002,46.424,50.003,46.512,47.417,38.668
1207,1207,26.126,33.244,26.275,33.648,42.528,50.733,41.832,34.433,42.867,1207,1207,30.055,33.835,27.807,35.094,39.757,52.611,44.624,32.26,37.627,1207,1207,7.4525,12.099,29.581,35.053,44.01,46.745,46.953,46.032,38.396
1208,1208,33.601,22.112,29.399,35.395,42.06,51.176,43.542,33.092,38.791,1208,1208,37.106,28.518,31.131,32.776,42.3,52.593,45.173,31.922,37.07,1208,1208,15.652,16.608,21.807,34.211,41.302,47.313,47.275,47.041,38.653
1209,1209,31.878,26.121,27.331,34.329,39.784,49.61,42.153,34.857,42.827,1209,1209,35.341,25.915,28.867,37.539,42.318,52.809,44.881,33.655,37.679,1209,1209,12.191,14.264,28.547,35.881,41.87,47.379,47.365,50.141,39.065
1210,1210,27.271,26.914,27.326,33.841,43.796,51.227,43.063,36.291,40.359,1210,1210,29.99,31.394,31.543,38.414,43.578,51.277,43.933,33.183,36.628,1210,1210,6.1972,15.613,26.536,34.456,41.946,47,48.13,49.058,39.38
1211,1211,27.928,28.131,27.92,37.622,44.961,51.608,42.174,35.946,42.991,1211,1211,31.552,26.686,29.142,34.511,40.8,54.12,44.965,34.045,37.334,1211,1211,13.209,19.972,29.015,32.471,42.134,47.927,49.796,50.768,39.102
1212,1212,23.918,26.711,24.947,34.274,43.613,51.001,41.396,34.154,39.195,1212,1212,27.547,30.432,28.803,34.501,40.893,52.629,43.204,34.918,36.562,1212,1212,11.497,17.07,27.049,36.008,42.843,47.173,48.556,50.894,38.947
1213,1213,29.47,24.581,29.646,36.731,40.461,50.775,41.612,36.788,42.772,1213,1213,32.883,26.133,30.21,34.452,40.251,50.002,41.643,35.153,38.156,1213,1213,12.544,23.169,32.257,37.41,39.901,47.01,49.42,51.359,39.68
1214,1214,27.632,21.13,30.797,38.02,42.901,52.555,43.151,33.958,39.61,1214,1214,31.39,24.608,31.867,36.749,40.127,52.959,44.35,33.915,36.749,1214,1214,9.2502,21.752,31.102,39.407,43.949,46.082,48.069,50.008,39.083
1215,1215,26.793,25.003,31.127,37.266,42.557,53.601,44.364,34.967,42.772,1215,1215,29.874,19.929,31.754,33.104,40.908,54.712,46.378,34.315,37.357,1215,1215,7.1876,25.36,34.324,33.884,45.803,47.566,46.93,48.354,39.598
1216,1216,27.189,25.011,32.25,39.29,41.591,54.98,44.537,35.024,39.926,1216,1216,30.864,21.951,32.175,35.781,40.379,55.035,45.636,33.893,37.594,1216,1216,9.7975,19.33,29.62,36.859,42.865,48.347,47.683,48.305,39.274
1217,1217,26.162,28.045,30.278,37.128,43.469,54.936,45.371,35.675,42.904,1217,1217,31.044,26.802,30.733,36.956,42.756,54.546,46.034,36.601,39.993,1217,1217,12.521,18.346,27.123,39.584,43.542,46.54,48.465,52.61,41.412
1218,1218,23.94,26.857,25.682,35.163,43.123,57.471,45.74,35.641,40.627,1218,1218,26.604,30.118,29.124,37.947,42.4,58.076,48.398,36.593,39.773,1218,1218,7.5399,17.603,26.386,37.352,48.199,51.318,49.034,49.92,41.084
1219,1219,21.844,27.966,27.278,34.045,43.934,56.657,44.331,38.598,42.621,1219,1219,25.201,27.143,31.022,34.99,42.515,54.912,45.272,39.318,41.39,1219,1219,4.9581,15.686,28.048,37.664,47.19,47.685,47.386,50.153,42.006
1220,1220,12.857,20.776,27.694,37.176,44.07,56.869,46.188,38.017,41.247,1220,1220,18.272,30.118,27.325,32.985,40.254,60.727,51.344,38.222,41.776,1220,1220,-0.57425,15.131,31.936,34.659,42.811,48.528,48.681,52.331,43.469
1221,1221,30.424,31.456,29.851,35.836,46.365,58.584,46.622,37.934,43.524,1221,1221,33.449,34.779,32.609,38.824,47.665,60.223,50.357,37.244,41.117,1221,1221,12.172,20.623,32.345,40.041,51.635,52.483,51.435,50.145,41.627
1222,1222,28.572,29.953,32.624,36.604,45.153,59.867,49.876,37.849,41.203,1222,1222,31.541,27.087,35.13,36.393,47.744,58.244,49.096,40.092,41.686,1222,1222,12.09,23.499,35.465,36.685,46.194,52.452,54.344,50.947,41.594
1223,1223,23.246,24.326,25.406,37.068,47.089,60.638,50.825,42.306,45.273,1223,1223,26.925,29.497,27.106,37.359,47.215,63.423,54.155,44.54,45.347,1223,1223,3.9083,24.229,27.477,37.178,45.967,54.624,56.011,54.408,44.97
1224,1224,27.403,27.071,23.09,37.842,50.334,64.947,55.515,44.971,45.042,1224,1224,31.189,30.915,27.828,38.791,56.744,69.792,63.148,45.953,47.143,1224,1224,10.539,18.27,30.658,41.99,60.609,61.197,63.096,58.518,47.276
1225,1225,23.19,20,31.403,41.13,44.173,64.948,54.178,50.435,46.075,1225,1225,26.91,20.142,29.018,40.078,51.464,70.166,59.427,49.898,47.164,1225,1225,4.5042,22.128,29.593,36.021,52.022,59.1,65.054,64.672,47.892
1226,1226,23.639,21.08,27.054,39.853,53.71,70.01,66.058,73.022,65.132,1226,1226,28.162,28.04,28.702,39.965,55.358,73.02,67.671,69.484,64.341,1226,1226,6.5203,18.68,31.183,40.731,56.687,69.382,84.185,88.3,69.654
1227,1227,24.005,23.143,37.679,48.572,57.376,76.634,66.982,76.052,71.42,1227,1227,27.384,27.21,27.42,47.48,55.674,75.461,67.744,73.79,69.398,1227,1227,11.36,20.69,29.381,42.19,57.921,70.833,84.512,93.526,76.043
1228,1228,19.054,21.195,35.768,47.71,48.362,69.158,61.474,61.241,52.865,1228,1228,21.239,27.53,29.818,46.042,52.552,75.009,66.09,58.651,52.098,1228,1228,15.682,21.82,31.776,43.442,53.987,70.297,77.435,76.292,56.874
1229,1229,15.251,24.32,30.674,44.786,48.755,69.318,59.924,51.277,46.382,1229,1229,19.407,24.117,31.23,45.83,51.412,72.977,63.667,52.178,48.712,1229,1229,8.19,16.255,30.184,41.129,52.023,66.338,73.037,65.971,48.627
1230,1230,25.46,21.962,29.519,37.65,46.29,61.615,48.525,39.827,40.169,1230,1230,27.932,28.168,27.569,35.781,45.577,58.294,48.258,38.828,39.141,1230,1230,8.1254,17.199,29.764,37.825,45.382,55.621,56.397,55.043,40.637
1231,1231,21.096,24.528,25.564,36.406,53.337,66.859,51.065,39.73,44.277,1231,1231,25.3,27.217,27.698,40.523,50.523,61.055,50.182,39.252,41.548,1231,1231,5.7719,20.979,30.493,42.056,52.763,56.774,58.713,53.922,42.873
1232,1232,24.42,24.839,29.777,36.533,55.558,71.884,54.322,37.143,42.127,1232,1232,28.789,21.588,28.589,37.708,52.519,63.383,49.951,36.811,40.114,1232,1232,9.0159,22.141,30.756,39.249,53.26,59.877,54.619,50.746,41.486
1233,1233,22.845,28.358,31.834,38.034,51.109,64.801,48.537,36.391,43.131,1233,1233,25.912,29.844,27.778,42.661,52.063,59.071,47.537,37.301,39.51,1233,1233,7.7061,20.689,30.152,38.815,52.165,56.362,53.101,49.5,41.753
1234,1234,25.793,24.336,32.799,39.058,53.103,63.689,49.146,36.113,41.937,1234,1234,28.859,27.007,26.367,36.916,49.515,58.522,46.656,35.772,39.69,1234,1234,12.671,17.516,31.103,36.654,53.031,52.97,54.223,53.133,41.64
1235,1235,26.784,26.595,32.578,34.22,49.107,61.804,49.443,35.699,41.259,1235,1235,31.644,29.226,28.91,40.008,49.548,58.413,45.724,37.307,39.089,1235,1235,10.274,18.892,25.531,40.059,53.924,52.959,52.685,54.561,42.199
1236,1236,24.392,26.633,29.624,38.447,49.647,61.576,50.113,37.268,43.239,1236,1236,27.328,30.028,30.076,39.715,48.152,58.534,49.42,37.95,39.967,1236,1236,12.629,23.016,24.084,39.631,47.45,53.256,52.515,54.318,43.164
1237,1237,21.916,28.387,30.651,39.178,47.135,58.726,48.14,36.531,40.382,1237,1237,24.74,31.646,27.617,37.956,48.59,58.181,49.12,37.649,39.685,1237,1237,4.8578,21.102,25.412,38.04,49.175,51.531,52.817,56.188,41.226
1238,1238,22.443,22.817,28.384,39.004,46.825,59.28,47.319,36.582,41.828,1238,1238,26.369,22.851,27.029,36.859,45.948,59.861,49.206,36.985,38.27,1238,1238,1.0122,18.211,29.018,38.669,48.195,52.48,53.018,54.124,40.406
1239,1239,25.906,24.827,27.536,39.275,45.223,56.57,46.891,36.983,39.194,1239,1239,27.946,26.048,26.699,37.715,45.66,62.211,52.258,37.742,38.152,1239,1239,2.1388,17.066,26.656,35.851,46.305,51.009,54.916,55.231,41.163
1240,1240,27.286,28.547,31.08,39.109,46.08,66.274,56.905,39.59,42.435,1240,1240,31.52,30.19,29.604,40.801,47.362,63.858,54.222,42.107,39.366,1240,1240,12.81,20.635,30.364,38.364,47.512,57.055,56.381,59.571,44.265
1241,1241,31.069,26.673,27.49,41.616,47.959,67.714,57.886,40.735,40.352,1241,1241,35.203,32.438,30.185,35.701,46.426,64.106,54.158,42.851,40.336,1241,1241,15.575,19.97,25.63,39.422,46.028,58.353,56.315,60.401,45.209
1242,1242,26.968,28.063,32.429,40.915,53.466,71.137,59.731,38.854,43.663,1242,1242,30.663,29.074,30.074,39.025,50.222,68.203,57.672,40.491,39.422,1242,1242,9.6531,19.316,28.049,43.515,52.141,59.828,57.13,58.045,44.191
1243,1243,20.791,26.874,31.136,43.938,51.601,71.016,58.666,38.183,41.074,1243,1243,24.526,20.847,25.244,37.713,48.267,67.681,56.285,40.124,38.491,1243,1243,2.0297,15.719,30.631,41.356,50.334,58.896,55.23,54.802,43.103
1244,1244,26.038,25.17,33.695,40.693,51.094,67.278,55.939,39.858,43.233,1244,1244,30.279,28.873,31.261,38.834,47.64,64.524,54.986,41.173,39.947,1244,1244,10.365,19.834,29.013,42.554,51.083,56.482,55.546,55.373,44.918
1245,1245,23.256,28.863,29.673,42.17,46.947,61.786,51.229,40.276,40.923,1245,1245,28.97,25.357,26.426,40.593,47.559,59.429,51.489,41.956,40.624,1245,1245,3.4721,26.517,29.467,42.018,48.351,53.161,55.086,54.944,44.447
1246,1246,19.003,25.135,32.82,41.559,47.534,64.834,53.405,39.906,42.936,1246,1246,23.58,30.119,26.308,41.53,46.16,58.903,49.988,41.89,41.112,1246,1246,4.8172,23.941,28.861,36.844,44.998,55.098,61.453,56.17,43.779
1247,1247,33.17,31.006,31.613,40.675,52.747,68.425,56.733,41.541,41.458,1247,1247,36.739,34.906,29.617,38.651,49.878,67.118,56.751,43.74,41.058,1247,1247,15.536,21.12,33.084,38.12,47.696,59.412,62.866,57.72,45.674
1248,1248,32.311,29.447,28.915,42.27,56.387,78.455,66.779,55.532,51.757,1248,1248,36.194,28.954,31.027,38.839,53.36,71.068,62.365,59.313,57.201,1248,1248,14.3,17.307,29.671,42.424,54.461,66.914,72.92,67.389,54.727
1249,1249,27.854,27.606,33.108,44.239,58.637,80.457,69.302,59.286,54.465,1249,1249,31.88,31.093,32.566,44.105,59.116,80.069,69.964,63.466,61.225,1249,1249,9.9723,14.132,27.318,40.141,58.546,69.24,76.777,69.814,56.814
1250,1250,26.176,27.039,30.494,48.073,62.628,85.455,74.315,62.116,56.716,1250,1250,29.692,32.949,32.78,45.592,59.934,81.389,71.792,65.55,62.88,1250,1250,7.2855,14.99,29.075,44.421,59.892,73.061,77.625,75.37,60.652
1251,1251,29.764,28.514,29.282,48.845,61.367,83.584,72.658,60.941,54.342,1251,1251,35.035,32.968,32.218,48.199,59.699,79.582,70.047,62.504,59.661,1251,1251,7.9048,20.224,27.246,48.718,61.682,73.525,76.471,75.539,57.592
1252,1252,30.706,29.085,29.497,42.802,61.012,78.86,69.481,61.559,54.321,1252,1252,35.053,33.86,30.704,45.236,58.346,79.921,70.851,61.816,57.739,1252,1252,13.392,20.927,26.429,47.206,60.071,70.363,76.271,75.813,58.401
1253,1253,31.428,26.098,26.266,48.598,58.817,73.184,61.574,57.471,50.783,1253,1253,33.657,28.435,34.451,44.894,55.531,72.441,62.099,58.996,54.794,1253,1253,14.25,19.769,29.14,46.96,55.134,61.471,66.712,72.984,56.536
1254,1254,20.54,26.197,25.819,46.297,55.448,68.6,61.168,63.435,55.533,1254,1254,29.422,29.263,39.176,40.276,57.319,69.688,64.009,65.426,61.011,1254,1254,11.03,19.359,28.545,45.29,57.074,63.426,75.782,79.999,60.873
1255,1255,26.433,26.382,26.019,41.543,54.411,73.051,67.601,69.428,63.709,1255,1255,37.305,39.392,37.881,45.299,57.641,79.815,71.098,70.907,66.893,1255,1255,19.58,26.788,29.112,44.892,58.567,69.73,83.545,84.542,67.331
1256,1256,28.578,26.835,25.079,43.922,57.927,73.388,71.616,74.109,66.961,1256,1256,40.092,41.109,31.232,46.227,61.656,77.994,72.772,74.564,68.995,1256,1256,23.083,26.261,30.694,42.193,61.45,73.808,87.115,92.393,73.481
1257,1257,18.692,23.57,29.706,40.468,58.085,76.544,76.901,83.013,76.39,1257,1257,34.233,33.422,36.762,49.163,65.762,83.869,79.873,80.269,73.983,1257,1257,18.002,25.383,29.917,41.999,65.194,79.213,93.876,99.67,83.397
1258,1258,28.375,30.357,34.354,45.48,65.507,82.481,86.983,93.004,85.197,1258,1258,33.126,40.595,38.952,53.366,68.948,89.085,87.387,89.236,82.71,1258,1258,21.153,31.385,34.613,51.986,67.43,86.559,104.21,106.98,89.54
1259,1259,32.79,28.143,38.445,51.667,74.139,93.447,93.651,97.62,88.24,1259,1259,32.747,32.659,34.326,48.318,70.515,88.718,90.158,92.914,85.453,1259,1259,23.738,32.656,41.76,51.825,72.268,96.019,110.11,111.7,92.467
1260,1260,33.981,26.48,39.429,52.586,74.035,94.225,93.95,96.732,86.675,1260,1260,36.873,31.199,32.393,44.862,68.274,89.165,90.841,93.384,85.962,1260,1260,24.941,34.652,44.526,56.654,70.05,96.044,109.96,111.21,92.118
1261,1261,37.506,33.351,35.931,46.005,69.785,91.765,90.753,92.682,85.291,1261,1261,37.186,33,30.979,43.434,64.374,87.004,85.786,88.376,80.892,1261,1261,26.232,35.846,43.565,54.4,65.528,93.194,105.95,108.17,89.36
1262,1262,29.034,33.731,35.242,45.379,63.678,86.01,81.259,80.695,73.045,1262,1262,34.072,32.247,33.632,46.255,63.914,83.943,81.533,80.166,70.39,1262,1262,31.978,28.335,31.958,48.488,63.43,86.181,97.558,93.975,75.261
1263,1263,27.883,33.963,29.668,43.594,55.707,72.27,68.028,62.823,57.526,1263,1263,35.473,38.329,36.965,44.334,60.939,79.839,71.403,65.128,61.816,1263,1263,32.104,29.188,33.449,40.838,61.561,75.81,86.64,79.013,63.741
1264,1264,23.412,27.715,34.01,36.943,53.498,72.984,65.109,60.224,53.58,1264,1264,41.025,35.691,37.964,41.316,58.682,73.418,67.957,61.612,58.396,1264,1264,27.66,26.664,28.764,39.999,60.01,73.268,81.908,73.517,57.356
1265,1265,31.21,30.851,28.7,39.338,54.786,75.282,65.753,58.66,52.649,1265,1265,41.412,42.918,35.533,41.811,56.877,74.877,69.061,60.683,57.206,1265,1265,24.693,27.256,35.909,39.388,58.198,73.817,81.515,74.301,57.082
1266,1266,33.803,28.811,32.84,42.253,52.738,69.501,57.934,52.617,48.695,1266,1266,38.593,31.482,30.505,39.74,52.488,68.061,58.673,56.277,54.671,1266,1266,26.128,28.092,32.273,36.889,49.979,64.018,65.624,64.022,51.007
1267,1267,28.13,26.742,31.8,35.989,50.8,68.017,55.728,54.038,48.514,1267,1267,36.531,29.686,34.506,40.709,54.406,63.346,53.075,53.57,51.025,1267,1267,20.673,29.751,34.069,34.092,54.814,61.758,61.167,62.486,51.624
1268,1268,31.154,35.62,33.287,38.685,50.915,63.928,51.36,51.393,46.041,1268,1268,37.032,39.655,34.08,39.088,50.395,59.716,50.042,50.602,47.922,1268,1268,21.297,31.151,33.634,33.574,50.721,58.381,61.277,63.872,49.008
1269,1269,32.525,30.216,29.386,35.707,47.627,60.992,53.815,50.29,45.506,1269,1269,40.389,35.43,28.143,37.593,49.089,60.9,53.042,50.249,48.002,1269,1269,24.367,31.13,32.198,35.061,49.409,56.183,67.218,59.372,48.091
1270,1270,19.811,24.041,25.052,35.282,52.958,72.292,59.633,41.249,42.806,1270,1270,29.447,27.62,25.608,33.876,52.402,70.146,61.155,40.412,39.621,1270,1270,13.903,28.183,33.643,37.41,55.035,67.095,67.946,53.502,41.323
1271,1271,23.096,24.791,34.294,38.587,48.074,62.123,50.131,34.451,38.839,1271,1271,27.252,28.027,29.142,37.969,47.905,57.916,47.797,34.498,37.263,1271,1271,11.652,31.85,29.425,35.769,49.567,54.796,54.973,51.854,39.829
1272,1272,30.874,30.996,31.852,36.106,45.182,53.054,43.574,34.82,42.657,1272,1272,24.676,33.445,26.938,34.962,43.313,57.152,48.294,35.018,37.888,1272,1272,12.915,31.27,34.028,39.148,43.197,49.852,51.07,51.675,40.246
1273,1273,29.593,27.546,33.973,36.98,44.559,55.104,45.473,34.504,38.95,1273,1273,18.304,28.998,33.309,33.792,46.6,56.473,46.666,34.988,37.311,1273,1273,10.99,28.828,32.023,36.204,46.635,50.021,49.694,50.695,40.177
1274,1274,18.922,30.393,32.921,35.737,46.362,54.596,43.62,36.503,42.152,1274,1274,34.424,39.21,30.216,37.115,46.453,55.714,46.013,35.299,37.516,1274,1274,15.729,30.33,35.006,37.172,44.32,48.735,48.326,50.199,40.612
1275,1275,21.83,31.724,26.348,39.316,48.236,60.966,50.6,38.433,39.618,1275,1275,44.012,42.482,38.21,38.612,46.863,59.255,49.723,40.52,38.494,1275,1275,26.494,28.257,29.239,37.34,44.213,52.46,52.273,56.808,44.628
1276,1276,32.001,32.212,31.293,38.613,48.111,60.429,49.653,36.306,42.53,1276,1276,45.639,44.34,37.676,38.924,47.065,58.302,47.993,36.082,38.216,1276,1276,29.385,30.812,27.081,33.343,44.38,52.729,52.099,51.104,41.897
1277,1277,28.464,33.531,29.056,37.615,47.476,61.795,50.178,37.658,39.543,1277,1277,41.363,42.323,33.912,36.16,44.463,61.296,50.868,38.606,37.468,1277,1277,24.945,29.123,27.952,36.459,48.504,54.259,53.921,56.293,43.767
1278,1278,30.029,30.034,29.117,36.158,46.925,60.189,48.042,36.661,38.934,1278,1278,40.011,39.142,32.259,37.577,46.718,55.122,46.106,38.342,37.805,1278,1278,24.648,23.057,28.612,37.039,46.159,51.458,51.635,53.565,42.891
1279,1279,27.533,32.438,32.758,38.219,46.733,60.589,49.661,36.661,42.255,1279,1279,38.275,41.556,30.956,40.476,47.777,62.393,51.907,36.465,37.54,1279,1279,22.878,30.259,29.286,36.174,46.499,51.981,53.847,52.654,41.751
1280,1280,27.091,24.592,32.966,37.195,50.027,70.102,58.666,36.281,38.796,1280,1280,37.217,32.413,28.648,38.289,49.639,68.111,56.656,36.858,38.132,1280,1280,21.479,32.302,33.116,34.703,49.253,57.485,55.744,53.014,42.665
1281,1281,24.176,33.264,36.236,38.585,54.408,72.105,60.562,42.699,44.203,1281,1281,36.01,31.595,39.562,42.605,54.116,69.081,57.973,46.569,45.079,1281,1281,19.701,30.544,30.926,39.204,56.744,61.255,57.625,57.16,43.444
1282,1282,24.463,26.487,30.905,40.148,51.727,69.929,58.281,41.828,40.488,1282,1282,32.473,33.964,35.563,40.185,50.326,68.042,57.526,42.793,42.109,1282,1282,18.554,28.901,30.741,35.594,51.525,63.619,63.139,54.132,43.014
1283,1283,18.306,24.543,29.918,37.348,47.486,64.97,54.484,42.719,43.442,1283,1283,27.259,34.241,30.005,37.609,46.786,61.516,52.883,43.039,42.239,1283,1283,13.914,29.058,26.624,36.297,48.891,54.917,57.972,56.398,44.096
1284,1284,23.844,31.878,31.433,38.034,47.078,62.216,50.459,44.333,42.252,1284,1284,38.603,41.168,28.73,40.532,47.863,61.348,50.085,46.065,44.582,1284,1284,22.138,28.679,29.701,36.656,50.593,55.519,56.569,56.962,45.217
1285,1285,24.353,27.394,32.212,39.773,54.629,68.668,55.734,47.289,45.354,1285,1285,37.893,34.199,31.96,38.507,48.714,60.299,49.524,49.171,47.495,1285,1285,21.741,27.454,27.036,40.779,53.207,56.991,60.137,60.087,47.222
1286,1286,19.99,27.649,32.657,46.659,57.783,72.675,62.171,47.721,44.204,1286,1286,35.237,36.672,31.732,49.145,57.764,70.867,62.877,51.222,49.585,1286,1286,18.371,30.061,30.571,42.712,58.353,65.068,64.91,63.328,50.128
1287,1287,28.694,34.041,33.092,48.644,65.755,80.74,69.94,53.929,48.67,1287,1287,37.203,36.3,35.579,46.223,61.801,78.623,68.979,55.05,51.368,1287,1287,21.361,29.918,32.235,45.407,62.028,69.128,71.871,66.705,53.87
1288,1288,26.839,27.653,40.195,53.288,70.252,83.137,72.309,55.808,50.378,1288,1288,30.535,33.634,34.482,48.354,64.276,82.826,72.992,57.696,53.272,1288,1288,14.295,24.203,31.874,50.119,63.938,74.361,74.441,69.918,57.229
1289,1289,24.263,28.826,37.399,56.973,68.43,85.317,73.39,57.559,53.363,1289,1289,26.367,32.409,36.403,52.821,64.755,80.188,70.167,59.79,56.852,1289,1289,9.094,24.668,31.694,52.312,66.298,74.522,75.818,70.651,57.367
1290,1290,36.951,36.597,39.468,56.041,68.112,83.706,71.095,51.349,49.099,1290,1290,37.636,38.309,30.472,50.867,61.651,81.251,71.293,53.799,50.616,1290,1290,24.461,24.358,35.17,51.027,63.77,73.285,72.681,67.478,54.234
1291,1291,37.654,32.759,36.529,57.125,66.364,81.001,69.218,45.938,45.811,1291,1291,37.791,35.285,35.808,51.07,61.978,77.384,66.487,47.449,43.726,1291,1291,25.043,27.012,33.307,54.33,65.929,71.338,71.158,64.447,50.108
1292,1292,38.635,32.041,26.256,48.021,63.181,75.621,64.443,45.736,43.326,1292,1292,34.714,35.659,33.365,48.627,60.806,74.501,65.341,48.459,42.487,1292,1292,23.072,25.947,30.372,51.962,63.149,66.686,66.184,65.377,51.878
1293,1293,33.516,27.954,39.536,52.84,66.471,80.761,68.842,46.188,45.812,1293,1293,23.958,28.893,31.722,47.161,61.444,78.034,67.742,49.608,44.805,1293,1293,13.607,27.1,33.279,46.7,61.75,67.256,69.014,65.032,52.61
1294,1294,29.666,28.34,38.499,54.881,63.777,79.303,67.826,48.974,45.516,1294,1294,28.577,34.135,28.744,51.804,61.34,79.6,70.603,52.147,44.947,1294,1294,15.914,20.687,30.033,51.429,60.636,70.089,72.026,66.457,53.007
1295,1295,31.461,28.981,34.113,56.789,67.829,81.347,69.32,50.608,47.69,1295,1295,34.781,30.302,28.811,57.581,64.076,80.069,69.05,53.501,46.317,1295,1295,21.719,27.781,31.334,52.13,64.542,71.528,72.572,67.546,54.54
1296,1296,29.16,24.795,38.443,56.364,66.439,82.883,70.948,55.924,50.792,1296,1296,36.139,24.483,33.765,51.764,62.8,79.305,69.519,62.361,53.08,1296,1296,21.387,28.102,31.917,51.195,63.409,69.865,73.095,73.506,57.867
1297,1297,19.296,22.687,38.37,55.163,63.296,76.078,66.243,56.362,50.637,1297,1297,35.37,31.843,34.18,50.175,61.341,77.505,68.967,60.516,51.293,1297,1297,18.431,23.735,33.973,47.833,61.268,69.807,72.871,72.022,56.739
1298,1298,18.884,27.47,39.68,47.717,63.132,75.649,65.177,56.028,49.662,1298,1298,32.31,34.413,28.892,46.881,61.969,77.027,67.41,59.985,50.662,1298,1298,14.06,26.711,35.331,49.361,64.605,69.11,73.093,74.836,56.881
1299,1299,31.683,30.287,36.198,44.083,60.722,77.66,67.009,55.823,49.654,1299,1299,35.95,30.325,34.136,44.02,62.093,75.072,66.443,59.538,48.818,1299,1299,14.927,19.224,32.924,46.899,61.089,70.15,75.386,74.606,56.438
1300,1300,37.161,33.05,32.937,44.519,61.093,78.083,68.057,60.587,50.438,1300,1300,37.454,38.301,35.556,44.675,61.606,73.216,65.343,60.562,50.186,1300,1300,24.434,27.723,34.933,46.977,61.659,72.148,81.352,76.151,59.247
1301,1301,32.795,30.635,35.872,46.601,63.511,78.653,69.845,63.159,53.602,1301,1301,32.435,35.541,32.306,41.685,61.561,79.707,71.108,62.597,51.796,1301,1301,20.919,26.72,31.756,46.232,62.892,73.531,82.589,79.58,61.077
1302,1302,26.522,27.153,27.456,47.687,61.384,80.151,72.044,70.055,62.343,1302,1302,32.011,28.677,31.337,47.79,61.325,81.535,74.57,68.662,57.505,1302,1302,14.49,16.783,32.703,46.923,61.916,77.552,88.301,85.04,68.885
1303,1303,29.345,30.275,28.33,45.022,63.282,82.31,81.221,78.297,68.925,1303,1303,32.855,28.052,32.494,47.797,63.628,83.623,81.704,78.035,65.518,1303,1303,15.561,21.225,32.661,49.175,65.625,81.72,99.259,94.454,74.839
1304,1304,25.076,29.014,34.939,47.275,65.499,84.178,82.848,83.017,77.102,1304,1304,29.695,35.169,36.282,46.309,64.557,85.421,81.542,79.929,71.696,1304,1304,18.773,28.75,37.749,51.074,67.406,84.356,102.36,96.334,80.218
1305,1305,31.739,25.639,29.004,46.686,65.663,85.205,86.046,83.986,76.915,1305,1305,34.32,34.713,31.624,45.468,62.294,85.172,81.947,80.323,73.204,1305,1305,24.204,31.782,39.321,49.655,66.266,86.077,104.61,96.849,79.934
1306,1306,24.965,28.621,33.58,46.226,64.919,87.26,85.691,84.739,78.533,1306,1306,32.509,29.869,31.571,44.582,60.649,79.566,79.394,79.701,72.966,1306,1306,20.136,27.538,36.839,48.558,62.635,87.756,103.59,97.046,80.327
1307,1307,23.451,21.75,33.598,45.763,63.773,83.234,80.196,80.265,70.17,1307,1307,27.375,30.29,31.498,45.422,63.514,87.705,79.3,75.665,69.051,1307,1307,22.985,29.037,29.176,48.218,63.021,84.896,98.248,94.072,75.401
1308,1308,28.782,24.452,31.992,48.258,62.729,79.342,73.426,70.959,63.909,1308,1308,34.042,23.12,34.099,50.215,63.989,87.642,79.027,70.964,62.989,1308,1308,22.082,22.09,36.795,46.538,65.521,80.82,89.205,87.156,68.223
1309,1309,27.58,24.886,27.243,48.821,59.664,78.007,69.283,61.18,54.014,1309,1309,31.078,24.412,29.567,49.221,61.491,78.51,71.582,61.297,54.032,1309,1309,11.422,21.361,31.47,45.108,63.166,73.827,85.292,76.502,58.984
1310,1310,20.63,27.955,28.822,49.52,59.48,78.058,69.201,61.065,54.318,1310,1310,23.759,31.132,35.552,48.795,59.293,78.992,71.425,59.587,53.87,1310,1310,6.6154,28.215,35.617,45.611,62.18,71.537,80.053,75.478,57.417
1311,1311,23.374,27.391,33.25,40.454,56.265,75.788,66.732,60.196,55.285,1311,1311,26.313,29.795,28.259,44.313,57.078,76.03,68.223,57.754,53.333,1311,1311,1.5859,31.05,35.337,42.661,59.973,68.322,77.662,73.286,57.851
1312,1312,23.56,26.24,31.017,40.814,60.362,77.199,68.862,74.474,70.07,1312,1312,28.324,30.454,26.669,43.136,57.91,77.188,69.082,72.189,68.197,1312,1312,8.9149,26.802,33.081,43.151,61.333,72.332,84.872,89.441,73.257
1313,1313,33.113,31.096,33.214,44.596,56.626,75.4,66.904,71.328,67.586,1313,1313,36.156,34.358,30.636,36.472,54.69,75.632,67.902,67.379,62.59,1313,1313,13.223,31.979,35.689,41.341,56.908,70.925,81.843,85.399,69.157
1314,1314,27.405,29.242,29.214,41.108,53.503,71.82,62.675,59.928,54.271,1314,1314,30.616,30.378,31.25,39.498,52.732,69.895,63.618,58.249,52.894,1314,1314,11.461,27.792,34.379,38.018,55.914,68.384,77.663,73.723,57.077
1315,1315,27.587,25.4,35.451,47.029,57.646,74.344,65.626,56.021,49.819,1315,1315,27.33,32.358,32.331,39.78,55.323,74.103,65.943,56.195,50.218,1315,1315,11.44,27.33,31.58,41.416,57.329,68.108,78.035,71.958,55.653
1316,1316,25.389,27.505,34.747,46.24,62.099,78.79,68.528,62.493,56.457,1316,1316,25.358,30.585,30.358,43.268,57.782,75.522,66.431,58.865,53.455,1316,1316,7.1446,25.676,31.327,45.242,61.244,68.577,79.813,76.802,61.492
1317,1317,29.079,31.87,30.913,48.094,63.293,79.849,68.971,61.1,55.318,1317,1317,27.769,40.492,32.295,40.293,59.201,76.848,67.123,59.414,56.098,1317,1317,12.974,25.33,32.93,42.902,63.444,71.378,77.492,76.06,60.647
1318,1318,31.038,35.237,31.477,43.691,61.34,75.93,65.316,52.152,46.269,1318,1318,44.384,43.152,33.167,40.667,57.678,77.415,66.753,53.119,48.039,1318,1318,28.985,28.986,31.916,42.151,58.003,66.866,76.372,68.886,54.052
1319,1319,26.852,31.366,28.447,45.707,58.673,74.157,62.858,48.174,45.758,1319,1319,42.637,39.256,36.165,42.948,59.068,77.317,66.903,50.982,47.232,1319,1319,27.103,29.474,30.534,46.019,59.399,67.782,74.405,66.111,52.139
1320,1320,30.29,30.705,34.809,41.969,59.683,74.819,63.743,48.498,45.449,1320,1320,43.386,28.917,32.525,43.827,61.606,76.575,66.122,50.529,47.32,1320,1320,27.485,26.663,32.606,42.948,61.382,65.725,71.507,64.662,51.43
1321,1321,22.035,24.372,29.173,40.556,54.807,74.318,64.091,45.774,44.182,1321,1321,42.993,29.637,32.742,44.457,61.658,75.451,65.213,47.95,45.072,1321,1321,27.608,19.965,30.527,43.295,64.371,66.353,66.34,60.632,48.426
1322,1322,23.353,31.442,33.733,46.793,57.505,70.182,59.14,44.432,44.695,1322,1322,37.874,32.065,38.494,43.097,62.852,74.853,65.228,46.473,44.512,1322,1322,21.652,25.234,32.388,43.815,64.364,63.387,66.092,60.138,48.33
1323,1323,33.522,32.916,32.518,50.64,63.061,76.318,65.344,42.81,43.93,1323,1323,39.86,38.739,35.812,44.006,61.533,74.672,66.117,43.91,42.278,1323,1323,25.334,22.827,22.802,44.265,61.238,64.91,67.893,58.395,46.801
1324,1324,33.758,26.749,34.58,52.977,63.206,78.214,66.291,44.267,45.466,1324,1324,38.206,31.453,29.878,48.179,57.773,75.096,65.67,47.251,43.357,1324,1324,24.536,20.843,27.365,44.52,59.268,65.729,69.088,63.375,49.392
1325,1325,25.358,29.175,28.383,49.785,61.741,79.141,66.784,43.762,42.964,1325,1325,39.66,41.26,34.647,49.002,59.117,78.881,68.438,47.27,43.001,1325,1325,23.289,27.23,31.005,49.967,61.748,68.803,71.102,60.658,47.388
1326,1326,30.254,35.401,37.741,56.502,64.373,80.751,68.477,47.17,45.242,1326,1326,40.195,34.496,29.278,49.977,60.218,78.196,67.613,49.9,43.934,1326,1326,22.646,23.584,28.652,45.678,62.973,69.567,72.417,64.042,48.956
1327,1327,31.468,30.292,31.246,55.133,63.366,81.816,70.534,50.096,45.846,1327,1327,32.637,32.362,30.171,48.46,57.841,78.152,68.414,52.005,44.064,1327,1327,16.483,20.879,27.695,43.271,59.039,70.12,71.766,69.097,53.742
1328,1328,33.479,26.606,38.566,57.39,61.247,79.447,68.601,54.301,49.454,1328,1328,36.893,31.911,32.351,51.835,60.492,77.243,68.383,56.008,48.216,1328,1328,22.459,24.328,27.618,45.18,61.154,69.236,76.297,67.947,53.998
1329,1329,28.242,25.058,32.293,56.143,60.214,77.199,67.271,54.054,48.354,1329,1329,27.685,31.018,33.501,52.558,58.976,74.967,66.193,56.107,48.327,1329,1329,16.97,26.879,30.468,49.921,55.476,67.849,73.899,69.4,55.098
1330,1330,23.111,28.348,33.402,43.303,61.098,76.001,65.47,56.062,50.593,1330,1330,22.987,31.539,30.982,39.678,60.113,73.339,64.506,57.464,49.882,1330,1330,11.181,25.482,31.219,48.176,61.583,68.995,73.764,71.562,56.706
1331,1331,27.402,28.638,28.635,40.613,60.205,75.219,65.851,54.801,48.895,1331,1331,25.227,32.101,33.447,43.04,59.441,73.221,64.828,57.962,49.123,1331,1331,5.3757,28.759,35.749,46.217,61.593,67.356,75.738,73.298,56.494
1332,1332,21.729,28.564,32.637,39.227,61.068,75.803,65.821,58.071,50.81,1332,1332,25.442,25.732,30.973,41.992,61.06,72.219,65.062,59.382,48.342,1332,1332,8.1834,24.689,35.814,46.596,62.491,67.096,78.549,73.585,58.059
1333,1333,25.156,30.755,28.78,40.78,61.633,78.096,69.907,62.884,52.539,1333,1333,31.577,40.371,34.737,42.823,61.656,79.507,70.696,62.831,50.853,1333,1333,15.657,24.594,30.252,42.591,62.82,72.71,82.63,77.9,61.292
1334,1334,34.248,32.959,29.567,41.886,63.081,79.865,72.56,69.589,61.186,1334,1334,43.977,39.907,32.669,43.71,60.452,79.101,73.312,68.035,56.496,1334,1334,28.432,27.026,32.841,47.802,63.173,77.107,89.515,84.053,67.34
1335,1335,33.061,29.625,26.847,41.743,61.797,79.227,82.196,77.68,69.176,1335,1335,41.607,38.865,27.848,44.051,62.514,81.331,81.531,77.158,66.263,1335,1335,27.119,28.974,38.153,46.817,64.488,80.147,100.06,95.048,76.392
1336,1336,29.604,33.926,36.227,45.898,65.414,81.101,87.368,83.761,77.202,1336,1336,40.71,45.353,31.479,46.456,64.255,81.796,82.537,80.532,71.011,1336,1336,23.226,27.256,37.56,51.659,66.989,81.906,104.56,97.873,81.474
1337,1337,32.988,34.276,33.312,44.65,63.212,81.455,86.111,85.929,77.952,1337,1337,38.54,36.595,29.35,43.914,62.346,81.048,81.525,81.234,72.746,1337,1337,28.18,30.512,37.367,47.596,65.869,82.353,102.62,99.792,80.978
1338,1338,36.173,35.99,34.746,44.034,62.255,82.509,84.445,86.738,79.241,1338,1338,41.376,36.646,35.085,45.419,59.437,79.795,78.902,81.407,74.068,1338,1338,27.27,30.997,36.097,49.84,61.354,81.376,100.69,99.347,82.432
1339,1339,37.282,26.684,30.402,45.793,62.361,82.185,81.73,80.004,70.169,1339,1339,37.809,34.594,29.229,48.535,60.687,79.554,75.301,75.185,70.66,1339,1339,24.253,31.854,33.996,45.841,62.515,78.894,96.725,92.761,74.954
1340,1340,32.611,29.266,29.857,50.877,64.795,82.696,73.842,67.08,59.638,1340,1340,23.902,35.173,32.764,55.713,64.269,81.23,73.821,68.474,62.985,1340,1340,26.385,27.002,30.529,53.878,63.819,75.003,86.872,82.188,64.398
1341,1341,35.663,28.711,37.116,49.402,63.183,82.78,72.296,63.286,56.932,1341,1341,33.349,32.637,34.509,54.899,62.52,82.11,72.912,65.687,61.304,1341,1341,20.206,23.996,32.645,51.987,64.772,74.534,82.746,79.098,61.717
1342,1342,23.035,21.448,33.869,48.709,63.392,82.008,70.877,59.529,53.096,1342,1342,30.041,25.218,33.52,46.753,61.508,79.031,69.888,61.512,57.601,1342,1342,18.252,23.117,32.897,46.063,61.939,70.896,78.72,75.316,58.873
1343,1343,23.028,27.366,27.78,47.194,58.304,81.28,70.387,59.669,52.592,1343,1343,26.432,31.698,30.544,46.736,57.348,79.03,70.287,61.162,58.694,1343,1343,12.466,28.555,30.819,47.862,59.154,70.974,75.222,75.221,57.253
1344,1344,16.745,26.359,25.822,46.402,53.658,67.2,58.213,58.487,54.002,1344,1344,13.2,33.032,28.764,41.103,55.555,72.457,63.377,60.197,56.583,1344,1344,9.4893,21.258,27.792,45.334,55.989,62.98,71.33,73.046,55.883
1345,1345,11.124,31.75,31.969,44.237,54.741,70.905,63.229,65.83,58.176,1345,1345,17.423,30.441,28.8,43.977,56.446,74.978,67.245,67.745,63.44,1345,1345,4.3108,25.471,31.082,40.667,56.789,65.751,78.659,82.666,64.085
1346,1346,20.205,24.938,32.464,42.022,55.813,76.802,70.518,69.298,63.361,1346,1346,22.903,25.031,28.39,44.491,58.139,80.062,71.656,69.521,65.454,1346,1346,3.0005,20.312,30.161,44.902,57.77,71.182,83.171,85.729,69.518
1347,1347,26.992,29.488,31.374,42.354,58.38,79.161,72.443,72.841,66.384,1347,1347,30.814,28.482,30.586,48.495,62.526,79.494,72.753,73.691,69.035,1347,1347,6.7078,18.643,28.856,45.775,62.649,74.753,87.435,91.877,73.827
1348,1348,25.637,31.418,29.473,47.014,61.999,81.36,81.637,87.061,82.288,1348,1348,29.752,34.194,34.464,49.427,66.101,86.42,83.151,84.229,78.382,1348,1348,8.2838,27.101,32.059,49.004,65.553,81.83,98.932,103.37,86.878
1349,1349,31.609,30.562,32.474,51.075,72.024,91.264,92.334,95.239,86.037,1349,1349,35.25,29.983,29.4,49.774,68.32,86.642,89.321,91.779,85.081,1349,1349,20.29,32.338,36.579,51.202,69.147,93.74,107.75,109.79,91.144
1350,1350,31.578,35.111,39.51,51.287,72.585,92.799,92.705,96.699,87.772,1350,1350,31.154,35.807,28.949,47.854,70.044,90.949,90.403,92.095,85.056,1350,1350,19.443,41.393,45.478,54.245,69.288,94.71,109.82,111.65,91.923
1351,1351,37.389,36.689,36.88,51.429,72.987,93.69,93.215,96.037,87.383,1351,1351,37.644,33.205,35.187,47.777,69.213,90.496,91.339,92.002,84.487,1351,1351,26.278,43.489,42.755,52.068,69.757,95.784,109.15,109.92,91.044
1352,1352,33.512,39.467,34.661,45.175,68.393,90.018,87.354,90.888,84.204,1352,1352,40.975,38.784,36.954,44.523,63.958,87.553,85.007,87.026,81.046,1352,1352,38.699,40.957,39.893,47.11,64.485,90.479,103.73,105.04,88.045
1353,1353,36.297,30.507,36.487,47.185,64.805,88.836,80.736,79.205,73.046,1353,1353,45.456,37.411,39.189,45.398,64.13,87.345,81.496,78.845,71.76,1353,1353,37.98,34.145,31.676,43.577,64.108,89.266,98.84,95.369,78.557
1354,1354,36.302,32.894,31.456,36.095,54.298,73.261,67.849,64.913,59.305,1354,1354,43.677,31.651,29.511,43.065,59.353,77.616,72.424,64.974,60.346,1354,1354,29.432,28.16,35.73,42.374,58.814,76.579,86.684,80.389,65.662
1355,1355,33.657,25.04,33.59,39.247,55.995,77.855,67.877,60.994,55.08,1355,1355,39.914,37.408,32.911,41.508,56.428,77.314,71.837,61.548,58.511,1355,1355,21.289,27.97,34.56,41.018,57.251,76.471,81.999,72.848,59.435
1356,1356,30.278,33.27,33.573,37.108,54.388,74.737,64.426,57.336,51.616,1356,1356,38.243,29.569,31.449,40.839,58.825,77.119,67.932,57.778,53.516,1356,1356,14.299,25.706,31.445,41.059,59.653,73.35,76.951,73.386,55.244
1357,1357,25.895,30.324,32.192,39.475,53.138,72.132,60.625,54.367,49.628,1357,1357,30.884,28.894,27.405,41.231,53.926,68.166,60.027,56.721,54.562,1357,1357,16,20.041,29.626,40.686,56.948,66.114,69.984,68.545,53.413
1358,1358,26.533,23.535,31.187,38.964,50.92,70.457,59.136,57.147,49.051,1358,1358,29.828,22.008,31.949,38.646,50.921,69.534,59.822,54.746,50.832,1358,1358,8.3919,22.275,29.831,37.311,51.389,61.743,68.077,66.516,53.166
1359,1359,28.101,25.833,22.444,36.948,54.075,73.308,61.953,50.908,46.052,1359,1359,37.724,38.49,39.347,39.732,51.633,71.537,60.652,52.572,50.507,1359,1359,22.25,26.468,23.656,38.366,49.426,60.944,66.506,66.807,50.098
1360,1360,32.065,33.719,26.448,39.165,55.708,74.503,62.819,48.889,46.556,1360,1360,39.005,44.211,34.791,42.075,53.276,72.323,62.82,47.571,45.067,1360,1360,24.172,29.265,28.454,40.067,52.106,68.295,70.739,62.458,47.854
1361,1361,26.119,22.449,31.277,35.378,54.761,70.314,59.071,40.928,42.182,1361,1361,34.557,38.318,29.265,39.099,53.975,66.388,55.528,41.826,41.047,1361,1361,15.595,24.252,30.754,38.148,55.32,62.943,63.533,56.526,45.031
1362,1362,24.702,25.984,33.319,37.1,50.845,66.241,55.144,38.132,43.71,1362,1362,31.515,32.451,33.214,39.326,48.661,66.157,57.38,39.964,41.391,1362,1362,14.83,18.3,31.192,37.446,49.334,55.763,56.189,53.366,43.806
1363,1363,23.452,28.871,28.838,34.998,48.833,70.331,58.583,38.752,41.609,1363,1363,32.173,36.967,34.809,38.315,47.631,63.902,53.658,41.177,41.061,1363,1363,13.129,19.336,31.089,38.107,47.184,60.597,57.15,54.76,44.505
1364,1364,29.888,34.362,29.711,37.791,47.763,68.415,57.647,37.469,41.333,1364,1364,42.948,41.143,34.999,36.694,43.522,63.243,53.55,39.351,40.655,1364,1364,26.607,27.496,33.8,37.389,46.889,58.653,55.804,53.702,43.273
1365,1365,31.47,30.63,27.923,35.312,47.332,65.13,53.622,36.729,43.305,1365,1365,41.18,36.871,30.053,32.811,46.335,62.525,53.342,37.15,39.769,1365,1365,25.935,23.998,28.912,35.073,47.477,52.615,51.804,53.898,42.613
1366,1366,29.525,32.768,28.361,34.65,46.875,59.859,49.052,35.71,40.877,1366,1366,32.943,38.633,34.583,36.864,45.791,60.564,50.597,37.297,40.094,1366,1366,13.614,21.889,32.023,36.73,43.931,49.712,50.985,53.655,41.665
1367,1367,29.756,28.574,26.555,35.877,43.659,52.506,41.549,36.217,43.833,1367,1367,28.586,36.297,34.817,38.193,42.82,55.107,45.03,36.301,40.122,1367,1367,14.795,18.267,27.912,38.819,46.265,49.4,50.506,52.521,41.72
1368,1368,28.922,35.439,35.959,40.537,45.95,55.295,42.163,35.534,40.691,1368,1368,35.417,38.637,36.844,39.136,45.425,56.171,46.318,37.098,40.564,1368,1368,20.573,25.566,30.995,36.052,46.298,49.731,50.355,53.358,40.983
1369,1369,35.342,38.079,32.284,37.958,44.077,51.474,41.784,35.821,43.04,1369,1369,38.118,38.81,28.258,32.524,44.185,53.674,44.458,36.556,40.478,1369,1369,24.33,25.268,25.755,33.775,43.515,47.7,48.947,53.06,41.403
1370,1370,33.661,31.088,39.293,41.013,43.972,55.914,44.375,35.494,41.706,1370,1370,35.019,33.199,38.101,42.157,46.583,53.405,44.251,38.355,40.322,1370,1370,21.021,20.201,32.155,37.196,42.287,48.589,47.437,49.902,41.821
1371,1371,30.417,41.959,37.899,33.874,41.725,55.675,44.085,41.066,43.872,1371,1371,31.626,39.958,36.143,37.709,43.154,53.539,44.297,41.284,42.124,1371,1371,18.462,30.418,31.846,37.837,40.916,48.467,48.062,52.959,42.815
1372,1372,35.747,34.753,31.327,43.507,51.161,68.841,57.505,43.648,43.161,1372,1372,37.468,27.808,33.738,41.294,48.832,66.078,56.358,45.325,45.302,1372,1372,24.79,21.929,27.959,34.618,48.847,61.545,62.639,54.527,43.303
1373,1373,24.605,34.48,30.599,39.475,51.236,72.185,60.938,44.906,44.946,1373,1373,36.174,34.029,29.677,38.333,49.179,68.202,59.255,45.156,43.722,1373,1373,19.375,22.37,30.303,33.875,47.04,64.4,66.313,57.163,44.937
1374,1374,27.41,27.288,31.546,38.52,47.372,62.213,52.505,45.854,43.663,1374,1374,27.157,28.983,23.591,35.403,44.448,59.901,51.529,47.203,46.526,1374,1374,9.9136,19.188,27.476,36.136,44.011,56.147,62.99,59.031,46.111
1375,1375,32.019,21.929,31.07,37.205,46.056,62.359,51.863,47.262,46.32,1375,1375,31.121,22.489,28.992,35.664,48.191,60.519,51.792,47.349,46.824,1375,1375,7.7917,15.965,23.673,33.729,47.641,55.696,60.78,59.227,48.16
1376,1376,27.635,27.728,30.131,38.191,46.994,68.063,56.623,48.485,45.408,1376,1376,33.621,36.563,24.621,33.891,44.749,63.16,53.636,52.347,51.374,1376,1376,13.692,19.36,27.146,33.853,44.156,58.258,60.728,60.85,48.242
1377,1377,33.958,39.499,33.408,42.465,54.925,66.464,55.524,49.752,47.663,1377,1377,34.57,40.711,36.33,39.425,48.784,66.014,56.686,51.752,50.099,1377,1377,13.895,27.689,28.207,36.771,48.306,57.019,60.94,63.269,51.276
1378,1378,31.976,36.443,31.303,48.363,56.887,74.108,63.77,49.298,46.01,1378,1378,38.157,38.122,31.252,51.409,58.949,72.161,64.21,50.835,48.081,1378,1378,23.012,24.953,29.465,46.091,59.069,66.505,64.557,62.079,48.828
1379,1379,35.024,24.795,38.428,50.619,62.007,74.89,64.947,51.768,47.741,1379,1379,30.953,31.334,27.246,47.307,61.267,76.207,66.805,51.982,48.891,1379,1379,17.51,19.461,28.561,44.512,63.323,66.44,70.138,63.946,50.822
1380,1380,33.122,33.246,38.365,53.22,66.042,80.022,67.514,50.551,46.416,1380,1380,27.256,34.826,27.872,51.294,60.407,78.876,68.96,52.623,49.185,1380,1380,13.003,22.512,29.248,45.565,60.419,71.098,74.267,65.238,52.165
1381,1381,31.849,31.463,34.55,60.718,68.372,83.743,70.706,55.645,50.693,1381,1381,27.758,33.02,32.086,49.421,63.689,78.597,68.529,56.311,52.286,1381,1381,15.012,22.89,31.013,50.085,62.925,70.8,70.945,66.762,54.782
1382,1382,31.962,33.6,35.092,57.505,67.602,81.918,70.228,50.484,47.146,1382,1382,32.346,29.622,31.595,51.335,61.684,82.28,71.183,51.952,48.384,1382,1382,10.596,19.98,26.954,44.971,63.736,74.101,74.881,65.724,51.205
1383,1383,31.599,31.624,37.087,57.9,69.287,83.644,71.74,47.795,47.041,1383,1383,32.953,35.431,32.151,56.308,64.009,80.138,69.014,50.084,45.998,1383,1383,12.259,17.729,29.532,51.706,62.867,73.107,71.481,65.24,51.79
1384,1384,28.521,42.403,35.9,55.633,65.592,78,66.542,43.522,44.062,1384,1384,34.801,38.197,29.334,51.5,61.246,75.695,66.52,46.018,42.435,1384,1384,20.428,29.257,32.77,52.626,61.212,67.908,67.989,62.598,48.816
1385,1385,36.11,38.445,30.956,46.172,59.115,77.76,65.593,43.13,44.587,1385,1385,40.376,33.824,30.584,48.301,58.998,73.345,62.658,45.416,41.047,1385,1385,26.744,22.967,32.276,52.015,61.434,63.719,63.002,62.644,48.681
1386,1386,31.911,34.854,32.167,46.749,56.397,74.243,61.506,39.363,42.192,1386,1386,33.928,29.422,29,39.416,56.399,69.187,58.81,41.53,39.817,1386,1386,19.931,21.792,28.388,47.665,60.285,61.107,60.969,58.481,45.144
1387,1387,32.396,29.551,25.331,37.306,50.109,64.077,52.99,37.012,43.279,1387,1387,32.198,31.333,29.516,33.434,50.681,64.07,54.798,39.881,38.633,1387,1387,12.652,20.641,27.288,41.22,53.147,57.126,54.599,56.552,44.67
1388,1388,24.307,15.714,28.743,38.775,50.068,64.949,54.486,38.026,40.176,1388,1388,30.251,29.032,30.263,37.511,48.787,64.569,55.16,39.509,38.391,1388,1388,6.7556,12.713,32.091,38.382,51.294,55.765,54.757,55.503,44.506
1389,1389,30.807,33.32,33.801,40.796,47.866,59.79,50.221,37.86,42.488,1389,1389,28.987,33.408,35.688,38.274,48.811,64.818,55.3,38.627,38.735,1389,1389,16.018,22.327,23.835,41.015,50.751,55.426,56.537,53.872,43.595
1390,1390,37.012,32.434,31.463,39.131,48.565,64.136,53.119,40.44,42.433,1390,1390,32.711,38.128,35.943,38.273,47.723,65.3,55.073,40.224,39.054,1390,1390,21.442,21.085,29.326,35.93,47.102,56.623,55.819,56.851,46.065
1391,1391,30.387,30.067,28.499,40.112,48.979,65.736,55.478,42.233,45.53,1391,1391,41.305,39.348,34.564,38.818,44.567,63.207,53.621,41.954,40.737,1391,1391,24.488,26.257,28.628,40.14,49.223,57.551,56.694,57.628,48.145
1392,1392,34.328,29.31,30.949,40.034,48.93,65.959,55.716,39.66,41.074,1392,1392,38.111,39.229,33.034,37.475,47.514,63.753,52.971,40.202,39.366,1392,1392,22.836,20.69,29.358,38.545,48.266,56.196,56.57,55.551,45.023
1393,1393,33.281,34.69,32.361,38.576,49.739,66.374,55.819,39.639,43.248,1393,1393,37.635,38.13,32.512,37.055,49.243,63.196,53.207,41.551,39.274,1393,1393,23.036,26.733,29.599,40.183,50.719,56.236,56.581,58.383,46.029
1394,1394,35.032,26.378,30.842,37.882,48.983,65.826,54.9,41.054,41.112,1394,1394,34.372,34.149,30.494,37.903,46.85,64.285,53.66,42.063,39.138,1394,1394,22.329,22.624,30.416,39.778,48.822,58.137,58.09,59.9,45.895
1395,1395,37.079,37.68,32.802,39.775,49.043,64.883,53.023,39.474,42.728,1395,1395,38.568,37.629,28.181,37.306,46.473,67.638,57.272,42.025,39.835,1395,1395,25.781,27.166,24.063,35.686,47.722,58.544,58.331,59.986,45.291
1396,1396,38.493,29.667,29.338,39.247,51.345,69.549,58.241,40.33,40.628,1396,1396,38.527,35.687,29.294,39.175,49.721,69.297,58.993,43.458,39.525,1396,1396,25.713,17.702,27.814,40.892,51.718,58.996,58.907,60.874,46.662
1397,1397,30.228,23.815,25.808,42.15,57.481,71.608,59.626,40.24,43.105,1397,1397,30.269,21.915,33.185,41.682,59.794,72.103,61.788,42.147,39.88,1397,1397,15.976,18.485,26.463,43.493,61.319,60.477,59.08,58.13,46.255
1398,1398,25.952,25.603,23.31,42.757,52.618,70.663,60.008,39.893,41.128,1398,1398,24.315,13.624,35.269,38.603,51.449,66.871,57.061,42.418,40.802,1398,1398,9.825,15.787,32.877,43.255,51.499,58.536,59.79,58.215,45.486
1399,1399,31.336,31.365,34.915,50.779,56.898,71.499,60.472,42.497,43.682,1399,1399,35.543,34.311,33.099,40.307,54.755,68.668,59.624,44.571,40.87,1399,1399,21.18,23.76,27.702,42.359,56.488,60.022,64.599,60.647,47.881
1400,1400,35.07,34.597,31.803,53.884,62.832,76.486,64.984,42.547,41.026,1400,1400,41.451,37.851,31.844,47.455,57.022,71.807,62.792,45.156,41.145,1400,1400,26.897,24.612,29.981,46.555,59.887,63.201,65.88,60.884,48.027
1401,1401,33.15,34.388,35.608,55.488,63.978,78.032,66.23,46.915,45.352,1401,1401,33.056,30.106,33.119,49.551,59.551,78.428,68.325,48.832,43.205,1401,1401,18.934,21.63,31.96,48.725,60.42,67.677,70.35,63.614,48.987
1402,1402,32.178,35.713,34.973,52.941,63.866,77.557,65.321,48.031,44.489,1402,1402,39.729,39.196,31.223,50.43,58.782,73.708,64.571,49.641,45.264,1402,1402,20.574,25.786,24.53,50.768,59.101,64.779,71.874,62.963,49.013
1403,1403,37.677,36.888,35.317,58.552,66.084,81.775,70.206,52.983,49.293,1403,1403,36.185,39.383,29.716,53.027,63.662,78.663,68.254,55.38,52.761,1403,1403,22.062,26.243,28.35,50.948,62.155,71.202,76.108,65.374,52.861
1404,1404,37.677,25.839,33.822,56.75,63.873,82.087,71.446,53.843,49.071,1404,1404,39.377,35.991,26.654,53.545,61.902,77.829,69.184,56.488,51.566,1404,1404,25.695,21.757,31.827,50.447,61.028,71.357,78.053,69.22,54.422
1405,1405,31.754,30.683,34.693,50.739,66.144,85.211,75.375,59.721,55.186,1405,1405,36.077,38.332,29.673,50.769,63.35,82.828,73.248,61.641,58.745,1405,1405,19.075,26.439,32.253,49.266,61.948,75.39,78.849,70.698,57.83
1406,1406,32.597,20.395,33.3,55.127,62.735,81.759,72.667,59.285,54.543,1406,1406,37.89,29.197,29.081,54.751,62.912,80.62,72.267,61.604,57.957,1406,1406,23.651,12.108,31.478,47.995,63.036,73.638,77.476,71.173,58.053
1407,1407,24.564,23.698,36.591,44.913,63.456,80.389,70.579,58.814,54.136,1407,1407,27.466,26.661,32.684,45.2,62.523,78.267,69.064,60.532,56.272,1407,1407,13.872,18.463,32.606,48.441,61.676,72.368,75.895,72.149,57.079
1408,1408,29.528,38.622,30.769,43.631,63.635,79.339,69.909,62.82,58.449,1408,1408,31.162,39.881,36.015,47.31,62.508,77.144,67.778,65.5,62.539,1408,1408,18.688,27.852,36.316,48.714,63.818,73.156,78.27,74.962,59.783
1409,1409,36.662,41.987,30.074,44.8,61.822,76.383,66.682,61.677,55.976,1409,1409,39.444,46.155,34.52,45.451,65.462,74.509,67.622,64.066,60.472,1409,1409,25.573,33.318,30.379,48.268,66.839,70.195,78.981,75.965,59.719
1410,1410,41.21,36.764,33.51,42.73,63.552,77.736,69.176,66.512,58.349,1410,1410,42.728,37.273,35.046,45.582,62.489,77.75,69.369,68.15,63.903,1410,1410,28.991,24.132,31.302,47.028,65.096,71.823,81.917,81.051,62.956
1411,1411,36.079,31.548,34.557,47.301,63.317,79.629,72.281,71.747,63.668,1411,1411,40.063,37.281,34.063,48.831,65.04,83.502,75.38,72.985,68.299,1411,1411,25.341,21.872,34.307,46.404,67.164,77.149,88.719,86.81,69.931
1412,1412,29.877,24.802,32.275,48.812,64.124,80.239,81.828,80.134,72.797,1412,1412,38.624,33.268,35.916,46.288,66.447,81.701,80.769,79.615,72.231,1412,1412,23.704,19.928,30.247,50.181,67.769,79.705,99.34,95.905,77.015
1413,1413,18.244,23.932,31.085,52.671,65.829,81.748,82.889,85.489,79.674,1413,1413,28.769,26.868,33.801,50.257,67.326,81.274,80.883,82.437,74.705,1413,1413,16.297,26.142,36.606,53.124,69.79,80.876,100.56,99.01,82.522
1414,1414,24.111,28.547,33.959,48.971,65.971,83.439,85.861,88.764,83.1,1414,1414,30.07,29.005,31.763,49.643,67.099,86.615,83.051,84.892,78.895,1414,1414,21.77,25.514,35.505,49.832,68.321,83.516,102.67,102.93,86.116
1415,1415,25.278,19.026,31.057,48.244,68.268,87.564,89.883,93.44,84.024,1415,1415,28.315,15.407,29.344,48.989,67.419,87.243,88.79,90.182,84.155,1415,1415,23.927,31.767,38.464,52.477,68.836,91.06,106.45,106.37,87.815
1416,1416,23.971,32.252,39.075,50.476,70.288,91.794,93.022,95.854,87.739,1416,1416,19.842,27.975,33.399,50.129,68.961,89.192,91.051,91.357,84.472,1416,1416,25.711,28.358,41.202,55.638,70.185,95.056,109.9,109.39,91.053
1417,1417,34.017,40.54,33.573,53.734,72.701,92.404,92.687,95.551,87.415,1417,1417,35.331,32.858,32.983,51.507,71.85,93.19,91.759,92.021,83.823,1417,1417,32.023,32.579,45.484,55.812,71.945,96.206,110.42,109.55,91.132
1418,1418,36.105,40.167,32.666,53.473,72.085,93.572,91.819,94.481,86.296,1418,1418,40.974,38.872,32.656,52.36,70.946,93.283,90.161,91.289,83.465,1418,1418,37.393,41.706,42.475,53.263,71.011,96.752,108.86,109,90.586
1419,1419,38.96,34.063,32.762,47.206,66.339,89.423,81.433,76.791,71.041,1419,1419,42.542,43.746,34.725,50.986,65.521,88.889,83.054,78.483,68.909,1419,1419,37.908,32.086,38.396,49.445,67.664,90.793,97.844,93.103,74.79
1420,1420,37.969,34.249,27.299,43.679,57.687,81.184,73.402,67.473,61.631,1420,1420,39.515,37.968,31.754,43.195,60.094,82.193,79.761,65.077,58.19,1420,1420,32.279,21.162,31.645,45.404,59.666,81.998,87.407,82.828,65.542
1421,1421,28.762,25.5,29.928,41.79,55.173,74.865,67.867,61.233,56.016,1421,1421,24.685,31.234,28.084,40.804,58.668,78.349,73.814,61.549,58.43,1421,1421,26.313,21.278,29.043,42.873,59.474,79.276,83.045,75.368,60.653
1422,1422,20.231,22.724,28.969,39.815,56.12,77.031,67.385,57.043,51.756,1422,1422,27.569,30.321,28.871,42.072,59.556,78.721,72.74,57.832,55.418,1422,1422,22.951,16.44,31.773,40.843,59.146,77.431,80.095,71.686,55.453
1423,1423,22.822,21.927,33.552,40.727,57.037,75.609,66.14,55.232,49.906,1423,1423,28.689,26.58,26.48,40.596,58.742,77.473,68.667,57.895,55.855,1423,1423,17.936,17.923,27.724,46.069,58.833,73.351,74.789,67.953,54.483
1424,1424,11.252,24.533,29.92,41.734,56.837,74.69,65.368,54.024,50.047,1424,1424,32.719,29.589,31.897,40.117,56.088,75.472,66.051,57.076,54.321,1424,1424,17.929,20.513,28.871,42.689,56.958,67.991,74.894,68.29,54.397
1425,1425,27.909,31.707,29.92,43.921,56.908,74.293,64.58,53.822,48.592,1425,1425,27.967,26.893,27.978,38.666,55.328,72.181,63.436,52.471,49.775,1425,1425,15.077,11.687,27.761,39.704,58.253,65.585,74.401,63.421,52.373
1426,1426,30.595,34.342,33.184,42.135,57.797,74.352,65.374,51.261,45.708,1426,1426,28.751,30.726,33.713,38.046,52.322,67.258,61.348,49.292,47.068,1426,1426,10.078,19.936,28.551,39.802,54.97,64.505,71.721,62.631,48.498
1427,1427,23.252,27.553,34.609,42.729,57.559,77.083,67.322,48.607,45.23,1427,1427,30.528,26.591,27.476,39.786,59.168,71.049,62.998,48.461,46.349,1427,1427,15.476,19.063,30.51,41.2,58.116,67.721,74.554,60.139,46.641
1428,1428,23.522,25.957,33.254,41.764,59.579,75.845,66.813,44.73,44.689,1428,1428,26.923,29.201,28.213,41.616,62.087,74.416,65.736,46.243,43.9,1428,1428,7.4882,17.833,29.597,44.551,65.77,68.164,71.755,56.857,44.441
1429,1429,28.734,21.223,33.571,44.204,57.135,78.197,66.62,42.236,42.744,1429,1429,26.408,31.783,31.395,45.268,58.099,73.751,63.746,42.234,41.431,1429,1429,8.0948,17.329,27.984,46.518,59.171,65.694,69.416,54.779,42.606
1430,1430,25.546,27.952,30.608,41.229,57.907,72.406,62.125,42.49,44.855,1430,1430,26.001,31.025,25.274,42.845,58.022,73.802,63.925,43.408,41.779,1430,1430,10.018,17.457,26.061,43.751,59.215,63.402,68.949,58.633,45.251
1431,1431,30.429,28.489,26.333,39.992,54.92,72.94,61.621,41.962,42.39,1431,1431,34.477,31.742,25.781,40.936,55.185,74.468,63.925,44.715,42.188,1431,1431,11.568,14.544,33.11,42.573,56.566,65.534,67.647,59.349,46.829
1432,1432,29.14,25.06,26.838,36.149,53.199,66.727,56.229,44.883,44.525,1432,1432,32.677,23.124,32.197,38.234,54.525,71.762,60.801,48.301,43.243,1432,1432,10.054,20.09,29.823,37.727,54.403,60.547,66.93,63.277,51.259
1433,1433,22.461,26.06,26.087,37.763,53.998,73.01,61.712,42.562,43.163,1433,1433,26.754,30.044,31.642,39.878,55.273,74.794,64.513,45.21,43.454,1433,1433,3.9307,22.404,25.646,44.046,53.708,63.323,64.854,57.3,46.662
1434,1434,23.116,27.667,31.63,36.845,53.716,68.888,58.04,42.212,44.488,1434,1434,27.152,29.197,34.781,38.818,52.214,67.921,56.703,44.017,42.582,1434,1434,3.3657,24.826,28.845,40.958,52.157,60.333,61.268,56.591,46.476
1435,1435,30.719,28.143,30.287,37.1,50.776,72.92,61.852,43.446,43.313,1435,1435,34.17,34.066,28.678,35.993,48.363,68.098,58.585,45.768,43.823,1435,1435,9.3189,23.254,27.796,39.325,50.961,59.652,59.648,58.332,48.187
1436,1436,24.622,23.964,34.024,40.356,49.202,69.544,58.255,40.404,44.164,1436,1436,27.09,30.33,31.553,36.748,48.909,65.676,55.851,42.911,42.019,1436,1436,5.5148,19.846,30.458,38.572,52.437,59.472,57.863,56.256,45.106
1437,1437,21.366,28.895,29.759,42.316,49.699,68.485,56.935,38.43,42.427,1437,1437,26.053,33.625,31.424,39.213,48.19,63.803,54.069,40.194,40.681,1437,1437,6.3464,22.786,27.277,38.855,50.709,58.314,56.267,55.542,43.864
1438,1438,30.969,18.236,26.801,39.656,47.19,58.145,46.532,38.802,44.804,1438,1438,34.96,31.857,29.274,37.91,48.387,58.354,48.449,40.278,40.868,1438,1438,8.495,28.489,29.198,37.898,53.068,50.739,54.534,56.066,43.639
1439,1439,23.284,23.825,26.588,35.449,48.175,55.42,43.99,38.705,42.274,1439,1439,27.165,31.258,32.163,40.766,47.823,57.625,47.877,38.985,40.406,1439,1439,6.5026,31.129,30.791,39.408,52.79,51.39,52.545,54.744,42.769
1440,1440,24.54,23.629,29.888,40.57,51.762,61.968,51.047,43.471,44.415,1440,1440,27.889,35.595,30.699,37.879,50.616,60.872,51.071,43.428,43.483,1440,1440,4.5879,28.418,31.807,37.967,54.51,57.618,58.304,55.467,44.735
1441,1441,22.211,29.35,30.173,38.588,54.234,66.124,54.436,42.788,43.493,1441,1441,24.719,26.95,28.826,43.006,56.418,65.593,55.792,42.531,42.278,1441,1441,2.8103,21.662,31.088,45.7,59.297,60.864,61.675,56.404,44.033
1442,1442,26.954,23.332,31.193,43.242,53.699,65.559,55.216,44.387,44.941,1442,1442,24.211,33.571,31.136,43.196,55.115,68.567,59.259,47.25,46.705,1442,1442,2.8527,22.729,29.647,41.815,58.275,62.388,63.544,57.124,44.98
1443,1443,21.785,30.708,29.503,38.223,49.632,60.146,50.222,46.549,44.311,1443,1443,21.519,29.948,31.645,41.401,52.174,61.498,51.305,47.876,46.232,1443,1443,7.5518,15.811,30.882,41.438,51.902,55.719,56.323,57.669,46.058
1444,1444,26.785,25.529,28.289,35.029,50.718,61.835,50.423,47.719,45.373,1444,1444,27.366,30.886,33.142,39.517,50.979,60.579,51.573,48.658,46.574,1444,1444,9.0229,15.352,33.231,43.252,54.78,56.051,61.182,62.328,48.296
1445,1445,32.797,33.61,30.682,41.475,49.842,63.565,49.733,52.097,48.677,1445,1445,36.519,37.448,33.513,43.653,50.835,62.721,54.052,52.112,49.259,1445,1445,20.625,25.708,28.069,42.47,52.33,58.63,65.459,66.924,52.386
1446,1446,34.759,26.375,31.193,45.119,60.976,73.755,65.96,71.234,66.06,1446,1446,37.437,29.458,27.79,42.205,59.089,73.188,66.397,67.408,62.629,1446,1446,22.303,26.385,29.298,44.223,62.297,69.74,80.454,84.609,67.188
1447,1447,28.665,25.48,36.478,46.961,57.997,75.995,68.367,70.586,65.741,1447,1447,30.242,29.496,31.947,47.051,58.292,72.052,65.686,70.323,66.818,1447,1447,15.504,19.65,34.724,45.213,61.902,70.942,82.829,85.927,70.44
1448,1448,24.944,23.477,35.315,47.349,60.234,77.937,67.837,69.117,63.632,1448,1448,18.761,23.775,32.221,44.763,57.329,74.289,67.883,67.33,61.019,1448,1448,5.5647,18.396,34.709,45.216,58.575,69.841,83.178,83.759,66.041
1449,1449,20.924,25.768,35.828,47.792,61.242,76.952,65.348,54.32,49.64,1449,1449,26.365,29.901,32.004,43.387,61.363,77.833,67.494,55.651,51.411,1449,1449,7.8859,24.431,27.217,42.758,63.275,66.872,73.575,71.15,54.196
1450,1450,20.441,32.634,37.466,50.743,60.533,75.996,64.72,51.263,46.028,1450,1450,30.527,25.033,31.399,44.175,59.335,74.953,65.441,51.941,48.166,1450,1450,13.924,24.017,30.881,44.479,61.295,65.488,69.197,67.767,52.883
1451,1451,31.324,32.441,33.793,52.258,63.239,76.501,64.176,51.96,47.964,1451,1451,32.22,36.685,29.194,50.766,59.945,74.628,64.488,53.658,50.46,1451,1451,19.521,17.094,28.666,48.013,61.479,65.894,68.025,65.406,51.528
1452,1452,31.354,26.618,36.061,54.094,63.606,77.751,66.024,71.984,68.828,1452,1452,34.455,34.724,26.339,51.859,61.419,76.918,66.801,63.491,60.54,1452,1452,21.355,24.3,32.216,47.788,63.013,67.946,73.358,81.482,70.89
1453,1453,24.312,27.037,35.125,48.919,62.853,74.681,63.54,59.288,56.412,1453,1453,29.576,32.764,35.987,47.698,59.546,75.491,65.809,51.441,47.893,1453,1453,15.244,23.313,33.111,47.309,61.509,66.738,68.539,69.498,58.019
1454,1454,32.566,26.808,33.29,49.64,61.604,79.084,67.459,47.788,47.417,1454,1454,29.784,32.112,32.632,48.642,59.629,76.542,66.549,48.873,45.781,1454,1454,16.18,20.368,30.42,45.966,60.776,66.108,69.646,66.172,53.875
1455,1455,32.05,30.147,34.363,54.568,62.621,74.674,62.966,60.468,58.161,1455,1455,35.209,35.252,32.704,51.205,60.189,72.985,62.653,55.57,53.258,1455,1455,20.83,29.76,36.936,50.833,63.458,64.612,67.013,72.37,60.177
1456,1456,35.084,35.578,45.219,59.314,67.583,77.154,66.219,65.464,57.792,1456,1456,37.483,34.657,34.717,53.074,62.924,75.013,66.157,60.549,55.716,1456,1456,18.062,28.255,39.301,50.23,62.19,66.008,65.435,62.481,52.622
1457,1457,33.152,37.047,51.09,61.932,68.031,74.257,63.427,57.039,49.406,1457,1457,32.903,30.123,39.489,52.703,63.504,75.528,66.951,59.856,52.974,1457,1457,16.242,34.192,35.116,52.542,63.945,63.869,61.97,59.96,48.032
1458,1458,38.984,47.027,47.529,44.163,55.153,69.105,56.379,39.537,42.232,1458,1458,34.037,33.712,35.705,47.129,58.12,64.966,54.549,39.757,38.867,1458,1458,25.629,31.954,33.918,44.936,61.152,58.985,57.981,56.233,44.316
1459,1459,41.408,39.905,41.346,47.2,52.892,64.432,55.802,45.712,44.25,1459,1459,38.608,31.603,37.14,48.019,55.062,65.26,55.355,39.947,38.138,1459,1459,26.851,26.566,33.069,45.235,56.584,57.494,57.995,54.829,43.03
1460,1460,33.173,37.582,47.807,54.536,58.206,77.602,70.208,70.109,65.754,1460,1460,33.338,30.922,44.734,52.831,57.729,76.189,69.721,69.743,63.837,1460,1460,19.373,35.114,41.462,44.862,57.074,62.486,58.169,58.874,58.73
1461,1461,36.254,39.719,32.912,41.751,51.096,60.657,49.888,37.711,43.1,1461,1461,37.197,30.131,29.694,40.698,52.392,64.1,54.261,37.791,38.494,1461,1461,24.362,31.509,33.129,38.853,53.362,54.86,57.478,53.726,42.279
1462,1462,32.618,30.804,30.783,40.859,49.205,64.097,53.183,45.975,44.136,1462,1462,36.318,30.184,29.448,41.231,49.287,63.957,54.896,42.614,40.581,1462,1462,22.946,27.355,37.74,44.443,51.221,55.654,58.081,61.104,48.596
1463,1463,30.567,32.534,31.793,41.398,49.971,61.561,50.994,39.555,43.274,1463,1463,24.58,25.923,28.638,38.375,49.473,61.753,51.899,37.998,37.741,1463,1463,13.769,26.975,34.046,42.618,49.781,55.472,56.848,54.374,44.189
1464,1464,25.75,30.412,29.701,39.078,47.197,58.392,48.545,36.992,40.793,1464,1464,30.377,20.445,32.688,37.325,46.248,59.001,48.216,36.366,37.616,1464,1464,15.085,24.133,32.501,38.2,49.803,53.451,55.467,54.196,41.38
1465,1465,27.628,30.347,29.305,40.956,48.395,60.002,50.142,37.289,42.86,1465,1465,33.024,24.397,34.572,39.547,46.15,58.438,48.354,36.198,38.041,1465,1465,16.542,20.24,32.55,41.003,45.375,54.579,55.617,54.628,40.993
1466,1466,28.609,26.99,27.188,41.967,47.402,56.762,46.581,37.049,40.689,1466,1466,33.381,27.912,32.723,39.405,44.513,55.754,45.925,38.134,37.586,1466,1466,11.292,15.591,30.646,41.447,43.454,51.353,55.138,56.613,41.582
1467,1467,29.963,39.147,32.312,41.281,48.168,63.025,51.351,37.386,43.243,1467,1467,32.479,38.355,36.661,41.748,46.858,64.647,54.547,39.375,38.1,1467,1467,17.392,27.605,30.564,40.274,46.77,54.659,55.541,57.273,42.571
1468,1468,39.709,38.664,30.34,40.063,48.856,63.69,52.357,37.446,38.779,1468,1468,42.876,36.201,31.416,38.46,46.66,63.779,53.9,39.352,37.302,1468,1468,29.135,26.421,32.251,39.798,48.764,55.962,54.387,57.045,42.464
1469,1469,35.847,30.293,31.32,41.296,49.126,62.84,51.369,38.184,42.857,1469,1469,41.846,28.426,31.203,41.674,47.284,65.255,55.262,38.235,38.424,1469,1469,26.998,21.194,29.125,40.964,48.802,56.736,53.746,53.064,41.488
1470,1470,28.048,25.224,31.105,40.057,50.947,57.941,47.611,38.767,41.363,1470,1470,34.094,30.658,29.623,40.163,46.915,60.707,49.813,38.661,37.979,1470,1470,20.973,16.011,29.842,37.43,48.222,52.042,52.215,53.644,41.548
1471,1471,25.473,23.386,22.891,36.319,48.957,58.778,47.924,36.958,42.952,1471,1471,31.331,30.838,31.484,39.193,47.325,58.119,48.243,38.245,38.765,1471,1471,14.931,20.569,31.847,38.797,44.98,52.497,53.128,53.219,40.86
1472,1472,22.926,22.827,31.533,40.134,48.461,57.971,46.361,36.747,40.876,1472,1472,19.106,22.578,28.864,41.935,45.262,58.867,48.476,37.925,37.539,1472,1472,8.0245,18.427,32.808,41.403,45.227,52.633,52.438,53.442,42.133
1473,1473,10.988,25.146,31.584,40.714,47.756,57.196,45.428,36.105,43.109,1473,1473,21.566,20.138,30.927,43.184,50.497,58.275,48.617,36.153,37.083,1473,1473,11.838,16.613,31.07,42.591,49.939,50.3,51.489,52.402,40.908
1474,1474,20.508,18.167,34.991,41.059,46.08,55.71,44.03,34.269,39.645,1474,1474,21.7,27.699,28.503,39.695,47.796,58.131,48.455,34.606,36.458,1474,1474,7.5593,17.416,24.222,40.858,47.049,48.434,50.716,50.63,39.661
1475,1475,18.883,21.168,31.759,39.122,43.058,57.204,46.506,36.742,42.571,1475,1475,20.431,22.881,28.379,39.042,44.353,55.907,47.61,35.935,37.841,1475,1475,1.6257,17.653,30.147,35.193,44.056,48.745,50.826,49.496,40.22
1476,1476,13.528,20.549,29.871,39.906,42.8,55.379,44.667,34.394,39.498,1476,1476,16.584,20.391,27.928,36.505,44.643,55.079,45.294,35.062,36.99,1476,1476,6.7474,20.431,32.139,38.246,44.897,50.326,50.053,50.212,39.661
1477,1477,20.746,25.719,27.95,40.077,46.703,57.921,47.879,35.858,42.104,1477,1477,23.75,22.747,29.415,39.601,42.465,56.582,47.753,34.194,36.905,1477,1477,2.8118,21.675,30.43,34.58,46.253,48.236,49.458,49.196,39.494
1478,1478,24.975,24.263,30.492,41.062,47.503,53.495,44.067,34.057,38.989,1478,1478,28.999,26.186,27.058,39.555,46.942,56.808,47.641,35.845,36.995,1478,1478,-0.24079,17.755,27.613,37.035,48.432,51.136,49.971,49.215,38.999
1479,1479,22.38,20.849,31.99,41.554,45.125,54.643,44.413,35.831,42.432,1479,1479,24.854,27.868,27.379,38.752,47.516,54.989,45.217,35.123,37.491,1479,1479,3.9485,19.556,29.949,38.155,49.175,50.378,48.736,50.738,39.884
1480,1480,24.127,27.423,28.236,37.598,43.982,53.97,43.004,32.837,38.957,1480,1480,26.588,26.474,29.585,37.218,44.002,54.473,43.745,33.008,36.428,1480,1480,4.9281,17.518,34.622,39.048,45.774,47.588,47.499,48.158,39.127
1481,1481,23.051,23.234,32.377,38.145,42.527,54.205,44.454,53.507,51.671,1481,1481,27.102,23.236,24.549,39.346,42.367,55.255,46.042,49.534,47.511,1481,1481,0.85349,19.672,29.751,36.21,44.348,49.833,53.033,64.752,55.584
1482,1482,16.101,22.555,33.169,38.133,45.203,51.534,41.341,39.43,41.319,1482,1482,20.026,22.899,23.418,37.384,43.523,52.598,44.381,36.412,38.408,1482,1482,4.2791,18.269,31.895,35.951,42.863,49.549,50.429,50.997,43.154
1483,1483,15.259,30.389,34.81,41.838,46.293,55.037,44.104,50.163,48.975,1483,1483,20.569,29.959,26.829,38.995,43.574,53.071,45.095,46.71,42.559,1483,1483,3.1057,29.318,32.827,42.114,46.686,50.617,57.384,68.543,57.364
1484,1484,22.46,27.511,22.455,36.594,40.74,51.491,40.24,42.625,42.214,1484,1484,15.333,30.739,27.936,33.763,41.872,51.972,43.423,40.923,40.284,1484,1484,14.712,29.412,32.717,36.744,43.336,47.705,51.551,55.566,46.399
1485,1485,24.489,25.152,29.561,34.958,42.616,50.958,40.765,51.542,50.202,1485,1485,23.339,27.194,26.367,37.468,45.786,54.277,45.55,48.201,47.893,1485,1485,16.485,26.145,31.539,35.926,44.274,48.022,56.338,66.038,55.835
1486,1486,26.71,24.178,27.97,36.919,44.022,53.629,42.625,47.748,46.798,1486,1486,27.955,26.703,25.562,38.379,48.529,51.35,43.325,45.788,45.877,1486,1486,19.374,24.846,26.568,36.301,47.771,48.302,51.171,58.613,50.508
1487,1487,23.108,21.148,26.565,33.183,40.642,50.577,39.839,48.754,48.685,1487,1487,25.361,28.744,28.612,39.554,43.319,50.043,41.659,49.17,48.342,1487,1487,13.613,27.471,33.596,36.969,43.757,47.853,53.321,63.925,53.689
1488,1488,23.467,26.089,31.886,35.408,41.057,57.773,47.485,49.582,48.383,1488,1488,19.419,28.339,33.649,39.368,46.716,57.085,47.94,45.162,43.419,1488,1488,0.71783,24.557,34.539,39.35,45.259,50.57,56.305,63.336,54.216
1489,1489,31.385,31.941,30.015,39.981,45.781,55.734,44.915,51.273,49.888,1489,1489,32.761,35.378,30.142,39.685,44.963,55.087,45.013,48.71,47.44,1489,1489,18.266,25.089,29.486,39.04,45.151,50.296,50.826,61.2,52.582
1490,1490,28.674,32.131,30.445,37.812,45.931,58.457,47.943,36.605,39.077,1490,1490,35.07,33.138,33.189,40.304,45.499,58.168,48.64,35.241,37.162,1490,1490,16.832,25.649,31.04,37.581,44.124,49.509,50.489,51.868,40.103
1491,1491,33.605,32.551,30.999,42.073,48.605,56.919,46.012,36.999,40.718,1491,1491,38.945,37.519,35.506,39.011,45.679,56.103,46.18,37.073,37.005,1491,1491,22.956,25.517,30.128,38.001,43.869,48.444,51.09,52.739,39.908
1492,1492,35.533,29.139,30.878,44.068,48.444,57.408,46.284,37.368,41.614,1492,1492,35.626,36.079,29.967,44.55,48.427,55.119,45.853,36.965,38.126,1492,1492,22.9,26.671,32.049,39.246,48.85,48.828,50.429,50.889,39.571
1493,1493,21.736,28.207,26.981,39.186,45.811,57.157,46.598,36.789,38.681,1493,1493,33.06,33.243,33.167,44.91,50.163,53.279,45.328,37.318,37.957,1493,1493,17.401,23.12,30.834,38.742,47.082,49.559,50.113,51.032,38.959
1494,1494,22.427,23.842,28.97,40.084,47.524,59.612,49.385,38.413,42.206,1494,1494,30.303,28.614,29.931,38.241,47.427,57.389,48.777,38.932,38.174,1494,1494,13.304,17.306,28.248,40.76,46.814,53.248,55.206,52.693,40.298
1495,1495,18.584,23.69,27.125,40.057,46.228,58.31,48.519,37.978,39.923,1495,1495,29.41,28.105,30.213,40.055,46.719,62.473,52.22,39.865,38.544,1495,1495,10.489,19.676,30.992,38.391,46.983,51.605,54.427,55.657,42.083
1496,1496,24.196,25.244,24.919,40.531,49.733,69.452,59.343,41.938,43.042,1496,1496,28.788,27.378,27.791,43.194,48.964,65.144,55.091,42.118,39.376,1496,1496,8.6656,21.321,30.667,38.167,47.492,57.756,56.08,57.599,43.336
1497,1497,19.388,29.331,32.944,44.448,48.875,67.163,57.611,41.518,40.878,1497,1497,24.854,22.094,31.109,50.448,54.711,66.662,57.559,43.427,39.487,1497,1497,4.3486,19.34,28.833,37.738,44.562,57.769,56.176,57.623,43.07
1498,1498,29.688,27.888,29.901,45.391,52.36,67.663,56.762,42.108,43.852,1498,1498,32.45,28.391,31.902,47.087,52.13,65.21,57.127,43.131,39.55,1498,1498,8.7847,20.09,32.505,42.033,47.998,58.484,58.258,57.86,42.96
1499,1499,24.541,27.575,29.943,44.992,51.892,67.038,55.359,44.451,41.872,1499,1499,29.105,29.963,35.262,47.28,53.22,65.04,54.883,44.058,39.421,1499,1499,9.2155,20.334,30.371,44.037,48.869,58.607,57.446,59.069,44.286
1500,1500,20.268,27.248,30.262,41.271,49.788,65.283,53.906,40.27,43.265,1500,1500,24.867,32.256,35.105,43.49,50.577,65.372,55.307,41.302,40.17,1500,1500,8.2945,19.217,25.061,39.607,48.343,56.806,56.817,54.06,43.017
1501,1501,13.445,27.178,30.438,38.821,46.799,61.105,51.736,39.809,40.964,1501,1501,19.64,25.368,31.306,46.039,49.612,59.411,50.437,40.49,39.949,1501,1501,3.0586,16.355,25.802,38.338,48.255,54.949,57.153,52.199,42.383
1502,1502,16.301,22.267,31.746,41.38,49.82,64.238,53.15,40.676,43.275,1502,1502,16.524,18.175,28.768,44.063,49.318,59.878,51.177,43.117,41.627,1502,1502,-2.0119,22.618,26.101,36.167,44.611,54.963,59.477,54.807,43.221
1503,1503,17.961,20.766,34.087,41.253,53.109,66.504,55.322,40.814,41.464,1503,1503,18.787,24.239,30.495,39.164,49.006,66.998,57.382,43.718,40.97,1503,1503,2.0859,19.72,29.175,40.091,50.421,60.308,64.551,56.267,44.647
1504,1504,12.952,20.259,26.964,40.093,57.694,80.58,69.171,51.914,48.364,1504,1504,14.709,24.519,27.292,39.672,52.783,70.769,63.506,56.233,54.311,1504,1504,0.37013,19.285,29.485,42.338,53.206,66.453,72.273,67.525,54.504
1505,1505,17.244,19.477,32.017,44.976,59.551,82.098,70.16,58.938,54.709,1505,1505,17.643,23.209,29.829,41.57,54.61,76.162,67.288,62.055,60.222,1505,1505,7.9289,20.535,27.392,42.309,55.839,70.899,75.757,71.244,58.479
1506,1506,21.084,25.069,31.095,47.219,61.418,82.441,71.398,61.747,55.899,1506,1506,21.366,19.797,26.041,45.703,57.497,75.687,68.98,62.46,60.386,1506,1506,6.2498,12.284,28.275,45.155,59.87,71.077,79.816,76.175,60.406
1507,1507,15.533,20.035,35.208,44.524,62.335,82.401,71.294,59.53,54.248,1507,1507,19.805,21.86,32.345,49.475,60.659,77.327,68.761,63.305,61.355,1507,1507,3.3226,12.293,29.314,46.473,60.476,72.126,78.069,75.598,58.921
1508,1508,14.139,14.929,27.938,45.549,62.666,79.662,69.618,61.238,55.102,1508,1508,16.995,25.292,26.226,46.354,59.484,76.363,66.557,62.731,60.213,1508,1508,3.1005,7.9287,24.972,47.718,60.785,70.605,75.287,75.741,60.126
1509,1509,16.432,31.008,34.724,43.217,55.84,68.023,58.603,63.49,58.765,1509,1509,20.616,32.403,31.43,45.806,57.302,69.753,59.955,66.646,64.514,1509,1509,5.476,21.08,32.551,43.651,58.405,62.038,69.811,76.153,61.03
1510,1510,29.006,30.189,28.319,42.227,59.489,67.835,61.014,64.026,57.596,1510,1510,32.965,33.991,26.815,45.274,59.761,73.197,65.937,67.923,65.887,1510,1510,11.243,20.412,34.654,43.87,59.211,63.248,75.548,79.653,62.559
1511,1511,26.972,14.939,25.493,38.947,55.163,74.969,69.311,69.432,64.054,1511,1511,29.914,22.074,32.707,40.409,60.055,80.437,71.994,71.38,68.311,1511,1511,10.696,8.3532,28.369,39.518,60.171,69.765,83.855,86.222,69.016
1512,1512,14.382,15.893,27.963,41.346,58.937,76.327,72.898,73.133,66.666,1512,1512,16.478,20.311,27.761,44.196,63.087,81.825,74.413,74.683,70.616,1512,1512,7.1795,19.707,29.215,43.987,62.273,73.328,87.924,92.941,74.398
1513,1513,18.133,15.876,28.727,40.556,61.07,78.457,77.284,83.73,78.678,1513,1513,21.88,21.536,29.046,43.27,65.109,85.146,79.712,81.08,74.971,1513,1513,9.1526,21.279,27.004,44.634,65,78.911,94.703,100.63,84.297
1514,1514,17.057,25.914,28.549,44.329,65.794,85.636,87.153,91.834,85.342,1514,1514,23.065,29.283,27.02,47.861,67.214,88.091,88.129,88.263,82.729,1514,1514,22.457,33.098,34.246,47.04,66.754,87.741,104.03,106.23,88.469
1515,1515,23.365,34.346,39.793,51.816,71.992,93.293,93.699,96.6,88.447,1515,1515,27.642,30.163,34.179,49.173,69.375,90.224,91.538,92.946,85.671,1515,1515,24.266,30.881,40.978,54.53,70.976,96.157,109.77,110.03,91.742
1516,1516,29.325,38.383,37.515,51.084,71.632,93.018,92.754,96.281,86.755,1516,1516,28.403,30.956,37.535,47.329,71.114,93.848,91.641,91.977,84.383,1516,1516,24.34,32.62,48.053,54.248,70.648,97.41,110.81,109.69,90.912
1517,1517,28.416,36.776,37.467,49.246,72.172,93.64,91.194,94.485,86.647,1517,1517,31.702,32.14,34.537,44.131,69.234,91.539,89.942,91.941,84.024,1517,1517,37.232,42.477,47.942,52.189,70.145,96.448,108.63,108.85,90.697
1518,1518,27.158,37.498,32.086,42.236,65.851,89.393,81.454,78.909,73.919,1518,1518,33.928,26.468,34.257,45.486,64.355,87.901,83.192,79.958,73.253,1518,1518,41.06,35.713,41.754,42.333,63.987,89.812,97.331,95.591,77.848
1519,1519,28.174,27.262,26.174,39.854,60.021,85.421,74.528,68.874,63.687,1519,1519,33.856,26.962,35.755,45.255,59.387,84.43,76.76,66.707,60.34,1519,1519,36.106,24.9,32.884,40.923,58.88,80.273,85.639,85.735,69.613
1520,1520,24.561,27.102,33.336,41.074,53.908,74.884,65.527,61.543,57.068,1520,1520,34.363,34.137,37.43,45.635,56.608,77.819,71.59,62.884,59.637,1520,1520,28.842,30.423,37.782,45.67,57.412,78.257,80.487,76.633,61.426
1521,1521,13.414,33.336,43.308,63.871,60.355,81.091,71.826,62.414,55.731,1521,1521,28.043,33.042,39.445,59.262,61.445,77.284,70.14,62.661,56.201,1521,1521,23.592,34.267,40.426,50.332,61.791,77.257,77.982,69.808,56.163
1522,1522,31.5,38.571,44.417,60.821,58.971,76.328,63.632,57.752,53.957,1522,1522,38.634,32.003,46.901,57.945,59.708,75.759,64.482,59.38,56.341,1522,1522,26.618,29.523,34.703,49.877,56.011,72.322,74.091,68.025,55.461
1523,1523,37.454,37.784,47.272,60.656,58.944,75.745,66.475,62.263,58.084,1523,1523,41.498,44.179,50.041,58.991,60.114,73.336,67.116,63.576,55.412,1523,1523,23.427,26.252,37.643,47.208,53.163,68.059,71.517,67.68,56.382
1524,1524,32.836,31.202,46.312,57.201,51.032,67.554,61.243,58.511,62.334,1524,1524,31.829,45.354,50.313,57.174,55.925,60.511,64.806,65.871,68.635,1524,1524,22.08,25.935,30.536,37.615,46.226,55.298,40.068,51.194,47.001
1525,1525,21.92,19.136,15.808,-0.86007,-57.568,-155.63,-369.46,-613.09,-1395.8,1525,1525,33.644,33.839,26.655,0.016759,-52.64,-165.91,-367.15,-606.48,-1389.5,1525,1525,24.654,18.982,6.2407,-15.147,-67.933,-162.06,-394.02,-631.97,-1411.8
1526,1526,18.46,7.0701,-6.8092,-54.448,-164.95,-370.59,-801.68,-1287.2,-2852.6,1526,1526,19.104,24.424,4.9146,-52.751,-160.04,-380.75,-800.62,-1280.6,-2846.1,1526,1526,13.534,7.9139,-15.307,-70.383,-175.17,-376.8,-827.52,-1306.1,-2868.5
1527,1527,14.218,-3.18,-28.056,-108.86,-272.29,-585.58,-1234.3,-1961.3,-Inf,1527,1527,14.227,14.512,-16.515,-107.85,-267.48,-595.57,-1234.8,-1954.8,-Inf,1527,1527,10.761,-2.5139,-36.968,-122.85,-282.42,-591.52,-1259.6,-1980.2,-Inf
1528,1528,9.274,-13.467,-49.477,-161.71,-379.58,-800.57,-1668.3,-2635.4,-Inf,1528,1528,8.3741,4.2263,-38.1,-160.22,-374.95,-810.35,-1667.5,-2628.9,-Inf,1528,1528,2.9927,-12.988,-58.733,-177.7,-389.69,-806.23,-1692.6,-2654.3,-Inf
1529,1529,3.0256,-24.09,-71.057,-216.76,-486.85,-1015.6,-2102.1,-Inf,-Inf,1529,1529,1.3081,-6.2101,-59.807,-215.46,-482.45,-1025.1,-2099.7,-Inf,-Inf,1529,1529,-0.53157,-23.008,-80.429,-230.73,-496.99,-1020.9,-2126.8,-Inf,-Inf
1530,1530,-0.15291,-34.502,-92.758,-269.16,-594.09,-1230.6,-2534.2,-Inf,-Inf,1530,1530,-3.1794,-16.779,-81.571,-267.9,-589.99,-1239.8,-2533.4,-Inf,-Inf,1530,1530,-7.1452,-32.709,-101.97,-284.88,-604.32,-1235.7,-2560.1,-Inf,-Inf
1531,1531,-7.4224,-44.52,-114.52,-324.41,-701.32,-1445.6,-2967,-Inf,-Inf,1531,1531,-7.097,-27.212,-103.3,-322.81,-697.54,-1454.6,-2967.5,-Inf,-Inf,1531,1531,-10.904,-42.418,-123.32,-338.73,-711.68,-1450.4,-2992.1,-Inf,-Inf
1532,1532,-10.415,-54.248,-136.26,-376.8,-808.54,-1660.5,-Inf,-Inf,-Inf,1532,1532,-14.405,-37.266,-124.9,-375.76,-805.11,-1669.3,-Inf,-Inf,-Inf,1532,1532,-16.735,-52.346,-144.53,-392.07,-819.08,-1665.1,-Inf,-Inf,-Inf
1533,1533,-16.956,-63.951,-157.87,-431.79,-915.78,-1875.5,-Inf,-Inf,-Inf,1533,1533,-17.051,-47.004,-146.32,-430,-912.69,-1884,-Inf,-Inf,-Inf,1533,1533,-21.744,-62.581,-165.68,-446.72,-926.51,-1879.8,-Inf,-Inf,-Inf
1534,1534,-21.145,-73.864,-179.3,-484.64,-1023,-2090.4,-Inf,-Inf,-Inf,1534,1534,-24.04,-56.699,-167.56,-483.75,-1020.3,-2098.7,-Inf,-Inf,-Inf,1534,1534,-26.054,-73.078,-186.87,-499.39,-1034,-2094.6,-Inf,-Inf,-Inf
1535,1535,-26.261,-84.086,-200.55,-538.99,-1130.3,-2305.3,-Inf,-Inf,-Inf,1535,1535,-27.703,-66.593,-188.72,-537.18,-1127.8,-2313.4,-Inf,-Inf,-Inf,1535,1535,-32.668,-83.648,-208.17,-554.55,-1141.5,-2309.4,-Inf,-Inf,-Inf
1536,1536,-32.094,-94.575,-221.72,-592.62,-1237.6,-2520.2,-Inf,-Inf,-Inf,1536,1536,-33.358,-76.793,-209.89,-591.75,-1235.4,-2528.1,-Inf,-Inf,-Inf,1536,1536,-35.802,-94.006,-229.61,-606.9,-1249,-2524.2,-Inf,-Inf,-Inf
1537,1537,-35.781,-105.15,-242.88,-646.16,-1345,-2735.1,-Inf,-Inf,-Inf,1537,1537,-38.6,-87.268,-231.15,-644.48,-1342.9,-2742.9,-Inf,-Inf,-Inf,1537,1537,-42.956,-103.97,-251.2,-662.11,-1356.6,-2739,-Inf,-Inf,-Inf
1538,1538,-42.789,-115.52,-264.13,-700.63,-1452.3,-2949.9,-Inf,-Inf,-Inf,1538,1538,-42.778,-97.843,-252.54,-699.61,-1450.4,-2957.7,-Inf,-Inf,-Inf,1538,1538,-46.09,-113.68,-272.9,-714.61,-1464.1,-2953.8,-Inf,-Inf,-Inf
1539,1539,-45.767,-125.51,-285.51,-753.44,-1559.8,-Inf,-Inf,-Inf,-Inf,1539,1539,-49.457,-108.24,-274.08,-751.96,-1557.8,-Inf,-Inf,-Inf,-Inf,1539,1539,-52.494,-123.4,-294.66,-769.42,-1571.7,-Inf,-Inf,-Inf,-Inf
1540,1540,-52.725,-135.21,-307.04,-808.51,-1667.2,-Inf,-Inf,-Inf,-Inf,1540,1540,-52.572,-118.25,-295.74,-807.2,-1665.1,-Inf,-Inf,-Inf,-Inf,1540,1540,-56.843,-133.36,-316.4,-822.5,-1679.3,-Inf,-Inf,-Inf,-Inf
1541,1541,-56.271,-144.93,-328.7,-860.9,-1774.7,-Inf,-Inf,-Inf,-Inf,1541,1541,-59.705,-127.97,-317.5,-859.65,-1772.5,-Inf,-Inf,-Inf,-Inf,1541,1541,-61.792,-143.63,-338,-876.6,-1786.9,-Inf,-Inf,-Inf,-Inf
1542,1542,-62.08,-154.87,-350.45,-916.15,-1882.2,-Inf,-Inf,-Inf,-Inf,1542,1542,-62.886,-137.68,-339.25,-914.53,-1879.7,-Inf,-Inf,-Inf,-Inf,1542,1542,-67.802,-154.14,-359.42,-930.5,-1894.4,-Inf,-Inf,-Inf,-Inf
1543,1543,-67.164,-165.13,-372.2,-968.56,-1989.7,-Inf,-Inf,-Inf,-Inf,1543,1543,-69.211,-147.6,-360.91,-967.53,-1987,-Inf,-Inf,-Inf,-Inf,1543,1543,-71.353,-164.7,-380.67,-983.79,-2001.9,-Inf,-Inf,-Inf,-Inf
1544,1544,-71.447,-175.64,-393.87,-1023.5,-2097.3,-Inf,-Inf,-Inf,-Inf,1544,1544,-73.663,-157.83,-382.39,-1021.7,-2094.2,-Inf,-Inf,-Inf,-Inf,1544,1544,-78.426,-175.02,-401.83,-1038.5,-2109.4,-Inf,-Inf,-Inf,-Inf
1545,1545,-78.054,-186.2,-415.37,-1076.4,-2204.9,-Inf,-Inf,-Inf,-Inf,1545,1545,-78.512,-168.33,-403.7,-1075.5,-2201.5,-Inf,-Inf,-Inf,-Inf,1545,1545,-81.4,-184.95,-423,-1091.1,-2216.8,-Inf,-Inf,-Inf,-Inf
1546,1546,-81.208,-196.54,-436.68,-1130.7,-2312.4,-Inf,-Inf,-Inf,-Inf,1546,1546,-84.62,-178.9,-424.88,-1128.9,-2308.7,-Inf,-Inf,-Inf,-Inf,1546,1546,-88.27,-194.64,-444.25,-1146.3,-2324.2,-Inf,-Inf,-Inf,-Inf
1547,1547,-88.355,-206.49,-457.87,-1184.4,-2420,-Inf,-Inf,-Inf,-Inf,1547,1547,-88.1,-189.26,-446.03,-1183.5,-2415.9,-Inf,-Inf,-Inf,-Inf,1547,1547,-91.96,-204.38,-465.64,-1198.6,-2431.5,-Inf,-Inf,-Inf,-Inf
1548,1548,-91.486,-216.18,-479.02,-1237.9,-2527.6,-Inf,-Inf,-Inf,-Inf,1548,1548,-95.201,-199.23,-467.25,-1236.2,-2523.2,-Inf,-Inf,-Inf,-Inf,1548,1548,-97.598,-214.37,-487.17,-1253.8,-2538.8,-Inf,-Inf,-Inf,-Inf
1549,1549,-97.901,-225.91,-500.23,-1292.4,-2635.1,-Inf,-Inf,-Inf,-Inf,1549,1549,-98.182,-208.94,-488.58,-1291.4,-2630.5,-Inf,-Inf,-Inf,-Inf,1549,1549,-102.88,-224.67,-508.84,-1306.4,-2646.1,-Inf,-Inf,-Inf,-Inf
1550,1550,-102.24,-235.89,-521.56,-1345.2,-2742.6,-Inf,-Inf,-Inf,-Inf,1550,1550,-105,-218.66,-510.07,-1343.7,-2737.8,-Inf,-Inf,-Inf,-Inf,1550,1550,-107,-235.21,-530.59,-1361.1,-2753.3,-Inf,-Inf,-Inf,-Inf
1551,1551,-107.2,-246.18,-543.03,-1400.3,-2850.1,-Inf,-Inf,-Inf,-Inf,1551,1551,-108.77,-228.61,-531.69,-1398.9,-2845.2,-Inf,-Inf,-Inf,-Inf,1551,1551,-113.73,-245.76,-552.34,-1414.3,-2860.5,-Inf,-Inf,-Inf,-Inf
1552,1552,-113.2,-256.7,-564.65,-1452.6,-2957.5,-Inf,-Inf,-Inf,-Inf,1552,1552,-114.31,-238.88,-553.42,-1451.4,-2952.5,-Inf,-Inf,-Inf,-Inf,1552,1552,-116.81,-256.04,-574.01,-1468.3,-2967.8,-Inf,-Inf,-Inf,-Inf
1553,1553,-116.75,-267.26,-586.37,-1507.9,-3064.6,-Inf,-Inf,-Inf,-Inf,1553,1553,-119.7,-249.4,-575.19,-1506.2,-3060,-Inf,-Inf,-Inf,-Inf,1553,1553,-123.94,-265.93,-595.5,-1522.3,-3073,-Inf,-Inf,-Inf,-Inf
1554,1554,-123.82,-277.55,-608.14,-1560.3,-Inf,-Inf,-Inf,-Inf,-Inf,1554,1554,-123.73,-259.96,-596.89,-1559.3,-Inf,-Inf,-Inf,-Inf,-Inf,1554,1554,-127.15,-275.61,-616.8,-1575.5,-Inf,-Inf,-Inf,-Inf,-Inf
1555,1555,-126.8,-287.46,-629.85,-1615.2,-Inf,-Inf,-Inf,-Inf,-Inf,1555,1555,-130.53,-270.28,-618.44,-1613.4,-Inf,-Inf,-Inf,-Inf,-Inf,1555,1555,-133.42,-285.37,-637.99,-1630.3,-Inf,-Inf,-Inf,-Inf,-Inf
1556,1556,-133.67,-297.15,-651.41,-1668.2,-Inf,-Inf,-Inf,-Inf,-Inf,1556,1556,-133.58,-280.21,-639.81,-1667.3,-Inf,-Inf,-Inf,-Inf,-Inf,1556,1556,-137.94,-295.39,-659.14,-1682.9,-Inf,-Inf,-Inf,-Inf,-Inf
1557,1557,-137.35,-306.9,-672.79,-1722.4,-Inf,-Inf,-Inf,-Inf,-Inf,1557,1557,-140.68,-289.9,-661.03,-1720.6,-Inf,-Inf,-Inf,-Inf,-Inf,1557,1557,-142.73,-305.72,-680.35,-1738.1,-Inf,-Inf,-Inf,-Inf,-Inf
1558,1558,-143,-316.91,-694.02,-1776.2,-Inf,-Inf,-Inf,-Inf,-Inf,1558,1558,-143.95,-299.64,-682.18,-1775.3,-Inf,-Inf,-Inf,-Inf,-Inf,1558,1558,-148.9,-316.27,-701.69,-1790.4,-Inf,-Inf,-Inf,-Inf,-Inf
1559,1559,-148.27,-327.23,-715.17,-1829.6,-Inf,-Inf,-Inf,-Inf,-Inf,1559,1559,-150.14,-309.63,-703.36,-1827.9,-Inf,-Inf,-Inf,-Inf,-Inf,1559,1559,-152.33,-326.81,-723.17,-1845.6,-Inf,-Inf,-Inf,-Inf,-Inf
1560,1560,-152.4,-337.77,-736.35,-1884.2,-Inf,-Inf,-Inf,-Inf,-Inf,1560,1560,-154.77,-319.93,-724.65,-1883.1,-Inf,-Inf,-Inf,-Inf,-Inf,1560,1560,-159.45,-337.04,-744.79,-1898.1,-Inf,-Inf,-Inf,-Inf,-Inf
1561,1561,-159.13,-348.31,-757.63,-1936.9,-Inf,-Inf,-Inf,-Inf,-Inf,1561,1561,-159.45,-330.46,-746.08,-1935.5,-Inf,-Inf,-Inf,-Inf,-Inf,1561,1561,-162.44,-346.9,-766.52,-1952.8,-Inf,-Inf,-Inf,-Inf,-Inf
1562,1562,-162.21,-358.56,-779.05,-1992,-Inf,-Inf,-Inf,-Inf,-Inf,1562,1562,-165.71,-341.01,-767.66,-1990.7,-Inf,-Inf,-Inf,-Inf,-Inf,1562,1562,-169.21,-356.58,-788.28,-2006,-Inf,-Inf,-Inf,-Inf,-Inf
1563,1563,-169.34,-368.44,-800.61,-2044.4,-Inf,-Inf,-Inf,-Inf,-Inf,1563,1563,-169.08,-351.29,-789.35,-2043.2,-Inf,-Inf,-Inf,-Inf,-Inf,1563,1563,-173.05,-366.36,-809.99,-2060,-Inf,-Inf,-Inf,-Inf,-Inf
1564,1564,-172.55,-378.12,-822.31,-2099.6,-Inf,-Inf,-Inf,-Inf,-Inf,1564,1564,-176.22,-361.19,-811.12,-2098,-Inf,-Inf,-Inf,-Inf,-Inf,1564,1564,-178.52,-376.42,-831.55,-2114.1,-Inf,-Inf,-Inf,-Inf,-Inf
1565,1565,-178.83,-387.89,-844.06,-2152.1,-Inf,-Inf,-Inf,-Inf,-Inf,1565,1565,-179.22,-370.87,-832.85,-2151.1,-Inf,-Inf,-Inf,-Inf,-Inf,1565,1565,-183.98,-386.78,-852.92,-2167.2,-Inf,-Inf,-Inf,-Inf,-Inf
1566,1566,-183.34,-397.93,-865.81,-2206.9,-Inf,-Inf,-Inf,-Inf,-Inf,1566,1566,-185.94,-380.63,-854.47,-2205.1,-Inf,-Inf,-Inf,-Inf,-Inf,1566,1566,-187.96,-397.34,-874.14,-2222,-Inf,-Inf,-Inf,-Inf,-Inf
1567,1567,-188.13,-408.28,-887.44,-2259.9,-Inf,-Inf,-Inf,-Inf,-Inf,1567,1567,-189.86,-390.65,-875.9,-2259.1,-Inf,-Inf,-Inf,-Inf,-Inf,1567,1567,-194.79,-407.85,-895.29,-2274.6,-Inf,-Inf,-Inf,-Inf,-Inf
1568,1568,-194.29,-418.83,-908.88,-2314.1,-Inf,-Inf,-Inf,-Inf,-Inf,1568,1568,-195.24,-400.98,-897.17,-2312.3,-Inf,-Inf,-Inf,-Inf,-Inf,1568,1568,-197.83,-418.05,-916.47,-2329.8,-Inf,-Inf,-Inf,-Inf,-Inf
1569,1569,-197.74,-429.36,-930.15,-2367.9,-Inf,-Inf,-Inf,-Inf,-Inf,1569,1569,-200.81,-411.53,-918.33,-2367.1,-Inf,-Inf,-Inf,-Inf,-Inf,1569,1569,-204.91,-427.87,-937.76,-2382.1,-Inf,-Inf,-Inf,-Inf,-Inf
1570,1570,-204.85,-439.57,-951.32,-2421.3,-Inf,-Inf,-Inf,-Inf,-Inf,1570,1570,-204.69,-422.06,-939.49,-2419.7,-Inf,-Inf,-Inf,-Inf,-Inf,1570,1570,-208.22,-437.55,-959.18,-2437.3,-Inf,-Inf,-Inf,-Inf,-Inf
1571,1571,-207.84,-449.41,-972.48,-2475.9,-Inf,-Inf,-Inf,-Inf,-Inf,1571,1571,-211.59,-432.3,-960.74,-2474.9,-Inf,-Inf,-Inf,-Inf,-Inf,1571,1571,-214.35,-447.35,-980.75,-2489.9,-Inf,-Inf,-Inf,-Inf,-Inf
1572,1572,-214.62,-459.08,-993.72,-2528.6,-Inf,-Inf,-Inf,-Inf,-Inf,1572,1572,-214.6,-442.16,-982.11,-2527.2,-Inf,-Inf,-Inf,-Inf,-Inf,1572,1572,-219.05,-457.44,-1002.4,-2544.6,-Inf,-Inf,-Inf,-Inf,-Inf
1573,1573,-218.44,-468.88,-1015.1,-2583.8,-Inf,-Inf,-Inf,-Inf,-Inf,1573,1573,-221.65,-451.84,-1003.6,-2582.4,-Inf,-Inf,-Inf,-Inf,-Inf,1573,1573,-223.67,-467.83,-1024.2,-2597.8,-Inf,-Inf,-Inf,-Inf,-Inf
1574,1574,-223.93,-478.95,-1036.6,-2636.1,-Inf,-Inf,-Inf,-Inf,-Inf,1574,1574,-225.02,-461.62,-1025.3,-2634.9,-Inf,-Inf,-Inf,-Inf,-Inf,1574,1574,-229.99,-478.4,-1045.9,-2651.7,-Inf,-Inf,-Inf,-Inf,-Inf
1575,1575,-229.38,-489.33,-1058.2,-2691.3,-Inf,-Inf,-Inf,-Inf,-Inf,1575,1575,-231.06,-471.67,-1047,-2689.7,-Inf,-Inf,-Inf,-Inf,-Inf,1575,1575,-233.32,-488.89,-1067.6,-2705.8,-Inf,-Inf,-Inf,-Inf,-Inf
1576,1576,-233.36,-499.9,-1080,-2743.8,-Inf,-Inf,-Inf,-Inf,-Inf,1576,1576,-235.87,-482.03,-1068.8,-2742.8,-Inf,-Inf,-Inf,-Inf,-Inf,1576,1576,-240.46,-499.05,-1089,-2758.9,-Inf,-Inf,-Inf,-Inf,-Inf
1577,1577,-240.19,-510.4,-1101.8,-2798.7,-Inf,-Inf,-Inf,-Inf,-Inf,1577,1577,-240.39,-492.59,-1090.5,-2796.8,-Inf,-Inf,-Inf,-Inf,-Inf,1577,1577,-243.48,-508.84,-1110.3,-2813.8,-Inf,-Inf,-Inf,-Inf,-Inf
1578,1578,-243.23,-520.57,-1123.4,-2851.7,-Inf,-Inf,-Inf,-Inf,-Inf,1578,1578,-246.8,-503.11,-1112,-2850.9,-Inf,-Inf,-Inf,-Inf,-Inf,1578,1578,-250.15,-518.52,-1131.4,-2866.3,-Inf,-Inf,-Inf,-Inf,-Inf
1579,1579,-250.31,-530.38,-1144.9,-2905.8,-Inf,-Inf,-Inf,-Inf,-Inf,1579,1579,-250.08,-513.31,-1133.3,-2904,-Inf,-Inf,-Inf,-Inf,-Inf,1579,1579,-254.14,-528.35,-1152.6,-2921.5,-Inf,-Inf,-Inf,-Inf,-Inf
1580,1580,-253.61,-540.05,-1166.3,-2959.7,-Inf,-Inf,-Inf,-Inf,-Inf,1580,1580,-257.23,-523.13,-1154.5,-2958.8,-Inf,-Inf,-Inf,-Inf,-Inf,1580,1580,-259.45,-538.47,-1173.8,-2973.9,-Inf,-Inf,-Inf,-Inf,-Inf
1581,1581,-259.75,-549.87,-1187.5,-3013,-Inf,-Inf,-Inf,-Inf,-Inf,1581,1581,-260.27,-532.81,-1175.6,-3011.4,-Inf,-Inf,-Inf,-Inf,-Inf,1581,1581,-265.09,-548.89,-1195.2,-3029,-Inf,-Inf,-Inf,-Inf,-Inf
1582,1582,-264.44,-559.98,-1208.6,-3067.6,-Inf,-Inf,-Inf,-Inf,-Inf,1582,1582,-266.87,-542.61,-1196.8,-3066.7,-Inf,-Inf,-Inf,-Inf,-Inf,1582,1582,-268.92,-559.47,-1216.7,-3079,-Inf,-Inf,-Inf,-Inf,-Inf
1583,1583,-269.07,-570.39,-1229.8,-Inf,-Inf,-Inf,-Inf,-Inf,-Inf,1583,1583,-270.96,-552.7,-1218.2,-Inf,-Inf,-Inf,-Inf,-Inf,-Inf,1583,1583,-275.85,-569.93,-1238.4,-Inf,-Inf,-Inf,-Inf,-Inf,-Inf
1584,1584,-275.38,-580.96,-1251.1,-Inf,-Inf,-Inf,-Inf,-Inf,-Inf,1584,1584,-276.17,-563.09,-1239.6,-Inf,-Inf,-Inf,-Inf,-Inf,-Inf,1584,1584,-278.85,-580.04,-1260.1,-Inf,-Inf,-Inf,-Inf,-Inf,-Inf
1585,1585,-278.72,-591.44,-1272.6,-Inf,-Inf,-Inf,-Inf,-Inf,-Inf,1585,1585,-281.91,-573.66,-1261.2,-Inf,-Inf,-Inf,-Inf,-Inf,-Inf,1585,1585,-285.88,-589.81,-1281.9,-Inf,-Inf,-Inf,-Inf,-Inf,-Inf
1586,1586,-285.86,-601.57,-1294.2,-Inf,-Inf,-Inf,-Inf,-Inf,-Inf,1586,1586,-285.66,-584.15,-1283,-Inf,-Inf,-Inf,-Inf,-Inf,-Inf,1586,1586,-289.29,-599.49,-1303.6,-Inf,-Inf,-Inf,-Inf,-Inf,-Inf
1587,1587,-288.88,-611.35,-1315.9,-Inf,-Inf,-Inf,-Inf,-Inf,-Inf,1587,1587,-292.63,-594.3,-1304.7,-Inf,-Inf,-Inf,-Inf,-Inf,-Inf,1587,1587,-295.27,-609.35,-1325.1,-Inf,-Inf,-Inf,-Inf,-Inf,-Inf
1588,1588,-295.56,-621.03,-1337.7,-Inf,-Inf,-Inf,-Inf,-Inf,-Inf,1588,1588,-295.62,-604.1,-1326.4,-Inf,-Inf,-Inf,-Inf,-Inf,-Inf,1588,1588,-300.15,-619.51,-1346.4,-Inf,-Inf,-Inf,-Inf,-Inf,-Inf
1589,1589,-299.53,-630.87,-1359.4,-Inf,-Inf,-Inf,-Inf,-Inf,-Inf,1589,1589,-302.61,-613.78,-1348,-Inf,-Inf,-Inf,-Inf,-Inf,-Inf,1589,1589,-304.61,-629.95,-1367.6,-Inf,-Inf,-Inf,-Inf,-Inf,-Inf
1590,1590,-304.85,-641.02,-1381,-Inf,-Inf,-Inf,-Inf,-Inf,-Inf,1590,1590,-306.1,-623.61,-1369.4,-Inf,-Inf,-Inf,-Inf,-Inf,-Inf,1590,1590,-311.07,-640.53,-1388.7,-Inf,-Inf,-Inf,-Inf,-Inf,-Inf
1591,1591,-310.48,-651.45,-1402.4,-Inf,-Inf,-Inf,-Inf,-Inf,-Inf,1591,1591,-311.98,-633.73,-1390.6,-Inf,-Inf,-Inf,-Inf,-Inf,-Inf,1591,1591,-314.31,-650.97,-1409.9,-Inf,-Inf,-Inf,-Inf,-Inf,-Inf
1592,1592,-314.32,-662.03,-1423.6,-Inf,-Inf,-Inf,-Inf,-Inf,-Inf,1592,1592,-316.98,-644.15,-1411.8,-Inf,-Inf,-Inf,-Inf,-Inf,-Inf,1592,1592,-321.47,-661.03,-1431.3,-Inf,-Inf,-Inf,-Inf,-Inf,-Inf
1593,1593,-321.24,-672.48,-1444.8,-Inf,-Inf,-Inf,-Inf,-Inf,-Inf,1593,1593,-321.34,-654.72,-1433,-Inf,-Inf,-Inf,-Inf,-Inf,-Inf,1593,1593,-324.53,-670.78,-1452.7,-Inf,-Inf,-Inf,-Inf,-Inf,-Inf
1594,1594,-324.24,-682.56,-1465.9,-Inf,-Inf,-Inf,-Inf,-Inf,-Inf,1594,1594,-327.88,-665.19,-1454.2,-Inf,-Inf,-Inf,-Inf,-Inf,-Inf,1594,1594,-331.08,-680.47,-1474.3,-Inf,-Inf,-Inf,-Inf,-Inf,-Inf
1595,1595,-331.28,-692.31,-1487.2,-Inf,-Inf,-Inf,-Inf,-Inf,-Inf,1595,1595,-331.07,-675.3,-1475.7,-Inf,-Inf,-Inf,-Inf,-Inf,-Inf,1595,1595,-335.23,-690.35,-1496.1,-Inf,-Inf,-Inf,-Inf,-Inf,-Inf
1596,1596,-334.69,-702,-1508.6,-Inf,-Inf,-Inf,-Inf,-Inf,-Inf,1596,1596,-338.22,-685.07,-1497.2,-Inf,-Inf,-Inf,-Inf,-Inf,-Inf,1596,1596,-340.38,-700.55,-1517.8,-Inf,-Inf,-Inf,-Inf,-Inf,-Inf
1597,1597,-340.68,-711.88,-1530.2,-Inf,-Inf,-Inf,-Inf,-Inf,-Inf,1597,1597,-341.32,-694.75,-1518.9,-Inf,-Inf,-Inf,-Inf,-Inf,-Inf,1597,1597,-346.19,-711.01,-1539.5,-Inf,-Inf,-Inf,-Inf,-Inf,-Inf
1598,1598,-345.55,-722.05,-1551.9,-Inf,-Inf,-Inf,-Inf,-Inf,-Inf,1598,1598,-347.8,-704.61,-1540.7,-Inf,-Inf,-Inf,-Inf,-Inf,-Inf,1598,1598,-349.89,-721.59,-1561.1,-Inf,-Inf,-Inf,-Inf,-Inf,-Inf
1599,1599,-350.01,-732.51,-1573.6,-Inf,-Inf,-Inf,-Inf,-Inf,-Inf,1599,1599,-352.05,-714.76,-1562.4,-Inf,-Inf,-Inf,-Inf,-Inf,-Inf,1599,1599,-356.89,-731.99,-1582.5,-Inf,-Inf,-Inf,-Inf,-Inf,-Inf
1600,1600,-356.47,-743.09,-1595.4,-Inf,-Inf,-Inf,-Inf,-Inf,-Inf,1600,1600,-357.1,-725.21,-1584,-Inf,-Inf,-Inf,-Inf,-Inf,-Inf,1600,1600,-359.87,-742.02,-1603.7,-Inf,-Inf,-Inf,-Inf,-Inf,-Inf
1601,1601,-359.71,-753.51,-1617,-Inf,-Inf,-Inf,-Inf,-Inf,-Inf,1601,1601,-363.01,-735.78,-1605.5,-Inf,-Inf,-Inf,-Inf,-Inf,-Inf,1601,1601,-366.83,-751.74,-1624.9,-Inf,-Inf,-Inf,-Inf,-Inf,-Inf
1602,1602,-366.87,-763.55,-1638.5,-Inf,-Inf,-Inf,-Inf,-Inf,-Inf,1602,1602,-366.63,-746.22,-1626.8,-Inf,-Inf,-Inf,-Inf,-Inf,-Inf,1602,1602,-370.37,-761.45,-1646.1,-Inf,-Inf,-Inf,-Inf,-Inf,-Inf
1603,1603,-369.93,-773.28,-1659.8,-Inf,-Inf,-Inf,-Inf,-Inf,-Inf,1603,1603,-373.67,-756.29,-1647.9,-Inf,-Inf,-Inf,-Inf,-Inf,-Inf,1603,1603,-376.19,-771.36,-1667.3,-Inf,-Inf,-Inf,-Inf,-Inf,-Inf
1604,1604,-376.49,-782.98,-1680.9,-Inf,-Inf,-Inf,-Inf,-Inf,-Inf,1604,1604,-376.65,-766.04,-1669.1,-Inf,-Inf,-Inf,-Inf,-Inf,-Inf,1604,1604,-381.26,-781.59,-1688.8,-Inf,-Inf,-Inf,-Inf,-Inf,-Inf
1605,1605,-380.63,-792.88,-1702.1,-Inf,-Inf,-Inf,-Inf,-Inf,-Inf,1605,1605,-383.56,-775.73,-1690.3,-Inf,-Inf,-Inf,-Inf,-Inf,-Inf,1605,1605,-385.56,-792.08,-1710.3,-Inf,-Inf,-Inf,-Inf,-Inf,-Inf
1606,1606,-385.78,-803.09,-1723.3,-Inf,-Inf,-Inf,-Inf,-Inf,-Inf,1606,1606,-387.18,-785.61,-1711.7,-Inf,-Inf,-Inf,-Inf,-Inf,-Inf,1606,1606,-392.15,-802.65,-1732,-Inf,-Inf,-Inf,-Inf,-Inf,-Inf
1607,1607,-391.58,-813.57,-1744.7,-Inf,-Inf,-Inf,-Inf,-Inf,-Inf,1607,1607,-392.91,-795.8,-1733.2,-Inf,-Inf,-Inf,-Inf,-Inf,-Inf,1607,1607,-395.31,-813.02,-1753.8,-Inf,-Inf,-Inf,-Inf,-Inf,-Inf
1608,1608,-395.29,-824.15,-1766.2,-Inf,-Inf,-Inf,-Inf,-Inf,-Inf,1608,1608,-398.08,-806.27,-1754.8,-Inf,-Inf,-Inf,-Inf,-Inf,-Inf,1608,1608,-402.46,-823,-1775.5,-Inf,-Inf,-Inf,-Inf,-Inf,-Inf
1609,1609,-402.29,-834.53,-1787.8,-Inf,-Inf,-Inf,-Inf,-Inf,-Inf,1609,1609,-402.29,-816.84,-1776.6,-Inf,-Inf,-Inf,-Inf,-Inf,-Inf,1609,1609,-405.59,-832.71,-1797.1,-Inf,-Inf,-Inf,-Inf,-Inf,-Inf
1610,1610,-405.27,-844.53,-1809.5,-Inf,-Inf,-Inf,-Inf,-Inf,-Inf,1610,1610,-408.96,-827.25,-1798.3,-Inf,-Inf,-Inf,-Inf,-Inf,-Inf,1610,1610,-412.01,-842.43,-1818.6,-Inf,-Inf,-Inf,-Inf,-Inf,-Inf
1611,1611,-412.24,-854.25,-1831.3,-Inf,-Inf,-Inf,-Inf,-Inf,-Inf,1611,1611,-412.08,-837.28,-1820,-Inf,-Inf,-Inf,-Inf,-Inf,-Inf,1611,1611,-416.33,-852.37,-1839.9,-Inf,-Inf,-Inf,-Inf,-Inf,-Inf
1612,1612,-415.76,-863.96,-1853,-Inf,-Inf,-Inf,-Inf,-Inf,-Inf,1612,1612,-419.21,-847,-1841.6,-Inf,-Inf,-Inf,-Inf,-Inf,-Inf,1612,1612,-421.31,-862.63,-1861,-Inf,-Inf,-Inf,-Inf,-Inf,-Inf
1613,1613,-421.6,-873.89,-1874.5,-Inf,-Inf,-Inf,-Inf,-Inf,-Inf,1613,1613,-422.38,-856.7,-1862.9,-Inf,-Inf,-Inf,-Inf,-Inf,-Inf,1613,1613,-427.29,-873.14,-1882.2,-Inf,-Inf,-Inf,-Inf,-Inf,-Inf
1614,1614,-426.65,-884.13,-1895.9,-Inf,-Inf,-Inf,-Inf,-Inf,-Inf,1614,1614,-428.73,-866.62,-1884.1,-Inf,-Inf,-Inf,-Inf,-Inf,-Inf,1614,1614,-430.86,-883.71,-1903.4,-Inf,-Inf,-Inf,-Inf,-Inf,-Inf
1615,1615,-430.96,-894.64,-1917.1,-Inf,-Inf,-Inf,-Inf,-Inf,-Inf,1615,1615,-433.15,-876.84,-1905.2,-Inf,-Inf,-Inf,-Inf,-Inf,-Inf,1615,1615,-437.93,-894.04,-1924.8,-Inf,-Inf,-Inf,-Inf,-Inf,-Inf
1616,1616,-437.55,-905.21,-1938.2,-Inf,-Inf,-Inf,-Inf,-Inf,-Inf,1616,1616,-438.03,-887.33,-1926.4,-Inf,-Inf,-Inf,-Inf,-Inf,-Inf,1616,1616,-440.9,-903.98,-1946.3,-Inf,-Inf,-Inf,-Inf,-Inf,-Inf
1617,1617,-440.71,-915.55,-1959.4,-Inf,-Inf,-Inf,-Inf,-Inf,-Inf,1617,1617,-444.11,-897.9,-1947.7,-Inf,-Inf,-Inf,-Inf,-Inf,-Inf,1617,1617,-447.78,-913.68,-1967.9,-Inf,-Inf,-Inf,-Inf,-Inf,-Inf
1618,1618,-447.86,-925.51,-1980.7,-Inf,-Inf,-Inf,-Inf,-Inf,-Inf,1618,1618,-447.61,-908.27,-1969.2,-Inf,-Inf,-Inf,-Inf,-Inf,-Inf,1618,1618,-451.45,-923.41,-1989.7,-Inf,-Inf,-Inf,-Inf,-Inf,-Inf
1619,1619,-450.98,-935.21,-2002.2,-Inf,-Inf,-Inf,-Inf,-Inf,-Inf,1619,1619,-454.7,-918.26,-1990.8,-Inf,-Inf,-Inf,-Inf,-Inf,-Inf,1619,1619,-457.12,-933.39,-2011.4,-Inf,-Inf,-Inf,-Inf,-Inf,-Inf
1620,1620,-457.42,-944.94,-2023.8,-Inf,-Inf,-Inf,-Inf,-Inf,-Inf,1620,1620,-457.68,-927.97,-2012.5,-Inf,-Inf,-Inf,-Inf,-Inf,-Inf,1620,1620,-462.37,-943.68,-2033.1,-Inf,-Inf,-Inf,-Inf,-Inf,-Inf
1621,1621,-461.72,-954.9,-2045.5,-Inf,-Inf,-Inf,-Inf,-Inf,-Inf,1621,1621,-464.51,-937.68,-2034.3,-Inf,-Inf,-Inf,-Inf,-Inf,-Inf,1621,1621,-466.51,-954.21,-2054.7,-Inf,-Inf,-Inf,-Inf,-Inf,-Inf
1622,1622,-466.71,-965.18,-2067.2,-Inf,-Inf,-Inf,-Inf,-Inf,-Inf,1622,1622,-468.26,-947.63,-2056,-Inf,-Inf,-Inf,-Inf,-Inf,-Inf,1622,1622,-473.22,-964.76,-2076,-Inf,-Inf,-Inf,-Inf,-Inf,-Inf
1623,1623,-472.68,-975.7,-2089,-Inf,-Inf,-Inf,-Inf,-Inf,-Inf,1623,1623,-473.83,-957.88,-2077.6,-Inf,-Inf,-Inf,-Inf,-Inf,-Inf,1623,1623,-476.32,-975.05,-2097.2,-Inf,-Inf,-Inf,-Inf,-Inf,-Inf
1624,1624,-476.26,-986.26,-2110.6,-Inf,-Inf,-Inf,-Inf,-Inf,-Inf,1624,1624,-479.19,-968.39,-2099,-Inf,-Inf,-Inf,-Inf,-Inf,-Inf,1624,1624,-483.45,-984.96,-2118.3,-Inf,-Inf,-Inf,-Inf,-Inf,-Inf
1625,1625,-483.33,-996.57,-2132,-Inf,-Inf,-Inf,-Inf,-Inf,-Inf,1625,1625,-483.24,-978.96,-2120.2,-Inf,-Inf,-Inf,-Inf,-Inf,-Inf,1625,1625,-486.65,-994.64,-2139.5,-Inf,-Inf,-Inf,-Inf,-Inf,-Inf
1626,1626,-486.3,-1006.5,-2153.2,-Inf,-Inf,-Inf,-Inf,-Inf,-Inf,1626,1626,-490.02,-989.29,-2141.4,-Inf,-Inf,-Inf,-Inf,-Inf,-Inf,1626,1626,-492.94,-1004.4,-2160.9,-Inf,-Inf,-Inf,-Inf,-Inf,-Inf
1627,1627,-493.19,-1016.2,-2174.4,-Inf,-Inf,-Inf,-Inf,-Inf,-Inf,1627,1627,-493.08,-999.24,-2162.6,-Inf,-Inf,-Inf,-Inf,-Inf,-Inf,1627,1627,-497.43,-1014.4,-2182.3,-Inf,-Inf,-Inf,-Inf,-Inf,-Inf
1628,1628,-496.85,-1025.9,-2195.5,-Inf,-Inf,-Inf,-Inf,-Inf,-Inf,1628,1628,-500.19,-1008.9,-2183.8,-Inf,-Inf,-Inf,-Inf,-Inf,-Inf,1628,1628,-502.24,-1024.7,-2203.9,-Inf,-Inf,-Inf,-Inf,-Inf,-Inf
1629,1629,-502.52,-1035.9,-2216.8,-Inf,-Inf,-Inf,-Inf,-Inf,-Inf,1629,1629,-503.45,-1018.7,-2205.2,-Inf,-Inf,-Inf,-Inf,-Inf,-Inf,1629,1629,-508.39,-1035.3,-2225.6,-Inf,-Inf,-Inf,-Inf,-Inf,-Inf
1630,1630,-507.76,-1046.2,-2238.2,-Inf,-Inf,-Inf,-Inf,-Inf,-Inf,1630,1630,-509.65,-1028.6,-2226.8,-Inf,-Inf,-Inf,-Inf,-Inf,-Inf,1630,1630,-511.84,-1045.8,-2247.4,-Inf,-Inf,-Inf,-Inf,-Inf,-Inf
1631,1631,-511.91,-1056.8,-2259.7,-Inf,-Inf,-Inf,-Inf,-Inf,-Inf,1631,1631,-514.25,-1038.9,-2248.4,-Inf,-Inf,-Inf,-Inf,-Inf,-Inf,1631,1631,-518.95,-1056.1,-2269.1,-Inf,-Inf,-Inf,-Inf,-Inf,-Inf
1632,1632,-518.62,-1067.3,-2281.4,-Inf,-Inf,-Inf,-Inf,-Inf,-Inf,1632,1632,-518.97,-1049.5,-2270.2,-Inf,-Inf,-Inf,-Inf,-Inf,-Inf,1632,1632,-521.94,-1065.9,-2290.7,-Inf,-Inf,-Inf,-Inf,-Inf,-Inf
1633,1633,-521.72,-1077.6,-2303.2,-Inf,-Inf,-Inf,-Inf,-Inf,-Inf,1633,1633,-525.2,-1060,-2292,-Inf,-Inf,-Inf,-Inf,-Inf,-Inf,1633,1633,-528.73,-1075.6,-2312.1,-Inf,-Inf,-Inf,-Inf,-Inf,-Inf
1634,1634,-528.85,-1087.5,-2324.9,-Inf,-Inf,-Inf,-Inf,-Inf,-Inf,1634,1634,-528.59,-1070.3,-2313.6,-Inf,-Inf,-Inf,-Inf,-Inf,-Inf,1634,1634,-532.54,-1085.4,-2333.3,-Inf,-Inf,-Inf,-Inf,-Inf,-Inf
1635,1635,-532.04,-1097.1,-2346.6,-Inf,-Inf,-Inf,-Inf,-Inf,-Inf,1635,1635,-535.72,-1080.2,-2335.1,-Inf,-Inf,-Inf,-Inf,-Inf,-Inf,1635,1635,-538.04,-1095.4,-2354.5,-Inf,-Inf,-Inf,-Inf,-Inf,-Inf
1636,1636,-538.35,-1106.9,-2368.1,-Inf,-Inf,-Inf,-Inf,-Inf,-Inf,1636,1636,-538.72,-1089.9,-2356.4,-Inf,-Inf,-Inf,-Inf,-Inf,-Inf,1636,1636,-543.47,-1105.8,-2375.7,-Inf,-Inf,-Inf,-Inf,-Inf,-Inf
1637,1637,-542.83,-1116.9,-2389.4,-Inf,-Inf,-Inf,-Inf,-Inf,-Inf,1637,1637,-545.45,-1099.7,-2377.5,-Inf,-Inf,-Inf,-Inf,-Inf,-Inf,1637,1637,-547.47,-1116.3,-2396.9,-Inf,-Inf,-Inf,-Inf,-Inf,-Inf
1638,1638,-547.65,-1127.3,-2410.5,-Inf,-Inf,-Inf,-Inf,-Inf,-Inf,1638,1638,-549.35,-1109.7,-2398.7,-Inf,-Inf,-Inf,-Inf,-Inf,-Inf,1638,1638,-554.29,-1126.9,-2418.3,-Inf,-Inf,-Inf,-Inf,-Inf,-Inf
1639,1639,-553.78,-1137.8,-2431.7,-Inf,-Inf,-Inf,-Inf,-Inf,-Inf,1639,1639,-554.76,-1120,-2419.9,-Inf,-Inf,-Inf,-Inf,-Inf,-Inf,1639,1639,-557.33,-1137.1,-2439.9,-Inf,-Inf,-Inf,-Inf,-Inf,-Inf
1640,1640,-557.24,-1148.4,-2452.9,-Inf,-Inf,-Inf,-Inf,-Inf,-Inf,1640,1640,-560.3,-1130.5,-2441.3,-Inf,-Inf,-Inf,-Inf,-Inf,-Inf,1640,1640,-564.42,-1146.9,-2461.5,-Inf,-Inf,-Inf,-Inf,-Inf,-Inf
1641,1641,-564.35,-1158.6,-2474.2,-Inf,-Inf,-Inf,-Inf,-Inf,-Inf,1641,1641,-564.2,-1141.1,-2462.8,-Inf,-Inf,-Inf,-Inf,-Inf,-Inf,1641,1641,-567.71,-1156.6,-2483.3,-Inf,-Inf,-Inf,-Inf,-Inf,-Inf
1642,1642,-567.33,-1168.4,-2495.7,-Inf,-Inf,-Inf,-Inf,-Inf,-Inf,1642,1642,-571.08,-1151.3,-2484.4,-Inf,-Inf,-Inf,-Inf,-Inf,-Inf,1642,1642,-573.87,-1166.4,-2505,-Inf,-Inf,-Inf,-Inf,-Inf,-Inf
1643,1643,-574.13,-1178.1,-2517.3,-Inf,-Inf,-Inf,-Inf,-Inf,-Inf,1643,1643,-574.1,-1161.2,-2506.1,-Inf,-Inf,-Inf,-Inf,-Inf,-Inf,1643,1643,-578.54,-1176.5,-2526.7,-Inf,-Inf,-Inf,-Inf,-Inf,-Inf
1644,1644,-577.93,-1187.9,-2539.1,-Inf,-Inf,-Inf,-Inf,-Inf,-Inf,1644,1644,-581.16,-1170.9,-2527.9,-Inf,-Inf,-Inf,-Inf,-Inf,-Inf,1644,1644,-583.18,-1186.8,-2548.2,-Inf,-Inf,-Inf,-Inf,-Inf,-Inf
1645,1645,-583.45,-1198,-2560.8,-Inf,-Inf,-Inf,-Inf,-Inf,-Inf,1645,1645,-584.52,-1180.6,-2549.6,-Inf,-Inf,-Inf,-Inf,-Inf,-Inf,1645,1645,-589.48,-1197.4,-2569.5,-Inf,-Inf,-Inf,-Inf,-Inf,-Inf
1646,1646,-588.86,-1208.3,-2582.5,-Inf,-Inf,-Inf,-Inf,-Inf,-Inf,1646,1646,-590.58,-1190.7,-2571.1,-Inf,-Inf,-Inf,-Inf,-Inf,-Inf,1646,1646,-592.83,-1207.9,-2590.7,-Inf,-Inf,-Inf,-Inf,-Inf,-Inf
1647,1647,-592.87,-1218.9,-2604.1,-Inf,-Inf,-Inf,-Inf,-Inf,-Inf,1647,1647,-595.36,-1201,-2592.5,-Inf,-Inf,-Inf,-Inf,-Inf,-Inf,1647,1647,-599.97,-1218.1,-2611.8,-Inf,-Inf,-Inf,-Inf,-Inf,-Inf
1648,1648,-599.68,-1229.4,-2625.5,-Inf,-Inf,-Inf,-Inf,-Inf,-Inf,1648,1648,-599.91,-1211.6,-2613.7,-Inf,-Inf,-Inf,-Inf,-Inf,-Inf,1648,1648,-602.98,-1227.9,-2633,-Inf,-Inf,-Inf,-Inf,-Inf,-Inf
1649,1649,-602.73,-1239.6,-2646.7,-Inf,-Inf,-Inf,-Inf,-Inf,-Inf,1649,1649,-606.29,-1222.1,-2634.8,-Inf,-Inf,-Inf,-Inf,-Inf,-Inf,1649,1649,-609.67,-1237.5,-2654.4,-Inf,-Inf,-Inf,-Inf,-Inf,-Inf
1650,1650,-609.82,-1249.4,-2667.8,-Inf,-Inf,-Inf,-Inf,-Inf,-Inf,1650,1650,-609.58,-1232.3,-2656,-Inf,-Inf,-Inf,-Inf,-Inf,-Inf,1650,1650,-613.63,-1247.4,-2675.9,-Inf,-Inf,-Inf,-Inf,-Inf,-Inf
1651,1651,-613.11,-1259.1,-2689,-Inf,-Inf,-Inf,-Inf,-Inf,-Inf,1651,1651,-616.73,-1242.2,-2677.3,-Inf,-Inf,-Inf,-Inf,-Inf,-Inf,1651,1651,-618.97,-1257.5,-2697.5,-Inf,-Inf,-Inf,-Inf,-Inf,-Inf
1652,1652,-619.27,-1268.9,-2710.3,-Inf,-Inf,-Inf,-Inf,-Inf,-Inf,1652,1652,-619.77,-1251.8,-2698.8,-Inf,-Inf,-Inf,-Inf,-Inf,-Inf,1652,1652,-624.58,-1267.9,-2719.2,-Inf,-Inf,-Inf,-Inf,-Inf,-Inf
1653,1653,-623.93,-1279,-2731.7,-Inf,-Inf,-Inf,-Inf,-Inf,-Inf,1653,1653,-626.39,-1261.6,-2720.4,-Inf,-Inf,-Inf,-Inf,-Inf,-Inf,1653,1653,-628.43,-1278.5,-2741,-Inf,-Inf,-Inf,-Inf,-Inf,-Inf
1654,1654,-628.59,-1289.4,-2753.3,-Inf,-Inf,-Inf,-Inf,-Inf,-Inf,1654,1654,-630.45,-1271.7,-2742.1,-Inf,-Inf,-Inf,-Inf,-Inf,-Inf,1654,1654,-635.34,-1288.9,-2762.7,-Inf,-Inf,-Inf,-Inf,-Inf,-Inf
1655,1655,-634.87,-1300,-2775,-Inf,-Inf,-Inf,-Inf,-Inf,-Inf,1655,1655,-635.68,-1282.1,-2763.8,-Inf,-Inf,-Inf,-Inf,-Inf,-Inf,1655,1655,-638.35,-1299.1,-2784.2,-Inf,-Inf,-Inf,-Inf,-Inf,-Inf
1656,1656,-638.23,-1310.4,-2796.8,-Inf,-Inf,-Inf,-Inf,-Inf,-Inf,1656,1656,-641.4,-1292.7,-2785.6,-Inf,-Inf,-Inf,-Inf,-Inf,-Inf,1656,1656,-645.39,-1308.8,-2805.6,-Inf,-Inf,-Inf,-Inf,-Inf,-Inf
1657,1657,-645.37,-1320.6,-2818.5,-Inf,-Inf,-Inf,-Inf,-Inf,-Inf,1657,1657,-645.17,-1303.2,-2807.2,-Inf,-Inf,-Inf,-Inf,-Inf,-Inf,1657,1657,-648.79,-1318.5,-2826.8,-Inf,-Inf,-Inf,-Inf,-Inf,-Inf
1658,1658,-648.38,-1330.4,-2840.1,-Inf,-Inf,-Inf,-Inf,-Inf,-Inf,1658,1658,-652.13,-1313.3,-2828.6,-Inf,-Inf,-Inf,-Inf,-Inf,-Inf,1658,1658,-654.79,-1328.4,-2848,-Inf,-Inf,-Inf,-Inf,-Inf,-Inf
1659,1659,-655.07,-1340.1,-2861.6,-Inf,-Inf,-Inf,-Inf,-Inf,-Inf,1659,1659,-655.12,-1323.1,-2849.8,-Inf,-Inf,-Inf,-Inf,-Inf,-Inf,1659,1659,-659.64,-1338.5,-2869.1,-Inf,-Inf,-Inf,-Inf,-Inf,-Inf
1660,1660,-659.02,-1349.9,-2882.8,-Inf,-Inf,-Inf,-Inf,-Inf,-Inf,1660,1660,-662.12,-1332.8,-2871,-Inf,-Inf,-Inf,-Inf,-Inf,-Inf,1660,1660,-664.13,-1349,-2890.4,-Inf,-Inf,-Inf,-Inf,-Inf,-Inf
1661,1661,-664.37,-1360,-2904,-Inf,-Inf,-Inf,-Inf,-Inf,-Inf,1661,1661,-665.59,-1342.6,-2892.2,-Inf,-Inf,-Inf,-Inf,-Inf,-Inf,1661,1661,-670.57,-1359.5,-2911.9,-Inf,-Inf,-Inf,-Inf,-Inf,-Inf
1662,1662,-669.97,-1370.5,-2925.2,-Inf,-Inf,-Inf,-Inf,-Inf,-Inf,1662,1662,-671.5,-1352.7,-2913.4,-Inf,-Inf,-Inf,-Inf,-Inf,-Inf,1662,1662,-673.82,-1370,-2933.5,-Inf,-Inf,-Inf,-Inf,-Inf,-Inf
1663,1663,-673.83,-1381,-2946.4,-Inf,-Inf,-Inf,-Inf,-Inf,-Inf,1663,1663,-676.47,-1363.1,-2934.8,-Inf,-Inf,-Inf,-Inf,-Inf,-Inf,1663,1663,-680.97,-1380.1,-2955.2,-Inf,-Inf,-Inf,-Inf,-Inf,-Inf
1664,1664,-680.74,-1391.5,-2967.8,-Inf,-Inf,-Inf,-Inf,-Inf,-Inf,1664,1664,-680.85,-1373.7,-2956.3,-Inf,-Inf,-Inf,-Inf,-Inf,-Inf,1664,1664,-684.03,-1389.8,-2976.9,-Inf,-Inf,-Inf,-Inf,-Inf,-Inf
1665,1665,-683.75,-1401.6,-2989.3,-Inf,-Inf,-Inf,-Inf,-Inf,-Inf,1665,1665,-687.38,-1384.2,-2978,-Inf,-Inf,-Inf,-Inf,-Inf,-Inf,1665,1665,-690.6,-1399.5,-2998.6,-Inf,-Inf,-Inf,-Inf,-Inf,-Inf
1666,1666,-690.79,-1411.3,-3011,-Inf,-Inf,-Inf,-Inf,-Inf,-Inf,1666,1666,-690.58,-1394.3,-2999.7,-Inf,-Inf,-Inf,-Inf,-Inf,-Inf,1666,1666,-694.72,-1409.4,-3020.3,-Inf,-Inf,-Inf,-Inf,-Inf,-Inf
1667,1667,-694.18,-1421,-3032.7,-Inf,-Inf,-Inf,-Inf,-Inf,-Inf,1667,1667,-697.73,-1404.1,-3021.5,-Inf,-Inf,-Inf,-Inf,-Inf,-Inf,1667,1667,-699.9,-1419.6,-3041.7,-Inf,-Inf,-Inf,-Inf,-Inf,-Inf
1668,1668,-700.2,-1430.9,-3054.5,-Inf,-Inf,-Inf,-Inf,-Inf,-Inf,1668,1668,-700.82,-1413.8,-3043.2,-Inf,-Inf,-Inf,-Inf,-Inf,-Inf,1668,1668,-705.68,-1430,-3062.9,-Inf,-Inf,-Inf,-Inf,-Inf,-Inf
1669,1669,-705.03,-1441.1,-3076,-Inf,-Inf,-Inf,-Inf,-Inf,-Inf,1669,1669,-707.32,-1423.6,-3064.7,-Inf,-Inf,-Inf,-Inf,-Inf,-Inf,1669,1669,-709.4,-1440.6,-3085,-Inf,-Inf,-Inf,-Inf,-Inf,-Inf
1670,1670,-709.53,-1451.5,-Inf,-Inf,-Inf,-Inf,-Inf,-Inf,-Inf,1670,1670,-711.54,-1433.8,-3085,-Inf,-Inf,-Inf,-Inf,-Inf,-Inf,1670,1670,-716.39,-1451,-Inf,-Inf,-Inf,-Inf,-Inf,-Inf,-Inf
1671,1671,-715.96,-1462.1,-Inf,-Inf,-Inf,-Inf,-Inf,-Inf,-Inf,1671,1671,-716.61,-1444.2,-Inf,-Inf,-Inf,-Inf,-Inf,-Inf,-Inf,1671,1671,-719.37,-1461,-Inf,-Inf,-Inf,-Inf,-Inf,-Inf,-Inf
1672,1672,-719.22,-1472.5,-Inf,-Inf,-Inf,-Inf,-Inf,-Inf,-Inf,1672,1672,-722.5,-1454.8,-Inf,-Inf,-Inf,-Inf,-Inf,-Inf,-Inf,1672,1672,-726.35,-1470.8,-Inf,-Inf,-Inf,-Inf,-Inf,-Inf,-Inf
1673,1673,-726.37,-1482.6,-Inf,-Inf,-Inf,-Inf,-Inf,-Inf,-Inf,1673,1673,-726.14,-1465.2,-Inf,-Inf,-Inf,-Inf,-Inf,-Inf,-Inf,1673,1673,-729.86,-1480.5,-Inf,-Inf,-Inf,-Inf,-Inf,-Inf,-Inf
1674,1674,-729.43,-1492.3,-Inf,-Inf,-Inf,-Inf,-Inf,-Inf,-Inf,1674,1674,-733.17,-1475.3,-Inf,-Inf,-Inf,-Inf,-Inf,-Inf,-Inf,1674,1674,-735.71,-1490.4,-Inf,-Inf,-Inf,-Inf,-Inf,-Inf,-Inf
1675,1675,-736.01,-1502,-Inf,-Inf,-Inf,-Inf,-Inf,-Inf,-Inf,1675,1675,-736.15,-1485.1,-Inf,-Inf,-Inf,-Inf,-Inf,-Inf,-Inf,1675,1675,-740.75,-1500.6,-Inf,-Inf,-Inf,-Inf,-Inf,-Inf,-Inf
1676,1676,-740.12,-1511.9,-Inf,-Inf,-Inf,-Inf,-Inf,-Inf,-Inf,1676,1676,-743.08,-1494.8,-Inf,-Inf,-Inf,-Inf,-Inf,-Inf,-Inf,1676,1676,-745.07,-1511.1,-Inf,-Inf,-Inf,-Inf,-Inf,-Inf,-Inf
1677,1677,-745.3,-1522.1,-Inf,-Inf,-Inf,-Inf,-Inf,-Inf,-Inf,1677,1677,-746.67,-1504.6,-Inf,-Inf,-Inf,-Inf,-Inf,-Inf,-Inf,1677,1677,-751.65,-1521.6,-Inf,-Inf,-Inf,-Inf,-Inf,-Inf,-Inf
1678,1678,-751.07,-1532.6,-Inf,-Inf,-Inf,-Inf,-Inf,-Inf,-Inf,1678,1678,-752.43,-1514.8,-Inf,-Inf,-Inf,-Inf,-Inf,-Inf,-Inf,1678,1678,-754.82,-1532,-Inf,-Inf,-Inf,-Inf,-Inf,-Inf,-Inf
1679,1679,-754.8,-1543.1,-Inf,-Inf,-Inf,-Inf,-Inf,-Inf,-Inf,1679,1679,-757.57,-1525.3,-Inf,-Inf,-Inf,-Inf,-Inf,-Inf,-Inf,1679,1679,-761.97,-1542,-Inf,-Inf,-Inf,-Inf,-Inf,-Inf,-Inf
1680,1680,-761.79,-1553.5,-Inf,-Inf,-Inf,-Inf,-Inf,-Inf,-Inf,1680,1680,-761.8,-1535.8,-Inf,-Inf,-Inf,-Inf,-Inf,-Inf,-Inf,1680,1680,-765.08,-1551.7,-Inf,-Inf,-Inf,-Inf,-Inf,-Inf,-Inf
1681,1681,-764.77,-1563.6,-Inf,-Inf,-Inf,-Inf,-Inf,-Inf,-Inf,1681,1681,-768.45,-1546.3,-Inf,-Inf,-Inf,-Inf,-Inf,-Inf,-Inf,1681,1681,-771.53,-1561.5,-Inf,-Inf,-Inf,-Inf,-Inf,-Inf,-Inf
1682,1682,-771.75,-1573.3,-Inf,-Inf,-Inf,-Inf,-Inf,-Inf,-Inf,1682,1682,-771.58,-1556.3,-Inf,-Inf,-Inf,-Inf,-Inf,-Inf,-Inf,1682,1682,-775.82,-1571.4,-Inf,-Inf,-Inf,-Inf,-Inf,-Inf,-Inf
1683,1683,-775.26,-1583,-Inf,-Inf,-Inf,-Inf,-Inf,-Inf,-Inf,1683,1683,-778.72,-1566,-Inf,-Inf,-Inf,-Inf,-Inf,-Inf,-Inf,1683,1683,-780.83,-1581.6,-Inf,-Inf,-Inf,-Inf,-Inf,-Inf,-Inf
1684,1684,-781.12,-1592.9,-Inf,-Inf,-Inf,-Inf,-Inf,-Inf,-Inf,1684,1684,-781.88,-1575.7,-Inf,-Inf,-Inf,-Inf,-Inf,-Inf,-Inf,1684,1684,-786.78,-1592.1,-Inf,-Inf,-Inf,-Inf,-Inf,-Inf,-Inf
1685,1685,-786.14,-1603.1,-Inf,-Inf,-Inf,-Inf,-Inf,-Inf,-Inf,1685,1685,-788.25,-1585.6,-Inf,-Inf,-Inf,-Inf,-Inf,-Inf,-Inf,1685,1685,-790.37,-1602.7,-Inf,-Inf,-Inf,-Inf,-Inf,-Inf,-Inf
1686,1686,-790.48,-1613.6,-Inf,-Inf,-Inf,-Inf,-Inf,-Inf,-Inf,1686,1686,-792.64,-1595.8,-Inf,-Inf,-Inf,-Inf,-Inf,-Inf,-Inf,1686,1686,-797.43,-1613.1,-Inf,-Inf,-Inf,-Inf,-Inf,-Inf,-Inf
1687,1687,-797.04,-1624.2,-Inf,-Inf,-Inf,-Inf,-Inf,-Inf,-Inf,1687,1687,-797.55,-1606.3,-Inf,-Inf,-Inf,-Inf,-Inf,-Inf,-Inf,1687,1687,-800.4,-1623,-Inf,-Inf,-Inf,-Inf,-Inf,-Inf,-Inf
1688,1688,-800.22,-1634.6,-Inf,-Inf,-Inf,-Inf,-Inf,-Inf,-Inf,1688,1688,-803.6,-1616.9,-Inf,-Inf,-Inf,-Inf,-Inf,-Inf,-Inf,1688,1688,-807.3,-1632.7,-Inf,-Inf,-Inf,-Inf,-Inf,-Inf,-Inf
1689,1689,-807.37,-1644.5,-Inf,-Inf,-Inf,-Inf,-Inf,-Inf,-Inf,1689,1689,-807.12,-1627.3,-Inf,-Inf,-Inf,-Inf,-Inf,-Inf,-Inf,1689,1689,-810.94,-1642.4,-Inf,-Inf,-Inf,-Inf,-Inf,-Inf,-Inf
1690,1690,-810.48,-1654.2,-Inf,-Inf,-Inf,-Inf,-Inf,-Inf,-Inf,1690,1690,-814.21,-1637.3,-Inf,-Inf,-Inf,-Inf,-Inf,-Inf,-Inf,1690,1690,-816.64,-1652.4,-Inf,-Inf,-Inf,-Inf,-Inf,-Inf,-Inf
1691,1691,-816.94,-1664,-Inf,-Inf,-Inf,-Inf,-Inf,-Inf,-Inf,1691,1691,-817.18,-1647,-Inf,-Inf,-Inf,-Inf,-Inf,-Inf,-Inf,1691,1691,-821.85,-1662.7,-Inf,-Inf,-Inf,-Inf,-Inf,-Inf,-Inf
1692,1692,-821.21,-1673.9,-Inf,-Inf,-Inf,-Inf,-Inf,-Inf,-Inf,1692,1692,-824.03,-1656.7,-Inf,-Inf,-Inf,-Inf,-Inf,-Inf,-Inf,1692,1692,-826.02,-1673.2,-Inf,-Inf,-Inf,-Inf,-Inf,-Inf,-Inf
1693,1693,-826.23,-1684.2,-Inf,-Inf,-Inf,-Inf,-Inf,-Inf,-Inf,1693,1693,-827.75,-1666.6,-Inf,-Inf,-Inf,-Inf,-Inf,-Inf,-Inf,1693,1693,-832.72,-1683.8,-Inf,-Inf,-Inf,-Inf,-Inf,-Inf,-Inf
1694,1694,-832.17,-1694.7,-Inf,-Inf,-Inf,-Inf,-Inf,-Inf,-Inf,1694,1694,-833.35,-1676.9,-Inf,-Inf,-Inf,-Inf,-Inf,-Inf,-Inf,1694,1694,-835.82,-1694.1,-Inf,-Inf,-Inf,-Inf,-Inf,-Inf,-Inf
1695,1695,-835.77,-1705.3,-Inf,-Inf,-Inf,-Inf,-Inf,-Inf,-Inf,1695,1695,-838.68,-1687.4,-Inf,-Inf,-Inf,-Inf,-Inf,-Inf,-Inf,1695,1695,-842.96,-1704,-Inf,-Inf,-Inf,-Inf,-Inf,-Inf,-Inf
1696,1696,-842.83,-1715.6,-Inf,-Inf,-Inf,-Inf,-Inf,-Inf,-Inf,1696,1696,-842.76,-1698,-Inf,-Inf,-Inf,-Inf,-Inf,-Inf,-Inf,1696,1696,-846.14,-1713.7,-Inf,-Inf,-Inf,-Inf,-Inf,-Inf,-Inf
1697,1697,-845.8,-1725.5,-Inf,-Inf,-Inf,-Inf,-Inf,-Inf,-Inf,1697,1697,-849.52,-1708.3,-Inf,-Inf,-Inf,-Inf,-Inf,-Inf,-Inf,1697,1697,-852.46,-1723.4,-Inf,-Inf,-Inf,-Inf,-Inf,-Inf,-Inf
1698,1698,-852.7,-1735.2,-Inf,-Inf,-Inf,-Inf,-Inf,-Inf,-Inf,1698,1698,-852.59,-1718.3,-Inf,-Inf,-Inf,-Inf,-Inf,-Inf,-Inf,1698,1698,-856.92,-1733.4,-Inf,-Inf,-Inf,-Inf,-Inf,-Inf,-Inf
1699,1699,-856.34,-1744.9,-Inf,-Inf,-Inf,-Inf,-Inf,-Inf,-Inf,1699,1699,-859.7,-1728,-Inf,-Inf,-Inf,-Inf,-Inf,-Inf,-Inf,1699,1699,-861.76,-1743.7,-Inf,-Inf,-Inf,-Inf,-Inf,-Inf,-Inf
1700,1700,-862.04,-1754.9,-Inf,-Inf,-Inf,-Inf,-Inf,-Inf,-Inf,1700,1700,-862.94,-1737.7,-Inf,-Inf,-Inf,-Inf,-Inf,-Inf,-Inf,1700,1700,-867.88,-1754.3,-Inf,-Inf,-Inf,-Inf,-Inf,-Inf,-Inf
1701,1701,-867.25,-1765.2,-Inf,-Inf,-Inf,-Inf,-Inf,-Inf,-Inf,1701,1701,-869.17,-1747.7,-Inf,-Inf,-Inf,-Inf,-Inf,-Inf,-Inf,1701,1701,-871.35,-1764.8,-Inf,-Inf,-Inf,-Inf,-Inf,-Inf,-Inf
1702,1702,-871.43,-1775.8,-Inf,-Inf,-Inf,-Inf,-Inf,-Inf,-Inf,1702,1702,-873.74,-1757.9,-Inf,-Inf,-Inf,-Inf,-Inf,-Inf,-Inf,1702,1702,-878.46,-1775.1,-Inf,-Inf,-Inf,-Inf,-Inf,-Inf,-Inf
1703,1703,-878.11,-1786.3,-Inf,-Inf,-Inf,-Inf,-Inf,-Inf,-Inf,1703,1703,-878.48,-1768.5,-Inf,-Inf,-Inf,-Inf,-Inf,-Inf,-Inf,1703,1703,-881.44,-1785,-Inf,-Inf,-Inf,-Inf,-Inf,-Inf,-Inf
1704,1704,-881.22,-1796.6,-Inf,-Inf,-Inf,-Inf,-Inf,-Inf,-Inf,1704,1704,-884.69,-1779,-Inf,-Inf,-Inf,-Inf,-Inf,-Inf,-Inf,1704,1704,-888.24,-1794.6,-Inf,-Inf,-Inf,-Inf,-Inf,-Inf,-Inf
1705,1705,-888.36,-1806.5,-Inf,-Inf,-Inf,-Inf,-Inf,-Inf,-Inf,1705,1705,-888.1,-1789.3,-Inf,-Inf,-Inf,-Inf,-Inf,-Inf,-Inf,1705,1705,-892.03,-1804.4,-Inf,-Inf,-Inf,-Inf,-Inf,-Inf,-Inf
1706,1706,-891.54,-1816.2,-Inf,-Inf,-Inf,-Inf,-Inf,-Inf,-Inf,1706,1706,-895.23,-1799.2,-Inf,-Inf,-Inf,-Inf,-Inf,-Inf,-Inf,1706,1706,-897.56,-1814.4,-Inf,-Inf,-Inf,-Inf,-Inf,-Inf,-Inf
1707,1707,-897.87,-1825.9,-Inf,-Inf,-Inf,-Inf,-Inf,-Inf,-Inf,1707,1707,-898.22,-1808.9,-Inf,-Inf,-Inf,-Inf,-Inf,-Inf,-Inf,1707,1707,-902.96,-1824.8,-Inf,-Inf,-Inf,-Inf,-Inf,-Inf,-Inf
1708,1708,-902.31,-1836,-Inf,-Inf,-Inf,-Inf,-Inf,-Inf,-Inf,1708,1708,-904.97,-1818.7,-Inf,-Inf,-Inf,-Inf,-Inf,-Inf,-Inf,1708,1708,-906.98,-1835.3,-Inf,-Inf,-Inf,-Inf,-Inf,-Inf,-Inf
1709,1709,-907.17,-1846.3,-Inf,-Inf,-Inf,-Inf,-Inf,-Inf,-Inf,1709,1709,-908.84,-1828.7,-Inf,-Inf,-Inf,-Inf,-Inf,-Inf,-Inf,1709,1709,-913.78,-1845.9,-Inf,-Inf,-Inf,-Inf,-Inf,-Inf,-Inf
1710,1710,-913.27,-1856.8,-Inf,-Inf,-Inf,-Inf,-Inf,-Inf,-Inf,1710,1710,-914.27,-1839,-Inf,-Inf,-Inf,-Inf,-Inf,-Inf,-Inf,1710,1710,-916.83,-1856.1,-Inf,-Inf,-Inf,-Inf,-Inf,-Inf,-Inf
1711,1711,-916.75,-1867.4,-Inf,-Inf,-Inf,-Inf,-Inf,-Inf,-Inf,1711,1711,-919.78,-1849.5,-Inf,-Inf,-Inf,-Inf,-Inf,-Inf,-Inf,1711,1711,-923.93,-1865.9,-Inf,-Inf,-Inf,-Inf,-Inf,-Inf,-Inf
1712,1712,-923.85,-1877.6,-Inf,-Inf,-Inf,-Inf,-Inf,-Inf,-Inf,1712,1712,-923.72,-1860.1,-Inf,-Inf,-Inf,-Inf,-Inf,-Inf,-Inf,1712,1712,-927.21,-1875.6,-Inf,-Inf,-Inf,-Inf,-Inf,-Inf,-Inf
1713,1713,-926.83,-1887.5,-Inf,-Inf,-Inf,-Inf,-Inf,-Inf,-Inf,1713,1713,-930.58,-1870.3,-Inf,-Inf,-Inf,-Inf,-Inf,-Inf,-Inf,1713,1713,-933.38,-1885.4,-Inf,-Inf,-Inf,-Inf,-Inf,-Inf,-Inf
1714,1714,-933.65,-1897.1,-Inf,-Inf,-Inf,-Inf,-Inf,-Inf,-Inf,1714,1714,-933.6,-1880.2,-Inf,-Inf,-Inf,-Inf,-Inf,-Inf,-Inf,1714,1714,-938.02,-1895.5,-Inf,-Inf,-Inf,-Inf,-Inf,-Inf,-Inf
1715,1715,-937.42,-1906.9,-Inf,-Inf,-Inf,-Inf,-Inf,-Inf,-Inf,1715,1715,-940.67,-1889.9,-Inf,-Inf,-Inf,-Inf,-Inf,-Inf,-Inf,1715,1715,-942.7,-1905.8,-Inf,-Inf,-Inf,-Inf,-Inf,-Inf,-Inf
1716,1716,-942.97,-1917,-Inf,-Inf,-Inf,-Inf,-Inf,-Inf,-Inf,1716,1716,-944.01,-1899.7,-Inf,-Inf,-Inf,-Inf,-Inf,-Inf,-Inf,1716,1716,-948.97,-1916.4,-Inf,-Inf,-Inf,-Inf,-Inf,-Inf,-Inf
1717,1717,-948.35,-1927.3,-Inf,-Inf,-Inf,-Inf,-Inf,-Inf,-Inf,1717,1717,-950.1,-1909.7,-Inf,-Inf,-Inf,-Inf,-Inf,-Inf,-Inf,1717,1717,-952.34,-1926.9,-Inf,-Inf,-Inf,-Inf,-Inf,-Inf,-Inf
1718,1718,-952.38,-1937.9,-Inf,-Inf,-Inf,-Inf,-Inf,-Inf,-Inf,1718,1718,-954.85,-1920,-Inf,-Inf,-Inf,-Inf,-Inf,-Inf,-Inf,1718,1718,-959.47,-1937.1,-Inf,-Inf,-Inf,-Inf,-Inf,-Inf,-Inf
1719,1719,-959.18,-1948.4,-Inf,-Inf,-Inf,-Inf,-Inf,-Inf,-Inf,1719,1719,-959.42,-1930.6,-Inf,-Inf,-Inf,-Inf,-Inf,-Inf,-Inf,1719,1719,-962.48,-1946.9,-Inf,-Inf,-Inf,-Inf,-Inf,-Inf,-Inf
1720,1720,-962.23,-1958.6,-Inf,-Inf,-Inf,-Inf,-Inf,-Inf,-Inf,1720,1720,-965.78,-1941.1,-Inf,-Inf,-Inf,-Inf,-Inf,-Inf,-Inf,1720,1720,-969.18,-1956.6,-Inf,-Inf,-Inf,-Inf,-Inf,-Inf,-Inf
1721,1721,-969.34,-1968.4,-Inf,-Inf,-Inf,-Inf,-Inf,-Inf,-Inf,1721,1721,-969.09,-1951.3,-Inf,-Inf,-Inf,-Inf,-Inf,-Inf,-Inf,1721,1721,-973.12,-1966.4,-Inf,-Inf,-Inf,-Inf,-Inf,-Inf,-Inf
1722,1722,-972.6,-1978.1,-Inf,-Inf,-Inf,-Inf,-Inf,-Inf,-Inf,1722,1722,-976.24,-1961.2,-Inf,-Inf,-Inf,-Inf,-Inf,-Inf,-Inf,1722,1722,-978.49,-1976.5,-Inf,-Inf,-Inf,-Inf,-Inf,-Inf,-Inf
1723,1723,-978.79,-1987.9,-Inf,-Inf,-Inf,-Inf,-Inf,-Inf,-Inf,1723,1723,-979.27,-1970.9,-Inf,-Inf,-Inf,-Inf,-Inf,-Inf,-Inf,1723,1723,-984.07,-1986.9,-Inf,-Inf,-Inf,-Inf,-Inf,-Inf,-Inf
1724,1724,-983.42,-1998,-Inf,-Inf,-Inf,-Inf,-Inf,-Inf,-Inf,1724,1724,-985.9,-1980.7,-Inf,-Inf,-Inf,-Inf,-Inf,-Inf,-Inf,1724,1724,-987.94,-1997.5,-Inf,-Inf,-Inf,-Inf,-Inf,-Inf,-Inf
1725,1725,-988.1,-2008.4,-Inf,-Inf,-Inf,-Inf,-Inf,-Inf,-Inf,1725,1725,-989.94,-1990.7,-Inf,-Inf,-Inf,-Inf,-Inf,-Inf,-Inf,1725,1725,-994.84,-2007.9,-Inf,-Inf,-Inf,-Inf,-Inf,-Inf,-Inf
1726,1726,-994.36,-2019,-Inf,-Inf,-Inf,-Inf,-Inf,-Inf,-Inf,1726,1726,-995.2,-2001.1,-Inf,-Inf,-Inf,-Inf,-Inf,-Inf,-Inf,1726,1726,-997.85,-2018.1,-Inf,-Inf,-Inf,-Inf,-Inf,-Inf,-Inf
1727,1727,-997.74,-2029.5,-Inf,-Inf,-Inf,-Inf,-Inf,-Inf,-Inf,1727,1727,-1000.9,-2011.7,-Inf,-Inf,-Inf,-Inf,-Inf,-Inf,-Inf,1727,1727,-1004.9,-2027.9,-Inf,-Inf,-Inf,-Inf,-Inf,-Inf,-Inf
1728,1728,-1004.9,-2039.6,-Inf,-Inf,-Inf,-Inf,-Inf,-Inf,-Inf,1728,1728,-1004.7,-2022.2,-Inf,-Inf,-Inf,-Inf,-Inf,-Inf,-Inf,1728,1728,-1008.3,-2037.6,-Inf,-Inf,-Inf,-Inf,-Inf,-Inf,-Inf
1729,1729,-1007.9,-2049.4,-Inf,-Inf,-Inf,-Inf,-Inf,-Inf,-Inf,1729,1729,-1011.6,-2032.3,-Inf,-Inf,-Inf,-Inf,-Inf,-Inf,-Inf,1729,1729,-1014.3,-2047.4,-Inf,-Inf,-Inf,-Inf,-Inf,-Inf,-Inf
1730,1730,-1014.6,-2059.1,-Inf,-Inf,-Inf,-Inf,-Inf,-Inf,-Inf,1730,1730,-1014.6,-2042.2,-Inf,-Inf,-Inf,-Inf,-Inf,-Inf,-Inf,1730,1730,-1019.1,-2057.5,-Inf,-Inf,-Inf,-Inf,-Inf,-Inf,-Inf
1731,1731,19.348,28.475,34.008,46.473,54.616,57.065,47.042,57.139,53.603,1731,1731,8.651,25.526,34.552,47.855,52.834,59.24,51.531,59.135,56.342,1731,1731,16.766,29.707,36.719,45.11,52.144,52.859,56.867,70.201,64.92
1732,1732,27.068,25.619,34.772,45.17,54.919,61.276,49.21,51.729,52.482,1732,1732,22.889,26.142,33.795,46.431,56.121,60.01,49.817,52.569,51.04,1732,1732,23.362,27.675,37.352,47.776,52.994,52.327,52.722,58.432,54.54
1733,1733,27.899,33.045,36.082,48.999,59.539,60.915,46.857,41.706,62.157,1733,1733,31.64,35.836,38.051,42.29,51.973,59.098,49.35,45.828,52.077,1733,1733,17.584,26.496,36.497,48.905,53.885,51.038,50.791,53.113,44.934
1734,1734,31.331,28.458,36.387,50.073,60.494,58.118,44.136,37.827,62.199,1734,1734,37.622,38.126,31.88,45.29,53.929,60.806,49.676,37.354,51.721,1734,1734,24.753,25.045,38.111,48.527,55.106,51.187,49.761,50.222,43.171
1735,1735,32.264,23.507,30.144,50.379,58.349,58.005,45.922,37.998,62.125,1735,1735,36.552,33.216,34.554,45.26,54.739,58.399,47.699,39.039,51.785,1735,1735,19.703,20.907,41.762,48.125,52.328,50.276,49.621,50.738,42.968
1736,1736,24.628,32.757,33.258,50.322,61.518,59.312,46.887,40.18,62.135,1736,1736,33.871,36.632,34.629,47.675,55.967,59.74,48.922,40.25,51.781,1736,1736,18.374,27.109,38.405,49.65,54.158,50.666,51.907,53.049,43.2
1737,1737,32.161,32.729,32.181,48.482,56.375,60.391,45.921,40.691,61.705,1737,1737,31.442,33.812,34.598,45.275,56.552,59.733,49.2,41.054,51.24,1737,1737,20.014,32.349,40.435,46.153,53.045,53.566,52.989,52.987,44.66
1738,1738,29.98,31.218,35.911,47.309,59.352,61.522,48.251,41.548,45.399,1738,1738,26.452,30.901,33.971,46.38,54.15,57.346,46.333,40.935,39.331,1738,1738,16.587,28.87,39.342,50.248,54.152,52.141,52.148,52.792,41.714
1739,1739,28.963,25.147,36.519,46.118,57.898,63.624,53.045,61.216,50.877,1739,1739,32.266,29.743,30.297,48.816,54.229,61.016,51.452,54.215,45.774,1739,1739,9.0475,19.752,37.315,50.294,54.484,52.91,57.552,70.8,58.372
1740,1740,31.119,26.507,34.238,46.943,56.899,63.524,53.479,61.246,51.183,1740,1740,36.022,25.305,33.587,49.016,54.838,60.843,51.495,54.222,46.082,1740,1740,13.721,25.098,34.129,50.253,54.106,52.947,57.694,70.821,59.077
1741,1741,30.37,23.927,35.468,47.322,59.787,62.722,48.07,40.392,42.843,1741,1741,34.343,26.402,26.636,46.366,55.207,59.382,47.488,40.596,38.942,1741,1741,15.811,25.04,34.149,51.21,58.511,57.277,51.101,51.747,42.932
1742,1742,23.548,26.591,38.6,49.049,57.177,60.954,47.634,41.381,44.833,1742,1742,27.77,27.67,32.837,48.892,53.48,58.21,47.068,39.815,39.286,1742,1742,11.266,27.084,37.181,48.737,52.315,53.234,51.293,52.988,42.998
1743,1743,24.749,30.541,34.767,50.062,59.705,64.458,50.66,41.322,41.557,1743,1743,29.494,29.09,32.696,45.451,54.73,58.34,47.03,40.123,38.538,1743,1743,9.525,28.92,37.62,47.391,56.325,52.813,51.751,53.105,42.125
1744,1744,25.411,27.383,38.566,48.812,59.464,66.716,53.119,38.658,43.958,1744,1744,29.386,29.711,34.437,45.838,58.565,58.906,47.503,38.548,39.112,1744,1744,6.0944,29.141,35.977,45.687,59.829,54.965,53.232,50.814,41.935
1745,1745,23.492,31.397,32.5,48.786,58.547,64.427,51.156,38.98,41.826,1745,1745,26.52,33.943,34.996,49.371,58.443,63.286,52.134,38.351,38.847,1745,1745,4.4087,19.43,33.119,47.136,58.386,56.864,54.916,49.853,41.126
1746,1746,26.028,26.046,33.033,52.898,55.921,68.851,55.472,41.277,43.96,1746,1746,28.134,31.624,37.406,47.535,59.032,63.312,52.963,39.447,39.081,1746,1746,4.1167,25.437,37.745,48.122,60.144,57.569,55.074,49.678,42.393
1747,1747,24.944,29.067,35.256,51.116,61.374,65.631,51.88,47.667,44.983,1747,1747,30.7,33.081,37.925,48.352,56.44,63.3,52.464,44.531,41.231,1747,1747,6.1065,23.828,37.237,52.838,62.932,58.185,55.401,54.673,46.487
1748,1748,23.111,28.33,30.801,54.281,63.529,65.804,53.431,48.276,45.303,1748,1748,27.536,29.087,35.04,51.01,61.966,63.992,54.395,46.371,41.291,1748,1748,4.7518,27.844,39.121,54.251,64.712,57.121,58.655,56.04,44.51
1749,1749,17.861,21.346,39.022,58.921,66.73,68.48,56.562,49.788,47.503,1749,1749,22.864,23.674,34.414,51.537,62.189,66.78,55.782,51.465,45.051,1749,1749,8.708,24.741,39.346,55.132,67.339,60.826,58.016,59.732,49.843
1750,1750,24.293,27.522,38.506,60.559,66.222,69.05,56.355,47.278,47.739,1750,1750,28.979,27.83,33.054,48.945,59.568,69.141,59.289,51.075,45.438,1750,1750,6.0868,23.597,39.786,57.631,65.432,62.182,59.589,57.248,49.316
1751,1751,22.303,26.184,38.074,61.128,67.009,72.686,59.486,44.727,45.861,1751,1751,25.561,32.235,36.195,51.696,62.166,71.204,60.992,43.599,41.637,1751,1751,9.4924,27.439,39.246,54.485,65.85,66.424,63.057,54.687,46.168
1752,1752,18.519,26.7,36.353,54.929,64.277,74.519,60.127,46.264,47.394,1752,1752,27.509,32.5,39.973,53.066,61.067,72.892,60.754,44.858,43.217,1752,1752,13.25,28.072,40.871,53.85,65.776,68.129,62.222,56.232,47.38
1753,1753,29.333,25.325,36.837,54.214,63.073,72.312,56.788,46.538,48.306,1753,1753,36.662,33.521,37.802,54.629,63.98,74.085,60.662,44.987,42.484,1753,1753,22.284,18.072,37.97,52.881,64.731,69.788,60.724,55.735,47.363
1754,1754,27.743,29.941,38.284,51.339,63.595,73.284,60.176,50.185,48.354,1754,1754,35.12,28.36,39.099,56.072,64.286,78.342,66.731,48.381,43.287,1754,1754,20.479,31.023,42.297,51.446,65.992,70.356,63.983,60.599,48.698
1755,1755,25.207,24.525,37.893,55.603,64.856,74.925,62.723,54.141,50.749,1755,1755,31.086,32.537,37.639,53.28,65.012,80.202,69.18,52.741,45.064,1755,1755,17.876,28.807,43.09,55.595,66.998,72.434,69.743,66.472,51.081
1756,1756,17.886,27.6,39.11,59.978,68.646,82.502,70.983,59.266,53.857,1756,1756,26.134,28.723,36.418,57.63,67.066,84.564,74.442,59.052,47.484,1756,1756,11.182,37.003,42.7,60.716,68.895,79.039,79.01,70.291,53.534
1757,1757,17.604,27.9,37.203,58.178,71.83,83.869,70.856,64.501,57.793,1757,1757,24.637,30.259,37.56,51.608,65.751,79.28,68.997,62.319,50.682,1757,1757,11.47,35.749,42.421,62.177,73.462,79.27,78.026,75.71,58.713
1758,1758,25.655,25.179,46.513,63.084,74.156,85.244,74.081,72.013,61.861,1758,1758,24.86,32.244,36.185,56.713,66.633,79.037,72.304,69.995,58.284,1758,1758,12.929,39.31,46.061,67.078,77.492,80.014,83.831,80.79,63.018
1759,1759,22.21,31.774,44.011,57.774,71.074,82.712,72.56,68.629,58.32,1759,1759,26.388,25.796,34.842,57.175,68.117,85.015,76.28,68.626,55.469,1759,1759,15.613,36.257,41.039,63.878,75.342,79.721,83.836,80.429,61.498
1760,1760,25.908,31.892,39.134,57.047,70.752,76.92,66.396,64.247,53.724,1760,1760,21.694,27.359,36.861,60.981,71.787,83.276,73.925,65.102,51.431,1760,1760,5.7517,36.06,43.832,65.865,76.844,75.85,77.62,75.724,56.664
1761,1761,21.616,30.418,40.595,55.291,65.846,73.871,63.716,60.282,50.441,1761,1761,25.735,27.628,38.869,59.115,70.555,80.198,69.813,60.681,50.102,1761,1761,12.67,32.023,40.079,61.305,71.983,71.437,74.635,70.966,52.753
1762,1762,27.415,29.719,35.56,52.354,63.52,74.709,61.409,58.211,48.836,1762,1762,28.295,26.996,33.927,54.213,65.479,78.003,67.135,57.92,48.262,1762,1762,10.139,27.842,40.906,55.769,67.037,70.347,73.11,68.026,49.666
1763,1763,27.654,26.747,35.076,49.541,61.985,72.475,59.724,53.197,45.628,1763,1763,33.167,29.743,35.024,51.528,62.532,77.807,68.06,53.45,46.54,1763,1763,15.594,25.678,41.821,50.514,61.669,68.224,68.6,64.827,48.282
1764,1764,28.12,27.291,28.006,47.091,58.457,66.019,52.736,49.424,45.669,1764,1764,32.268,32.742,37.745,48.921,61.026,74.613,64.79,48.594,44.621,1764,1764,12.779,26.007,38.777,49.135,59.607,61.851,61.026,58.922,46.046
1765,1765,19.982,28.228,33.006,45.998,58.941,65.199,51.861,46.612,43.743,1765,1765,26.448,32.738,36.545,50.446,60.357,72.134,62.589,47.593,42.763,1765,1765,10.273,33.089,38.854,50.433,61.195,63.957,59.367,57.342,44.511
1766,1766,21.753,33.76,34.173,45.805,55.016,66.265,52.817,44.702,44.962,1766,1766,22.747,36.064,36.467,49.985,59.728,70.178,60.955,46.415,42.921,1766,1766,3.1843,28.697,36.206,51.317,60.897,59.26,57.294,56.426,44.974
1767,1767,25.603,26.835,32.686,46.479,57.339,64.435,50.786,44.217,42.86,1767,1767,29.867,29.329,32.389,48.481,58.652,70.48,60.784,45.815,41.748,1767,1767,6.3194,26.723,35.414,50.617,60.377,59.214,55.515,54.754,43.503
1768,1768,25.478,23.769,35.697,44.637,54.965,60.956,48.144,42.694,42.893,1768,1768,30.134,30.976,27.389,42.348,53.93,67.057,57.246,43.666,41.242,1768,1768,10.989,28.127,32.303,49.694,59.183,57.783,55.033,53.279,42.878
1769,1769,28.833,31.833,30.017,42.846,52.023,60.324,48.894,43.156,42.942,1769,1769,32.23,31.216,33.059,43.616,54.821,68.32,58.018,43.968,41.012,1769,1769,9.5913,18.205,32.68,51.767,61.447,56.173,55.415,53.662,43.072
1770,1770,29.303,27.405,35.142,44.81,56.253,63.822,52.102,50.019,45.609,1770,1770,32.948,32.779,33.805,46.961,58.64,65.818,56.018,50.508,44.103,1770,1770,12.505,22.365,38.763,52.42,63.548,57.761,56.631,56.537,48.48
1771,1771,34.477,32.089,35.207,51.017,59.67,65.744,51.975,40.734,43.456,1771,1771,39.276,36.884,38.685,50.282,61.441,62.666,50.674,41.657,39.661,1771,1771,19.86,22.13,37.446,54.246,66.906,56.701,53.391,51.415,42.745
1772,1772,37.232,29.162,35.505,47.479,58.681,61.216,47.491,38.09,41.693,1772,1772,40.734,31.575,29.704,48.759,58.275,63.851,52.585,39.083,39.104,1772,1772,18.928,24.875,32.849,54.976,62.5,55.876,50.474,48.898,41.571
1773,1773,27.387,23.739,32.514,45.544,54.533,58.739,46.377,38.312,43.894,1773,1773,31.162,28.142,31.398,49.302,58.986,60.8,49.772,37.774,39.373,1773,1773,12.083,26.629,35.994,52.083,60.859,53.159,49.607,47.622,41.594
1774,1774,26.9,27.858,37.981,45.5,51.362,60.482,48.421,37.365,41.443,1774,1774,33.221,25.921,33.99,48.546,57.716,61.382,50.466,38.103,38.587,1774,1774,14.146,25.119,38.333,51.386,60.296,51.658,51.093,47.922,41.153
1775,1775,27.99,28.565,32.58,46.329,55.681,59.427,46.839,38.396,43.711,1775,1775,33.462,32.248,34.236,50.321,59.376,60.958,50.855,39.138,39.814,1775,1775,15.21,25.089,28.718,50.669,60.439,52.536,52.445,47.33,42.5
1776,1776,27.502,25.928,32.747,43.618,53.381,60.463,46.498,42.113,41.076,1776,1776,32.332,33.267,34.069,48.219,58.412,61.56,52.395,43.635,38.861,1776,1776,11.074,24.668,33.818,51.983,62.07,51.835,54.084,53.708,42.39
1777,1777,22.694,23.736,32.293,47.051,56.372,63.602,50.706,43.684,43.734,1777,1777,29.448,31.576,33.02,43.917,55.184,61.027,50.088,46.604,39.801,1777,1777,10.11,18.805,31.751,52.222,62.049,55.307,54.043,56.249,43.523
1778,1778,19.206,25.726,34.521,49.267,58.587,65.057,52.351,43.838,42.406,1778,1778,29.834,32.118,31.394,45.427,54.853,62.994,52.309,44.263,39.36,1778,1778,12.312,23.861,31.85,50.816,56.673,52.995,54.825,58.211,44.171
1779,1779,25.827,29.36,36.361,50.226,60.291,68.492,55.259,49.087,45.473,1779,1779,36.069,38.981,33.351,49.007,59.337,68.864,57.556,48.741,43.406,1779,1779,20.149,29.557,37.51,52.81,62.835,59.126,59.085,61.148,51.168
1780,1780,27.331,26.661,33.359,45.241,56.452,65.293,53.608,47.234,43.603,1780,1780,34.456,32.265,31.988,48.491,58.528,69.071,57.927,48.59,42.225,1780,1780,19.554,28.644,36.693,53.354,62.73,60.595,57.754,61.115,46.775
1781,1781,27.237,28.064,34.981,43.749,57.555,68.245,57.189,52.229,48.896,1781,1781,26.706,24.676,31.984,46.403,57.993,71.714,61.453,54.334,47.331,1781,1781,13.502,21.766,36.114,49.502,58.414,59.824,61.494,67.432,57.193
1782,1782,29.305,29.761,29.009,41.553,53.405,67.665,55.746,46.983,42.287,1782,1782,29.645,33.789,34.676,44.381,54.443,70.605,60.18,46.924,40.055,1782,1782,17.887,24.51,32.481,47.68,58.066,58.642,57.118,60.28,45.143
1783,1783,32.942,26.012,26.636,41.819,57.332,71.514,60.291,46.381,45.369,1783,1783,36.329,32.144,27.143,42.791,55.747,70.973,62.689,45.896,41.266,1783,1783,18.742,26.008,31.649,45.961,59.268,63.403,61.921,57.279,45.383
1784,1784,29.753,29.191,28.857,47.865,64.982,75.479,63.049,45.385,42.513,1784,1784,30.37,22.088,29.407,43.702,63.514,76.145,67.595,46.93,40.288,1784,1784,13.37,24.759,35.944,50.188,65.734,67.249,63.681,57.949,44.072
1785,1785,32.116,29.05,38.821,51.225,63.687,78.753,65.932,63.357,55.396,1785,1785,31.885,29.855,36.013,48.275,62.564,75.455,66.754,64.493,55.837,1785,1785,5.9298,27.067,42.123,52.897,63.517,67.933,65.099,71.254,64.689
1786,1786,21.079,37.697,35.524,55.199,65.441,80.887,69.176,49.38,46.974,1786,1786,25.094,34.519,34.427,48.283,59.814,80.217,70.237,49.948,43.264,1786,1786,16.339,34.393,39.052,48.167,60.67,72.377,71.987,62.406,47.788
1787,1787,22.162,32.872,36.747,58.242,70.778,86.837,72.655,50.324,48.971,1787,1787,23.526,34.937,34.077,50.355,65.559,82.525,71.431,49.642,43.569,1787,1787,11.455,29.041,34.579,55.771,69.392,76.086,75.315,60.95,47.966
1788,1788,25.422,30.27,34.271,58.979,71.015,89.794,76.972,58.445,50.419,1788,1788,26.848,32.557,36.975,51.642,67.234,87.959,76.657,56.597,45.864,1788,1788,14.645,21.66,34.166,57.726,69.344,80.981,78.374,67.253,51.525
1789,1789,28.263,23.484,39.195,62.959,72.675,90.363,76.454,57.376,51.235,1789,1789,34.767,33.719,35.252,55.712,69.857,91.086,79.18,57.31,47.042,1789,1789,18.378,26.537,35.903,47.952,67.848,83.372,79.999,69.211,53.092
1790,1790,24.003,20.907,34.263,60.123,71.423,91.729,78.482,63.328,53.813,1790,1790,32.423,30.66,35.919,53.164,69.805,89.613,77.843,62.137,50.424,1790,1790,18.315,26.034,36.793,51.797,69.493,82.799,82.693,74.387,57.079
1791,1791,18.419,26.667,37.769,65.543,74.033,94.438,81.716,75.889,62.912,1791,1791,32.833,31.782,35.599,55.789,70.612,89.976,80.321,72.188,59.434,1791,1791,16.817,24.258,36.729,55.875,71.884,84.057,91.061,88.47,67.651
1792,1792,23.681,28.923,38.042,60.586,71.005,92.099,81.238,80.421,65.455,1792,1792,23.816,27.511,36.982,55.738,68.48,89.545,83.138,82.72,63.342,1792,1792,8.5577,27.222,32.741,53.262,70.017,84.132,93.455,97.156,71.991
1793,1793,26.252,32.862,40.193,53.803,76.111,90.78,85.96,84.178,69.078,1793,1793,29.19,23.715,32.529,48.317,70.356,91.387,85.733,83.419,65.445,1793,1793,10.711,26.922,42.693,56.894,77.194,92.441,97.629,96.462,74.976
1794,1794,28.2,27.588,37.042,53.149,74.657,90.37,86.039,84.905,69.122,1794,1794,30.766,28.157,39.277,47.779,68.873,89.567,86.944,83.98,66.092,1794,1794,9.8626,29.785,40.039,56.38,74.213,91.974,98.145,97.059,75.222
1795,1795,27.305,23.542,40.44,54.465,76.404,91.411,85.531,83.989,68.574,1795,1795,30.218,26.689,35.06,45.901,67.405,89.844,85.846,83.77,66.223,1795,1795,10.076,27.385,35.391,54.282,75.978,89.824,97.699,97.686,76.529
1796,1796,32.077,33.683,45.694,54.663,71.109,85.989,77.237,76.151,72,1796,1796,27.229,30.677,40.772,47.498,69.119,91.023,82.702,78.978,80.438,1796,1796,12.029,26.496,34.623,47.079,67.741,78.576,89.646,88.754,77.876
1797,1797,32.485,31.455,32.657,48.71,64.472,83.443,72.762,70.12,56.264,1797,1797,28.461,27.094,33.611,48.969,64.752,84.595,75.063,69.447,56.463,1797,1797,10.704,25.564,31.736,45.449,63.842,74.335,85.115,84.101,62.365
1798,1798,22.592,26.099,32.935,43.61,61.201,78.246,67.888,64.403,51.663,1798,1798,27.295,25.773,30.861,42.077,63.792,81.764,72.895,64.369,51.65,1798,1798,7.1391,20.351,30.791,46.533,64.493,71.574,80.366,79.251,57.586
1799,1799,20.546,23.918,29.075,43.553,56.903,70.456,62.887,59.737,48.085,1799,1799,26.333,30.959,30.246,43.279,58.74,79.381,69.769,60.101,48.783,1799,1799,6.765,17.55,33.923,46.387,59.257,64.693,75.942,74.167,53.266
1800,1800,23.537,33.231,31.742,43.657,54.502,68.543,59.596,53.17,47.405,1800,1800,28.295,33.801,31.783,43.381,55.38,75.298,65.166,52.386,43.983,1800,1800,9.9884,21.873,31.368,43.085,58.464,61.69,70.23,66.446,47.835
1801,1801,25.335,26.029,35.531,40.797,55.052,67.26,57.355,50.516,43.837,1801,1801,30.419,29.055,30.254,41.918,54.881,64.753,58.312,50.932,41.956,1801,1801,12.49,23.024,28.807,44.34,57.473,55.711,68.315,63.065,45.78
1802,1802,28.487,20.157,34.104,46.103,54.709,65.031,57.211,49.167,44.768,1802,1802,32.094,25.399,29.31,43.63,55.882,66.651,58.381,49.516,41.369,1802,1802,13.425,25.3,33.437,52.228,59.528,58.75,67.526,63.456,45.746
1803,1803,21.575,28.45,35.567,45.92,54.589,68.612,58.716,53.699,43.772,1803,1803,24.939,31.894,28.931,44.516,55.222,66.588,57.482,54.591,43.833,1803,1803,4.359,19.035,32.843,52.616,58.969,60.157,63.498,67.524,49.967
1804,1804,20.817,27.733,34.871,42.357,56.076,68.459,57.277,51.556,45.683,1804,1804,24.363,28.89,29.534,49.749,56.859,66.232,56.853,53.576,44.637,1804,1804,6.9394,18.075,33.019,48.906,58.203,57.979,62.858,64.726,48.868
1805,1805,18.8,27.428,32.88,44.336,54.516,65.985,55.421,53.499,44.641,1805,1805,22.735,27.51,31.696,40.304,50.9,64.908,56.64,51.36,42.474,1805,1805,-1.0012,21.769,34.928,48.083,58.548,58.785,63.235,63.62,48.413
1806,1806,25.149,23.385,31.958,48.87,53.471,63.224,50.874,56.522,48.016,1806,1806,29.041,25.032,30.734,43.492,51.435,61.202,51.062,52.23,43.051,1806,1806,6.9775,23.438,34.229,49.088,56.534,53.495,59.924,62.626,50.944
1807,1807,20.49,23.202,31.343,47.562,53.711,64.396,52.906,59.92,49.178,1807,1807,24.119,28.122,32.879,41.98,48.201,61.447,51.914,52.893,44.652,1807,1807,3.8641,20.217,30.328,46.981,53.541,55.985,60.59,64.179,53.587
1808,1808,28.707,27.355,29.138,42.382,52.663,68.131,55.86,54.989,48.849,1808,1808,32.689,26.22,29.737,43.201,50.98,64.392,55.254,55.096,46.297,1808,1808,11.515,20.222,32.475,45.79,54.258,56.914,62.063,69.964,57.707
1809,1809,31.472,28.363,30.095,39.8,52.11,68.051,56.713,53.083,45.715,1809,1809,35.625,30.808,31.552,42.942,50.479,68.905,59.625,54.34,44.994,1809,1809,14.069,16.526,30.529,43.713,53.947,59.99,63.087,69.154,50.434
1810,1810,25.098,26.528,27.312,44.75,55.454,69.646,58.156,52.112,44.994,1810,1810,29.372,31.556,31.87,40.902,51.394,69.293,60.723,53.523,43.771,1810,1810,11.026,20.799,31.93,44.668,54.708,61.126,66.14,70.409,48.91
1811,1811,19.921,28.607,32.615,44.091,54.328,69.862,57.694,50.576,43.819,1811,1811,24.421,31.18,33.132,42.044,52.432,66.061,57.859,51.994,42.767,1811,1811,8.6225,21.827,27.874,44.582,54.645,61.355,65.406,68.166,47.569
1812,1812,20.351,26.953,31.98,45.967,54.95,68.143,56.645,49.21,42.766,1812,1812,23.943,29.13,30.135,44.113,54.37,67.605,58.414,50.836,41.771,1812,1812,10.956,20.041,34.495,48.675,54.656,59.289,63.637,67.259,47.584
1813,1813,17.739,24.424,34.327,41.253,53.137,65.601,54.793,48.486,43.669,1813,1813,23.406,19.656,32.327,38.692,52.184,64.67,55.448,51.341,41.718,1813,1813,3.8457,24.773,31.393,48.664,57.582,60.096,61.288,62.687,45.2
1814,1814,20.232,24.965,39.204,48.04,56.607,68.916,57.397,50.445,44.083,1814,1814,23.778,25.962,39.949,43.688,52.515,64.279,54.064,51.284,43.185,1814,1814,13.543,36.697,45.258,48.614,53.137,59.806,60.104,62.585,48.636
1815,1815,27.795,20.492,35.569,42.641,53.585,68.531,56.879,51.217,45.484,1815,1815,31.715,25.983,31.797,44.143,53.814,65.51,55.788,50.586,42.023,1815,1815,16.082,30.208,37.263,47.102,55.751,56.233,56.965,62.756,48.799
1816,1816,23.417,24.649,31.874,37.45,49.65,66.184,54.583,47.418,41.744,1816,1816,29.83,22.613,28.993,39.085,48.759,61.004,51.708,49.745,41.04,1816,1816,7.4826,20.214,30.425,41.745,50.101,54.158,57.21,62.01,44.835
1817,1817,19.655,25.444,31.301,40.42,50.434,65.691,54.157,50.738,43.941,1817,1817,22.708,21.734,33.997,42.233,49.88,61.415,51.537,52.414,41.383,1817,1817,8.5205,17.853,32.804,45.928,51.625,54.103,57.219,64.303,46.974
1818,1818,14.837,23.92,29.463,39.584,52.298,64.5,52.105,49.92,44.417,1818,1818,22.589,27.914,33.082,39.26,51.023,67.82,57.512,52.406,43.341,1818,1818,4.704,21.087,22.798,42.32,51.971,55.578,55.375,64.293,48.266
1819,1819,21.014,21.199,32.806,40.074,49.503,63.184,50.512,50.557,45.108,1819,1819,27.057,28.573,28.517,44.561,49.891,64.469,53.297,50.844,40.6,1819,1819,16.141,23.885,28.64,43.625,49.886,57.334,56.122,62.314,45.392
1820,1820,27.563,27.839,24.595,40.704,50.489,61.508,50.891,50.48,44.843,1820,1820,32.263,30.198,26.855,40.277,51.235,62.179,49.6,51.558,41.788,1820,1820,15.053,17.361,32.295,41.506,55.583,57.193,55.159,63.596,48.88
1821,1821,27.824,27.399,35.208,43.415,51.988,61.057,49.641,55.397,48.796,1821,1821,32.467,25.304,39.586,46.08,48.965,63.028,52.02,55.163,44.161,1821,1821,12.911,9.2949,30.168,48.92,55.417,55.144,56.685,66.069,51.235
1822,1822,25.224,26.282,31.506,42.822,52.144,64.425,51.846,55.516,47.507,1822,1822,28.306,29.261,36.96,45.864,56.212,61.228,50.745,56.088,45.484,1822,1822,9.5044,25.942,37.373,50.026,60.638,56.652,57.51,67.521,51.574
1823,1823,19.513,30.196,33.67,41.362,53.381,66.355,54.271,53.825,47.803,1823,1823,24.538,27.366,36.466,43.51,53.69,65.896,55.506,54.707,43.951,1823,1823,9.5139,23.9,32.401,46.607,59.52,57.055,57.585,66.293,51.156
1824,1824,19.519,24.873,31.225,44.086,53.79,64.798,52.727,55.569,43.974,1824,1824,22.739,27.225,28.802,41.725,55.139,62.421,53.735,55.007,42.094,1824,1824,-0.42188,21.837,30.636,42.889,56.352,54.662,58.917,67.311,48.662
1825,1825,14.522,26.042,28.848,40.624,54.629,68.477,56.624,53.921,45.348,1825,1825,18.961,26.44,32.681,41.573,53.034,66.489,56.868,55.357,44.108,1825,1825,7.0809,25.384,31.78,42.69,55.644,58.963,64.718,67.357,49.11
1826,1826,23.045,16.531,30.42,42.53,57.12,68.308,55.95,53.107,44.556,1826,1826,25.256,22.811,32.398,42.229,55.693,67.575,58.661,54.918,44.743,1826,1826,0.55153,22.777,30.087,45.396,57.048,61.213,65.95,66.201,48.457
1827,1827,22.745,24.855,33.833,43.109,56.914,73.624,61.51,54.144,46.288,1827,1827,25.948,26.255,29.223,41.895,54.751,69.423,60.924,56.777,45.346,1827,1827,2.5406,25.146,25.901,45.374,56.118,65.738,68.103,67.667,49.296
1828,1828,15.297,23.533,32.856,44.16,56.487,74.694,63.1,55.497,45.601,1828,1828,15.314,29.087,28.525,41.225,56.144,76.427,65.54,56.644,45.757,1828,1828,-3.6684,17.922,26.397,43.675,57.955,65.595,67.042,68.884,49.207
1829,1829,10.933,28.61,35.746,43.099,56.371,74.61,62.64,54.966,46.596,1829,1829,18.95,26.704,30.64,43.238,57.952,76.567,66.698,56.582,44.946,1829,1829,3.1644,16.899,31.017,46.269,57.501,65.349,65.318,68.739,48.853
1830,1830,17.305,27.376,36.123,46.024,57.887,73.906,63.021,53.382,44.743,1830,1830,19.949,27.104,34.723,45.842,57.093,74.171,64.452,55.345,44.859,1830,1830,2.703,15.879,30.364,47.186,56.599,67.151,66.323,66.661,48.589
1831,1831,15.346,22.601,29.992,44.108,55.335,66.764,55.514,54.772,46.559,1831,1831,19.898,27.229,30.627,44.975,54.409,66.339,56.134,56.743,45.306,1831,1831,2.4783,18.41,32.111,47.182,55.105,57.064,59.814,68.038,50.267
1832,1832,20.04,27.026,34.589,44.141,52.659,65.49,53.431,57.089,48.953,1832,1832,24.805,27.867,30.589,45.966,52.203,66.92,57.801,60.303,49.298,1832,1832,5.6965,21.222,33.027,48.449,55.591,56.092,60.911,72.308,54.423
1833,1833,20.717,23.805,31.333,48.061,53.896,73.757,61.685,59.331,50,1833,1833,25.876,21.779,36.014,42.559,53.119,70.832,62.001,60.127,48.987,1833,1833,8.4487,18.602,29.754,47.072,54.933,61.111,64.28,73.994,56.132
1834,1834,23.865,26.757,33.922,46.98,55.408,76.134,64.061,60.054,50.709,1834,1834,25.954,28.117,36.961,45.21,55.341,78.315,67.974,61.469,49.583,1834,1834,-0.38461,18.622,27.316,45.491,55.201,63.121,67.976,74.466,56.877
1835,1835,23.321,18.688,33.596,45.716,56.444,74.834,63.239,61.793,52.132,1835,1835,25.184,22.537,33.558,43.915,57.321,79.062,68.796,62.341,50.712,1835,1835,-5.4056,20.934,35.724,46.265,56.409,63.153,69.423,75.63,59.345
1836,1836,15.151,25.713,34.313,43.755,57.368,73.106,63.168,61.566,52.747,1836,1836,20.466,23.705,30.547,42.403,59.31,75.376,64.83,62.543,51.891,1836,1836,3.5283,15.558,33.813,45.245,59.01,66.546,70.029,73.161,56.529
1837,1837,13.932,15.419,35.526,43.977,59.08,76.897,67.325,62.835,54.055,1837,1837,18.654,28.933,34.992,42.992,60.161,74.67,66.469,63.592,53.176,1837,1837,2.2459,19.578,30.221,47.165,61.366,67.973,73.342,74.551,58.184
1838,1838,15.891,26.886,34.172,47.291,57.152,73.938,66.469,64.48,55.033,1838,1838,23.455,27.652,33.717,44.428,60.645,79.47,70.69,62.053,52.619,1838,1838,8.8995,17.667,32.528,45.155,61.594,71.019,76.925,74.958,58.748
1839,1839,15.305,24.784,30.788,47.964,58.379,77.104,67.24,61.329,51.991,1839,1839,15.382,31.439,32.843,41.199,60.8,81.258,71.777,59.325,49.698,1839,1839,0.78252,20.633,32.735,44.944,59.946,68.682,75.648,70.616,53.668
1840,1840,21.956,19.823,31.794,44.466,56.302,77.918,67.525,63.761,53.78,1840,1840,22.298,29.009,34.717,46.286,57.759,78.425,71.508,63.846,52.96,1840,1840,5.9332,14.585,29.155,44.893,58.265,71.588,79.727,77.399,60.387
1841,1841,22.493,29.635,32.394,46.542,58.514,78.166,70.867,67.367,56.594,1841,1841,25.61,32.243,36.227,46.243,67.139,82.571,75.308,67.862,57.083,1841,1841,7.4173,19.313,33.316,45.836,66.647,74.753,87.032,79.095,61.891
1842,1842,32.331,32.831,29.452,41.137,58.361,78.473,72.286,72.259,61.003,1842,1842,34.904,33.183,35.65,44.861,64.451,82.314,77.712,74.026,61.335,1842,1842,10.809,25.893,36.234,45.338,63.923,77.718,88.283,85.592,68.954
1843,1843,27.635,29.737,24.328,42.934,62.132,82.859,75.745,84.607,73.168,1843,1843,31.102,34.925,32.19,45.277,65.38,87.034,80.098,80.454,69.56,1843,1843,9.9715,23.044,33.574,45.563,64.972,80.298,88.599,92.508,75.763
1844,1844,20.658,27.892,33.511,43.354,65.096,86.835,77.127,90.067,77.835,1844,1844,23.636,33.018,33.102,48.048,65.578,86.361,78.3,87.39,75.185,1844,1844,10.979,20.707,33.294,44.407,65.609,78.309,90.177,96.765,79.656
1845,1845,25.994,29.37,29.806,43.257,64.137,81.144,75.675,85.864,73.002,1845,1845,27.438,21.517,32.788,41.06,62.887,83.043,78.286,81.315,69.9,1845,1845,15.587,26.254,36.018,46.58,63.604,77.101,90.183,95.267,78.023
1846,1846,31.819,31.897,33.547,41.567,61.1,81.396,73.716,87.285,75.733,1846,1846,26.424,28.646,30.493,46.306,58.632,83.545,76.419,82.066,71.458,1846,1846,21.542,22.899,35.163,42.957,60.861,74.382,87.652,94.115,75.747
1847,1847,26.224,20.54,33.843,43.185,64.812,85.195,79.832,79.773,66.211,1847,1847,30.8,31.743,36.15,42.514,62.044,86.165,81.001,76.433,63.755,1847,1847,14.97,24.447,33.434,41.923,62.316,82.348,92.711,88.034,69.858
1848,1848,30.101,25.573,26.689,46.291,64.108,81.5,72.573,69.035,52.432,1848,1848,30.974,35.843,36.363,47.239,64.755,81.497,74.565,65.584,50.17,1848,1848,7.5442,22.223,34.66,47.468,66.458,76.579,82.031,78.069,58.299
1849,1849,27.389,31.159,33.06,42.392,50.643,72.601,62.546,59.755,50.548,1849,1849,29.725,36.373,34.841,44.622,48.674,69.183,60.716,55.718,46.389,1849,1849,6.2412,21.099,34.506,44.989,53.916,66.163,65.904,67.303,52.49
1850,1850,30.15,30.427,34.345,44.987,50.008,57.205,46.538,46.869,49.671,1850,1850,23.389,38.809,35.74,44.409,47.116,55.046,46.475,46.125,45.727,1850,1850,14.084,19.881,30.599,45.942,50.703,49.958,52.019,56.656,49.532
1851,1851,27.667,30.857,31.941,45.911,51.479,59.378,47.034,46.054,51.42,1851,1851,27.571,33.24,28.649,39.804,50.283,56.751,47.472,46.955,45.703,1851,1851,13.187,21.075,29.564,42.267,52.6,50.464,52.794,55.257,49.705
1852,1852,24.307,27.146,29.66,46.69,50.773,58.555,46.038,46.14,48.911,1852,1852,25.604,30.514,34.889,38.625,50.003,56.85,47.243,48.377,46.05,1852,1852,10.263,24.082,29.687,39.917,49.512,48.934,51.012,55.768,48.635
1853,1853,25.848,28.816,32.868,42.014,50.413,62.109,48.635,47.93,49.596,1853,1853,28.333,29.068,32.917,43.024,51.412,63.13,53.232,47.637,45.616,1853,1853,6.765,19.58,30.48,47.949,54.357,55.398,53.568,56.429,48.711
1854,1854,29.954,30.05,33.331,41.739,53.263,60.567,48.535,47.412,49.357,1854,1854,31.969,33.466,31.84,42.75,55.301,64.63,54.409,48.408,46.493,1854,1854,11.419,15.641,31.473,40.74,54.485,55.51,53.311,57.293,48.758
1855,1855,35.935,34.472,28.887,39.594,51.614,61.281,50.223,55.307,53.018,1855,1855,40.722,43.229,35.837,41.494,55.938,68.464,58.194,55.002,49.476,1855,1855,26.513,28.67,32.751,44.684,57.821,59.274,58.166,65.562,53.984
1856,1856,33.904,26.527,30.422,42.077,53.664,60.191,48.393,48.105,51.014,1856,1856,40.309,38.607,36.746,43.354,57.696,69.16,57.855,48.828,46.987,1856,1856,26.475,25.272,31.425,43.006,59.278,57.007,55.028,58.978,50.482
1857,1857,34.153,28.468,36,44.552,61.382,78.048,68.218,64.701,57.339,1857,1857,39.201,38.343,35.751,42.463,63.16,81.662,73.378,67.133,66.806,1857,1857,23.815,29.453,32.961,47.006,64.289,71.542,80.302,79.266,59.114
1858,1858,29.152,23.641,29.44,43.554,56.903,70.456,62.887,59.737,48.085,1858,1858,37.056,33.897,29.953,43.277,58.74,79.381,69.769,60.101,48.783,1858,1858,23.66,21.349,33.606,46.387,59.257,64.693,75.942,74.167,53.266
1859,1859,21.29,33.207,31.729,43.657,54.502,68.543,59.596,53.17,47.405,1859,1859,34.196,33.922,31.807,43.381,55.38,75.298,65.166,52.386,43.983,1859,1859,19.471,22.042,31.4,43.085,58.464,61.69,70.23,66.446,47.835
1860,1860,26.262,26.096,35.53,40.797,55.052,67.26,57.355,50.516,43.837,1860,1860,31.095,28.801,30.254,41.918,54.881,64.753,58.312,50.932,41.956,1860,1860,13.248,23.125,28.803,44.34,57.473,55.711,68.315,63.065,45.78
1861,1861,27.07,26.47,37.053,46.417,62.94,85.801,78.515,77.363,65.834,1861,1861,33.059,27.413,30.74,45.687,65.154,88.179,79.271,75.188,69.048,1861,1861,16.911,27.806,34.367,44.658,64.644,81.713,85.197,88.081,73.09
1862,1862,23.365,25.193,33.025,44.01,59.286,82.6,72.668,81.392,69.558,1862,1862,28.765,25.312,33.83,43.976,60.498,83.762,76.732,78.861,67.519,1862,1862,12.383,19.01,35.968,45.032,60.292,75.947,84.57,94.681,78.768
1863,1863,20.254,26.05,31.763,47.202,64.563,85.254,75.082,86.06,75.105,1863,1863,26.564,26.084,35.161,46.498,63.731,86.121,76.942,82.045,71.954,1863,1863,18.064,21.881,34.064,47.022,65.154,77.606,86.89,93.336,75.235
1864,1864,25.78,33.351,37.308,51.826,67.091,86.256,75.551,88.216,76.452,1864,1864,34.876,40.966,33.896,43.682,63.24,82.045,76.432,83.978,72.422,1864,1864,22.17,28.624,37.19,54.453,67.974,77.841,89.887,94.164,76.594
1865,1865,24.216,35.384,36.023,49.438,69.999,87.279,76.908,83.947,69.885,1865,1865,38.024,33.729,39.58,47.729,65.586,88.758,79.723,80.725,67.127,1865,1865,24.323,26.9,34.79,51.537,71.331,82.38,87.619,93.686,75.075
1866,1866,35.744,36.775,38.379,50.242,69.245,88.705,77.095,74.362,62.236,1866,1866,33.632,33.441,40.306,50.01,69.558,90.758,81.125,74.227,62.119,1866,1866,20.525,27.31,38.472,51.002,69.708,81.938,85.446,86.01,68.24
1867,1867,37.46,30.843,39.621,52.757,75.318,92.957,82.772,88.753,77.875,1867,1867,40.63,38.107,34.479,51.199,71.256,96.007,85.802,86.738,76.66,1867,1867,27.134,25.3,40.961,51.883,73.324,87.858,91.162,95.502,82.506
1868,1868,30.868,25.689,36.676,56.414,72.797,88.338,79.007,80.942,68.862,1868,1868,38.443,31.954,38.171,54.746,69.683,90.735,81.223,79.261,67.497,1868,1868,23.674,22.991,41.959,54.694,72.546,83.919,86.905,90.808,73.706
1869,1869,27.014,31.62,39.044,57.54,74.833,87.513,77.861,77.357,63.043,1869,1869,36.306,40.537,41.204,52.907,74.626,93.082,81.95,76.329,60.416,1869,1869,17.145,32.011,40.828,54.865,76.018,84.937,85.072,89.426,71.877
1870,1870,26.515,37.774,39.121,58.774,74.941,90.144,77.991,67.235,56.046,1870,1870,34.707,37.39,37.589,54.879,73.52,92.677,81.74,67.673,56.206,1870,1870,20.54,36.495,41.06,53.433,74.197,84.128,80.904,77.031,63.24
1871,1871,31.908,31.815,37.338,60.865,74.392,89.003,77.559,62.2,53.3,1871,1871,31.58,34.488,41.175,55.81,74.249,89.905,79.954,63.593,52.513,1871,1871,24.032,30.249,31.971,56.796,76.565,81.688,80.542,72.538,57.292
1872,1872,26.582,32.294,37.303,64.62,72.982,89.671,76.177,59.509,51.871,1872,1872,29.361,34.442,37.656,56.635,71.434,88.361,77.542,57.884,48.96,1872,1872,19.856,25.391,34.755,57.355,73.76,81.164,79.618,69.927,55.904
1873,1873,18.252,29.622,32.686,64.755,72.493,86.859,72.815,53.101,48.029,1873,1873,34.458,32.718,35.782,56.247,69.687,91.165,78.199,54.476,45.813,1873,1873,18.915,24.034,36.67,55.326,70.39,81.74,75.636,64.58,50.835
1874,1874,32,33.117,31.64,54.383,67.103,85.057,72.117,53.43,47.567,1874,1874,33.423,33.522,36.292,51.574,65.161,83.742,73.026,52.915,43.905,1874,1874,21.632,24.813,33.593,55.739,67.988,75.168,71.161,63.206,48.51
1875,1875,30.99,29.241,33.084,49.155,66.829,83.636,70.138,50.594,46.911,1875,1875,33.119,32.581,40.894,51.924,68.033,81.588,69.947,50.258,43.223,1875,1875,20.324,19.153,34.533,55.839,72.193,74.828,68.506,63.235,48.649
1876,1876,32.669,30.556,35.885,47.923,63.905,80.266,67.39,46.971,45.775,1876,1876,33.218,32.235,38.726,47.717,65.677,78.048,66.817,46.162,42.438,1876,1876,10.868,23.261,34.773,52.593,68.945,67.711,65.329,59.178,45.767
1877,1877,33.13,34.815,30.754,45.443,61.657,75.219,62.748,43.944,43.894,1877,1877,36.994,32.472,34.982,43.506,62.101,74.551,64.518,44.759,40.809,1877,1877,16.883,22.374,35.407,50.494,65.953,64.575,65.024,58.219,44.886
1878,1878,35.69,34.986,32.775,46.053,59.751,74.016,61.502,45.98,45.453,1878,1878,35.346,37.125,36.427,44.262,59.339,73.199,63.319,44.338,40.972,1878,1878,18.785,24.573,38.636,51.976,63.668,65.181,63.35,56.578,45.346
1879,1879,35.468,26.375,32.941,42.995,58.541,70.241,58.386,44.488,44.372,1879,1879,37.626,29.38,32.883,43.403,58.335,71.538,61.667,43.985,40.177,1879,1879,21.962,21.2,33.412,43.846,61.357,63.6,64.088,56.357,45.183
1880,1880,30.037,25.459,28.856,43.204,56.549,70.891,58.215,44.835,45.096,1880,1880,29.922,28.915,29.03,41.649,56.189,69.621,59.677,44.482,40.355,1880,1880,9.4332,17.089,34.19,45.753,53.943,59.497,61.351,56.748,45.109
1881,1881,34.166,30.44,38.31,48.949,58.805,71.204,59.005,41.739,42.258,1881,1881,33.881,32.587,29.783,45.076,57.082,67.101,56.591,44.033,39.284,1881,1881,19.258,26.609,38.129,50.024,58.938,59.528,60.366,54.514,43.727
1882,1882,32.871,27.991,37.156,43.151,54.878,68.663,57.026,46.283,43.706,1882,1882,31.894,23.955,31.782,44.642,56.943,62.953,53.5,44.901,39.882,1882,1882,19.539,23.334,35.857,42.95,53.105,57.189,60.677,56.367,43.856
1883,1883,29.927,24.031,31.808,42.402,54.784,64.527,53.005,46.838,42.753,1883,1883,24.653,28.862,28.847,42.581,55.033,65.55,55.947,46.608,39.574,1883,1883,11.906,24.474,38.133,44.801,53.099,56.468,58.523,58.765,44.2
1884,1884,21.787,32.092,28.894,42.914,52.184,65.394,52.083,44.669,43.937,1884,1884,29.417,26.197,32.473,41.064,51.19,66.698,56.499,43.622,38.973,1884,1884,13.857,19.978,38.536,43.777,52.699,57.125,57.81,54.45,42.155
1885,1885,27.491,30.1,32.311,44.78,56.637,66.992,55.274,46.77,41.364,1885,1885,28.813,32.382,32.06,42.444,53.35,65.013,54.889,47.674,40.237,1885,1885,8.217,22.336,32.579,47.63,53.302,56.962,58.843,56.88,43.917
1886,1886,36.224,35.755,32.815,44.177,55.784,65.549,53.609,49.006,44.319,1886,1886,27.947,40.347,29.547,41.113,53.366,68.22,59.259,50.405,41.681,1886,1886,17.203,27.709,33.578,46.976,52.859,58.064,58.926,58.078,45.188
1887,1887,38.36,30.112,33.164,45.645,56.336,67.139,54.397,45.252,42.061,1887,1887,32.123,31.835,33.437,44.073,52.756,67.154,57.568,46.214,40.095,1887,1887,23.559,23.563,36.14,45.143,53.74,57.727,57.203,54.381,44.357
1888,1888,32.896,26.827,30.638,47.175,54.026,63.611,52.258,42.257,43.413,1888,1888,28.201,30.253,34.819,42.414,52.961,67.01,58.032,40.969,38.272,1888,1888,18.299,21.862,39.261,45.143,52.916,56.283,55.131,51.958,41.82
1889,1889,33.415,26.918,31.653,46.97,54.706,59.556,49.246,41.19,40.15,1889,1889,33.915,31.862,36.088,45.524,55.404,61.761,53.483,41.955,39.056,1889,1889,20.968,31.6,33.703,46.99,54.763,52.92,53.902,48.462,40.663
1890,1890,22.784,22.635,37.557,50.185,53.27,63.075,52.698,43.111,43.562,1890,1890,33.621,24.806,36.634,44.666,53.199,65.797,56.451,42.509,39.109,1890,1890,35.295,41.819,36.18,43.614,51.239,55.054,52.865,50.789,42.868
1891,1891,21.515,25.584,35.446,48.858,51.785,63.767,52.111,39.941,39.91,1891,1891,31.301,27.748,33.372,46.506,52.612,62.037,53.527,40.027,38.027,1891,1891,37.369,31.97,37.927,45.66,48.198,54.178,52.177,47.677,40.468
1892,1892,28.524,35.545,32.454,50.058,55.826,57.255,45.574,39.984,43.413,1892,1892,31.861,29.763,35.555,44.332,52.467,60.48,51.171,38.28,37.968,1892,1892,29.772,28.296,31.697,49.625,50.443,51.77,50.936,47.815,40.533
1893,1893,32.326,34.256,35.165,49.453,54.419,60.516,49.101,39.87,41.183,1893,1893,34.054,28.367,34.102,47.737,53.219,60.841,52.064,39.82,38.558,1893,1893,20.188,23.813,37.944,50.115,54.954,52.486,54.214,49.585,41.441
1894,1894,27.404,35.404,32.257,44.97,53.481,55.758,46.827,41.45,42.944,1894,1894,36.188,35.127,33.475,43.15,49.958,59.989,50.102,41.584,39.396,1894,1894,24.481,27.56,41.208,49.957,53.826,49.633,50.447,48.441,41.712
1895,1895,27.276,33.847,32.901,49.245,52.413,63.885,50.807,41.373,40.532,1895,1895,34.416,30.571,30.339,44.498,50.908,65.662,55.326,41.528,38.067,1895,1895,19.902,22.146,35.773,48.923,52.849,54.933,52.277,51.668,41.564
1896,1896,37.313,38.659,30.037,49.841,57.925,65.75,52.483,41.027,40.294,1896,1896,35.798,36.84,32.951,45.466,55.487,65.33,54.836,41.552,38.215,1896,1896,24.851,26.759,31.787,52.592,53.928,56.825,52.339,51.95,41.013
1897,1897,33.727,32.158,31.533,53.908,54.471,65.947,55.071,51.106,45.241,1897,1897,33.017,33.828,34.417,45.894,53.244,67.805,57.937,51.57,42.793,1897,1897,21.615,26.907,39.234,56.295,56.195,57.159,56.27,61.481,46.412
1898,1898,34.216,26.852,31.528,46.608,57.861,66.872,55.37,48.245,41.64,1898,1898,39.041,41.548,31.434,45.482,54.57,67.073,57.004,46.831,39.454,1898,1898,26.334,29.641,38.941,49.53,54.857,59.371,59.548,60.671,45.948
1899,1899,32.428,27.58,36.598,47.701,57.658,67.679,55.919,48.756,44.618,1899,1899,40.965,37.117,33.149,47.275,53.698,68.787,59.919,47.827,40.515,1899,1899,26.777,25.818,34.577,50.258,55.805,58.79,60.99,60.317,46.333
1900,1900,26.299,27.714,34.618,49.797,56.035,67.798,56.523,47.4,42.284,1900,1900,30.242,34.073,30.894,46.65,52.696,66.371,57.957,47.255,39.951,1900,1900,16.571,23.046,37.778,53.26,52.093,59.319,60.822,60.086,45.369
1901,1901,31.989,22.786,33.521,49.379,59.91,69.855,59.003,48.458,45.175,1901,1901,33.029,34.695,31.77,48.167,55.752,72.992,64.633,48.517,41.457,1901,1901,19.603,22.347,32.812,53.356,55.732,64.187,63.483,59.775,45.753
1902,1902,24.044,28.412,30.152,52.821,64.255,76.501,64.913,49.397,43.508,1902,1902,32.403,40.514,35.095,47.22,65.312,75.057,67.178,48.982,41.592,1902,1902,17.39,27.208,37.609,50.721,66.505,65.319,63.425,59.333,45.645
1903,1903,23.747,27.058,31.42,49.718,63.213,76.48,65.098,45.755,44.369,1903,1903,36.921,38.051,28.794,46.564,63.237,76.447,68.981,46.02,40.928,1903,1903,20.513,27.928,38.052,52.463,65.826,67.112,65.007,58.025,45.181
1904,1904,20.138,29.228,32.826,56.431,66.289,84.357,71.913,49.979,45.548,1904,1904,35.504,32.044,33.816,46.706,59.099,81.453,71.284,50.043,42.619,1904,1904,19.502,18.483,38.783,50.627,61.461,73.768,73.722,62.62,46.355
1905,1905,19.849,24.657,33.392,58.612,72.727,88.855,75.581,53.979,47.672,1905,1905,36.082,26.7,31.229,49.982,67.049,88.875,76.76,53.342,44.078,1905,1905,19.978,17.066,33.413,54.182,67.909,80.105,75.968,64.393,49.286
1906,1906,26.916,31.268,34.073,57.206,71.871,91.799,77.669,58.717,49.339,1906,1906,27.963,28.7,33.521,53.021,67.478,84.879,73.758,57.859,46.681,1906,1906,14.801,25.55,32.081,53.294,69.174,80.261,78.182,67.394,51.928
1907,1907,27.947,35.503,36.709,61.587,72.218,89.811,76.305,60.683,51.792,1907,1907,30.121,37.333,36.011,53.727,69.544,91.019,79.417,60.155,49.169,1907,1907,16.392,24.905,30.705,53.234,68.675,82.453,80.623,71.859,55.251
1908,1908,33.702,31.653,35.952,61.367,72.736,91.419,78.75,68.185,56.509,1908,1908,37.916,34.65,37.226,48.716,71.131,94.103,83.088,66.281,54.117,1908,1908,23.709,22.075,39.689,52.753,71.132,84.505,85.138,80.014,62.369
1909,1909,25.461,24.858,38.328,60.871,71.277,90.776,80.403,78.572,62.583,1909,1909,32.341,32.248,38.537,55.688,70.123,91.91,82.026,77.062,60.518,1909,1909,18.252,20.741,36.817,55.292,70.985,85.327,90.909,94.757,69.855
1910,1910,31.805,27.923,44.776,59.266,77.148,90.36,84.499,82.709,66.825,1910,1910,32.179,33.344,41.477,53.084,70.677,88.452,83.995,82.762,65.509,1910,1910,14.837,22.811,41.758,56.235,74.778,90.233,93.808,96.64,76.018
1911,1911,28.661,27.793,39.36,55.641,76.01,92.719,84.48,85.995,71.381,1911,1911,31.693,33.523,36.995,50.106,67.764,88.108,84.978,86.275,70.477,1911,1911,16.309,30.422,42.366,56.476,75.314,89.729,95.158,97.552,76.153
1912,1912,22.085,24.822,40.478,55.794,77.823,92.359,85.431,85.486,71.344,1912,1912,31.984,34.02,36.768,49.954,68.765,90.736,86.141,84.736,69.229,1912,1912,18.464,29.573,41.599,57.39,75.248,90.131,96.078,98.336,77.497
1913,1913,30.071,32.118,39.116,58.358,72.683,86.349,79.427,81.554,66.389,1913,1913,37.539,33.182,36.06,52.202,68.89,90.095,82.722,81.008,65.454,1913,1913,20.806,29.5,37.353,53.902,70.951,81.938,93.054,95.881,74.203
1914,1914,36.243,32.008,38.221,50.171,65.778,85.023,74.506,72.89,61.274,1914,1914,32.397,35.563,36.185,50.083,66.341,85.309,76.012,75.65,61.426,1914,1914,15.757,22.709,39.511,53.45,67.378,77.921,86.601,88.961,68.472
1915,1915,29.888,30.912,35.998,51.718,64.961,82.577,71.617,69.44,54.929,1915,1915,30.226,34.829,31.416,53.204,66.771,80.52,72.109,68.875,55.706,1915,1915,17.602,22.547,34.644,53.558,68.43,73.722,83.958,83.304,60.655
1916,1916,33.761,35.806,30.718,52.478,63.09,76.056,66.278,63.463,50.807,1916,1916,28.195,36.056,37.145,52.213,62.549,80.161,72.112,63.57,51.803,1916,1916,17.09,22.149,30.453,51.621,66.243,72.249,78.031,76.742,56.63
1917,1917,32.343,28.567,35.697,50.269,61.54,70.724,61.983,59.323,49.412,1917,1917,35.545,32.135,29.41,46.595,59.123,76.806,68.029,59.131,47.515,1917,1917,23.1,22.664,33.686,51.883,65.099,69.238,73.749,73.418,53.302
1918,1918,18.682,22.128,32.693,48.999,62.74,78.269,69.886,59.325,49.127,1918,1918,29.359,25.914,35.275,46.309,61.512,78.957,71.801,59.687,47.38,1918,1918,17.281,17.819,32.226,51.319,64.421,74.904,78.42,69.405,51.164
1919,1919,22.296,32.311,33.367,48.702,71.201,81.95,72.203,63.499,52.376,1919,1919,35.699,36.421,36.706,48.783,59.139,75.494,69.929,63.512,51.257,1919,1919,19.613,22.04,34.099,53.727,70.645,77.313,79.134,74.12,54.719
1920,1920,26.65,30.228,35.633,51.152,69.182,81.057,71.698,67.717,54.902,1920,1920,30.609,35.893,31.631,47.991,62.837,79.191,73.85,66.689,52.451,1920,1920,14.264,21.668,32.285,56.249,68.328,77.525,82.671,79.558,59.108
1921,1921,26.622,23.702,36.055,49.973,62.233,76.214,65.536,61.934,50.846,1921,1921,30.61,22.029,26.879,49.023,62.811,79.63,71.325,61.797,48.152,1921,1921,7.741,20.44,32.685,53.239,64.02,72.219,74.796,73.726,55.794
1922,1922,28.465,34.323,32.23,50.223,59.937,73.13,62.522,55.913,45.329,1922,1922,32.247,26.274,28.193,48.414,62.462,77.248,67.429,56.656,45.101,1922,1922,17.226,19.637,34.02,46.156,63.528,70.421,70.806,67.393,49.277
1923,1923,30.671,33.797,34.093,46.196,58.062,70.941,60.369,55.529,46.215,1923,1923,33.801,34.513,33.058,45.895,56.89,75.968,66.545,54.974,45.622,1923,1923,18.744,25.338,31.786,43.754,58.282,66.614,68.391,66.96,48.704
1924,1924,34.864,35.304,34.998,44.927,54.425,68.056,57.029,53.28,45.443,1924,1924,37.108,36.847,33.267,47.011,57.194,75.488,65.901,52.852,43.918,1924,1924,23.6,25.059,34.17,48.871,55.679,63.498,66.199,63.982,47.733
1925,1925,29.846,24.711,33.406,42.473,52.778,61.826,52.317,50.237,44.444,1925,1925,33.945,28.23,33.898,45.34,52.667,71.187,62.412,51.534,42.56,1925,1925,20.516,24.626,37.274,50.701,54.577,60.186,63.623,62.968,45.824
1926,1926,23.091,27.557,30.918,41.599,50.775,63.124,52.013,50.458,42.965,1926,1926,25.74,20.117,34.366,43.182,50.819,71.87,62.199,51.841,42.754,1926,1926,9.9422,22.811,38.059,45.503,52.402,58.844,63.387,62.04,45.645
1927,1927,22.464,24.207,35.38,41.788,52.463,70.45,57.957,47.538,44.029,1927,1927,26.634,20.533,29.531,44.409,52.425,69.577,59.17,50.264,42.159,1927,1927,10.602,13.723,32.578,44.765,52.252,59.005,63.794,61.148,44.157
1928,1928,22.622,27.093,32.963,44.718,55.324,71.819,59.298,52.956,44.714,1928,1928,28.642,27.157,32.19,42.36,54.496,73.596,62.949,54.241,44.744,1928,1928,5.9104,17.01,33.115,45.098,55.838,63.838,64.959,63.499,48.775
1929,1929,24.689,22.11,33.587,44.262,54.811,73.872,61.383,55.843,47.226,1929,1929,28.149,25.853,31.846,41.692,55.228,71.403,61.234,56.623,45.446,1929,1929,10.065,19.983,32.467,47.333,58.457,62.932,66.977,67.917,51.776
1930,1930,25.474,24.995,33.681,42.235,53.692,67.043,56.353,51.861,44.018,1930,1930,29.86,23.163,35.123,42.486,56.095,68.62,59.881,52.743,42.832,1930,1930,11.645,22.222,32.644,46.105,54.894,61.365,64.356,67.726,50.141
1931,1931,19.972,27.723,30.804,45.393,54.834,68.651,56.475,55.151,48.026,1931,1931,24.453,27.919,33.523,43.807,56.183,69.046,59.042,56.008,47.062,1931,1931,4.3454,25.41,36.386,46.432,57.164,61.636,63.313,69.205,53.963
1932,1932,17.14,28.588,33.925,43.695,53.354,71.07,59.273,57.117,49.363,1932,1932,23.147,26.862,34.567,44.001,51.409,65.539,56.733,56.836,48.236,1932,1932,7.6959,22.76,38.12,48.525,54.861,59.834,62.748,69.348,57.844
1933,1933,24.391,29.834,33.492,42.715,52.8,67.843,55.999,46.954,43.687,1933,1933,29.497,31.437,33.852,41.334,53.091,63.93,54.509,49.318,41.022,1933,1933,11.547,24.881,35.91,45.425,53.042,55.769,57.971,61.383,47.016
1934,1934,21.511,26.516,31.321,41.328,49.993,69.529,57.576,44.681,40.34,1934,1934,24.292,31.747,31.64,41.628,50.419,63.905,54.102,45.67,38.338,1934,1934,14.737,20.313,32.629,47.606,51.61,55.67,57.443,58.777,42.241
1935,1935,27.042,29.368,31.134,43.863,49.9,58.347,47.731,42.709,43.048,1935,1935,30.284,33.699,33.175,41.623,48.014,61.233,52.779,45.071,38.872,1935,1935,7.8921,16.833,32.067,45.714,50.604,51.032,56.095,56.336,41.861
1936,1936,20.874,29.911,30.718,40.187,47.812,60.775,49.256,51.125,47.208,1936,1936,25.959,29.834,35.29,42.75,47.833,58.136,49.521,50.253,44.006,1936,1936,8.4453,21.051,34.246,45.323,50.164,49.986,55.812,59.286,49.749
1937,1937,26.333,24.254,32.717,44.752,49.732,55.458,44.766,56.599,50.903,1937,1937,29.951,24.99,33.533,44.65,48.57,57.193,47.885,54.841,48.554,1937,1937,10.988,23.556,35.041,50.73,50.051,49.58,54.871,63.511,57.255
1938,1938,25.109,27.324,34.458,43.644,49.648,55.882,45.238,50.964,44.431,1938,1938,29.01,23.528,29.452,42.409,48.369,57.823,48.626,53.716,45.607,1938,1938,14.879,29.519,34.19,45.546,50.621,51.072,55.121,62.775,52.314
1939,1939,20.01,24.154,30.184,42.447,47.586,55.678,44.701,51.861,43.547,1939,1939,23.193,28.723,28.964,41.867,47.282,58.69,49.33,53.474,42.917,1939,1939,14.706,20.782,36.184,47.563,51.735,48.916,52.734,66.134,52.332
1940,1940,19.976,21.155,29.831,42.611,47.873,52.382,44.173,53.052,45.665,1940,1940,21.975,29.667,30.335,42.022,46.501,57.711,48.653,52.542,42.489,1940,1940,13.861,24.37,34.495,50.718,49.493,48.872,56.38,64.783,51.161
1941,1941,24.416,25.48,30.837,43.482,48.281,51.38,43.443,48.079,40.253,1941,1941,28.68,26.341,34.543,40.318,46.99,60.879,51.594,47.11,38.901,1941,1941,7.55,21.581,28.891,47.622,48.969,50.576,58.201,57.906,41.921
1942,1942,27.363,23.338,31.677,39.628,44.839,55.357,45.413,44.962,43.058,1942,1942,31.911,25.378,36.341,41.106,44.952,57.708,49.406,46.378,39.245,1942,1942,10.733,20.893,33.447,43.272,47.145,48.767,56.508,56.636,42.414
1943,1943,30.119,25.328,32.571,44.049,48.398,53.153,43.885,40.579,38.793,1943,1943,34.325,25.238,32.42,42.297,47.375,55.099,46.958,40.853,37.129,1943,1943,14.635,18.651,34.247,47.562,46.502,45.34,56.952,54.138,39.571
1944,1944,25.149,27.833,31.937,44.687,46.524,53.545,44.298,39.997,42.188,1944,1944,29.928,30.352,31.795,45.026,47.433,54.473,46.644,38.723,37.234,1944,1944,7.7034,17.224,32.345,45.467,47.69,44.835,56.527,53.382,38.987
1945,1945,25.864,33.244,29.446,42.192,48.006,52.48,43.618,37.098,39.221,1945,1945,29.572,38.148,33.039,42.14,49.056,54.814,47.096,37.836,37.206,1945,1945,10.704,18.506,31.735,46.891,50.371,45.906,58.592,54.685,39.318
1946,1946,29.92,29.123,33.356,43.47,48.071,49.502,40.764,36.699,42.382,1946,1946,33.928,29.854,35.906,43.628,45.963,51.868,44.852,36.765,37.698,1946,1946,14.855,21.268,25.909,46.211,48.653,44.28,57.291,53.91,39.247
1947,1947,23.499,30.113,31.551,42.939,46.247,49.377,40.551,36.395,39.111,1947,1947,25.628,29.654,34.625,42.686,45.663,52.103,44.374,37.069,36.607,1947,1947,6.021,14.242,31.551,44.348,48.037,41.905,58.521,57.015,39.317
1948,1948,26.042,28.615,33.33,41.666,46.6,48.111,40.237,36.823,42.469,1948,1948,29.562,27.765,28.088,45.757,47.315,54.454,46.176,35.32,36.716,1948,1948,5.2686,16.362,31.653,41.529,46.473,43.371,56.147,53.427,39.36
1949,1949,23.858,26.178,33.027,41.324,44.974,50.248,41.109,38.157,39.397,1949,1949,27.648,25.151,31.126,44.357,45.367,52.964,44.821,41.124,37.028,1949,1949,7.6641,22.51,29.606,45.435,45.94,46.119,53.532,50.234,38.033
1950,1950,22.785,26.498,31.666,41.554,40.67,51.889,43.472,43.775,42.328,1950,1950,27.44,21.314,29.603,43.809,46.409,56.699,48.449,46.433,38.344,1950,1950,8.6851,18.047,32.169,41.729,42.926,46.263,52.138,52.924,40.797
1951,1951,21.862,29.342,33.424,40.393,44.874,52.572,43.475,45.041,39.262,1951,1951,26.237,35.498,35.797,46.117,46.552,57.085,48.609,43.112,36.405,1951,1951,9.088,16.991,32.129,46.624,46.773,47.989,51.44,49.941,38.501
1952,1952,22.483,28.663,34.511,40.651,46.083,50.948,42.459,41.62,42.363,1952,1952,26.236,29.861,33.666,42.406,45.692,55.524,47.208,40.497,37.958,1952,1952,7.4219,19.025,35.489,46.14,47.055,46.007,51.551,52.345,39.365
1953,1953,25.709,29.186,29.562,39.988,47.671,49.91,41.14,39.955,39.694,1953,1953,28.869,30.974,31.7,41.94,46.253,54.065,46.185,40.319,38.12,1953,1953,10.249,21.002,32.202,44.675,47.681,42.624,52.147,49.356,39.114
1954,1954,26.448,19.907,32.973,43.719,46.703,53.346,43.461,42.642,43.22,1954,1954,29.935,22.739,30.839,38.865,47.586,60.037,50.289,45.236,39.586,1954,1954,11.639,20.853,31.829,41.777,47.287,50.899,55.107,53.571,40.961
1955,1955,24.128,18.178,33.321,42.431,50.399,53.42,43.076,48.972,42.705,1955,1955,26.971,25.692,32.675,40.876,46.996,60.136,49.715,50.238,40.963,1955,1955,6.3902,20.698,35.251,43.194,49.473,51.179,58.606,58.902,45.706
1956,1956,21.922,23.017,29.203,40.83,49.638,53.704,43.121,43.495,43.857,1956,1956,25.515,29.896,34.076,43.053,50.978,57.99,49.502,44.295,38.827,1956,1956,7.0038,19.464,33.911,45.55,50.574,47.383,58.755,54.214,43.001
1957,1957,21.234,26.304,34.454,41.305,47.6,53.409,44.103,61.639,53.222,1957,1957,25.477,32.922,31.418,42.068,51.311,61.033,50.397,60.976,52.979,1957,1957,6.975,17.892,31.867,41.03,47.945,52.616,58.641,71.343,59.068
1958,1958,22.814,31.613,30.643,41.672,48.731,53.879,42.599,53.044,47.289,1958,1958,26.182,34.238,29.619,41.769,53.512,63.948,52.905,54.797,46.423,1958,1958,9.3728,25.732,36.089,45.949,49.797,54.402,55.551,62.732,55.23
1959,1959,25.262,26.348,35.778,40.85,49.591,56.734,44.48,50.044,44.252,1959,1959,27.138,28.272,37.461,40.368,49.092,62.432,51.694,51.825,44.472,1959,1959,15.423,28.097,38.828,46.34,50.8,53.424,54.398,58.232,51.938
1960,1960,12.876,33.637,35.167,40.326,48.735,60.303,48.522,58.622,51.479,1960,1960,21.895,27.898,37.046,43.364,48.24,58.707,48.524,60.382,51.2,1960,1960,19.843,29.686,33.858,44.325,51.545,53.274,56.848,65.142,53.382
1961,1961,27.119,33.183,29.786,41.432,47.016,53.007,41.448,44.355,41.309,1961,1961,26.009,25.654,30.439,38.859,45.692,55.374,46.592,45.907,40.451,1961,1961,17.56,30.167,36.608,43.306,46.177,51.996,53.875,53.897,45.453
1962,1962,25.823,25.634,28.942,41.936,44.927,50.533,41.322,41.264,43.038,1962,1962,22.691,27.32,32.357,42.724,45.683,55.922,47.69,41.828,39.085,1962,1962,17.063,24.144,29.332,42.286,48.077,50.407,55.616,52.067,43.488
1963,1963,23.465,26.425,31.684,40.549,46.297,53.331,43.659,56.049,49.422,1963,1963,26.189,27.389,23.379,39.661,47.402,55.915,47.176,52.961,48.218,1963,1963,13.864,21.102,31.749,44.218,48.148,51.724,52.196,57.73,51.313
1964,1964,17.458,21.021,26.572,41.542,49.283,53.652,43.534,43.554,43.242,1964,1964,20.79,21.177,30.118,42.493,46.419,55.819,46.663,44.089,40.364,1964,1964,5.8516,21.669,33.325,43.041,48.181,50.418,52.83,52.318,41.906
1965,1965,25.09,25.392,30.556,39.6,47.261,53.459,43.499,48.357,45.502,1965,1965,28.689,28.919,29.582,41.603,45.786,55.768,47.406,48.625,43.83,1965,1965,10.91,20.239,32.192,43.191,47.95,47.644,52.149,50.569,43.213
1966,1966,23.051,20.586,29.853,38.336,48.339,52.914,42.292,37.589,43.134,1966,1966,26.293,26.802,35.118,42.54,49.952,56.065,47.476,38.076,37.456,1966,1966,8.1183,19.943,34.287,44.648,46.979,47.253,52.419,48.611,39.385
1967,1967,24.551,25.989,28.84,41.349,47.101,53.631,43.874,36.361,38.64,1967,1967,28.849,26.102,33.713,41.726,47.754,54.451,45.579,37.973,36.387,1967,1967,10.315,13.568,32.83,42.296,48.112,48.885,52.628,48.384,39.133
1968,1968,19.812,16.141,33.407,42.028,48.97,53.248,43.342,38.704,43.038,1968,1968,22.249,21.392,33.335,39.765,48.65,54.796,46.098,39.213,37.948,1968,1968,0.29706,22.098,32.541,38.632,49.088,47.548,51.915,50.978,39.341
1969,1969,18.426,24.171,31.148,39.263,47.005,53.657,43.334,39.813,40.273,1969,1969,23.415,21.276,34.593,42.549,47.075,58.108,48.94,39.95,37.842,1969,1969,5.6957,19.231,33.09,45.932,48.444,47.171,53.643,51.508,39.188
1970,1970,24.543,17.401,30.011,39.943,45.39,53.519,43.068,39.132,42.196,1970,1970,27.357,30.438,32.679,39.268,45.309,53.139,44.342,39.916,37.107,1970,1970,6.4982,15.767,28.888,44.734,46.189,46.543,50.888,51.922,39.187
1971,1971,25.997,23.777,30.126,41.704,48.365,53.64,44.52,37.188,39.373,1971,1971,29.768,31.128,30.299,45.168,45.789,55.227,47.296,39.504,36.681,1971,1971,8.7055,21.915,33.959,44.89,46.59,46.44,53.027,50.419,38.952
1972,1972,9.1992,26.249,33.401,37.424,45.154,52.993,45.095,38.47,42.753,1972,1972,12.051,29.111,35.237,41.535,47.174,53.99,47.277,38.596,37.251,1972,1972,-4.9127,22.237,28.307,42.723,43.769,44.626,57.292,51.211,38.864
1973,1973,31.206,32.065,28.686,41.099,48.275,53.211,44.041,36.568,39.83,1973,1973,34.772,33.226,30.638,43.387,47.897,57.225,48.449,37.997,36.554,1973,1973,13.244,24.517,35.94,44.56,48.541,47.048,54.081,50.105,38.958
1974,1974,31.791,29.182,30.474,42.023,53.314,54.731,44.232,36.526,43.133,1974,1974,35.023,28.609,28.861,40.387,50.489,55.008,46.356,36.716,37.498,1974,1974,12.754,20.263,34.698,45.296,49.799,46.14,51.896,47.372,38.675
1975,1975,27.648,26.591,31.765,40.45,52.018,53.092,43.479,35.789,39.296,1975,1975,31.071,31.542,33.918,39.798,49.318,54.701,47.344,37.016,36.565,1975,1975,7.8516,19.187,31.75,42.68,48.929,46.579,54.363,49.04,38.346
1976,1976,22.295,23.824,31.443,43.582,46.071,52.445,42.002,36.069,41.987,1976,1976,25.637,28.258,29.533,40.239,46.337,53.75,45.678,36.43,37.077,1976,1976,7.6884,21.701,34.659,42.413,48.686,47.936,51.513,46.725,38.88
1977,1977,21.542,27.175,32.942,42.541,49.328,52.928,43.448,36.026,38.845,1977,1977,26.45,24.848,33.09,42.511,48.823,55.493,47.11,37.466,36.848,1977,1977,9.956,16.96,30.913,43.803,49.999,47.79,55.012,48.382,38.354
1978,1978,20.138,23.473,34.47,42.36,47.886,51.498,41.858,36.403,42.273,1978,1978,24.118,23.063,34.07,44.113,46.248,54.704,46.519,36.147,37.241,1978,1978,10.134,13.436,32.532,40.626,45.881,46.784,53.288,46.804,38.722
1979,1979,27.62,26.9,32.468,40.468,48.83,51.846,41.808,34.573,38.689,1979,1979,31.575,27.527,29.022,38.908,48.649,55.695,46.943,35.595,37.237,1979,1979,10.487,23.018,34.856,38.555,48.755,47.617,51.371,45.412,38.64
1980,1980,28.87,31.006,30.839,39.909,49.87,51.573,41.087,34.702,42.258,1980,1980,33.376,34.9,31.484,38.891,48.293,54.642,46.623,33.89,36.921,1980,1980,12.483,21.812,27.144,38.598,48.457,47.046,56.01,44.479,38.965
1981,1981,30.869,30.572,27.209,41.462,46.663,51.706,41.332,33.073,38.685,1981,1981,34.159,31.075,32.268,41.225,45.102,54.436,46.124,33.579,36.397,1981,1981,15.615,20.917,31.01,38.53,44.372,46.94,57.56,44.169,37.657
1982,1982,29.397,26.32,32.261,38.468,46.888,49.399,39.178,33.586,38.945,1982,1982,33.61,28.701,31.906,40.741,45.831,55.965,46.836,33.923,36.645,1982,1982,16.933,22.593,32.431,44.324,44.163,45.876,47.775,43.674,37.886
1983,1983,22.515,19.35,36.777,43.24,51.072,52.399,41.402,35.272,42.661,1983,1983,25.438,20.958,33.525,41.538,46.082,52.925,44.897,34.168,36.913,1983,1983,4.8248,20.584,33.315,46.752,45.507,45.014,46.778,41.484,38.767
1984,1984,15.426,24.167,29.414,41.927,48.023,50.898,40.995,32.598,37.993,1984,1984,16.924,27.797,32.958,39.688,43.007,54.942,46.902,32.794,35.734,1984,1984,3.3386,20.108,31.641,39.598,45.201,44.446,46.899,42.638,38.193
1985,1985,18.282,21.764,28.456,41.528,46.31,51.049,40.307,35.239,41.763,1985,1985,20.847,24.38,26.106,37.901,43.587,51.426,43.592,33.587,36.745,1985,1985,6.818,22.714,30.787,43.069,44.068,44.419,45.361,42.905,38.664
1986,1986,15.22,24.383,30.181,39.899,45.8,50.301,40.415,33.323,38.415,1986,1986,18.608,28.683,31.085,41.611,43.088,53.729,45.832,32.949,36.023,1986,1986,-5.7389,17.757,34.065,43.352,45.495,43.638,45.93,41.866,38.445
1987,1987,22.484,27.919,30.112,39.052,46.856,50.036,40.353,34.925,42.307,1987,1987,26.864,30.447,29.735,42.006,44.989,53.133,45.147,34.214,37.091,1987,1987,4.0241,22.468,32.048,43.594,44.147,45.79,45.335,42.785,38.546
1988,1988,19.807,26.13,30.241,38.499,45.686,51.788,41.865,33.835,38.339,1988,1988,24.638,29.389,33.222,40.64,44.05,53.738,45.458,33.329,36.524,1988,1988,1.6569,24.501,34.006,44.972,46.765,44.573,45.115,43.347,38.072
1989,1989,18.563,26.126,33.094,41.37,46.637,53.449,43.263,34.748,42.215,1989,1989,18.114,29.207,37.606,41.237,42.739,54.283,45.752,32.774,37.422,1989,1989,-0.43131,26.813,32.982,43.028,47.143,44.648,44.755,41.873,38.057
1990,1990,21.786,28.85,29.925,38.977,48.322,52.104,41.679,33.307,38.944,1990,1990,24.302,29.068,32.026,39.579,44.953,51.079,42.933,33.692,36.568,1990,1990,6.1332,21.669,31.574,42.535,48.745,44.864,44.045,40.824,38.607
1991,1991,18.392,25.642,32.286,41.638,46.148,50.768,40.067,34.941,42.18,1991,1991,23.656,29.763,29.329,39.213,47.048,53.774,45.478,33.379,36.857,1991,1991,2.9995,20.138,34.385,41.192,46.824,43.78,44.017,41.035,38.134
1992,1992,20.615,26.009,28.27,42.143,48.737,54.407,43.027,33.011,39.699,1992,1992,25.77,28.346,31.08,42.217,50.165,54.228,45.991,32.625,36.837,1992,1992,-2.418,29.881,35.831,42.751,50.658,46.02,44.763,41.752,38.802
1993,1993,23.453,24.061,29.457,39.627,48.512,53.057,42.243,35.215,42.022,1993,1993,28.136,27.534,30.15,40.178,47.873,54.636,45.696,34.192,37.029,1993,1993,3.2632,25.411,38.464,41.416,48.783,46.579,44.5,42.552,38.701
1994,1994,23.255,18.772,32.57,40.949,48.557,53.934,43.753,43.022,41.924,1994,1994,27.894,25.457,34.913,41.902,44.683,54.636,46.362,42.562,41.265,1994,1994,6.1336,23.127,31.263,42.822,49.065,45.606,46.205,44.096,41.076
1995,1995,22.853,23.623,33.148,39.905,47.524,54.82,43.275,36.507,42.187,1995,1995,26.257,28.315,30.424,42.22,46.25,52.884,43.709,33.926,37.528,1995,1995,5.8314,18.884,36.67,40.288,49.238,46.994,45.689,42.964,38.601
1996,1996,23.048,20.463,30.115,39.432,49.546,55.262,44.516,33.696,38.822,1996,1996,26.864,27.021,29.753,39.982,48.636,55.555,47.176,35.371,36.659,1996,1996,6.7269,18.258,34.783,40.175,48.282,47.73,49.893,43.914,37.903
1997,1997,23.069,26.284,33.536,37.875,50.302,53.415,43.864,39.187,43.222,1997,1997,25.48,29.737,35.957,40.183,49.429,56.295,47.918,40.913,37.885,1997,1997,3.2991,16.662,35.323,41.798,50.976,49.072,53.264,51.363,39.602
1998,1998,26.498,24.345,28.936,39.485,49.941,51.917,42.394,38.907,40.188,1998,1998,29.294,31.988,35.748,41.195,49.073,54.411,45.902,40.329,37.622,1998,1998,10.218,19.622,33.261,42.369,48.951,47.045,49.8,51.957,40.017
1999,1999,25.418,23.567,33.364,39.65,49.242,52.78,43.498,38.726,42.417,1999,1999,28.598,27.939,36.792,37.431,47.908,53.845,46.05,38.826,38.025,1999,1999,7.3028,23.184,33.814,44.427,53.192,46.088,47.884,49.293,39.506
2000,2000,23.194,24.929,33.234,45.945,51.547,53.493,43.477,36.956,39.983,2000,2000,26.628,27.852,36.667,40.113,48.85,55.512,47.345,38.614,37.198,2000,2000,9.9784,21.772,34.357,43.273,51.017,46.69,47.773,49.054,39.062
2001,2001,30.345,29.263,34.074,42.62,50,54.095,44.048,37.844,43.158,2001,2001,34.265,29.015,27.455,44.432,48.134,53.83,45.506,38.603,37.863,2001,2001,12.064,22.825,32.876,45.364,54.778,46.079,49.799,47.379,39.774
2002,2002,33.229,33.359,32.928,43.354,49.597,55.61,45.095,38.913,39.689,2002,2002,37.03,35.586,34.713,40.83,47.939,55.34,46.99,39.783,37.507,2002,2002,15.905,23.264,33.335,44.288,55.973,48.596,50.791,51.354,39.925
2003,2003,32.158,34.245,29.517,40.814,49.881,52.253,43.282,40.644,43.191,2003,2003,35.853,34.457,34.992,39.207,49.437,52.939,45.914,40.108,37.904,2003,2003,12.847,22.473,36.679,44.727,54.599,47.323,50.867,52.248,40.138
2004,2004,28.695,31.912,30.66,38.785,49.939,52.441,42.092,39.147,40.686,2004,2004,32.987,31.349,34.855,39.548,48.523,55.574,47.246,38.741,36.933,2004,2004,12.608,23.64,33.389,45.787,53.723,49.301,50.034,50.081,40.26
2005,2005,25.282,31.541,31.208,43.332,50.392,55.212,44.243,39.389,43.633,2005,2005,30.113,34.449,32.258,39.225,49.552,52.927,44.472,40.139,39.187,2005,2005,8.313,17.823,35.7,44.088,52.53,48.058,49.156,50.489,41.229
2006,2006,21.79,21.223,34.442,44.878,56.911,53.936,42.876,40.076,41.129,2006,2006,25.449,33.355,34.43,44.819,52.007,55.005,46.207,41.078,38.34,2006,2006,4.5672,21.961,33.766,47.123,52.998,46.896,48.2,49.158,39.537
2007,2007,31.693,29.629,33.351,43.419,55.694,57.328,45.948,38.825,43.375,2007,2007,35.396,34.578,34.902,41.328,49.921,55.57,46.04,38.832,38.226,2007,2007,13.473,16.58,31.066,43.41,50.722,47.773,47.904,50.174,40.078
2008,2008,29.146,29.475,31.037,44.777,54.307,56.287,45.076,40.25,41.197,2008,2008,32.955,36.118,32.186,42.259,52.736,53.882,45.514,41.293,38.128,2008,2008,12.782,26.706,33.04,46.646,52.662,49.157,48.599,51.997,40.505
2009,2009,28.875,31.973,36.834,42.043,53.42,56.05,44.906,39.192,43.11,2009,2009,32.731,33.786,34.724,45.12,49.447,58.069,48.97,38.957,38.468,2009,2009,10.888,23.046,37.7,48.298,54.133,48.443,48.455,49.355,40.145
2010,2010,33.715,31.915,38.218,47.757,49.951,55.981,44.576,36.378,40.111,2010,2010,37.855,35.698,33.973,44.409,51.792,56.747,47.992,38.364,37.448,2010,2010,15.335,26.826,36.398,46.602,51.179,47.176,48.689,47.513,39.987
2011,2011,26.477,28.463,35.313,48.115,54.657,56.162,43.918,38.051,42.875,2011,2011,30.912,26.942,33.426,43.916,54.037,56.453,48.231,37.927,38.049,2011,2011,10.828,32.408,33.115,47.145,53.47,48.646,48.395,48.098,39.929
2012,2012,21.359,25.951,30.73,42.708,50.422,57.186,44.445,38.935,40.887,2012,2012,24.925,21.94,32.696,42.29,54.26,54.532,45.802,38.138,37.859,2012,2012,5.3629,26.348,37.666,46.653,53.916,50.543,45.953,47.014,39.782
2013,2013,24.889,26.694,30.317,43.196,53.737,56.861,44.142,41.361,44.085,2013,2013,29.495,28.535,33.686,43.793,55.122,57.813,48.666,40.586,39.184,2013,2013,5.5291,16.855,35.472,45.011,55.576,49.893,48.558,47.996,41.214
2014,2014,24.277,26.69,34.926,44.793,53.766,57.687,46.325,42.595,42.592,2014,2014,28.804,30.294,34.811,46.946,57.77,57.964,48.862,42.411,39.387,2014,2014,2.7047,21.239,34.116,48.912,58.218,53.829,48.444,47.368,41.634
2015,2015,23.485,18.339,27.892,43.913,54.184,58.37,45.607,40.384,44.193,2015,2015,27.623,27.484,33.199,43.51,51.614,58.269,49.513,39.121,38.686,2015,2015,6.9696,25.131,36.419,47.911,60.531,53.69,49.795,49.355,41.768
2016,2016,28.332,24.076,32.579,49.451,59.136,61.136,49.094,38.451,42.071,2016,2016,32.795,20.109,33.939,47.018,56.497,60.216,49.829,38.521,38.392,2016,2016,11.806,24.015,34.562,48.858,61.263,52.287,48.064,47.062,40.631
2017,2017,23.588,26.619,28.979,45.704,58.979,60.65,50.034,39.255,44.353,2017,2017,27.764,29.713,33.591,42.336,54.229,63.021,55.215,39.325,39.269,2017,2017,9.1679,23.329,30.502,47.152,58.394,54.62,51.888,47.31,42.352
2018,2018,22.152,31.742,31.682,46.889,59.304,63.499,50.619,38.291,42.547,2018,2018,27.088,34.893,34.048,47.3,56.901,61.674,53.046,39.399,38.963,2018,2018,3.8059,19.016,31.329,49.76,58.642,54.421,50.624,47.991,41.929
2019,2019,31.463,27.162,36.154,47.691,58.65,63.661,51.031,39.859,44.801,2019,2019,35.197,32.429,32.751,47.092,57.759,61.16,52.514,40.253,40.009,2019,2019,13.853,20.235,32.065,51.663,58.504,55.001,49.928,49.512,42.78
2020,2020,29.992,26.253,36.644,48.138,59.536,59.635,47.303,38.175,44.942,2020,2020,33.421,28.781,39.768,49.406,56.598,60.178,50.778,40.642,40.239,2020,2020,11.647,26.159,36.422,50.462,60.41,52.286,50.425,47.939,44.673
2021,2021,19.372,28.407,34.307,49.464,59.948,62.304,48.702,40.532,45.759,2021,2021,23.02,30.243,35.975,48.299,55.303,60.263,51.778,40.196,40.255,2021,2021,3.7455,28.6,38.678,50.423,58.454,53.84,53.005,49.671,43.535
2022,2022,23.228,27.32,33.778,50.166,56.536,66.336,55.388,42.312,44.694,2022,2022,28.257,28.551,33.685,46.718,58.773,64.743,55.046,42.126,40.937,2022,2022,8.0651,25.054,39.039,50.127,59.972,57.589,56.275,51.577,44.283
2023,2023,27.816,27.853,35.122,48.428,60.888,67.473,57.432,42.341,45.088,2023,2023,32.067,33.453,29.207,48.454,60.874,70.877,61.051,42.831,40.97,2023,2023,9.6725,21.816,38.091,47.403,60.132,59.155,57.775,51.85,44.792
2024,2024,21.971,28.728,35.638,48.203,61.747,63.134,50.993,40.721,45.07,2024,2024,26.396,30.497,32.298,46.127,61.203,65.846,56.998,41.083,40.804,2024,2024,9.3528,24.699,34.077,49.885,63.368,58.461,54.809,49.714,44.486
2025,2025,22.64,21.102,31.925,46.413,61.835,67.782,56.797,47.885,47.343,2025,2025,24.613,26.504,33.739,51.003,66.554,73.563,65.185,47.89,42.791,2025,2025,3.2282,23.916,32.765,49.986,64.276,66.306,63.135,58.271,46.966
2026,2026,21.366,18.343,33.72,48.177,63.996,69.044,57.187,47.099,46.366,2026,2026,25.69,28.745,29.174,48.455,62.822,73.942,64.077,47.1,41.661,2026,2026,8.5874,25.771,35.241,52.43,67.212,65.059,61.529,58.74,45.534
2027,2027,20.396,21.586,29.328,48.134,60.427,68.871,58.143,44.454,46.88,2027,2027,22.619,25.939,34.076,47.076,60.469,67.261,58.648,43.326,41.711,2027,2027,2.0721,25.031,36.828,52.39,67.809,62.21,60.29,56.299,45.755
2028,2028,21.05,24.467,32.5,48.195,61.914,76.746,65.337,53.627,48.088,2028,2028,25.252,28.099,33.02,49.323,64.177,73.074,63.472,51.293,43.783,2028,2028,2.1888,20.338,33.119,54.604,65.602,68.989,67.805,62.612,47.545
2029,2029,24.86,25.427,27.733,51.896,65.756,80.015,67.938,55.411,48.731,2029,2029,28.722,27.016,31.118,51.796,66.02,84.063,73.133,53.191,44.046,2029,2029,9.6799,23.24,33.105,55.692,70.331,73.456,70.72,65.096,51.047
2030,2030,23.921,20.21,33.733,55.814,70.406,77.958,69.373,56.595,51.3,2030,2030,27.406,23.699,30.318,55.113,67.261,85.919,78.07,56.748,46.989,2030,2030,7.9553,20.752,35.357,59.068,71.731,78.785,74.409,67.761,51.602
2031,2031,22.883,18.886,34.003,55.614,70.751,78.547,71.649,63.571,55.846,2031,2031,27.04,25.469,34.083,53.928,69.37,84.823,76.951,62.544,51.486,2031,2031,6.0928,26.667,37.852,59.613,74.552,78.269,79.43,75.908,57.662
2032,2032,18.332,27.522,34.345,53.57,71.54,83.893,75.389,70.707,59.349,2032,2032,22.627,23.96,32.207,53.396,69.452,89.217,79.121,70.386,57.019,2032,2032,3.0922,25.552,30.971,60.341,74.885,78.174,83.837,80.619,61.935
2033,2033,28.631,26.59,37.017,58.566,74.942,87.353,77.248,70.311,58.425,2033,2033,30.966,29.443,37.747,51.672,69.721,88.537,79.918,70.334,55.995,2033,2033,11.038,24.557,36.475,62.547,76.112,81.643,84.411,81.807,63.672
2034,2034,24.15,35.632,38.899,58.078,73.601,83.227,76.551,71.011,59.784,2034,2034,26.864,36.307,35.893,51.354,65.645,85.099,78.497,70.879,58.066,2034,2034,9.6336,32.022,38.022,59.6,74.533,81.407,84.596,81.395,61.917
2035,2035,22.77,29.815,39.355,60.915,75.323,85.542,75.426,71.83,58.72,2035,2035,26.33,31.371,31.865,54.865,69.337,88.179,79.162,71.001,55.98,2035,2035,8.8552,28.69,38.786,62.769,76.69,81.357,86.203,83.12,63.165
2036,2036,25.997,25.945,39.53,56.417,72.718,82.693,70.558,62.732,52.636,2036,2036,30.481,28.173,36.498,54.566,72.902,89.216,78.723,64.308,51.179,2036,2036,9.9294,25.503,38.402,58.926,75.569,78.858,78.719,76.561,56.512
2037,2037,29.586,28.847,34.33,52.906,68.35,79.219,67.192,63.117,51.561,2037,2037,34.005,32.411,36.445,53.978,70.756,87.678,76.756,62.806,52.322,2037,2037,12.923,24.06,39.513,53.54,71.078,76.785,76.176,72.922,53.938
2038,2038,14.993,31.241,32.858,52.249,65.671,74.88,65.1,64.542,53.305,2038,2038,18.779,33.58,32.598,52.739,68.34,88.051,77.771,64.67,53.913,2038,2038,2.0692,29.3,42.063,55.739,70.903,73.581,78.538,76.483,57.469
2039,2039,29.978,29.048,39.384,55.756,69.977,77.144,68.418,69.108,58.8,2039,2039,33.75,32.083,34.27,52.465,68.399,84.628,75.816,69.465,57.196,2039,2039,12.487,31.161,42.414,60.137,75.571,74.467,79.813,82.208,63.611
2040,2040,31.48,22.731,40.574,63.34,76.174,88.405,77.4,86.862,77.661,2040,2040,36.083,34.605,35.214,51.884,67.533,84.729,76.938,84.446,76.085,2040,2040,17.333,26.854,45.167,63.486,78.028,81.233,87.573,90.26,76.614
2041,2041,27.524,33.96,45.456,64.446,74.197,87.217,76.408,80.604,67.754,2041,2041,31.433,31.871,32.594,61.066,73.033,83.662,75.802,78.109,65.241,2041,2041,11.938,32.463,42.608,66.72,78.982,78.458,84.882,88.792,72.179
2042,2042,35.152,35.655,40.711,54.242,68.405,83.251,72.221,73.062,61.126,2042,2042,37.648,33.733,39.187,62.279,74.67,88.77,79.724,72.202,59.898,2042,2042,16.477,34.534,38.899,65.207,78.315,80.344,80.129,82.856,66.664
2043,2043,30.648,22.057,35.803,51.914,66.028,75.493,66.106,63.565,53.868,2043,2043,34.99,24.58,35.174,59.007,72.379,86.441,76.837,63.348,51.318,2043,2043,12.507,29.884,43.236,62.42,74.268,77.48,76.371,72.376,55.205
2044,2044,25.221,26.416,36.727,49.989,64.456,74.04,62.947,55.805,50.634,2044,2044,30.038,23.976,33.604,53.755,66.561,83.03,73.792,54.864,46.581,2044,2044,10.293,25.115,37.154,57.539,69.179,75.437,69.897,66.692,51.687
2045,2045,29.779,28.72,34.143,47.834,61.963,69.681,59.506,51.123,48.182,2045,2045,33.291,29.598,33.966,57.328,68.246,81.719,72.107,52.299,44.869,2045,2045,6.9359,29.647,37.388,59.506,68.822,71.481,65.715,62.351,48.893
2046,2046,34.968,23.645,30.676,48.914,61.17,68.485,57.233,48.498,46.834,2046,2046,38.847,24.68,28.213,58.526,66.483,78.452,68.373,50.054,43.493,2046,2046,16.593,29.573,34.649,61.455,70.418,67.559,61.12,61.807,47.596
2047,2047,26.731,25.896,33.723,56.631,62.82,74.988,63.253,47.238,46.663,2047,2047,30.225,30.999,32.29,52.255,63.66,76.408,64.693,47.69,43.555,2047,2047,9.6975,31.519,33.546,56.263,68.133,65.463,59.363,57.898,46.061
2048,2048,32.243,24.136,38.065,58.909,63.123,74.94,63.311,46.262,46.011,2048,2048,36.166,30.913,29.571,57.808,64.89,78.035,66.275,48.458,42.227,2048,2048,13.043,29.666,38.448,62.016,69.631,68.761,59.665,59.204,45.788
2049,2049,31.763,23.581,30.776,55.283,60.372,70.345,58.667,45.523,44.926,2049,2049,35.149,30.3,35.219,50.614,58.611,69.292,58.318,47.452,43.272,2049,2049,14.081,22.819,36.162,58.281,65.776,63.991,59.082,57.204,45.224
2050,2050,29.439,26.85,35.476,54.408,60.57,67.145,55.481,50.848,47.81,2050,2050,33.878,31.422,32.988,51.867,59.85,66.377,56.481,51.679,45.087,2050,2050,11.94,27.924,34.615,55.256,64.103,58.063,55.558,62.407,47.608
2051,2051,29.76,29.074,31.387,55.676,60.57,61.08,50.512,52.823,46.077,2051,2051,33.554,34.297,32.457,52.099,59.242,63.563,54.179,53.956,44.369,2051,2051,13.987,26.385,36.934,56.401,65.392,57.994,56.77,65.046,47.633
2052,2052,30.317,24.489,32.435,52.451,58.902,65.995,53.88,48.08,46.438,2052,2052,34.235,32.015,29.432,48.819,59.245,59.826,52.273,49.858,43.884,2052,2052,12.11,21.709,35.854,53.533,64.497,56.456,55.611,60.192,46.636
2053,2053,28.644,19.741,29.124,49.243,58.095,65.267,52.477,49.131,44.615,2053,2053,32.533,28.421,33.969,47.721,58.576,61.84,53.138,50.861,42.69,2053,2053,11.032,18.817,32.153,53.362,65.123,56.615,55.131,62.138,46.384
2054,2054,21.074,28.535,31.46,51.321,60.871,65.118,52.46,46.059,45.133,2054,2054,24.161,28.263,33.086,47.228,59.607,61.558,51.716,47.675,41.065,2054,2054,4.7838,8.8679,34.366,53.341,64.183,58.289,59.957,59.93,44.809
2055,2055,23.693,23.77,30.271,49.306,60.741,67.118,56.581,47.041,44.314,2055,2055,28.119,29.92,31.124,46.519,57.462,65.432,57.177,49.829,41.807,2055,2055,6.3489,16.965,33.553,48.719,61.127,60.06,61.909,60.184,45.054
2056,2056,25.381,26.725,35.217,50.401,56.922,71.551,58.882,54.362,45.914,2056,2056,29.702,29.477,29.53,46.162,57.566,66.547,57.053,54.85,43.241,2056,2056,7.6873,27.743,34.049,47.983,58.212,61.002,64.785,66.79,47.126
2057,2057,28.323,27.646,32.93,51.281,58.37,74.26,61.526,50.559,45.312,2057,2057,33.015,30.86,33.801,47.454,55.55,68.686,59.236,53.728,43.407,2057,2057,11.129,27.951,31.092,46.83,55.206,62.038,65.548,64.306,47.012
2058,2058,21.311,28.468,32.678,52.179,61.735,70.363,59.245,50.982,46.013,2058,2058,24.578,28.963,35.322,50.875,59.885,67.605,59.388,52.308,43.153,2058,2058,8.9825,25.175,33.458,49.784,60.169,62.197,64.757,63.209,46.513
2059,2059,25.9,17.971,30.711,47.67,58.719,72.336,61.063,51.942,46.132,2059,2059,29.747,21.033,35.697,48.613,60.876,73.626,63.564,54.299,44.526,2059,2059,11.696,14.863,37.377,51.746,58.589,62.329,65.324,64.799,47.949
2060,2060,22.158,18.96,33.133,47.506,57.958,72.364,60.186,51.087,45.811,2060,2060,25.592,17.202,35.783,47.184,59.078,73.628,64.544,53.951,43.751,2060,2060,5.3404,20.256,33.394,54.304,57.386,63.063,64.127,64.207,47.735
2061,2061,25.141,23.087,29.457,49.77,62.253,74.11,64.034,49.921,44.088,2061,2061,28.206,28.745,34.375,49.714,60.878,73.648,64.131,52.664,43.669,2061,2061,10.545,23.039,32.857,50.888,59.364,65.809,65.212,60.566,45.51
2062,2062,26.478,30.948,34.313,52.178,62.839,62.906,53.363,50.825,46.089,2062,2062,30.722,29.438,32.781,46.987,58.307,66.817,56.398,53.451,44.982,2062,2062,9.5278,22.884,34.738,50.71,60.216,55.894,60.496,62.093,46.863
2063,2063,29.067,25.411,36.766,48.971,60.835,62.94,51.649,50.305,43.415,2063,2063,32.1,24.44,31.941,47.161,55.614,63.932,56.351,52.409,43.103,2063,2063,8.7953,21.468,36.993,51.493,54.33,55.069,60.423,63.185,46.547
2064,2064,27.688,21.942,34.516,49.619,59.441,67.789,57.549,57.193,49.095,2064,2064,30.558,31.531,30.61,45.502,53.681,68.778,59.489,59.851,48.649,2064,2064,6.4582,26.21,36.735,49.415,56.57,58.101,64.116,70.358,53.889
2065,2065,22.062,24.487,35.903,45.805,58.912,67.936,59.623,56.25,47.95,2065,2065,27.668,29.677,30.13,44.766,56.596,73.895,65.856,58.399,47.4,2065,2065,8.8203,22.541,32.744,47.895,55.242,63.572,68.267,69.511,53.093
2066,2066,24.235,21.847,34.211,50.17,60.931,67.573,59.755,58.541,49.803,2066,2066,28.098,29.786,30.377,46.032,57.992,72.636,64.379,59.748,49.169,2066,2066,3.3472,14.104,30.047,51.19,57.368,64.093,68.601,69.289,52.756
2067,2067,27.152,23.612,34.413,49.792,58.998,69.987,61.244,57.294,48.335,2067,2067,30.888,30.589,30.327,48.625,58.059,73.239,63.9,58.859,47.6,2067,2067,8.8979,16.613,30.733,51.436,57.761,66.313,71.56,69.544,52.924
2068,2068,29.178,22.258,33.289,48.695,59.524,71.129,61.382,58.651,49.351,2068,2068,32.026,32.036,31.391,48.761,56.561,74.725,66.16,58.899,48.074,2068,2068,11.847,20.908,33.492,50.827,57.583,66.061,70.47,70.581,52.611
2069,2069,23.977,24.222,31.432,48.256,58.781,75.672,65.073,60.735,50.961,2069,2069,28.099,22.218,32.639,44.641,57.731,75.56,67.917,61.579,49.156,2069,2069,4.2921,24.943,31.354,50.46,59.763,64.839,71.949,71.293,53.435
2070,2070,22.977,16.763,33.415,48.17,60.517,79.002,68.975,61.921,51.623,2070,2070,27.879,18.337,32.102,43.547,58.566,77.238,69.026,62.269,50.748,2070,2070,7.9575,25.026,34.958,49.904,59.069,68.758,75.001,72.005,53.617
2071,2071,24.3,21.75,31.093,46.072,58.64,79.65,68.971,59.619,49.859,2071,2071,27.629,20.641,32.067,41.693,56.729,74.29,67.436,59.486,48.166,2071,2071,5.3464,24.274,33.045,47.585,58.768,68.467,74.709,70.526,51.907
2072,2072,18.651,19.291,31.132,46.021,59.899,79.909,68.65,59.64,50.776,2072,2072,22.376,25.728,29.572,42.951,58.775,77.053,68.824,59.266,49.174,2072,2072,-2.0217,25.495,34.348,47.638,59.972,68.858,75.152,69.889,54.01
2073,2073,23.82,23.846,33.14,45.408,58.026,78.505,68.23,60.931,51.79,2073,2073,26.153,27.914,34.099,43.122,58.394,79.385,72.121,60.884,50.869,2073,2073,5.4083,20.98,36.143,47.574,58.991,71.381,75.171,69.535,52.557
2074,2074,25.559,23.799,30.02,42.067,57.206,78.64,68.054,60.681,51.477,2074,2074,28.718,27.022,30.574,41.892,55.427,76.01,70.766,60.394,50.713,2074,2074,11.505,22.561,33.678,44.807,55.983,68.349,72.258,67.627,52.437
2075,2075,24.575,21.725,30.167,45.332,58.732,80.754,70.398,68.177,58.003,2075,2075,28.325,22.272,34.885,45.325,60.424,84.472,76.779,66.519,56.146,2075,2075,10.707,15.781,36.734,46.572,58.647,73.786,80.689,76.944,59.895
2076,2076,21.162,26.168,29.585,44.264,56.493,77.618,69.508,70.023,58.447,2076,2076,26.33,31.171,32.009,41.463,61.201,85.465,79.022,69.045,57.093,2076,2076,4.0393,16.428,34.316,48.627,60.072,75.439,80.83,81.03,61.683
2077,2077,19.066,24.177,32.364,45.32,60.272,84.535,74.183,74.016,63.056,2077,2077,23.842,18.568,29.54,45.909,63.403,89.4,82.539,74.223,61.576,2077,2077,-0.86212,22.976,31.322,47.376,60.001,78.673,83.509,84.777,68.745
2078,2078,24.416,23.48,31.149,45.941,63.283,86.212,76.042,77.916,66.917,2078,2078,27.047,29.22,30.61,43.896,63,88.279,80.185,77.407,65.722,2078,2078,5.0751,27.106,37.978,47.365,60.862,79.739,83.384,88.657,72.076
2079,2079,26.333,29.906,34.22,45.454,66.996,87.12,84.186,94.361,79.882,2079,2079,29.484,27.871,37.609,46.537,67.518,90.417,86.835,88.262,75.228,2079,2079,-1.8156,22.364,38.423,45.985,64.569,81.703,97.231,99.393,81.293
2080,2080,26.017,32.202,34.275,46.907,68.96,90.621,82.72,89.728,76.202,2080,2080,25.154,31.795,39.342,46.239,65.063,82.578,83.238,87.838,74.961,2080,2080,16.114,32.626,30.399,47.891,69.132,84.326,96.6,99.545,79.861
2081,2081,28.558,35.65,34.027,45.053,68.079,86.285,80.79,87.271,73.598,2081,2081,32.036,36.098,40.24,49.074,64.559,83.271,82.695,85.278,72.038,2081,2081,22.393,34.887,40.318,47.279,69.177,83.625,94.914,96.266,78.632
2082,2082,14.171,29.418,33.359,43.499,63.687,85.518,79.839,87.013,74.322,2082,2082,25.577,28.493,39.285,48.444,60.167,82.001,79.699,84.014,72.153,2082,2082,29.387,32.115,28.458,48.064,62.7,81.588,94.915,94.548,73.554
2083,2083,13.843,25.075,32.456,45.736,65.595,86.7,74.971,73.502,57.825,2083,2083,22.966,28.901,36.9,54.967,71.324,92.9,81.366,69.85,56.866,2083,2083,18.198,28.524,28.693,45.867,64.277,79.102,85.724,83.574,60.834
2084,2084,27.046,29.409,32.378,45.822,58.197,74.371,62.383,58.199,49.152,2084,2084,29.207,31.994,40.648,46.412,58.263,79.263,68.627,55.461,47.094,2084,2084,19.173,17.35,31.39,43.196,56.192,67.013,65.591,65.573,49.847
2085,2085,20.823,26.717,33.837,43.664,52.629,62.05,50.324,54.225,49.51,2085,2085,28.826,33.957,34.243,41.488,52.227,62.493,54.684,53.958,45.857,2085,2085,8.416,18.233,33.37,44.415,50.666,51.756,60.036,65.386,49.849
2086,2086,22.206,29.706,36.179,43.307,53.808,60.74,50.103,52.124,50.206,2086,2086,30.302,31.994,35.955,42.576,51.361,62.864,54.62,53.952,46.926,2086,2086,10.005,21.95,30.072,45.945,53.005,55.975,61.16,63.887,50.266
2087,2087,21.265,27.958,34.634,44.058,54.534,64.497,57.309,55.515,51.831,2087,2087,27.61,35.859,32.458,44.581,53.483,66.797,60.997,57.11,49.469,2087,2087,8.3002,24.312,32.552,44.649,55.893,61.992,64.995,68.687,53.926
2088,2088,23.864,27.382,29.765,43.71,58.095,75.29,64.131,55.55,52.266,2088,2088,29.982,28.288,31.624,43.929,55.694,73.452,65.022,57.619,49.53,2088,2088,13.227,24.464,34.08,46.625,59.453,66.679,70.005,71.138,54.259
2089,2089,17.717,28.404,25.024,42.511,55.6,68.753,60.402,53.635,49.677,2089,2089,28.332,21.419,28.165,43.266,57.662,76.844,67.954,56.475,47.969,2089,2089,11.877,19.534,35.253,46.556,57.152,65.824,70.967,66.136,52.192
2090,2090,17.181,26.497,26.644,42.104,53.609,69.145,60.746,54.646,50.334,2090,2090,21.21,20.966,33.377,39.656,58.981,75.942,67.115,56.451,47.389,2090,2090,8.356,15.509,33.133,45.378,58.684,65.013,69.778,68.47,52.272
2091,2091,9.3743,28.232,34.01,44.108,54.953,68.469,60.789,53.475,50.505,2091,2091,16.069,19.596,30.882,43.141,57.782,75.258,66.811,54.45,46.963,2091,2091,1.7702,21.436,34.881,44.441,58.696,66.295,72.071,64.031,49.84
2092,2092,15.174,28.792,27.029,42.685,56.81,71.801,62.18,51.026,50.842,2092,2092,9.9697,26.923,34.662,39.4,56.172,73.736,66.34,51.259,45.927,2092,2092,3.0228,23.259,27.123,45.653,55.613,67.348,70.308,61.539,50.178
2093,2093,14.962,21.083,30.754,43.551,55.782,76.015,65.257,50.851,51.144,2093,2093,16.207,22.018,32.875,40.651,59.304,79.726,70.731,51.83,47.882,2093,2093,2.4857,24.948,29.755,47.907,58.391,69.477,69.692,59.962,50.138
2094,2094,13.783,20.755,30.913,39.897,59.014,75.113,64.478,53.306,51.983,2094,2094,13.986,26.038,31.819,42.492,60.369,79.107,69.08,52.839,48.248,2094,2094,1.5745,25.97,30.918,46.058,58.029,68.895,68.446,61.527,50.539
2095,2095,14.432,30.555,28.504,40.363,58.614,77.839,64.613,50.517,50.911,2095,2095,13.26,21.701,34.124,42.372,58.766,77.03,66.195,49.818,46.65,2095,2095,3.8606,27.836,30.192,47.235,59.447,67.954,65.537,58.813,49.956
2096,2096,23.313,30.221,32.609,44.689,58.39,74.435,62.145,48.433,50.06,2096,2096,18.733,21.856,27.811,40.116,57.99,70.708,61.135,48.872,46.255,2096,2096,9.3476,26.096,25.976,42.12,56.636,65.049,64.03,57.637,49.814
2097,2097,21.625,26.285,29.855,40.164,58.397,75.232,68.497,77.464,61.405,2097,2097,16.734,24.748,38.386,49.811,61.89,86.649,78.536,70.206,57.738,2097,2097,5.6409,15.668,27.778,44.34,61.584,74.884,80.659,81.899,63.076
2098,2098,19.269,25.332,33.213,45.801,64.946,84.345,74.369,76.713,61.601,2098,2098,18.576,31.701,42.363,56.721,69.54,88.329,77.437,70.701,58.088,2098,2098,6.5551,22.297,29.829,49.362,63.525,80.147,83.977,85.032,64.091
2099,2099,22.852,27.828,30.191,46.516,63.216,86.571,77.932,83.919,70.785,2099,2099,23.937,27.697,31.66,43.995,63.281,88.78,80.061,79.999,67.318,2099,2099,8.9934,18.265,30.793,47.88,65.412,81.452,88.633,90.76,72.774
2100,2100,25.92,28.098,29.619,44.025,62.781,86.8,78.57,84.374,71.523,2100,2100,25.438,31.428,32.149,44.696,62.434,85.811,78.797,80.728,68.167,2100,2100,5.8251,22.597,32.784,42.875,62.305,80.401,87.365,92.905,75.911
2101,2101,24.808,26.841,35.111,41.696,61.879,84.967,80.679,87.109,72.962,2101,2101,24.521,31.259,35.002,43.023,63.675,85.639,81.119,84.633,72.142,2101,2101,10.499,26.562,35.626,45.925,63.54,80.121,93.35,97.917,79.751
2102,2102,27.019,38.145,30.839,44.115,63.125,82.198,74.379,87.803,75.581,2102,2102,33.812,39.358,32.351,41.068,62.62,84.617,78.225,84.068,72.386,2102,2102,11.125,27.775,29.741,44.147,62.197,79.439,88.209,93.958,77.814
2103,2103,28.126,31.117,37.225,43.634,63.587,84.603,75.331,85.202,71.885,2103,2103,38.331,33.575,39.42,44.843,62.751,86.307,77.854,82.061,69.988,2103,2103,14.674,26.295,27.844,40.379,62.421,78.008,86.757,95.189,78.633
2104,2104,34.044,36.031,34.286,51.499,68.434,83.765,72.733,73.904,61.393,2104,2104,39.298,35.606,35.795,49.616,65.078,86.449,76.772,73.781,60.499,2104,2104,22.936,27.845,34.187,44.586,65.884,78.38,79.377,81.991,66.234
2105,2105,34.287,33.855,36.069,53.432,73.346,85.495,74.547,67.699,57.675,2105,2105,35.739,31.792,33.468,51.683,67.886,88.312,79.286,66.082,54.87,2105,2105,21.546,22.47,32.33,48.782,71.101,79.972,80.213,76.129,60.199
2106,2106,31.426,31.522,34.518,57.338,71.633,89.381,78.738,65.603,54.807,2106,2106,30.881,30.598,36.545,53.091,72.33,92.876,82.548,65.611,53.123,2106,2106,18.412,23.585,33.607,48.408,73.102,83.144,83.443,76.332,59.297
2107,2107,31.087,38.149,36.461,54.14,74.587,88.888,77.522,63.562,53.203,2107,2107,34.67,29.5,37.988,53.396,74.584,93.269,82.657,65.945,52.965,2107,2107,17.548,28.947,30.572,53.524,75.992,83.008,82.145,75.563,57.469
2108,2108,34.719,37.377,31.349,59.116,73.943,89.907,78.436,64.155,53.301,2108,2108,36.168,34.48,35.228,50.899,74.583,95.525,84.037,65.526,53.325,2108,2108,23.411,27.62,33.206,54.656,75.758,84.026,81.959,74.614,57.465
2109,2109,29.477,28.17,35.536,57.683,72.922,90.47,79.178,67.688,56.749,2109,2109,35.849,36.369,33.348,53.253,75.254,93.499,83.292,69.029,56.346,2109,2109,21.603,23.583,31.944,55.104,76.842,84.58,83.078,81.359,63.936
2110,2110,34.993,30.814,36.679,62.996,71.698,88.836,78.233,76.636,64.936,2110,2110,34.622,29.87,31.721,54.165,72.177,91.458,81.983,72.764,62.192,2110,2110,22.758,19.091,32.696,58.274,72.561,83.242,84.998,88.014,70.734
2111,2111,33.953,32.104,33.315,61.23,71.575,89.466,77.81,85.091,72.086,2111,2111,34.678,26.971,32.147,55.91,71.886,94.848,83.003,81.282,68.836,2111,2111,22.275,21.938,29.456,54.84,71.381,81.646,85.738,90.585,73.319
2112,2112,23.314,36.633,31.857,54.47,68.654,86.889,75.695,80.371,68.285,2112,2112,37.49,40.995,34.845,52.3,67.731,85.576,76.99,78.216,65.99,2112,2112,21.539,29.364,34.423,55.837,69.45,78.195,86.347,91.308,74.289
2113,2113,32.647,36.239,30.722,51.793,64.995,83.861,73.749,81.413,67.831,2113,2113,42.233,38.398,40.842,54.37,66.996,86.244,76.072,76.483,65.303,2113,2113,27.556,28.258,32.301,58.184,68.833,76.383,83.881,89.188,70.884
2114,2114,31.725,34.849,33.645,47.826,65.861,86.33,77.695,78.957,65.59,2114,2114,39.685,35.385,37.796,47.643,65.415,90.751,82.722,73.609,62.077,2114,2114,23.554,24.668,31.137,51.318,64.24,82.789,89.207,86.024,66.667
2115,2115,35.159,33.906,35.35,45.379,63.858,81.474,71.214,69.98,54.471,2115,2115,39.884,38.046,38.909,52.936,64.918,83.96,75.32,64.523,50.99,2115,2115,26.386,27.1,37.444,48.601,64.883,75.643,79.794,79.584,58.56
2116,2116,39.347,36.576,30.157,42.918,57.803,70.686,59.771,52.643,49.703,2116,2116,44.927,33.115,40.852,44.557,56.608,71.673,62.081,50.538,44.465,2116,2116,31.427,26.183,27.627,41.763,56.977,65.081,63.622,64.219,49.812
2117,2117,35.824,35.259,30.033,40.3,57.827,68.997,58.967,47.128,49.755,2117,2117,42.95,39.886,38.082,43.819,55.711,73.574,64.335,47.065,43.864,2117,2117,28.338,29.291,27.035,42.781,55.2,63.867,64.234,57.348,49.231
2118,2118,34.089,33.529,33.935,41.98,53.869,71.293,59.958,47.99,50.576,2118,2118,39.008,37.251,30.751,43.438,52.18,68.061,58.793,49.34,44.792,2118,2118,24.998,23.979,30.283,46.725,53.766,58.394,61.453,58.429,49.829
2119,2119,27.265,39.382,35.143,39.892,52.636,71.174,59.799,47.732,51.631,2119,2119,30.739,31.437,34.197,43.461,49.714,66.032,56.977,48.686,46.746,2119,2119,15.515,24.316,31.222,43.639,52.861,56.56,60.539,57.484,50.439
2120,2120,34.446,32.192,29.082,39.262,50.94,65.111,52.731,46.684,52.734,2120,2120,37.644,36.148,36.598,40.585,50.48,59.238,50.33,47.676,46.638,2120,2120,24.905,24.864,28.636,38.212,49.065,54.08,55.778,58.166,51.132
2121,2121,36.9,31.473,27.599,39.071,52.201,64.623,53.251,45.969,49.853,2121,2121,30.275,35.686,33.363,40.921,49.631,62.033,55.461,46.892,44.783,2121,2121,18.334,19.473,29.725,37.315,48.431,55.619,56.852,55.949,48.367
2122,2122,33.572,29.277,28.669,40.299,55.338,65.82,53.529,46.681,49.595,2122,2122,30.295,35.463,31.314,41.387,52.037,65.815,56.16,47.675,44.982,2122,2122,18.229,19.981,25.122,41.118,51.258,57.312,57.187,56.495,48.29
2123,2123,36.328,34.935,26.976,43.095,55.997,64.506,54.376,45.839,51.778,2123,2123,37.318,36.533,35.139,43.75,51.856,69.939,60.916,47.27,46.974,2123,2123,20.067,20.908,28.585,41.297,50.768,57.931,58.964,55.515,50.613
2124,2124,31.83,32.146,25.273,43.066,53.703,67.088,55.371,47.652,51.072,2124,2124,37.376,39.241,32.161,41.92,51.808,67.47,58.441,47.878,44.921,2124,2124,18.531,22.38,32.46,40.115,52.261,57.023,56.717,56.681,49.636
2125,2125,30.263,26.878,30.072,43.399,53.776,64.655,52.942,45.094,51.086,2125,2125,31.019,35.485,31.824,41.589,49.929,65.747,56.663,46.587,44.354,2125,2125,19.869,21.375,28.858,39.967,49.531,56.924,55.113,55.192,49.897
2126,2126,19.558,23.641,32.008,41.128,63.388,82.904,73.121,73.943,58.219,2126,2126,24.61,31.643,38.744,48.753,61.718,83.887,75.347,68.347,54.641,2126,2126,13.07,27.997,29.78,42.689,65.63,79.129,83.122,83.74,62.26
2127,2127,24.001,34.139,36.14,44.157,65.034,87.157,79.448,73.819,59.963,2127,2127,32.427,37.739,39.747,51.452,67.792,90.89,80.834,69.793,56.934,2127,2127,13.497,21.238,32.514,41.67,63.048,85.098,86.968,83.942,63.512
2128,2128,25.65,33.119,27.168,41.153,61.899,84.283,74.157,82.009,67.816,2128,2128,37.065,36.012,37.304,46.119,60.531,81.329,74.171,76.661,63.231,2128,2128,19.46,18.295,25.566,45.504,61.011,75.034,83.535,88.81,71.584
2129,2129,24.859,32.03,36.309,41.558,62.336,82.147,74.572,80.266,68.119,2129,2129,34.623,34.341,35.03,45.626,62.622,82.761,76.876,78.758,67.256,2129,2129,17.313,24.268,34.66,43.285,64.946,76.938,86.212,93.243,76.466
2130,2130,33.85,33.574,36.595,41.889,65.061,88.134,76.813,86.969,75.083,2130,2130,35.042,32.651,37.153,42.893,63.045,86.212,77.041,82.437,71.262,2130,2130,23.182,23.919,35.553,43.308,64.264,81.219,85.854,91.92,75.448
2131,2131,34.95,43.584,40.329,45.097,63.217,84.648,75.434,83.951,69.249,2131,2131,36.691,39.075,38.677,46.219,60.178,85.053,76.712,81.495,67.388,2131,2131,24.987,28.241,35.088,43.53,61.153,80.216,86.046,94.339,75.932
2132,2132,42.818,43.511,36.034,49.104,68.309,86.294,74.922,67.736,56.192,2132,2132,44.862,41.202,38.074,50.667,67.216,91.546,80.625,67.774,55.987,2132,2132,33.456,33.399,29.58,46.864,65.663,80.047,79.947,78.354,61.913
2133,2133,39.229,34.101,33.838,53.28,73.849,87.688,76.612,67.176,56.27,2133,2133,39.832,39.753,37.484,51.425,70.178,90.687,79.402,66.47,54.16,2133,2133,27.549,27.528,29.688,49.166,71.069,79.796,78.213,75.203,59.848
2134,2134,33.954,32.747,37.457,54.02,74.387,89.186,77.825,67.982,60.594,2134,2134,31.357,36.445,36.408,49.277,71.123,90.521,80.613,67.483,57.46,2134,2134,21.257,23.762,34.519,50.971,72.529,81.82,81.264,74.895,61.588
2135,2135,37.881,37.856,35.224,58.628,76.619,90.236,78.999,72.141,60.669,2135,2135,26.356,34.681,40.658,50.305,72.627,88.405,79.335,69.354,55.345,2135,2135,20.575,27.704,34.8,52.061,74.599,82.298,81.095,77.272,60.225
2136,2136,39.141,32.753,33.037,61.354,74.927,90.006,79.92,66.121,55.173,2136,2136,35.383,41.33,34.121,53.777,73.309,96.048,84.311,65.825,51.492,2136,2136,26.058,30.925,39.204,53.018,73.345,85.472,81.403,72.71,56.488
2137,2137,36.625,36.484,35.747,61.049,73.155,88.456,77.164,65.106,54.141,2137,2137,36.829,42.349,35.661,54.811,71.931,90.896,80.211,61.582,51.039,2137,2137,21.938,30.818,39.206,55.971,73.595,82.16,79.034,71.864,58.935
2138,2138,38.071,36.673,38.687,55.896,73.88,87.403,74.484,55.356,48.938,2138,2138,42.578,42.851,38.63,51.151,70.88,91.103,79.68,54.925,46.498,2138,2138,27.777,31.709,35.387,57.151,72.345,80.793,76.466,66.301,52.763
2139,2139,35.299,36.013,35.044,51.53,68.07,78.791,67.101,58.945,51.698,2139,2139,36.748,36.537,34.699,48.398,65.192,85.687,73.316,57.451,49.029,2139,2139,23.069,27.976,32.619,56.503,67.752,75.375,71.74,66.548,52.517
2140,2140,29.194,27.936,32.602,48.694,65.563,81.386,68.164,53.456,47.57,2140,2140,30.35,33.239,37.252,46.473,62.17,79.968,69.344,55.092,45.805,2140,2140,16.716,24.28,26.612,53.246,64.663,71.137,68.829,65.686,51.37
2141,2141,27.69,27.524,33.74,46.772,59.705,77.104,64.357,48.543,43.818,2141,2141,23.277,27.393,31.367,43.756,60.182,72.751,62.596,49.36,40.998,2141,2141,14.808,20.097,32.235,49.658,64.299,67.209,64.759,61.469,46.576
2142,2142,25.974,30.996,32.394,44.466,59.111,69.809,58.425,45.064,44.588,2142,2142,32.752,38.97,37.453,42.331,58.248,71.528,62.259,44.388,39.575,2142,2142,15.552,25.282,33.531,45.587,59.731,62.618,61.096,56.322,44.762
2143,2143,29.629,30.369,32.23,41.581,56.983,69.18,58.222,40.904,43,2143,2143,34.832,36.261,36.221,41.508,58.022,67.863,58.585,40.685,38.682,2143,2143,19.762,26.425,35.833,43.914,58.347,59.211,58.714,54.359,42.972
2144,2144,25.575,28.571,28.736,43.209,58.774,69.388,57.748,41.622,44.304,2144,2144,28.561,20.588,33.389,42.536,56.755,68.797,58.621,41.525,39.004,2144,2144,13.633,21.454,31.948,42.102,56.779,61.123,58.735,55.069,42.964
2145,2145,28.461,26.303,30.321,43.674,53.484,66.24,54.388,40.752,40.99,2145,2145,30.124,32.914,36.066,41.869,52.133,63.522,54.256,40.282,38.2,2145,2145,9.8175,17.719,35.523,44.237,51.385,53.982,57.08,53.144,41.772
2146,2146,29.631,28.608,32.768,38.618,53.761,61.741,51.31,40.26,43.543,2146,2146,30.391,32.894,33.456,39.416,54.97,66.266,56.947,39.497,38.016,2146,2146,18.008,21.426,33.476,41.791,54.819,58.395,58.33,53.135,41.453
2147,2147,32.399,35.23,32.398,37.764,52.209,67.014,56.155,41.489,40.526,2147,2147,31.122,40.476,32.461,37.748,51.465,63.006,54.813,41.326,38.241,2147,2147,19.767,27.918,30.155,42.907,52.834,55.596,57.137,53.355,41.855
2148,2148,31.774,34.235,30.512,38.22,52,61.494,52.675,43.839,43.588,2148,2148,20.318,34.691,35.122,40.773,50.878,61.455,53.472,42.883,39.4,2148,2148,13.157,21.286,31.99,41.76,49.511,55.03,60.64,55.642,43.617
2149,2149,32.952,30.027,34.732,43.153,52.251,68.336,56.762,48.706,42.92,2149,2149,36.896,35.557,35.656,41.631,49.506,61.085,52.613,47.531,40.912,2149,2149,22.582,20.917,37.325,39.857,50.678,55.404,56.705,53.566,43.61
2150,2150,28.225,41.138,33.969,41.027,52.702,66.665,55.151,42.222,43.134,2150,2150,37.211,36.879,27.831,37.464,51.185,62.693,54.38,41.572,38.28,2150,2150,22.567,25.519,36.057,40.793,51.76,55.129,58.439,52.985,42.125
2151,2151,23.418,35.582,31.912,43.239,48.813,60.259,49.17,40.898,39.903,2151,2151,28.089,36.234,34.841,44.95,51.795,60.418,51.357,40.349,38.036,2151,2151,13.809,16.631,27.156,48.354,52.754,50.882,56.83,50.786,40.782
2152,2152,27.241,36.45,34.78,43.427,54.503,67.316,55.374,39.423,41.082,2152,2152,32.359,31.706,30.097,42.968,48.501,64.958,55.659,40.524,37.226,2152,2152,18.182,26.287,29.327,42.87,49.151,53.783,60.061,50.151,40.228
2153,2153,35.027,31.583,27.729,38.642,53.248,66.219,54.096,40.222,41.475,2153,2153,34.68,33.203,32.35,41.87,50.232,65.751,55.611,39.654,37.763,2153,2153,22.534,20.432,31.523,41.366,52.446,55.878,59.515,50.435,41.109
2154,2154,30.345,26.956,31.83,44.472,54.079,66.471,54.649,48.85,42.803,2154,2154,31.38,32.013,32.875,40.927,53.322,65.93,55.539,50.372,41.804,2154,2154,20.566,23.201,34.356,43.871,53.1,57.022,56.254,57.002,44.26
2155,2155,32.954,37.385,35.244,43.983,56.769,67.579,54.763,45.943,43.478,2155,2155,33.014,32.479,39.341,42.493,53.385,66.437,57.388,45.136,38.719,2155,2155,21.866,27.792,32.626,47.222,55.078,57.434,56.341,55.356,42.709
2156,2156,29.239,35.969,33.96,40.817,56.205,63.825,53.619,55.503,45.276,2156,2156,32.501,33.615,35.291,43.716,54.788,65.954,55.76,54.879,42.898,2156,2156,20.197,23.614,33.243,41.742,51.674,57.365,57.631,58.554,44.158
2157,2157,31.755,32.703,33.797,40.204,53.899,66.681,53.673,49.361,43.744,2157,2157,41.823,30.981,33.137,41.091,49.797,65.607,55.541,47.145,39.86,2157,2157,27.09,22.383,27.57,42.849,51.791,57.42,55.907,55.396,42.534
2158,2158,29.081,24.651,31.859,41.537,56.339,68.859,57.31,42.322,40.811,2158,2158,34.257,31.795,35.089,40.812,52.63,64.514,54.823,41.465,37.928,2158,2158,21.035,22.592,31.75,40.74,55.118,57.401,57.485,54.246,41.902
2159,2159,31.699,34.892,31.734,41.487,53.511,67.702,55.02,43.621,42.926,2159,2159,36.976,35.281,34.658,39.351,51.449,68.12,59.253,43.465,38.697,2159,2159,21.066,22.132,26.092,40.528,51.001,56.044,56.041,56.276,43.083
2160,2160,36.657,31.633,27.207,39.148,54.679,65.847,55.088,42.143,41.078,2160,2160,37.76,26.892,28.119,41.08,51.487,67.703,58.566,42.966,38.307,2160,2160,25.141,17.443,27.833,41.65,53.405,57.809,59.926,54.746,42.397
2161,2161,27.476,29.923,34.036,46.744,63.615,77.636,66.301,44.977,44.524,2161,2161,31.057,33.898,34.913,45.699,64.09,75.337,68.207,44.835,39.864,2161,2161,17.541,23.252,29.137,50.871,66.071,67.687,64.701,54.713,43.77
2162,2162,36.195,33.223,34.438,45.729,57.999,69.15,57.585,41.642,41.806,2162,2162,38.38,32.461,32.801,40.938,54.055,69.127,60.345,40.6,38.061,2162,2162,25.034,23.332,30.463,45.004,59.148,60.213,55.572,52.446,42.847
2163,2163,37.147,35.458,29.17,45.972,63.074,78.21,66.476,43.374,44.836,2163,2163,38.183,36.622,33.461,44.025,62.689,75.962,68.439,43.678,40.423,2163,2163,26.57,24.447,31.424,48.704,64.484,67.055,63.253,53.633,43.797
2164,2164,28.213,26.756,36.056,53.628,64.029,78.687,66.277,45.851,44.368,2164,2164,28.36,23.315,37.278,48.459,58.844,76.404,67.511,46.487,40.398,2164,2164,15.192,16.38,30.904,47.98,60.179,69.006,69.539,58,44.565
2165,2165,15.491,28.461,32.552,55.881,71.99,85.416,72.545,49.241,47.199,2165,2165,32.906,26.815,35.204,50.126,64.845,81.911,72.43,49.234,42.235,2165,2165,17.065,15.627,33.82,53.257,66.037,74.649,72.361,58.794,46.813
2166,2166,26.053,30.752,32.596,59.351,71.612,89.086,77.14,56.762,49.072,2166,2166,32.353,36.927,34.218,52.14,65.699,85.922,75.877,55.833,45.442,2166,2166,17.889,24.917,31.139,51.694,68.1,80.266,76.642,67.084,50.902
2167,2167,25.561,29.296,33.912,58.476,72.165,89.814,76.559,56.565,49.548,2167,2167,38.122,38.989,36.218,53.569,70.788,89.402,78.22,56.223,45.03,2167,2167,23.295,24.113,27.725,53.031,69.161,82.032,77.545,66.815,51.327
2168,2168,29.649,26.977,36.988,64.039,74.52,93.231,80.123,60.681,51.539,2168,2168,41.498,31.954,31.51,54.899,71.554,92.845,82.05,60.098,48.173,2168,2168,26.772,24.642,33.478,55.057,73.36,84.643,80.725,70.332,53.784
2169,2169,24.312,24.578,39.709,64.756,72.782,90.109,77.966,71.948,60.994,2169,2169,34.95,34.373,36.097,56.108,69.552,88.648,79.407,68.248,56.138,2169,2169,20.648,22.386,36.228,53.505,70.521,80.574,87.299,79.254,63.254
2170,2170,29.439,33.213,37.38,63.521,72.757,93.272,82.245,77.084,62.992,2170,2170,37.501,38.274,39.425,56.885,70.659,90.49,83.718,77.659,61.559,2170,2170,22.534,25.392,38.619,55.657,70.142,82.504,92.95,94.339,70.048
2171,2171,31.205,27.532,37.229,62.591,74.219,91.742,84.712,79.834,65.85,2171,2171,42.49,36.401,36.074,57.623,69.805,93.412,85.435,81.327,64.146,2171,2171,26.878,22.979,31.79,55.89,71.911,89.391,95.927,94.202,71.767
2172,2172,31.289,27.296,35.757,49.864,73.051,89.673,84.883,81.314,66.461,2172,2172,40.801,31.019,34.265,50.96,66.223,89.765,85.69,80.367,63.173,2172,2172,26.961,22.18,35.881,54.441,72.22,88.494,96.637,93.976,71.191
2173,2173,26.359,33.889,41.104,55.576,73.23,93.414,86.497,81.992,67.63,2173,2173,33.539,33.156,32.938,48.719,67.629,90.722,86.393,81.475,65.972,2173,2173,18.833,26.806,36.488,54.936,70.913,89.694,97.417,94.481,72.599
2174,2174,21.885,26.129,37.214,52.333,74.075,92.295,85.637,80.586,65.974,2174,2174,32.115,31.338,30.589,45.727,66.531,87.761,85.537,80.489,64.635,2174,2174,19.381,22.557,37.075,54.752,73.435,89.858,97.312,93.178,71.728
2175,2175,34.846,31.1,33.372,50.446,68.441,85.512,80.165,79.282,63.571,2175,2175,32.933,29.449,33.709,48.908,65.875,89.681,82.92,75.998,61.037,2175,2175,20.117,23.327,37.377,51.082,68.748,83.41,95.542,92.411,69.258
2176,2176,35.75,29.08,34.784,48.893,67.298,82.743,78.001,72.311,59.222,2176,2176,34.606,29.455,31.615,47.29,65.298,88.276,82.061,73.724,57.913,2176,2176,22.18,21.606,35.11,48.777,67.448,79.31,90.954,87.928,65.917
2177,2177,33.148,39.773,32.966,44.326,62.967,81.141,75.66,68.825,57.081,2177,2177,27.736,35.849,35.342,46.584,64.677,86.179,78.554,69.194,56.06,2177,2177,19.477,27.296,38.026,46.532,64.711,76.257,91.63,81.66,61.434
2178,2178,37.089,37.897,31.982,42.394,61.688,79.961,72.824,65.023,51.469,2178,2178,36.043,31.733,33.417,41.045,63.115,84.137,75.29,65.462,52.903,2178,2178,23.324,26.069,36.573,45.868,63.369,73.374,88.809,78.113,57.347
2179,2179,27.105,27.889,33.625,46,60.735,79.575,69.345,61.081,49.504,2179,2179,32.194,29.169,26.931,43.974,61.231,77.073,69.739,60.882,49.243,2179,2179,16.63,22.362,33.759,44.928,63.698,68.961,79.284,72.61,53.845
2180,2180,27.522,22.334,36.165,41.771,59.633,78.554,68.098,60.28,48.843,2180,2180,30.25,23.738,36.342,42.964,60.235,75.191,70.481,61.414,49.798,2180,2180,12.843,14.625,31.648,42.995,62.193,69.851,81.296,70.896,53.23
2181,2181,21.136,26.509,30.369,42.467,55.822,72.904,65.611,57.489,48.004,2181,2181,31.641,22.656,31.707,39.79,55.693,77.714,69.306,58.858,47.222,2181,2181,13.628,24.467,35.022,45.382,58.019,65.107,78.562,68.891,52.199
2182,2182,24.202,32.117,31.914,47.429,57.675,66.773,60.607,58.461,49.956,2182,2182,29.84,34.871,34.168,42.315,55.028,78.214,69.513,58.935,49.055,2182,2182,14.235,22.83,29.06,46.228,57.392,61.228,71.508,67.994,50.948
2183,2183,35.456,30.439,32.429,44.232,58.536,69.262,59.467,55.775,47.351,2183,2183,37.725,39.849,33.154,43.42,54.482,71.536,62.782,55.47,45.375,2183,2183,23.67,22.393,31.976,47.248,58.666,61.473,69.5,67.404,51.37
2184,2184,37.804,29.391,31.429,45.734,59.304,73.482,61.417,60.694,50.16,2184,2184,39.448,36.471,33.755,41.923,55.597,74.905,65.501,60.211,48.681,2184,2184,26.354,20.53,32.03,47.043,57.039,63.174,68.591,72.563,59.081
2185,2185,34.44,26.712,32.407,44.485,58.557,74.167,63.925,61.835,52.348,2185,2185,28.871,30.229,31.344,45.711,56.788,73.319,64.597,62.213,51.554,2185,2185,19.766,20.26,31.426,47.831,60.833,66.5,68.781,72.383,58.714
2186,2186,29.55,26.92,30.919,47.499,61.08,76.151,64.395,69.677,59.638,2186,2186,29.6,33.345,35.18,46.764,56.852,73.036,63.839,67.642,57.619,2186,2186,17.111,26.422,34.228,49,60.989,65.12,67.448,74.832,62.923
2187,2187,20.696,27.886,33.551,48.217,60.306,75.928,63.701,66.828,56.79,2187,2187,27.415,34.233,32.37,50.952,60.377,72.684,64.514,62.888,53.241,2187,2187,13.445,30.304,30.632,55.54,61.661,66.566,66.722,68.687,58.861
2188,2188,25.979,26.549,29.279,50.145,58.689,71.231,61.2,59.326,51.502,2188,2188,26.247,29.928,31.311,44.576,56.259,70.982,62.256,60.467,50.007,2188,2188,11.585,26.934,30.748,50.263,57.587,64.83,66.869,70.397,57.512
2189,2189,22.588,31.441,33.85,47.831,59.032,71.567,59.53,57.135,51.019,2189,2189,28.949,33.686,36.63,45.201,54.724,75.057,65.673,59.992,50.932,2189,2189,11.506,28.23,33.58,47.162,57.192,62.357,64.043,67.766,53.58
2190,2190,26.369,37.298,37.546,49.652,58.127,70.111,58.97,59.311,50.021,2190,2190,41.085,43.308,36.126,46.165,57.542,73.879,64.396,58.474,51.1,2190,2190,25.078,31.06,34.639,46.951,56.285,63.057,65.069,67.841,53.44
2191,2191,31.584,29.423,39.523,45.725,55.523,68.66,58.874,55.679,47.352,2191,2191,43.245,37.413,35.962,42.924,56.179,73.741,64.825,57.773,46.974,2191,2191,27.95,24.452,33.918,46.221,56.817,63.185,67.081,68.994,53.087
2192,2192,21.325,28.519,36.554,52.437,59.03,73.128,63.071,57.084,48.367,2192,2192,36.499,36.291,33.176,44.959,57.136,75.927,67.382,58.833,48.218,2192,2192,19.72,21.701,37.889,46.088,57.158,67.024,69.743,70.356,52.894
2193,2193,21.779,29.272,32.229,51.312,64.612,79.134,67.095,56.569,47.409,2193,2193,33.441,31.852,35.156,47.277,64.688,78.034,69.768,58.855,47.272,2193,2193,15.229,18.918,31.808,52.744,67.099,68.469,70.757,70.283,53.253
2194,2194,28.108,23.82,36.086,50.607,63.57,78.294,67.896,56.443,47.516,2194,2194,27.644,31.943,33.856,49.329,64.311,78.064,70.094,57.774,47.049,2194,2194,10.437,10.378,30.89,48.126,64.265,68.88,71.38,68.399,51.932
2195,2195,23.699,31.085,35.772,51.552,66.369,85.802,73.729,58.622,50.094,2195,2195,22.412,36.035,30.296,42.961,61.792,82.347,71.775,59.341,48.256,2195,2195,8.0793,18.891,30.946,47.183,61.752,73.767,76.517,69.99,52.82
2196,2196,22.408,27.293,37.507,53.443,73.191,89.131,76.823,59.702,50.427,2196,2196,33.141,30.672,36.692,50.341,66.029,83.976,73.232,60.248,49.238,2196,2196,18.646,17.944,30.666,55.19,70.064,77.775,78.224,69.898,53.126
2197,2197,22.983,25.292,38.282,54.177,72.211,91.311,77.886,61.226,51.422,2197,2197,27.87,28.442,31.968,49.374,68.882,86.027,75.176,62.111,50.787,2197,2197,10.632,15.56,28.562,52.755,70.402,81.499,79.897,72.678,55.122
2198,2198,24.128,23.274,32.757,60.04,73.054,90.69,78.092,61.873,52.902,2198,2198,36.592,29.06,31.181,53.439,71.869,91.893,81.19,62.669,51.579,2198,2198,19.202,20.966,30.736,51.966,69.197,84.261,84.09,73.744,56.641
2199,2199,20.782,26.076,34.122,54.363,73.673,93.16,80.716,69.456,58.486,2199,2199,36.721,27.312,32.29,52.91,71.928,90.946,79.914,65.792,53.04,2199,2199,18.706,18.846,32.483,54.984,72.896,83.542,85.629,78.452,61.795
2200,2200,21.188,32.814,36.525,63.662,74.027,94.706,82.719,76.587,63.02,2200,2200,32.833,33.877,33.101,54.684,70.83,91.733,83.051,75.039,60.598,2200,2200,15.58,20.668,32.445,54.064,72.614,85.584,91.367,89.168,68.114
2201,2201,27.034,30.953,40.052,54.496,74.599,89.669,84.403,82.673,67.046,2201,2201,32.967,31.874,37.855,49.883,71.051,87.053,84.537,82.97,65.448,2201,2201,16.35,20.971,39.427,54.329,75.199,88.998,95.392,97.135,73.533
2202,2202,27.543,38.026,40.378,52.288,74.824,93.779,85.308,83.664,67.607,2202,2202,33.851,40.893,38.859,51.236,70.429,93.856,87.461,82.852,64.959,2202,2202,19.764,29.814,42.541,55.56,75.158,89.995,96.586,96.579,74.249
2203,2203,36.638,33.198,38.712,52.728,73.613,90.787,85.889,83.285,67.596,2203,2203,41.142,36.985,35.409,49.201,69.468,94.222,87.628,82.681,65.552,2203,2203,27.763,21.148,40.661,55.928,73.806,89.997,97.285,96.165,73.527
2204,2204,30.833,26.797,36.391,51.93,76.506,92.899,86.496,83.636,67.796,2204,2204,32.181,32.974,42.162,47.481,70.619,95.063,87.854,82.576,66.141,2204,2204,21.637,30.073,38.778,54.548,75.97,90.182,97.513,96.036,73.766
2205,2205,33.982,28.871,36.72,49.38,70.152,89.26,81.299,81.218,69.459,2205,2205,25.176,33.732,38.144,49.88,68.395,88.398,83.167,79.511,66.88,2205,2205,4.0871,31.113,36.705,49.75,71.042,83.288,94.272,92.898,73.918
2206,2206,28.248,22.831,37.681,47.507,70.28,86.67,79.501,87.139,75.049,2206,2206,20.455,31.311,35.434,50.135,67.865,89.48,82.604,82.776,72.024,2206,2206,17.862,27.3,33.806,45.842,70.644,81.77,93.186,93.179,77.454
2207,2207,23.455,25.274,35.376,48.299,66.897,86.3,78.607,84.567,71.009,2207,2207,29.379,30.643,30.893,49.449,67.733,79.545,78.03,81.387,68.564,2207,2207,13.793,20.603,35.618,48.114,68.834,79.719,90.06,93.163,76.738
2208,2208,25.635,27.955,35.186,43.285,64.2,84.546,75.512,81.53,69.322,2208,2208,33.428,23.386,34.769,51.031,66.254,85.407,78.778,79.829,68.128,2208,2208,12.072,24.667,31.567,47.724,66.637,77.482,86.763,96.212,78.842
2209,2209,27.824,32.212,29.896,46.4,69.492,91.42,82.043,76.491,63.512,2209,2209,29.434,27.767,38.195,53.616,64.378,87.495,82.585,75.176,62.652,2209,2209,18.969,23.984,28.477,49.527,67.804,84.921,92.461,87.143,69.252
2210,2210,25.298,23.632,33.118,47.614,65.588,84.392,73.497,69.445,55.039,2210,2210,25.759,25.141,40.274,58.662,68.763,79.154,72.619,66.553,53.43,2210,2210,16.502,14.662,30.011,48.842,67.742,77.297,83.362,81.271,59.124
2211,2211,22.884,21.487,31.8,44.816,55.678,68.417,59.037,53.414,49.995,2211,2211,26.538,30.126,33.57,49.915,56.776,70.826,61.454,53.546,47.328,2211,2211,6.8606,17.071,33.997,43.868,55.31,61.552,66.033,64.695,49.696
2212,2212,26.432,25.069,31.208,44.931,52.48,66.963,56.857,50.227,51.829,2212,2212,31.41,30.231,29.895,44.39,53.648,70.214,60.488,51.542,47.215,2212,2212,12.03,22.072,33.413,42.702,53.271,57.048,63.649,62.304,49.967
2213,2213,23.394,27.605,30.946,44.993,56.381,65.478,55.931,49.999,49.937,2213,2213,24.887,24.828,31.244,46.738,57.475,69.895,60.388,51.156,47.25,2213,2213,5.2909,20.261,28.022,44.275,54.683,56.916,62.717,62.455,49.412
2214,2214,22.978,26.573,33.914,44.228,55.168,70.272,59.114,50.355,51.476,2214,2214,26.28,27.405,33.605,48.168,55.166,71.405,62.113,50.952,47.305,2214,2214,6.5935,22.113,34.662,45.558,56.731,58.545,64.129,63.109,50.246
2215,2215,16.743,27.266,36.552,43.854,51.821,67.083,57.924,51.975,50.064,2215,2215,21.39,26.432,35.867,44.782,52.436,68.832,59.227,52.876,47.284,2215,2215,7.0184,16.305,32.632,47.719,56.078,60.683,62.658,63.74,50.088
2216,2216,16.71,24.917,27.071,43.287,53.587,70.027,58.202,52.973,50.731,2216,2216,16.56,23.575,30.765,47.227,53.771,68.211,59.789,52.662,46.958,2216,2216,4.4646,15.35,32.192,46.934,54.164,60.816,64.245,62.789,49.734
2217,2217,11.802,21.829,33.022,39.842,51.999,64.458,55.071,48.749,51.162,2217,2217,12.459,28.309,33.868,43.298,52.289,63.073,55.87,49.822,47.014,2217,2217,3.4476,23.029,29.605,42.901,50.776,58.327,60.108,60.639,50.078
2218,2218,17.702,24.327,30.165,41.529,51.253,64.712,55.565,46.887,50.862,2218,2218,20.554,27.856,33.958,42.754,49.913,65.034,56.04,48.185,47.105,2218,2218,7.6825,26.388,32.284,44.049,50.319,55.974,58.214,59.108,49.188
2219,2219,26.615,22.806,35.681,41.817,50.473,63.234,54.364,46.461,49.598,2219,2219,28.834,23.666,35.456,42.548,46.615,60.164,53.603,45.384,45.467,2219,2219,9.3666,18.332,29.193,42.893,49.64,54.76,55.989,56.408,48.832
2220,2220,31.366,28.696,29.108,42.372,48.189,58.791,49.095,46.436,51.44,2220,2220,33.967,31.025,35.382,47.584,50.109,59.701,50.861,48.166,46.773,2220,2220,10.734,20.88,33.196,41.257,50.747,52.83,54.489,58.894,50.04
2221,2221,30.087,23.183,27.27,43.289,50.063,58.517,47.942,47.071,48.932,2221,2221,32.565,29.859,30.352,42.267,48.798,58.687,49.967,50.102,46.324,2221,2221,9.3997,18.205,32.626,43.729,50.156,52.916,54.707,61.492,48.247
2222,2222,24.092,27.631,33.919,44.498,65.661,85.576,77.084,71.072,56.182,2222,2222,28.445,36.22,41.072,54.67,67.422,87.135,77.896,67.989,54.424,2222,2222,10.656,18.772,33.759,47.409,67.937,82.07,85.771,83.128,61.794
2223,2223,25.492,30.955,36.875,45.768,66.684,89.075,78.272,80.485,67.457,2223,2223,30.522,35.136,37.294,47.53,62.352,83.414,77.79,75.1,63.448,2223,2223,14.872,19.315,32.956,45.759,63.981,82.15,87.328,87.131,67.484
2224,2224,27.413,30.646,31.956,46.548,61.474,83.303,74.787,86.236,74.323,2224,2224,21.18,32.26,32.77,43.836,60.968,82.726,77.179,82.696,71.328,2224,2224,12.113,22.997,31.518,47.707,59.863,75.124,87.416,92.627,75.181
2225,2225,24.87,33.818,31.141,43.538,61.566,82.022,74.264,83.133,70.957,2225,2225,30.124,34.453,30.494,41.214,61.328,83.417,77.173,79.323,67.51,2225,2225,18.221,18.293,31.383,44.436,62.543,76.331,85.748,91.082,74.551
2226,2226,37.472,30.692,29.497,45.379,63.206,86.166,78.157,82.71,70.647,2226,2226,37.843,30.862,33.902,46.971,65.133,86.97,79.964,81.18,69.518,2226,2226,14.837,24.786,34.529,42.501,64.579,79.995,89.953,94.796,77.462
2227,2227,35.86,32.925,39.876,44.449,64.488,83.936,76.584,87.046,75.144,2227,2227,35.967,24.635,38.132,46.439,63.922,87.452,80.68,82.442,71.162,2227,2227,15.877,22.2,31.352,42.151,63.779,79.663,91.62,95.19,76.396
2228,2228,35.143,36.285,34.706,45.341,64.021,83.902,76.819,84.118,70.523,2228,2228,33.775,35.562,29.654,43.746,60.847,83.943,78.072,81.341,67.803,2228,2228,20.988,24.031,34.071,44.504,61.658,77.709,89.758,93.197,74.887
2229,2229,32.18,27.331,35.956,49.576,64.154,79.537,71.604,74.458,62.758,2229,2229,32.146,23.535,30.915,45.234,63.849,84.881,76.781,74.063,61.422,2229,2229,20.75,13.453,32.818,44.543,64.487,77.711,84.034,84.136,67.48
2230,2230,30.704,30.536,33.69,49.095,68.88,80.918,70.679,67.071,57.151,2230,2230,32.868,32.293,33.694,51.212,67.32,86.503,77.154,66.07,54.414,2230,2230,8.6439,20.2,31.379,50.722,68.649,77.579,80.593,75.429,60.587
2231,2231,34.106,34.006,31.871,51.252,68.021,85.67,75.35,66.103,55.649,2231,2231,39.12,36.704,33.836,46.545,69.237,92.038,81.524,64.6,52.101,2231,2231,19.182,25.488,35.138,51.512,69.806,82.529,78.495,73.954,58.393
2232,2232,33.139,33.154,34.035,49.149,70.439,85.056,73.489,63.268,52.909,2232,2232,36.34,35.635,31.416,49.048,70.959,89.512,78.503,63.012,50.9,2232,2232,15.871,19.053,31.66,50.107,72.098,79.569,79.557,70.798,55.549
2233,2233,25.908,25.485,34.113,50.188,69.754,83.353,74.247,62.475,52.252,2233,2233,28.756,31.551,32.28,49.294,70.192,86.381,77.467,62.877,51.389,2233,2233,8.1494,11.692,31.916,48.522,73.403,78.724,75.602,69.288,53.862
2234,2234,26.218,24.492,34.317,52.089,71.127,86.477,74.331,60.953,50.515,2234,2234,30.022,31.234,35.217,50.049,69.519,89.587,78.425,62.77,50.004,2234,2234,8.8899,16.884,27.607,50.626,71.126,80.096,75.537,69.209,54.208
2235,2235,23.619,23.545,32.382,48.928,67.447,82.006,71.167,62.091,50.795,2235,2235,28.264,30.017,33.282,47.215,69.628,88.132,77.702,63.89,50.861,2235,2235,9.7527,12.239,29.448,51.177,72.109,78.232,76.675,70.47,55.244
2236,2236,26.606,25.864,34.343,51.88,69.354,86.237,76.501,58,49.191,2236,2236,28.315,32.018,34.142,48.996,69.881,91.987,81.225,60.668,47.956,2236,2236,15.472,20.773,31.211,54.586,71.747,82.791,76.991,67.733,51.261
2237,2237,28.842,24.443,37.195,50.857,71.452,83.18,74.425,56.103,49.12,2237,2237,26.036,32.134,33.943,47.095,69.373,88.572,78.789,56.891,46.922,2237,2237,14.745,16.158,31.046,51.055,70.666,78.597,76.02,65.959,51.488
2238,2238,28.45,22.344,31.14,53.848,70.457,81.862,71.563,52.935,47.853,2238,2238,27.138,31.828,36.26,48.329,68.607,83.706,73.701,52.081,45.521,2238,2238,9.3987,16.445,31.195,49.497,72.647,75.296,72.52,62.818,49.657
2239,2239,29.335,31.078,30.708,54.862,71.837,74.625,64.428,57.764,50.912,2239,2239,24.322,33.889,30.517,53.192,68.627,82.488,72.131,57.676,47.51,2239,2239,14.878,22.539,34.431,55.358,69.863,75.507,72.778,71.268,54.48
2240,2240,36.681,34.789,36.431,46.76,66.224,79.197,67.688,59.341,50.623,2240,2240,28.179,34.572,28.185,46.622,64.28,81.65,72.236,57.4,48.063,2240,2240,16.126,25.006,32.578,54.55,66.087,72.864,72.953,68.997,53.967
2241,2241,29.697,31.1,32.981,46.722,62.551,75.985,66.388,58.149,49.02,2241,2241,35.792,30.203,32.263,47.361,64.223,82.036,72.485,58.524,47.423,2241,2241,16.295,22.909,35.955,53.066,68.631,73.719,72.42,69.303,52.408
2242,2242,28.118,33.053,33.794,46.606,64.614,77.188,66.198,61.635,53.112,2242,2242,32.251,36.294,38.615,47.874,64.866,81.146,71.894,61.156,52.831,2242,2242,13.116,11.576,30.671,49.305,68.934,74.095,75.369,71.619,57.575
2243,2243,28.503,38.973,33.576,43.085,62.293,74.576,62.625,60.282,52.805,2243,2243,38.215,34.621,37.014,47.003,63.413,82.207,72.385,60.005,51.97,2243,2243,21.449,22.855,30.618,46.388,63.418,69.67,67.149,64.638,53.111
2244,2244,29.419,29.128,33.108,43.97,58.597,73.84,62.357,56.643,48.908,2244,2244,34.983,30.093,31.083,45.671,58.378,74.709,64.775,54.377,47.098,2244,2244,16.401,20.953,33.272,44.915,58.963,65.897,63.508,62.27,53.506
2245,2245,22.432,24.86,30.775,40.905,57.726,68.756,57.006,49.483,45.791,2245,2245,28.091,26.056,31.021,46.353,54.364,71.221,61.678,49.426,42.178,2245,2245,9.5217,22.724,31.094,44.416,55.843,62.45,62.177,61.996,48.92
2246,2246,18.639,26.162,29.596,36.847,54.967,68.79,56.843,49.618,44.548,2246,2246,21.689,27.514,28.984,40.676,53.498,69.075,59.24,50.638,42.937,2246,2246,6.114,21.431,33.308,40.786,54.693,59.761,59.805,59.969,48.121
2247,2247,24.568,26.08,25.841,41.696,54.854,65.777,54.507,49.244,44.424,2247,2247,24.995,19.449,28.853,42.006,54.56,69.846,60.584,50.173,41.05,2247,2247,5.5071,19.923,32.175,39.357,51.554,59.491,60.763,60.54,46.019
2248,2248,22.294,27.095,31.588,40.15,52.464,64.219,53.07,46.453,42.137,2248,2248,25.606,34.644,30.955,39.23,52.751,65.912,57.489,47.158,40.045,2248,2248,2.6784,22.618,36.095,43.598,51.331,56.171,58.472,60.386,45.108
2249,2249,29.036,28.221,30.01,36.486,52.848,67.417,57.054,46.512,44.044,2249,2249,32.123,31.571,29.454,40.919,52.191,66.756,57.942,49.106,40.849,2249,2249,11.132,21.277,31.737,41.474,50.796,57.161,58.667,61.012,45.59
2250,2250,28.881,21.947,29.271,37.278,51.617,62.91,50.267,46.126,42.185,2250,2250,31.555,26.937,33.184,39.383,49.407,60.419,50.177,47.659,39.454,2250,2250,9.9391,18.001,28.699,37.639,49.655,53.2,53.754,60.161,44.354
2251,2251,24.728,25.259,30.827,43.383,51.188,65.128,54.485,43.115,43.741,2251,2251,27.515,27.999,34.948,39.066,49.813,63.739,54.806,47.362,39.372,2251,2251,4.7147,21.175,28.652,43.865,51.955,54.745,56.626,58.419,43.57
2252,2252,24.629,29.991,33.654,37.847,50.842,61.723,49.382,42.092,40.799,2252,2252,27.588,34.313,32.482,37.397,49.099,63.025,53.663,45.823,38.986,2252,2252,1.0582,18.99,31.614,41.787,50.916,51.881,52.797,56.438,42.371
2253,2253,21.895,23.831,33.288,40.668,50.797,61.79,50.385,44.422,43.585,2253,2253,25.735,29.139,31.361,38.293,49.127,58.688,48.793,45.221,38.721,2253,2253,8.1641,13.336,26.497,39.423,48.519,50.622,55.036,57.12,42.327
2254,2254,29.049,24.146,26.923,36.23,49.77,59.344,48.412,47.358,44.097,2254,2254,32.024,27.701,30.243,39.062,47.565,62.148,53.711,49.586,42.504,2254,2254,10.64,17.282,30.088,39.434,50.085,51.203,53.234,61.208,46.505
2255,2255,25.672,32.352,30.924,38.414,53.531,64,53.042,52.185,44.977,2255,2255,32.71,30.724,32.662,40.256,51.649,66.323,56.865,53.367,42.233,2255,2255,14.712,19.067,31.499,41.605,51.162,53.641,56.433,64.963,47.367
2256,2256,38.519,38.008,33.52,38.928,50.558,62.137,49.46,49.189,42.098,2256,2256,34.26,35.593,33.085,39.191,49.979,64.234,56.042,49.973,41.18,2256,2256,24.131,25.227,31.954,40.87,50.651,53.484,55.285,61.769,45.096
2257,2257,35.913,38.928,31.42,41.943,53.253,63.927,53.206,49.239,43.995,2257,2257,29.396,32.873,24.433,40.548,52.158,68.541,59.899,50.236,41.621,2257,2257,21.279,24.962,26.703,44.808,51.692,56.026,58.562,61.222,45.209
2258,2258,36.19,32.107,33.511,40.638,53.145,68.567,57.045,48.422,41.82,2258,2258,28.428,27.178,29.162,36.171,51.199,67.347,58.383,51.755,42.167,2258,2258,20.552,19.711,32.884,39.511,50.541,56.938,63.151,62.643,45.385
2259,2259,27.668,24.384,30.671,43.763,58.054,68.785,56.457,51.144,45.956,2259,2259,19.97,25.319,32.98,40.848,52.085,68.634,60.696,54.601,45.311,2259,2259,10.325,15.604,31.161,46.258,55.92,60.837,66.047,64.41,48
2260,2260,29.721,34.14,31.645,40.558,57.093,72.545,62.069,54.24,46.128,2260,2260,26.364,33.213,36.173,39.201,54.147,71.27,62.709,57.44,47.379,2260,2260,7.6283,18.481,30.655,45.232,56.643,63.547,66.628,67.465,49.422
2261,2261,37.193,34.6,31.876,40.787,56.349,76.8,65.712,56.501,47.629,2261,2261,31.556,31.697,37.118,41.275,57.2,77.246,68.158,59.748,48.768,2261,2261,7.2874,26.221,29.018,45.725,59.814,67.765,66.838,69.098,51.144
2262,2262,34.075,27.801,32.44,41.021,57.765,77.036,65.966,56.099,47.218,2262,2262,22.834,32.424,31.938,44.27,58.044,77.763,68.434,57.776,46.919,2262,2262,11.098,21.361,32.393,46,59.874,66.934,65.655,69.972,50.189
2263,2263,28.474,29.28,30.803,41.775,58.361,75.869,64.942,56.989,47.98,2263,2263,32.391,32.615,32.453,43.093,54.937,72.701,61.866,58.709,47.252,2263,2263,8.1259,18.871,32.479,44.632,57.658,65.973,64.18,69.766,50.823
2264,2264,25.536,25.533,34.151,45.627,55.318,66.447,55.414,57.41,46.402,2264,2264,32.169,29.239,31.418,40.941,52.714,67.048,57.998,59.582,46.703,2264,2264,12.653,17.654,26.511,44.887,54.906,57.745,60.45,70.566,52.231
2265,2265,14.179,20.756,31.036,43.96,55.459,65.147,55.111,58.303,48.777,2265,2265,19.725,25.442,33.13,40.727,52.766,64.745,55.632,60.762,49.247,2265,2265,9.9733,18.087,29.098,43.927,53.635,55.99,61.383,70.945,54.02
2266,2266,21.357,28.214,27.663,41.491,54.359,74.892,63.482,61.502,52.459,2266,2266,23.2,30.952,35.36,43.255,55.161,76.377,66.774,63.133,52.291,2266,2266,8.7502,22.583,23.216,42.413,54.698,62.122,65.891,74.514,58.671
2267,2267,32.235,32.091,34.119,44.187,56.504,72.616,62.207,60.52,50.922,2267,2267,24.633,29.243,31.899,41.954,58.097,75.866,67.078,63.231,50.513,2267,2267,16.03,17.155,30.243,42.194,57.901,63.597,68.186,74.535,56.405
2268,2268,28.876,28.738,29.919,43.148,56.184,70.446,60.641,61.626,52.797,2268,2268,27.165,33.48,35.162,42.09,59.724,75.698,66.621,63.584,51.997,2268,2268,16.987,15.892,30.744,44.939,60.021,64.062,67.803,73.497,57.031
2269,2269,23.832,26.915,31.797,43.642,58.755,74.189,64.944,61.739,53.372,2269,2269,27.024,34.077,33.06,41.011,58.59,75.031,67.595,64.777,53.485,2269,2269,8.2134,19.651,30.344,44.896,59.826,67.168,71.728,72.515,55.832
2270,2270,30.453,31.69,30.11,39.575,55.699,74.082,65.856,61.629,52.853,2270,2270,27.503,29.845,33.947,40.358,58.378,75.594,69.575,62.853,51.674,2270,2270,13.455,24.017,31.319,43.448,59.731,68.017,75.446,71.607,55.221
2271,2271,22.034,27.56,26.275,36.571,56.197,76.804,67.855,59.563,51.056,2271,2271,26.297,18.839,29.299,40.895,57.706,77.247,69.337,59.431,49.337,2271,2271,12.007,17.816,25.174,42.988,57.162,68.732,76.887,69.439,54.374
2272,2272,23.568,27.417,31.856,38.109,56.012,77.567,67.354,56.242,48.742,2272,2272,28.825,27.196,32.798,40.893,54.144,76.9,71.018,57.336,48.008,2272,2272,11.184,18.163,23.515,42.46,55.17,69.411,75.643,66.636,52.534
2273,2273,28.153,32.689,29.514,38.701,58.442,77.233,69.99,64.776,54.788,2273,2273,30.599,32.877,27.401,45.347,65.47,79.06,73.713,63.582,54.098,2273,2273,10.417,21.127,30.853,46.031,65.852,73.967,87.213,75.808,58.788
2274,2274,27.25,22.615,35.078,42.447,56.511,75.204,70.525,67.107,56.71,2274,2274,30.665,26.602,32.169,45.887,63.322,80.635,80.122,67.972,56.97,2274,2274,8.5533,22.473,33.949,42.523,63.615,78.288,88.389,79.092,61.88
2275,2275,14.473,18.92,30.216,39.281,57.095,76.329,70.806,74.108,63.609,2275,2275,21.561,24.796,35.556,44.578,61.822,84.069,77.926,70.876,60.773,2275,2275,4.7475,20.433,37.803,42.57,58.478,76.169,83.105,86.333,70.018
2276,2276,13.028,24.39,31.746,45.632,65.07,88.909,78.056,85.267,73.235,2276,2276,19.924,29.64,34.482,50.298,63.781,86.813,80.537,79.945,69.614,2276,2276,8.1526,19.445,35.92,47.907,64.624,79.216,86.158,89.59,75.236
2277,2277,14.251,24.385,30.186,42.672,61.898,85.437,76.022,82.132,70.085,2277,2277,16.038,26.796,33.876,42.994,61.359,83.07,78.133,79.621,68.008,2277,2277,7.2769,25.273,35.377,43.179,60.454,76.561,88.669,93.027,76.261
2278,2278,32.818,34.964,32.725,39.448,55.499,77.73,72.723,84.787,73.34,2278,2278,33.516,36.587,31.043,47.894,59.392,84.411,77.427,79.539,69.893,2278,2278,22.165,23.759,30.81,40.527,56.432,72.116,84.952,92.284,74.89
2279,2279,35.197,31.014,31.835,42.691,62.101,83.278,77.72,82.339,69.547,2279,2279,35.938,26.762,33.854,45.742,64.794,87.159,82.536,78.511,66.429,2279,2279,23.577,22.795,28.956,43.713,60.17,78.492,88.556,89.396,70.543
2280,2280,24.496,31.644,32.939,41.163,62.583,81.493,73.117,72.755,57.957,2280,2280,30.85,34.81,39.848,48.049,65.289,86.495,77.904,69.088,56.253,2280,2280,16.068,24.902,36.778,42.546,65.69,78.568,82.087,82.726,61.918
2281,2281,28.089,33.578,32.373,41.001,47.854,65.173,56.201,56.991,52.217,2281,2281,19.321,35.098,36.958,45.604,52.951,69.395,61.174,53.942,48.596,2281,2281,6.8064,24.19,32.507,41.298,51.931,60.109,62.876,65.639,51.916
2282,2282,32.23,24.58,31.061,39.998,49.965,58.082,52.205,58.711,56.111,2282,2282,21.549,34.843,32.318,40.259,49.252,66.44,57.716,58.363,51.978,2282,2282,15.549,20.485,34.621,37.631,49.854,56.637,63.283,65.073,54.522
2283,2283,30,20.943,31.083,42.492,50.357,60.966,52.328,55.784,53.404,2283,2283,31.732,26.867,31.687,38.766,49.254,65.849,57.315,56.198,50.287,2283,2283,12.138,22.844,31.6,38.589,52.176,58.756,59.902,61.732,54.345
2284,2284,26.309,25.694,34.051,36.99,47.799,60.944,50.9,58.521,54.338,2284,2284,34.022,28.416,34.589,42.96,48.388,63.001,55.366,57.937,51.133,2284,2284,16.528,14.338,32.111,44.099,49.654,55.135,57.068,63.092,54.004
2285,2285,29.024,25.672,31.099,38.346,49.684,61.217,53.063,60.958,54.432,2285,2285,34.386,21.654,33.123,40.293,47.729,62.577,57.01,61.129,51.841,2285,2285,15.199,17.281,31.009,39.927,51.01,56.736,62.507,70.59,57.62
2286,2286,25.55,20.067,28.4,35.709,46.341,56.684,47.818,55.877,52.215,2286,2286,31.2,27.463,25.552,33.654,47.837,62.668,53.742,55.006,48.961,2286,2286,11.577,17.917,26.009,41.649,50.274,53.061,55.442,65.972,54.442
2287,2287,21.63,16.344,29.639,39.485,47.491,58.17,50.22,61.013,53.105,2287,2287,28.947,27.011,24.8,42.086,48.543,58.849,51.016,60.375,50.544,2287,2287,11.76,15.366,30.578,39.995,45.554,52.248,56.691,70.695,56.921
2288,2288,20.736,26.37,26.041,38.462,47.361,57.493,48.065,46.547,52.688,2288,2288,25.063,17.774,27.078,36.59,46.313,59.755,52.299,49.006,47.475,2288,2288,1.9766,20.131,26.71,39.93,48.743,52.881,52.08,55.543,50.488
2289,2289,15.084,26.649,32.467,37.884,47.084,56.688,46.199,48.594,50.783,2289,2289,18.966,29.288,35.063,41.735,47.997,60.153,51.462,49.97,48.376,2289,2289,2.7987,19.742,28.911,38.11,46.403,51.1,51.663,55.199,50.119
2290,2290,19.379,29.075,28.337,32.684,46.39,56.012,46.986,48.559,51.327,2290,2290,26.379,26.686,32.658,39.014,43.917,61.437,51.949,49.783,47.973,2290,2290,9.4675,18.616,31.471,40.254,48.217,51.519,52.774,55.813,50.176
2291,2291,24.654,24.675,29.257,39.101,46.071,57.512,46.879,48.515,51.915,2291,2291,30.506,24.983,28.195,38.37,48.434,61.092,51.493,49.745,47.862,2291,2291,7.7664,20.468,27.449,41.821,46.034,54.274,53.108,56.711,50.374
2292,2292,18.929,24.194,28.865,36.824,46.841,55.88,46.435,48.195,52.487,2292,2292,23.185,26.092,28.958,41.613,46.802,58.106,49.743,48.957,48.108,2292,2292,9.3953,11.301,30.361,41.007,47.604,50.25,51.592,56.029,51.014
2293,2293,23.633,30.593,35.029,37.818,48.04,56.26,47.201,47.538,51.288,2293,2293,31.978,31.733,36.631,39.356,43.939,58.836,50.953,49.34,48.354,2293,2293,17.417,19.554,34.028,40.318,46.226,50.702,53.697,54.536,50.411
2294,2294,28.111,30.773,31.858,37.721,48.067,57.543,47.492,48.195,51.882,2294,2294,37.883,37.11,39.325,40.413,47.266,53.815,46.995,48.363,47.632,2294,2294,22.266,24.15,34.775,39.231,43.849,50.945,52.305,55.236,50.282
2295,2295,32.359,29.58,28.57,38.083,47.894,54.667,44.962,48.636,53.729,2295,2295,33.746,30.745,33.555,38.74,46.801,56.875,48.764,49.257,49.526,2295,2295,12.666,24.79,31.028,37.267,46.956,49.988,52.291,55.357,52.111
2296,2296,30.613,25.233,28.871,36.548,46.716,56.529,46.982,48.793,52.715,2296,2296,29.222,25.076,32.873,39.64,45.242,57.972,50.094,49.748,48.46,2296,2296,8.4352,23.138,29.683,38.041,44.734,50.373,52.744,55.789,50.769
2297,2297,28.102,19.066,32.266,38.059,47.523,55.352,46.525,47.989,53.5,2297,2297,28.985,25.367,28.656,38.715,46.163,59.284,51.846,48.558,48.89,2297,2297,6.2792,20.185,29.973,36.885,47.054,51.204,53.66,55.313,52.149
2298,2298,25.039,22.076,31.748,37.629,49.948,71.683,69.012,70.987,57.835,2298,2298,22.26,26.389,32.253,37.63,51.915,73.488,70.731,65.779,54.734,2298,2298,3.1484,25.772,28.911,39.166,51.589,70.947,80.197,80.417,61.153
2299,2299,29.271,30.692,32.336,41.646,65.391,86.861,76.413,72.742,57.94,2299,2299,31.893,40.788,40.033,48.698,64.769,85.197,77.074,70.09,56.388,2299,2299,18.471,25.534,34.687,40.963,67.202,79.884,85.582,86.855,62.448
2300,2300,33.121,28.885,29.108,40.61,62.579,86.103,78.863,78.345,64.729,2300,2300,38.789,38.328,29.976,43.819,62.119,84.829,78.509,74.192,60.845,2300,2300,25.104,23.694,29.588,43.845,61.058,79.567,88.855,87.02,67.586
2301,2301,29.853,23.649,28.784,42.831,59.36,85.013,74.97,84.074,71.375,2301,2301,27.834,31.784,30.131,42.132,52.826,76.421,75.222,79.636,67.301,2301,2301,17.328,21.093,30.25,43.914,53.949,71.166,85.918,90.403,75.323
2302,2302,27.628,24.696,32.76,38.152,60.271,79.107,74.163,80.855,70.17,2302,2302,24.822,25.385,26.969,37.232,58.292,76.554,74.19,79.523,68.694,2302,2302,9.6335,21.041,30.773,39.18,63.074,74.802,85.254,92.84,77.006
2303,2303,24.188,27.896,30.997,38.743,60.345,80.186,71.132,86.138,74.994,2303,2303,28.751,26.928,32.873,44.265,61.692,83.464,75.254,81.66,71.345,2303,2303,2.8888,22.12,32.556,41.141,61.176,75.54,83.427,90.861,74.726
2304,2304,30.936,34.03,36.811,41.064,60.42,84.682,77.204,83.969,70.06,2304,2304,41.344,41.117,34.51,41.888,62.082,86.75,78.677,81.11,67.737,2304,2304,26.285,26.988,27.263,39.258,59.569,78.82,86.015,92.032,73.855
2305,2305,39.359,27.807,30.385,51.061,70.193,86.631,75.688,68.954,58.123,2305,2305,44.695,39.561,33.378,50.837,67.22,89.073,79.476,68.564,56.996,2305,2305,31.438,27.448,30.688,42.952,67.699,80.722,80.037,78.568,63.027
2306,2306,33.402,24.008,30.443,52.851,73.799,87.868,78.318,67.337,56.544,2306,2306,38.007,38.396,31.4,51.823,68.227,88.348,79.265,67.337,54.77,2306,2306,25.215,20.974,32.516,49.149,68.677,79.721,78.795,77.543,60.759
2307,2307,32.236,32.683,34.252,56.713,75.193,91.903,80.63,65.954,55.711,2307,2307,39.468,38.343,35.989,53.787,73.751,94.87,83.391,65.118,52.264,2307,2307,24.51,24.05,30.436,52.181,72.183,84.098,81.824,76.181,59.838
2308,2308,32.516,33.713,37.84,63.89,75.237,92.211,81.437,66.541,56.077,2308,2308,40.262,43.908,34.833,57.612,72.164,90.955,81.26,68.385,54.352,2308,2308,25.157,24.445,31.686,55.334,74.287,82.636,81.993,76.966,60.271
2309,2309,38.466,36.646,33.061,61.828,77.44,92.574,81.559,66.132,55.297,2309,2309,33.905,30.581,37.422,55.901,73.329,97.008,86.382,68.376,53.825,2309,2309,17.501,16.486,34.686,53.248,72.978,87.579,82.197,74.147,58.193
2310,2310,34.602,33.337,35.833,60.239,75.589,88.289,77.445,58.387,52.601,2310,2310,32.527,26.758,34.028,52.237,72.418,94.259,83.08,59.986,49.466,2310,2310,13.689,18.491,32.162,57.315,72.548,84.916,79.348,71.333,55.323
2311,2311,28.676,28.014,37.228,61.684,72.905,85.311,74.799,53.321,48.488,2311,2311,21.164,29.508,34.15,53.281,70.088,88.532,78.58,53.999,45.77,2311,2311,12.984,14.061,35.642,57.675,70.868,81.626,79.146,64.877,50.413
2312,2312,29.109,30.759,30.899,52.051,70.165,85.252,73.24,54.862,49.321,2312,2312,33.787,42.484,34.353,49.539,66.257,81.729,71.86,53.851,45.176,2312,2312,18.834,29.329,36.432,55.939,69.143,74.399,72.1,65.591,50.124
2313,2313,35.784,31.486,32.749,49.944,61.014,76.979,66.047,52.122,46.866,2313,2313,41.675,41.057,38.078,44.331,62.633,83.497,73.097,54.092,44.55,2313,2313,26.803,26.013,35.672,49.343,64.997,70.641,67.398,65.116,48.546
2314,2314,34.388,25.983,34.012,44.828,62.561,73.992,62.864,51.542,47.227,2314,2314,37.562,36.992,32.289,45.31,59.636,75.318,66.431,53.792,44.66,2314,2314,23.996,23.748,33.761,48.677,59.018,65.278,65.155,65.127,48.912
2315,2315,33.739,27.07,32.022,42.109,59.125,73.092,62.165,54.163,46.991,2315,2315,31.432,29.769,29.201,42.164,59.372,76.9,67.306,57.577,47.085,2315,2315,19.751,21.134,25.418,46.188,57.595,66.296,65.269,68.26,53.069
2316,2316,33.511,37.757,32.252,42.218,57.3,74.551,63.219,52.912,46.475,2316,2316,39.135,42.437,33.641,42.96,57.67,73.924,63.773,53.008,43.119,2316,2316,25.354,29.069,33.423,43.476,58.076,65.477,63.812,64.502,49.267
2317,2317,38.326,37.549,35.449,40.889,55.786,71.769,60.73,53.801,45.3,2317,2317,45.358,41.885,34.539,40.612,54.449,70.792,62.247,52.814,42.548,2317,2317,30.967,28.952,35.191,42.985,54.985,60.284,61.755,63.334,47.902
2318,2318,37.311,29.838,33.286,42.402,53.271,68.459,57.763,51.331,45.08,2318,2318,41.617,29.203,26.938,39.34,52.442,68.322,59.117,55.097,42.753,2318,2318,28.229,20.636,28.58,38.744,51.353,58.488,61.085,66.905,50.246
2319,2319,34.006,34.783,32.308,42.537,51.086,61.604,51.552,55.746,47.251,2319,2319,36.003,32.927,25.072,40.592,48.287,65.072,55.98,57.524,47.039,2319,2319,23.271,18.481,30.527,40.268,48.969,55.114,59.505,69.334,53.354
2320,2320,33.272,24.44,34.208,42.957,55.669,68.506,57.367,54.196,46.01,2320,2320,35.452,37.353,31.668,39.433,52.25,67.233,58.159,54.539,44.18,2320,2320,21.151,21.801,32.336,42.127,51.966,57.223,61.121,67.179,49.415
2321,2321,33.075,33.595,34.209,45.154,54.284,68.844,56.883,51.876,43.662,2321,2321,37.076,30.585,29.993,39.84,52.828,66.495,58.532,54.399,44.43,2321,2321,24.48,20.546,34.875,45.249,53.112,58.978,64.43,65.778,48.178
2322,2322,34.994,30.083,31.14,40.756,56.161,69.194,58.978,53.458,45.871,2322,2322,31.713,34.703,30.416,41.797,55.984,69.028,61.227,56.191,46.377,2322,2322,19.086,21.324,39.79,43.354,56.108,61.689,66.365,67.333,49.369
2323,2323,35.949,37.546,34.187,45.639,57.137,72.971,61.544,54.987,47.126,2323,2323,39.164,40.866,30.5,38.253,56.047,71.908,64.371,57.792,47.863,2323,2323,26.268,25.912,32.754,45.655,58.156,64.467,68.196,69.213,50.612
2324,2324,31.88,33.908,28.129,42.797,58.256,78.887,67.765,60.69,48.665,2324,2324,33.95,36.747,36.614,42.832,57.61,79.438,69.795,61.839,49.466,2324,2324,22.178,22.584,35.644,46.967,60.023,69.097,68.459,73.189,52.892
2325,2325,28.332,36.032,37.631,43.708,57.617,76.455,66.296,56.177,46.468,2325,2325,32.647,38.151,36.421,44.731,59.69,75.906,66.43,58.237,46.623,2325,2325,17.408,22.762,32.217,48.058,58.805,69.423,67.021,70.736,51.249
2326,2326,29.283,29.618,29.389,47.51,57.446,74.233,64.297,55.474,45.483,2326,2326,37.623,30.257,30.941,44.628,57.435,71.912,62.055,57.282,45.895,2326,2326,22.573,22.52,37.428,47.762,58.822,65.842,63.98,68.358,49.81
2327,2327,30.373,32.719,36.213,42.133,53.333,66.318,54.462,54.649,46.629,2327,2327,30.807,26.632,31.121,46.497,55.044,68.415,59.356,57.099,45.786,2327,2327,17.391,22.169,33.109,44.376,53.662,58.052,60.155,68.681,51.756
2328,2328,24.569,32.829,37.524,43.307,53.931,64.099,54.904,57.333,46.728,2328,2328,22.231,37.559,30.283,43.564,55.309,67.366,59.171,59.07,47.964,2328,2328,5.4364,25.605,39.175,41.323,53.377,57.599,62.889,71.177,53.142
2329,2329,23.241,35.11,33.884,42.148,54.563,71.192,59.791,59.026,48.625,2329,2329,28.636,36.491,31.539,39.797,52.689,70.775,61.33,60.675,48.422,2329,2329,12.018,23.467,32.866,45.256,56.801,61.155,65.214,71.702,54.22
2330,2330,30.743,27.522,32.594,42.446,57.568,70.994,60.259,58.149,48.268,2330,2330,27.213,24.865,28.818,40.389,57.773,71.469,63.045,59.75,47.584,2330,2330,16.401,15.397,29.587,45.075,57.197,62.168,68.727,72.084,53.623
2331,2331,25.679,32.119,30.76,41.825,57.79,73.044,62.202,61.796,52.088,2331,2331,27.622,28.365,32.435,43.062,56.306,71.911,64.153,62.026,50.982,2331,2331,15.236,20.252,30.952,46.087,59.273,63.987,67.133,71.196,53.771
2332,2332,28.911,33.966,31.801,40.438,56.875,72.428,63.968,61.722,51.406,2332,2332,29.125,32.504,32.063,45.463,59.192,75.094,68.812,62.032,50.639,2332,2332,17.285,18.3,30.692,43.48,59.375,65.79,70.501,72.128,54.147
2333,2333,37.124,37.839,29.271,40.296,57.527,74.14,65.695,61.631,52.23,2333,2333,37.046,37.286,32.568,44.589,60.175,77.494,70.712,61.378,50.489,2333,2333,25.022,24.729,34.361,41.574,60.141,67.001,72.579,70.638,53.808
2334,2334,33.454,31.795,32.685,43.696,57.679,72.298,65.706,58.147,49.949,2334,2334,33.86,29.838,34.766,41.726,59.048,80.372,72.259,59.261,49.34,2334,2334,21.55,24.164,27.739,46.236,59.633,67.167,75.288,70.545,54.017
2335,2335,33.235,38.744,34.461,38.893,55.377,75.26,67.06,58.32,49.69,2335,2335,35.921,38.824,32.746,41.194,59.389,83.045,73.923,59.262,48.916,2335,2335,22.302,24.85,31.017,47.678,57.891,69.6,75.454,66.444,50.617
2336,2336,35.665,35.688,30.18,43.498,58.618,80.566,71.332,63.85,53.492,2336,2336,32.204,31.567,32.863,44.322,62.888,79.404,75.112,63.63,52.128,2336,2336,21.197,17.375,29.509,44.555,61.593,73.66,85.726,74.264,57.68
2337,2337,26.239,32.677,33.743,42.173,60.461,82.138,71.409,65.088,53.221,2337,2337,29.471,35.629,31.316,46.15,66.888,81.018,76.32,64.116,53.214,2337,2337,14.975,22.369,31.467,49.127,66.815,76.233,84.665,76.413,58.247
2338,2338,30.75,34.262,32.963,45.525,59.516,79.979,72.422,71.042,60.429,2338,2338,33.478,39.128,35.215,45.633,64.861,81.07,78.537,70.763,60.124,2338,2338,16.651,24.676,31.797,46.973,65.458,77.783,86.77,83.172,67.06
2339,2339,32.924,38.997,30.873,45.552,63.366,82.763,75.091,84.356,71.352,2339,2339,39.9,30.199,32.533,47.114,64.97,84.298,79.721,79.099,68.443,2339,2339,25.293,24.572,34.673,45.518,65.366,77.997,86.674,92.181,75.219
2340,2340,35.154,31.203,29.934,41.252,63.796,86.84,77.688,87.26,74.773,2340,2340,34.132,23.37,35.409,44.243,61.168,87.157,79.884,83.129,71.193,2340,2340,20.841,24.702,36.083,42.624,63.681,78.33,86.706,93.486,77.013
2341,2341,32.323,32.362,29.924,42.18,62.224,82.53,76.998,87.097,75.86,2341,2341,41.092,33.106,32.37,45.814,61.863,82.586,80.273,82.701,72.452,2341,2341,21.848,26.326,30.902,41.036,63.011,75.343,90.633,94.366,77.319
2342,2342,27.553,23.124,34.523,47.37,63.191,87.587,80.531,86.083,72.545,2342,2342,41.984,34.675,31.993,48.738,59.031,81.186,77.323,82.081,69.516,2342,2342,24.904,25.158,30.39,47.953,60.801,80.076,87.266,92.025,76.189
2343,2343,28.212,27.78,36.764,45.775,61.649,86.103,83.096,78.764,65.652,2343,2343,33.869,26.257,32.862,46.197,60.494,81.908,78.934,77.856,65.805,2343,2343,19.966,22.116,28.49,44.685,59.971,82.271,91.707,89.235,72.183
2344,2344,32.821,33.399,35.547,49.401,67.962,91.897,79.919,70.245,59.649,2344,2344,38.961,38.11,35.752,51.895,67.407,90.137,80.405,67.637,55.343,2344,2344,23.63,24.445,37.178,49.592,62.857,81.859,85.85,80.971,66.832
2345,2345,32.628,38.737,35.104,41.665,54.792,72.949,61.422,54.617,48.93,2345,2345,34.361,39.271,37.037,49.037,53.692,74.542,65.891,53.613,45.683,2345,2345,21.403,23.951,32.655,44.036,56.488,63.781,63.99,66.682,50.757
2346,2346,34.191,35.563,33.805,39.572,53.192,66.729,53.673,44.484,45.848,2346,2346,34.603,39.686,33.659,43.474,51.635,64.824,54.58,44.27,42.252,2346,2346,21.281,23.491,30.195,42.594,51.415,57.86,56.562,57.381,45.496
2347,2347,32.02,28.242,31.55,38.482,54.892,62.082,51.026,43.249,46.641,2347,2347,34.115,33.978,37.925,40.937,52.548,66.532,58.099,42.87,42.313,2347,2347,21.684,20.06,28.228,42.163,52.887,55.726,55.562,57.801,45.341
2348,2348,25.293,34.948,34.281,39.535,53.636,68.136,57.479,45.133,45.545,2348,2348,33.326,39.271,37.363,41.476,55.973,69.329,60.385,45.282,41.593,2348,2348,19.658,24.6,30.43,41.447,57.882,61.451,59.635,58.417,45.314
2349,2349,29.016,33.992,32.024,37.266,53.51,65.339,54.355,43.898,46.066,2349,2349,43.486,39.783,35.833,38.457,52.876,67.406,57.36,43.231,41.858,2349,2349,27.382,24.436,30.663,41.441,56.197,59.624,58.496,57.75,44.692
2350,2350,27.01,26.54,29.108,39.405,56.368,68.78,57.93,43.657,46.78,2350,2350,41.372,41.689,34.016,38.287,54.208,69.031,58.919,43.745,42.158,2350,2350,25.675,26.04,34.419,40.758,52.593,59.872,59.274,55.487,45.64
2351,2351,32.31,30.25,28.963,36.56,48.779,66.687,55.074,43.901,47.799,2351,2351,36.633,34.996,32.282,39.394,48.193,68.672,59.125,44.605,42.816,2351,2351,16.296,22.91,26.011,39.132,51.675,59.44,56.862,55.051,45.556
2352,2352,32.302,28.635,32.592,37.671,51.764,63.83,52.161,43.951,47.143,2352,2352,38.692,39.697,33.131,40.69,51.309,67.083,56.563,44.589,43.756,2352,2352,19.869,26.601,27.899,40.628,52.688,58.454,55.959,53.494,45.205
2353,2353,29.331,22.019,25.467,41.164,53.794,63.287,52.106,48.463,47.968,2353,2353,33.346,33.294,31.737,38.005,52.456,62.81,54.178,47.629,44.404,2353,2353,18.627,21.083,30.482,40.478,49.348,53.106,51.107,55.481,45.909
2354,2354,30.784,25.43,29.569,43.251,57.325,65.795,54.129,48.586,47.025,2354,2354,30.398,31.522,30.232,41.266,53.177,63.393,54.623,47.49,44.249,2354,2354,15.994,24.799,30.11,42.445,56.066,55.034,53.245,55.784,46.726
2355,2355,29.601,30.816,29.046,39.47,56.425,64.463,51.574,47.531,46.747,2355,2355,31.178,34.956,32.638,41.159,54.935,60.821,51.641,46.284,43.139,2355,2355,16.766,15.726,31.33,45.214,58.052,59.42,53.678,54.788,46.253
2356,2356,29.044,28.395,29.826,41.515,60.231,66.376,54.588,41.157,45.281,2356,2356,27.198,31.812,31.188,41.363,57.573,64.882,57.342,41.292,41.285,2356,2356,13.565,19.049,29.929,46.702,61.12,61.035,57.539,51.584,43.297
2357,2357,21.2,22.804,30.057,37.873,49.649,64.355,54.317,40.124,46.916,2357,2357,23.998,26.171,26.417,40.166,48.634,62.614,54.752,40.625,41.936,2357,2357,13.666,16.062,31.003,43.83,49.603,53.042,55.088,50.474,43.998
2358,2358,17.885,26.574,30.062,39.398,61.388,84.098,74.991,69.071,55.977,2358,2358,23.574,31.719,38.333,50.813,64.053,84.643,78.636,67.737,55.12,2358,2358,11.686,18.185,32.228,47.129,62.285,78.171,85.364,78.918,61.968
2359,2359,25.435,30.267,26.278,38.928,64.52,87.76,79.638,70.394,56.175,2359,2359,28.979,33.981,32.769,43.261,64.224,86.703,79.426,69,55.472,2359,2359,12.134,19.489,30.913,41.764,62.783,81.098,90.108,84.264,66.249
2360,2360,22.047,30.981,30.703,40.652,57.529,81.406,72.903,81.124,69.733,2360,2360,26.545,30.371,28.075,39.125,55.894,80.355,76.302,78.42,67.749,2360,2360,13.183,20.088,32.776,38.641,55.174,72.97,85.202,90.238,73.472
2361,2361,19.032,29.995,31.238,40.239,58.292,82.214,74.184,87.215,74.972,2361,2361,25.165,24.828,30.651,40.904,54.446,79.53,75.67,82.539,71.057,2361,2361,5.8562,22.155,34.362,43.441,59.293,76.014,86.315,91.695,76.406
2362,2362,20.139,28.304,33.392,38.76,58.921,81.95,74.828,82.74,69.966,2362,2362,27.684,30.239,33.13,38.773,55.541,74.976,74.957,79.133,66.986,2362,2362,11.213,21.955,34.736,38.508,58.539,72.631,85.182,91.258,74.247
2363,2363,23.173,25.198,35.632,48.696,66.63,85.123,75.482,75.566,63.239,2363,2363,22.363,19.177,33.213,44.794,63.41,80.623,73.244,74.83,62.148,2363,2363,5.4439,17.171,27.672,44.388,64.797,74.16,83.621,87.496,69.021
2364,2364,28.541,31.692,39.106,56.365,72.494,88.823,78.361,66.981,56.865,2364,2364,24.825,26.214,37.332,56.526,68.976,89.067,79.382,67.053,54.686,2364,2364,7.3922,23.021,34.174,51.943,70.739,81.543,79.49,75.972,60.571
2365,2365,30.105,36.168,32.075,56.019,73.416,90.305,79.546,67.156,55.427,2365,2365,35.782,31.214,38.328,52.349,71.401,89.427,79.838,68.117,54.247,2365,2365,21.562,23.954,29.786,50.629,72.982,80.469,80.643,76.433,59.564
2366,2366,32.273,32.052,39.774,59.074,76.152,90.035,78.786,62.952,53.657,2366,2366,39.575,29.668,38.598,54.92,74.156,90.763,81.229,65.268,51.881,2366,2366,21.694,19.426,30.173,56.545,75.767,83.777,81.826,74.884,57.412
2367,2367,34.726,37.579,36.823,61.626,75.573,94.516,82.208,65.618,54.617,2367,2367,35.916,37.4,39.402,58.409,75.735,94.699,83.182,65.6,52.452,2367,2367,21.452,26.352,35.151,56.201,76.573,84.71,83.122,73.574,58.112
2368,2368,36.769,35.007,37.866,63.636,75.321,93.3,81.793,65.486,55.496,2368,2368,37.055,34.144,36.745,58.897,74.552,91.908,81.953,67.45,54.565,2368,2368,24.967,20.385,28.875,54.231,75.944,84.689,81.084,73.075,58.209
2369,2369,32.474,30.688,34.086,65.806,73.96,88.879,76.774,57.445,52.417,2369,2369,28.419,29.809,35.247,58.929,69.684,89.221,78.791,58.02,48.799,2369,2369,16.271,10.641,29.753,57.781,72.351,79.101,76.939,68.925,55.069
2370,2370,34.978,34.806,32.824,66.42,74.687,83.209,70.343,51.007,49.547,2370,2370,26.836,29.593,31.278,59.906,69.579,88.9,76.168,51.414,46.351,2370,2370,13.137,24.638,31.755,55.861,71.679,80.975,75.943,62.248,49.816
2371,2371,40.741,36.763,33.562,59.883,73.723,88.771,76.141,54.478,47.683,2371,2371,31.93,33.285,35.485,52.619,67.689,85.458,74.924,54.45,44.973,2371,2371,23.652,21.451,30.151,56.27,70.069,77.402,74.346,64.263,49.613
2372,2372,28.508,25.001,38.08,57.806,70.792,90.357,78.105,59.428,50.497,2372,2372,36.361,33.059,34.6,52.06,70.092,90.145,79.981,59.485,47.654,2372,2372,21.101,17.774,35.248,54.215,71.201,82.243,78.184,67.902,51.945
2373,2373,37.863,36.442,36.217,58.236,74.619,96.961,84.018,63.385,53.399,2373,2373,37.563,38.377,38.251,53.15,70.06,91.883,80.921,62.768,51.37,2373,2373,23.461,28.022,35.354,52.474,71.936,85.497,80.755,73.369,56.632
2374,2374,42.312,38.159,37.788,60.966,73.695,93.151,79.737,68.675,58.002,2374,2374,43.374,41.083,37.674,52.568,71.665,94.595,84.519,67.398,55.642,2374,2374,30.831,27.412,30.284,52.789,69.384,84.926,84.914,79.146,62.471
2375,2375,37.248,35.412,33.535,60.826,71.932,91.589,80.594,77.486,62.105,2375,2375,35.335,41.432,39.371,51.294,70.71,93.294,83.969,77.694,59.998,2375,2375,25.113,27.799,33.611,51.873,71.466,85.62,90.197,93.621,68.929
2376,2376,43.31,43.865,41.845,62.581,77.439,89.235,83.937,82.058,66.74,2376,2376,43.849,47.642,41.771,56.052,71.2,88.868,84.816,82.29,65.472,2376,2376,32.353,34.422,35.442,58.69,76.838,87.436,94.183,95.283,73.138
2377,2377,40.581,38.269,37.326,53.146,74.739,90.508,85.9,82.883,67.485,2377,2377,41.321,42.113,29.07,50.442,68.441,93.916,87.767,82.953,64.431,2377,2377,29.926,32.733,39.66,52.967,74.28,89.918,97.658,95.187,73.095
2378,2378,30.498,37.691,39.277,52.768,74.369,91.906,85.195,83.441,67.148,2378,2378,31.282,34.898,40.803,44.976,66.896,90.729,86.283,82.179,64.13,2378,2378,18.631,28.861,39.702,55.864,74.323,90.694,96.322,95.633,73.194
2379,2379,37.501,36.8,41.035,54.583,74.723,88.051,85.572,82.005,66.349,2379,2379,28.356,38.505,39.098,47.192,68.061,90.526,85.438,80.133,64.789,2379,2379,20.733,23.259,40.764,55.778,74.821,87.65,96.906,93.447,73.082
2380,2380,36.852,35.041,34.666,48.432,69.377,86.432,80.025,76.335,62.979,2380,2380,26.083,32.129,36.044,46.119,64.635,86.193,82.512,77.109,62.565,2380,2380,18.261,21.187,33.846,47.995,69.154,81.402,92.359,90.731,70.759
2381,2381,40.439,35.228,33.116,51.958,68.467,82.984,75.607,69.673,59.008,2381,2381,36.247,35.885,34.997,49.206,68.184,83.22,77.26,71.866,58.757,2381,2381,23.69,25.335,34.546,52.815,70.779,75.91,89.003,83.519,63.091
2382,2382,40.012,28.529,33.44,48.765,63.535,79.316,72.473,65.978,53.584,2382,2382,36.852,37.692,34.412,45.711,63.485,85.257,76.698,66.024,53.962,2382,2382,23.274,22.438,29.927,48.744,65.816,74.184,86.383,79.995,58.847
2383,2383,32.271,29.492,37.015,53.055,66.887,79.683,69.21,62.152,50.756,2383,2383,31.367,33.57,37.223,48.834,66.109,81.726,73.119,61.576,50.631,2383,2383,11.937,23.243,38.865,53.872,68.859,74.154,80.745,75.738,54.955
2384,2384,29.154,31.18,30.837,57.998,70.796,84.776,73.106,61.392,52.228,2384,2384,31.661,38.017,31.042,48.911,65.993,85.672,75.55,60.31,49.075,2384,2384,11.626,19.725,36.911,52.068,66.95,77.002,79.6,74.433,54.905
2385,2385,20.816,30.107,34.659,62.416,73.313,88.516,77.514,65.899,55.98,2385,2385,31.661,37.828,35.094,53.296,69.021,85.67,75.863,65.451,53.875,2385,2385,10.649,22.66,35.41,56.782,70.244,78.766,82.601,76.557,58.647
2386,2386,24.217,27.184,38.955,61.3,72.846,89.445,77.663,67.862,55.866,2386,2386,34.541,38.693,30.818,52.906,68.831,87.543,77.953,67.149,53.607,2386,2386,17.893,24.272,37.002,58.331,71.497,83.874,83.834,80.187,61
2387,2387,34.509,37.233,40.182,63.833,72.802,89.257,77.448,61.09,53.708,2387,2387,29.231,39.231,31.97,54.706,73.572,92.049,81.525,63.231,50.938,2387,2387,17.347,27.342,36.15,57.463,73.547,84.64,80.165,74.317,56.919
2388,2388,41.97,39.38,31.121,58.229,73.636,88.418,76.474,67.4,56.627,2388,2388,39.276,38.989,30.859,53.308,70.884,91.628,81.355,65.42,53.148,2388,2388,27.604,26.917,31.905,53.353,70.266,83.278,85.03,77.568,61.868
2389,2389,37.681,33.157,38.8,64.24,72.495,91.378,81.897,75.207,62.282,2389,2389,36.706,28.472,36.201,55.645,71.455,90.185,83.201,73.728,60.022,2389,2389,25.25,24.136,34.448,56.085,72.329,83.963,94.148,86.054,68.247
2390,2390,32.262,34.17,38.164,64.293,71.112,89.738,80.955,76.995,63.836,2390,2390,35.363,32.928,33.946,56.157,70.434,91.185,84.632,77.65,61.794,2390,2390,20.424,22.153,34.577,52.723,69.613,83.727,94.396,87.496,68.747
2391,2391,26.359,36.725,35.155,55.747,77.145,93.92,85.883,78.957,64.726,2391,2391,35.729,38.583,37.927,51.211,71.596,88.842,85.977,79.331,64.779,2391,2391,21.086,24.536,37.718,57.353,77.324,88.706,96.857,89.67,70.602
2392,2392,39.95,39.077,38.716,49.892,69.547,87.96,85.356,79.912,65.581,2392,2392,36.516,37.954,34.391,47.504,67.234,88.354,85.999,80.299,65.332,2392,2392,24.647,29.562,32.622,52.827,70.951,87.844,97.392,91.514,72.214
2393,2393,38.269,36.349,34.079,53.416,74.018,93.079,85.127,80.892,66.444,2393,2393,35.994,31.549,34.684,48.737,68.414,90.351,86.132,78.991,63.806,2393,2393,26.274,22.45,38.807,54.598,72.825,88.322,96.294,90.989,70.546
2394,2394,21.886,24.334,34.514,53.765,75.543,93.234,86.19,79.563,65.643,2394,2394,26.561,28.456,35.264,51.089,67.989,89.544,86.21,80.411,64.899,2394,2394,13.959,23.556,40.389,54.309,74.947,90.594,96.904,92.709,71.995
2395,2395,22.72,23.621,39.499,47.616,67.894,85.811,81.235,79.896,64.964,2395,2395,30.966,26.13,33.164,48.388,66.5,88.205,83.186,77.119,62.14,2395,2395,13.727,26.537,42.626,50.552,69.181,82.199,96.442,93.16,71.01
2396,2396,26.799,25.136,35.846,51.953,69.09,84.563,77.543,72.79,59.137,2396,2396,26.458,15.549,31.816,49.354,66.792,88.432,82.204,75.21,59.378,2396,2396,11.442,25.285,34.543,49.045,69.997,80.138,90.03,86.329,66.775
2397,2397,30.394,38.13,34.219,47.122,66.336,80.974,72.543,69.523,58.339,2397,2397,27.245,29.608,28.791,47.786,65.12,86.151,77.99,71.906,59.29,2397,2397,17.635,23.212,32.841,54.378,68.181,75.929,87.875,83.168,63.158
2398,2398,42.094,38.261,34.02,48.571,63.902,78.943,73.658,66.863,53.939,2398,2398,35.094,31.775,29.228,46.622,63.356,84.687,77.092,66.048,54.562,2398,2398,27.257,22.929,38.177,47.979,65.571,76.719,86.488,78.306,58.457
2399,2399,40.834,37.604,32.828,44.898,61.009,75.957,67.499,61.483,50.556,2399,2399,36.204,33.918,30.643,42.896,60.623,80.547,73.349,62.382,51.666,2399,2399,24.226,27.076,32.684,44.675,62.087,69.948,79.798,74.07,55.236
2400,2400,30.536,31.469,28.441,47.909,63.464,75.581,67.034,60.38,50.199,2400,2400,34.81,33.501,33.291,46.374,62.24,81.834,73.602,60.76,50.176,2400,2400,17.789,19.496,35.989,47.915,64.103,71.179,78.155,70.889,52.155
2401,2401,25.186,20.091,26.084,41.986,58.238,73.127,65.488,56.798,47.079,2401,2401,25.767,29.748,26.745,43.183,58.456,81.021,71.613,58.703,47.102,2401,2401,11.381,17.797,26.741,46.117,58.473,66.543,75.835,69.256,49.521
2402,2402,28.992,27.39,34.205,40.126,56.161,71.277,60.204,53.046,45.551,2402,2402,28.586,34.459,27.216,42.568,57.197,79.245,69.832,52.841,44.062,2402,2402,12.773,17.262,28.204,45.252,60.393,65.478,68.968,65.307,47.059
2403,2403,34.386,32.35,27.142,40.419,53.422,68.436,57.993,51.273,43.49,2403,2403,37.696,36.225,31.265,42.218,55.116,74.368,65.002,52.718,42.972,2403,2403,24.504,24.573,29.541,42.056,57.33,59.932,64.578,62.699,45.835
2404,2404,28.826,25.881,26.664,43.19,53.62,69.093,58.826,48.512,43.605,2404,2404,36.898,33.332,32.954,44.466,59.379,75.58,66.702,49.688,40.793,2404,2404,21.056,21.134,30.62,49.817,60.328,62.906,63.014,63.435,44.501
2405,2405,34.701,30.156,30.805,39.907,52.941,68.752,58.763,48.49,41.528,2405,2405,34.791,34.657,35.329,44.466,58.274,71.096,62.575,50.599,40.351,2405,2405,20.807,23.168,28.813,47.848,59.674,60.738,61.56,62.455,44.949
2406,2406,30.989,33.523,33.335,47.613,55.845,67.718,56.944,49.129,43.55,2406,2406,35.574,35.27,37.058,45.67,58.971,66.892,58.562,50.936,41.359,2406,2406,23.37,30.286,36.7,48.993,60.623,59.781,61.695,63.956,45.719
2407,2407,29.591,38.145,31.44,44.476,52.846,67.937,56.153,48.414,40.955,2407,2407,30.739,39.709,34.304,41.56,52.327,66.275,57.329,50.022,40.876,2407,2407,35.692,43.224,30.376,47.546,58.742,56.093,59.229,62.554,44.775
2408,2408,32.092,31.811,30.651,42.803,51.022,66.869,55.835,47.469,41.692,2408,2408,34.02,32.472,30.059,42.527,55.067,66.367,55.824,49.865,41.295,2408,2408,39.706,34.888,30.687,45.047,52.549,56.116,58.182,61.666,44.986
2409,2409,25.297,29.318,33.453,43.2,52.089,64.115,52.643,45.968,43.742,2409,2409,31.577,29.396,32.661,41.393,51.894,62.344,52.851,47.927,40.156,2409,2409,32.053,23.723,29.816,40.595,52.852,51.864,55.958,58.384,43.265
2410,2410,27.013,24.3,29.841,41.907,47.997,58.676,47.862,45.451,39.81,2410,2410,33.888,24.918,29.346,36.942,51.217,59.04,49.991,47.424,39.667,2410,2410,27.115,23.09,35.293,43.272,50.454,51.011,54.408,58.356,42.418
2411,2411,29.47,21.096,32.027,40.512,51.975,63.587,52.792,50.365,44.55,2411,2411,31.613,26.401,29.583,37.476,49.295,64.465,54.991,53.34,43.79,2411,2411,21.242,18.435,28.316,40.014,50.432,53.991,59.765,61.707,45.554
2412,2412,26.444,28.223,32.419,44.56,52.717,70.099,58.803,49.494,42.286,2412,2412,26.579,21.688,28.14,41.639,54.903,67.285,57.963,52.826,43.567,2412,2412,10.671,22.401,31.691,44.86,54.785,59.04,62.204,62.641,45.62
2413,2413,17.754,24.976,26.18,41.347,54.105,70.591,59.526,49.255,44.182,2413,2413,17.093,21.944,28.337,44.376,56.485,67.608,57.325,52.384,42.714,2413,2413,9.0361,17.885,33.113,46.778,56.828,59.935,64.389,64.228,45.693
2414,2414,17.439,22.521,29.164,42.235,52.542,71.586,59.903,49.279,42.357,2414,2414,18.381,25.998,27.944,38.311,54.75,70.001,60.105,52.097,42.235,2414,2414,3.2605,20.583,31.677,44.939,56.006,62.043,65.727,65.398,45.621
2415,2415,23.9,29.296,26.92,37.393,51.986,66.127,54.099,48.059,43.568,2415,2415,24.969,28.954,29.714,41.387,54.739,69.287,60.971,50.629,41.492,2415,2415,5.9096,19.302,32.743,45.398,57.588,60.431,62.306,63.939,44.594
2416,2416,22.529,27.779,28.903,43.585,55.685,66.187,54.805,46.337,41.211,2416,2416,21.433,29.237,26.664,40.662,53.862,63.003,55.009,48.78,40.534,2416,2416,1.0017,15.985,34.25,48.323,59.719,58.523,62.043,61.979,43.462
2417,2417,17.556,18.941,27.877,39.642,54.32,66.372,54.58,45.687,43.55,2417,2417,16.737,28.38,27.411,40.08,50.976,66.589,58.04,48.084,40.318,2417,2417,7.5014,23.309,34.185,44.635,57.374,60.041,59.668,59.357,42.75
2418,2418,12.076,27.827,27.2,38.205,50.898,64.416,54.183,45.16,40.259,2418,2418,16.253,23.271,31.497,40.415,52.5,66.99,58.277,47.089,39.088,2418,2418,3.3001,19.737,29.434,43.639,54.8,57.582,57.128,59.197,43.074
2419,2419,15.611,25.898,29.732,37.205,51.901,67.748,56.586,44.359,42.998,2419,2419,17.97,26.501,27.458,39.209,51.26,62.544,53.586,45.191,38.142,2419,2419,7.1495,14.198,30.217,41.91,55.464,54.588,55.051,57.249,41.925
2420,2420,13.793,25.259,32.47,38.198,46.779,60.851,50.568,44.422,39.993,2420,2420,14.116,25.034,30.575,37.288,48.05,62.619,54.367,45.119,39.036,2420,2420,2.3534,14.726,30.284,42.947,48.899,54.437,55.02,56.9,41.723
2421,2421,24.244,22.547,23.908,36.573,49.097,62.049,50.991,42.411,42.586,2421,2421,25.985,25.19,29.699,37.155,51.365,62.22,53.267,42.784,38.43,2421,2421,1.9644,18.577,30.747,42.498,50.701,51.978,52.66,53.676,40.669
2422,2422,18.952,21.448,27.073,37.26,47.09,64.802,53.467,40.294,39.088,2422,2422,21.615,27.762,32.852,38.835,47.45,57.778,49.404,41.384,36.959,2422,2422,0.96906,17.074,28.369,40.308,50.778,49.993,51.118,53.845,40.147
2423,2423,27.867,21.993,24.364,36.867,46.448,54.032,45.065,40.472,42.432,2423,2423,31.144,22.521,30.757,35.168,45.213,58.981,49.708,41.015,37.832,2423,2423,9.4016,20.582,30.196,40.222,45.117,50.872,53.284,52.705,39.763
2424,2424,26.869,23.51,33.507,37.983,46.207,52.773,43.091,42.038,39.919,2424,2424,30.578,27.125,28.242,41.463,46.464,53.935,46.369,42.798,38.52,2424,2424,8.9346,20.808,33.328,39.335,46.749,46.806,50.244,53.149,41.049
2425,2425,29.628,29.201,33.389,38.59,44.77,54.57,44.522,40.784,43.112,2425,2425,33.157,28.762,30.759,39.557,44.571,51.931,44.177,41.698,38.967,2425,2425,8.8507,22.138,37.688,39.752,43.735,45.335,49.816,52.316,40.777
2426,2426,30.432,27.43,29.68,39.007,42.637,53.622,43.378,40.133,40.378,2426,2426,34.397,25.989,29.524,36.837,44.49,54.963,46.407,41,37.9,2426,2426,11.199,19.882,36.662,43.819,47.639,47.414,48.518,51.288,40.055
2427,2427,30.437,25.449,28.646,38.74,45.889,50.812,41.297,39.627,42.817,2427,2427,33.668,26.739,32.193,38.013,45.482,56.417,48.371,39.528,38.016,2427,2427,12.673,16.321,34.709,41.24,47.753,45.687,48.398,50.453,39.444
2428,2428,25.566,26.955,24.444,38.471,45.315,53.143,43.334,38.601,39.495,2428,2428,28.982,29.828,24.551,36.322,42.844,54.74,46.174,39.693,36.742,2428,2428,8.5719,24.794,32.621,40.041,46.637,45.626,46.759,48.68,38.258
2429,2429,21.717,23.37,29.753,36.627,44.267,52.304,41.455,38.368,42.603,2429,2429,25.119,23.838,30.19,37.891,44.953,56.672,47.813,38.239,37.843,2429,2429,4.0611,15.542,33.753,38.64,42.761,45.892,47.731,48.339,38.784
2430,2430,26.877,20.579,28.842,37.513,45.874,53.403,42.617,35.943,39.629,2430,2430,31.295,24.281,29.238,39.526,44.971,56.746,49.025,37.649,36.743,2430,2430,8.3743,16.339,30.688,40.498,46.777,47.022,49.4,48.788,38.469
2431,2431,27.225,23.618,25.993,41.245,46.859,55.917,46.191,47.158,43.754,2431,2431,29.939,29.362,31.382,32.274,42.423,55.605,48.172,45.166,39.837,2431,2431,7.693,19.56,25.741,39.718,47.929,46.012,54.7,57.64,44.707
2432,2432,24.599,23.787,30.076,42.575,46.38,54.585,44.564,37.471,38.801,2432,2432,28.129,26.307,29.966,38.712,44.587,54.928,47.316,37.208,37.063,2432,2432,8.6399,20.417,23.772,40.602,46.734,46.314,47.864,47.606,38.421
2433,2433,13.294,24.12,28.799,39.984,44.894,55.074,45.351,39.173,42.948,2433,2433,16.817,22.897,30.191,41.558,45.454,56.914,48.588,39.377,37.36,2433,2433,-4.3318,15.953,29.373,41.495,46.374,47.839,49.786,48.137,38.711
2434,2434,13.343,24.001,25.654,41.678,48.978,53.619,43.701,39.843,38.761,2434,2434,17.888,28.11,31.039,40.179,45.784,55.477,47.872,38.877,36.351,2434,2434,-9.0195,15.086,25.192,39.518,43.792,47.677,50.072,49.059,39.704
2435,2435,24.188,22.539,25.817,37.611,48.442,52.118,41.665,39.31,42.691,2435,2435,27.496,27.392,29.825,41.807,45.473,56.535,48.479,39.108,37.593,2435,2435,3.2405,14.629,25.699,42.115,45.369,48.464,48.643,48.607,39.157
2436,2436,27.082,29.532,32.572,37.625,47.325,51.865,42.888,39.188,40.5,2436,2436,30.33,35.008,29.759,39.368,45.877,55.631,47.644,38.82,37.298,2436,2436,9.4298,11.384,29.076,39.879,49.237,49.826,48.414,47.112,38.933
2437,2437,20.694,27.674,29.038,37.883,46.203,56.436,46.118,39.327,42.731,2437,2437,23.756,32.096,31.539,39.963,47.866,57.918,50.376,39.911,37.786,2437,2437,3.8462,15.375,29.335,38.471,46.586,47.613,49.7,49.651,39.394
2438,2438,17.518,23.933,29.576,36.199,48.278,56.048,45.573,38.917,39.098,2438,2438,22.823,27.396,29.908,37.614,48.178,56.852,48.833,39.033,37.033,2438,2438,3.3269,17.739,30.554,38.402,50.514,49.923,50.404,48.874,38.227
2439,2439,24.537,30.442,26.467,36.248,49.149,55.586,44.256,39.94,42.84,2439,2439,28.739,33.628,33.591,38.931,43.747,53.76,46.001,39.709,37.679,2439,2439,8.5933,18.737,30.056,41.088,47.557,47.913,50.103,50.157,39.468
2440,2440,33.313,30.697,29.062,39.274,46.501,54.269,44.76,39.715,39.068,2440,2440,37.012,30.361,34.637,42.677,45.778,54.005,46.932,39.991,36.697,2440,2440,13.01,15.465,34.997,37.938,47.925,48.714,50.981,49.471,38.746
2441,2441,33.544,30.437,25.125,40.292,46.833,56.781,46.234,40.149,43.079,2441,2441,36.9,36.482,29.731,40.792,47.203,57.872,49.373,39.206,37.698,2441,2441,14.071,18.985,31.478,39.055,45.81,48.036,50.719,51.564,39.798
2442,2442,30.776,30.955,26.766,36.381,46.919,53.999,43.948,41.185,40.227,2442,2442,34.052,36.765,30.11,40.043,47.917,57.409,48.587,41.5,37.315,2442,2442,14.414,20.427,29.76,43.447,50.618,50.882,51.127,50.009,39.214
2443,2443,24.112,30.483,32.58,39.087,46.471,55.805,45.888,40.337,42.889,2443,2443,28.5,34.676,28.515,41.63,46.868,55.009,46.751,40.869,37.67,2443,2443,4.2796,18.461,28.181,37.192,47.094,49.58,51.196,51.108,39.864
2444,2444,24.544,27.124,33.432,37.659,45.663,52.052,46.257,39.142,39.949,2444,2444,27.452,30.03,27.786,39.561,46.205,56.335,49.533,39.932,36.635,2444,2444,6.7435,15.355,29.636,39.915,45.622,47.924,50.436,50.905,38.827
2445,2445,14.585,27.396,29.185,40.101,48.2,56.332,47.551,41.136,42.521,2445,2445,20.552,31.911,29.862,39.017,47.705,58.863,51.581,40.686,37.77,2445,2445,2.9653,17.083,31,41.141,51.437,50.455,50.777,51.086,39.254
2446,2446,19.644,20.911,31.071,39.677,48.354,55.616,46.657,38.124,38.833,2446,2446,22.4,24.797,31.749,39.83,52.24,61.793,53.906,39.106,36.584,2446,2446,8.324,16.633,26.485,42.956,54.135,50.581,52.52,50.426,39.061
2447,2447,21.841,32.776,31.3,43.573,49.422,60.51,48.954,37.969,42.084,2447,2447,25.594,36.538,36.308,42.398,52.41,62.839,53.728,37.801,37.459,2447,2447,5.0996,15.85,28.484,45.194,55.595,55.899,51.251,49.782,38.685
2448,2448,31.297,29.725,32.193,40.43,44.948,53.166,43.28,37.859,39.056,2448,2448,35.403,32.275,30.945,37.381,48.042,60.56,51.261,38.464,36.774,2448,2448,15.145,25.259,30.251,42.685,49.148,50.555,51.122,48.614,38.638
2449,2449,32.574,28.168,28.643,41.234,46.742,54.867,45.965,38.589,42.506,2449,2449,36.644,32.236,28.485,41.641,46.802,60.021,50.935,39.621,36.826,2449,2449,15.742,21.346,26.578,40.205,48.557,48.869,51.39,49.286,39.356
2450,2450,32.991,26.825,28.183,36.809,46.812,55.88,46.068,36.641,38.61,2450,2450,36.368,24.761,31.68,41.326,46.656,55.734,47.614,37.796,36.548,2450,2450,12.709,17.794,29.835,39.825,44.352,48.607,51.258,49.655,38.42
2451,2451,29.885,27.262,31.302,38.99,44.156,53.755,43.737,37.377,38.862,2451,2451,33.315,28.041,31.333,41.298,46.87,58.417,49.901,38.566,36.431,2451,2451,10.64,17.694,28.876,36.315,46.885,50.601,51.905,50.505,38.798
2452,2452,26.442,19.744,25.466,37.736,47.727,57.225,45.854,39.15,41.327,2452,2452,29.422,20.45,30.106,41.211,47.013,57.139,48.781,39.116,37.731,2452,2452,7.1972,22.957,31.072,37.336,44.206,48.245,51.794,50.103,39.348
2453,2453,21.896,27.653,28.322,40.613,46.176,55.021,44.651,38.947,39.748,2453,2453,25.379,27.622,29.28,40.851,44.775,52.447,44.54,40.8,38.103,2453,2453,8.3194,18.829,30.865,40.561,46.356,45.786,53.094,51.371,39.526
2454,2454,19.359,27.049,24.891,39.996,47.672,55.155,44.735,40.606,42.205,2454,2454,22.34,30.581,32.972,43.096,48.128,54.895,46.973,41.403,38.362,2454,2454,5.2023,21.218,31.608,41.545,45.712,49.008,53.602,52.135,39.416
2455,2455,30.263,26.24,27.648,36.24,48.597,55.528,46.061,38.68,38.914,2455,2455,33.648,27.777,30.374,42.269,45.632,55.54,48.025,39.978,36.637,2455,2455,12.53,19.265,33.722,39.693,43.685,49.526,52.171,51.377,39.561
2456,2456,33.07,28.48,30.172,39.196,47.009,56.938,47.346,39.985,42.313,2456,2456,36.827,28.629,31.023,38.642,46.394,58.864,50.631,40.008,37.819,2456,2456,15.363,17.21,27.075,40.553,47.369,48.698,53.83,50.625,38.988
2457,2457,28.752,24.439,28.904,37.939,47.336,57.482,46.75,40.52,39.249,2457,2457,32.782,28.017,31.633,40.168,46.546,56.8,48.579,40.397,37.236,2457,2457,12.799,16.421,28.244,39.441,48.927,49.542,51.716,51.493,39.061
2458,2458,26.517,29.242,30.923,37.88,46.351,52.536,43.588,39.04,42.359,2458,2458,28.857,29.573,31.195,40.967,50.379,57.351,49.254,39.854,37.582,2458,2458,8.5646,17.69,28.968,40.111,49.49,49.285,51.659,48.462,38.912
2459,2459,17.506,20.012,27.681,38.148,45.454,53.283,43.506,39.316,39.583,2459,2459,21.809,24.431,26.703,40.171,49.796,56.612,48.503,39.921,37.96,2459,2459,-2.4182,20.249,30.815,43.588,51.055,50.837,51.108,49.365,39.766
2460,2460,23.095,26.23,28.758,36.059,46.961,55.369,44.79,38.07,41.916,2460,2460,25.222,21.924,26.23,37.138,47.083,56.897,48.684,38.853,37.525,2460,2460,-5.2056,22.295,31.035,42.213,46.765,52.656,50.892,49.699,39.217
2461,2461,26.384,31.502,33.741,41.916,46.058,55.839,45.824,38.148,39.61,2461,2461,29.684,34.611,27.705,39.007,49.957,58.326,49.368,39.54,37.653,2461,2461,5.0402,21.918,29.672,41.052,49.117,51.104,51.738,50.437,39.313
2462,2462,30.598,27.778,25.509,40.945,51.211,62.179,49.298,40.617,42.041,2462,2462,34.262,28.742,32.808,39.493,54.598,59.782,51.137,41.586,38.203,2462,2462,12.065,16.528,29.959,42.041,55.954,56.247,53.471,52.205,39.565
2463,2463,26.539,29.131,31.736,39.429,48.571,59.029,47.682,40.396,39.055,2463,2463,29.707,32.522,32.828,40.856,49.583,56.653,47.914,42.643,38.136,2463,2463,8.5217,17.041,30.662,40.671,49.708,52.231,53.057,53.964,39.896
2464,2464,27.143,21.696,29.791,43.133,50.146,57.762,45.754,42.827,42.948,2464,2464,30.472,25.734,30.837,42.38,49.807,60.293,51.35,44.773,39.042,2464,2464,8.7386,16.633,32.534,41.178,53.456,53.099,53.539,55.152,41.639
2465,2465,26.487,21.931,32.611,42.269,54.186,72.137,59.91,49.99,42.618,2465,2465,30.23,25.103,30.558,46.429,60.109,74.486,67.633,50.292,41.852,2465,2465,9.0801,18.257,30.508,43.275,61.112,65.154,64.308,60.468,44.188
2466,2466,21.529,24.098,31.351,45.493,54.096,70.004,57.425,51.964,45.349,2466,2466,23.698,25.304,27.68,44.971,57.516,74.903,65.536,51.351,43.163,2466,2466,5.1421,18.424,28.891,42.672,58.497,61.531,62.116,61.917,46.723
2467,2467,13.339,23.478,30.339,40.196,53.009,65.345,55.267,64.994,55.772,2467,2467,20.079,31.82,31.038,41.737,54.49,70.715,62.797,64.406,54.835,2467,2467,-0.75701,20.204,30.374,36.833,54.884,59.433,65.684,71.87,61.083
2468,2468,10.014,23.113,32.898,41.143,48.739,58.607,49.453,49.216,44.298,2468,2468,17.643,24.169,31.041,43.664,50.034,62.563,54.337,49.914,42.065,2468,2468,7.6251,17.274,33.436,41.208,52.219,53.807,58.206,60.173,44.897
2469,2469,24.945,22.847,34.667,42.129,46.567,59.587,51.113,54.508,46.037,2469,2469,28.382,25.416,33.192,39.084,46.352,62.123,54.569,51.183,42.05,2469,2469,12.252,19.454,29.637,39.558,50.768,54.528,59.283,63.097,50.286
2470,2470,26.574,23.831,24.307,39.189,49.806,62.657,52.528,55.825,47.674,2470,2470,29.656,23.291,30.353,43.202,47.026,60.73,52.612,52.037,43.464,2470,2470,11.584,12.528,29.934,38.825,49.248,52.301,60.559,63.337,47.856
2471,2471,26.443,26.196,27.952,41.326,59.993,72.585,67.822,70.325,59.962,2471,2471,29.382,26.359,28.156,42.618,58.468,77.603,73.471,69.196,58.073,2471,2471,12.114,16.653,30.166,43.249,62.65,72.864,75.925,79.363,64.469
2472,2472,27.345,23.681,24.709,42.159,63.553,75.575,68.302,74.772,65.398,2472,2472,30.981,26.719,33.454,47.819,66.52,83.655,75.818,73.872,62.956,2472,2472,13.052,23.882,29.474,49.869,67.547,75.161,78.67,79.055,64.467
2473,2473,30.11,26.037,33.946,40.543,58.26,72.936,63.281,57.264,47.322,2473,2473,32.721,26.248,31.324,43.601,62.21,79.676,70.722,57.654,46.336,2473,2473,6.9154,17.008,29.302,44.825,65.805,70.303,70.699,68.259,49.922
2474,2474,29.036,20.744,29.536,42.729,53.953,63.1,53.511,48.492,44.355,2474,2474,32.983,22.324,32.663,40.452,58.444,70.536,61.145,49.614,40.814,2474,2474,13.923,16.709,30.253,47.025,61.97,62.002,61.55,60.338,44.523
2475,2475,22.311,25.85,25.404,42.218,52.541,69.027,58.115,48.14,41.968,2475,2475,26.117,28.39,26.274,42.215,52.712,71.685,61.869,49.212,41.241,2475,2475,8.3865,17.723,31.252,39.049,55.155,62.313,63.176,61.277,45.291
2476,2476,31.707,34.082,26.848,37.837,53.655,69.225,58.308,50.561,44.977,2476,2476,35.261,35.604,29.855,40.494,52.603,70.899,61.201,53.682,44.197,2476,2476,13.5,16.943,29.043,45.052,56.517,60.588,65.647,64.536,47.367
2477,2477,33.554,29.321,29.928,42.081,53.433,69.537,58.755,52.464,45.117,2477,2477,36.893,31.786,33.376,40.857,52.893,68.734,60.573,54.709,44.641,2477,2477,13.634,15.104,26.705,42.743,56.466,61.263,65.985,64.928,48.502
2478,2478,22.318,22.025,27.214,39.975,57.842,71.809,63.137,53.626,45.863,2478,2478,26.464,22.501,29.83,41.31,56.156,72.171,63.631,55.327,44.883,2478,2478,7.3508,15.811,27.169,45.508,56.29,65.108,67.44,66.534,48.43
2479,2479,21.009,23.611,31.407,40.409,55.628,74.756,65.71,56.983,46.753,2479,2479,22.471,22.918,32.532,40.567,55.885,74.427,65.856,58.124,47.535,2479,2479,-2.3442,18.006,34.255,41.611,56.706,68.453,68.546,66.833,49.077
2480,2480,18.954,27.738,34.11,42.08,58.015,74.111,65.467,63.569,52.331,2480,2480,23.253,26.976,24.096,42.038,59.002,80.399,73.182,63.699,52.09,2480,2480,0.93696,18.435,29.647,41.052,61,69.93,76.57,72.514,54.824
2481,2481,20.903,29.226,30.608,43.267,61.163,81.178,73.97,73.977,63.157,2481,2481,24.308,31.411,37.076,42.656,61.489,83.39,77.633,71.517,60.549,2481,2481,10.012,14.59,26.562,48.057,64.921,75.669,86.196,81.563,65.529
2482,2482,28.44,31.196,33.7,42.564,58.494,74.03,64.304,70.791,59.032,2482,2482,32.487,34.082,31.171,38.896,55.178,75.413,66.647,67.086,55.879,2482,2482,12.661,18.216,31.86,39.081,55.675,64.587,71.089,77.296,61.453
2483,2483,28.137,27.847,29.564,39.77,53.448,67.215,57.466,58.582,47.946,2483,2483,32.583,32.794,30.313,39.73,52.973,65.307,58.279,56.475,46.241,2483,2483,11.621,16.61,32.676,45.87,54.056,59.244,63.576,68.236,50.621
2484,2484,22.762,33.426,28.844,42.727,54.472,68.099,56.788,57.116,47.997,2484,2484,25.724,35.304,29.67,41.568,53.892,71.352,61.685,59.122,48.475,2484,2484,7.3463,21.011,28.977,43.898,55.088,61.364,66.036,69.645,52.22
2485,2485,21.657,26.371,31.543,39.911,51.434,67.449,58.074,57.341,48.656,2485,2485,24.451,31.488,31.299,41.593,57.523,71.659,61.571,59.387,48.374,2485,2485,-0.55245,12.828,31.985,45.084,59.843,62.677,66.885,71.346,52.711
2486,2486,32.622,27.72,28.455,39.72,53.569,67.834,59.01,58.336,49.431,2486,2486,36.352,30.691,30.289,41.331,56.559,73.014,64.122,60.243,49.862,2486,2486,11.067,8.0409,28.878,45.634,60.607,63.315,69.287,70.877,54.39
2487,2487,28.62,30.644,32.332,36.372,54.925,73.452,63.978,60.818,50.907,2487,2487,32.398,31.146,28.468,40.111,58.116,74.97,66.217,61.826,50.491,2487,2487,10.37,14.977,27.194,42.71,59.331,64.471,69.78,72.312,53.465
2488,2488,15.541,23.637,31.64,39.768,56.783,73.738,63.978,60.802,52.09,2488,2488,18.234,20.466,29.361,40.311,57.648,77.124,69.232,62.17,51.25,2488,2488,1.1862,19.929,27.102,42.81,58.978,66.517,71.48,71.706,55.057
2489,2489,25.455,29.205,31.866,39.934,56.409,75.097,66.48,61.547,52.115,2489,2489,26.088,26.952,28.944,37.366,58.556,78.783,71.486,62.2,51.189,2489,2489,4.9009,16.592,30.192,45.957,60.32,66.997,73.601,70.913,53.577
2490,2490,31.608,25.385,30.787,42.204,58.295,76.244,67.725,61.172,51.925,2490,2490,33.245,28.694,29.988,39.196,58.52,81.786,73.803,62.024,51.434,2490,2490,8.3666,17.596,28.149,45.017,59.253,70.134,76.138,72.54,55.429
2491,2491,30.344,27.68,30.442,39.953,57.701,79.493,70.215,60.805,51.67,2491,2491,32.061,27.334,32.292,43.005,58.834,80.937,74.54,60.737,51.039,2491,2491,6.2679,19.861,31.354,42.688,60.678,72.505,76.609,72.118,59.913
2492,2492,16.004,25.454,28.408,35.596,56.597,78.522,69.306,59.119,50.977,2492,2492,17.874,25.527,30.719,40.705,55.946,78.977,74.008,58.395,49.52,2492,2492,0.38441,17.32,32.16,38.607,56.707,72.49,76.577,67.128,53.748
2493,2493,25.056,26.625,32.532,41.626,58.184,78.922,72.214,65.356,54.974,2493,2493,29.797,30.859,28.866,45.988,65.379,84.89,80.036,65.889,55.337,2493,2493,1.7783,23.145,33.16,44.553,64.999,76.789,84.301,77.617,59.652
2494,2494,25.352,30.959,29.24,39.274,57.534,79.747,73.539,64.816,54.546,2494,2494,28.676,35.145,34.119,44.152,63.236,82.888,79.783,65.813,54.766,2494,2494,2.3018,25.1,29.347,44.558,62.006,77.493,82.528,76.179,59.73
2495,2495,29.524,27.813,32.289,39.056,59.223,83.16,72.372,72.314,62.523,2495,2495,33.622,25.104,33.972,41.905,62.605,87.079,78.545,71.931,61.494,2495,2495,12.551,17.445,23.528,44.205,62.245,75.595,78.511,84.173,67.2
2496,2496,26.659,29.71,28.917,40.143,63.852,87.093,76.839,82.268,72.225,2496,2496,30.806,33.68,23.813,46.1,67.143,91.432,81.256,78.481,69.679,2496,2496,11.417,23.131,29.562,44.337,63.084,78.81,84.124,90.256,74.346
2497,2497,32.38,29.883,29.712,40.812,63.85,84.092,74.064,86.511,75.245,2497,2497,36.761,30.245,36.696,42.309,63.041,87.614,78.161,81.867,71.337,2497,2497,13.757,17.933,29.825,42.185,65.35,76.638,86.422,92.491,77.439
2498,2498,28.524,28.067,34.632,43.304,68.039,89.186,80.007,83.299,71.893,2498,2498,32.915,32.066,39.257,51.284,66.75,85.41,80.137,81.342,69.826,2498,2498,12.284,23.215,32.568,42.001,66.263,82.965,90.444,95.539,78.057
2499,2499,33.623,32.245,32.325,41.311,57.595,77.749,74.541,83.958,71.253,2499,2499,34.76,31.192,35.895,47.707,61.086,86.18,79.093,79.059,67.887,2499,2499,12.319,21.561,31.569,40.705,61.509,73.872,87.534,91.299,72.607
2500,2500,30.345,27.912,33.648,41.31,67.687,91.41,80.939,79.728,65.832,2500,2500,27.832,27.035,29.416,45.727,66.024,90.417,84.118,74.708,62.368,2500,2500,7.5828,24.376,29.688,43.718,64.917,84.297,88.739,88.283,66.799
2501,2501,36.187,38.663,34.359,42.303,53.184,75.712,66.969,60.434,52.019,2501,2501,41.647,46.212,37.822,47.056,57.935,76.468,69.469,57.239,47.86,2501,2501,27.243,30.911,30.271,42.516,55.345,71.515,77.642,70.669,51.576
2502,2502,39.52,31.909,28.366,39.466,48.659,57.386,46.642,48.581,49.636,2502,2502,47.092,41.975,30.873,41.627,47.726,59.291,50.971,46.419,46.194,2502,2502,32.46,27.09,32.461,41.171,48.313,51.941,51.994,55.993,48.582
2503,2503,30.219,20.499,28.687,41.253,52.764,59.629,48.507,43.224,49.73,2503,2503,40.447,35.868,30.212,38.734,51.081,58.453,49.165,42.982,45.145,2503,2503,25.347,23.128,35.857,37.255,49.258,50.561,50.665,53.081,47.827
2504,2504,34.296,33.806,27.052,38.114,54.535,59.078,49.656,47.755,50.498,2504,2504,43.315,39.536,29.98,41.362,51.678,63.01,55.215,46.37,47.27,2504,2504,28.609,25.663,30.853,40.847,52.253,52.748,54.863,56.733,49.808
2505,2505,32.909,29.755,29.724,40.628,54.739,64.841,53.26,47.632,51.177,2505,2505,42.5,34.827,31.305,37.496,53.504,65.389,55.63,48.848,46.303,2505,2505,27.281,21.729,32.04,39.637,53.704,56.053,53.804,57.345,47.761
2506,2506,30.202,29.965,26.168,39.267,50.854,61.067,49.503,49.269,50.083,2506,2506,39.999,32.524,32.713,38.917,55.732,64.716,55.92,50.781,47.95,2506,2506,23.323,21.713,29.289,44.198,58.113,56.07,54.375,59.302,49.116
2507,2507,34.906,30.004,23.949,38.808,53.336,64.595,53.449,50.945,50.926,2507,2507,35.907,31.85,28.508,41.922,52.607,67.132,58.203,52.142,47.987,2507,2507,16.138,16.769,29.211,43.652,56.594,57.691,55.282,59.131,50.242
2508,2508,28.331,23.717,33.69,42.5,55.008,60.845,50.707,46.674,50.965,2508,2508,27.617,24.065,31.949,41.539,56.021,64.896,56.907,46.759,46.872,2508,2508,1.2691,19.794,23.876,46.111,58.717,56.163,52.614,54.244,48.371
2509,2509,31.604,27.919,30.275,42.085,56.462,66.517,54.341,50.481,50.344,2509,2509,33.666,28.97,30.624,37.744,53.023,66.612,57.057,49.936,47.822,2509,2509,9.9548,15.146,29.682,45.627,58.835,59.975,57.71,58.789,50.071
2510,2510,22.872,25.92,29.459,43.109,55.1,67.114,57.012,59.958,53.689,2510,2510,27.101,22.86,32.267,40.387,53.459,69.079,60.438,58.43,51.613,2510,2510,7.6053,20.556,36.588,44.113,57.033,63.504,62.506,67.321,54.958
2511,2511,22.438,21.016,24.463,38.092,53.447,61.958,50.394,54.017,50.644,2511,2511,26.039,20.107,27.099,39.827,53.511,68.067,59.96,49.682,47.564,2511,2511,4.4127,19.695,30.028,42.071,56.395,61.668,57.877,58.163,49.206
2512,2512,26.984,29.912,28.63,39.828,52.443,64.42,53.079,51.716,51.156,2512,2512,29.768,27.562,31.424,38.278,51.034,67.173,58.485,50.509,47.806,2512,2512,5.0301,21.889,30.179,39.985,51.7,58.225,57.975,61.377,52.451
2513,2513,26.869,25.858,28.513,39.124,51.119,63.193,51.396,55.03,49.917,2513,2513,30.35,25.281,32.346,37.287,49.571,65.838,56.735,51.358,47.318,2513,2513,10.697,17.904,33.078,40.69,51.262,57.046,53.793,60.407,51.234
2514,2514,26.45,25.959,32.153,40.371,61.128,80.297,72.916,74.189,60.037,2514,2514,30.056,32.839,37.183,46.551,64.22,90.005,80.786,69.55,56.351,2514,2514,10.117,20.976,34.315,43.494,61.504,78.517,83.693,82.378,62.18
2515,2515,25.588,35.174,35.312,39.37,62.325,85.732,79.411,82.176,69.205,2515,2515,34.32,33.85,32.527,41.678,62.506,88.314,81.644,77.787,65.54,2515,2515,16.294,19.218,33.3,47.073,60.085,83.243,89.227,88.467,70.173
2516,2516,34.92,35.727,30.36,40.685,55.26,79.958,71.927,84.189,72.171,2516,2516,31.235,39.551,30.415,41.953,56.678,76.507,73.179,78.397,67.052,2516,2516,19.891,15.313,29.642,42.756,58.045,72.77,86.031,90.554,73.584
2517,2517,33.364,30.501,28.302,43.119,59.472,80.691,73.053,81.573,69.806,2517,2517,34.025,26.557,37.345,38.562,58.371,79.061,74.499,79.966,68.636,2517,2517,17.92,24.492,30.034,46.656,61.574,74.353,83.251,93.307,77.973
2518,2518,19.914,29.55,34.207,49.747,65.47,86.309,76.798,86.805,74.617,2518,2518,30.693,31.084,33.769,44.026,60.647,81.035,75.776,81.834,70.398,2518,2518,15.184,18.25,29.94,52.518,65.697,78.617,86.066,92.925,76.358
2519,2519,29.096,37.705,34.238,45.95,66.301,88.32,77.849,85.054,71.345,2519,2519,33.053,33.87,33.934,41.541,60.292,78.741,76.236,80.234,67.984,2519,2519,13.789,25.997,33.974,47.31,65.711,78.529,86.765,91.499,74.575
2520,2520,37.188,38.995,33.562,45.394,67.036,81.685,73.336,78.434,66.114,2520,2520,33.822,31.63,33.629,43.558,63.637,82.264,75.67,78.595,66.153,2520,2520,23.655,26.974,27.19,48.314,65.301,78.197,85.191,89.239,71.843
2521,2521,33.779,28.943,30.974,48.347,69.413,80.577,70.655,66.232,56.496,2521,2521,34.059,36.155,34.766,51.269,66.316,83.884,75.863,65.207,54.898,2521,2521,22.689,24.877,32.542,48.606,67.939,77.357,79.185,73.552,59.601
2522,2522,20.231,23.323,33.786,54.101,69.577,83.744,75.365,64.547,53.714,2522,2522,31.034,30.187,35.401,50.13,66.995,89.285,79.576,65.212,52.678,2522,2522,12.254,24.556,30.66,49.981,68.251,80.134,78.786,73.779,57.849
2523,2523,28.456,24.713,33.642,50.663,71.173,84.202,74.321,62.989,53.166,2523,2523,31.498,29.448,31.48,50.437,68.264,88.636,79.353,63.232,50.56,2523,2523,5.9686,15.944,28.478,49.013,68.287,78.855,78.576,72.01,56.769
2524,2524,30.107,28.68,38.239,54.405,71.844,84.801,76.206,62.468,52.065,2524,2524,31.334,30.835,36.324,51.876,71.897,89.143,79.673,63.221,50.388,2524,2524,11.202,20.539,31.727,51.453,74.167,80.792,79.346,72.796,55.15
2525,2525,36.347,35.838,32.939,56.805,72.549,88.612,79.129,65.09,53.005,2525,2525,32.761,38.159,32.42,52.686,71.371,91.725,81.843,66.07,52.204,2525,2525,20.872,26.169,27.69,50.924,72.762,82.392,78.657,74.233,58.185
2526,2526,40.902,37.328,31.767,55.601,74.422,87.532,77.224,61.991,50.344,2526,2526,37.834,38.583,32.826,53.922,72.387,91.856,82.321,65.171,50.581,2526,2526,27.179,25.642,31.226,52.108,74.529,83.439,79.724,73.163,56.129
2527,2527,37.873,34.825,35.1,58.363,70.191,87.09,76.59,56.306,48.584,2527,2527,31.693,35.343,33.746,55.111,70.777,90.352,80.507,58.135,47.001,2527,2527,23.123,25.646,29.93,55.504,72.1,80.651,77.665,66.639,51.303
2528,2528,35.106,28.919,35.68,58.651,71.778,86.645,75.538,53.476,48.08,2528,2528,31.552,34.967,33.639,49.955,67.306,86.272,76.539,53.857,45.433,2528,2528,22.201,22.8,31.293,55.395,70.64,78.301,78.032,63.312,49.961
2529,2529,29.778,29.624,32.875,63.835,69.412,83.396,70.804,50.632,47.359,2529,2529,29.77,28.922,32.478,57.36,67.612,89.119,76.544,51.915,44.942,2529,2529,16.502,22.831,32.705,53.596,69.823,80.075,74.324,61.859,48.432
2530,2530,29.314,31.088,34.903,51.831,63.71,83.313,71.204,49.959,45.536,2530,2530,28.633,34.513,35.812,50.507,63.493,83.238,74.059,50.549,43.194,2530,2530,19.021,22.884,35.402,59.084,67.952,72.829,70.19,62.502,47.277
2531,2531,37.955,41.372,34.778,49.565,65.14,82.559,70.467,49.458,46.812,2531,2531,35.698,43.043,35.563,48.25,63.681,82.07,70.912,48.466,42.618,2531,2531,25.389,30.393,34.485,56.16,67.427,73.364,68.089,60.769,46.863
2532,2532,41.453,35.735,28.979,48.55,61.2,72.941,62.269,42.392,42.57,2532,2532,40.859,33.145,28.101,44.768,60.557,71.307,63.412,44.417,40.263,2532,2532,29.132,22.61,35.859,48.572,61.306,65.212,66.049,54.799,44.908
2533,2533,36.382,33.489,32.486,45.861,59.702,73.022,62.243,42.095,44.296,2533,2533,37.524,27.427,27.004,43.531,59.114,71.548,62.238,42.961,40.23,2533,2533,24.183,21.512,32.014,47.858,61.814,62.864,63.674,53.395,43.414
2534,2534,34.384,28.561,27.638,42.279,56.408,70.405,59.87,48.904,42.897,2534,2534,34.709,20.507,27.365,43.059,59.496,74.558,67.475,49.443,42.032,2534,2534,21.344,16.777,29.36,49.395,61.944,65.257,69.908,60.391,44.342
2535,2535,30.834,28.582,31.261,41.262,54.461,69.524,59.514,52.534,44.226,2535,2535,24.205,25.193,25.252,43.839,59.489,79.513,71.961,51.904,43.556,2535,2535,10.16,12.786,29.195,49.429,62.544,68.693,71.372,61.702,45.705
2536,2536,22.512,28.048,30.413,38.184,53.271,71.53,61.64,57.582,48.18,2536,2536,28.807,27.969,27.154,43.484,62.352,82.23,74.332,57.153,46.438,2536,2536,10.953,22.26,31.317,47.047,63.005,70.155,75.404,66.639,49.274
2537,2537,30.536,26.75,27.17,43.669,56.801,72.672,64.043,60.44,48.579,2537,2537,28.845,22.34,31.658,43.571,61.914,82.308,75.222,61.551,49.608,2537,2537,11.534,18.926,31.802,47.837,61.652,73.428,78.801,70.024,52.593
2538,2538,29.568,31.241,34.693,41.906,58.607,79.522,71.826,69.532,59.948,2538,2538,16.937,26.778,28.777,43.036,60.005,79.705,73.567,69.613,58.931,2538,2538,10.75,17.769,33.554,49.521,61.735,74.031,82.458,78.737,64.85
2539,2539,27.472,33.61,35.561,43.974,63.754,82.038,75.047,76.564,66.232,2539,2539,25.188,28.086,34.017,44.205,62.367,81.016,75.202,73.578,63.487,2539,2539,14.479,22.707,29.5,48.056,65.784,77.599,84.139,83.005,68.912
2540,2540,29.501,36.281,36.656,46.491,70.073,83.53,75.458,77.399,65.85,2540,2540,32.675,32.268,30.851,44.996,65.797,81.438,76.314,76.45,64.279,2540,2540,17.252,25.438,36.601,50.223,73.13,78.559,83.548,86.374,70.166
2541,2541,33.545,32.802,36.997,46.214,68.989,81.277,71.102,68.635,57.265,2541,2541,33.407,26.911,26.197,49.723,69.928,86.595,77.479,68.805,56.314,2541,2541,8.4736,23.49,27.121,55.124,73.996,77.58,79.874,76.923,60.22
2542,2542,25.887,29.565,32.935,44.139,62.829,73.328,64.571,62.062,52.125,2542,2542,22.492,30.35,26.597,47.254,68.129,83.949,74.42,59.512,49.124,2542,2542,8.2063,21.235,32.596,49.782,67.604,73.753,74.381,68.48,54.982
2543,2543,25.042,27.922,32.935,44.079,61.841,72.625,61.838,57.445,48.877,2543,2543,32.129,29.518,28.628,48.881,65.646,80.259,72.052,57.57,47.307,2543,2543,13.611,18.631,33.378,49.412,66.81,72.022,71.89,68.116,52.139
2544,2544,32.646,24.913,36.248,46.436,62.857,73.076,64.573,62.504,51.546,2544,2544,35.426,33.236,30.344,48.209,64.398,82.672,73.617,61.14,50.607,2544,2544,14.664,18.427,31.407,53.952,67.428,70.793,74.238,70.604,54.156
2545,2545,32.022,27.854,31.64,47.014,62.171,82.604,74.435,70.743,59.551,2545,2545,33.569,27.575,32.816,45.247,62.408,86.613,78.367,68.171,56.744,2545,2545,13.893,19.469,30.89,52.21,65.223,77.714,84.411,81.039,63.558
2546,2546,20.587,23.609,37.584,56.267,69.157,83.176,76.539,77.511,66.212,2546,2546,22.656,25.662,29.033,40.549,57.951,82.399,75.9,73.028,62.659,2546,2546,6.9291,17.119,30.734,56.193,69.671,77.595,84.958,84.167,68.412
2547,2547,29.941,31.049,32.58,56.19,68.362,80.111,73.979,71.952,60.306,2547,2547,26.417,24.14,34.242,51.309,62.51,78.657,74.852,69.862,57.63,2547,2547,15.535,23.887,35.958,61.212,71.95,76.397,83.873,84.34,67.512
2548,2548,40.291,37.161,32.894,52.441,64.146,80.788,71.314,64.144,53.887,2548,2548,41.262,35.482,31.489,54.265,65.728,88.219,79.573,63.186,51.951,2548,2548,28.652,26.731,33.549,60.155,69.842,77.851,77.708,71.623,55.04
2549,2549,38.192,31.169,31.174,46.671,60.882,77.163,67.36,58.016,48.958,2549,2549,38.618,32.379,29.27,58.5,67.87,84.332,74.993,56.842,46.099,2549,2549,27.153,17.936,31.892,61.543,70.789,73.512,73.598,68.571,51.528
2550,2550,35.68,30.023,34.515,43.442,57.299,70.443,61.68,53.262,46.836,2550,2550,34.036,28.583,33.339,56.96,66.167,82.845,73.486,52.218,43.279,2550,2550,21.803,22.712,33.823,58.053,66.993,71.172,68.112,63.923,48.925
2551,2551,36.154,31.028,31.599,47.456,60.449,69.853,59.755,53.264,46.251,2551,2551,31.295,28.51,33.465,56.713,66.673,78.23,69.879,51.613,43.65,2551,2551,18.519,23.473,29.378,59.03,68.972,69.006,65.748,62.133,48.905
2552,2552,27.455,37.193,33.8,48.003,59.476,71.093,61.294,45.939,44.403,2552,2552,35.119,41.162,34.844,55.674,64.641,76.708,67.26,44.91,40.438,2552,2552,19.209,27.304,32.4,60.387,69.505,65.611,63.417,58.347,43.51
2553,2553,36.268,39.741,32.019,46.562,60.597,72.914,60.489,45.689,43.604,2553,2553,40.087,42.498,35.357,51.051,61.791,70.063,59.966,44.755,40.114,2553,2553,26.167,30.937,34.257,55.175,64.723,62.121,61.167,57.381,44.926
2554,2554,33.523,34.942,32.953,54.797,65.224,70.43,58.534,48.429,45.449,2554,2554,38.201,27.05,28.942,49.874,64.258,71.074,62.667,49.97,42.439,2554,2554,23.849,19.458,30.781,60.073,70.134,63.638,63.418,60.88,46.266
2555,2555,36.043,38.767,31.928,55.246,64.526,74.92,63.797,54.188,46.48,2555,2555,36.426,36.957,36.965,57.858,68.378,79.529,71.198,54.142,45.761,2555,2555,23.402,23.769,29.615,64.647,74.318,67.762,69.325,62.943,47.853
2556,2556,40.616,35.262,28.356,51.098,66.579,76.471,66.735,58.603,48.566,2556,2556,46.187,38.228,30.272,53.895,70.042,83.289,76.693,57.748,47.556,2556,2556,32.15,25.797,31.734,61.496,73.337,74.55,77.198,67.103,50.079
2557,2557,42.498,36.18,26.775,52.816,64.667,76.623,69.434,70.034,56.677,2557,2557,47.322,32.83,34.174,46.323,71.144,89.045,80.749,68.451,56.375,2557,2557,33.185,23.329,33.686,58.88,72.476,77.035,82.113,76.876,58.749
2558,2558,40.029,29.411,34.046,51.099,72.398,90.215,81.237,86.328,75.88,2558,2558,42.706,24.391,34.181,49.98,74.175,91.329,83.831,83.874,74.366,2558,2558,29.954,19.52,32.701,55.347,76.403,83.008,91.233,93.174,76.65
2559,2559,31.692,23.587,38.942,54.264,74.155,91.399,81.307,89.634,77.609,2559,2559,36.707,22.219,31.179,46.962,67.602,90.816,82.295,86.019,75.048,2559,2559,21.077,14.333,34.302,53.153,75.179,82.816,90.292,97.103,80.816
2560,2560,28.073,25.915,32.703,60.102,72.782,88.008,77.985,77.572,65.877,2560,2560,34.823,22.691,31.258,52.425,70.392,89.82,81.986,76.58,63.719,2560,2560,18.647,20.108,34.09,56.931,74.367,83.166,85.875,86.736,69.628
2561,2561,30.176,35.497,33.922,60.913,73.49,93.592,80.568,62.503,52.834,2561,2561,23.157,42.594,35.982,53.658,69.964,93.176,82.054,62.275,51.166,2561,2561,17.004,30.909,32.082,50.261,70.444,83.726,80.286,73.553,55.301
2562,2562,39.736,37.41,36.823,57.691,69.205,89.355,76.871,56.547,48.287,2562,2562,45.573,41.327,35.043,50.98,68.244,88.366,77.351,57.588,45.928,2562,2562,29.906,26.64,32.241,53.031,68.707,80.581,78.096,68.425,51.258
2563,2563,43.514,32.774,38.492,61.804,72.821,91.384,79.038,60.992,51.473,2563,2563,47.922,34.538,36.005,54.226,70.809,89.445,78.509,58.565,47.145,2563,2563,33.938,23.067,28.507,55.389,71.618,81.966,80.489,69.547,54.278
2564,2564,33.693,40.51,37.872,58.077,71.102,90.232,78.141,66.343,55.082,2564,2564,42.944,45.403,39.027,51.599,69.508,88.449,78.174,63.283,50.815,2564,2564,27.291,30.432,30.611,56.041,70.117,80.779,85.062,77.168,60.603
2565,2565,35.714,37.94,38.573,61.96,71.835,91.779,82.354,76.089,63.781,2565,2565,39.585,40.318,33.969,53.962,71.924,91.388,82.65,74.83,61.625,2565,2565,26.268,27.329,31.438,55.512,71.963,85.23,92.034,84.476,68.636
2566,2566,35.405,35.505,36.139,64.245,72.519,91.034,82.726,77.804,64.13,2566,2566,40.066,34.761,36.257,58.057,69.255,91.75,84.883,78.932,61.602,2566,2566,25.498,24.04,36.328,48.671,69.321,86.977,94.189,90.24,69.312
2567,2567,33.24,39.003,40.718,57.286,74.121,93.318,86.209,81.231,67.221,2567,2567,39.083,44.817,35.325,52.937,67.693,88.201,85.504,80.92,66.427,2567,2567,25.496,32.775,38.965,55.867,73.834,88.369,96.602,92.742,72.679
2568,2568,27.913,34.645,38.863,52.269,73.669,95.021,86.297,80.707,67.644,2568,2568,35.091,39.939,31.016,48.983,67.336,88.021,86.57,80.079,65.392,2568,2568,22.255,29.393,38.248,51.693,71.618,89.661,97.75,92.453,73.054
2569,2569,32.952,41.266,38.14,53.773,74.217,92.328,85.429,79.75,65.595,2569,2569,31.965,45.685,36.673,48.57,68.727,92.14,86.397,78.094,63.258,2569,2569,12.076,33.713,37.902,53.776,73.755,90.149,96.923,92.018,69.943
2570,2570,43.485,38.964,40.717,53.927,73.971,91.944,85.316,81.785,66.034,2570,2570,43.218,40.135,35.122,48.423,65.119,88.809,85.227,80.017,64.092,2570,2570,30.748,26.953,38.791,57.328,72.515,89.097,95.724,92.882,72.461
2571,2571,42.74,33.198,36.501,51.025,67.991,83.455,79.146,76.81,63.604,2571,2571,44.583,39.373,33.957,47.887,66.545,88.483,83.562,76.621,61.067,2571,2571,31.724,26.116,37.089,51.979,68.275,81.347,93.643,91.646,68.664
2572,2572,32.803,27.246,38.296,48.715,66.548,82.876,76.634,70.946,59.964,2572,2572,36.201,29.833,38.871,49.138,67.099,86.188,80.419,72.814,59.445,2572,2572,20.77,25.635,37.387,49.425,68.168,79.031,90.531,84.692,65.054
2573,2573,37.224,36.08,33.601,45.549,62.579,80.053,73.975,68.84,54.846,2573,2573,35.486,35.051,32.902,44.127,64.982,82.791,75.339,67.935,55.348,2573,2573,25.679,22.493,35.775,46.72,66.279,75.717,86.304,80.912,60.075
2574,2574,40.23,29.881,28.787,46.074,60.978,77.407,67.697,61.275,49.843,2574,2574,35.095,36.765,28.991,44.164,62.421,78.957,72,61.409,49.912,2574,2574,25.792,24.597,34,45.273,64.488,71.525,80.589,74.769,55.015
2575,2575,31.799,23.672,26.664,46.144,61.257,77.949,67.19,59.58,48.769,2575,2575,29.964,31.571,32.356,46.219,62.078,80.677,72.691,60.43,49.299,2575,2575,19.955,19.592,26.49,48.33,63.645,70.283,78.225,72.32,52.872
2576,2576,31.934,23.029,27.688,44.552,56.254,68.632,61.717,55.284,46.712,2576,2576,27.959,28.324,29.568,42.501,59.561,76.101,68.393,55.992,44.898,2576,2576,9.641,21.313,27.692,45.743,57.007,64.181,73.854,68.361,49.335
2577,2577,23.71,18.173,24.973,38.048,52.195,66.189,58.358,50.103,42.994,2577,2577,27.281,22.925,32.149,45.04,58.427,68.066,60.221,51.411,42.665,2577,2577,8.2736,18.011,32.522,44.544,56.834,58.697,67.357,62.061,45.137
2578,2578,23.423,20.297,31.084,41.203,55.781,65.304,55.852,47.949,42.445,2578,2578,24.058,25.963,28.687,42.806,54.17,66.093,58.785,49.961,41.033,2578,2578,7.8409,24.189,31.396,42.472,54.088,57.32,66.099,60.527,44.809
2579,2579,15.398,28.489,30.984,36.786,55.783,68.522,58.203,46.594,42.203,2579,2579,24.939,23.051,31.241,43.339,57.832,71.158,62.368,47.363,39.983,2579,2579,6.6909,20.268,34.019,45.083,57.277,59.51,62.727,60.721,43.719
2580,2580,19.345,29.969,31.769,39.071,51.171,67.117,57.698,47.332,40.646,2580,2580,35.333,40.513,37.629,42.773,56.802,71.469,63.135,48.756,40.766,2580,2580,19.554,23.875,34.762,47.112,59.056,59.927,64.041,61.022,43.379
2581,2581,25.79,26.979,28.026,42.19,56.293,69.54,59.269,48.894,43.167,2581,2581,42.817,32.235,31.406,43.166,55.681,69.855,61.354,50.509,41.573,2581,2581,26.333,16.386,33.286,45.183,57.168,60.759,61.94,63.411,44.988
2582,2582,26.454,27.072,32.34,40.398,51.013,66.725,57.462,46.51,40.272,2582,2582,43.609,42.645,38.418,43.88,55.539,72.964,64.172,48.623,39.985,2582,2582,26.191,25.491,32.565,44.143,56.626,61.715,61.855,60.338,43.641
2583,2583,27.235,25.721,29.05,39.266,50.463,66.262,56.564,45.728,42.982,2583,2583,38.161,38.272,27.022,40.711,53.38,67.206,58.558,48.25,40.272,2583,2583,20.615,23.486,30.808,42.379,53.56,57.839,59.608,59.506,43.333
2584,2584,28.585,29.591,31.128,38.528,51.737,60.994,49.98,44.234,40.104,2584,2584,28.778,37.019,38.49,38.965,51.801,62.245,53.664,46.377,39.209,2584,2584,13.594,21.974,30.204,40.458,53.245,55.239,57.292,56.27,41.726
2585,2585,28.064,29.295,27.797,44.112,55.733,62.054,51.684,43.412,42.772,2585,2585,28.286,40.522,36.256,41.95,54.679,62.458,53.544,44.425,39.064,2585,2585,15.257,25.448,32.225,44.101,55.89,57.029,56.274,56.504,42.339
2586,2586,32.107,27.574,29.046,42.358,54.55,61.252,50.059,42.902,40.655,2586,2586,32.237,31.686,36.667,42.198,51.14,61.668,53.465,44.975,39.032,2586,2586,17.549,19.428,29.972,43.504,56.112,52.301,57.87,55.028,41.168
2587,2587,25.875,29.685,29.143,35.231,51.54,65.908,55.792,47.041,43.295,2587,2587,37.131,36.014,37.079,41.355,50.692,67.889,60.047,49.811,40.513,2587,2587,19.567,17.835,32.401,42.401,51.681,56.64,60.851,59.714,42.807
2588,2588,26.612,31.004,33.413,36.575,52.521,64.98,54.135,44.659,40.734,2588,2588,30.844,34.999,35.651,39.729,51.106,65.264,56.896,46.803,39.211,2588,2588,13.106,20.03,32.792,40.061,52.53,58.034,62.149,57.076,42.525
2589,2589,30.275,27.226,29.098,40.631,54.215,67.667,57.516,45.795,42.586,2589,2589,33.04,38.321,35.178,39.332,51.917,67.437,58.725,49.763,41.305,2589,2589,17.918,25.739,30.128,41.737,51.116,58.73,64,59.314,43.09
2590,2590,24.931,23.271,30.472,44.31,55.123,69.413,58.97,48.654,41.974,2590,2590,35.54,33.837,37.734,42.231,54.453,70.356,62.779,52.252,43.176,2590,2590,20.637,18.62,31.256,40.602,53.713,61.458,66.345,62.093,44.646
2591,2591,29.203,26.063,30.251,42.51,55.557,69.59,58.056,46.204,43.745,2591,2591,34.324,29.373,31.233,39.488,52.542,69.845,61.192,49.512,41.818,2591,2591,19.622,19.477,31.597,41.388,53.53,60.96,64.386,62.772,44.273
2592,2592,28.77,19.271,33.92,39.753,55.355,67.918,57.078,45.97,41.763,2592,2592,37.35,34.33,35.848,40.866,51.443,65.851,57.55,49.281,41.632,2592,2592,22.135,17.627,31.275,38.809,52.504,60.732,62.206,62.134,43.873
2593,2593,25.287,29.572,31.739,42.637,54.074,64.369,54.644,46.712,43.205,2593,2593,33.798,28.859,33.303,42.573,53.246,65.337,57.216,49.773,42.221,2593,2593,19.634,20.732,31.227,43.793,53.557,60.766,60.448,60.298,43.737
2594,2594,27.342,32.247,29.591,40.118,51.311,65.486,55.062,44.787,40.973,2594,2594,24.391,33.901,24.822,39.788,51.634,66.562,58.02,46.704,39.482,2594,2594,7.5113,19.556,30.184,41.906,53.104,57.71,58.283,59.024,42.053
2595,2595,32.341,29.535,32.595,40.306,52.303,68.53,57.919,44.164,42.869,2595,2595,30.208,27.294,33.221,42.973,52.455,65.756,57.873,46.455,39.679,2595,2595,15.364,24.798,29.726,38.631,52.536,58.13,56.508,57.968,41.921
2596,2596,25.855,29.219,30.912,38.305,52.262,68.256,57.602,44.152,41.524,2596,2596,28.782,28.982,31.949,39.844,49.526,62.515,53.401,47.236,39.718,2596,2596,14.343,20.112,32.413,42.438,53.133,55.671,56.671,58.202,42.893
2597,2597,22.062,24.942,31.131,40.043,51.565,66.481,55.882,46.378,43.928,2597,2597,33.741,30.359,32.925,37.009,50.39,60.743,53.1,48.164,40.05,2597,2597,15.729,18.922,31.898,41.226,48.467,55.12,56.617,60.836,44.052
2598,2598,29.024,31.508,31.172,38.925,50.44,72.178,60.712,47.25,41.303,2598,2598,36.03,37.095,31.647,39.339,47.759,59.78,51.551,48.965,40.134,2598,2598,20.336,20.848,31.665,40.915,47.637,55.713,54.959,60.57,43.609
2599,2599,27.718,25.776,29.617,40.316,48.38,65.122,53.779,48.668,44.309,2599,2599,24.688,32.015,28.695,38.953,45.863,60.996,52.159,50.817,41.516,2599,2599,11.924,19.408,27.534,41.936,50.832,53.751,55.92,62.154,45.421
2600,2600,29.398,32.029,32.608,41.013,50.319,66.129,54.774,46.166,43.001,2600,2600,26.212,35.42,37.594,39.676,46.631,60.736,51.903,48.579,40.824,2600,2600,11.241,14.859,27.57,38.443,48.283,53.249,55.897,60.153,44.765
2601,2601,29.26,31.553,32.669,40.285,51.819,65.213,54.022,45.654,43.634,2601,2601,28.991,35.313,33.103,37.714,49.379,63.896,54.717,47.87,39.39,2601,2601,5.271,19.393,28.528,38.647,48.131,54.716,54.902,59.903,43.914
2602,2602,15.145,30.192,33.693,41.712,52.157,60.561,50.061,48.344,41.246,2602,2602,23.872,32.112,34.223,39.878,48.86,60.8,51.686,48.605,39.566,2602,2602,12.355,19.378,30.615,44.498,52.719,51.589,54.188,60.465,43.599
2603,2603,25.536,29.235,27.919,38.561,52.383,64.344,52.236,48.466,46.726,2603,2603,24.494,35.951,36.846,40.545,53.198,59.911,50.733,49.623,42.9,2603,2603,8.5843,16.376,32.256,41.979,53.522,55.6,55,60.638,46.542
2604,2604,30.74,24.083,31.121,38.694,55.432,65.015,52.869,50.08,45.916,2604,2604,33.781,27.77,35.276,40.658,52.746,62.758,52.044,53.961,45.407,2604,2604,9.983,18.092,26.613,37.985,51.984,55.377,56.806,64.68,50.612
2605,2605,31.16,30.817,36.148,40.658,53.298,66.505,55.541,52.178,45.669,2605,2605,34.028,35.586,35.728,40.817,51.224,65.802,57.762,53.872,42.821,2605,2605,15.444,22.772,28.308,43.968,54.329,59.064,60.568,65.227,48.934
2606,2606,30.628,30.994,31.016,40.304,58.983,65.374,54.982,50.759,43.487,2606,2606,31.038,37.203,36.049,42.289,53.401,66.44,57.009,50.778,41.838,2606,2606,11.929,24.227,32.95,39.411,54.849,58.612,62.679,63.565,46.706
2607,2607,32.612,20.518,34.138,42.679,59.333,70.12,60.332,51.532,45.343,2607,2607,42.514,39.047,31.127,43.334,56.635,75.481,65.89,53.668,43.802,2607,2607,26.249,23.222,26.042,46.081,57.16,59.709,65.287,63.673,47.063
2608,2608,30.071,24.714,32.942,40.128,55.001,70.044,59.471,53.211,45.553,2608,2608,38.99,32.903,34.457,42.093,53.881,74.083,65.49,54.067,44.454,2608,2608,23.308,21.272,30.202,45.649,57.964,61.95,66.231,65.694,50.287
2609,2609,31.726,32.99,34.464,45.813,62.452,77.329,66.533,52.969,47.126,2609,2609,41.855,40.825,37.607,44.46,61.516,79.592,71.68,54.451,45.024,2609,2609,26.294,26.053,32.652,49.774,62.437,67.135,68.295,65.958,48.985
2610,2610,33.326,29.313,31.167,49.052,63.597,78.141,68.923,55.176,46.657,2610,2610,38.981,39.652,35.343,45.419,64.143,77.331,67.999,56.322,46.224,2610,2610,24.296,23.688,32.436,49.485,65.702,70.731,68.959,65.501,48.551
2611,2611,32.962,38.715,34.074,49.954,65.494,79.984,69.499,54.018,47.248,2611,2611,38.802,39.906,33.107,47.798,65.045,80.008,72.72,55.801,45.82,2611,2611,16.024,20.312,33.885,51.51,66.616,71.915,70.226,66.418,48.587
2612,2612,38.493,34.204,32.727,55.599,68.52,85.15,73.381,53.483,46.704,2612,2612,42.25,41.832,34.033,47.345,63.391,82.562,73.875,55.535,45.759,2612,2612,22.748,24.974,32.945,50.022,63.54,72.562,74.405,67.243,49.755
2613,2613,37.206,34.756,35.351,59.42,72.059,88.62,76.636,55.265,47.948,2613,2613,36.613,38.3,31.249,50.208,68.248,82.83,73.136,56.193,46.266,2613,2613,23.057,24.784,33.324,56.645,69.896,77.507,75.925,66.808,49.987
2614,2614,31.931,24.539,32.301,57.385,72.099,89.926,77.579,59.348,49.038,2614,2614,41.075,32.549,34.953,50.757,66.381,86.025,76.323,59.24,46.95,2614,2614,26.242,21.024,34.075,53.353,69.734,80.044,77.244,70.067,52.025
2615,2615,26.262,26.235,37.882,59.969,74.131,91.469,79.144,62.684,51.783,2615,2615,35.744,38.472,41.014,52.714,71.566,89.327,80.523,63.068,50.579,2615,2615,22.41,23.643,35.339,52.87,72.179,82.358,82.617,74.66,55.781
2616,2616,25.729,31.147,34.786,61.414,75.112,93.354,81.6,68.385,57.884,2616,2616,36.509,40.556,36.162,54.548,71.168,89.615,79.784,68.384,56.277,2616,2616,23.206,26.681,38.495,53.333,73.474,82.501,84.814,78.827,63.223
2617,2617,28.645,26.237,31.583,61,72.926,93.867,81.631,75.49,63.66,2617,2617,33.121,32.545,35.541,55.303,71.003,95.383,85.841,76.775,61.678,2617,2617,18.043,19.653,39.608,53.576,68.867,85.174,91.284,92.382,69.301
2618,2618,35.008,26.806,33.912,56.894,73.964,91.084,85.834,82.311,66.872,2618,2618,18.912,35.379,35.946,53.551,71.035,88.784,85.309,82.145,64.874,2618,2618,13.924,18.094,39.477,57.112,75.558,89.731,95.772,95.188,73.096
2619,2619,29.318,36.499,35.68,52.898,75.229,91.505,85.753,84.241,68.296,2619,2619,26.976,25.384,37.305,47.541,69.174,91.507,86.788,83.294,65.123,2619,2619,13.275,20.398,43.205,54.514,74.316,90.873,96.645,95.575,74.338
2620,2620,29.779,35.543,41.1,54.167,75.74,90.15,85.151,83.574,68.658,2620,2620,28.784,31.537,34.328,49.353,67.938,88.352,85.73,83.875,66.781,2620,2620,16.601,19.344,41.593,56.541,75.961,88.254,95.656,97.587,75.759
2621,2621,33.391,27.433,30.987,51.854,74.343,89.441,83.032,82.25,66.571,2621,2621,29.92,30.515,36.356,47.71,67.943,85.227,83.662,80.02,64.26,2621,2621,21.201,30.069,41.827,56.411,76.13,85.361,94.596,95.382,74.343
2622,2622,26.711,31.67,33.809,49.509,68.95,86.782,79.27,75.455,61.626,2622,2622,32.401,36.225,36.542,45.266,65.95,84.947,80.255,76.709,60.863,2622,2622,20.594,26.262,37.378,48.478,71.403,80.242,92.373,90.658,69.736
2623,2623,29.15,28.177,36.202,44.351,63.494,82.261,75.398,70.537,59.918,2623,2623,34.09,31.414,30.073,43.536,64.167,82.699,76.973,71.383,59.135,2623,2623,17.272,27.3,36.158,45.464,66.04,76.931,87.996,83.303,62.78
2624,2624,24.531,26.152,30.278,43.858,64.511,85.168,74.783,67.296,56.082,2624,2624,36.244,25.085,32.995,49.879,67.916,84.004,77.922,67.448,56.041,2624,2624,18.961,23.657,36.533,45.918,67.496,76.254,84.879,80.626,61.201
2625,2625,34.564,27.923,28.502,42.617,61.771,81.288,71.996,68.204,57.28,2625,2625,33.785,34.307,36.527,44.977,64.883,88.663,82.407,69.924,57.212,2625,2625,9.7649,20.308,38.176,47.052,64.218,78.911,83.506,81.349,64.774
2626,2626,37.016,30.519,33.37,41.37,61.834,77.324,69.745,72.208,63.136,2626,2626,38.295,32.159,31.539,43.217,60.253,83.355,80.072,71.652,61.036,2626,2626,15.356,23.632,40.372,45.902,60.088,78.354,81.143,83.041,67.574
2627,2627,34.761,31.886,29.543,43.574,63.741,84.884,75.667,88.858,76.056,2627,2627,37.178,35.944,39.602,47.317,65.269,91.459,82.791,82.115,71.657,2627,2627,15.644,22.197,34.967,44.176,64.825,77.056,85.641,92.313,76.74
2628,2628,27.571,33.317,35.414,44.491,60.135,80.813,76.194,90.796,78.053,2628,2628,30.882,33.411,39.751,47.917,62.018,85.994,78.828,84.311,72.85,2628,2628,14.285,26.312,37.971,43.142,61.636,75.067,89.644,95.457,79.988
2629,2629,20.996,32.515,35.843,41.719,60.156,80.541,73.885,83.911,71.094,2629,2629,27.126,36.123,40.089,51.842,59.745,78.551,75.047,80.786,68.974,2629,2629,13.949,18.912,31.689,43.494,59.267,71.581,84.413,94.874,77.656
2630,2630,29.983,33.042,34.448,42.431,67.018,90.334,80.371,77.468,63.394,2630,2630,36.031,37.702,33.927,47.208,61.592,88.913,85.643,74.59,61.337,2630,2630,12.885,15.257,28.765,47.245,61.662,81.31,89.678,91.141,73.063
2631,2631,31.372,28.616,29.021,46.244,64.626,82.921,73.246,68.106,54.951,2631,2631,37.036,33.279,38.621,53.612,65.674,83.638,76.858,65.314,52.516,2631,2631,14.562,22.799,34.205,46.53,66.023,77.815,85.915,78.35,58.38
2632,2632,24.477,33.185,32.461,42.866,54.209,66.502,56.814,53.62,50.85,2632,2632,26.079,37.708,38.849,44.617,58.215,69.739,62.151,53.973,47.28,2632,2632,8.6696,19.834,33.4,45.458,60.489,61.9,64.694,67.177,51.2
2633,2633,26.549,27.658,30.397,43.206,51.363,65.933,55.898,49.178,51.827,2633,2633,31.123,36.555,29.056,39.058,50.73,66.56,57.821,50.821,46.952,2633,2633,10.243,21.969,31.641,42.541,53.085,56.698,62.227,61.515,50.817
2634,2634,22.503,30.062,31.813,43.077,50.241,62.344,51.695,48.032,51.97,2634,2634,29.032,32.34,30.355,38.458,48.109,61.472,53.209,49.552,47.377,2634,2634,11.379,15.768,28.491,41.429,52.343,55.157,57.34,59.229,50.684
2635,2635,18.833,29.817,34.703,43.713,51.175,59.767,49.795,48.019,53.176,2635,2635,25.89,30.718,28.854,41.67,49.241,60.163,51.737,48.648,48.014,2635,2635,1.3939,22.19,27.26,41.128,48.002,52.027,56.209,57.192,51.341
2636,2636,27.609,23.083,31.473,39.644,48.455,59.847,48.333,48.63,51.827,2636,2636,29.027,26.052,29.334,39.934,49.799,57.365,49.686,51.097,47.663,2636,2636,6.203,24.55,34.324,38.478,47.261,51.758,57.397,60.575,51.362
2637,2637,24.517,20.065,34.876,40.754,52.872,68.166,56.878,49.27,50.067,2637,2637,24.8,22.626,33.152,38.055,51.047,65.448,56.114,51.832,47.276,2637,2637,5.0618,26.026,32.64,38.357,48.852,56.633,61.309,60.15,49.888
2638,2638,14.95,22.237,29.526,38.846,50.454,68.42,57.079,49.138,51.275,2638,2638,19.387,18.541,31.432,37.301,49.476,66.729,58.463,50.649,47.079,2638,2638,-2.1114,22.648,31.347,38.96,51.771,56.103,62.852,60.765,50.486
2639,2639,21.816,27.556,31.339,41.197,53.886,70.014,58.755,49.714,52.734,2639,2639,24.52,19.129,28.77,38.189,51.338,66.43,59.31,51.658,47.783,2639,2639,11.288,11.104,30.327,40.505,55.555,59.646,64.826,64.39,52.091
2640,2640,21.811,17.463,32.822,39.999,53.715,73.215,62.214,50.555,50.866,2640,2640,32.498,35.094,30.855,37.896,53.276,69.314,61.437,52.397,47.646,2640,2640,16.271,24.637,28.308,39.954,55.431,61.293,64.295,64.186,50.717
2641,2641,25.68,26.018,28.845,40.112,54.438,67.64,56.056,49.603,49.797,2641,2641,34.31,33.931,28.743,38.779,52.489,68.884,60.436,52.638,47.217,2641,2641,15.911,22.505,34.778,38.845,54.688,59.628,62.752,63.503,50.244
2642,2642,27.82,27.018,31.858,40.527,58.39,76.936,68.84,65.831,55.858,2642,2642,34.633,35.316,29.587,43.525,60.78,85.083,76.719,61.23,51.927,2642,2642,13.999,25.834,28.565,45.817,59.672,73.954,78.348,74.762,58.464
2643,2643,29.727,29.701,31.036,45.501,66.027,88.513,77.907,74.008,58.552,2643,2643,41.049,35.866,40.402,52.187,64.645,85.163,79.976,71.212,57.433,2643,2643,22.449,28.694,34.545,44.618,64.642,82.816,87.772,83.254,63.595
2644,2644,33.602,33.884,33.837,40.343,58.22,80.319,77.662,87.929,74.931,2644,2644,41.286,30.185,33.942,43.981,56.917,78.536,78.342,82.432,70.902,2644,2644,21.871,25.163,35.255,43.676,57.643,73.387,92.471,94.687,75.524
2645,2645,34.996,35.864,34.146,40.014,58.25,78.012,74.77,90.646,76.862,2645,2645,33.277,37.249,34.432,41.649,57.921,76.951,76.774,84.506,71.909,2645,2645,10.539,17.873,30.23,44.095,57.275,72.192,87.318,94.512,78.229
2646,2646,31.269,34.35,35.409,41.442,59.184,79.969,72.96,82.292,70.389,2646,2646,23.5,35.809,35.972,43.639,58.256,79.147,75.345,80.16,69.26,2646,2646,10.48,20.509,34.024,38.764,59.234,71.187,85.141,92.12,76.119
2647,2647,27.707,32.397,33.469,40.545,61.392,86.068,77.073,89.488,76.418,2647,2647,25.32,35.724,30.81,45.124,58.072,81.591,77.767,83.811,72.842,2647,2647,9.6318,21.303,32.42,44.382,59.101,74.667,88.562,94.47,78.183
2648,2648,28.751,37.492,25.593,46.364,69.058,89.276,79.423,83.723,69.882,2648,2648,31.94,31.197,36.222,44.267,62.302,87.873,79.383,82.418,69.009,2648,2648,19.218,24.267,32.758,40.839,61.504,79.812,82.864,92.497,75.371
2649,2649,29.687,38.815,35.062,51.08,71.988,87.817,76.191,67.743,57.392,2649,2649,30.419,36.154,37.568,52.754,67.003,88.038,76.901,66.938,55.222,2649,2649,18.896,27.973,32.494,47.199,67.488,79.238,77.828,75.647,62.366
2650,2650,29.099,34.28,38.687,54.387,74.487,87.193,77.925,67.999,57.259,2650,2650,34.178,36.499,31.953,50.84,72.646,86.775,78.84,68,55.218,2650,2650,17.699,21.698,30.794,50.978,73.137,78.522,79.938,77.425,60.268
2651,2651,32.2,36.272,38.463,53.479,74.84,88.77,78.212,63.985,53.883,2651,2651,35.954,37.774,32.252,51.074,71.877,91.543,81.412,64.274,51.598,2651,2651,14.071,22.917,34.701,49.946,72.931,83.142,80.448,74.052,56.464
2652,2652,30.126,27.658,34.04,56.549,76.146,89.4,79.171,65.576,54.062,2652,2652,27.242,30.17,35.114,51.172,75.493,92.834,83.215,67.191,52.79,2652,2652,2.9418,21.128,29.567,53.035,76.423,83.973,81.742,75.538,58.948
2653,2653,32.203,31.512,33.943,56.018,74.206,89.281,79.109,65.327,54.741,2653,2653,29.515,30.932,42.033,55.867,71.308,94.018,83.751,66.143,53.151,2653,2653,14.15,24.2,37.585,53.826,72.878,83.111,80.514,72.271,57.279
2654,2654,26.955,36.055,38.489,63.302,75.16,90.205,78.887,58.167,49.941,2654,2654,38.696,36.949,33.243,53.727,74.945,90.259,80.354,57.891,47.855,2654,2654,22.685,20.672,33.746,59.778,76.193,81.908,78.581,68.45,53.631
2655,2655,30.455,31.571,33.238,57.428,74.127,87.269,75.998,53.625,48.442,2655,2655,40.315,37.867,35.02,50.608,71.472,91.505,80.124,55.51,46.071,2655,2655,23.57,26.489,36.092,55.276,73.81,80.878,76.663,64.123,50.119
2656,2656,34.818,33.569,36.818,56.092,68.866,83.813,71.987,51.429,47.824,2656,2656,39.169,35.795,31.447,49.443,65.909,87.765,76.412,51.917,44.857,2656,2656,22.755,24.988,32.504,57.458,67.729,78.52,73.711,62.822,48.626
2657,2657,28.753,28.953,36.016,61.209,73.013,90.907,78.663,56.315,49.548,2657,2657,33.152,28.078,37.795,53.266,68.434,85.025,75.198,55.996,47.071,2657,2657,20.183,13.478,32.946,55.222,70.715,76.8,75.209,66.123,51.277
2658,2658,28.847,29.51,38.301,60.02,70.977,91.744,79.157,60.681,51.221,2658,2658,32.356,29.536,37.919,54.102,70.65,90.366,79.637,60.134,49.639,2658,2658,17.617,17.086,31.106,53.235,70.678,81.668,79.832,69.189,52.709
2659,2659,34.214,35.06,36.401,61.762,72.853,90.468,78.166,69.711,57.221,2659,2659,30.41,26.375,33.132,53.704,71.417,90.963,80.345,68.573,56.965,2659,2659,17.852,20.817,33.936,56.488,70.889,82.856,81.593,76.269,59.377
2660,2660,34.534,25.916,36.179,58.97,74.736,94.893,84.107,89.745,79.788,2660,2660,30.596,23.263,36.773,53.935,74.808,94.503,85.57,87.913,77.772,2660,2660,14.53,17.404,33.877,54.44,75.339,87.465,92.701,96.457,80.648
2661,2661,31.325,29.274,39.891,66.872,76.687,95.09,84.09,87.035,75.724,2661,2661,33.937,30.757,35.074,55.649,70.167,90.636,84.089,85.437,74.693,2661,2661,13.319,21.199,36.174,61.417,77.162,86.239,93.174,96.13,79.863
2662,2662,25.549,31.347,40.633,61.944,75.177,93.692,83.077,80.466,66.143,2662,2662,34.516,34.814,34.953,57.988,75.271,91.424,84.584,82.847,64.837,2662,2662,6.0789,25.303,36.15,57.957,76.312,87.611,93.269,96.53,72.376
2663,2663,30.116,32.243,43.092,51.055,75.086,91.282,85.817,84.419,69.22,2663,2663,22.469,34.76,37.469,53.106,69.799,91.774,86.639,84.01,67.234,2663,2663,13.619,28.389,36.823,58.188,76.577,89.952,95.917,96.951,76.309
2664,2664,37.419,32.204,37.147,54.754,75.62,93.257,85.922,84.319,70.091,2664,2664,26.343,27.805,37.341,49.654,70.157,92.327,87.386,85.238,68.241,2664,2664,22.46,29.535,39.035,55.987,74.816,90.538,96.193,98.036,77.399
2665,2665,32.598,37.376,34.578,54.387,76.485,91.889,86.07,84.541,70.703,2665,2665,31.729,30.681,36.695,51.186,69.353,91.95,86.182,83.644,69.136,2665,2665,17.805,31.759,41.543,56.385,76.642,90.799,95.827,97.19,76.993
2666,2666,37.187,35.701,37.89,52.589,71.318,86.892,78.57,79.787,67.711,2666,2666,34.251,33.701,37.627,52.405,70.196,91.768,83.32,80.098,66.332,2666,2666,20.597,23.087,38.402,49.726,71.497,81.182,91.86,95.253,73.564
2667,2667,34.623,35.492,32.007,49.82,66.851,83.571,74.611,72.393,61.266,2667,2667,33.218,35.249,37.303,47.428,66.576,84.758,76.232,73.39,60.297,2667,2667,23.756,28.202,38.718,50.238,69.545,77.094,86.047,87.872,67.343
2668,2668,36.512,30.755,30.652,48.214,67.684,84.558,75.516,67.148,55.467,2668,2668,35.664,22.35,29.337,49.435,67.929,84.671,77.427,67.8,56.252,2668,2668,24.685,19.062,36.707,54.63,68.855,76.335,83.67,79.481,61.322
2669,2669,30.243,29.324,33.719,48.687,68.105,87.118,75.841,68.831,57.925,2669,2669,25.563,24.565,28.371,44.299,64.592,86.502,77.257,70.623,57.535,2669,2669,15.519,19.16,32.532,53.676,68.607,78.497,81.995,81.106,62.175
2670,2670,25.838,30.395,36.665,47.382,69.705,80.612,69.999,65.496,54.451,2670,2670,18.168,29.71,34.99,46.92,66.758,82.604,73.947,65.176,52.692,2670,2670,8.3249,24.367,32.321,51.91,71.694,73.839,78.544,75.94,58.091
2671,2671,29.805,29.361,27.356,45.889,61.518,78.319,66.8,59.704,49.422,2671,2671,29.675,29.093,34.965,48.27,64.545,81.759,70.705,58.807,47.816,2671,2671,8.0803,20.402,33.738,52.22,66.774,69.913,73.398,70.291,51.282
2672,2672,20.21,26.582,32.283,45.721,62.94,71.718,60.901,55.599,46.691,2672,2672,29.025,20.216,29.978,45.493,64.528,77.659,67.723,55.617,45.512,2672,2672,5.6749,19.528,31.705,49.791,66.002,67.48,69.614,66.303,48.651
2673,2673,24.995,25.395,32.971,45.437,59.051,69.729,59.673,52.615,45.294,2673,2673,27.012,29.115,30.91,47.529,63.879,75.929,67.135,54.636,44.936,2673,2673,11.479,22.525,36.55,48.155,64.812,66.351,65.728,65.73,49.512
2674,2674,24.092,31.067,32.881,44.364,56.708,68.688,58.706,50.418,43.954,2674,2674,26.54,32.253,33.623,42.935,61.189,75.008,65.545,52.507,43.964,2674,2674,11.094,23.901,32.231,48.673,60.763,62.044,63.593,63.615,46.848
2675,2675,32.762,33.191,31.229,42.875,55.888,71.282,60.558,49.725,44.481,2675,2675,21.473,29.696,32.895,44.581,61.338,73.567,63.199,49.745,41.665,2675,2675,18.083,22.339,28.275,47.606,63.019,63.193,62.711,62.483,45.035
2676,2676,29.315,22.527,30.309,42.487,56.986,72.43,60.323,46.87,42.314,2676,2676,20.246,23.587,34.708,45.864,59.393,67.021,58.468,48.289,41.129,2676,2676,14.93,18.244,31.825,45.287,59.61,59.619,61.335,58.229,43.995
2677,2677,19.512,26.895,28.404,42.004,53.165,63.345,52.395,47.428,43.953,2677,2677,23.772,26.583,31.377,41.258,54.471,60.505,53.695,50.474,42.071,2677,2677,10.758,22.216,32.198,46.7,60.659,55.745,59.905,60.029,44.68
2678,2678,26.284,25.302,30.789,42.566,52.68,70.595,58.863,48.443,43.383,2678,2678,27.519,24.566,30.584,43.385,54.241,69.963,60.396,51.395,43.179,2678,2678,8.7677,20.675,33.627,44.72,56.269,58.275,62.912,61.612,45.237
2679,2679,22.092,12.996,33.092,42.265,55.298,70.747,58.009,48.55,44.26,2679,2679,25.373,25.787,29.593,42.231,58.763,68.277,59.557,52.285,43.685,2679,2679,-4.5397,16.789,29.165,45.073,57.792,58.055,64.045,61.504,45.297
2680,2680,16.498,25.89,31.193,45.49,56.711,69.42,58.498,50.337,43.386,2680,2680,20.828,31,32.915,42.851,57.02,69.555,60.991,52.788,43.436,2680,2680,-3.8006,24.317,28.916,42.935,59.517,58.252,66.06,65.395,46.879
2681,2681,23.292,28.871,33.253,43.061,55.375,70.516,60.241,51.779,44.746,2681,2681,28.266,38.772,34.086,40.816,55.4,73.768,64.912,53.553,43.888,2681,2681,10.029,19.27,33.833,42.362,57.022,63.966,65.422,66.553,47.162
2682,2682,29.57,37.591,33.868,45.457,57.329,68.744,57.723,57.608,48.117,2682,2682,26.369,38.942,37.139,38.939,54.744,69.481,61.804,58.614,48.619,2682,2682,16.425,25.272,37.488,43.181,54.704,60.418,65.936,69.519,52.449
2683,2683,34.387,31.762,30.121,40.068,54.043,69.723,58.986,48.939,44.395,2683,2683,30.63,39.623,31.416,43.365,52.219,65.272,56.931,51.134,42.649,2683,2683,20.593,24.195,33.434,44.601,55.223,61.834,62.564,62.507,45.756
2684,2684,31.446,31.572,31.5,44.146,53.833,71.292,59.989,47.456,42.511,2684,2684,34.754,35.227,36.94,44.867,53.655,66.184,58.238,50.039,42.465,2684,2684,12.775,23.812,34.619,46.288,55.714,57.759,60.065,59.764,45.763
2685,2685,31.682,28.297,30.515,37.682,52.295,70.299,59.095,52.154,46.948,2685,2685,36.298,32.818,29.982,42.322,53.019,66.759,58.516,51.47,43.907,2685,2685,15.863,21.68,34.17,44.718,49.398,55.556,58.355,62.366,51.65
2686,2686,19.956,20.802,32.773,42.235,50.083,64.497,53.93,57.008,48.724,2686,2686,22.353,30.568,32.099,41.449,49.506,62.822,55.33,53.463,45.702,2686,2686,7.2306,21.721,33.835,40.574,50.092,54.836,57.325,60.914,52.034
2687,2687,13.109,24.626,29.471,43.039,50.049,65.637,54.973,52.481,45.847,2687,2687,23.241,28.324,33.187,38.277,48.944,62.996,55.487,48.271,40.94,2687,2687,7.5365,26.979,31.193,42.977,49.491,53.467,55.429,58.76,47.954
2688,2688,16.454,28.095,31.69,40.401,50.584,62.714,52.921,51.005,43.961,2688,2688,19.726,30.218,34.371,41.895,49.246,61.259,53.662,49.292,40.976,2688,2688,7.8002,21.511,30.237,41.896,49.445,52.425,53.667,58.911,48.64
2689,2689,30.045,23.753,33.849,38.188,49.04,60.179,48.186,44.753,43.264,2689,2689,28.145,31.388,31.378,37.999,51.09,55.588,46.672,44.606,39.122,2689,2689,3.5958,22.174,31.143,43.954,52.049,50.397,50.411,56.456,43.139
2690,2690,33.444,29.268,31.317,42.93,48.356,57.88,47.308,46.033,41.479,2690,2690,31.825,40.388,31.758,41.495,48.73,60.908,52.506,45.621,39.417,2690,2690,16.89,27.859,32.855,46.697,49.382,52.118,52.324,55.958,42.781
2691,2691,27.426,30.159,29.369,40.653,47.239,56.198,46.573,42.88,43.085,2691,2691,37.369,29.36,36.089,39.456,46.709,59.452,51.251,42.913,38.957,2691,2691,21.25,23.179,31.789,36.668,46.458,48.269,50.521,53.399,41.654
2692,2692,32.521,27.792,27.681,42.834,46.515,56.663,45.849,62.31,55.181,2692,2692,31.666,29.083,33.976,40.349,44.952,58.137,50.228,58.176,52.547,2692,2692,15.107,19.141,34.996,40.354,47.312,49.75,51.71,70.95,63.938
2693,2693,27.733,29.048,32.171,41.503,46.358,57.182,46.707,52.168,46.689,2693,2693,24.876,30.961,32.664,38.364,45.4,56.597,48.385,52.804,45.408,2693,2693,5.2733,23.984,33.47,41.18,47.414,48.69,50.621,61.543,51.533
2694,2694,27.327,24.831,30.63,37.825,44.188,58.318,47.195,59.727,52.256,2694,2694,31.131,30.18,34.682,39.729,44.48,57.206,49.234,54.884,47.617,2694,2694,10.608,15.568,32.639,41.338,46.693,49.106,48.472,63.946,55.625
2695,2695,25.897,31.681,36.504,38.187,47.09,54.428,44.685,56.492,50.409,2695,2695,31.558,28.885,32.206,36.259,45.419,58.115,50.482,58.748,49.482,2695,2695,11.275,17.516,31.522,40.417,44.699,47.766,49.209,62.756,58.137
2696,2696,33.542,28.006,31.669,41.818,47.296,55.933,46.886,34.755,39.464,2696,2696,36.727,30.487,30.047,40.619,45.688,58.25,50.093,35.027,37.421,2696,2696,17.846,21.072,33.839,41.039,46.24,48.961,47.996,45.428,39.029
2697,2697,30.775,27.937,32.742,44.895,47.799,55.798,45.711,35.377,43.182,2697,2697,34.064,31.542,34.691,42.952,47.852,58.218,49.24,33.851,37.643,2697,2697,16.705,20.758,33.979,40.631,44.932,46.654,46.491,44.105,38.498
2698,2698,26.739,25.898,32.222,39.014,45.906,54.244,43.794,33.613,40.285,2698,2698,31.651,31.378,31.937,39.615,45.489,58.113,50.206,34.699,37.714,2698,2698,9.3712,21.914,34.215,37.293,43.831,48.417,45.607,41.769,39.06
2699,2699,27.252,27.483,31.994,41.77,49.179,54.129,42.705,35.13,42.496,2699,2699,31.16,32.121,29.705,37.282,48.793,63.16,54.49,34.354,36.806,2699,2699,10.997,22.023,28.837,39.769,44.256,51.043,47.508,42.472,38.576
2700,2700,25.657,30.692,23.233,38.317,46.342,53.576,43.441,35.488,40.854,2700,2700,31.061,30.955,38.015,41.808,48.805,58.792,51.348,40.709,37.343,2700,2700,10.205,19.37,33.069,39.004,46.821,48.485,48.684,42.279,38.495
2701,2701,20.527,17.619,31.412,39.669,47.549,55.284,44.007,38.072,42.808,2701,2701,26.499,26.299,31.632,38.191,45.534,60.484,51.834,38.158,37.554,2701,2701,7.8129,27.112,31.194,39.415,46.053,49.241,50.393,47.354,40.406
2702,2702,19.597,28.719,32.358,38.254,49.653,54.776,44.252,36.27,39.495,2702,2702,23.062,32.991,32.045,37.196,46.762,59.166,51.165,34.967,36.795,2702,2702,7.1445,25.699,35.178,39.037,45.48,47.585,49.889,45.944,38.448
2703,2703,28.07,16.896,31.137,40.156,47.505,56.434,45.405,35.671,42.388,2703,2703,31.893,29.268,32.407,37.864,46.601,57.672,48.864,34.857,36.797,2703,2703,12.962,24.17,36.001,38.819,46.003,46.586,48.97,45.93,38.41
2704,2704,26.119,26.768,29.358,37.755,49.048,56.76,45.461,35.552,39.596,2704,2704,28.007,29.188,29.32,41.158,46.643,59.543,51.866,35.955,36.735,2704,2704,9.5448,20.352,34.16,41.169,45.513,48.452,49.022,46.413,39.073
2705,2705,25.842,20.253,30.187,40.829,49.39,56.816,45.09,36.699,42.74,2705,2705,30.271,38.638,32.855,38.607,47.083,58.68,50.879,35.066,36.993,2705,2705,14.883,26.167,29.722,41.549,49.415,50.335,48.976,46.354,38.784
2706,2706,29.13,28.632,30.266,38.584,48.465,57.505,46.601,35.223,38.94,2706,2706,37.146,35.49,32.386,38.034,47.49,59.499,51.566,35.288,37.254,2706,2706,22.108,25.57,35.171,40.484,44.91,48.466,48.488,45.92,38.825
2707,2707,32.141,31.301,32.246,38.887,49.699,55.831,45.003,36.496,39.692,2707,2707,36.67,39.623,30.251,40.65,49.611,61.092,52.6,37.096,37.09,2707,2707,23.241,25.599,25.97,38.133,50.242,50.165,48.162,46.287,39.299
2708,2708,31.511,28.627,32.15,39.953,49.866,56.782,46.967,37.219,42.447,2708,2708,36.334,33.941,33.142,39.97,48.81,57.289,49.142,36.084,36.645,2708,2708,22.298,20.249,27.43,40.542,52.146,47.693,49.392,46.292,39.713
2709,2709,26.419,30.193,30.969,36.213,49.117,56.456,46.813,51.891,47.374,2709,2709,32.17,37.774,31.416,41.417,48.127,57.951,50.677,53.042,46.18,2709,2709,16.902,20.652,27.73,38.629,49.28,50.082,52.163,61.872,54.011
2710,2710,28.572,29.267,32.201,40.981,52.033,59.037,47.567,51.336,46.121,2710,2710,33.584,29.009,34.501,39.647,49.136,62.324,53.942,51.394,42.814,2710,2710,17.532,23.952,33.625,41.782,49.461,49.094,54.138,62.149,50.602
2711,2711,24.832,34.115,31.842,39.628,50.284,58.298,47.417,59.026,51.58,2711,2711,33.971,35.329,32.493,41.53,51.116,62.331,53.32,59.205,51.147,2711,2711,12.596,25.219,35.365,41.715,48.134,51.18,53.066,59.661,53.355
2712,2712,27.834,28.09,33.901,40.281,48.991,59.242,48.416,48.58,44.796,2712,2712,31.709,36.807,36.138,43.732,49.06,62.687,54.202,49.993,42.427,2712,2712,14.336,20.934,34.649,44.113,50.447,51.411,53.134,58.089,47.951
2713,2713,29.202,19.526,34.653,40.392,51.894,58.739,46.711,47.066,42.476,2713,2713,31.45,34.735,29.775,41.809,49.14,62.009,53.498,47.132,40.704,2713,2713,11.784,21.892,37.944,41.333,52.207,50.862,51.764,57.413,45.684
2714,2714,21.307,29.49,29.954,40.259,54.128,58.807,47.482,50.103,46.203,2714,2714,29.674,34.453,36.282,42.354,50.866,59.278,50.709,53.096,46.778,2714,2714,6.1458,22.449,36.266,43.658,52.818,50.885,53.72,60.848,51.104
2715,2715,23.099,27.592,33.351,40.164,51.834,58.549,49.164,40.998,40.874,2715,2715,26.302,30.563,34.856,41.009,50.889,60.983,52.614,42.156,38.082,2715,2715,4.6648,13.553,30.018,41.551,49.751,51.6,53.12,52.781,40.461
2716,2716,25.553,33.577,31.338,39.209,52.248,58.874,49.434,41.201,43.541,2716,2716,29.826,38.386,30.849,39.413,53.982,62.04,53.646,42.585,38.873,2716,2716,9.0943,16.76,32.428,41.041,49.6,51.979,54.009,53.323,41.925
2717,2717,29.488,28.616,31.251,39.101,51.908,61.288,49.878,41.885,42.042,2717,2717,33.749,34.682,29.982,41.169,52.124,63.839,55.56,42.515,38.562,2717,2717,9.4071,18.773,31.199,40.909,51.288,52.562,54.343,52.998,41.966
2718,2718,24.498,30.845,28.799,40.713,51.274,60.136,48.469,41.567,43.808,2718,2718,36.363,37.417,37.105,40.049,54.369,60.302,51.061,43.16,39.602,2718,2718,18.812,22.641,35.194,40.344,53.099,51.4,54.089,53.386,42.394
2719,2719,30.547,25.721,32.041,42.391,52.832,62.893,51.268,43.82,40.99,2719,2719,40.174,37.842,30.188,42.758,55.713,60.222,51.408,46.166,39.237,2719,2719,24.696,28.01,35.999,41.74,56.919,51.84,52.588,58.147,43.99
2720,2720,28.75,26.607,34.038,39.317,50.511,61.991,50.199,42.283,43.509,2720,2720,30.434,34.293,33.929,40.821,51.654,62.693,53.556,43.915,39.43,2720,2720,16.847,23.555,36.258,40.976,51.296,53.704,53.893,55.551,42.843
2721,2721,30.367,31.513,29.451,37.81,51.776,60.461,49.731,41.255,41.157,2721,2721,32.026,33.2,29.973,37.042,52.266,63.291,54.631,41.841,38.568,2721,2721,14.13,23.842,35.801,40.592,52.04,55.103,54.984,52.446,41.735
2722,2722,27.839,27.397,33.904,40.711,53.14,62.228,51.53,40.726,43.683,2722,2722,34.213,35.356,38.474,40.472,52.756,60.867,52.883,42.175,39.248,2722,2722,17.368,26.323,40.245,42.508,53.179,54.035,53.178,52.805,41.087
2723,2723,33.338,36.363,29.81,44.894,52.781,66.265,55.331,43.339,43.294,2723,2723,33.857,40.685,40.814,39.024,51.438,65.336,55.614,42.526,39.37,2723,2723,21.285,28.752,34.395,41.951,54.709,57.203,53.546,53.142,42.915
2724,2724,33.568,27.94,35.576,44.953,54.437,67.701,56.253,66.229,59.536,2724,2724,43.073,36.096,38.885,41.552,51.701,66.958,56.905,66.841,59.035,2724,2724,27.694,23.362,39.85,42.685,54.565,58.159,60.565,70.622,61.149
2725,2725,25.985,28.2,33.82,41.55,51.8,63.373,52.5,43.808,42.865,2725,2725,43.363,34.346,33.244,39.42,48.755,62.977,54.529,45.138,40.22,2725,2725,27.488,21.535,35.395,40.71,51.298,55.641,55.568,57.788,47.165
2726,2726,25.741,28.159,32.638,42.507,53.633,61.473,50.822,40.863,44.13,2726,2726,36.606,33.414,36.197,41.999,54.461,65.239,55.531,41.113,40.209,2726,2726,20.275,15.43,36.428,44.432,59.649,60.042,55.138,51.607,42.686
2727,2727,26.227,24.364,28.704,41.44,56.826,69.035,57.538,40.209,43.028,2727,2727,29.537,38.806,34.244,39.533,53.241,66.302,58.185,40.626,39.728,2727,2727,15.362,24.877,30.969,42.647,57.17,59.327,55.495,51.901,42.645
2728,2728,16.965,19.634,30.91,39.091,55.361,68.382,56.731,39.643,44.972,2728,2728,29.167,33.681,34.661,38.331,53.078,66.443,57.342,40.389,40.214,2728,2728,10.316,19.474,32.193,41.545,57.911,57.445,52.863,49.041,42.899
2729,2729,27.235,24.821,34.977,45.124,54.2,68.78,57.014,39.469,43.773,2729,2729,36.776,34.353,36.592,43.441,54.479,68.158,58.203,39.364,40.214,2729,2729,16.298,19.88,40.123,46.748,58.869,58.415,52.741,49.381,43.09
2730,2730,27.55,31.862,34.441,43.369,54.268,68.922,56.657,41.146,45.638,2730,2730,36.931,30.346,37.117,41.18,52.578,71.164,62.393,41.203,41.249,2730,2730,18.466,25.351,39.253,41.55,58.91,62.207,55.54,49.899,43.232
2731,2731,27.73,30.019,34.268,44.786,53.914,69.977,58.102,39.728,46.091,2731,2731,39.557,30.996,37.893,44.667,55.04,69.298,60.395,41.064,41.918,2731,2731,21.276,23.316,38.434,45.856,58.699,59.925,55.52,50.852,44.561
2732,2732,29.722,26.909,37.39,46.492,55.404,70.646,58.631,39.842,47.408,2732,2732,36.32,31.867,36.359,43.723,55.768,67.719,59.058,41.038,41.966,2732,2732,14.805,23.838,39.599,47.743,60.148,60.651,57.843,51.75,45.206
2733,2733,20.88,27.021,35.059,42.53,53.559,74.177,62.182,42.089,45.13,2733,2733,26.617,30.607,37.318,43.68,53.586,72.74,60.113,43.067,42.187,2733,2733,5.6149,25.702,39.008,42.681,57.233,63.159,57.515,52.398,44.387
2734,2734,29.041,30.339,35.907,41.769,53.821,68.281,56.706,41.705,46.806,2734,2734,32.31,29.782,36.735,41.304,55.421,73.959,64.777,42.197,41.976,2734,2734,7.7491,19.579,39.568,42.522,57.056,64.682,56.731,52.049,43.864
2735,2735,27.056,32.119,34.651,41.308,56.483,70.999,60.057,44.969,49.301,2735,2735,27.512,34.375,37.269,41.496,55.629,76.475,66.927,45.568,43.208,2735,2735,0.92085,19.256,40.62,42.187,57.688,66.44,60.236,56.167,47.467
2736,2736,26.814,22.539,35.064,42.343,54.55,76.273,65.432,45.754,49.265,2736,2736,28.908,27.473,36.12,41.355,54.516,78.065,67.912,45.406,43.913,2736,2736,3.594,17.916,39.608,43.539,55.052,67.822,60.219,55.209,46.579
2737,2737,16.129,16.499,31.784,44.216,59.403,78.718,67.246,47.986,51.182,2737,2737,16.937,26.761,35.172,41.392,56.47,74.88,65.758,47.606,45.097,2737,2737,-1.5879,23.602,42.849,44.33,60.435,68.837,65.774,59.076,48.125
2738,2738,25.623,32.577,38.796,46.334,58.95,78.002,66.596,60.911,56.865,2738,2738,29.613,36.175,40.726,43.3,55.399,76.822,68.25,62.379,55.261,2738,2738,2.7688,31.236,43.419,45.289,59.679,70.721,67.812,68.231,56.962
2739,2739,30.917,25.602,33.289,47.307,57.969,79.196,68.136,52.506,54.048,2739,2739,35.135,29.583,38.106,38.642,52.469,75.738,67.528,52.667,47.194,2739,2739,11.734,34.573,43.163,44.354,56.979,71.261,70.426,64.708,51.461
2740,2740,28.905,28.435,41.237,49.811,64.103,77.942,67.871,56.72,56.159,2740,2740,32.502,34.817,39.252,40.802,54.216,75.076,66.957,55.553,48.812,2740,2740,11.91,28.59,42.287,47.787,62.673,70.116,72.137,67.585,52.127
2741,2741,31.884,27.712,41.005,47.576,62.341,76.906,67.797,63.084,56.656,2741,2741,35.977,24.741,37.814,42.211,56.597,76.901,68.228,61.422,51.455,2741,2741,13.758,27.629,42.203,45.287,60.046,70.252,74.814,71.18,54.024
2742,2742,31.572,27.409,39.834,49.335,62.103,79.002,68.372,62.06,56.233,2742,2742,34.626,24.04,34.862,42.716,54.475,78.707,70.084,60.577,50.733,2742,2742,14.838,32.848,40.513,48.185,60.712,71.943,75.826,72.548,55.404
2743,2743,29.077,28.459,42.747,48.998,60.764,77.493,66.384,60.233,53.919,2743,2743,31.785,22.272,29.955,42.064,55.649,76.739,68.432,58.635,51.505,2743,2743,10.106,34.462,40.654,49.051,60.721,71.196,74.426,70.459,54.525
2744,2744,21.895,36.098,41.062,45.813,58.897,76.645,65.384,58.741,50.872,2744,2744,25.939,32.821,38.016,42.698,56.384,74.782,67.249,58.683,49.355,2744,2744,4.605,37.365,39.545,45.652,59.996,68.505,71.827,71.403,52.988
2745,2745,24.559,23.673,42.111,45.991,56.695,68.125,60.123,53.486,49.312,2745,2745,30.695,25.395,38.372,44.821,55.079,75.397,66.968,55.274,47.368,2745,2745,13.253,35.462,44.02,45.881,58.071,65.343,67.546,65.737,49.242
2746,2746,25.172,26.117,37.838,43.116,56.038,69.323,58.973,48.832,47.421,2746,2746,28.15,29.75,29.722,41.298,57.795,76.603,68.066,50.126,45.788,2746,2746,8.0274,29.953,42.018,43.536,59.523,63.407,65.602,61.22,47.564
2747,2747,25.633,24.39,39.509,41.122,55.286,68.977,58.604,48.888,45.826,2747,2747,31.234,26.68,38.997,44.133,56.834,76.059,67.73,50.275,45.048,2747,2747,11.378,30.741,42.087,43.267,57.512,63.563,63.802,59.98,47.545
2748,2748,16.822,20.183,39.221,40.757,56.176,71.821,59.891,53.275,48.688,2748,2748,24.553,26.092,34.866,38.58,56.876,78.015,68.842,53.382,46.766,2748,2748,3.0364,29.42,40.747,44.561,56.129,64.926,65.434,61.751,50.82
2749,2749,23.715,25.15,31.331,41.627,56.776,69.665,59.576,56.111,49.129,2749,2749,28.007,32.652,40.389,42.369,57.093,74.907,66.811,55.444,47.948,2749,2749,13.744,25.089,38.632,43.619,57.697,62.309,65.889,65.585,54.542
2750,2750,30.807,28.345,35.241,41.677,54.46,70.644,58.509,45.979,42.989,2750,2750,37.341,30.983,34.167,43.744,56.038,75.346,65.267,49.058,42.602,2750,2750,23.631,20.865,38.032,40.593,53.498,63.569,60.663,60.485,45.368
2751,2751,21.974,29.303,29.595,42.088,56.798,71.063,60.786,48.57,44.489,2751,2751,32.599,36.815,38.476,41.957,55.922,75.161,65.99,50.21,43.116,2751,2751,19.058,25.484,31.29,44.712,55.194,63.863,62.576,62.231,46.153
2752,2752,24.053,30.801,33.115,40.103,55.918,72.152,60.554,52.436,43.989,2752,2752,33.256,40.022,34.442,44.029,57.89,74.149,65.138,53.331,42.995,2752,2752,18.92,27.744,35.157,43.445,55.597,62.281,61.126,65.431,47.229
2753,2753,27.796,30.958,28.738,41,54.04,65.468,54.966,51.236,45.749,2753,2753,35.863,33.514,34.11,40.088,54.244,75.369,66.979,52.886,44.62,2753,2753,20.888,22.017,36.776,42.797,56.254,61.312,61.406,63.816,47.431
2754,2754,29.25,26.664,30.825,41.109,53.221,66.776,57.402,52.157,44.878,2754,2754,36.554,22.483,33.389,44.133,52.584,73.696,65.8,53.415,43.755,2754,2754,22.076,15.716,32.206,43.132,54.085,61.602,62.965,65.109,47.567
2755,2755,19.167,25.105,27.511,46.518,61.969,75.975,64.813,49.398,45.844,2755,2755,30.948,28.157,28.036,43.628,62.785,77.133,70.45,49.96,43.244,2755,2755,11.418,15.951,33.317,49.821,65.408,68.275,65.593,60.954,46.462
2756,2756,23.27,27.111,33.065,42.833,58.359,72.499,61.376,47.886,43.721,2756,2756,34.262,30.633,35.314,41.548,55.74,74.718,65.902,48.6,41.99,2756,2756,14.679,23.571,39.159,45.99,60.384,62.214,59.054,60.302,44.944
2757,2757,23.876,35.174,27.329,45.169,62.192,79.638,68.197,47.543,45.757,2757,2757,30.541,22.317,27.99,45.743,63.081,79.835,72.249,49.916,43.118,2757,2757,13.441,17.182,36.031,48.746,64.208,67.788,64.312,60.207,45.935
2758,2758,22.027,22.863,37.687,50.232,65.015,80.81,68.709,50.207,45.73,2758,2758,29.26,29.227,34.577,42.89,60.3,78.074,69.066,53.382,44.928,2758,2758,11.441,16.757,37.762,42.254,57.528,70.266,69.422,65.699,49.957
2759,2759,6.2123,23.333,32.731,52.121,68.74,83.366,71.774,53.916,46.997,2759,2759,23.604,21.747,31.157,45.194,63.99,80.819,72.382,54.303,43.909,2759,2759,8.4904,14.01,33.846,45.717,63.625,73.34,71.917,65.643,48.852
2760,2760,22.151,23.8,31.659,51.828,71.232,87.921,74.706,54.313,47.912,2760,2760,24.098,25.93,32.312,46.607,65.998,82.384,70.868,54.519,44.872,2760,2760,12.121,23.131,34.696,49.374,69.507,77.497,74.763,66.134,49.808
2761,2761,23.71,25.808,31.304,53.148,70.368,87.399,75.611,55.14,47.138,2761,2761,25.375,24.082,35.314,49.844,67.487,87.813,77.341,55.854,44.979,2761,2761,6.5718,28.296,39.103,48.333,70.716,78.753,75.494,66.925,49.903
2762,2762,23.392,30.45,37.367,58.094,72.354,89.108,77.703,57.56,48.744,2762,2762,19.977,31.257,36.495,49.491,69.574,87.655,78.318,58.775,47.433,2762,2762,8.5183,27.099,39.082,49.119,70.062,81.797,79.781,70.529,54.088
2763,2763,22.006,27.974,34.306,54.96,72.675,91.664,79.646,60.811,51.67,2763,2763,26.163,27.765,36.326,50.931,69.346,89.712,79.33,60.345,49.018,2763,2763,11.155,28.932,33.802,54.065,70.32,82.896,82.301,72.696,57.33
2764,2764,25.331,22.269,35.478,61.087,73.226,92.288,81.876,75.453,63.013,2764,2764,28.871,27.525,35.401,54.415,72.313,90.816,82.626,73.52,60.003,2764,2764,11.432,24.49,33.131,50.074,71.671,83.917,91.917,85.962,67.657
2765,2765,22.535,29.07,34.862,58.008,71.664,90.633,81.494,78.983,65.557,2765,2765,32.105,30.404,35.853,52.416,70.925,92.859,85.186,79.309,63.545,2765,2765,12.358,26.032,38.046,50.484,70.483,85.419,93.281,89.307,69.393
2766,2766,18.968,23.845,34.296,58.649,75.391,92.641,86.761,80.917,66.267,2766,2766,28.832,38.683,36.966,51.047,68.586,91.88,86.461,80.453,65.559,2766,2766,9.6739,25.25,39.503,55.825,72.505,90.965,96.505,95.008,72.059
2767,2767,16.915,31.871,35.909,51.693,73.389,92.424,86.133,83.333,68.328,2767,2767,28.001,36.853,30.791,45.337,66.873,90.612,87.173,83.301,65.065,2767,2767,14.639,26.665,39.22,53.384,72.325,90.551,97.407,96.273,74.088
2768,2768,25.137,32.557,31.573,50.946,73.532,91.433,86.479,82.501,65.771,2768,2768,33.637,34.536,33.344,44.231,67.865,89.471,87.112,82.407,64.477,2768,2768,22.097,25.91,38.338,53.915,73.268,89.057,96.73,94.828,72.788
2769,2769,30.763,28.056,35.725,53.229,74.353,90.612,86.59,82.423,67.075,2769,2769,33.613,31.999,39.862,41.161,66.059,88.107,85.537,79.754,63.465,2769,2769,24.518,19.033,41.858,54.465,74.626,89.111,97.399,94.373,72.536
2770,2770,29.677,31.707,36.17,47.486,65.894,84.479,78.568,74.496,59.723,2770,2770,32.493,33.785,35.042,45.434,64.069,87.8,83.602,76.436,59.689,2770,2770,16.775,24.359,34.422,50.644,67.309,80.656,91.557,91.371,68.152
2771,2771,31.64,32.602,36.817,48.107,65.782,82.735,75.948,68.973,56.333,2771,2771,46.03,42.461,34.439,47.141,63.632,86.215,80.143,71.965,57.453,2771,2771,30.47,30.117,37.865,46.818,64.231,77.931,89.796,84.122,64.169
2772,2772,36.233,29.081,33.814,43.859,61.496,77.323,72.74,65.93,53.678,2772,2772,47.87,37.219,34.841,42.402,64.453,87.303,78.43,65.546,53.623,2772,2772,33.242,22.309,38.147,43.312,63.805,73.311,88.083,77.864,57.394
2773,2773,30.124,28.457,27.725,43.412,60.836,78.884,69.13,60.213,50.298,2773,2773,38.352,34.226,34.194,44.617,61.045,82.848,76.384,62.535,50.986,2773,2773,23.839,24.02,30.529,42.669,62.143,74.402,79.183,73.179,55.029
2774,2774,26.465,35.123,26.887,44.163,61.71,78.75,68.464,60.759,48.928,2774,2774,31.898,38.728,32.04,41.438,59.214,78.331,73.218,61.27,49.607,2774,2774,19.149,27.334,30.578,41.097,60.977,72.232,82.693,72.911,54.378
2775,2775,31.761,31.586,30.417,38.36,57.912,74.736,67.284,60.393,51.582,2775,2775,32.458,32.665,30.105,41.901,58.465,77.75,70.029,60.539,49.857,2775,2775,18.309,22.772,30.926,46.382,60.386,68.755,80.508,71.607,54.435
2776,2776,27.952,25.543,27.167,42.171,59.067,76.89,66.602,58.447,49.851,2776,2776,30.037,25.356,31.792,43.584,58.006,77.819,69.793,61.038,50.175,2776,2776,10.019,23.687,27.099,42.992,58.243,66.009,74.852,70.203,52.736
2777,2777,26.755,29.95,28.568,40.512,60.318,81.304,70.636,59.932,51.098,2777,2777,28.344,37.32,29.41,40.221,58.28,76.467,69.224,59.157,48.757,2777,2777,14.887,22.582,32.678,42.652,59.441,68.635,74.076,69.547,50.851
2778,2778,27.286,27.935,31.03,40.897,60.801,80.329,69.962,58.214,49.774,2778,2778,33.92,35.112,37.205,40.544,59.37,76.945,69.999,59.612,49.377,2778,2778,19.115,19.57,33.232,42.181,59.864,68.843,73.776,68.197,51.04
2779,2779,24.018,25.74,26.968,41.381,60.078,78.375,68.259,58.51,51.188,2779,2779,26.966,31.967,33.095,43.182,56.82,76.726,69.233,56.909,48.656,2779,2779,14.588,15.197,31.428,44.373,57.143,67.812,74.764,67.349,52.029
2780,2780,18.479,30.73,30.211,37.339,58.916,80.461,69.135,55.841,48.134,2780,2780,23.508,33.029,32.565,41.974,57.812,75.425,70.045,55.528,46.503,2780,2780,8.5044,22.779,30.715,42.199,57.855,69.019,74.913,64.99,48.693
2781,2781,24.922,31.924,28.962,40.638,58.94,78.771,68.383,59.263,51.446,2781,2781,21.344,29.675,31.184,43.903,59.257,81.699,74.611,59.318,49.618,2781,2781,10.451,21.113,31.445,44.215,56.98,72.411,74.173,68.174,52.161
2782,2782,29.906,23.667,34.306,41.918,57.589,80.464,71.795,65.252,56.299,2782,2782,25.848,26.436,30.754,48.421,64.397,86.035,79.427,65.06,54.75,2782,2782,-2.4586,20.339,42.825,45.875,62.672,75.941,79.834,73.915,57.422
2783,2783,27.854,24.424,34.255,43.999,59.606,84.247,74.453,64.011,54.954,2783,2783,30.47,26.472,33.645,43.966,58.37,83.947,79.128,63.401,53.969,2783,2783,1.3462,21.952,39.031,47.059,57.629,74.499,77.56,72.878,56.337
2784,2784,21.093,29.89,37.095,43,62.029,85.486,75.353,70.077,58.546,2784,2784,22.641,33.889,35.423,43.889,63.825,89.946,80.714,69.207,57.361,2784,2784,5.318,28.904,39.564,46.476,60.399,74.425,79.264,82.103,64.846
2785,2785,21.975,26.824,31.688,42.063,64.49,88.249,77.474,75.782,65.314,2785,2785,25.353,29.046,38.329,45.399,64.604,90.598,82.971,73.484,63.497,2785,2785,9.6813,29.05,41.77,45.471,62.225,82.389,83.171,86.648,71.093
2786,2786,21.188,29.598,38.983,46.602,65.562,87.312,77.554,90.002,76.912,2786,2786,29.193,28.309,40.345,53.886,65.542,88.622,80.682,82.871,72.949,2786,2786,10.814,22.39,44.541,44.924,62.673,78.581,89.565,94.322,79.782
2787,2787,18.566,32.471,33.764,44.451,62.828,83.169,74.625,81.039,69.413,2787,2787,21.956,31.62,37.867,48.883,59.612,78.835,73.924,79.216,68.107,2787,2787,2.0294,25.093,36.166,43.262,64.253,75.38,83.796,91.915,77.092
2788,2788,19.319,26.527,29.82,39.039,58.903,84.64,79.258,78.48,66.164,2788,2788,23.219,18.811,30.364,47.207,57.827,85,82.383,76.744,64.286,2788,2788,2.8911,16.861,32.988,41.935,56.314,77.601,90.21,89.911,72.612
2789,2789,23.517,27.495,29.589,46.917,67.584,90.311,77.91,68.271,55.224,2789,2789,22.942,29.882,35.594,49.911,67.999,91.103,81.621,65.647,52.779,2789,2789,7.0528,21.137,33.538,44.982,66.751,78.64,83.708,78.561,59.069
2790,2790,21.002,24.902,27.772,43.553,52.671,72.848,61.24,51.571,49.714,2790,2790,20.806,28.047,37.767,46.326,53.106,69.991,61.406,51.981,47.171,2790,2790,3.7435,16.391,36.142,42.476,54.572,60.404,63.15,61.792,50.135
2791,2791,22.204,21.275,31.936,42.777,56.508,69.668,58.59,51.364,51.51,2791,2791,22.415,22.125,28.508,39.633,55.138,68.834,61.178,52.812,47.716,2791,2791,14.378,22.739,31.01,41.15,57.283,60.852,65.153,63.038,50.904
2792,2792,23.06,23.856,30.545,43.207,54.483,69.426,57.81,51.785,54.161,2792,2792,22.63,26.309,32.784,38.353,52.253,67.009,59.689,52.428,48.487,2792,2792,9.3528,20.923,25.5,39.669,53.82,61.522,64.925,65.099,51.72
2793,2793,20.633,25.716,28.444,42.078,54.637,69.586,58.789,51.894,50.646,2793,2793,22.355,23.511,30.008,39.821,52.884,65.46,58.138,52.345,47.388,2793,2793,7.5619,15.325,34.03,43.423,56.573,60.643,62.994,63.734,50.451
2794,2794,19.53,30.564,23.95,38.309,52.004,69.754,58.32,49.544,50.582,2794,2794,23.155,29.293,33.45,37.234,52.713,66.115,57.794,49.933,46.473,2794,2794,1.8455,21.446,34.711,44.316,53.261,57.706,59.684,60.475,50.051
2795,2795,28.592,26.138,32.769,43.478,51.993,68.098,58.863,48.472,50.572,2795,2795,29.733,25.01,30.643,39.046,48.869,66.083,57.362,49.151,46.856,2795,2795,5.8672,20.492,27.58,43.038,53.113,57.731,59.258,58.861,50.265
2796,2796,21.638,28.631,37.762,45.308,52.62,71.586,60.365,48.273,50.556,2796,2796,23.479,28.075,35.111,42.26,51.94,63.769,54.537,50.008,46.452,2796,2796,6.7253,21.558,34.07,45.477,53.443,55.255,58.396,56.908,49.151
2797,2797,20.383,26.351,29.548,42.134,50.244,71.313,60.115,49.225,50.98,2797,2797,28.519,28.377,34.196,40.591,49.207,64.222,55.827,49.652,46.321,2797,2797,9.4318,18.281,37.406,42.287,49.743,56.845,56.787,56.855,49.732
2798,2798,26.937,31.889,31.616,44.056,50.788,66.501,54.932,48.771,52.5,2798,2798,29.258,34.092,33.015,39.666,49.663,65.681,56.773,49.076,47.606,2798,2798,9.666,17.419,30.205,41.232,51.1,54.854,56.026,57.287,50.546
2799,2799,30.318,33.081,38.422,42.042,51.043,60.551,50.661,48.276,50.53,2799,2799,39.302,40.089,37.804,39.237,51.057,61.347,53.314,48.815,46.517,2799,2799,23.618,23.854,29.181,38.716,50.868,52.196,53.51,56.877,49.408
2800,2800,31.581,30.124,31.331,36.669,47.949,63.48,52.069,46.984,50.87,2800,2800,39.758,33.447,36.41,35.071,49.362,62.853,54.52,47.838,46.372,2800,2800,25.224,21.09,28.567,39.777,51.944,53.283,54.587,55.383,49.814
2801,2801,37.109,32.71,30.311,39.837,55.379,70.128,58.419,48.341,49.427,2801,2801,37.528,29.026,23.863,39.579,53.59,69.504,60.713,47.922,45.574,2801,2801,23.705,20.671,30.681,42.731,52.765,59.694,57.252,57.611,49.065
2802,2802,28.488,31.12,30.014,41.468,60.815,81.761,72.936,70.538,55.016,2802,2802,30.783,32.145,34.028,46.271,62.085,88.203,79.21,64.693,52.034,2802,2802,16.315,24.041,31.351,44.54,61.493,76.758,83.801,79.588,60.061
2803,2803,32.692,36.416,29.708,46.638,67.422,90.175,79.82,70.604,57.325,2803,2803,40.142,45.119,36.834,49.702,64.559,86.108,78.677,66.961,54.94,2803,2803,25.503,30.586,35,42.772,65.671,82.867,85.083,81.366,61.388
2804,2804,32.538,31.377,31.874,45.313,66.604,90.076,81.644,79.933,65.832,2804,2804,42.156,37.743,42.025,58.314,60.665,85.942,80.282,73.172,61.287,2804,2804,25.919,20.15,28.923,44.571,61.42,87.184,90.083,87.7,67.814
2805,2805,36.147,30.022,34.16,50.311,70.566,88.577,76.431,70.473,55.858,2805,2805,38.583,39.862,36.356,48.474,67.823,86.244,79.211,65.929,53.003,2805,2805,20.897,21.638,35.204,48.701,69.179,82.635,84.986,79.523,58.879
2806,2806,37.055,27.487,31.478,47.307,63.613,81.63,70.1,53.325,50.681,2806,2806,40.826,35.239,36.346,45.134,62.851,80.03,71.939,51.745,46.844,2806,2806,27.824,22.041,29.983,49.302,65.38,68.932,64.663,62.186,50.177
2807,2807,30.736,18.847,25.44,39.642,54.477,69.494,58.134,48.053,49.387,2807,2807,31.616,34.592,38.722,38.976,53.531,69.458,60.417,47.979,45.901,2807,2807,19.575,24.54,30.472,41.27,57.147,58.759,55.149,55.901,48.861
2808,2808,26.624,25.003,28.608,37.552,49.339,67.436,58.645,46.801,49.84,2808,2808,39.145,36.333,37.334,39.796,46.713,63.741,57.728,48.047,45.557,2808,2808,22.947,23.896,31.411,40.811,49.696,57.207,61.148,56.619,49.255
2809,2809,27.17,23.717,31.065,41.781,56.809,69.734,57.706,47.464,49.531,2809,2809,35.354,30.896,30.594,40.148,52.837,67.565,58.436,46.422,45.54,2809,2809,20.279,22.168,30.479,40.473,53.937,62.475,55.293,55.683,49.532
2810,2810,21.588,24.559,31.774,38.017,49.46,60.387,49.813,46.872,50.078,2810,2810,25.842,34.935,29.93,38.579,48.61,62.834,54.669,46.945,45.616,2810,2810,14.099,23.445,28.928,41.179,50.677,52.328,50.978,54.996,49.089
2811,2811,26.63,23.939,29.529,44.532,64.992,86.759,77.939,77.31,62.784,2811,2811,19.558,33.047,44.365,50.73,65.976,90.276,81.829,72.379,60.128,2811,2811,12.81,23.204,29.602,44.376,64.501,83.754,86.511,85.741,66.517
2812,2812,23.61,20.465,31.458,38.808,55.765,80.51,75.94,85.853,73.365,2812,2812,24.035,28.804,24.1,35.733,54.2,79.627,79.395,81.197,70.345,2812,2812,13.342,17.905,30.627,43.867,57.978,73.402,91.274,94.094,76.199
2813,2813,22.209,26.648,30.857,40.231,61.426,79.556,73.722,82.671,71.001,2813,2813,27.03,25.568,26.958,38.857,58.559,75.372,73.956,79.884,68.567,2813,2813,6.1148,23.379,30.712,40.506,64.602,73.483,84.451,91.119,76.054
2814,2814,25.689,28.731,32.414,42.297,66.104,89.247,77.112,85.777,74.33,2814,2814,28.374,33.797,32.959,46.11,63.681,86.562,76.965,81.609,70.843,2814,2814,9.764,22.072,32.121,42.871,64.052,80.745,86.51,92.877,76.055
2815,2815,34.893,38.776,35.76,43.42,69.106,94.516,83.354,84.892,71.39,2815,2815,36.994,33.846,35.958,44.311,64.144,89.568,80.063,82.052,69.54,2815,2815,13.419,31.029,31.869,43.713,61.407,83.105,86.036,93.405,75.989
2816,2816,40.115,42.264,34.249,49.827,71.315,91.822,80.977,77.457,64.746,2816,2816,33.012,37.806,29.435,47.078,69.469,94.155,83.906,76.457,63.159,2816,2816,24.366,33.197,34.224,45.658,64.826,85.854,86.156,88.895,70.306
2817,2817,38.252,33.865,36.025,53.348,73.502,88.215,77.046,68.046,57.006,2817,2817,37.76,33.061,33.811,54.095,70.865,96.774,86.103,68.33,55.353,2817,2817,27.955,26.283,32.882,47.659,69.291,85.513,80.009,76.328,61.643
2818,2818,31.847,18.838,33.566,53.749,73.944,91.749,81.021,65.257,54.367,2818,2818,32.105,27.031,35.385,48.252,72.82,94.54,83.738,65.955,53.202,2818,2818,20.539,24.998,32.126,49.198,71.691,84.655,81.788,75,59.049
2819,2819,26.279,39.326,39.272,61.877,75.905,91.801,80.809,65.864,55.12,2819,2819,36.083,36.361,37.859,53.751,71.241,91.723,81.775,67.647,54.578,2819,2819,20.107,25.502,30.347,53.243,74.03,83.195,81.588,76.169,60.13
2820,2820,31.065,34.377,38.703,62.479,75.04,92.568,81.971,66.457,54.968,2820,2820,39.361,33.713,35.332,53.912,71.9,94.479,83.4,68.658,55.728,2820,2820,24.22,23.547,31.887,53.182,72.654,84.479,82.327,76.893,60.401
2821,2821,27.031,30.868,41.343,61.825,75.139,87.775,77.686,60.166,52.255,2821,2821,33.204,25.482,35.61,55.535,72.101,90.236,80.514,60.911,51.189,2821,2821,19.453,22.049,35.917,55.51,74.03,82.261,79.273,70.11,55.354
2822,2822,30.674,34.107,33.05,58.541,74.279,85.146,74.213,53.257,49.842,2822,2822,27.514,24.122,36.906,52.774,70.634,88.272,77.798,53.735,47.339,2822,2822,14.764,21.722,32.995,56.728,72.48,81.514,78.066,64.587,50.803
2823,2823,36.816,43.784,31.874,52.414,68.143,85.706,73.51,51.523,48.769,2823,2823,38.637,42.025,35.454,48.478,65.944,85.327,75.222,51.906,44.905,2823,2823,25.325,31.464,29.338,54.94,69.123,76.111,71.647,61.914,49.248
2824,2824,43.827,41.992,37.471,50.928,66.498,82.836,70.229,51.362,47.029,2824,2824,40.455,38.107,33.285,48.801,64.943,83.779,73.779,52.178,43.489,2824,2824,30.397,28.172,36.473,56.499,68.56,72.973,71.323,62.588,48.015
2825,2825,40.006,44.23,31.441,53.438,67.012,81.382,69.855,48.741,45.829,2825,2825,38.597,41.633,34.538,43.83,60.082,79.791,70.487,49.076,42.086,2825,2825,25.734,29.717,37.03,48.724,64.502,70.835,69.49,59.98,47.089
2826,2826,41.135,35.149,31.939,57.061,72.952,87.583,74.397,51.511,47.819,2826,2826,40.688,36.671,33.29,50.021,65.572,83.85,74.324,50.428,43.363,2826,2826,28.51,23.67,33.577,53.411,71.426,75.966,73.576,61.107,47.668
2827,2827,37.918,31.951,36.075,54.141,72.849,89.764,77.846,58.067,49.171,2827,2827,38.231,39.636,33.816,48.987,67.695,87.747,77.833,57.406,46.223,2827,2827,25.753,24.413,35.204,53.736,69.891,80.482,77.767,67.185,51.736
2828,2828,34.617,36.861,34.481,54.838,69.976,88.662,76.493,57.159,49.926,2828,2828,39.044,31.17,34.821,51.369,68.029,88.311,78.132,57.196,46.564,2828,2828,23.55,24.626,35.975,53.431,67.791,81.296,78.12,67.591,52.015
2829,2829,27.825,36.977,37.42,61.67,73.836,92.705,79.913,62.384,52.696,2829,2829,37.475,36.976,36.047,53.803,72.236,92.243,81.805,61.971,51.172,2829,2829,21.524,25.201,34.348,55.027,71.539,84.3,82.174,71.628,56.15
2830,2830,34.727,33.852,40.3,62.811,74.943,94.765,82.172,74.073,62.711,2830,2830,31.629,34.179,36.414,52.569,71.752,91.282,81.337,70.422,57.425,2830,2830,21.041,27.608,28.606,53.122,72.228,83.785,86.765,81.957,64.97
2831,2831,33.301,38.66,36.625,59.123,73.39,93.029,81.325,76.989,63.745,2831,2831,38.74,37.928,34.029,55.121,70.972,95.278,86.65,78.605,61.795,2831,2831,20.978,30.058,36.973,53.633,70.09,85.853,93.577,94.681,70.803
2832,2832,41.062,35.751,39.169,56.082,77.082,92.2,86.92,83.789,68.662,2832,2832,38.05,39.863,40.187,51.762,73.336,93.412,87.425,82.719,67.015,2832,2832,27.628,31.312,39.519,56.197,78.073,90.236,96.1,96.073,76.178
2833,2833,42.74,36.572,38.506,53.518,78.557,96.381,89.477,85.518,70.212,2833,2833,34.439,40.91,41.419,49.227,71.414,91.968,88.516,85.035,68.631,2833,2833,20.447,29.455,42.032,56.415,77.439,93.63,100.38,97.656,76.959
2834,2834,40.284,33.872,37.424,56.858,76.347,94.38,89.376,85.964,71.54,2834,2834,45.126,38.52,41.118,48.848,70.096,94.015,89.275,85.055,69.665,2834,2834,30.71,21.253,36.771,56.868,76.051,93.45,99.982,98.904,78.165
2835,2835,44.498,42.068,39.346,49.548,73.545,90.108,83.193,84.303,69.721,2835,2835,46.934,39.687,37.168,49.136,72.124,96.255,88.206,83.414,68.917,2835,2835,34.121,32.966,36.588,52.776,72.703,86.562,96.868,97.623,76.602
2836,2836,36.021,37.004,33.924,46.548,69.009,89.461,79.208,73.951,62.806,2836,2836,35.317,37.071,35.157,49.23,68.168,91.284,82.804,76.207,62.803,2836,2836,22.93,27.665,34.426,50.812,69.378,80.576,92.059,89.284,68.278
2837,2837,34.976,31.035,35.413,52.783,68.521,87.076,76.461,69.589,56.407,2837,2837,32.386,38.802,31.136,48.042,69.397,86.225,78.473,69.412,57.913,2837,2837,16.837,29.085,31.053,53.73,70.257,77.471,88.092,83.66,62.528
2838,2838,33.082,22.383,31.439,48.939,65.337,78.724,70.022,64.773,53.16,2838,2838,32.347,37.103,33.969,49.009,67.611,86.303,78.165,65.708,54.057,2838,2838,20.764,24.945,34.048,51.701,67.515,73.495,82.13,78.851,58.35
2839,2839,21.934,32.221,32.821,51.845,67.388,83.837,72.386,59.898,50.381,2839,2839,36.865,32.211,30.526,47.368,61.431,83.16,74.412,60.962,50.332,2839,2839,18.43,25.207,29.308,50.09,63.6,73.878,78.172,72.841,54.231
2840,2840,24.186,34.195,33.552,54.929,72.613,89.234,76.542,58.2,49.322,2840,2840,29.991,39.851,35.804,45.73,68.012,88.32,77.555,58.21,48.528,2840,2840,16.229,25.726,33.832,52.66,69.232,79.604,78.369,68.569,52.895
2841,2841,40.663,40.428,38.222,58.273,71.758,94.147,81.893,59.787,50.128,2841,2841,45.198,48.317,38.031,53.248,68.793,93.147,82.175,59.732,48.584,2841,2841,31.651,33.518,33.227,54.165,70.702,84.24,79.648,70.154,53.097
2842,2842,44.086,40.54,36.882,59.016,73.827,93.433,80.905,61.993,52.981,2842,2842,49.444,48.024,32.941,54.321,71.944,89.897,79.308,61.729,51.031,2842,2842,35.193,34.2,32.944,54.978,73.369,83.032,81.033,72.923,55.75
2843,2843,41.239,32.63,37.569,61.107,73.439,91.515,79.438,70.328,58.934,2843,2843,47.969,38.143,34.168,54.696,70.898,90.325,79.968,68.584,56.473,2843,2843,34.062,25.763,35.062,53.404,71.409,82.729,84.945,78.679,62.95
2844,2844,33.821,31.441,33.461,60.979,72.971,94.616,82.308,75.017,63.071,2844,2844,41.104,30.208,34.349,54.803,69.723,92.62,84.171,76.486,61.815,2844,2844,25.719,24.574,36.991,56.903,69.617,83.275,91.597,92.009,69.222
2845,2845,36.159,27.906,39.819,56.669,75.306,89.007,85.636,82.661,67.329,2845,2845,44.498,30.013,35.059,54.103,70.866,88.742,85.993,83.119,66.028,2845,2845,29.726,22.691,37.284,55.037,75.578,89.909,95.589,96.395,74.357
2846,2846,29.397,30.576,39.396,53.011,75.276,90.918,85.101,83.723,68.522,2846,2846,36.815,30.302,33.372,46.705,69.076,90.867,86.745,84.832,67.167,2846,2846,23.187,27.81,43.097,55.409,74.886,90.211,95.851,97.893,76.34
2847,2847,24.495,25.116,33.928,55.971,76.742,92.231,85.785,85.562,71.035,2847,2847,36.866,31.758,38.319,48.843,68.444,89.819,85.699,85.09,68.923,2847,2847,20.897,29.258,39.461,56.779,75.619,89.797,95.877,98.365,77.715
2848,2848,24.49,38.255,36.603,53.398,73.382,87.838,81.794,84.054,68.86,2848,2848,30.633,31.166,35.599,47.613,69.412,91.837,83.616,82.436,67.949,2848,2848,7.5005,26.858,37.46,58.134,71.642,84.338,93.272,95.324,74.248
2849,2849,35.375,29.961,38.422,50.119,68.922,84.142,76.904,74.023,62.47,2849,2849,27.102,39.091,34.697,49.508,67.458,90.29,81.443,76.582,61.861,2849,2849,15.022,24.075,35.037,52.462,69.717,79.491,90.023,87.998,66.833
2850,2850,35.521,31.299,35.499,48.877,64.219,83.902,73.64,69.979,56.136,2850,2850,27.821,30.516,28.638,45.912,64.317,83.198,75.229,69.113,56.838,2850,2850,18.687,22.189,33.12,49.149,64.064,74.067,85.3,83.437,61.573
2851,2851,31.324,33.233,36.13,49.08,65.241,81.999,70.667,63.664,51.838,2851,2851,28.708,33.177,27.885,43.314,63.089,81.544,74.37,63.258,52.161,2851,2851,18.483,24.195,33.288,49.777,64.761,72.948,79.332,77.383,56.519
2852,2852,30.924,37.987,34.959,43.785,61.676,79.643,68.182,60.314,49.887,2852,2852,31.715,31.869,33.77,41.745,60.558,81.767,73.613,61.576,50.514,2852,2852,9.1233,29.029,33.032,46.652,62.627,72.787,76.842,74.478,54.759
2853,2853,30.174,37.785,37.387,45.199,58.984,75.423,64.525,61.459,52.785,2853,2853,33.169,32.401,37.245,46.141,58.97,77.952,69.787,62.736,53.086,2853,2853,16.716,27.463,36.913,49.283,59.704,66.261,72.986,73.59,60.929
2854,2854,29.811,37.283,43.048,61.223,58.835,75.935,70.248,61.485,54.965,2854,2854,31.451,40.161,48.542,58.312,60.419,74.649,70.978,60.437,51.358,2854,2854,16.734,36.189,36.223,51.939,61.889,65.292,67.963,64.412,56.094
2855,2855,41.483,44.084,45.375,45.567,46.975,58.639,56.204,45.868,40.248,2855,2855,39.451,43.329,49.38,53.079,53.228,57.236,48.817,45.591,50.97,2855,2855,26.319,31.781,41.485,40.026,45.793,54.128,50.439,52.866,52.338
2856,2856,38.237,35.888,20.781,-10.931,-61.691,-160.86,-376.65,-624.37,-1419.7,2856,2856,37.84,35.138,18.122,-4.1697,-53.868,-157.67,-389.29,-627.05,-1406.8,2856,2856,19.118,19.361,15.714,-16.7,-67.054,-164.42,-382.25,-623.72,-1405.9
2857,2857,27.688,25.181,-0.49664,-66.175,-169.21,-375.58,-809.22,-1298.4,-2877.2,2857,2857,26.381,24.226,-2.9593,-57.72,-161.11,-372.66,-822.48,-1301.1,-2863.4,2857,2857,16.317,9.6855,-5.6004,-69.036,-174.28,-379.14,-814.92,-1297.8,-2862.7
2858,2858,22.517,14.608,-21.817,-118.54,-276.76,-590.31,-1241.5,-1972.4,-Inf,2858,2858,22.905,13.72,-24.658,-111.33,-268.34,-587.65,-1256.7,-1975.2,-Inf,2858,2858,7.5058,-0.22025,-26.849,-124.27,-281.52,-593.87,-1247.2,-1972,-Inf
2859,2859,18.828,4.3455,-43.01,-173.59,-384.32,-805.06,-1675.2,-2646.4,-Inf,2859,2859,17.885,3.4806,-46.233,-165.73,-375.57,-802.65,-1689.8,-2649.4,-Inf,2859,2859,5.2936,-10.62,-48.214,-176.73,-388.78,-808.62,-1680.8,-2646.1,-Inf
2860,2860,10.988,-5.4728,-64.162,-226.36,-491.9,-1019.8,-2109.3,-Inf,-Inf,2860,2860,10.928,-6.35,-67.612,-218.6,-482.81,-1017.6,-2121.9,-Inf,-Inf,2860,2860,-1.7628,-21.135,-69.729,-231.6,-496.06,-1023.4,-2114.9,-Inf,-Inf
2861,2861,8.3206,-15.146,-85.366,-280.8,-599.48,-1234.6,-2541.7,-Inf,-Inf,2861,2861,7.7689,-16.022,-88.835,-273.63,-590.06,-1232.6,-2555.2,-Inf,-Inf,2861,2861,-5.5381,-31.684,-91.381,-284.6,-603.37,-1238.2,-2547.4,-Inf,-Inf
2862,2862,1.3335,-24.943,-106.69,-334.32,-707.05,-1449.4,-2974.1,-Inf,-Inf,2862,2862,0.71065,-25.82,-109.99,-326.03,-697.33,-1447.6,-2989.5,-Inf,-Inf,2862,2862,-11.403,-41.998,-113.12,-338.78,-710.72,-1453,-2979.8,-Inf,-Inf
2863,2863,-2.201,-35.019,-128.15,-387.97,-814.61,-1664.3,-Inf,-Inf,-Inf,2863,2863,-2.4483,-35.901,-131.17,-381.29,-804.63,-1662.5,-Inf,-Inf,-Inf,2863,2863,-16.261,-51.918,-134.88,-392.6,-818.09,-1667.8,-Inf,-Inf,-Inf
2864,2864,-8.2652,-45.397,-149.76,-442.33,-922.13,-1879.1,-Inf,-Inf,-Inf,2864,2864,-9.2322,-46.284,-152.45,-433.68,-911.97,-1877.4,-Inf,-Inf,-Inf,2864,2864,-20.831,-61.606,-156.56,-445.97,-925.51,-1882.7,-Inf,-Inf,-Inf
2865,2865,-12.949,-55.962,-171.48,-495.23,-1029.6,-2094,-Inf,-Inf,-Inf,2865,2865,-12.94,-56.851,-173.87,-488.67,-1019.3,-2092.3,-Inf,-Inf,-Inf,2865,2865,-27.19,-71.35,-178.08,-500.59,-1033,-2097.5,-Inf,-Inf,-Inf
2866,2866,-17.621,-66.464,-193.24,-550.24,-1137.1,-2308.9,-Inf,-Inf,-Inf,2866,2866,-18.61,-67.349,-195.43,-541.52,-1126.7,-2307.1,-Inf,-Inf,-Inf,2866,2866,-30.481,-81.348,-199.41,-553.28,-1140.4,-2312.4,-Inf,-Inf,-Inf
2867,2867,-23.898,-76.635,-214.96,-602.66,-1244.4,-2523.8,-Inf,-Inf,-Inf,2867,2867,-23.852,-77.513,-217.12,-595.87,-1234.2,-2521.9,-Inf,-Inf,-Inf,2867,2867,-37.639,-91.657,-220.6,-608.43,-1247.9,-2527.4,-Inf,-Inf,-Inf
2868,2868,-27.248,-86.442,-236.54,-657.91,-1351.8,-2738.7,-Inf,-Inf,-Inf,2868,2868,-27.988,-87.316,-238.88,-649.5,-1341.6,-2736.7,-Inf,-Inf,-Inf,2868,2868,-40.67,-102.19,-241.75,-660.78,-1355.5,-2742.3,-Inf,-Inf,-Inf
2869,2869,-34.393,-96.119,-257.93,-710.29,-1459.1,-2953.7,-Inf,-Inf,-Inf,2869,2869,-34.717,-96.993,-260.62,-703.05,-1449.1,-2951.5,-Inf,-Inf,-Inf,2869,2869,-47.276,-112.74,-262.95,-716,-1463,-2957.3,-Inf,-Inf,-Inf
2870,2870,-37.4,-105.94,-279.16,-765.31,-1566.3,-Inf,-Inf,-Inf,-Inf,2870,2870,-37.799,-106.82,-282.25,-757.5,-1556.7,-Inf,-Inf,-Inf,-Inf,2870,2870,-51.357,-123.01,-284.27,-768.48,-1570.6,-Inf,-Inf,-Inf,-Inf
2871,2871,-44.085,-116.05,-300.31,-818.12,-1673.6,-Inf,-Inf,-Inf,-Inf,2871,2871,-44.926,-116.93,-303.7,-810.32,-1664.2,-Inf,-Inf,-Inf,-Inf,2871,2871,-56.57,-132.89,-305.73,-823.32,-1678.2,-Inf,-Inf,-Inf,-Inf
2872,2872,-48.052,-126.45,-321.49,-872.51,-1780.8,-Inf,-Inf,-Inf,-Inf,2872,2872,-48.136,-127.34,-324.97,-865.39,-1771.8,-Inf,-Inf,-Inf,-Inf,2872,2872,-62.313,-142.57,-327.34,-876.37,-1785.8,-Inf,-Inf,-Inf,-Inf
2873,2873,-53.385,-137.03,-342.76,-926.1,-1888,-Inf,-Inf,-Inf,-Inf,2873,2873,-54.414,-137.91,-346.14,-917.78,-1879.4,-Inf,-Inf,-Inf,-Inf,2873,2873,-66.063,-152.34,-349.05,-930.49,-1893.3,-Inf,-Inf,-Inf,-Inf
2874,2874,-59.001,-147.5,-364.17,-979.68,-1995.3,-Inf,-Inf,-Inf,-Inf,2874,2874,-58.925,-148.39,-367.3,-973.03,-1987,-Inf,-Inf,-Inf,-Inf,2874,2874,-73.037,-162.37,-370.82,-984.37,-2000.9,-Inf,-Inf,-Inf,-Inf
2875,2875,-62.849,-157.63,-385.73,-1034.1,-2102.5,-Inf,-Inf,-Inf,-Inf,2875,2875,-63.719,-158.51,-388.54,-1025.4,-2094.5,-Inf,-Inf,-Inf,-Inf,2875,2875,-76.022,-172.71,-392.54,-1037.7,-2108.4,-Inf,-Inf,-Inf,-Inf
2876,2876,-69.766,-167.41,-407.41,-1087,-2209.8,-Inf,-Inf,-Inf,-Inf,2876,2876,-69.879,-168.28,-409.9,-1080.4,-2202.1,-Inf,-Inf,-Inf,-Inf,2876,2876,-83.016,-183.26,-414.12,-1092.4,-2215.8,-Inf,-Inf,-Inf,-Inf
2877,2877,-72.768,-177.09,-429.17,-1142,-2317.1,-Inf,-Inf,-Inf,-Inf,2877,2877,-73.322,-177.97,-431.42,-1133.3,-2309.6,-Inf,-Inf,-Inf,-Inf,2877,2877,-86.5,-193.79,-435.51,-1145,-2323.2,-Inf,-Inf,-Inf,-Inf
2878,2878,-79.808,-186.94,-450.91,-1194.4,-2424.5,-Inf,-Inf,-Inf,-Inf,2878,2878,-80.436,-187.82,-453.06,-1187.6,-2417,-Inf,-Inf,-Inf,-Inf,2878,2878,-92.389,-204.02,-456.75,-1200.2,-2430.6,-Inf,-Inf,-Inf,-Inf
2879,2879,-83.208,-197.08,-472.55,-1249.7,-2531.8,-Inf,-Inf,-Inf,-Inf,2879,2879,-83.423,-197.96,-474.81,-1241.3,-2524.5,-Inf,-Inf,-Inf,-Inf,2879,2879,-97.378,-213.86,-477.9,-1252.5,-2537.9,-Inf,-Inf,-Inf,-Inf
2880,2880,-89.207,-207.51,-494.01,-1302,-2639.2,-Inf,-Inf,-Inf,-Inf,2880,2880,-90.204,-208.4,-496.57,-1294.8,-2631.8,-Inf,-Inf,-Inf,-Inf,2880,2880,-101.74,-223.54,-499.08,-1307.7,-2645.2,-Inf,-Inf,-Inf,-Inf
2881,2881,-94.065,-218.09,-515.29,-1357,-2746.7,-Inf,-Inf,-Inf,-Inf,2881,2881,-94.029,-218.98,-518.25,-1349.3,-2739.2,-Inf,-Inf,-Inf,-Inf,2881,2881,-108.28,-233.33,-520.34,-1360.2,-2752.4,-Inf,-Inf,-Inf,-Inf
2882,2882,-98.544,-228.54,-536.46,-1409.9,-2854.2,-Inf,-Inf,-Inf,-Inf,2882,2882,-99.515,-229.42,-539.77,-1402,-2846.4,-Inf,-Inf,-Inf,-Inf,2882,2882,-111.48,-243.39,-541.75,-1415,-2859.6,-Inf,-Inf,-Inf,-Inf
2883,2883,-104.99,-238.62,-557.62,-1464.2,-2961.7,-Inf,-Inf,-Inf,-Inf,2883,2883,-104.96,-239.5,-561.1,-1457.1,-2953.7,-Inf,-Inf,-Inf,-Inf,2883,2883,-118.63,-253.76,-563.3,-1468.1,-2966.9,-Inf,-Inf,-Inf,-Inf
2884,2884,-108.24,-248.38,-578.85,-1517.9,-3070,-Inf,-Inf,-Inf,-Inf,2884,2884,-108.95,-249.25,-582.29,-1509.5,-3061,-Inf,-Inf,-Inf,-Inf,2884,2884,-121.73,-264.32,-584.99,-1522.2,-3073,-Inf,-Inf,-Inf,-Inf
2885,2885,-115.39,-258.07,-600.21,-1571.4,-Inf,-Inf,-Inf,-Inf,-Inf,2885,2885,-115.78,-258.94,-603.44,-1564.8,-Inf,-Inf,-Inf,-Inf,-Inf,2885,2885,-128.21,-274.83,-606.74,-1576.1,-Inf,-Inf,-Inf,-Inf,-Inf
2886,2886,-118.45,-267.94,-621.71,-1625.9,-Inf,-Inf,-Inf,-Inf,-Inf,2886,2886,-118.81,-268.82,-624.65,-1617.2,-Inf,-Inf,-Inf,-Inf,-Inf,2886,2886,-132.45,-285.02,-628.49,-1629.4,-Inf,-Inf,-Inf,-Inf,-Inf
2887,2887,-125.02,-278.12,-643.35,-1678.7,-Inf,-Inf,-Inf,-Inf,-Inf,2887,2887,-125.9,-279,-645.96,-1672.1,-Inf,-Inf,-Inf,-Inf,-Inf,2887,2887,-137.5,-294.84,-650.13,-1684.1,-Inf,-Inf,-Inf,-Inf,-Inf
2888,2888,-129.15,-288.57,-665.09,-1733.8,-Inf,-Inf,-Inf,-Inf,-Inf,2888,2888,-129.2,-289.46,-667.42,-1725.1,-Inf,-Inf,-Inf,-Inf,-Inf,2888,2888,-143.41,-304.51,-671.6,-1736.7,-Inf,-Inf,-Inf,-Inf,-Inf
2889,2889,-134.31,-299.15,-686.85,-1786.1,-Inf,-Inf,-Inf,-Inf,-Inf,2889,2889,-135.34,-300.04,-689.02,-1779.3,-Inf,-Inf,-Inf,-Inf,-Inf,2889,2889,-147.04,-314.32,-692.88,-1791.9,-Inf,-Inf,-Inf,-Inf,-Inf
2890,2890,-140.1,-309.57,-708.54,-1841.4,-Inf,-Inf,-Inf,-Inf,-Inf,2890,2890,-140.03,-310.45,-710.74,-1833,-Inf,-Inf,-Inf,-Inf,-Inf,2890,2890,-154.08,-324.42,-714.05,-1844.3,-Inf,-Inf,-Inf,-Inf,-Inf
2891,2891,-143.82,-319.61,-730.07,-1893.8,-Inf,-Inf,-Inf,-Inf,-Inf,2891,2891,-144.66,-320.49,-732.5,-1886.5,-Inf,-Inf,-Inf,-Inf,-Inf,2891,2891,-157.05,-334.82,-735.21,-1899.5,-Inf,-Inf,-Inf,-Inf,-Inf
2892,2892,-150.81,-329.34,-751.41,-1948.7,-Inf,-Inf,-Inf,-Inf,-Inf,2892,2892,-150.97,-330.22,-754.22,-1941,-Inf,-Inf,-Inf,-Inf,-Inf,2892,2892,-163.97,-345.39,-756.44,-1952,-Inf,-Inf,-Inf,-Inf,-Inf
2893,2893,-153.79,-339.04,-772.62,-2001.7,-Inf,-Inf,-Inf,-Inf,-Inf,2893,2893,-154.31,-339.92,-775.81,-1993.8,-Inf,-Inf,-Inf,-Inf,-Inf,2893,2893,-167.58,-355.87,-777.79,-2006.7,-Inf,-Inf,-Inf,-Inf,-Inf
2894,2894,-160.77,-348.95,-793.77,-2055.9,-Inf,-Inf,-Inf,-Inf,-Inf,2894,2894,-161.45,-349.82,-797.2,-2048.9,-Inf,-Inf,-Inf,-Inf,-Inf,2894,2894,-173.31,-366.02,-799.29,-2059.9,-Inf,-Inf,-Inf,-Inf,-Inf
2895,2895,-164.28,-359.16,-814.96,-2109.6,-Inf,-Inf,-Inf,-Inf,-Inf,2895,2895,-164.47,-360.04,-818.44,-2101.3,-Inf,-Inf,-Inf,-Inf,-Inf,2895,2895,-178.48,-375.8,-820.93,-2113.9,-Inf,-Inf,-Inf,-Inf,-Inf
2896,2896,-170.13,-369.64,-836.27,-2163.1,-Inf,-Inf,-Inf,-Inf,-Inf,2896,2896,-171.14,-370.53,-839.59,-2156.5,-Inf,-Inf,-Inf,-Inf,-Inf,2896,2896,-182.69,-385.48,-842.67,-2167.9,-Inf,-Inf,-Inf,-Inf,-Inf
2897,2897,-175.17,-380.21,-857.72,-2217.7,-Inf,-Inf,-Inf,-Inf,-Inf,2897,2897,-175.12,-381.1,-860.77,-2208.9,-Inf,-Inf,-Inf,-Inf,-Inf,2897,2897,-189.36,-395.32,-864.43,-2221.1,-Inf,-Inf,-Inf,-Inf,-Inf
2898,2898,-179.49,-390.6,-879.31,-2270.4,-Inf,-Inf,-Inf,-Inf,-Inf,2898,2898,-180.44,-391.48,-882.04,-2263.8,-Inf,-Inf,-Inf,-Inf,-Inf,2898,2898,-192.48,-405.45,-886.12,-2275.9,-Inf,-Inf,-Inf,-Inf,-Inf
2899,2899,-186.07,-400.6,-901.02,-2325.5,-Inf,-Inf,-Inf,-Inf,-Inf,2899,2899,-186.07,-401.47,-903.44,-2316.8,-Inf,-Inf,-Inf,-Inf,-Inf,2899,2899,-199.62,-415.88,-907.66,-2328.5,-Inf,-Inf,-Inf,-Inf,-Inf
2900,2900,-189.24,-410.31,-922.79,-2377.9,-Inf,-Inf,-Inf,-Inf,-Inf,2900,2900,-189.91,-411.18,-924.99,-2371,-Inf,-Inf,-Inf,-Inf,-Inf,2900,2900,-202.78,-426.45,-929,-2383.7,-Inf,-Inf,-Inf,-Inf,-Inf
2901,2901,-196.39,-420.02,-944.51,-2433.1,-Inf,-Inf,-Inf,-Inf,-Inf,2901,2901,-196.83,-420.9,-946.67,-2424.8,-Inf,-Inf,-Inf,-Inf,-Inf,2901,2901,-209.13,-436.91,-950.2,-2436,-Inf,-Inf,-Inf,-Inf,-Inf
2902,2902,-199.5,-429.95,-966.11,-2485.6,-Inf,-Inf,-Inf,-Inf,-Inf,2902,2902,-199.83,-430.83,-968.43,-2478.2,-Inf,-Inf,-Inf,-Inf,-Inf,2902,2902,-213.55,-447.01,-971.36,-2491.2,-Inf,-Inf,-Inf,-Inf,-Inf
2903,2903,-205.95,-440.2,-987.52,-2540.5,-Inf,-Inf,-Inf,-Inf,-Inf,2903,2903,-206.87,-441.08,-990.17,-2532.8,-Inf,-Inf,-Inf,-Inf,-Inf,2903,2903,-218.43,-456.77,-992.55,-2543.8,-Inf,-Inf,-Inf,-Inf,-Inf
2904,2904,-210.24,-450.7,-1008.8,-2593.4,-Inf,-Inf,-Inf,-Inf,-Inf,2904,2904,-210.27,-451.59,-1011.8,-2585.5,-Inf,-Inf,-Inf,-Inf,-Inf,2904,2904,-224.51,-466.46,-1013.9,-2598.5,-Inf,-Inf,-Inf,-Inf,-Inf
2905,2905,-215.24,-461.27,-1029.9,-2647.6,-Inf,-Inf,-Inf,-Inf,-Inf,2905,2905,-216.26,-462.16,-1033.3,-2640.7,-Inf,-Inf,-Inf,-Inf,-Inf,2905,2905,-228.01,-476.32,-1035.3,-2651.7,-Inf,-Inf,-Inf,-Inf,-Inf
2906,2906,-221.2,-471.62,-1051.1,-2701.4,-Inf,-Inf,-Inf,-Inf,-Inf,2906,2906,-221.13,-472.5,-1054.6,-2693,-Inf,-Inf,-Inf,-Inf,-Inf,2906,2906,-235.11,-486.49,-1056.9,-2705.6,-Inf,-Inf,-Inf,-Inf,-Inf
2907,2907,-224.79,-481.58,-1072.3,-2754.8,-Inf,-Inf,-Inf,-Inf,-Inf,2907,2907,-225.6,-482.45,-1075.7,-2748.2,-Inf,-Inf,-Inf,-Inf,-Inf,2907,2907,-238.08,-496.94,-1078.6,-2759.7,-Inf,-Inf,-Inf,-Inf,-Inf
2908,2908,-231.85,-491.28,-1093.7,-2809.4,-Inf,-Inf,-Inf,-Inf,-Inf,2908,2908,-232.06,-492.15,-1096.9,-2800.7,-Inf,-Inf,-Inf,-Inf,-Inf,2908,2908,-244.92,-507.51,-1100.4,-2812.8,-Inf,-Inf,-Inf,-Inf,-Inf
2909,2909,-234.82,-501,-1115.3,-2862.1,-Inf,-Inf,-Inf,-Inf,-Inf,2909,2909,-235.3,-501.88,-1118.1,-2855.5,-Inf,-Inf,-Inf,-Inf,-Inf,2909,2909,-248.66,-517.94,-1122.1,-2867.7,-Inf,-Inf,-Inf,-Inf,-Inf
2910,2910,-241.72,-510.97,-1137,-2917.3,-Inf,-Inf,-Inf,-Inf,-Inf,2910,2910,-242.46,-511.85,-1139.5,-2908.6,-Inf,-Inf,-Inf,-Inf,-Inf,2910,2910,-254.24,-528,-1143.7,-2920.2,-Inf,-Inf,-Inf,-Inf,-Inf
2911,2911,-245.37,-521.24,-1158.7,-2969.6,-Inf,-Inf,-Inf,-Inf,-Inf,2911,2911,-245.52,-522.13,-1161,-2962.7,-Inf,-Inf,-Inf,-Inf,-Inf,2911,2911,-259.59,-537.74,-1165.1,-2975.4,-Inf,-Inf,-Inf,-Inf,-Inf
2912,2912,-251.05,-531.77,-1180.5,-3024.9,-Inf,-Inf,-Inf,-Inf,-Inf,2912,2912,-252.08,-532.65,-1182.6,-3016.6,-Inf,-Inf,-Inf,-Inf,-Inf,2912,2912,-263.65,-547.43,-1186.3,-3027.8,-Inf,-Inf,-Inf,-Inf,-Inf
2913,2913,-256.28,-542.32,-1202.1,-3079,-Inf,-Inf,-Inf,-Inf,-Inf,2913,2913,-256.21,-543.21,-1204.4,-3070,-Inf,-Inf,-Inf,-Inf,-Inf,2913,2913,-270.43,-557.33,-1207.5,-Inf,-Inf,-Inf,-Inf,-Inf,-Inf
2914,2914,-260.44,-552.63,-1223.6,-Inf,-Inf,-Inf,-Inf,-Inf,-Inf,2914,2914,-261.37,-553.51,-1226.1,-Inf,-Inf,-Inf,-Inf,-Inf,-Inf,2914,2914,-273.49,-567.53,-1228.7,-Inf,-Inf,-Inf,-Inf,-Inf,-Inf
2915,2915,-267.14,-562.55,-1244.9,-Inf,-Inf,-Inf,-Inf,-Inf,-Inf,2915,2915,-267.17,-563.43,-1247.8,-Inf,-Inf,-Inf,-Inf,-Inf,-Inf,2915,2915,-280.6,-578,-1249.9,-Inf,-Inf,-Inf,-Inf,-Inf,-Inf
2916,2916,-270.24,-572.24,-1266.1,-Inf,-Inf,-Inf,-Inf,-Inf,-Inf,2916,2916,-270.88,-573.12,-1269.3,-Inf,-Inf,-Inf,-Inf,-Inf,-Inf,2916,2916,-283.85,-588.58,-1271.3,-Inf,-Inf,-Inf,-Inf,-Inf,-Inf
2917,2917,-277.38,-581.99,-1287.2,-Inf,-Inf,-Inf,-Inf,-Inf,-Inf,2917,2917,-277.88,-582.86,-1290.7,-Inf,-Inf,-Inf,-Inf,-Inf,-Inf,2917,2917,-290.06,-598.97,-1292.9,-Inf,-Inf,-Inf,-Inf,-Inf,-Inf
2918,2918,-280.57,-591.98,-1308.4,-Inf,-Inf,-Inf,-Inf,-Inf,-Inf,2918,2918,-280.86,-592.87,-1311.9,-Inf,-Inf,-Inf,-Inf,-Inf,-Inf,2918,2918,-294.66,-608.98,-1314.5,-Inf,-Inf,-Inf,-Inf,-Inf,-Inf
2919,2919,-286.88,-602.29,-1329.8,-Inf,-Inf,-Inf,-Inf,-Inf,-Inf,2919,2919,-287.82,-603.18,-1333,-Inf,-Inf,-Inf,-Inf,-Inf,-Inf,2919,2919,-299.37,-618.7,-1336.3,-Inf,-Inf,-Inf,-Inf,-Inf,-Inf
2920,2920,-291.35,-612.83,-1351.3,-Inf,-Inf,-Inf,-Inf,-Inf,-Inf,2920,2920,-291.35,-613.72,-1354.2,-Inf,-Inf,-Inf,-Inf,-Inf,-Inf,2920,2920,-305.61,-628.41,-1358,-Inf,-Inf,-Inf,-Inf,-Inf,-Inf
2921,2921,-296.18,-623.38,-1372.9,-Inf,-Inf,-Inf,-Inf,-Inf,-Inf,2921,2921,-297.19,-624.26,-1375.5,-Inf,-Inf,-Inf,-Inf,-Inf,-Inf,2921,2921,-309,-638.33,-1379.7,-Inf,-Inf,-Inf,-Inf,-Inf,-Inf
2922,2922,-302.3,-633.65,-1394.6,-Inf,-Inf,-Inf,-Inf,-Inf,-Inf,2922,2922,-302.24,-634.53,-1397,-Inf,-Inf,-Inf,-Inf,-Inf,-Inf,2922,2922,-316.13,-648.57,-1401.2,-Inf,-Inf,-Inf,-Inf,-Inf,-Inf
2923,2923,-305.77,-643.53,-1416.4,-Inf,-Inf,-Inf,-Inf,-Inf,-Inf,2923,2923,-306.55,-644.4,-1418.6,-Inf,-Inf,-Inf,-Inf,-Inf,-Inf,2923,2923,-319.12,-659.06,-1422.5,-Inf,-Inf,-Inf,-Inf,-Inf,-Inf
2924,2924,-312.88,-653.21,-1438.1,-Inf,-Inf,-Inf,-Inf,-Inf,-Inf,2924,2924,-313.14,-654.08,-1440.3,-Inf,-Inf,-Inf,-Inf,-Inf,-Inf,2924,2924,-325.86,-669.63,-1443.7,-Inf,-Inf,-Inf,-Inf,-Inf,-Inf
2925,2925,-315.86,-662.97,-1459.6,-Inf,-Inf,-Inf,-Inf,-Inf,-Inf,2925,2925,-316.3,-663.85,-1462,-Inf,-Inf,-Inf,-Inf,-Inf,-Inf,2925,2925,-329.75,-679.99,-1464.8,-Inf,-Inf,-Inf,-Inf,-Inf,-Inf
2926,2926,-322.66,-673.01,-1481,-Inf,-Inf,-Inf,-Inf,-Inf,-Inf,2926,2926,-323.45,-673.89,-1483.8,-Inf,-Inf,-Inf,-Inf,-Inf,-Inf,2926,2926,-335.16,-689.97,-1486,-Inf,-Inf,-Inf,-Inf,-Inf,-Inf
2927,2927,-326.45,-683.34,-1502.2,-Inf,-Inf,-Inf,-Inf,-Inf,-Inf,2927,2927,-326.57,-684.23,-1505.4,-Inf,-Inf,-Inf,-Inf,-Inf,-Inf,2927,2927,-340.7,-699.67,-1507.4,-Inf,-Inf,-Inf,-Inf,-Inf,-Inf
2928,2928,-331.98,-693.9,-1523.4,-Inf,-Inf,-Inf,-Inf,-Inf,-Inf,2928,2928,-333.01,-694.78,-1526.8,-Inf,-Inf,-Inf,-Inf,-Inf,-Inf,2928,2928,-344.61,-709.39,-1528.9,-Inf,-Inf,-Inf,-Inf,-Inf,-Inf
2929,2929,-337.38,-704.42,-1544.6,-Inf,-Inf,-Inf,-Inf,-Inf,-Inf,2929,2929,-337.31,-705.31,-1548,-Inf,-Inf,-Inf,-Inf,-Inf,-Inf,2929,2929,-351.49,-719.35,-1550.5,-Inf,-Inf,-Inf,-Inf,-Inf,-Inf
2930,2930,-341.4,-714.65,-1565.9,-Inf,-Inf,-Inf,-Inf,-Inf,-Inf,2930,2930,-342.3,-715.53,-1569.2,-Inf,-Inf,-Inf,-Inf,-Inf,-Inf,2930,2930,-354.5,-729.61,-1572.2,-Inf,-Inf,-Inf,-Inf,-Inf,-Inf
2931,2931,-348.21,-724.5,-1587.3,-Inf,-Inf,-Inf,-Inf,-Inf,-Inf,2931,2931,-348.27,-725.38,-1590.4,-Inf,-Inf,-Inf,-Inf,-Inf,-Inf,2931,2931,-361.57,-740.13,-1594,-Inf,-Inf,-Inf,-Inf,-Inf,-Inf
2932,2932,-351.25,-734.18,-1608.9,-Inf,-Inf,-Inf,-Inf,-Inf,-Inf,2932,2932,-351.85,-735.05,-1611.6,-Inf,-Inf,-Inf,-Inf,-Inf,-Inf,2932,2932,-364.92,-750.69,-1615.7,-Inf,-Inf,-Inf,-Inf,-Inf,-Inf
2933,2933,-358.35,-743.97,-1630.6,-Inf,-Inf,-Inf,-Inf,-Inf,-Inf,2933,2933,-358.91,-744.84,-1633,-Inf,-Inf,-Inf,-Inf,-Inf,-Inf,2933,2933,-370.98,-761.01,-1637.2,-Inf,-Inf,-Inf,-Inf,-Inf,-Inf
2934,2934,-361.63,-754.03,-1652.3,-Inf,-Inf,-Inf,-Inf,-Inf,-Inf,2934,2934,-361.89,-754.91,-1654.5,-Inf,-Inf,-Inf,-Inf,-Inf,-Inf,2934,2934,-375.76,-770.95,-1658.6,-Inf,-Inf,-Inf,-Inf,-Inf,-Inf
2935,2935,-367.8,-764.4,-1674.1,-Inf,-Inf,-Inf,-Inf,-Inf,-Inf,2935,2935,-368.78,-765.29,-1676.2,-Inf,-Inf,-Inf,-Inf,-Inf,-Inf,2935,2935,-380.31,-780.64,-1679.8,-Inf,-Inf,-Inf,-Inf,-Inf,-Inf
2936,2936,-372.45,-774.96,-1695.7,-Inf,-Inf,-Inf,-Inf,-Inf,-Inf,2936,2936,-372.43,-775.85,-1698,-Inf,-Inf,-Inf,-Inf,-Inf,-Inf,2936,2936,-386.69,-790.38,-1701,-Inf,-Inf,-Inf,-Inf,-Inf,-Inf
2937,2937,-377.12,-785.47,-1717.1,-Inf,-Inf,-Inf,-Inf,-Inf,-Inf,2937,2937,-378.11,-786.35,-1719.7,-Inf,-Inf,-Inf,-Inf,-Inf,-Inf,2937,2937,-389.99,-800.36,-1722.1,-Inf,-Inf,-Inf,-Inf,-Inf,-Inf
2938,2938,-383.39,-795.66,-1738.4,-Inf,-Inf,-Inf,-Inf,-Inf,-Inf,2938,2938,-383.35,-796.53,-1741.4,-Inf,-Inf,-Inf,-Inf,-Inf,-Inf,2938,2938,-397.14,-810.66,-1743.4,-Inf,-Inf,-Inf,-Inf,-Inf,-Inf
2939,2939,-386.76,-805.47,-1759.5,-Inf,-Inf,-Inf,-Inf,-Inf,-Inf,2939,2939,-387.5,-806.35,-1762.9,-Inf,-Inf,-Inf,-Inf,-Inf,-Inf,2939,2939,-400.17,-821.19,-1764.9,-Inf,-Inf,-Inf,-Inf,-Inf,-Inf
2940,2940,-393.89,-815.15,-1780.7,-Inf,-Inf,-Inf,-Inf,-Inf,-Inf,2940,2940,-394.21,-816.02,-1784.2,-Inf,-Inf,-Inf,-Inf,-Inf,-Inf,2940,2940,-406.79,-831.74,-1786.4,-Inf,-Inf,-Inf,-Inf,-Inf,-Inf
2941,2941,-396.9,-824.96,-1801.9,-Inf,-Inf,-Inf,-Inf,-Inf,-Inf,2941,2941,-397.31,-825.84,-1805.4,-Inf,-Inf,-Inf,-Inf,-Inf,-Inf,2941,2941,-410.85,-842.03,-1808.1,-Inf,-Inf,-Inf,-Inf,-Inf,-Inf
2942,2942,-403.6,-835.06,-1823.3,-Inf,-Inf,-Inf,-Inf,-Inf,-Inf,2942,2942,-404.44,-835.94,-1826.5,-Inf,-Inf,-Inf,-Inf,-Inf,-Inf,2942,2942,-416.09,-851.92,-1829.9,-Inf,-Inf,-Inf,-Inf,-Inf,-Inf
2943,2943,-407.54,-845.45,-1844.8,-Inf,-Inf,-Inf,-Inf,-Inf,-Inf,2943,2943,-407.63,-846.34,-1847.7,-Inf,-Inf,-Inf,-Inf,-Inf,-Inf,2943,2943,-421.8,-861.6,-1851.6,-Inf,-Inf,-Inf,-Inf,-Inf,-Inf
2944,2944,-412.9,-856.03,-1866.5,-Inf,-Inf,-Inf,-Inf,-Inf,-Inf,2944,2944,-413.93,-856.91,-1869.1,-Inf,-Inf,-Inf,-Inf,-Inf,-Inf,2944,2944,-425.57,-871.36,-1873.3,-Inf,-Inf,-Inf,-Inf,-Inf,-Inf
2945,2945,-418.49,-866.51,-1888.3,-Inf,-Inf,-Inf,-Inf,-Inf,-Inf,2945,2945,-418.41,-867.39,-1890.5,-Inf,-Inf,-Inf,-Inf,-Inf,-Inf,2945,2945,-432.54,-881.38,-1894.7,-Inf,-Inf,-Inf,-Inf,-Inf,-Inf
2946,2946,-422.36,-876.65,-1910,-Inf,-Inf,-Inf,-Inf,-Inf,-Inf,2946,2946,-423.24,-877.53,-1912.2,-Inf,-Inf,-Inf,-Inf,-Inf,-Inf,2946,2946,-435.52,-891.71,-1916,-Inf,-Inf,-Inf,-Inf,-Inf,-Inf
2947,2947,-429.26,-886.44,-1931.7,-Inf,-Inf,-Inf,-Inf,-Inf,-Inf,2947,2947,-429.37,-887.31,-1933.9,-Inf,-Inf,-Inf,-Inf,-Inf,-Inf,2947,2947,-442.53,-902.26,-1937.1,-Inf,-Inf,-Inf,-Inf,-Inf,-Inf
2948,2948,-432.27,-896.12,-1953.2,-Inf,-Inf,-Inf,-Inf,-Inf,-Inf,2948,2948,-432.83,-896.99,-1955.7,-Inf,-Inf,-Inf,-Inf,-Inf,-Inf,2948,2948,-445.99,-912.79,-1958.3,-Inf,-Inf,-Inf,-Inf,-Inf,-Inf
2949,2949,-439.32,-905.96,-1974.5,-Inf,-Inf,-Inf,-Inf,-Inf,-Inf,2949,2949,-439.94,-906.84,-1977.4,-Inf,-Inf,-Inf,-Inf,-Inf,-Inf,2949,2949,-451.91,-923.03,-1979.5,-Inf,-Inf,-Inf,-Inf,-Inf,-Inf
2950,2950,-442.7,-916.09,-1995.7,-Inf,-Inf,-Inf,-Inf,-Inf,-Inf,2950,2950,-442.92,-916.97,-1998.9,-Inf,-Inf,-Inf,-Inf,-Inf,-Inf,2950,2950,-456.87,-932.89,-2000.9,-Inf,-Inf,-Inf,-Inf,-Inf,-Inf
2951,2951,-448.73,-926.51,-2016.8,-Inf,-Inf,-Inf,-Inf,-Inf,-Inf,2951,2951,-449.72,-927.4,-2020.3,-Inf,-Inf,-Inf,-Inf,-Inf,-Inf,2951,2951,-461.26,-942.57,-2022.4,-Inf,-Inf,-Inf,-Inf,-Inf,-Inf
2952,2952,-453.55,-937.09,-2038,-Inf,-Inf,-Inf,-Inf,-Inf,-Inf,2952,2952,-453.52,-937.98,-2041.5,-Inf,-Inf,-Inf,-Inf,-Inf,-Inf,2952,2952,-467.78,-952.35,-2044.1,-Inf,-Inf,-Inf,-Inf,-Inf,-Inf
2953,2953,-458.06,-947.55,-2059.4,-Inf,-Inf,-Inf,-Inf,-Inf,-Inf,2953,2953,-459.03,-948.43,-2062.7,-Inf,-Inf,-Inf,-Inf,-Inf,-Inf,2953,2953,-470.98,-962.4,-2065.8,-Inf,-Inf,-Inf,-Inf,-Inf,-Inf
2954,2954,-464.48,-957.65,-2080.8,-Inf,-Inf,-Inf,-Inf,-Inf,-Inf,2954,2954,-464.45,-958.52,-2083.8,-Inf,-Inf,-Inf,-Inf,-Inf,-Inf,2954,2954,-478.14,-972.76,-2087.6,-Inf,-Inf,-Inf,-Inf,-Inf,-Inf
2955,2955,-467.75,-967.41,-2102.5,-Inf,-Inf,-Inf,-Inf,-Inf,-Inf,2955,2955,-468.46,-968.28,-2105.1,-Inf,-Inf,-Inf,-Inf,-Inf,-Inf,2955,2955,-481.22,-983.32,-2109.3,-Inf,-Inf,-Inf,-Inf,-Inf,-Inf
2956,2956,-474.9,-977.09,-2124.2,-Inf,-Inf,-Inf,-Inf,-Inf,-Inf,2956,2956,-475.27,-977.97,-2126.6,-Inf,-Inf,-Inf,-Inf,-Inf,-Inf,2956,2956,-487.72,-993.84,-2130.8,-Inf,-Inf,-Inf,-Inf,-Inf,-Inf
2957,2957,-477.95,-986.96,-2145.9,-Inf,-Inf,-Inf,-Inf,-Inf,-Inf,2957,2957,-478.32,-987.84,-2148.1,-Inf,-Inf,-Inf,-Inf,-Inf,-Inf,2957,2957,-491.94,-1004,-2152.1,-Inf,-Inf,-Inf,-Inf,-Inf,-Inf
2958,2958,-484.54,-997.12,-2167.7,-Inf,-Inf,-Inf,-Inf,-Inf,-Inf,2958,2958,-485.41,-998.01,-2169.8,-Inf,-Inf,-Inf,-Inf,-Inf,-Inf,2958,2958,-497.02,-1013.9,-2173.3,-Inf,-Inf,-Inf,-Inf,-Inf,-Inf
2959,2959,-488.64,-1007.6,-2189.2,-Inf,-Inf,-Inf,-Inf,-Inf,-Inf,2959,2959,-488.7,-1008.5,-2191.6,-Inf,-Inf,-Inf,-Inf,-Inf,-Inf,2959,2959,-502.9,-1023.5,-2194.4,-Inf,-Inf,-Inf,-Inf,-Inf,-Inf
2960,2960,-493.83,-1018.2,-2210.6,-Inf,-Inf,-Inf,-Inf,-Inf,-Inf,2960,2960,-494.86,-1019,-2213.3,-Inf,-Inf,-Inf,-Inf,-Inf,-Inf,2960,2960,-506.55,-1033.3,-2215.6,-Inf,-Inf,-Inf,-Inf,-Inf,-Inf
2961,2961,-499.59,-1028.6,-2231.8,-Inf,-Inf,-Inf,-Inf,-Inf,-Inf,2961,2961,-499.52,-1029.5,-2234.9,-Inf,-Inf,-Inf,-Inf,-Inf,-Inf,2961,2961,-513.58,-1043.4,-2237,-Inf,-Inf,-Inf,-Inf,-Inf,-Inf
2962,2962,-503.33,-1038.6,-2253,-Inf,-Inf,-Inf,-Inf,-Inf,-Inf,2962,2962,-504.17,-1039.5,-2256.4,-Inf,-Inf,-Inf,-Inf,-Inf,-Inf,2962,2962,-516.55,-1053.8,-2258.4,-Inf,-Inf,-Inf,-Inf,-Inf,-Inf
2963,2963,-510.31,-1048.4,-2274.2,-Inf,-Inf,-Inf,-Inf,-Inf,-Inf,2963,2963,-510.46,-1049.2,-2277.6,-Inf,-Inf,-Inf,-Inf,-Inf,-Inf,2963,2963,-523.48,-1064.4,-2280,-Inf,-Inf,-Inf,-Inf,-Inf,-Inf
2964,2964,-513.29,-1058.1,-2295.4,-Inf,-Inf,-Inf,-Inf,-Inf,-Inf,2964,2964,-513.82,-1058.9,-2298.8,-Inf,-Inf,-Inf,-Inf,-Inf,-Inf,2964,2964,-527.07,-1074.9,-2301.8,-Inf,-Inf,-Inf,-Inf,-Inf,-Inf
2965,2965,-520.28,-1068,-2316.9,-Inf,-Inf,-Inf,-Inf,-Inf,-Inf,2965,2965,-520.96,-1068.8,-2320,-Inf,-Inf,-Inf,-Inf,-Inf,-Inf,2965,2965,-532.83,-1085,-2323.5,-Inf,-Inf,-Inf,-Inf,-Inf,-Inf
2966,2966,-523.78,-1078.2,-2338.4,-Inf,-Inf,-Inf,-Inf,-Inf,-Inf,2966,2966,-523.96,-1079,-2341.2,-Inf,-Inf,-Inf,-Inf,-Inf,-Inf,2966,2966,-537.97,-1094.8,-2345.2,-Inf,-Inf,-Inf,-Inf,-Inf,-Inf
2967,2967,-529.65,-1088.6,-2360.1,-Inf,-Inf,-Inf,-Inf,-Inf,-Inf,2967,2967,-530.66,-1089.5,-2362.6,-Inf,-Inf,-Inf,-Inf,-Inf,-Inf,2967,2967,-542.21,-1104.5,-2366.8,-Inf,-Inf,-Inf,-Inf,-Inf,-Inf
2968,2968,-534.66,-1099.2,-2381.9,-Inf,-Inf,-Inf,-Inf,-Inf,-Inf,2968,2968,-534.61,-1100.1,-2384.1,-Inf,-Inf,-Inf,-Inf,-Inf,-Inf,2968,2968,-548.85,-1114.3,-2388.2,-Inf,-Inf,-Inf,-Inf,-Inf,-Inf
2969,2969,-539.01,-1109.6,-2403.6,-Inf,-Inf,-Inf,-Inf,-Inf,-Inf,2969,2969,-539.96,-1110.5,-2405.8,-Inf,-Inf,-Inf,-Inf,-Inf,-Inf,2969,2969,-551.98,-1124.5,-2409.4,-Inf,-Inf,-Inf,-Inf,-Inf,-Inf
2970,2970,-545.56,-1119.6,-2425.2,-Inf,-Inf,-Inf,-Inf,-Inf,-Inf,2970,2970,-545.56,-1120.5,-2427.5,-Inf,-Inf,-Inf,-Inf,-Inf,-Inf,2970,2970,-559.13,-1134.9,-2430.6,-Inf,-Inf,-Inf,-Inf,-Inf,-Inf
2971,2971,-548.75,-1129.3,-2446.7,-Inf,-Inf,-Inf,-Inf,-Inf,-Inf,2971,2971,-549.42,-1130.2,-2449.3,-Inf,-Inf,-Inf,-Inf,-Inf,-Inf,2971,2971,-562.28,-1145.5,-2451.7,-Inf,-Inf,-Inf,-Inf,-Inf,-Inf
2972,2972,-555.9,-1139,-2468,-Inf,-Inf,-Inf,-Inf,-Inf,-Inf,2972,2972,-556.33,-1139.9,-2470.9,-Inf,-Inf,-Inf,-Inf,-Inf,-Inf,2972,2972,-568.65,-1155.9,-2473,-Inf,-Inf,-Inf,-Inf,-Inf,-Inf
2973,2973,-559,-1149,-2489.1,-Inf,-Inf,-Inf,-Inf,-Inf,-Inf,2973,2973,-559.33,-1149.9,-2492.5,-Inf,-Inf,-Inf,-Inf,-Inf,-Inf,2973,2973,-573.04,-1166,-2494.4,-Inf,-Inf,-Inf,-Inf,-Inf,-Inf
2974,2974,15.023,23.397,32.602,46.445,55.829,52.82,60.29,51.796,54.985,2974,2974,13.863,29.756,35.38,45.005,62.224,60.398,57.081,47.314,44.694,2974,2974,17.238,27.748,34.226,47.94,69.008,73.179,75.288,61.447,60.098
2975,2975,22.542,19.731,34.431,49.237,58.864,54.124,61.144,47.602,48.282,2975,2975,16.194,27.612,32.553,44.431,65.241,62.457,58.387,46.59,39.431,2975,2975,23.545,25.582,29.325,51.256,68.735,74.73,77.16,56.241,50.44
2976,2976,15.946,21.153,33.035,49.939,54.029,52.77,67.555,51.389,44.679,2976,2976,13.948,27.298,31.659,45.451,59.802,59.148,63.111,50.748,40.811,2976,2976,15.996,17.791,28.752,51.239,65.38,74.57,81.938,61.251,44.458
2977,2977,11.388,19.311,32.205,54.752,55.154,55.658,72.892,56.885,46.665,2977,2977,17.585,20.52,24.675,45.147,59.467,59.433,69.063,54.097,42.463,2977,2977,15.002,22.552,33.118,50.258,66.303,76.554,85.578,66.675,48.024
2978,2978,15.451,22.088,31.538,47.218,55.519,54.689,72.104,57.396,48.069,2978,2978,15.802,22.297,31.466,44.16,54.997,59.841,68.679,54.868,42.489,2978,2978,5.1211,11.335,31.316,48.5,64.924,77.059,85.026,67.881,48.507
2979,2979,19.134,20.363,23.536,31.185,45.09,43.15,55.968,53.216,55.494,2979,2979,16.466,26.488,26.884,31.396,43.233,48.281,55.834,39.815,44.183,2979,2979,15.53,29.379,28.315,40.708,47.121,68.139,75.119,59.652,55.45
2980,2980,20.547,13.786,1.4898,-22.262,-68.351,-172.41,-385.37,-617.8,-1402.6,2980,2980,22.458,19.106,3.9231,-23.838,-73.009,-172.92,-378.58,-636,-1413.5,2980,2980,24.07,19.987,10.294,-16.935,-70.161,-157.01,-359.28,-609.88,-1404.2
2981,2981,10.79,2.6173,-19.907,-77.032,-175.93,-387.41,-819.13,-1291.9,-2859.3,2981,2981,16.27,8.0443,-17.654,-78.937,-180.39,-387.82,-810.66,-1310,-2870.2,2981,2981,15.962,9.0772,-11.228,-72.15,-177.68,-372.01,-792.27,-1283.9,-2861.6
2982,2982,7.2452,-7.8447,-41.632,-129.62,-283.5,-602.4,-1251.3,-1966,-Inf,2982,2982,11.636,-2.2626,-39.226,-131.67,-287.73,-602.7,-1243.9,-1984,-Inf,2982,2982,12.29,-1.1453,-32.911,-124.49,-285.23,-587,-1226.5,-1957.9,-Inf
2983,2983,-0.092487,-18.299,-63.329,-184.83,-391.05,-817.38,-1684,-2640.2,-Inf,2983,2983,4.7874,-12.292,-60.94,-186.16,-395.03,-817.54,-1678.2,-2658.1,-Inf,2983,2983,4.6585,-11.141,-54.676,-179.63,-392.8,-802,-1659.8,-2631.9,-Inf
2984,2984,15.13,25.422,33.616,41.468,59.83,60.973,79.853,67.343,56.265,2984,2984,10.161,25.84,32.957,39.441,53.534,60.544,75.989,65.848,56.703,2984,2984,16.782,30.75,31.669,45.76,64.947,79.505,93.611,75.297,69.154
2985,2985,22.878,21.778,31.497,35.32,53.712,60.797,78.768,66.264,49.603,2985,2985,17.345,18.715,30.351,30.403,53.373,61.823,76.709,66.147,45.224,2985,2985,23.601,25.646,32.169,41.542,62.91,81.406,93.676,74.929,53.954
2986,2986,15.323,18.036,29.431,33.61,49.594,60.426,78.349,64.368,46.165,2986,2986,11.792,15.073,34.661,34.549,57.386,61.189,75.39,63.808,43.395,2986,2986,14.693,19.774,34.442,39.469,62.563,80.889,91.81,73.754,52.374
2987,2987,14.896,22.262,31.082,34.731,47.101,55.977,76.4,59.147,46.742,2987,2987,15.799,22.721,28.99,35.08,50.224,55.11,73.566,58.98,42.477,2987,2987,8.4373,16.314,33.223,39.244,56.477,75.534,89.582,69.955,50.186
2988,2988,15.131,22.972,31.979,42.027,45.376,47.022,68.312,55.689,44.332,2988,2988,15.653,22.726,29.298,33.204,48.711,48.532,65.7,56.612,40.561,2988,2988,4.3038,23.651,35.741,44.11,54.903,67.198,81.491,64.889,44.711
2989,2989,14.529,22.548,31.774,39.704,52.341,47.434,63.888,50.111,43.842,2989,2989,14.822,23.642,25.705,36.114,47.625,47.002,60.711,51.548,40.211,2989,2989,10.106,27.95,30.072,46.577,57.67,64.645,78.37,58.931,42.501
2990,2990,15.902,25.234,29.092,33.757,49.112,46.289,63.497,48.803,40.066,2990,2990,15.99,24.374,30.967,37.23,50.538,48.024,60.346,50.043,38.209,2990,2990,2.9612,19.606,34.377,52.723,61.012,65.007,76.899,57.505,41.087
2991,2991,12.85,19.726,24.834,39.5,52.32,47.673,65.807,49.373,43.05,2991,2991,19.086,21.784,25.717,37.502,50.867,48.877,62.673,49.572,38.593,2991,2991,-1.9455,11.928,34.337,48.92,60.751,65.255,78.691,59.572,42.761
2992,2992,13.732,22.809,30.398,35.364,43.497,44.282,65.485,49.696,40.578,2992,2992,20.577,27.391,26.084,33.504,45.773,44.78,62.461,49.867,37.971,2992,2992,2.1784,15.403,26.759,39.746,55.285,62.364,78.912,59.694,42.209
2993,2993,3.2266,17.142,31.8,39.846,44.432,40.359,58.193,46.713,44.844,2993,2993,18.926,24.039,27.699,35.698,43.021,41.912,55.604,46.191,39.33,2993,2993,4.2359,24.031,33.312,41.036,51.651,58.623,71.557,53.198,40.905
2994,2994,6.4473,21.334,35.243,41.574,51.697,43.313,54.291,54.435,58.059,2994,2994,14.119,22.751,28.768,40.189,47.159,44.844,50.489,52.187,52.526,2994,2994,9.6024,26.908,37.387,44.347,52.23,57.607,67.866,50.276,55.265
2995,2995,20.029,29.231,37.28,46.536,51.034,46.986,61.558,69.545,59.684,2995,2995,21.017,27.166,33.798,43.436,58.504,54.653,59.947,65.505,54.709,2995,2995,16.384,34.451,35.663,40.59,53.933,60.732,76.069,59.579,54.037
2996,2996,24.044,29.476,31.764,45.99,44.443,44.099,55.967,43.164,40.594,2996,2996,25.487,24.857,31.259,44.931,47.792,44.186,53.945,44.004,36.78,2996,2996,11.979,22.899,34.215,42.045,52.834,61.039,72.627,52.753,39.651
2997,2997,19.488,26.717,32.002,51.259,50.342,45.24,58.766,45.89,39.363,2997,2997,17.338,27.278,28.109,41.613,49.959,47.893,56.353,47.962,37.324,2997,2997,4.9997,20.872,33.798,41.183,54.518,63.211,74.479,55.679,39.907
2998,2998,16.365,21.699,34.722,45.641,43.97,46.323,59.316,47.336,42.322,2998,2998,22.248,21.6,26.06,46.495,50.796,48.384,56.537,49.12,37.88,2998,2998,8.2835,24.248,34.407,44.774,56.087,63.274,74.908,56.361,39.934
2999,2999,17.168,21.013,30.809,42.064,46.204,44.377,56.285,46.226,37.183,2999,2999,21.773,22.418,34.381,45.916,50.491,46.968,54.095,48.896,37.049,2999,2999,8.1588,20.58,33.467,45.918,56.422,64.398,70.886,54.948,39.205
3000,3000,12.245,18.985,34.599,55.02,48.649,46.088,56.308,48.17,42.571,3000,3000,14.912,25.385,32.414,46.524,55.508,51.363,55.038,50.959,37.307,3000,3000,-0.31731,20.14,32.615,46.28,56.848,64.191,70.172,55.203,39.663
3001,3001,14.512,27.106,30.459,48.498,49.28,45.562,54.201,46.181,38.776,3001,3001,15.307,19.84,29.836,49.868,48.478,43.874,52.854,48.062,36.932,3001,3001,1.4155,20.903,31.042,43.4,51.856,60.149,69.406,51.988,39.333
3002,3002,13.198,29.264,34.144,43.011,45.65,43.16,51.204,43.717,42.244,3002,3002,21.602,25.7,33.46,43.891,49.567,45.737,49.571,45.693,37.772,3002,3002,4.3135,17.321,35.208,40.623,52.245,57.118,64.005,48.293,38.48
3003,3003,22.193,27.083,29.501,40.087,45.485,41.932,48.9,43.973,38.899,3003,3003,25.462,26.253,33.446,43.334,46.116,42.322,48.404,46.472,37.038,3003,3003,4.2585,20.354,29.572,39.762,49.381,55.193,63.452,49.027,38.383
3004,3004,17.764,26.097,32.768,40.263,43.927,42.289,48.503,44.102,42.132,3004,3004,23.196,24.424,32.317,39.494,46.015,43.533,48.707,46.51,37.56,3004,3004,4.6294,18.94,32.771,39.485,49.506,56.451,63.278,51.313,38.642
3005,3005,13.614,23.595,31.008,43.281,48.425,45.692,57.092,46.796,39.8,3005,3005,12.902,23.233,34.963,41.672,44.684,45.609,55.4,48.469,37.429,3005,3005,-1.7072,16.428,36.509,37.805,51.446,62.45,70.848,55.187,39.345
3006,3006,13.717,26.593,32.705,39.545,51.832,47.716,59.199,47.505,43.426,3006,3006,15.393,16.198,32.181,38.766,50.762,48.834,57.93,48.856,37.996,3006,3006,3.6603,19.534,29.812,38.983,53.615,66.306,74.69,56.39,41.12
3007,3007,15.62,18.294,24.867,37.483,47.484,52.769,60.173,50.739,43.308,3007,3007,20.056,21.064,27.377,36.973,51.547,51.886,59.055,51.873,39.244,3007,3007,-0.68716,17.409,30.83,40.701,56.891,68.691,75.747,56.308,42.573
3008,3008,18.931,21.141,32.576,37.864,49.753,51.666,58.248,52.337,44.358,3008,3008,21.326,24.045,32.424,36.056,49.206,50.67,57.832,52.736,39.086,3008,3008,9.0986,23.116,35.095,42.84,56.942,67.812,74.463,53.822,41.199
3009,3009,20.962,21.673,30.642,42.345,49.621,51.328,56.764,52.848,42.414,3009,3009,23.934,27.293,26.227,42.631,52.135,51.262,57.364,52.997,40.009,3009,3009,8.6451,24.429,31.436,44.196,56.874,66.868,72.22,52.153,41.229
3010,3010,16.479,16.784,31.823,43.022,48.722,42.112,54.47,50.844,44.181,3010,3010,17.949,25.852,30.893,43.945,49.753,44.86,52.666,52.068,40.94,3010,3010,-0.92689,23.692,31.628,39.429,54.224,58.692,68.535,50.635,42.683
3011,3011,10.164,26.156,28.502,37.31,47.98,41.814,59.787,50.274,40.373,3011,3011,12.603,20.224,26.442,40.331,46.298,43.904,57.174,52.183,38.034,3011,3011,-4.9954,12.856,26.07,35.633,52.155,59.054,73.566,56.716,40.233
3012,3012,11.562,22.426,31.251,37.861,44.604,45.448,66.754,53.71,43.778,3012,3012,7.6032,22.153,28.433,37.708,47.043,47.066,64.458,56.496,39.845,3012,3012,1.2417,15.705,29.776,38.214,54.301,65.324,81.01,62.742,44.102
3013,3013,9.2529,26.409,30.651,41.635,48.856,47.599,68.006,55.797,43.041,3013,3013,9.0479,22.936,26.671,34.411,47.53,48.358,65.653,57.952,41.032,3013,3013,4.4198,14.068,28.577,43.03,57.303,66.262,81.644,64.682,44.906
3014,3014,14.406,23.108,28.389,37.321,51.119,49.012,67.306,55.982,45.079,3014,3014,17.36,23.473,29.342,33.583,55.418,53.593,65.156,57.92,41.642,3014,3014,1.8957,14.091,26.202,43.134,60.865,67.704,81.399,64.935,45.787
3015,3015,14.791,22.724,26.827,38.59,48.977,51.887,74.18,59.84,45.076,3015,3015,18.146,22.951,27.973,34.798,55.124,54.295,71.073,59.817,42.766,3015,3015,5.5674,19.554,25.237,44.542,60.499,69.247,87.463,68.827,49.1
3016,3016,16.117,22.44,26.942,34.113,50.078,55.554,75.222,63.342,47.463,3016,3016,14.49,22.749,27.505,36.985,53.897,57.85,72.965,63.683,44.782,3016,3016,3.799,16.686,29.407,44.791,62.185,77.424,90.776,71.726,50.859
3017,3017,10.878,24.106,31.386,35.592,50.422,58.403,78.743,64.683,47.884,3017,3017,5.1281,21.283,25.83,38.583,54.694,59.673,76.63,65.322,45.741,3017,3017,4.2938,25.452,28.859,44.234,61.376,79.925,92.874,74.897,53.96
3018,3018,11.93,23.586,27.936,38.052,51.617,61.224,81.751,66.914,49.698,3018,3018,10.103,21.272,28.43,34.96,54.066,61.664,79.141,64.737,44.986,3018,3018,-1.9699,24.671,32.78,43.021,61.091,81.726,94.728,75.61,54.981
3019,3019,12.755,22.478,30.775,35.426,47.581,61.085,79.167,64.055,47.043,3019,3019,10.422,18.268,31.356,36.288,53.838,60.45,76.745,62.898,44.168,3019,3019,5.5955,22.967,30.56,39.9,58.385,81.035,92.251,72.931,52.794
3020,3020,16.199,24.661,28.736,39.034,53.168,65.634,82.952,67.533,49.792,3020,3020,13.16,19.509,27.708,37.258,50.603,63.417,79.325,65.444,45.058,3020,3020,0.98269,14.937,32.648,45.817,63.684,84.417,97.745,76.405,56.636
3021,3021,15.942,21.588,33.473,37.964,53.136,64.155,80.072,66.61,48.791,3021,3021,17.013,22.897,31.819,38.898,52.315,60.831,76.16,63.279,43.484,3021,3021,8.1405,21.96,33.738,40.572,63.107,79.83,92.647,73.476,52.717
3022,3022,17.174,24.532,34.467,45.928,52.475,64.451,78.527,69.734,59.136,3022,3022,17.722,20.9,33.937,44.502,54.347,61.175,74.393,64.558,56.298,3022,3022,9.4896,21.933,29.303,45.207,62.259,80.61,92.12,73.263,57.364
3023,3023,4.8236,22.177,30.42,38.993,47.457,62.237,81.461,65.826,49.635,3023,3023,8.7193,24.006,30.632,36.506,53.281,62.029,78.925,63.633,44.41,3023,3023,17.103,30.562,36.132,43.894,63.148,81.489,94.439,75.58,55.496
3024,3024,10.13,17.912,30.857,35.201,53.284,53.844,71.489,63.352,48.805,3024,3024,15.25,23.216,24.579,35.914,51.038,54.467,68.885,59.055,42.166,3024,3024,14.429,26.857,35.938,42.461,60.154,72.617,84.767,68.901,48.341
3025,3025,9.221,23.899,31.161,35.833,54.958,49.926,64.533,55.403,44.52,3025,3025,3.7266,24.635,25.509,33.038,53.386,53.544,60.702,53.852,39.83,3025,3025,14.997,23.826,28.635,37.056,57.961,69.398,77.682,62.444,44.167
3026,3026,10.626,20.14,26.494,36.529,50.902,45.879,61.645,53.733,45.111,3026,3026,13.938,18.989,30.538,35.879,50.33,49.363,58.488,51.237,39.109,3026,3026,7.8976,20.065,27.765,35.722,53.71,65.061,74.68,58.704,42.218
3027,3027,14.749,16.4,31.731,38.148,45.93,54.063,66.752,51.48,43.674,3027,3027,16.446,18.253,26.588,33.526,46.434,54.002,63.2,48.61,38.228,3027,3027,7.1961,21.021,29.773,37.388,52.889,71.483,79.415,59.83,43.685
3028,3028,11.199,13.941,31.333,40.649,47.957,48.391,62.281,45.137,44.439,3028,3028,14.568,21.121,31.328,38.374,54.803,56.164,58.001,42.761,38.256,3028,3028,1.276,21.878,29.34,44.871,59.863,71.973,75.704,53.488,41.892
3029,3029,10.535,25.051,26.589,37.85,45.576,36.398,42.736,38.993,42.276,3029,3029,14.476,18.085,29.688,38.831,46.715,40.689,40.576,38.108,38.786,3029,3029,2.8471,21.38,30.675,43.169,55.118,52.501,58.292,41.5,41.202
3030,3030,6.1868,18.319,29.584,32.386,40.217,33.295,44.511,39.259,44.164,3030,3030,16.689,20.894,28.08,35.576,42.654,38.121,42.909,38.22,38.942,3030,3030,5.0314,19.798,26.97,39.742,50.183,52.42,60.59,41.239,41.452
3031,3031,4.7951,24.797,28.453,34.628,44.766,34.546,39.314,36.362,43.158,3031,3031,11.963,24.295,25.751,32.912,43.922,38.572,38.262,37.863,38.268,3031,3031,-3.5945,15.176,29.174,38.134,51.6,49.696,54.343,40.605,41.886
3032,3032,12.767,21.728,26.937,36.174,47.628,35.105,39.19,36.7,44.253,3032,3032,15.26,19.866,26.086,30.226,40.404,32.739,37.381,36.66,38.248,3032,3032,1.3758,18.676,30.05,35.603,49.196,47.132,53.47,38.268,40.994
3033,3033,16.114,19.998,26.057,34.8,42.534,34.369,38.428,37.251,42.977,3033,3033,16.347,18.481,31.574,33.604,42.598,35.102,36.708,37.777,38.04,3033,3033,-4.1509,25.621,32.576,36.797,46.102,47.052,53.427,39.032,40.874
3034,3034,13.702,23.579,27.07,31.727,43.561,36.091,41.303,36.764,43.941,3034,3034,13.204,23.195,31.821,32.471,40.732,36.974,38.437,37.438,37.818,3034,3034,4.1458,18.864,29.477,37.836,47.458,50.868,56.7,40.391,40.853
3035,3035,15.042,13.739,27.957,37.625,42.417,34.319,37.006,36.165,42.34,3035,3035,16.046,25.358,29.535,35.246,39.883,34.847,36.6,36.616,38.166,3035,3035,2.2494,19.434,22.496,40.789,47.618,48.302,52.509,38.342,40.022
3036,3036,7.4174,11.595,25.506,35.604,43.366,35.354,40.234,37.121,44.274,3036,3036,13.069,20.188,20.072,40.039,42.261,34.543,37.938,37.465,37.679,3036,3036,5.961,22.187,30.784,36.726,47.976,46.838,53.2,37.476,40.553
3037,3037,8.8052,24.212,27.509,37.728,45.288,34.886,39.231,36.255,41.658,3037,3037,16.543,27.155,21.74,37.891,43.364,35.743,38.04,37.763,37.761,3037,3037,4.5801,19.459,30.44,41.496,51.683,48.437,53.004,36.449,40.186
3038,3038,7.3529,24.979,25.647,36.265,48.897,37.659,36.011,36.754,43.554,3038,3038,14.123,18.256,24.291,35.018,43.303,35.842,34.331,38.506,38.404,3038,3038,1.7956,23.9,28.907,40.959,50.684,45.954,49.777,36.45,39.864
3039,3039,5.521,21.843,30.394,36.243,46.556,36.91,41.904,38.163,42.416,3039,3039,8.7113,21.599,30.1,35.36,44.204,38.801,41.038,39.492,38.364,3039,3039,4.5245,21.439,31.041,40.038,49.104,49.234,57.152,41.172,39.99
3040,3040,4.1804,21.087,31.747,33.749,42.881,38.863,42.917,36.985,42.772,3040,3040,6.1069,23.044,21.173,38.554,49.542,46.295,40.602,40.684,38.34,3040,3040,-5.7746,20.356,31.656,39.767,53.038,54.052,56.436,41.196,41.253
3041,3041,5.139,21.668,23.888,34.984,43.092,38.32,48.986,44.539,44.057,3041,3041,8.7855,19.179,22.388,35.77,50.186,48.052,46.768,44.723,39.207,3041,3041,0.06886,22.56,33.66,41.645,53.597,58.663,64.405,50.177,41.957
3042,3042,10.378,17.735,26.569,35.946,42.904,37.498,46.711,37.563,42.07,3042,3042,10.541,16.828,28.214,32.975,46.669,44.78,45.54,38.388,38.409,3042,3042,0.75866,20.933,32.399,39.492,52.203,58.577,62.325,44.109,40.765
3043,3043,13.033,19.628,29.521,37.822,48.946,46.535,57.708,46.907,44.833,3043,3043,12.27,18.648,34.13,36.731,47.14,51.627,54.539,47.236,38.076,3043,3043,4.2318,17.104,26.087,39.708,56.636,67.807,73.832,54.056,41.918
3044,3044,9.6723,25.508,27.473,34.632,54.765,51.029,62.521,48.26,42.216,3044,3044,18.597,27.702,28.022,34.224,53.822,54.106,58.853,47.301,37.879,3044,3044,4.6951,21.346,30.25,37.285,59.404,69.807,76.614,56.981,41.662
3045,3045,13.447,20.089,33.803,37.614,46.214,42.986,56.223,52.586,44.879,3045,3045,15.778,16.752,22.39,32.07,43.519,47.684,53.561,50.393,39.467,3045,3045,-1.2726,22.773,26.915,37.069,54.804,64.027,70.617,55.123,41.804
3046,3046,12.774,18.043,28.39,34.99,49.797,46.418,62.058,52.294,42.887,3046,3046,14.829,20.625,27.876,27.871,52.951,51.392,58.308,51.016,38.634,3046,3046,-9.4931,18.385,32.914,38.215,59.376,66.771,74.534,58.201,42.328
3047,3047,19.083,22.465,27.258,40.165,59.39,52.57,63.208,54.148,47.282,3047,3047,19.939,22.399,27.227,36.678,63.676,60.623,61.606,52.672,47.492,3047,3047,3.2982,21.696,34.975,41.717,64.231,71.343,77.818,61.092,45.881
3048,3048,14.162,29.727,31.931,45.49,60.955,54.637,68.371,53.155,45.547,3048,3048,22.359,27.452,31.27,41.605,61.287,62.19,64.129,52.85,41.497,3048,3048,12.528,24.035,31.283,49.166,68.747,77.28,80.792,61.024,45.416
3049,3049,12.058,24.233,33.763,46.325,57.166,56.751,68.55,51.242,46.133,3049,3049,21.432,22.403,31.681,40.742,67.759,66.489,66.483,51.597,42.537,3049,3049,7.3396,21.819,29.585,47.688,69.99,77.337,83.446,61.092,45.836
3050,3050,8.6425,19.119,30.894,49.232,62.528,56.28,66.288,51.088,45.511,3050,3050,20.764,27.432,31.812,43.158,66.682,65.243,64.59,51.307,42.172,3050,3050,3.8114,21.608,31.125,50.666,69.218,76.586,80.881,60.157,45.443
3051,3051,15.193,19.157,32.702,49.211,60.724,59.57,67.329,51.128,46.742,3051,3051,21.13,26.483,27.655,50.516,64.504,64.6,64.781,50.482,42.806,3051,3051,2.8317,24.459,32.347,53.436,70.12,78.323,81.801,60.875,46.867
3052,3052,16.333,22.938,35.415,50.144,60.396,59.126,63.283,49.058,44.944,3052,3052,13.801,24.156,30.8,50.049,61.539,64.096,60.994,49.548,41.647,3052,3052,-1.1005,21.928,27.922,57.834,69.645,78.787,79.031,58.125,45.452
3053,3053,16.217,18.358,33.13,52.766,58.938,55.624,62.342,49.525,45.575,3053,3053,17.106,24.486,28.796,49.167,61.868,61.885,59.776,48.179,41.179,3053,3053,3.2734,15.17,31.658,56.433,67.607,75.944,78.183,55.902,44.107
3054,3054,14.268,22.509,37.932,49.521,57.449,53.375,59.221,49.427,44.681,3054,3054,14.186,25.379,30.601,49.268,56.572,56.374,56.748,50.931,42.853,3054,3054,5.9998,28.392,39.217,52.239,63.782,72.286,74.62,53.883,43.985
3055,3055,11.292,24.73,32.471,42.94,54.825,49.422,54.849,45.569,42.151,3055,3055,21.306,29.706,33.398,40.883,61.918,58.842,52.13,45.606,39.097,3055,3055,20.619,33.973,39.731,50.694,65.622,69.977,70.975,50.705,41.373
3056,3056,10.056,20.112,27.369,40.686,50.651,44.959,54.701,46.015,43.107,3056,3056,15.764,20.123,35.652,35.802,50.756,48.416,52.298,45.25,37.238,3056,3056,19.981,26.831,33.7,43.984,57.321,63.129,69.839,50.213,39.78
3057,3057,11.316,20.275,31.51,36.487,50.663,44.411,55.749,44.718,39.961,3057,3057,21.982,18.555,32.808,35.699,48.801,49.563,53.468,46.581,38.002,3057,3057,14.111,24.347,34.281,43.896,55.824,63.731,70.107,50.896,39.482
3058,3058,4.1698,26.128,29.694,34.481,50.048,44.727,50.329,41.861,42.601,3058,3058,22.888,18.555,29.924,34.503,50.933,49.694,51.048,43.116,37.776,3058,3058,16.387,23.956,32.082,42.362,55.166,62.729,67.064,47.736,39.207
3059,3059,8.8956,21.555,25.446,32.835,52.056,45.215,51.865,41.208,39.803,3059,3059,18.067,16.049,28.139,35.739,45.14,44.703,49.305,43.505,37.443,3059,3059,0.4417,18.796,28.163,42.994,52.68,57.127,67.059,48.422,38.734
3060,3060,11.331,24.314,26.39,37.851,47.302,40.844,50.222,40.401,42.348,3060,3060,11.58,27.151,28.049,31.496,47.763,45.721,48.433,41.07,37.403,3060,3060,6.0224,15.727,29.08,43.06,50.407,57.124,65.029,47.928,38.548
3061,3061,9.1268,18.968,28.258,37.345,48.273,40.207,51.147,40.644,39.402,3061,3061,20.125,26.932,25.369,33.521,46.021,42.119,49.17,41.847,37.23,3061,3061,8.1421,16.038,28.634,40.403,51.33,54.981,64.656,48.731,38.089
3062,3062,5.9719,20.798,26.845,37.701,46.885,40.081,50.776,42.448,42.75,3062,3062,14.067,25.608,29.474,32.272,43.906,40.723,49.244,43.343,37.176,3062,3062,5.406,20.165,35.516,35.285,46.824,54.338,64.661,49.093,37.663
3063,3063,11.479,10.824,32.863,36.29,49.593,41.398,50.793,43.995,39.075,3063,3063,17.486,20.613,33.353,33.009,46.685,41.667,47.866,45.452,36.208,3063,3063,3.161,21.372,35.203,42.624,54.553,55.623,63.946,49.746,37.471
3064,3064,7.9799,20.085,27.895,35.404,49.259,41.313,51.366,44.071,42.401,3064,3064,15.918,21.318,28.676,31.206,44.654,42.914,50.529,46.124,37.149,3064,3064,1.1968,23.801,31.771,42.516,51.988,56.589,65.764,53.308,38.727
3065,3065,8.0678,23.076,28.405,31.288,47.699,42.761,55.278,45.044,39.203,3065,3065,10.388,27.679,24.719,34.299,48.961,46.03,54.09,46.497,36.808,3065,3065,-2.6799,12.093,35.748,40.235,50.176,59.658,70.01,54.849,39.122
3066,3066,12.234,20.883,33.972,40.2,47.604,45.924,60.437,46.42,43.927,3066,3066,11.904,22.536,29.315,34.104,53.875,50.577,58.053,46.938,37.413,3066,3066,4.1444,15.449,36.221,40.013,54.763,63.465,74.516,57.214,40.411
3067,3067,12.731,23.207,29.59,35.872,48.946,50.434,59.401,46.437,39.449,3067,3067,13.962,21.733,24.224,37.599,55.578,53.665,58.067,48.069,36.813,3067,3067,-2.4951,19.937,35.364,43.327,58.61,67.074,73.882,56.408,39.532
3068,3068,8.1007,24.374,25.244,39.963,49.663,53.045,60.593,48.243,43.09,3068,3068,7.7887,21.754,26.039,30.787,57.938,55.727,58.372,49.555,38.596,3068,3068,0.49153,16.26,29.3,44.268,60.319,69.523,75.153,57,40.405
3069,3069,6.8192,20.132,26.124,38.818,51.937,51.197,59.575,49.548,40.8,3069,3069,9.8775,24.452,29.886,34.528,60.698,58.023,58.56,51.086,38.424,3069,3069,-3.9177,20.15,30.767,42.214,61.333,70.242,75.334,57.949,40.491
3070,3070,12.598,21.297,29.618,37.26,50.413,50.539,57.18,50.336,43.102,3070,3070,13.193,27.237,27.211,38.604,57.092,54.997,55.776,53.518,38.706,3070,3070,3.1164,13.398,28.407,44.12,59.391,66.485,71.233,54.969,39.834
3071,3071,14.346,16.715,22.159,35.151,45.362,41.415,53.585,49.842,40.888,3071,3071,18.55,23.015,26.846,31.278,49.975,48.867,52.247,51.549,37.678,3071,3071,6.0221,11.407,28.866,41.68,52.953,59.19,69.305,52.457,38.932
3072,3072,19.616,23.344,28.724,38.918,45.934,41.137,59.279,51.441,43.708,3072,3072,22.231,20.478,28.232,30.618,45.244,43.985,57.138,52.804,39.166,3072,3072,-1.7408,7.8023,30.626,41.203,53.959,58.923,72.797,56.699,40.335
3073,3073,16.907,21.331,26.899,37.476,45.844,46.132,67.872,54.195,41.715,3073,3073,19.558,18.27,26.356,37.771,47.973,48.526,65.326,56.723,38.907,3073,3073,6.8195,16.656,29.283,43.725,53.443,65.949,81.637,63.662,44.324
3074,3074,14.444,19.478,29.725,38.536,50.82,48.058,68.907,56.111,45.696,3074,3074,18.48,22.153,25.149,31.883,49.717,48.81,66.304,58.521,41.053,3074,3074,4.4915,18.889,28.895,46.478,57.767,66.438,82.318,65.611,45.595
3075,3075,18.216,20.968,31.215,39.626,52.046,48.956,66.984,56.199,43.967,3075,3075,20.952,22.269,31.343,38.884,55.42,53.588,65.139,58.398,41.528,3075,3075,-1.0124,20.409,30.024,44.752,60.757,67.362,81.193,65.384,45.117
3076,3076,15.705,21.023,24.864,38.751,51.418,50.637,72.518,59.28,45.465,3076,3076,17.349,20.799,27.472,36.505,56.06,55.126,69.633,59.823,42.326,3076,3076,-5.6255,18.103,30.125,43.228,61.214,69.252,86.225,68.661,48.57
3077,3077,16.21,25.237,30.798,32.694,49.818,55.957,76.8,63.319,47.256,3077,3077,17.466,22.435,28.429,33.781,57.422,58.956,74.185,63.111,44.332,3077,3077,-1.1529,20.316,32.939,42.898,63.063,76.883,91.491,72.532,51.949
3078,3078,12.576,25.785,29.433,32.971,49.783,58.738,79.649,64.79,48.726,3078,3078,15.678,26.773,20.028,36.128,53.876,59.762,77.001,65.294,45.28,3078,3078,4.4672,23.243,30.659,44.565,60.883,79.411,92.997,74.769,54.04
3079,3079,11.345,25.216,29.241,33.417,53.37,61.041,81.327,65.313,47.846,3079,3079,12.779,21.924,31.056,37.051,55.96,60.954,77.333,64.493,44.913,3079,3079,0.098071,16.832,26.945,42.392,62.313,81.078,94.591,74.334,53.988
3080,3080,14.77,21.117,27.287,38.822,49.219,60.072,80.188,64.883,47.821,3080,3080,19.142,24.309,33.187,31.652,48.928,60.349,78.09,63.405,44.191,3080,3080,3.6337,19.358,30.729,39.783,57.785,80.452,94.033,75.592,55.224
3081,3081,10.622,26.637,30.762,42.11,54.624,65.456,84.953,68.132,49.405,3081,3081,14.676,23.782,24.696,39.14,53.379,63.417,81.255,66.224,45.537,3081,3081,6.492,18.169,32.103,46.021,66.709,84.55,99.33,77.603,58.1
3082,3082,18.891,23.817,32.789,42.746,51.101,62.874,81.095,66.761,48.915,3082,3082,20.942,21.731,28.491,34.403,54.622,59.385,75.679,63.17,43.122,3082,3082,12.251,21.107,35.724,43.63,62.556,78.581,92.88,73.498,52.467
3083,3083,17.418,20.923,28.566,39.351,54.851,62.405,78.63,67.002,48.792,3083,3083,17.18,19.737,29.412,32.194,49.399,59.443,75.168,64.488,42.897,3083,3083,15.738,16.196,28.933,44.911,60.628,80.16,93.273,75.124,53.084
3084,3084,8.2822,25.425,33.617,37.754,48.576,61.62,77.864,64.414,47.2,3084,3084,21.533,22.293,29.1,34.775,49.56,59.772,75.391,62.833,42.623,3084,3084,14.221,18.373,29.341,43.436,60.949,79.754,90.98,74.18,52.896
3085,3085,8.9681,21.802,27.339,34.97,48.007,53.152,70.497,61.851,45.167,3085,3085,22.899,19.623,31.6,36.395,46.476,54.885,67.856,59.269,40.453,3085,3085,12.301,23.351,34.157,38.011,56.154,73.413,83.238,69.936,47.746
3086,3086,14.265,20.411,28.597,38.578,50.449,48.822,61.286,53.666,44.673,3086,3086,22.674,25.901,27.326,35.059,50.993,54.581,58.225,52.842,38.835,3086,3086,7.7707,19.988,33.03,37.221,58.385,70.592,76.54,60.753,42.315
3087,3087,13.2,18.541,30.064,40.019,49.586,49.506,63.449,52.276,43.92,3087,3087,19.525,25.064,23.055,35.681,53.765,51.333,60.438,51.243,38.604,3087,3087,7.4686,22.509,31.347,45.204,61.876,67.15,76.261,60.218,42.694
3088,3088,12.819,19.871,29.598,33.717,51.4,49.732,63.54,49.982,43.919,3088,3088,14.921,21.285,29.34,34.125,49.497,49.77,60.183,49.194,38.788,3088,3088,-3.3748,24.677,26.486,38.739,53.352,68.968,77.836,58.72,42.18
3089,3089,15.986,23.486,30.554,43.243,53.53,49.691,60.445,44.96,41.847,3089,3089,11.996,21.458,29.033,39.415,54.473,55.091,58.096,43.749,38.649,3089,3089,3.5931,22.243,29.581,46.264,62.154,71.608,75.226,56.053,41.836
3090,3090,18.552,21.757,29.446,42.517,51.755,48.96,55.282,42.054,44.028,3090,3090,17.993,20,28.839,39.404,56.651,55.731,55.595,44.361,39.44,3090,3090,4.1904,21.882,28.002,43.511,59.151,67.693,71.824,50.886,41.255
3091,3091,17.521,25.965,30.627,49.395,54.521,50.276,54.992,41.571,42.529,3091,3091,24.537,24.299,30.29,48.374,59.465,56.97,54.277,42.221,38.108,3091,3091,10.907,21.972,28.491,48.803,66.526,68.651,72.405,51.434,41.667
3092,3092,13.538,21.792,28.402,51.204,54.78,51.459,60.102,45.042,44.283,3092,3092,18.144,20.941,31.207,47.554,60.606,59.402,57.917,45.857,39.056,3092,3092,8.9701,20.689,29.147,48.773,64.794,70.467,75.071,54.208,41.491
3093,3093,8.1414,24.772,30.253,47.441,56.489,51.546,59.003,43.794,41.838,3093,3093,14.872,18.594,24.507,45.691,62.04,61.032,56.97,45.319,38.608,3093,3093,1.4287,21.732,31.226,46.723,65.166,73.138,75.342,54.352,41.376
3094,3094,15.378,21.954,32.459,50.619,55.771,52.232,60.071,44.756,43.642,3094,3094,12.89,19.999,27.62,48.165,59.461,59.34,57.264,44.96,39.022,3094,3094,-6.6514,21.751,32.633,50.08,67.377,73.781,74.627,54.497,41.622
3095,3095,12.592,22.326,30.454,44.227,53.641,51.502,58.432,44.401,42.203,3095,3095,12.479,23.278,29.228,43.885,62.122,62.069,57.524,46.588,38.753,3095,3095,4.0892,21.015,28.355,47.982,68.01,73.443,74.812,53.462,41.682
3096,3096,13.321,19.573,31.157,52.695,55.177,54.49,70.131,52.782,44.038,3096,3096,17.338,22.29,32.653,48.811,61.791,61.658,66.123,52.428,40.629,3096,3096,-0.6512,20.627,30.045,50.936,67.724,75.153,82.556,63.547,45.624
3097,3097,11.763,24.362,25.125,50.555,56.589,54.853,75.916,58.464,45.289,3097,3097,17.502,21.81,30.221,45.045,55.691,58.515,72.457,56.199,41.359,3097,3097,1.6072,24.903,33.654,48.319,63.873,74.395,88.927,69.455,49.831
3098,3098,9.2839,24.006,33.887,52.834,55.181,53.196,72.061,57.627,45.366,3098,3098,16.868,24.574,27.036,43.919,56.512,58.342,68.578,55.972,41.377,3098,3098,1.7994,20.878,32.036,49.633,65.059,75.478,84.883,67.906,47.758
3099,3099,16.751,27.163,31.381,41.089,60.873,52.714,69.916,60.161,47.207,3099,3099,19.939,22.294,32.154,41.598,54.488,55.627,67.602,59.341,42.791,3099,3099,2.6189,10.743,30.928,43.393,62.924,72.356,83.652,69.16,47.999
3100,3100,16.39,26.514,34.857,40.521,64.235,57.453,75.726,63.65,48.17,3100,3100,17.838,21.297,30.686,38.127,57.132,58.995,73.097,61.838,43.573,3100,3100,4.8632,22.563,37.372,44.962,67.585,75.37,89.45,73.153,51.851
3101,3101,12.835,24.148,26.619,42.772,63.098,59.563,78.699,67.936,50.235,3101,3101,17.339,15.545,30.499,38.651,57.883,60.533,75.866,65.97,45.482,3101,3101,11.856,20.388,35.086,43.582,66.45,78.258,93.683,77.485,55.255
3102,3102,10.062,26.444,31.199,43.345,60.358,60.154,81.162,68.101,50.611,3102,3102,24.64,17.977,31.05,39.547,59.028,61.721,78.638,66.889,46.001,3102,3102,12.396,21.188,28.138,47.461,68.118,78.82,94.52,77.552,56.065
3103,3103,9.5403,24.088,32.503,40.897,63.101,61.516,82.097,69.397,52.131,3103,3103,23.508,18.232,30.995,34.475,58.381,62.304,78.71,67.545,46.522,3103,3103,4.6587,21.049,33.958,44.074,67.369,80.556,95.814,78.102,56.534
3104,3104,19.115,24.186,30.695,39.001,58.367,61.038,82.29,68.399,50.392,3104,3104,13.225,18.507,27.264,37.405,56.12,62.048,78.641,67.714,46.31,3104,3104,1.1751,23.155,33.607,44.475,65.992,80.701,95.208,77.665,56.024
3105,3105,17.282,22.437,30.817,35.792,53.333,59.143,77.62,66.152,48.98,3105,3105,11.798,20.17,29.177,41.658,56.179,60.828,75.639,66.962,45.766,3105,3105,3.6754,28.709,30.635,43.062,63.026,79.979,92.843,76.312,54.375
3106,3106,19.554,26.819,34.782,35.08,53.139,56.808,77.022,63.979,46.529,3106,3106,19.797,28.773,30.036,35.924,56.643,57.908,75.618,64.462,44.455,3106,3106,-0.88191,23.277,27.336,39.815,58.826,76.894,91.249,75.743,53.758
3107,3107,13.036,18.711,29.49,38.265,51.613,53.909,73.266,58.666,45.184,3107,3107,17.638,16.257,29.252,35.937,58.885,57.601,70.925,59.965,42.175,3107,3107,2.6022,23.447,32.546,43.007,63.07,74.401,87.569,69.743,49.224
3108,3108,13.227,19.125,33.253,48.943,58.4,53.796,66.227,54.387,44.925,3108,3108,18.147,24.133,28.848,43.722,68.35,65.532,63.343,56.31,40.494,3108,3108,7.1449,30.374,35.508,48.008,67.277,72.301,79.114,64.009,44.84
3109,3109,14.049,24.631,31.104,43.327,61.072,56.135,65.669,52.391,46.108,3109,3109,21.953,17.563,30.255,40.47,63.602,60.832,62.691,53.373,41.654,3109,3109,8.398,26.815,33.454,49.999,65.104,73.241,79.996,61.311,45.698
3110,3110,13.775,26.824,32.067,47.061,59.851,55.685,66.667,51.691,43.987,3110,3110,15.808,24.554,28.332,45.823,68.497,65.716,64.054,53.627,41.205,3110,3110,3.2919,22.657,36.336,50.557,70.723,73.317,80.878,62.348,45.242
3111,3111,7.3027,22.066,34.458,48.989,62.747,58.048,68.274,52.213,45.856,3111,3111,16.94,24.899,30.823,49.876,67.658,64.182,67.499,52.949,42.348,3111,3111,7.1098,22.339,31.42,51.826,68.709,77.094,85.081,63.16,46.536
3112,3112,14.084,21.391,34.845,48.707,62.728,56.938,69.069,53.163,46.311,3112,3112,20.71,26.591,29.95,46.232,66.267,66.497,66.345,53.42,42.643,3112,3112,3.2808,19.698,34.464,52.64,71.765,77.365,82.71,62.112,46.888
3113,3113,13.078,25.913,34.73,52.977,59.213,57.86,66.646,49.65,44.965,3113,3113,13.867,29.073,31.33,49.092,69.672,67.424,64.38,50.72,40.724,3113,3113,2.8197,27.628,30.866,55.35,72.2,76.651,82.014,61.094,44.791
3114,3114,15.305,26.123,31.76,53.905,58.744,53.013,63.379,47.648,42.788,3114,3114,15.363,19.806,26.537,47.987,62.71,60.67,62.407,47.954,39.632,3114,3114,1.7733,25.138,30.945,52.882,68.147,72.385,77.79,59.315,42.939
3115,3115,14.099,26.452,33.799,51.156,54.495,51.027,58.853,44.435,43.039,3115,3115,18.664,28.148,31.362,47.844,61.037,58.992,57.411,44.92,38.732,3115,3115,3.2735,19.51,34.077,50.35,64.224,69.224,72.764,53.946,40.381
3116,3116,6.5579,29.284,29.669,44.834,52.231,48.098,56.745,44.564,40.903,3116,3116,19.448,25.654,26.862,47.256,57.688,55.859,54.529,45.012,38.007,3116,3116,4.931,20.547,33.669,50.7,61.023,68.475,72.379,53.669,40.053
3117,3117,13.087,26.774,30.583,38.98,48.947,46.305,60.634,46.241,43.255,3117,3117,17.368,25.011,24.484,42.077,51.616,51.353,58.257,46.504,38.16,3117,3117,0.67248,28.291,34.778,46.508,56.894,68.451,74.866,58.012,41.807
3118,3118,18.134,23.624,29.502,39.924,50.704,46.256,60.36,49.264,40.675,3118,3118,21.319,22.199,27.121,31.738,49.629,50.496,58.394,48.507,37.952,3118,3118,7.2459,28.472,36.882,42.042,57.722,65.51,75.238,57.147,40.533
3119,3119,17.668,21.462,35.451,39.087,51.861,47.549,65.595,52.062,43.98,3119,3119,22.715,24.534,30.479,35.389,53.569,53.844,62.883,50.377,38.647,3119,3119,4.9159,16.124,26.34,45.328,61.059,67.758,78.068,59.663,42.465
3120,3120,7.764,20.112,31.95,45.054,49.275,47.676,66.219,53.195,41.753,3120,3120,23.557,25.456,31.028,38.732,48.706,50.327,63.545,52.423,38.84,3120,3120,6.5144,17.955,35.184,41.194,57.246,67.156,79.774,61.154,43.016
3121,3121,15.656,23.331,32.527,42.991,49.84,47.723,60.901,51.738,43.468,3121,3121,25.775,23.657,25.903,39.186,49.198,49.412,58.892,51.364,38.281,3121,3121,3.0548,15.176,33.461,39.895,56.917,65.736,75.146,60.249,41.375
3122,3122,16.231,24.965,32.99,41.24,53.157,52.4,65.182,56.631,43.725,3122,3122,17.401,20.598,33.929,40.356,51.134,55.715,62.722,55.481,39.496,3122,3122,1.1421,23.665,35.168,42.351,61.964,72.612,79.72,65.017,44.635
3123,3123,16.146,26.772,29.953,38.621,57.196,51.808,63.515,54.122,46.546,3123,3123,22.852,24.183,29.66,40.125,55.194,55.072,61.599,53.988,40.03,3123,3123,-0.92717,14.774,32.659,46.044,63.215,70.749,77.012,60.94,44.367
3124,3124,19.308,27.622,30.267,39.459,59.844,51.291,62.469,50.403,44.411,3124,3124,20.526,25.628,31.475,40.977,58.793,55.733,59.262,49.121,39.208,3124,3124,-4.0642,18.182,33.571,44.532,64.679,70.46,76.084,57.658,43.465
3125,3125,9.3634,25.987,32.419,37.446,56.801,50.14,57.758,46.712,44.142,3125,3125,4.1979,20.556,32.151,37.41,58.645,54.687,55.158,47.42,38.876,3125,3125,0.058932,22.586,23.799,45.081,63.931,67.974,72.412,54.854,41.804
3126,3126,20.874,26.151,32.641,44.407,60.057,50.347,52.92,43.509,40.291,3126,3126,21.744,27.685,27.41,42.711,57.352,52.784,50.303,45.357,36.587,3126,3126,6.543,21.781,31.41,42.81,62.102,62.677,67.815,50.714,39.176
3127,3127,21.157,25.836,32.614,44.466,54.082,44.849,48.538,40.521,42.511,3127,3127,21.738,22.697,25.043,39.357,51.309,46.756,46.976,42.595,37.364,3127,3127,3.9394,24.736,34.015,41.793,55.364,56.341,62.537,46.744,38.156
3128,3128,10.445,23.559,35.04,40.255,49.932,42.475,49.88,38.196,40.8,3128,3128,14.43,19.288,32.432,40.646,51.992,49.938,47.531,40.156,38.037,3128,3128,0.69159,26.536,31.047,43.401,57.106,58.621,63.018,45.21,39.818
3129,3129,6.3267,19.966,33.93,39.316,52.773,43.441,48.422,38.57,42.419,3129,3129,-3.4695,22.167,25.619,39.754,50.421,45.693,46.72,38.62,37.256,3129,3129,1.3063,23.465,35.2,42.467,56.393,57.472,61.904,44.665,39.151
3130,3130,13.142,23.754,30.704,39.789,47.02,42.086,47.815,36.959,39.807,3130,3130,14.121,24.452,27.793,42.258,54.774,51.523,45.966,38.44,37.24,3130,3130,1.3065,25.29,36.349,46.05,55.061,55.608,61.68,45.951,38.908
3131,3131,11.094,24.167,30.321,39.526,46.198,40.235,50.615,40.184,43.402,3131,3131,17.224,24.231,28.83,38.683,53.696,50.037,48.174,40.076,38.877,3131,3131,0.80831,26.97,36.519,43.151,55.313,57.036,64.427,47.195,39.713
3132,3132,10.676,22.749,30.979,36.023,51.043,44.889,53.566,41.315,39.774,3132,3132,11.532,20.387,27.844,38.822,50.883,51.085,51.913,42.316,37.329,3132,3132,4.7451,18.91,36.395,42.45,58.297,64.924,67.776,50.156,39.596
3133,3133,5.849,23.774,37.073,38.149,49.22,46.277,59.602,53.63,43.618,3133,3133,19.141,21.603,31.43,35.453,55.619,54.536,57.894,52.996,38.924,3133,3133,6.2617,21.331,39.747,43.131,60.949,67.723,75.755,58.958,41.138
3134,3134,9.2675,24.171,28.306,39.18,53.156,53.529,69.201,61.581,45.489,3134,3134,13.673,25.552,31.252,40.26,57.083,58.081,66.757,59.36,41.203,3134,3134,-5.6867,22.907,38.768,40.351,62.303,75.945,83.03,66.388,45.474
3135,3135,8.4469,21.184,33.486,40.183,58.733,56.195,71.046,60.624,45.625,3135,3135,18.051,26.686,29.908,38.342,63.5,63.216,68.955,59.377,41.665,3135,3135,-5.5773,25.33,37.278,42.636,68.349,77.292,85.44,68.457,47.692
3136,3136,16.82,27.964,36.238,35.58,59.783,57.511,73.793,65.196,47.197,3136,3136,24.962,25.774,29.289,38.655,56.646,58.974,71.051,63.659,44.118,3136,3136,1.9038,23.179,34.738,42.012,61.551,76.492,87.534,71.208,49.557
3137,3137,16.656,26.096,35.564,44.625,55.604,55.878,71.038,62.675,47.459,3137,3137,22.758,28.426,30.906,33.896,53.984,58.027,68.691,60.393,41.875,3137,3137,8.239,17.577,38.371,41.545,63.172,75.268,85.294,70.207,48.565
3138,3138,21.161,21.027,37.252,41.019,54.358,49.087,63.179,51.228,43.226,3138,3138,23.95,21.649,30.045,34.609,47.576,49.593,59.356,50.482,38.849,3138,3138,6.8293,20.604,39.406,42.209,56.952,67.764,75.722,58.165,41.946
3139,3139,19.596,23.122,35.446,39.924,58.69,47.214,56.69,45.509,42.642,3139,3139,22.784,21.39,30.439,35.313,54.243,50.091,54.615,44.118,38.223,3139,3139,9.1611,25.18,37.294,46.311,62.993,66.189,70.993,52.902,40.856
3140,3140,10.108,20.724,30.355,39.79,55.259,44.914,54.898,44.714,42.726,3140,3140,21.57,26.255,26.644,35.409,51.137,48.085,53.399,43.713,37.953,3140,3140,9.8333,25.449,34.747,45.271,63.25,64.835,71.486,52.115,39.344
3141,3141,9.5696,18.205,27.82,39.866,46.74,38.189,46.993,41.013,39.451,3141,3141,17.644,19.782,29.366,32.943,47.139,44.432,46.072,40.648,36.626,3141,3141,1.4145,19.352,34.409,44.047,59.214,58.81,64.546,45.763,38.398
3142,3142,6.4327,19.977,30.77,39.426,46.799,39.537,50.823,45.461,42.456,3142,3142,18.965,26.354,28.746,35.909,45.684,43.014,48.773,44.874,37.824,3142,3142,2.0344,22.637,31.184,44.096,57.648,56.573,65.142,50.087,39.504
3143,3143,7.3809,28.495,33.251,32.535,42.907,36.415,47.335,39.43,39.202,3143,3143,15.718,21.919,31.144,34.38,46.069,43.205,46.337,41.65,37.137,3143,3143,-0.72124,17.245,28.332,42.283,57.398,56.865,62.352,45.299,37.579
3144,3144,13.98,22.861,28.884,33.687,55.046,44.18,49.441,37.922,42.46,3144,3144,16.369,31.673,28.997,33.245,49.951,44.875,47.196,38.492,37.277,3144,3144,-0.36453,25.847,35.399,41.514,60.076,56.283,63.93,46.122,38.483
3145,3145,9.4118,16.264,29.133,37.582,56.786,46.418,46.565,36.362,39.144,3145,3145,13.636,24.721,31.466,33.797,51.989,45.651,44.164,37.746,37.299,3145,3145,2.0175,22.007,36.761,43.753,60.08,55.676,60.362,42.511,38.038
3146,3146,15.89,21.757,31.12,37.616,53.182,43.262,46.902,37.884,42.72,3146,3146,20.824,26.022,31.393,34.828,48.304,44.369,45.369,38.2,38.07,3146,3146,1.9412,17.946,36.872,40.208,53.684,56.861,61.637,44.871,39.011
3147,3147,16.208,26.117,30.481,36.044,44.962,36.8,44.528,37.81,40.055,3147,3147,20.147,26.993,29.637,35.023,44.344,42.133,42.799,39.447,37.076,3147,3147,-0.049855,22.648,33.261,39.259,52.846,55.154,60.437,42.538,38.11
3148,3148,14.3,22.804,30.873,36.139,47.82,38.864,48.762,38.574,42.892,3148,3148,16.064,27.124,30.853,33.527,46.236,44.825,47.126,38.923,38.083,3148,3148,5.3438,22.909,29.666,40.59,55.896,56.204,62.61,44.75,38.623
3149,3149,6.7213,18.994,27.044,36.408,46.336,39.18,47.29,38.8,40.41,3149,3149,21.833,31.175,29.065,35.951,43.985,42.098,45.441,40.201,38.285,3149,3149,0.7847,20.316,30.266,39.157,53.374,57.779,61.806,45.873,39.373
3150,3150,3.7968,24.907,29.996,36.636,45.644,39.44,46.93,39.439,43.087,3150,3150,24.417,21.875,33.14,36.858,45.156,43.697,46.096,41.319,37.711,3150,3150,0.53363,21.261,32.386,42.836,57.045,59.619,61.253,44.278,39.231
3151,3151,7.3907,16.802,33.976,37.846,49.078,41.731,51.182,39.938,39.626,3151,3151,16.931,18.805,32.833,35.678,45.924,45.694,49.621,41.048,37.353,3151,3151,-0.40511,21.854,31.011,41.976,56.225,60.971,64.629,48.45,38.627
3152,3152,12.929,22.937,29.99,32.778,47.974,41.132,49.712,40.023,42.707,3152,3152,20.321,21.566,27.307,33.424,45.295,44.644,48.134,40.385,38.408,3152,3152,-4.2838,19.535,33.237,42.084,56.099,60.382,63.871,47.823,39.235
3153,3153,8.8578,23.532,33.875,38.54,47.567,41.76,52.154,40.781,39.705,3153,3153,19.63,23.469,32.607,34.56,47.515,46.354,50.684,41.325,37.322,3153,3153,2.4528,22.261,33.205,39.486,53.229,62.948,66.455,50.273,39.007
3154,3154,8.0137,21.966,31.179,37.975,49.764,42.981,56.877,48.05,43.155,3154,3154,12.684,20.729,28.584,34.049,48.24,48.208,54.997,50.293,38.781,3154,3154,1.4878,26.041,36.253,42.916,53.94,62.609,71.916,54.522,40.303
3155,3155,2.2875,19.669,34.922,38.567,44.346,41.415,57.163,53.501,42.93,3155,3155,12.164,23.231,31.132,39.677,48.43,47.107,55.292,50.473,39.282,3155,3155,-11.767,26.464,37.912,38.552,52.457,64.306,71.33,55.016,40.412
3156,3156,9.8219,20.53,34.29,37.335,47.253,43.494,55.376,48.354,44.041,3156,3156,14.136,26.35,34.018,37.666,45.694,45.637,55.457,48.81,39.288,3156,3156,-0.26106,22.452,35.832,40.378,54.859,64.051,72.458,55.928,41.216
3157,3157,14.985,16,34.963,37.925,50.464,44.84,58.535,46.51,41.876,3157,3157,15.586,22.502,30.574,32.67,49.343,49.727,54.913,47.34,39.774,3157,3157,3.0675,26.658,39.086,43.372,58.82,65.541,70.935,52.516,41.817
3158,3158,9.6523,21.077,37.109,39.607,49.203,44.029,56.674,45.059,44.578,3158,3158,12.446,23.654,30.331,41.603,50.818,48.157,54.289,43.905,38.921,3158,3158,-5.2224,26.064,41.08,47.064,61.3,64.425,70.517,52.763,41.521
3159,3159,8.9593,23.07,39.876,41.829,54.373,47.946,55.938,45.891,43.361,3159,3159,7.5872,28.985,35.004,39.396,58.298,55.197,53.685,45.857,38.961,3159,3159,0.68693,26.002,40.364,46.696,64.259,67.361,69.47,52.183,41.765
3160,3160,18.179,31.738,38.875,41.62,55.822,48.395,56.857,45.354,46.139,3160,3160,19.274,28.844,32.248,37.923,59.658,56.72,55.38,46.084,40.66,3160,3160,-5.471,32.212,34.179,47.036,66.192,67.922,70.116,53.533,43.499
3161,3161,15.01,28.529,37.994,43.737,62.962,52.833,59.62,48.005,45.348,3161,3161,15.998,27.188,29.49,38.592,59.211,54.115,57.829,46.98,39.516,3161,3161,2.9802,30.904,41.197,48.329,65.816,66.505,73.281,56.716,43.848
3162,3162,15.335,19.816,37.451,41.865,62.672,53.801,62.248,49.846,47.471,3162,3162,13.994,29.797,28.515,36.674,64.253,60.372,59.595,48.184,40.805,3162,3162,1.7977,30.636,40.898,45.444,69.267,69.686,76.013,59.333,44.538
3163,3163,22.928,23.07,38.651,42.207,62.911,56.116,63.927,50.829,48.046,3163,3163,22.838,24.993,26.709,35.765,60.346,59.892,61.179,50.002,40.414,3163,3163,7.9776,29.182,32.268,45.484,67.799,71.904,77.149,60.879,46.08
3164,3164,22.216,29.018,34.148,44.742,62.861,55.939,64.916,52.552,48.291,3164,3164,21.219,15.731,26.005,36.784,58.139,58.996,62.657,52.051,41.385,3164,3164,-1.5176,15.351,32.098,47.098,66.631,73.691,78.703,61.091,45.833
3165,3165,20.257,22.78,37.921,42.932,60.215,56.428,66.955,54.264,47.712,3165,3165,21.33,21.543,26.468,37.848,62.305,60.675,63.579,54.426,42.16,3165,3165,2.6147,27.195,37.656,46.504,69.018,75.366,81.142,61.529,46.328
3166,3166,15.41,22.244,39.201,44.426,65.435,58.698,73.921,60.059,49.127,3166,3166,21.151,13.997,33.808,37.557,65.648,64.277,70.71,58.056,42.072,3166,3166,9.8748,29.207,42.261,47.039,69.496,75.393,88.334,68.619,50.024
3167,3167,17.818,24.58,33.021,49.297,60.597,57.798,79.862,61.568,49.657,3167,3167,16.798,22.094,30.961,33.885,60.214,58.954,75.508,58.697,47.09,3167,3167,10.473,34.194,37.266,46.527,66.111,72.27,90.752,70.698,51.934
3168,3168,16.313,29.086,34.609,39.012,57.473,52.782,68.415,54.782,48.332,3168,3168,16.397,28.037,29.34,36.136,54.269,54.379,65.162,52.841,43.098,3168,3168,14.027,32.771,36.745,46.669,63.766,72.369,80.949,62.356,45.966
3169,3169,17.81,28.174,33.269,37.462,53.271,52.235,68.863,55.83,45.409,3169,3169,23.233,24.338,27.614,34.031,55.702,55.699,66.568,58.163,42.095,3169,3169,16.835,27.165,37.739,45.038,62.007,71.894,81.574,65.28,46.15
3170,3170,15.446,24.078,31.955,37.646,53.411,49.667,69.019,54.838,47.223,3170,3170,21.625,27.809,31.143,34.94,55.406,53.108,66.101,56.41,41.462,3170,3170,14.822,26.18,28.934,44.079,60.012,67.923,82.732,64.532,46.443
3171,3171,17.401,26.415,32.377,38.737,51.422,48.562,69.774,54.979,44.976,3171,3171,20.003,31.446,32.625,40.517,53.838,51.953,67.129,56.087,41.262,3171,3171,5.4658,24.877,33.432,43.402,60.544,67.242,82.882,65.54,46.339
3172,3172,21.352,28.146,28.593,38.974,53.95,49.736,70.38,55.362,46.571,3172,3172,23.817,30.361,27.157,37.857,52.107,51.776,66.759,55.57,41.784,3172,3172,7.1316,28.008,29.38,42.816,59.746,68.132,84.277,66.715,47.192
3173,3173,20.761,22.498,30.555,40.218,53.559,52.151,74.961,59.095,45.543,3173,3173,24.489,27.883,33.349,37.87,57.307,54.99,71.78,59.166,42.474,3173,3173,4.4869,27.032,35.189,46.287,62.194,70.53,88.237,69.948,49.736
3174,3174,24.978,26.937,37.915,42.909,46.612,52.476,73.68,59.55,46.463,3174,3174,29.309,24.568,36.367,40.601,54.222,55.294,71.4,59.737,41.977,3174,3174,6.3238,22.661,40.998,43.584,58.597,73.41,88.65,71.564,50.522
3175,3175,21.841,23.294,35.215,39.951,52.155,53.6,74.472,60.404,43.995,3175,3175,24.96,24.903,35.737,35.083,55.942,57.028,71.875,61.474,42.171,3175,3175,3.1858,21.244,39.723,45.931,60.577,75.064,89.451,71.882,50.455
3176,3176,11.991,19.501,32.15,36.862,51.837,59.805,80.092,64.14,47.604,3176,3176,18.103,22.795,33.128,38.443,52.227,60.445,77.463,63.512,44.114,3176,3176,3.408,18.857,39.012,42.59,60.881,80.862,93.486,75.176,54.328
3177,3177,9.2866,26.951,30.507,39.483,51.32,56.991,76.413,62.178,45.483,3177,3177,9.795,18.998,33.058,35.137,51.426,59.846,74.843,62.631,43.415,3177,3177,3.6716,27.603,37.982,42.171,59.87,79.563,91.213,74.127,52.81
3178,3178,14.865,21.744,35.517,38.5,51.426,56.658,73.45,59.712,45.659,3178,3178,15.154,24.359,37.448,32.617,50.98,57.373,71.457,58.677,41.718,3178,3178,5.337,20.675,40.119,42.443,59.128,78.139,87.892,70.244,49.516
3179,3179,23.035,28.173,34.07,35.488,50.687,59.752,77.559,63.155,46.429,3179,3179,25.31,26.4,32.742,34.265,49.706,59.186,74.559,61.694,42.502,3179,3179,-1.9139,24.655,40.536,43.455,62.038,79.658,91.588,73.235,52.226
3180,3180,19.067,27.772,35.664,40.606,56.146,60.256,78.294,64.677,48.638,3180,3180,22.377,28.484,31.853,35.162,52.606,57.177,75.345,62.622,43.355,3180,3180,3.886,21.495,33.256,43.074,62.015,76.902,91.325,73.218,52.179
3181,3181,12.775,24.706,33.031,38.36,56.75,62.339,77.919,63.996,47.795,3181,3181,16.677,26.46,27.803,36.667,50.42,60.115,74.308,63.008,42.995,3181,3181,-1.0677,19.633,35.814,45.896,63.141,79.872,91.424,73.902,52.472
3182,3182,20.496,24.799,32.59,37.915,54.411,60.601,74.928,62.817,47.134,3182,3182,15.531,22.584,30.577,34.927,51.814,58.769,73.106,61.12,42.533,3182,3182,5.1596,24.498,38.976,47.358,59.816,77.141,88.563,72.772,51.674
3183,3183,17.588,25.751,31.854,38.188,50.239,62.324,74.87,63.177,47.518,3183,3183,8.5652,30.901,30.839,36.404,55.062,61.141,72.514,61.1,42.257,3183,3183,9.9817,26.3,37.781,44.992,60.736,80.216,88.319,72.636,50.956
3184,3184,14.08,20.278,34.528,42.28,52.028,53.192,61.194,54.177,47.044,3184,3184,13.966,26.706,31.029,38.966,54.539,58.233,58.99,52.902,40.25,3184,3184,4.5235,22.482,37.809,44.557,65.438,74.174,76.304,61.02,45.618
3185,3185,11.109,20.578,33.054,39.892,50.762,48.032,61.902,53.991,46.153,3185,3185,18.819,27.575,32.773,38.004,49.474,52.94,58.688,51.826,39.943,3185,3185,6.1857,23.463,35.556,45.739,58.971,69.554,75.167,61.569,44.482
3186,3186,23.208,20.669,29.437,40.266,50.449,45.339,56.778,49.712,44.167,3186,3186,28.535,23.841,28.948,39.176,52.519,53.072,54.564,49.301,39.195,3186,3186,8.0063,23.266,34.978,45.818,61.155,66.848,70.702,56.61,42.17
3187,3187,24.891,25.172,32.281,38.803,49.977,46.015,62.478,47.411,44.655,3187,3187,29.738,26.141,31.121,39.737,48.421,48.142,59.084,46.332,38.859,3187,3187,9.7218,21.528,36.657,45.557,58.73,64.673,77.689,57.707,43
3188,3188,19.417,23.829,28.274,40.984,57.506,49.982,59.66,44.033,40.97,3188,3188,23.189,23.222,34.522,39.646,54.968,56.702,56.169,42.714,38.055,3188,3188,4.9288,23.059,31.477,42.483,62.069,71.087,75.913,53.543,40.405
3189,3189,19.173,23.634,32.495,40.829,60.023,51.353,56.392,48.096,44.301,3189,3189,23.595,27.28,33.418,39.191,58.819,57.587,54.644,46.495,39.451,3189,3189,1.731,21.545,32.103,41.443,66.289,68.317,72.767,54.95,41.874
3190,3190,23.246,26.306,34.855,44.756,64.402,56.358,68.616,57.25,49.724,3190,3190,26.377,26.934,29.418,37.326,60.04,61.214,65.383,53.143,43.425,3190,3190,5.2316,22.369,33.58,44.792,69.857,74.239,81.868,63.784,46.841
3191,3191,18.664,22.391,33.278,43.15,65.522,57.765,67.62,56.385,47.63,3191,3191,21.436,28.515,27.122,35.542,60.821,63.598,64.821,56.075,41.308,3191,3191,0.48633,21.775,34.708,42.297,70.591,74.542,81.088,63.1,45.903
3192,3192,3.7715,16.211,32.391,41.881,62.071,54.901,68.964,56.143,44.449,3192,3192,6.8942,27.889,26.54,35.934,56.371,57.706,67.251,55.057,40.648,3192,3192,2.4996,27.411,32.355,41.121,64.295,72.359,83.151,65.974,46.944
3193,3193,17.316,21.758,31.065,41.93,53.878,50.624,65.242,53.588,44.948,3193,3193,21.297,28.556,29.544,39.312,56.183,55.754,63.084,53.474,40.346,3193,3193,1.9944,24.485,28.205,38.852,60.805,72.593,79.359,62.601,44.332
3194,3194,22.493,22.413,29.621,40.728,54.424,49.386,63.724,51.416,43.105,3194,3194,25.42,32.714,21.978,36.622,52.175,53.917,61.692,50.32,39.312,3194,3194,4.8643,28.452,23.899,37.691,58.956,71.78,77.91,59.73,43.605
3195,3195,21.375,25.905,33.776,41.085,48.696,46.236,58.542,48.63,43.708,3195,3195,25.422,29.449,30.721,33.588,48.941,49.895,56.313,49.276,38.702,3195,3195,4.6197,29.627,35.433,39.913,59.647,67.847,72.862,55.523,41.227
3196,3196,22.022,19.256,30.572,39.091,52.409,45.4,55.702,45.776,43.947,3196,3196,25.186,27.393,27.771,33.546,54.086,51.141,53.461,44.863,38.208,3196,3196,1.8035,24.53,34.629,39.316,59.733,64.582,70.047,52.928,41.529
3197,3197,20.619,19.207,28.801,38.893,50.823,42.229,51.289,40.249,43.406,3197,3197,29.868,30.857,30.355,33.667,48.602,44.253,48.95,41.791,37.967,3197,3197,9.7567,24.723,34.21,42.68,56.996,59.22,66.224,48.76,40.337
3198,3198,16.864,25.647,28.127,37.174,45.42,36.833,45.667,38.38,42.831,3198,3198,26.574,32.588,28.522,35.966,44.888,41.376,43.142,38.229,38.247,3198,3198,6.6298,24.156,32.684,37.198,50.315,52.269,59.484,43.594,40.725
3199,3199,11.923,25.839,30.656,36.279,41.897,35.133,42.36,35.884,43.301,3199,3199,22.896,27.509,29.83,35.365,45.062,40.907,40.05,36.765,37.862,3199,3199,2.4417,22.089,31.657,37.497,51.118,50.552,57.426,41.596,40.049
3200,3200,22.237,21.362,32.561,39.674,45.55,38.996,43.165,37.057,42.242,3200,3200,23.837,23.969,24.286,33.589,48.974,42.405,41.149,37.443,37.578,3200,3200,5.5429,22.107,32.015,42.763,56.769,51.509,57.367,41.5,40.278
3201,3201,20.733,21.387,28.052,37.133,50.567,40.812,39.788,37.243,43.578,3201,3201,28.722,18.391,23.237,37.184,47.633,43.171,38.119,35.606,37.606,3201,3201,9.2847,25.57,32.4,40.617,55.597,50.231,55.013,39.683,39.949
3202,3202,18.219,28.302,31.208,39.024,48.12,42.828,53.364,40.557,41.537,3202,3202,27.47,27.546,29.428,35.969,52.216,51.677,50.574,40.488,37.539,3202,3202,11.96,33.921,29.383,39.069,54.85,65.444,70.744,49.775,40.312
3203,3203,10.854,21.511,25.91,36.781,47.285,44.901,60.578,45.446,43.737,3203,3203,21.311,31.414,31.505,34.685,48.596,51.343,56.911,43.356,38.75,3203,3203,10.267,29,35.945,36.069,53.527,67.698,75.832,54.801,41.174
3204,3204,9.5022,24.65,31.446,37.861,47.058,40.751,52.553,47.074,42.28,3204,3204,15.322,26.981,29.429,30.602,53.039,50.015,49.963,45.619,38.13,3204,3204,1.6908,25.044,35.539,37.51,52.482,58.189,66.002,52.393,40.557
3205,3205,15.05,24.571,33.251,37.486,47.805,42.073,54.221,46.307,43.742,3205,3205,16.635,28.475,27.017,33.406,51.536,50.254,51.097,45.395,38.619,3205,3205,-1.4585,25.266,34.249,41.933,53.155,61.479,67.006,52.667,39.702
3206,3206,12.853,24.154,28.928,40.37,50.66,47.114,59.813,50.303,42.37,3206,3206,11.995,34.627,32.735,38.319,58.773,56.785,58.327,49.545,38.163,3206,3206,1.7632,31.897,35.693,41.914,61.746,68.762,74.153,59.247,41.349
3207,3207,16.085,30.522,32.182,46.711,61.522,54.56,60.162,47.619,44.044,3207,3207,17.27,34.401,28.115,40.698,66.255,62.569,58.445,46.89,39.214,3207,3207,2.0051,23.315,31.672,48.611,68.165,71.931,75.28,57.343,41.662
3208,3208,7.6642,27.085,28.336,51.797,59.614,53.74,61.52,48.014,44.29,3208,3208,11.049,27.6,27.729,38.924,65.96,61.681,61.172,48.984,39.674,3208,3208,6.3064,28.634,32.255,47.129,64.703,70.763,77.372,57.446,43.414
3209,3209,11.975,29.93,33.336,53.84,58.729,55.407,63.627,48.474,44.779,3209,3209,12.199,30.335,28.957,42.796,64.419,64.291,62.105,50.626,40.986,3209,3209,4.9616,26.366,28.045,49.272,66.902,74.872,79.962,58.49,43.925
3210,3210,17.061,33.338,30.887,53.231,60.7,56.604,67.912,51.807,44.976,3210,3210,25.167,30.697,28.016,44.355,68.208,66.655,67.478,52.212,41.363,3210,3210,1.0156,27.616,27.669,51.011,69.716,76.983,83.571,62.685,45.807
3211,3211,15.701,25.292,33.261,48.544,56.49,55.94,66.655,49.754,46.488,3211,3211,25.721,30.361,30.271,45.904,67.707,66.674,64.123,50.731,42.409,3211,3211,7.7802,22.221,32.914,52.172,69.682,76.404,81.887,60.022,46.042
3212,3212,15.828,30.844,34.123,54.794,62.285,57.204,63.977,47.238,43.408,3212,3212,12.5,30.398,32.265,42.937,60.557,60.683,64.515,48.198,40.815,3212,3212,-0.67215,22.42,29.158,52.502,66.758,74.931,81.965,59.337,44.127
3213,3213,12.175,31.941,37,53.775,60.294,55.84,61.979,45.666,43.373,3213,3213,23.166,35.378,26.194,47.662,62.447,61.889,59.142,46.52,39.171,3213,3213,4.6471,22.947,31.624,49.415,64.596,73.331,77.062,56.32,41.799
3214,3214,17.476,24.967,33.509,48.114,57.424,51.344,56.574,45.205,42.913,3214,3214,22.774,31.638,29.554,52.114,59.892,58.658,56.86,45.452,39.313,3214,3214,1.1598,23.019,29.494,57.196,64.187,71.882,73.674,53.671,41.514
3215,3215,5.8066,25.979,31.316,44.236,53.389,48.752,54.544,45.702,43.489,3215,3215,24.49,24.886,25.532,47.777,60.529,57.459,53.516,44.152,38.927,3215,3215,8.0209,22.589,35.288,49.833,60.069,67.895,70.258,53.254,40.52
3216,3216,4.2093,21.698,32.436,41.707,46.801,45.09,58.073,44.79,40.345,3216,3216,20.026,19.711,24.428,35.376,50.521,50.429,56.161,44.347,37.635,3216,3216,5.5348,24.285,36.731,46.314,56.884,64.75,71.457,54.089,40.209
3217,3217,14.98,21.459,31.246,44.046,48.745,42.974,54.758,42.5,41.899,3217,3217,26.767,27.264,29.189,38.771,49.464,48.165,53.39,42.725,37.712,3217,3217,8.4695,21.839,33.066,43.224,57.572,62.328,68.658,51.048,39.54
3218,3218,8.4646,18.138,31.779,49.265,48.911,44.141,55.666,44.335,39.5,3218,3218,25.196,27.878,28.536,41.583,47.098,46.989,53.536,43.783,37.132,3218,3218,9.2591,25.299,31.437,41.928,53.942,60.712,69.12,51.172,39.143
3219,3219,5.8295,18.618,24.308,44.986,49.175,42.078,50.861,42.88,42.636,3219,3219,15.566,29.797,32.156,38.88,50.373,48.333,48.901,43.626,37.756,3219,3219,6.2346,29.846,31.803,37.312,52.317,58.478,65.536,49.657,39.089
3220,3220,13.332,26.386,30.967,46.919,48.577,42.715,53.269,45.104,39.864,3220,3220,23.259,30.223,30.032,40.379,50.32,50.169,53.089,46.508,36.86,3220,3220,8.7245,26.793,30.734,39.556,54.11,61.372,68.853,53.86,39.047
3221,3221,10.074,24.723,27.635,49.546,48.771,47.085,59.679,50.327,43.132,3221,3221,24.081,28.173,28.933,45.177,53.257,51.521,58.282,50.706,38.307,3221,3221,5.244,27.329,29.245,42.99,58.727,66.905,74.571,58.706,41.151
3222,3222,6.6593,20.198,33.347,48.684,52.628,52.329,63.316,55.81,42.48,3222,3222,20.998,23.212,26.501,42.069,56.103,57.432,62.13,55.645,40.083,3222,3222,4.4868,25.73,31.459,40.224,59.295,72.919,78.033,63.062,43.281
3223,3223,8.5476,30.748,32.582,54.915,54.974,54.746,70.827,61.132,46.686,3223,3223,12.561,27.859,27.053,46.935,56.888,59.07,67.99,59.323,42.808,3223,3223,-1.2367,19.688,23.391,44.206,61.874,77.105,84.375,67.275,47.023
3224,3224,16.107,28.18,34.448,44.945,51.032,50.469,59.355,49.764,43.477,3224,3224,11.461,22.114,30.565,47.194,54.335,53.42,56.025,50.656,39.02,3224,3224,3.3344,21.747,29.336,45.699,57.806,68.086,73.567,55.624,40.548
3225,3225,11.184,27.415,33.949,48.689,48.651,49.164,55.924,50.511,43.837,3225,3225,11.454,17.273,30.92,47.063,52.834,52.051,55.822,51.102,39.958,3225,3225,-0.95635,18.809,33.793,45.788,56.914,66.544,71.842,52.938,41.449
3226,3226,18.573,22.48,35.542,55,50.744,44.176,55.838,52.008,44.7,3226,3226,17.409,26.387,28.784,53.24,52.022,47.726,54.437,50.288,39.671,3226,3226,-0.1025,15.12,33.488,46.454,55.047,59.456,70.442,53.363,40.878
3227,3227,17.163,27.44,36.88,56.615,51.373,43.746,59.174,49.964,41.537,3227,3227,25.361,27.274,35.011,45.489,51.439,48.647,56.311,52.117,39.021,3227,3227,12.46,25.948,34.428,45.102,53.725,58.812,72.528,55.735,41.536
3228,3228,22.113,20.466,37.39,51.69,52.452,47.024,66.892,52.578,43.849,3228,3228,24.82,17.239,31.566,45.442,50.735,49.964,63.592,55.063,39.528,3228,3228,7.7913,17.142,27.75,45.712,59.003,65.591,80.784,63.331,44.104
3229,3229,20.066,28.4,39.337,57.106,56.022,49.709,68.443,55.683,43.32,3229,3229,23.793,18.524,34.971,52.746,58.626,54.46,66.203,56.788,40.571,3229,3229,5.2293,23.317,34.027,48.59,64.671,67.607,82.103,65.573,45.615
3230,3230,13.948,32.695,35.622,53.2,54.879,50.175,68.529,56.489,45.284,3230,3230,24.28,22.743,33.953,53.44,58.972,56.071,66.593,57.047,41.421,3230,3230,4.3449,26.271,30.859,46.739,62.628,67.786,82.412,66.549,46.367
3231,3231,18.269,27.456,33.464,48.929,53.151,51.991,74.085,59.813,45.051,3231,3231,23.018,19.909,28.876,45.835,55.853,56.121,71.293,59.152,42.293,3231,3231,8.1245,24.944,25.147,45.765,62.308,69.3,87.966,70.497,50.115
3232,3232,19.058,28.543,38.422,50.134,51.011,54.469,76.011,63.325,47.798,3232,3232,22.992,24.35,31.769,45.367,56.139,58.474,73.52,62.883,43.858,3232,3232,9.3012,22.984,34.736,43.977,61.094,76.193,91.238,72.984,52.189
3233,3233,8.1502,28.311,34.184,51.833,54.721,61.606,84.017,66.152,48.237,3233,3233,14.88,18.287,32.12,46.815,55.327,61.161,79.719,64.612,45.051,3233,3233,5.8241,23.128,31.015,44.734,61.266,80.818,96.454,76.916,56.724
3234,3234,16.603,28.995,35.553,56.113,55.046,60.361,81.944,64.998,47.918,3234,3234,20.183,23.587,33.407,47.045,55.057,61.644,78.776,63.688,44.231,3234,3234,9.5988,27.801,28.058,44.709,58.669,81.088,95.021,75.511,55.071
3235,3235,23.783,30.242,36.775,48.738,50.869,64.337,87.541,68.386,49.75,3235,3235,16.25,27.06,33.319,45.949,51.898,61.956,84.003,65.053,46.032,3235,3235,7.3157,20.746,31.333,43.468,57.358,81.312,100.85,79.574,60.248
3236,3236,23.984,23.048,35.83,51.173,58.777,67.986,89.631,70.707,52.33,3236,3236,18.689,23.747,35.725,51.355,58.712,64.901,85.218,67.328,47.59,3236,3236,11.945,22.74,36.864,43.974,68.565,84.804,104,81.255,62.351
3237,3237,15.218,32.554,38.105,60.414,61.931,67.359,89.264,70.262,52.373,3237,3237,17.582,32.657,36.536,60.803,60.506,63.414,84.768,66.842,47.334,3237,3237,21.01,26.333,35.758,48.69,65.518,82.639,102.64,80.743,61.521
3238,3238,21.722,31.698,44.842,61.436,58.951,61.503,77.77,63.538,48.286,3238,3238,23.526,25.615,31.184,52.886,57.376,59.222,74.642,62.242,42.746,3238,3238,24.539,23.572,35.557,50.474,61.117,77.674,93.001,73.035,52.455
3239,3239,22.758,27.387,37.562,59.177,57.859,60.365,73.707,60.103,47.242,3239,3239,22.52,27.197,32.199,52.304,55.59,59.125,69.215,58.655,41.718,3239,3239,22.427,24.371,34.85,46.476,62.102,78.432,87.921,68.356,47.926
3240,3240,14.685,24.478,33.856,54.562,52.71,50.579,61.304,51.356,45.657,3240,3240,12.377,27.947,31.146,54.975,56.137,55.451,57.962,49.45,40.105,3240,3240,10.281,19.175,34.8,42.263,56.708,73.624,74.088,58.985,42.876
3241,3241,18.521,22.768,36.595,56.442,52.799,45.917,59.378,51.351,44.364,3241,3241,17.663,18.151,33.528,50.35,55.634,53.838,57.153,50.789,39.618,3241,3241,11.582,22.592,32.323,45.768,58.758,65.845,72.668,58.667,42.931
3242,3242,14.565,28.51,33.647,51.179,50.806,43.126,55.829,49.251,45.327,3242,3242,20.765,28.233,33.562,46.018,51.763,46.072,53.263,49.794,39.302,3242,3242,10.627,20.842,28.503,41.937,53.011,60.609,69.06,55.738,41.33
3243,3243,21.249,27.917,32.222,49.356,52.945,52.59,57.944,45.656,43.669,3243,3243,28.639,28.556,29.477,52.8,54.776,57.296,55.958,46.77,38.637,3243,3243,12.809,16.505,28.192,38.23,56.877,73.413,73.919,53.705,40.884
3244,3244,11.826,25.951,32.509,50.183,47.777,40.179,50.351,40.486,44.769,3244,3244,24.862,24.408,29.017,49.309,53.026,50.871,47.252,40.212,38.938,3244,3244,7.4486,17.266,33.29,42.878,53.356,61.326,63.51,46.728,41.145
3245,3245,13.623,27.78,30.863,45.423,50.249,40.716,40.226,40.532,44.394,3245,3245,24.262,24.157,33.179,37.766,44.852,41.769,38.371,38.268,38.538,3245,3245,9.5877,17.694,29.284,38.118,49.283,49.058,53.597,38.35,42.28
3246,3246,11.282,23.936,26.617,40.586,42.842,36.955,51.461,46.387,44.723,3246,3246,17.461,23.665,30.043,42.042,47.897,46.723,49.851,44.224,39.776,3246,3246,0.2803,7.2262,26.875,37.644,56.04,59.794,64.993,51.276,42.41
3247,3247,16.93,20.463,28.75,44.078,48.622,42.464,54.006,49.49,44.407,3247,3247,19.115,24.85,29.54,42.475,55.549,55.687,53.207,48.099,38.973,3247,3247,5.8298,19.396,29.063,40.474,63.336,66.619,68.331,53.596,42.705
3248,3248,15.122,24.763,27.286,40.87,48.322,39.568,48.223,45.18,44.637,3248,3248,21.934,19.893,25.572,38.856,45.382,47.372,48.422,44.774,38.916,3248,3248,5.1743,19.869,29.873,36.492,53.421,58.353,63.956,49.633,42.221
3249,3249,13.154,18.626,29.719,46.207,48.038,39.463,48.183,46.33,45.673,3249,3249,16.239,16.226,30.211,45.424,49.301,49.625,46.957,44.58,39.211,3249,3249,1.447,19.81,30.674,35.588,59.066,61.495,61.979,48.403,42.489
3250,3250,15.363,22.706,30.212,44.034,43.71,36.323,41.87,40.96,44.937,3250,3250,17.348,15.561,29.319,44.483,45.441,41.718,39.568,39.134,38.547,3250,3250,5.2084,17.937,30.351,37.116,48.903,52.478,56.26,39.017,40.938
3251,3251,11.882,24.835,32.504,36.934,43.554,35.411,39.914,39.992,43.188,3251,3251,20.267,19.057,28.929,35.026,40.565,37.079,37.657,39.489,38.303,3251,3251,-0.53485,22.551,27.936,38.676,48.255,47.717,54.726,38.972,40.377
3252,3252,14.206,27.399,40.14,51.715,51.706,41.698,46.669,42.088,44.254,3252,3252,16.458,29.016,32.815,48.73,49.739,41.721,44.406,40.357,38.439,3252,3252,6.2345,21.478,24.956,41.094,49.839,50.901,59.767,43.21,40.337
3253,3253,17.711,32.679,42.253,53.462,58.475,46.807,42.847,38.477,42.656,3253,3253,26.526,35.038,30.473,47.362,48.654,44.304,41.562,40.233,38.078,3253,3253,7.4533,22.147,34.566,40.623,49.593,52.438,57.404,41.802,41.572
3254,3254,12.818,31.045,40.696,52.431,48.634,45.072,52.57,41.84,44.439,3254,3254,28.086,26.898,33.948,45.502,48.559,50.174,50.854,41.667,38.767,3254,3254,7.7134,23.68,32.673,40.539,53.934,65.415,69.299,51.502,41.806
3255,3255,12.783,21.124,32.773,48.052,45.673,47.923,53.519,42.164,43.453,3255,3255,23.541,23.693,27.329,36.796,50.149,53.971,52.933,42.413,37.766,3255,3255,5.6945,16.716,29.43,40.306,56.502,69.237,72.932,50.757,42.166
3256,3256,11.885,23.508,32.441,46.436,46.83,39.642,53.626,44.686,44.609,3256,3256,18.733,24.493,26.647,36.578,45.513,45.803,51.216,44.867,38.979,3256,3256,-1.4215,23.511,27.537,36.761,51.215,60.35,69.296,51.883,41.549
3257,3257,12.858,24.507,32.066,46.554,45.819,43.766,53.757,44.773,43.936,3257,3257,18.18,24.496,27.422,36.714,50.952,51.395,52.209,42.801,38.496,3257,3257,9.1143,17.546,30.767,37.026,55.279,64.599,69.335,52.52,41.706
3258,3258,13.147,24.536,28.944,48.929,52.498,48.712,53.983,45.221,44.398,3258,3258,20.158,21.747,29.799,37.403,52.332,53.831,50.99,44.169,39.144,3258,3258,6.6629,18.882,31.574,43.805,58.513,67.357,67.161,52.397,41.313
3259,3259,15.338,25.291,27.926,47.468,47.769,45.934,57.679,48.62,43.377,3259,3259,20.596,26.007,29.625,38.018,57.221,55.02,56.424,47.738,39.219,3259,3259,8.8647,19.68,32.84,41.85,59.967,69.66,73.604,57.168,42.103
3260,3260,21.087,17.029,31.371,46.242,54.194,53.491,62.719,48.412,44.312,3260,3260,26.344,28.36,29.415,39.927,63.694,63.297,60.013,48.545,39.571,3260,3260,11.414,18.688,31.594,47.304,66.331,74.49,76.485,58.802,42.798
3261,3261,16.04,26.587,33.341,47.521,58.761,57.226,65.543,50.469,44.428,3261,3261,24.465,22.979,29.604,39.721,65.384,63.713,65.154,51.482,41.361,3261,3261,5.9438,23.309,35.405,46.144,69.21,76.995,81.721,60.483,44.339
3262,3262,15.544,30.518,32.947,48.423,61.372,57.23,65.822,50.567,46.345,3262,3262,20.007,24.672,27.588,42.007,62.447,63.941,63.026,51.43,42.501,3262,3262,0.62062,21.303,31.436,48.431,67.66,77.454,79,58.968,45.094
3263,3263,-0.22921,20.089,30.981,49.719,62.424,59.103,67.638,51.203,46.334,3263,3263,22.391,24.355,29.388,41.875,69.239,68.301,65.956,51.87,42.212,3263,3263,-0.54026,22.145,30.133,50.483,70.831,79.077,83.082,61.741,46.32
3264,3264,11.227,25.195,34.715,54.131,58.875,56.286,64.043,48.039,45.558,3264,3264,14.971,20.863,29.56,42.096,68.581,67.115,63.619,48.841,41.674,3264,3264,-3.366,26.746,33.171,51.114,72.754,75.381,80.413,58.883,44.518
3265,3265,9.4051,26.662,33.191,46.946,62.225,58.374,63.189,46.083,43.344,3265,3265,22.722,28.254,28.758,38.817,65.717,64.748,60.592,47.417,40.198,3265,3265,1.1097,26.588,32.946,51.225,67.959,75.496,78.447,55.14,42.743
3266,3266,9.0727,22.116,35.971,45.694,63.931,57.104,56.292,42.318,44.02,3266,3266,24.088,27.202,31.657,48.69,61.52,61.068,57.378,44.527,39.48,3266,3266,6.3404,16.641,32.055,55.386,66.347,74.939,74.589,52.594,42.401
3267,3267,6.1976,28.994,30.938,38.283,54.832,52.187,55.809,43.846,43.697,3267,3267,21.365,24.595,27.817,43.302,61.452,59.349,55.434,45.485,38.828,3267,3267,-2.1282,23.166,34.967,52.236,64.233,71.269,72.468,53.844,42.429
3268,3268,8.4003,27.323,32.482,40.825,54.431,50.989,56.175,43.235,42.017,3268,3268,15.602,25.556,24.485,39.756,59.946,58.927,55.496,44.029,39.313,3268,3268,0.18815,25.271,37.592,47.397,62.884,70.879,73.065,52.049,41.312
3269,3269,13.066,24.067,29.687,44.324,54.335,51.821,57.045,42.924,42.901,3269,3269,20.232,19.863,26.486,45.036,59.692,59.157,56.926,45.094,38.638,3269,3269,1.4145,23.618,33.074,47.883,65.534,70.827,74.355,52.299,40.752
3270,3270,7.9039,18.861,35.179,49.922,57.617,54.416,61.699,45.678,42.383,3270,3270,21.615,22.232,30.412,47.126,59.424,58.647,59.874,46.581,39.525,3270,3270,4.7557,24.708,30.827,50.295,66.317,73.117,77.342,57.518,42.32
3271,3271,5.0637,23.257,31.777,50.601,59.751,54.814,60.84,45.461,45.221,3271,3271,27.249,21.866,27.834,44.515,59.698,61.298,59.334,47.258,39.558,3271,3271,7.5674,17.801,31.654,48.304,66.025,75.548,76.113,55.403,43.411
3272,3272,9.8995,22.733,29.843,50.441,61.196,56.951,63.382,51.398,44.631,3272,3272,21.892,22.671,20.041,45.1,62.555,61.215,62.287,50.22,40.199,3272,3272,2.9031,13.219,28,46.903,66.841,76.601,79.351,59.899,44.173
3273,3273,3.914,23.74,34.248,50.658,58.735,55.977,71.582,58.454,48.027,3273,3273,18.419,17.322,24.402,46.626,61.345,62.629,68.589,55.722,43.229,3273,3273,6.0021,18.312,30.908,52.815,67.882,77.219,84.944,70.061,49.484
3274,3274,10.003,21.062,32.862,48.832,57.465,52.976,72.192,59.371,48.884,3274,3274,12.842,20.052,25.267,47.816,57.27,61.745,69.677,57.653,43.129,3274,3274,5.774,19.728,31.278,47.83,65.071,77.494,84.691,69.811,49.47
3275,3275,4.5925,24.912,32.762,39.175,58.513,53.804,71.249,59.249,49.741,3275,3275,12.763,28.157,29.284,40.614,55.09,58.264,68.883,58.827,43.838,3275,3275,0.38529,15.03,34.498,47.542,65.041,73.986,85.115,70.193,49.763
3276,3276,11.086,26.329,33.355,44.319,55.105,54.049,72.936,61.154,50.031,3276,3276,14.182,24.453,29.389,34.515,55.09,58.348,70.833,59.995,44.073,3276,3276,-2.6561,17.894,35.311,43.053,63.436,75.391,86.887,71.526,51.044
3277,3277,4.2688,23.778,36.007,45.91,62.602,56.836,76.355,63.876,49.451,3277,3277,12.361,24.437,32.218,38.076,53.833,58.42,74.475,63.812,44.51,3277,3277,3.5482,23.807,36.009,44.869,65.668,74.973,90.757,75.501,53.904
3278,3278,5.0533,27.765,29.178,40.301,59.324,58.737,80.573,67.898,50.485,3278,3278,12.697,24.825,25.422,39.769,54.524,59.708,77.677,65.437,45.405,3278,3278,1.3899,18.301,34.791,42.202,63.55,77.64,94.443,78.719,56.65
3279,3279,14.086,27.149,33.794,42.056,59.214,60.387,81.263,68.038,51.36,3279,3279,12.094,19.763,28.245,34.029,55.919,59.75,77.445,65.681,45.496,3279,3279,0.43789,18.515,34.391,45.459,64.844,77.949,94.95,77.182,55.656
3280,3280,17.554,24.94,28.897,40.711,54.283,60.618,82.117,68.72,50.565,3280,3280,20.119,27.48,27.932,37.534,58.265,62.215,78.829,67.735,46.443,3280,3280,8.8562,17.819,35.712,43.037,65.657,79.996,96.365,79.062,57.372
3281,3281,12.956,22.922,33.4,37.681,55.761,60.116,79.142,65.781,48.747,3281,3281,13.914,25.769,30.163,35.919,58.619,62.316,76.341,65.498,44.996,3281,3281,7.8772,25.213,33.772,42.147,64.564,80.018,93.016,75.962,54.266
3282,3282,14.48,26.911,34.095,34.17,54.251,58.991,77.511,65.423,47.83,3282,3282,20.641,18.313,28.75,34.198,59.746,61.683,75.825,66.176,45.049,3282,3282,10.926,26.8,29.894,39.609,62.304,79.418,92.423,76.622,54.657
3283,3283,14.906,23.558,34.931,37.832,47.085,56.915,76.254,62.459,46.581,3283,3283,21.203,16.824,29.416,36.999,55.669,58.529,74.95,62.923,43.508,3283,3283,10.165,19.412,37.17,41.986,58.704,77.311,90.46,74.708,53.029
3284,3284,7.0904,21.355,25.665,36.092,45.66,51.673,71.597,56.203,42.244,3284,3284,11.295,16.634,29.068,35.181,49.289,52.328,67.024,55.982,39.354,3284,3284,0.97869,18.547,31.269,40.187,54.813,71.414,85.828,67.332,46.832
3285,3285,16.987,21.041,25.863,36.719,49.315,43.9,62.229,50.838,43.261,3285,3285,18.297,13.055,24.35,33.302,46.768,47.047,60.718,52.535,38.695,3285,3285,1.1294,18.76,31.469,42.202,53.893,63.597,77.394,60.874,41.975
3286,3286,16.373,21.955,26.293,34.083,50.667,50.424,67.723,56.543,42.734,3286,3286,14.8,24.511,29.332,36.645,54.337,55.325,64.568,55.248,39.344,3286,3286,0.53392,20.826,32.193,44.899,61.237,69.861,80.546,63.648,43.705
3287,3287,13.429,20.932,29.122,34.683,50.071,47.987,65.624,54.712,44.277,3287,3287,14.21,21.409,29.92,34.858,50.272,51.759,62.897,53.184,38.856,3287,3287,1.704,15.715,27.556,45.242,58.363,68.111,79.407,62.396,43.135
3288,3288,8.0421,17.613,31.213,41.233,54.312,53.683,66.517,57.966,47.831,3288,3288,8.8251,17.361,27.936,35.766,51.617,56.271,64.133,56.771,41.712,3288,3288,6.3379,20.296,30.494,41.015,61.299,72.466,80.647,66.018,47.469
3289,3289,11.79,11.459,26.195,36.794,48.462,46.163,60.658,49.156,44.813,3289,3289,21.085,22.667,24.483,33.936,53.455,53.958,59.247,49.574,39.279,3289,3289,6.2526,14.811,30.078,37.887,58.867,67.049,74.89,58.459,42.775
3290,3290,6.9455,12.449,25.459,38.264,55.718,49.575,62.209,50.869,43.968,3290,3290,26.37,25.004,30.944,36.465,56.689,57.183,59.529,49.579,39.691,3290,3290,12.047,18.316,28.147,44.412,65.602,71.765,75.761,58.573,42.653
3291,3291,14.606,21.814,31.89,41.354,52.976,43.198,53.567,43.05,43.111,3291,3291,22.174,23.439,31.057,38.666,52.012,51.206,51.361,43.701,37.397,3291,3291,5.6876,15.092,29.064,41.818,57.749,60.864,67.506,51.873,38.902
3292,3292,12.307,15.297,30.993,33.987,47.741,39.297,46.988,38.652,40.301,3292,3292,21.128,23.736,29.323,36.722,50.471,48.238,44.249,38.311,36.322,3292,3292,3.6834,21.277,33.169,40.414,53.455,55.904,61.294,43.931,38.297
3293,3293,18.6,23.218,27.751,38.091,44.112,38.777,53.63,42.28,42.169,3293,3293,17.69,24.611,25.945,32.174,43.133,43.715,53.335,42.813,37.611,3293,3293,7.8721,17.845,30.72,40.848,50.995,55.938,70.718,52.191,39.738
3294,3294,26.818,23.607,28.984,39.094,49.534,44.253,56.203,43.713,40.081,3294,3294,30.409,22.988,31.423,37.519,46.341,46.572,54.047,43.951,37.728,3294,3294,8.0685,16.441,26.181,40.232,55.177,61.175,71.401,53.748,39.261
3295,3295,21.317,18.857,30.899,37.025,47.972,44.022,56.23,45.252,43.264,3295,3295,30.28,23.013,30.757,33.671,49.911,48.368,55.263,46.41,37.482,3295,3295,8.4557,20.754,31.984,39.302,54.933,63.257,72.439,54.919,40.029
3296,3296,17.76,22.977,33.212,36.303,42.897,45.018,57.561,48.51,40.381,3296,3296,24.412,25.365,24.557,35.076,52.044,49.154,56.364,50.667,37.673,3296,3296,6.6115,16.349,33.629,40.821,56.224,63.288,74.445,58.446,40.465
3297,3297,8.8713,21.766,32.073,37.7,50.215,45.478,56.292,48.471,42.33,3297,3297,26.584,24.18,25.829,35.377,51.81,49.781,54.903,51.093,37.645,3297,3297,9.0011,22.397,34.304,37.787,55.721,62.514,70.092,58.198,39.497
3298,3298,12.706,17.054,27.101,38.56,51.467,46.589,54.867,48.925,40.553,3298,3298,26.297,26.843,28.434,34.991,53.981,51.547,54.059,51.119,37.46,3298,3298,6.662,18.866,30.959,38.267,54.01,61.118,69.66,56.71,39.26
3299,3299,13.731,23.836,31.265,38.987,46.138,43.803,51.478,44.869,42.348,3299,3299,18.4,27.963,27.698,34.681,51.829,48.9,50.469,46.482,37.49,3299,3299,3.6674,15.449,30.334,40.755,51.772,57.926,67.656,51.637,38.882
3300,3300,17.237,18.691,26.421,39.308,47.69,44.474,48.172,42.19,38.66,3300,3300,25.759,27.679,30.318,36.194,49.396,47.433,47.836,43.364,36.669,3300,3300,10.452,18.666,29.887,37.053,50.162,57.591,62.96,47.219,37.955
3301,3301,17.969,18.131,26.74,30.275,46.047,42.344,48.254,47.644,42.382,3301,3301,28.134,25.725,26.865,34.169,45.671,44.486,48.221,45.626,36.647,3301,3301,13.064,16.993,27.022,35.208,47.586,59.765,64.396,49.332,38.663
3302,3302,15.929,18.533,29.942,34.802,45.521,38.874,45.794,36.255,38.335,3302,3302,20.599,18.612,30.258,33.022,45.674,42.763,44.634,38.149,36.599,3302,3302,7.7418,20.85,28.242,36.526,48.703,54.595,59.262,43.026,37.506
3303,3303,19.469,22.617,25.623,36.927,38.759,38.744,44.458,35.444,41.794,3303,3303,22.368,27.96,29.369,33.075,44.077,41.358,42.916,38.117,36.646,3303,3303,3.5513,19.416,29.377,35.917,47.252,50.08,57.988,41.393,37.39
3304,3304,24.353,25.083,24.16,35.029,44.454,35.604,42.088,35.282,38.613,3304,3304,20.731,24.94,26.685,32.938,41.864,39.194,41.416,38.149,36.089,3304,3304,3.5072,14.424,29.818,34.006,46.714,51.645,57.192,40.835,37.231
3305,3305,18.194,20.658,31.588,37.408,46.806,38.044,50.872,44.804,42.313,3305,3305,19.8,24.184,30.133,33.548,43.179,42.414,50.252,44.302,36.524,3305,3305,0.19948,14.944,29.9,37.178,50.116,59.895,67.37,51.876,38.402
3306,3306,11.761,20.184,26.485,35.508,46.862,38.736,53.78,46.61,38.783,3306,3306,19.14,27.326,28.066,30.518,48.14,45.6,51.361,44.741,36.514,3306,3306,4.8875,20.293,30.539,40.892,55.185,57.741,68.54,50.44,37.905
3307,3307,19.798,21.275,27.435,35.462,51.158,40.239,43.245,38.069,41.969,3307,3307,20.552,23.929,29.48,30.02,48.45,41.849,41.986,38.811,37.029,3307,3307,5.8936,22.481,34.97,39.413,53.977,51.267,56.912,41.509,38.449
3308,3308,19.463,24.317,23.664,34.986,44.449,39.435,42.737,36.41,39.645,3308,3308,20.582,26.358,26.564,32.856,53.445,50.039,41.534,42.488,36.771,3308,3308,0.30936,11.883,35.255,42.094,55.182,52.941,56.868,40.844,38.457
3309,3309,24.01,26.223,30.638,36.59,44.483,36.293,47.359,39.904,40.586,3309,3309,27.176,22.694,22.439,31.356,45.608,43.514,45.572,39.827,36.404,3309,3309,9.7128,13.87,29.819,38.424,51.302,50.745,59.539,42.311,38.298
3310,3310,19.66,23.731,27.807,33.989,43.296,34.639,43.825,39.056,41.035,3310,3310,23.079,24.422,29.836,31.945,41.664,38.349,41.563,39.12,36.862,3310,3310,4.7698,20.401,32.12,34.186,46.014,46.651,57.45,44.082,37.359
3311,3311,21.753,23.449,30.263,36.144,40.041,33.853,40.944,35.958,40.817,3311,3311,23.26,22.882,28.363,32.861,43.396,38.648,39.089,39.154,37.287,3311,3311,5.0641,18.272,28.966,37.932,47.871,53.829,54.476,40.92,40.417
3312,3312,10.621,18.995,32.216,32.588,42.789,35.502,42.829,39.257,42.529,3312,3312,14.332,25.716,29.597,33.735,41.538,38.958,41.353,38.401,37.06,3312,3312,-3.161,18.372,31.926,36.983,47.676,51.46,58,41.699,39.027
3313,3313,6.1168,24.677,30.818,35.44,45.093,39.166,50.359,42.913,39.478,3313,3313,10.931,22.154,28.05,32.78,43.076,41.368,49.328,43.263,36.319,3313,3313,2.0229,20.655,27.882,38.07,53.167,58.517,65.328,48.823,38.654
3314,3314,13.259,19.187,28.268,33.791,48.799,43.473,59.183,49.985,42.479,3314,3314,17.006,20.039,29.856,31.056,47.232,49.081,57.937,47.116,37.673,3314,3314,1.3976,18.799,33.558,38.222,53.791,66.828,73.878,57.58,40.249
3315,3315,15.433,22.394,29.48,37.297,50.999,49.497,65.855,54.28,41.968,3315,3315,18.346,20.968,26.42,30.264,51.212,53.278,63.044,52.915,39.174,3315,3315,-1.8593,18.846,26.294,36.434,57.161,70.715,79.457,62.927,43.655
3316,3316,10.318,15.337,28.962,38.731,58.155,56.883,75.253,62.931,47.789,3316,3316,10.845,26.955,25.685,31.195,55.651,59.725,71.753,59.794,42.462,3316,3316,2.6204,18.81,34.143,44.587,64.267,75.761,88.714,70.47,50.117
3317,3317,12.477,24.523,30.602,35.834,57.298,50.127,61.099,53.381,44.369,3317,3317,14.389,25.196,27.668,30.21,50.397,52.994,59.208,51.937,39.024,3317,3317,-1.0539,16.941,28.615,40.682,60.737,68.413,76.663,59.364,42.976
3318,3318,8.76,22.505,29.279,33.278,48.695,38.99,46.987,40.627,42.994,3318,3318,14.234,19.536,25.589,30.996,43.14,43.713,45.821,39.46,36.986,3318,3318,-0.82457,15.992,27.913,34.87,51.676,58.422,61.764,47.371,39.021
3319,3319,14.243,24.106,27.146,36.728,50.424,43.372,51.473,43.948,42.194,3319,3319,17.428,18.972,28.643,31.261,50.629,57.82,50.681,43.476,39.568,3319,3319,4.045,19.051,29.111,42.256,60.977,72.046,69.183,50.945,41.851
3320,3320,15.593,21.057,27.687,36.245,55.949,48.01,52.74,44.05,44.57,3320,3320,14.065,15.944,27.013,35.904,62.32,61.866,51.95,46.543,39.086,3320,3320,4.2025,17.598,27.889,46.518,65.992,71.234,68.906,53.103,41.452
3321,3321,23.603,21.608,29.977,35.846,57.419,49.776,50.087,43.87,43.964,3321,3321,26.506,26.379,25.412,36.639,64.814,62.338,49.85,44.949,39.878,3321,3321,7.7203,11.728,32.137,48.372,68.55,69.653,66.3,48.701,42.268
3322,3322,22.492,21.056,29.349,42.528,58.312,49.292,52.007,41.249,43.602,3322,3322,25.404,21.007,32.043,40.854,58.86,58.605,51.176,42.401,38.909,3322,3322,6.0694,22.27,31.294,47.734,66.656,68.439,67.467,49.387,41.102
3323,3323,12.015,21.197,28.363,36.538,51.556,40.858,41.592,35.698,40.816,3323,3323,18.052,11.197,25.798,39.63,48.256,46.726,41.629,38.741,36.749,3323,3323,-6.5695,17.874,33.66,39.311,54.931,57.497,55.733,42.441,38.061
3324,3324,0.9146,17.421,27.224,40.579,46.351,38.298,47.554,38.34,43.268,3324,3324,11.822,21.693,25.362,35.33,47.667,44.317,45.566,43.202,38.016,3324,3324,1.5388,15.437,26.518,39.354,49.257,53.425,63.312,45.41,39.484
3325,3325,8.7305,22.501,28.8,35.827,50.123,41.335,47.544,39.564,41.198,3325,3325,17.697,24.409,21.275,37.916,48.29,46.477,45.741,42.977,38.706,3325,3325,-5.8721,16.691,29.527,45.677,56.87,57.946,61.947,45.243,40.437
3326,3326,11.044,21.2,25.419,34.271,50.028,41.215,44.454,38.65,43.964,3326,3326,12.361,24.851,24.937,33.413,46.151,42.898,42.247,40.056,38.615,3326,3326,0.45766,17.854,31.549,41.226,54.687,54.798,59.706,43.802,40.793
3327,3327,14.65,21.831,27.478,37.088,47.648,38.572,44.106,37.861,40.317,3327,3327,16.044,22.769,29.38,33.808,45.976,41.091,43.538,41.062,36.911,3327,3327,-2.5002,24.168,32.629,41.601,53.939,52.251,58.805,43.956,38.917
3328,3328,11.816,19.174,28.687,35.921,47.594,39.652,45.293,39.904,43.495,3328,3328,13.657,24.123,23.048,33.683,48.416,45.493,44.011,41.93,37.669,3328,3328,4.9807,16.891,27.888,40.328,52.248,54.522,61.753,45.675,39.477
3329,3329,8.5245,19.084,29.134,37.082,43.361,38.982,45.04,38.309,40.863,3329,3329,14.289,18.923,28.787,35.445,45,40.156,42.961,41.663,37.529,3329,3329,2.7395,19.272,29.03,44.712,52.347,52.277,58.009,44.756,39.245
3330,3330,13.02,16.063,23.946,35.27,44.702,38.716,48.585,39.751,42.808,3330,3330,14.445,17.353,28.259,34.061,46.376,44.307,47.366,43.452,37.609,3330,3330,0.99407,16.387,26.422,43.628,51.324,53.192,61.615,46.849,39.088
3331,3331,15.738,20.132,29.485,37.469,46.68,40.725,48.963,38.849,40.031,3331,3331,18.843,20.72,25.111,32.952,47.736,44.259,47.65,42.752,36.962,3331,3331,-2.5379,16.128,27.809,43.185,51.684,55.985,62.831,46.558,39.123
3332,3332,23.174,25.884,30.309,33.455,44.744,39.476,48.202,40.102,43.288,3332,3332,25.898,25.452,29.142,35.018,43.402,41.934,47.274,42.968,37.586,3332,3332,7.7758,19.633,26.816,35.48,46.713,55.014,61.762,46.437,38.554
3333,3333,15.627,25.914,26.527,37.177,45.75,39.223,51.39,40.89,40.14,3333,3333,18.343,23.012,27.53,33.876,45.648,43.107,49.72,42.017,36.658,3333,3333,5.6601,15.867,27.611,42.295,50.469,53.439,65.309,49.906,38.269
3334,3334,15.774,23.316,27.355,34.579,44.985,39.224,52.629,42.141,42.718,3334,3334,15.315,21.904,30.679,34.639,51.71,50.408,51.321,43.311,37.896,3334,3334,1.8558,15.787,28.944,39.029,54.462,55.366,66.388,51.42,38.635
3335,3335,10.32,19.729,31.464,38.098,41.825,39.289,55.598,43.004,40.991,3335,3335,13.895,26.447,30.658,33.723,46.544,46.369,53.871,43.066,37.183,3335,3335,-0.15751,20.332,29.592,40.548,53.275,55.9,69.027,52.945,39.78
3336,3336,15.292,15.036,33.404,35.386,47.886,41.477,52.479,43.447,42.728,3336,3336,14.841,23.476,25.066,35.253,46.168,43.538,50.798,46.058,37.929,3336,3336,1.8565,16.575,29.363,43.864,51.663,57.794,66.22,51.424,38.72
3337,3337,13.322,20.172,31.856,34.343,49.638,43.361,57.318,48.317,39.654,3337,3337,17.243,24.23,29.094,34.699,48.253,47.231,55.351,48.663,37.299,3337,3337,-2.1733,14.937,26.909,41.645,55.249,62.664,71.805,57.027,39.191
3338,3338,14.092,22.568,29.132,31.742,46.325,46.889,62.737,51.246,43.041,3338,3338,17.407,27.264,25.831,29.101,49.578,50.253,60.553,51.86,37.934,3338,3338,-4.0697,18.868,30.572,38.464,53.975,67.415,76.743,61.015,41.722
3339,3339,17.481,24.278,25.631,39.588,54.286,52.25,63.794,55.444,43.112,3339,3339,23.207,21.984,23.004,34.244,57.787,56.783,63.096,54.212,40.447,3339,3339,2.4392,21.217,30.782,40.892,60.952,70.867,80.829,62.787,43.319
3340,3340,19.241,24.285,29.195,39.535,53.119,54.889,70.318,59.519,45.335,3340,3340,21.986,25.482,25.148,35.512,58.427,57.366,67.556,58.677,41.305,3340,3340,5.7543,19.938,30.998,41.189,59.394,73.345,83.78,66.772,46.037
3341,3341,18.626,21.536,30.536,40.934,60.522,56.001,65.731,59.623,44.487,3341,3341,22.442,20.851,24.821,33.166,52.338,55.883,63.687,59.224,40.808,3341,3341,-2.3421,17.012,28.278,42.524,62.374,73.243,79.972,66.671,44.679
3342,3342,16.353,18.627,31.977,38.912,63.074,55.483,64.666,56.217,45.217,3342,3342,21.349,15.135,26.226,36.24,52.812,55.276,62.175,56.546,41.256,3342,3342,-3.6599,17.515,26.82,45.73,60.657,72.043,78.772,63.42,43.618
3343,3343,16.66,22.588,26.263,38.916,60.897,51.989,59.676,52.519,43.086,3343,3343,17.477,24.985,25.543,33.121,53.496,52.763,57.371,53.897,39.826,3343,3343,-2.5782,21.524,32.364,43.844,58.629,66.491,73.929,57.771,41.717
3344,3344,17.757,22.705,27.947,37.131,58.165,47.568,59.678,50.124,43.769,3344,3344,20.933,11.447,24.314,34.696,54.17,50.401,58.725,53.672,38.982,3344,3344,-4.7622,18.785,29.556,43.692,63.343,65.144,74.376,59.006,41.457
3345,3345,11.686,20.805,30.917,35.187,52.721,46.885,65.403,54.126,42.1,3345,3345,15.986,16.185,25.117,35.133,53.538,52.298,63.115,56.431,39.27,3345,3345,-6.8587,18.542,31.439,44.638,65.314,69.237,79.418,62.85,43.499
3346,3346,6.6478,19.362,28.102,31.278,48.952,47.315,67.527,55.147,44.677,3346,3346,8.2891,18.393,25.355,34.944,51.538,49.637,65.37,58.005,41.232,3346,3346,-3.6926,17.852,31.468,40.671,58.996,66.126,81.353,65.856,45.357
3347,3347,13.178,15.864,24.065,35.542,51.363,49.014,68.607,56.993,43.348,3347,3347,14.157,15.552,27.257,33.389,55.459,54.151,66.55,59.393,41.322,3347,3347,-3.5667,13.944,30.286,41.258,61.409,66.964,83.591,67.811,46.87
3348,3348,13.321,17.334,30.079,39.077,49.856,50.634,71.653,58.993,45.874,3348,3348,15.396,20.64,28.262,36.402,58.506,57.024,69.325,59.926,42.608,3348,3348,0.9418,19.685,24.486,44.932,60.751,68.678,86.159,68.796,48.233
3349,3349,21.826,21.87,28.982,38.35,49.501,54.412,74.24,62.83,47.138,3349,3349,26.397,23.502,29.471,36.673,60.11,59.911,72.839,62.411,44.086,3349,3349,7.902,16.502,28.197,42.931,61.673,75.087,90.548,72.86,51.747
3350,3350,23.495,25.226,33.796,35.832,52.628,56.987,78.547,64.432,48.443,3350,3350,24.412,18.789,31.098,38.875,58.177,59.212,74.657,64.374,45.188,3350,3350,4.9867,19.374,34.966,43.517,61.557,75.964,93.362,75.07,54.127
3351,3351,18.211,25.036,34.601,39.69,53.775,62.518,84.76,66.776,48.759,3351,3351,20.075,21.849,29.726,39.555,58.007,62.03,80.828,65.686,45.96,3351,3351,-1.7517,19.342,29.268,40.741,62.351,81.33,98.151,78.313,58.23
3352,3352,12.579,20.338,20.732,40.225,49.318,62.314,83.884,65.021,47.447,3352,3352,17.016,19.387,31.085,39.506,57.221,61.79,78.894,62.471,44.039,3352,3352,2.5286,18.597,25.098,38.45,60.586,80.903,96.688,75.974,56.228
3353,3353,9.3973,12.78,24.182,38.802,58.669,66.532,87.934,69.761,52.273,3353,3353,18.054,16.521,25.524,34.141,56.846,63.994,83.926,66.955,47.543,3353,3353,1.4034,13.525,32.377,42.174,65.845,83.5,101.59,81.177,61.556
3354,3354,16.428,24.712,31.47,41.781,58.282,63.349,85.251,68.234,49.852,3354,3354,18.983,21.582,24.894,33.443,58.637,61.391,80.971,63.74,44.41,3354,3354,10.706,21.741,39.831,42.465,63.777,79.444,97.2,76.607,56.339
3355,3355,18.957,22.606,28.997,39.588,57.621,63.704,83.51,65.51,49.275,3355,3355,17.328,23.505,40.799,42.639,54.19,61.023,79.046,63.072,43.855,3355,3355,19.858,23,35.675,43.306,62.349,80.121,97.224,75.63,56.209
3356,3356,5.4145,22.424,34.932,40.69,56.779,62.365,76.659,64.176,48.445,3356,3356,16.076,30.199,31.704,38.504,53.738,60.343,72.365,62.371,42.282,3356,3356,18.426,26.832,40.89,43.99,63.336,77.981,90.366,72.792,50.856
3357,3357,12.311,21.811,31.94,39.596,51.185,49.879,63.128,57.539,46.462,3357,3357,16.281,18.323,29.422,37.112,53.1,54.521,61.193,55.793,40.301,3357,3357,14.384,27.276,43.386,34.3,55.801,69.818,77.196,64.908,44.829
3358,3358,15.745,15.566,28.787,33.68,48.158,44.968,60.182,52.961,43.953,3358,3358,9.8195,23.663,25.633,35.131,46.572,50.552,56.795,51.885,39.064,3358,3358,7.4043,20.644,39.094,35.733,54.459,66.069,73.897,60.191,42.787
3359,3359,14.244,17.842,33.191,34.78,46.189,42.764,60.274,52.562,47.523,3359,3359,15.868,18.782,26.27,33.387,48.599,47.778,58.12,52.583,40.132,3359,3359,6.1256,22.591,38.015,39.398,52.541,61.167,74.496,62.015,45.213
3360,3360,7.9688,23.131,28.56,38.742,45.414,51,61.684,48.397,42.875,3360,3360,14.351,17.278,27.208,32.193,49.028,56.535,58.603,47.381,38.312,3360,3360,4.987,19.625,37.066,34.301,58.954,72.6,76.781,56.405,41.354
3361,3361,7.6682,17.462,24.598,35.041,47.133,43.67,51.357,41.118,43.595,3361,3361,6.8756,20.568,35.393,37.224,51.433,54.234,49.026,41.347,38.819,3361,3361,1.6056,16.678,31.865,40.783,58.366,67.617,68.032,47.745,40.352
3362,3362,8.6117,25.378,27.266,39.938,44.523,37.296,38.922,36.185,42.896,3362,3362,7.1215,20.863,30.837,35.497,43.157,40.059,35.948,36.262,38.806,3362,3362,3.8341,20.601,31.559,36.307,44.343,50.028,51.984,38.641,40.949
3363,3363,1.1974,26.224,31.126,33.479,44.855,36.507,37.947,37.057,44.9,3363,3363,5.7139,13.133,27.545,34.732,42.983,37.482,36.907,36.717,38.325,3363,3363,-3.0454,21.226,34.865,36.286,45.931,46.858,51.802,39.392,41.837
3364,3364,8.8852,24.746,26.921,37.965,42.938,36.044,39.182,38.478,43.973,3364,3364,13.955,20.983,28.861,33.218,41.764,38.459,38.086,39.555,38.765,3364,3364,-1.9571,19.344,33.641,38.288,47.389,50.83,53.818,40.769,40.789
3365,3365,16.716,20.149,24.195,40.512,43.748,35.914,40.797,39.582,45.14,3365,3365,22.035,25.292,30.461,35.016,43.048,39.678,40.134,37.434,38.73,3365,3365,-3.72,14.972,33.263,35.466,44.544,50.322,56.02,40.649,41.702
3366,3366,16.212,15.847,32.984,38.482,41.051,34.857,42.393,37.86,43.004,3366,3366,20.019,24.325,32.624,33.114,39.781,34.98,40.764,38.054,37.717,3366,3366,-3.3297,16.422,32.884,35.049,45.194,48.047,56.771,41.621,40.167
3367,3367,13.786,19.546,27.133,37.165,42.157,35.192,42.492,38.5,44.272,3367,3367,14.907,22.16,27.606,29.614,41.913,38.048,41.295,36.94,38.747,3367,3367,3.849,15.918,33.775,37.345,46.154,50.245,58.067,41.807,40.652
3368,3368,16.952,22.616,30.69,38.462,42.668,35.207,41.974,39.446,42.456,3368,3368,16.236,21.818,28.434,35.752,41.5,38.671,40.756,39.939,38.565,3368,3368,0.37049,19.794,28.106,38.807,43.906,50.282,56.237,42.253,40.475
3369,3369,11.347,20.483,29.652,34.33,41.969,35.375,43.421,41.144,43.79,3369,3369,12.17,18.182,27.307,33.2,38.428,35.75,41.879,40.299,38.19,3369,3369,4.2419,13.998,28.531,35.345,43.083,50.448,58.425,44.536,40.234
3370,3370,14.445,21.635,29.266,35.517,43.128,35.057,41.516,42.49,44.395,3370,3370,17.68,26.113,29.766,39.38,41.013,36.804,39.568,41.004,38.539,3370,3370,4.334,17.226,31.723,36.898,46.001,47.538,56.388,41.733,41.39
3371,3371,15.415,21.373,31.039,39.004,44.815,35.382,44.834,39.744,44.615,3371,3371,15.744,22.363,26.673,37.197,41.899,37.482,42.931,38.146,38.55,3371,3371,-10.264,18.301,38.101,40.636,46.699,50.543,59.409,42.89,40.386
3372,3372,13.176,21.452,27.735,42.517,44.887,36.236,43.442,37.279,41.617,3372,3372,7.3838,21.582,33.424,40.439,40.613,37.135,41.826,38.281,38.641,3372,3372,-4.522,17.311,33.544,38.734,45.348,49.036,57.324,43.228,40.49
3373,3373,4.8463,18.002,25.735,38.245,44.854,47.447,52.486,41.992,45.186,3373,3373,12.392,24.717,34.585,40.71,48.885,52.685,51.051,42.699,39.679,3373,3373,1.0171,12.347,32.84,43.33,55.317,67.902,69.765,49.447,41.695
3374,3374,3.9232,18.912,26.899,39.766,47.752,50.672,58.725,44.299,42.949,3374,3374,13.087,24.306,27.606,38.664,52.286,57.754,57.728,45.597,38.326,3374,3374,1.9374,16.025,32.525,39.065,59.602,73.214,77.486,54.686,40.519
3375,3375,11.268,24.947,29.027,40.013,45.122,40.69,57.755,47.227,45.169,3375,3375,15.421,18.684,29.585,36.149,42.618,44.079,55.338,47.02,39.252,3375,3375,3.6625,22.062,32.446,39.18,48.285,59.895,72.702,56.831,42.48
3376,3376,7.7881,23.178,32.761,36.12,43.1,37.231,53.6,46.74,43.373,3376,3376,14.717,19.614,32.12,36.878,44.908,42.165,51.727,45.36,39.65,3376,3376,6.9302,18.047,32.108,39.071,51.276,56.133,68.094,53.906,41.802
3377,3377,6.9963,22.352,30.554,38.227,44.742,39.33,53.03,46.072,44.291,3377,3377,10.043,21.297,27.154,33.906,47.777,47.925,50.245,46.016,38.429,3377,3377,1.1869,17.163,31.52,39.78,51.941,58.478,67.128,53.199,40.492
3378,3378,14.279,23.79,31.375,39.768,45.078,42.326,54.608,47.867,42.804,3378,3378,15.218,18.821,28.507,33.542,49.291,50.168,53.327,46.743,38.908,3378,3378,0.096459,23.143,36.308,40.744,55.281,64.92,70.988,56.076,42.345
3379,3379,13.463,18.826,30.542,43.26,53.693,49.005,59.918,49.137,44.196,3379,3379,17.516,18.182,31.381,36.878,57.865,57.588,58.143,49.056,38.996,3379,3379,3.3639,21.805,35.026,42.187,62.097,70.556,75.222,58.852,42.181
3380,3380,11.904,24.363,27.847,46.555,57.741,51.386,61.796,48.991,43.233,3380,3380,25.325,24.921,33.833,40.468,61.437,59.497,59.808,49.831,39.877,3380,3380,8.466,25.572,35.673,47.004,66.771,70.029,76.243,59.306,42.675
3381,3381,17.113,18.029,33.282,49.358,57.62,53.275,62.634,50.616,44.898,3381,3381,22.879,27.174,31.015,39.322,58.8,59.156,62.629,50.837,40.139,3381,3381,1.4502,24.487,37.8,44.839,61.389,73.811,79.844,60.609,44.077
3382,3382,16.705,21.239,37.832,48.699,62.159,55.526,62.479,51.574,42.421,3382,3382,20.223,27.183,32.234,40.458,67.783,65.518,60.985,51.179,40.27,3382,3382,-0.62149,26.564,36.855,45.519,68.304,73.419,77.537,58.646,42.896
3383,3383,14.015,25.098,37.118,43.027,61.497,57.024,64.808,50.538,44.671,3383,3383,25.455,29.54,26.629,43.996,59.864,60.441,64.33,50.655,41.398,3383,3383,5.3686,27.21,34.956,50.648,65.837,76.213,81.611,61.072,44.328
3384,3384,15.773,26.666,33.456,48.734,59.044,55.5,63.978,50.644,46.342,3384,3384,23.932,24.589,33.431,46.124,65.972,65.714,63.989,49.398,41.519,3384,3384,0.08158,25.484,31.848,50.952,69.763,76.302,79.555,60.057,45.306
3385,3385,19.571,20.736,38.12,51.029,59.088,58.558,64.677,51.069,46.781,3385,3385,25.698,21.285,31.234,46.788,68.72,67.476,64.056,50.007,41.288,3385,3385,9.0659,23.641,33.232,56.829,68.967,76.658,81.25,58.99,44.958
3386,3386,20.912,23.304,37.423,49.066,58.599,56.378,62.421,49.736,43.078,3386,3386,25.104,21.19,33.905,47.193,61.892,62.531,60.194,48.645,41.612,3386,3386,7.6339,23.396,31.631,56.168,67.442,75.872,77.56,58.848,43.81
3387,3387,19.992,27.188,37.145,48.153,54.301,52.418,58.584,47.154,44.373,3387,3387,21.045,22.42,29.711,43.059,59.498,58.8,57.928,48.696,40.453,3387,3387,-2.3855,22.563,35.946,50.798,63.047,72.518,74.492,56.667,42.844
3388,3388,10.148,25.115,32.987,42.292,52.339,49.504,58.379,45.712,42.357,3388,3388,12.034,21.508,30.195,36.771,55.144,53.514,56.109,46.99,39.343,3388,3388,-2.6683,18.538,39.46,46.754,62.784,69.171,72.89,54.453,41.535
3389,3389,13.26,18.753,30.903,41.925,49.211,43.637,55.258,43.32,42.455,3389,3389,14.42,24.132,29.874,34.491,51.247,48.658,53.14,45.081,38.52,3389,3389,5.8202,22.805,34.71,41.597,56.831,61.323,69.384,52.622,39.004
3390,3390,22.1,17.12,32.656,40.484,52.261,45.395,55.264,43.475,41.16,3390,3390,22.933,28.532,27.31,34.691,50.56,50.882,53.141,43.515,38.093,3390,3390,8.7263,23.643,32.872,42.273,56.952,63.581,70.658,51.853,39.784
3391,3391,13.877,23.02,34.197,40.081,49.757,44.564,55.348,43.016,42.934,3391,3391,17.161,30.236,28.213,35.992,50.045,50.611,53.888,43.402,38.244,3391,3391,7.7723,22.461,37.578,41.632,56.274,61.454,69.438,52.384,40.085
3392,3392,7.449,12.975,29.39,39.425,49.457,42.969,53.577,41.64,38.967,3392,3392,21.934,29.324,28.442,37.589,51.231,50.67,52.127,42.258,37.594,3392,3392,9.8026,21.222,35.313,42.339,54.059,57.088,67.679,51.523,38.888
3393,3393,12.987,22.214,33.745,35.558,49.114,41.758,50.985,40.052,41.902,3393,3393,20.418,26.384,28.902,37.678,47.449,43.53,49.007,40.303,36.785,3393,3393,8.7877,22.446,33.048,37.899,50.779,57.581,64.778,48.608,38.165
3394,3394,18.176,22.574,27.906,38.876,44.778,38.531,51.531,41.222,38.61,3394,3394,21.356,25.479,28.704,35.684,43.832,41.676,49.211,41.77,36.182,3394,3394,6.0685,14.131,32.425,43.223,51.263,53.428,65.135,50.393,37.993
3395,3395,14.657,26.375,28.291,38.254,45.623,38.983,50.742,41.461,39.086,3395,3395,16.142,20.18,23.138,35.908,43.877,42.913,49.236,43.153,36.598,3395,3395,1.249,17.823,25.975,41.74,51.02,53.639,64.92,50.69,38.078
3396,3396,7.0297,23.674,28.542,39.665,47.935,42.931,52.061,45.937,41.733,3396,3396,12.918,22.158,27.757,35.573,45.885,44.021,51.6,48.295,36.811,3396,3396,3.3884,11.595,26.272,42.384,49.831,57.116,66.98,55.587,38.745
3397,3397,9.5291,14.511,29.793,33.766,48.48,46.461,56.566,47.448,38.923,3397,3397,13.696,20.632,31.746,34.503,46.958,47.054,56.344,49.242,37.312,3397,3397,-0.30602,21.414,31.327,44.398,53.207,62.196,71.985,56.933,39.654
3398,3398,15.279,25.557,27.87,43.154,49.349,49.33,60.957,49.283,43.848,3398,3398,19.513,23.162,30.058,35.252,50.431,50.493,59.684,50.597,40.132,3398,3398,-0.27156,23.016,34.947,45.177,54.25,65.233,75.441,58.548,42.012
3399,3399,20.518,22.398,32.379,42.264,51.681,50.619,62.846,52.99,42.834,3399,3399,22.313,23.288,31.989,39.044,53.644,52.204,60.988,54.16,39.647,3399,3399,4.1971,21.81,34.47,44.378,56.589,67.639,77.71,59.737,42.033
3400,3400,15.948,22.74,29.793,37.013,50.642,50.076,59.556,51.961,44.451,3400,3400,18.246,15.406,28.072,38.089,50.55,50.848,57.079,53.313,39.756,3400,3400,4.1698,22.918,35.998,46.248,57.769,67.355,75.308,55.856,41.055
3401,3401,14.82,18.909,28.517,39.534,54.086,48.347,55.585,51.393,42.647,3401,3401,12.558,22.472,22.953,38.305,53.414,51.522,53.887,52.423,40.662,3401,3401,2.0821,16.93,32.593,45.665,58.977,63.946,71.824,53.745,41.153
3402,3402,10.384,20.705,32.56,42.671,47.722,42.48,56.329,49.276,44.033,3402,3402,11.617,21.548,25.446,37.738,50.242,48.671,54.754,50.543,38.723,3402,3402,-0.5631,18.887,30.776,46.508,56.53,58.698,69.8,55.351,40.668
3403,3403,14.976,20.888,32.628,36.967,49.631,44.057,64.086,53.577,44.92,3403,3403,20.15,22.002,29.488,36.391,48.351,47.996,62.121,56.384,40.31,3403,3403,-1.0873,17.805,29.713,43.452,55.88,62.011,78.079,63.046,44.94
3404,3404,15.473,24.22,30.006,37.678,48.422,46.558,66.659,54.351,45.392,3404,3404,18.244,20.467,26.006,34.758,50.895,49.575,64.469,56.68,42.116,3404,3404,1.3684,20.123,30.434,45.14,56.988,64.839,80.536,64.413,45.591
3405,3405,10.79,23.623,25.389,37.876,54.367,49.926,67.569,56.016,43.53,3405,3405,16.839,23.393,28.63,37.341,54.666,53.095,66.095,57.787,41.565,3405,3405,-11.481,21.369,35.122,42.324,62.842,66.105,81.466,67.295,46.272
3406,3406,13.034,25.737,31.358,38.637,54.977,50.856,69.938,58.639,46.235,3406,3406,18.368,20.997,32.007,36.9,53.648,53.925,68.54,59.676,42.682,3406,3406,5.6047,24.222,36.32,45.571,62.612,69.458,84.705,69.109,48.013
3407,3407,12.344,22.741,30.804,40.162,52.187,54.133,73.416,62.085,47.713,3407,3407,12.012,19.661,31.194,37.963,56.628,59.098,71.318,63.486,45.091,3407,3407,5.5096,21.715,30.042,47.657,62.245,76.243,89.394,71.584,50.861
3408,3408,14.692,18.585,31.565,34.11,50.532,58.128,76.659,64.024,48.721,3408,3408,19.322,20.212,31.088,35.711,56.127,60.368,75.449,64.955,46.15,3408,3408,7.3672,17.337,29.958,46.394,61.784,79.312,92.478,75.736,54.634
3409,3409,12.415,19.397,28.519,38.613,57.435,60.11,80.128,64.803,47.903,3409,3409,14.18,24.416,29.286,37.083,56.553,61.579,76.976,65.051,45.112,3409,3409,6.5351,18.325,35.251,47.475,62.35,80.422,93.013,75.363,53.806
3410,3410,18.869,23.206,30.146,38.812,52.39,59.865,79.551,62.964,47.525,3410,3410,21.774,24.022,29.383,35.169,54.936,60.894,77.443,62.341,43.592,3410,3410,-1.0234,21.137,35.51,39.02,60.268,80.448,93.552,74.875,54.558
3411,3411,11.251,20.616,30.481,37.893,58.261,66.107,88.19,70.85,52.504,3411,3411,14.646,24.429,28.44,33.82,56.769,64.211,85.09,68.153,48.01,3411,3411,0.85775,23.263,31.971,42.864,67.082,83.351,101.64,81.877,61.812
3412,3412,18.133,20.706,29.027,42.48,57.879,62.722,79.392,64.806,48.995,3412,3412,19.495,28.36,28.691,33.46,55.366,60.427,75.691,63.599,43.683,3412,3412,17.202,22.443,38.418,42.453,63.822,79.437,94.65,74.86,54.012
3413,3413,13.605,24.08,29.407,42.85,54.562,61.868,74.649,61.018,44.943,3413,3413,20.326,23.877,29.635,35.877,51.977,59.49,70.113,60.757,40.743,3413,3413,21.618,19.898,36.31,44.161,60.295,78.199,90.52,69.632,48.491
3414,3414,11.886,23.334,29.006,38.359,50.049,58.648,76.696,63.444,47.095,3414,3414,8.4096,24.139,30.355,38.875,53.31,60.289,74.692,61.805,42.151,3414,3414,14.69,18.547,33.06,42.269,61.331,78.784,90.316,74.625,53.079
3415,3415,8.3823,23.685,30.8,35.767,53.049,46.845,61.981,57.577,42.841,3415,3415,11.556,23.288,28.697,34.079,46.909,52.619,60.419,55.852,38.628,3415,3415,6.996,23.479,34.439,39.722,57.01,68.534,76.218,65.561,43.452
3416,3416,-0.82257,17.72,31.552,41.956,51.381,47.512,55.421,50.373,44.601,3416,3416,10.313,23.619,25.978,37.989,47.08,49.715,53.171,49.8,38.453,3416,3416,9.9965,16.908,33.451,38.806,53.386,66.284,70.061,57.096,40.616
3417,3417,8.7973,23.144,29.54,42.967,46.529,53.638,70.097,51.875,41.009,3417,3417,15.327,18.344,27.356,38.41,48.588,53.096,66.473,49.208,37.973,3417,3417,9.3677,19.92,29.31,37.11,51.681,71.287,84.949,63.404,44.831
3418,3418,9.2609,23.091,29.764,36.879,51.766,48.758,63.172,45.889,42.395,3418,3418,13.238,22.297,30.905,37.286,51.022,54.488,60.016,44.298,36.865,3418,3418,-3.5263,21.315,33.655,36.803,56.799,68.995,77.449,57.08,40.893
3419,3419,6.9854,21.229,31.333,38.607,44.886,35.97,45.587,38.989,40.065,3419,3419,13.355,23.579,33.42,36.862,46.384,43.684,42.91,37.658,36.834,3419,3419,1.6724,18.452,31.627,40.824,48.645,53.255,59.861,46.212,37.671
3420,3420,4.2858,21.488,32.307,39.241,45.432,35.728,40.376,37.011,43.424,3420,3420,10.158,19.465,26.424,31.962,41.446,37.911,38.765,35.528,37.113,3420,3420,1.3608,25.677,33.675,40.197,45.02,49.224,55.399,40.785,39.319
3421,3421,14.107,22.415,29.182,38.233,43.859,35.917,41.611,36.314,42.048,3421,3421,16.764,24.09,28.373,33.43,40.497,37.948,40.36,37.023,37.034,3421,3421,-4.4813,20.364,34.942,34.596,41.191,47.483,56.4,40.52,39.456
3422,3422,9.8329,24.583,23.868,36.196,45.158,37.828,40.417,36.168,43.28,3422,3422,10.502,18.737,30.335,32.663,44.008,40.489,39.089,34.702,37.534,3422,3422,-0.95724,19.831,30.667,36.43,45.615,49.57,54.923,39.401,39.078
3423,3423,8.7545,22.544,33.133,35.371,39.772,34.456,38.364,35.28,41.495,3423,3423,-4.3211,22.033,26.219,32.016,37.338,34.788,36.69,35.748,37.926,3423,3423,-3.2174,19.789,33.284,37.216,43.62,48.446,51.797,37.176,39.274
3424,3424,6.7781,23.034,30.001,32.881,40.758,34.132,37.651,35.289,42.422,3424,3424,2.5489,19.411,26.302,31.899,41.355,38.704,36.935,37.009,37.859,3424,3424,0.88367,24.328,35.803,38.54,46.198,47.523,51.934,37.622,39.009
3425,3425,9.6176,18.4,25.458,36.033,46.344,37.392,37.072,35.187,41.236,3425,3425,15.856,18.146,26.056,32.309,46.833,40.323,35.13,35.734,37.667,3425,3425,-0.062761,23.79,34.252,37.672,50.646,49.101,52.237,37.925,39.131
3426,3426,15.741,19.496,31.207,34.372,46.835,37.426,38.615,37.74,44.008,3426,3426,21.214,18.513,28.311,30.61,46.418,41.368,37.043,38.373,38.27,3426,3426,1.016,18.615,34.45,36.168,46.635,48.107,52.644,37.682,40.594
3427,3427,15.855,15.806,28.36,35.456,45.381,36.289,40.118,35.666,42.184,3427,3427,19.358,17.411,26.28,32.822,44.133,41.407,38.612,35.396,37.19,3427,3427,3.5484,14.252,34.347,38.54,47.306,49.221,53.757,38.465,40.1
3428,3428,11.711,17.775,31.5,37.04,39.952,35.47,42.734,43.963,43.44,3428,3428,16.861,20.07,25.302,33.985,44.23,42.337,41.493,42.852,38.329,3428,3428,4.2653,17.178,32.23,42.228,49.228,56.106,58.975,46.522,40.078
3429,3429,12.061,15.247,30.087,35.85,48.925,48.857,57.265,45.324,40.703,3429,3429,12.557,23.465,33.473,35.118,46.119,49.372,54.248,44.315,37.653,3429,3429,0.81652,16.714,34.559,39.887,52.419,66.437,71.998,56.257,39.933
3430,3430,8.6784,15.459,30.712,33.31,48.133,50.384,62.114,47.703,43.119,3430,3430,12.614,22.86,31.779,35.209,48.329,53.751,58.749,45.734,38.224,3430,3430,3.6648,20.284,28.375,40.578,56.116,70.187,76.397,56.999,40.822
3431,3431,13.206,16.358,28.017,33.301,49.033,42.537,58.382,49.167,42.07,3431,3431,15.583,21.411,33.79,33.56,52.313,49.614,54.883,47.716,37.789,3431,3431,-3.487,18.631,29.059,38.552,51.844,60.064,70.198,56.842,40.767
3432,3432,14.009,22.451,23.001,35.814,52.169,43.53,52.963,47.789,43.813,3432,3432,18.042,20.024,26.219,31.173,56.481,53.624,51.069,48.29,39.392,3432,3432,-0.72572,24.067,33.262,41.932,59.927,60.619,66.709,54.58,40.836
3433,3433,14.888,23.67,29.365,36.343,56.143,45.591,53.437,47.818,42.288,3433,3433,18.769,21.321,25.7,34.812,55.447,52.192,49.955,45.934,40.183,3433,3433,1.0176,23.111,35.884,46.524,65.81,62.517,67.159,56.106,40.856
3434,3434,7.9515,21.639,29.54,34.558,54.069,45.137,55.261,47.622,44.546,3434,3434,16.253,24.272,27.195,34.782,49.765,51.149,52.426,46.585,40.926,3434,3434,4.1155,22.458,30.351,43.23,60.722,66.255,68.116,56.084,42.372
3435,3435,13.174,18.311,28.454,44.792,55.542,48.283,57.493,50.076,44.003,3435,3435,21.148,27.319,25.525,36.432,60.261,57.448,56.893,49.691,40.017,3435,3435,9.183,17.348,33.737,45.605,65.079,69.936,74.456,58.716,42.398
3436,3436,14.927,18.643,32.901,47.865,63.562,55.974,63.895,49.976,46.389,3436,3436,22.295,26.286,29.706,41.742,67.025,66.876,61.603,50.299,40.965,3436,3436,10.989,17.66,32.45,51.994,69.551,75.678,76.71,58.621,44.866
3437,3437,9.754,19.381,35.835,45.282,66.197,59.903,63.182,50.016,46.238,3437,3437,17.848,25.515,33.3,41.566,65.921,63.609,65.206,51.312,42.344,3437,3437,7.7248,17.313,31.585,49.665,70.967,76.32,83.007,60.758,45.605
3438,3438,8.3526,20.157,35.411,47.58,67.5,61.03,65.849,53.906,47.561,3438,3438,19.706,27.621,25.959,44.361,68.831,68.339,64.545,52.605,42.343,3438,3438,-0.50282,19.441,31.701,53.163,72.195,76.472,81.529,63.311,47.017
3439,3439,12.274,21.864,32.014,50.366,67.273,61.812,70.521,57.363,48.571,3439,3439,24.585,25.206,29.235,43.681,68.154,67.115,68.401,55.987,43.634,3439,3439,1.5212,16.553,27.352,53.175,72.614,78.659,84.848,66.64,48.565
3440,3440,10.478,22.708,36.457,50.338,63.782,59.464,70.885,57.135,48.239,3440,3440,23.056,23.764,32.187,47.579,67.631,67.387,68.836,56.49,43.756,3440,3440,6.9225,18.714,33.563,56.419,68.521,76.969,84.969,66.55,48.658
3441,3441,14.452,25.749,36.406,54.588,57.861,56.471,64.615,53.312,46.869,3441,3441,17.614,25.683,33.339,44.367,65.84,66.327,62.778,52.149,42.703,3441,3441,-1.0748,19.725,29.747,58.613,69.624,78.065,79.998,60.159,45.657
3442,3442,12.182,25.2,36.583,54.93,57.472,54.68,59.928,47.796,44.003,3442,3442,21.739,26.286,34.717,47.184,60.291,59.935,57.701,49.925,40.658,3442,3442,-3.7291,25.07,34.122,55.515,66.801,72.882,74.156,56.217,43.418
3443,3443,13.051,19.657,32.058,42.235,61.329,54.452,58.153,45.308,44.711,3443,3443,22.278,24.825,28.698,43.955,63.219,61.186,56.037,46.949,39.848,3443,3443,-8.9075,20.794,33.405,54.015,69.184,71.888,73.252,53.789,42.105
3444,3444,6.3335,19.887,31.048,39.702,58.253,50.35,55.875,45.579,42.223,3444,3444,17.323,22.833,33.533,37.738,57.291,54.919,54.281,48.081,39.378,3444,3444,0.24078,21.21,35.671,47.403,63.266,64.94,70.309,52.732,41.013
3445,3445,5.6922,24.22,33.717,39.913,56.838,49.991,57.053,46.135,44.424,3445,3445,11.108,22.214,29.345,39.763,54.097,54.1,55.773,46.356,39.115,3445,3445,6.4267,17.634,30.979,44.083,60.707,67.374,72.118,54.891,41.381
3446,3446,11.136,23.227,35.149,39.316,60.966,52.698,57.711,46.999,43.442,3446,3446,17.124,23.45,27.954,35.799,55.775,51.957,55.336,46.801,39.173,3446,3446,5.2122,17.851,32.256,43.964,62.981,64.872,72.081,54.815,42.105
3447,3447,13.204,23.663,31.089,38.027,60.895,55.129,67.257,54.029,45.426,3447,3447,19.227,27.316,22.32,36.506,58.668,58.465,62.803,51.606,39.638,3447,3447,3.6845,19.583,33.959,48.111,63.343,72.044,82.337,63.354,44.796
3448,3448,14.024,25.635,29.722,41.604,59.059,53.232,66.17,53.636,44.192,3448,3448,14.627,26.724,26.328,38.949,59.003,58.547,62.731,53.449,40.139,3448,3448,1.3289,17.495,34.519,45.526,62.62,69.823,81.034,63.252,44.558
3449,3449,12.569,20.953,32.711,42.615,61.165,54.58,61.45,52.482,44.126,3449,3449,12.744,26.84,29.792,38.091,61.93,62.378,60.97,51.61,39.643,3449,3449,1.461,17.528,33.629,50.517,68.06,73.164,77.096,59.967,42.52
3450,3450,10.235,23.932,29.169,47.711,60.224,53.941,60.218,47.376,41.494,3450,3450,17.581,23.396,30.429,41.905,59.865,58.655,58.112,48.93,38.685,3450,3450,-0.96407,14.87,29.379,51.708,67.056,71.908,76.152,57.271,41.581
3451,3451,8.5007,19.43,28.756,50.271,59.833,53.725,59.629,47.23,43.942,3451,3451,23.289,23.873,28.866,41.116,59.942,62.962,58.953,47.918,38.718,3451,3451,8.6923,13.943,33.68,46.065,68.243,74.511,75.812,57.076,41.893
3452,3452,11.517,14.709,28.835,47.917,58.722,54.426,59.839,45.846,42.916,3452,3452,16.461,23.7,28.948,45,60.081,61.399,58.699,47.435,39.423,3452,3452,5.1639,18.214,28.35,50.646,66.65,73.691,77.805,55.34,42.383
3453,3453,7.2049,9.6181,32.873,55.55,59.154,55.23,68.077,53.72,45.786,3453,3453,24.666,19.969,26.695,45.478,63.252,62.339,65.61,54.401,41.883,3453,3453,8.8774,16.246,29.296,48.688,66.988,74.136,82.776,65.187,46.283
3454,3454,9.6586,21.406,30.067,56.093,57.387,54.637,71.231,58.549,47.352,3454,3454,19.034,23.544,26.125,46.26,61.79,63.343,68.868,55.981,42.416,3454,3454,3.8627,18.942,32.862,49.173,67.295,78.948,84.852,70.235,49.081
3455,3455,10.772,20.989,29.902,47.626,58.017,54.922,73.477,60.091,48.613,3455,3455,17.907,27.342,27.412,47.879,61.427,62.383,71.21,58.332,43.634,3455,3455,2.2591,15.981,34.877,49.837,67.692,76.243,86.832,71.374,50.556
3456,3456,19.985,23.121,28.098,42.273,57.412,52.173,70.136,60.682,47.988,3456,3456,25.02,29.905,31.536,38.548,54.029,56.266,67.712,59.772,43.842,3456,3456,9.6938,23.515,38.645,46.508,63.776,72.569,83.648,71.379,49.468
3457,3457,13.539,24.634,32.62,38.012,62.888,57.139,74.386,64.036,51.284,3457,3457,25.003,31.364,34.7,41.975,56.577,59.354,72.337,63.293,44.51,3457,3457,8.9473,16.752,36.444,47.534,66.624,75.688,88.354,75.179,53.267
3458,3458,14.951,19.698,32.896,40.789,63.757,60.637,79.799,69.011,51.475,3458,3458,25.531,29.684,24.786,38.231,57.954,61.696,75.689,66.629,46.458,3458,3458,7.3282,21.436,35.612,47.892,67.412,78.849,93.235,77.195,55.133
3459,3459,13.862,22.709,32.19,41.442,60.649,61.173,81.422,69.563,52.316,3459,3459,12.347,21.386,26.948,39.14,61.415,62.488,77.623,68.022,46.838,3459,3459,2.4525,22.373,32.665,44.714,67.642,79.11,95.039,78.251,56.323
3460,3460,5.5599,22.144,27.232,39.571,58.902,60.771,80.155,69.894,51.418,3460,3460,17.058,22.987,29.253,34.69,56.409,62.544,77.154,67.547,46.774,3460,3460,5.6479,20.453,31.268,41.692,65.604,79.776,94.851,77.848,55.923
3461,3461,11.3,15.411,27.212,39.772,58.1,60.035,78.996,66.873,49.737,3461,3461,12.131,21.803,29.017,37.62,58.913,63.188,77.141,67.013,46.528,3461,3461,9.6662,26.011,36.521,43.112,65.307,80.176,92.951,76.498,54.617
3462,3462,10.501,23.513,30.786,39.576,53.369,58.337,77.222,65.518,48.382,3462,3462,13.806,17.637,30.134,39.921,57.403,61.528,75.327,66.094,45.633,3462,3462,4.9204,25.237,34.627,45.193,62.6,79.106,91.496,75.476,53.415
3463,3463,-0.082344,21.638,29.183,40.231,48.022,55.847,75.301,62.121,46.465,3463,3463,10.558,24.526,33.611,45.676,54.894,58.116,72.742,62.406,43.263,3463,3463,-7.0556,18.201,31.847,40.817,58.515,77.194,88.911,72.179,50.776
3464,3464,9.6235,22.281,30.524,42.117,48.345,47.703,68.014,54.892,42.784,3464,3464,17.186,18.997,31.19,37.581,50.871,49.16,64.541,56.28,39.489,3464,3464,1.5951,17.638,32.512,41.924,57.44,64.754,81.789,65.403,44.563
3465,3465,5.2779,23.046,33.519,38.353,47.87,43.934,61.209,51.745,42.705,3465,3465,14.014,19.983,30.822,38.146,45.192,46.77,59.41,53.605,38.069,3465,3465,2.9342,19.509,37.443,44.42,57.898,63.614,75.776,61.838,41.704
3466,3466,9.7973,19.237,31.006,37.802,48.031,44.195,59.606,48.47,39.373,3466,3466,11.917,19.498,33.387,40.799,51.078,50.426,58.586,51.337,38.115,3466,3466,-6.7392,21.574,33.207,46.668,58.663,62.639,75.186,60.793,41.26
3467,3467,6.5337,16.422,27.495,36.026,49.466,44.69,59.18,47.018,42.113,3467,3467,8.4199,21.627,21.926,39.537,50.134,48.706,57.271,50.166,37.909,3467,3467,-1.6584,18.855,33.239,47.179,57.788,62.581,73.933,58.013,40.497
3468,3468,4.9981,17.089,29.166,38.76,49.824,45.474,60.443,48.331,39.585,3468,3468,22.648,28.696,30.95,40.448,51.5,51.12,58.882,51.075,37.134,3468,3468,6.1995,19.835,35.402,46.222,56.846,62.825,74.974,59.084,40.57
3469,3469,10.969,17.038,29.99,42.168,49.895,43.838,60.547,46.25,42.129,3469,3469,25.955,30.54,24.735,36.231,49.414,47.816,58.901,47.76,37.864,3469,3469,8.2571,22.885,33.107,39.158,51.299,60.33,75.04,57.701,40.291
3470,3470,12.131,24.992,29.221,39.823,46.663,41.875,58.348,45.798,38.731,3470,3470,16.048,25.548,26.835,35.159,45.868,46.472,55.85,47.077,36.982,3470,3470,1.3774,15.392,24.825,39.147,51.786,57.945,72.189,54.258,38.908
3471,3471,11.071,20.35,28.419,38.653,47.958,40.805,52.799,42.334,42.23,3471,3471,15.084,23.267,26.827,34.522,45.442,43.347,51.099,43.58,37.098,3471,3471,2.6775,19.047,33.014,42.032,52.601,52.978,67.363,50.164,38.708
3472,3472,7.4977,26.671,27.009,36.133,43.953,38.814,46.664,38.252,38.982,3472,3472,12.576,24.497,23.366,35.232,44.187,42.768,46.004,40.027,37.065,3472,3472,-0.68313,20.459,32.024,39.501,47.062,53.139,61.464,44.944,37.578
3473,3473,12.469,22.068,30.106,32.853,41.042,43.526,59.231,45.296,42.271,3473,3473,21.223,29.63,26.067,35.393,46.302,46.191,57.993,45.043,37.641,3473,3473,0.85308,20.465,32.325,37.819,47.657,57.097,73.022,56.707,40.096
3474,3474,8.0415,27.857,31.231,35.757,43.129,44.846,54.848,41.248,38.81,3474,3474,23.376,25.504,25.893,36.209,47.428,47.543,53.759,42.081,35.921,3474,3474,7.7618,20.152,29.751,40.494,50.229,60.857,70.558,51.002,38.257
3475,3475,3.7644,24.67,26.222,37.06,44.65,44.952,58.664,44.209,42.054,3475,3475,18.945,23.73,29.664,36.915,45.436,46.57,56.555,43.183,36.967,3475,3475,3.9586,16.064,29.63,40.27,49.349,63.046,73.071,54.079,39.379
3476,3476,8.4766,29.437,31.02,38.252,49.406,45.637,55.433,38.944,39.212,3476,3476,15.322,18.552,26.75,37.301,49.228,47.979,53.022,41.118,37.368,3476,3476,1.7217,20.742,32.578,41.634,55.016,61.073,71.664,48.967,38.209
3477,3477,13.933,22.299,32.142,37.793,44.097,44.684,52.584,40.375,41.982,3477,3477,15.273,20.778,30.133,36.698,46.935,46.38,50.452,41.662,37.455,3477,3477,0.59181,16.481,31.96,43.049,50.241,60.785,69.588,48.446,39.273
3478,3478,14.686,20.384,30.323,39.585,48.844,43.086,48.039,37.324,39.593,3478,3478,18.815,25.577,26.413,37.394,49.977,47.42,47.053,38.258,36.66,3478,3478,-0.13222,17.969,28.827,42.83,53.481,58.928,65.1,45.093,38.193
3479,3479,6.3275,25.816,31.757,33.526,45.833,42.623,49.828,40.059,42.481,3479,3479,15.522,24.066,25.813,35.93,50.088,49.517,46.616,42.906,38.114,3479,3479,-10.356,11.464,27.866,44.479,56.016,58.284,63.452,48.736,39.327
3480,3480,9.6805,19.749,28.958,41.034,47.517,41.722,47.785,39.397,38.909,3480,3480,15.972,22.428,27.952,36.065,48.74,47.794,46.872,41.53,38.392,3480,3480,2.0563,13.92,29.757,43.152,54.463,56.938,63.277,46.773,39.271
3481,3481,10.199,18.092,31.639,39.459,43.993,40.388,48.51,39.03,39.266,3481,3481,14.291,19.303,24.295,35.266,48.93,46.811,46.557,41.654,37.952,3481,3481,1.2234,18.206,33.368,41.255,52.992,56.223,62.432,47.344,38.899
3482,3482,8.8584,15.482,30.913,37.911,50.247,43.201,49.5,40.155,41.948,3482,3482,7.1888,18.042,28.124,36.198,45.669,42.848,46.588,42.206,37.892,3482,3482,1.9212,13.173,32.199,42.477,48.127,54.377,62.754,47.047,38.318
3483,3483,4.8604,18.5,27.597,43.902,47.315,41.554,47.672,39.949,38.715,3483,3483,7.9013,17.378,30.385,34.887,47.185,44.935,46.976,41.817,36.601,3483,3483,1.9003,16.181,31.95,43.342,54.63,55.879,63.331,48.54,38.551
3484,3484,12.73,18.683,27.122,40.519,49.443,40.877,46.403,39.594,41.773,3484,3484,17.338,19.552,27.435,38.758,47.358,43.606,46.197,41.48,37.071,3484,3484,2.8196,21.43,33.473,45.18,54.101,53.346,61.645,46.984,37.827
3485,3485,15.432,24.944,27.148,38.615,47.816,41.135,43.644,39.543,39.04,3485,3485,20.128,27.967,26.992,38.742,44.062,39.426,43.784,41.164,36.45,3485,3485,6.5763,21.816,34.766,40.139,51.06,53.023,58.053,46.751,37.729
3486,3486,13.345,22.563,31.759,39.256,46.85,40.353,45.259,38.872,41.792,3486,3486,19.057,24.305,22.971,39.62,42.345,40.481,44.537,40.815,36.905,3486,3486,4.4313,18.835,29.685,38.949,48.38,52.642,59.805,46.884,38.182
3487,3487,11.157,20.774,30.816,42.15,44.443,37.937,42.031,36.827,38.303,3487,3487,15.969,15.065,28.874,34.53,42.362,40.491,42.563,38.548,36.561,3487,3487,-3.147,22.753,33.195,39.834,49.839,51.574,56.471,43.266,37.739
3488,3488,8.0007,19.248,27.728,42.765,49.495,40.053,42.472,37.334,42.266,3488,3488,13.12,22.982,27.378,39.021,42.716,39.908,41.578,37.919,37.07,3488,3488,5.5342,20.496,32.891,40.503,49.228,52.76,57.501,41.209,37.857
3489,3489,8.6113,24.087,28.511,42.303,48.179,38.639,41.685,34.965,39.998,3489,3489,5.6796,22.555,26.676,32.417,43.346,41.186,40.89,36.748,36.572,3489,3489,-1.5981,13.507,31.185,38.305,47.169,50.932,56.181,40.175,37.562
3490,3490,12.446,22.133,30.825,34.622,47.03,38.386,37.793,34.835,42.44,3490,3490,13.54,21.802,24.746,34.965,44.863,42.956,38.652,36.476,37.29,3490,3490,1.8419,11.014,30.882,38.174,47.243,48.55,52.325,39.579,37.995
3491,3491,15.43,22.636,24.323,37.708,47.845,38.584,40.274,32.816,38.262,3491,3491,18.826,22.548,26.786,33.717,45.091,41.895,39.613,34.892,35.681,3491,3491,5.7829,18.859,33.165,40.333,49.959,47.378,53.577,39.964,37.751
3492,3492,15.588,21.816,26.768,36.89,45.536,35.932,37.279,35.191,42.938,3492,3492,19.456,21.704,27.547,31.335,43.442,40.203,36.982,36.732,36.836,3492,3492,7.9167,19.227,33.82,35.62,46.49,47.842,51.089,36.77,38.116
3493,3493,17.553,26.89,32.561,37.307,44.252,37.168,41.766,34.931,39.64,3493,3493,13.85,18.728,30.714,31.216,44.355,39.127,40.7,35.065,36.483,3493,3493,3.4526,22.193,32.32,39.99,49.992,49.304,55.718,39.079,36.869
3494,3494,17.007,20.968,24.368,39.918,46.343,38.037,40.194,35.374,42.315,3494,3494,15.59,22.026,28.312,36.193,46.078,41.035,38.77,35.544,37.478,3494,3494,-4.3709,26.682,31.95,41.347,53.992,50.108,54.7,39.952,37.879
3495,3495,11.459,23.464,31.38,34.92,44.904,36.205,39.491,33.461,39.57,3495,3495,14.831,24.003,24.582,36.468,42.843,37.1,38.046,36.281,37.095,3495,3495,3.1841,17.374,33.56,38.804,47.278,49.484,53.68,38.605,37.433
3496,3496,10.991,25.391,29.29,38.56,44.597,36.907,39.3,34.883,42.315,3496,3496,7.4495,22.342,27.389,32.945,42.418,39.052,39.407,35.037,36.519,3496,3496,-0.030574,10.891,21.599,38.374,51.569,49.467,54.524,38.956,37.153
3497,3497,11.274,20.607,24.442,36.56,45.433,37.223,39.364,33.175,38.826,3497,3497,14.942,19.11,31.35,34.762,39.503,37.787,39.946,34.461,35.733,3497,3497,-5.169,14.395,29.471,38.553,48.411,49.496,53.951,40.049,37.866
3498,3498,16.143,22.672,28.539,35.086,47.216,37.856,41.776,35.429,42.217,3498,3498,19.375,24.425,29.704,30.042,42.397,39.761,41.046,35.987,36.795,3498,3498,-2.7946,20.215,34.756,34.774,52.234,51.589,56.369,42.161,37.77
3499,3499,13.761,21.879,24.484,37.117,47.036,38.184,42.349,37.588,39.243,3499,3499,16.567,21.762,27.843,32.247,44.05,41.618,40.894,35.209,36.104,3499,3499,-1.7693,22.069,29.033,38.137,52.098,52.946,55.935,42.403,37.565
3500,3500,15.519,23.143,19.854,36.319,47.335,38.414,42.861,35.921,42.389,3500,3500,17.386,21.209,31.749,31.122,45.533,42.403,41.645,35.329,37.042,3500,3500,1.1462,19.54,30.416,37.057,48.142,52.84,57.852,41.561,38.495
3501,3501,10.639,20.939,23.121,40.333,47.815,42.098,51.104,43.382,39.221,3501,3501,15.429,23.671,26.73,36.816,46.665,44.458,50.542,45.398,37.193,3501,3501,-5.7916,11.226,27.617,37.63,53.051,60.83,66.551,52.744,39.017
3502,3502,16.999,22.818,33.355,43.996,53.405,47.365,63.055,55.058,44.084,3502,3502,15.21,21.283,34.215,48.733,51.785,49.903,60.325,53.876,38.501,3502,3502,-2.2699,16.965,31.136,40.628,57.103,65.153,75.635,61.509,41.076
3503,3503,16.96,21.628,36.228,52.911,53.67,45.11,56.555,46.642,39.193,3503,3503,16.149,22.687,31.153,46.418,48.657,46.787,55.104,45.502,36.693,3503,3503,-1.992,17.618,34.739,42.226,54.467,61.393,70.435,55.715,39.114
3504,3504,12.767,26.488,37.176,48.972,52.76,47.711,61.368,52.052,43.682,3504,3504,17.981,24.198,29.863,44.165,49.477,52.41,59.803,50.607,37.851,3504,3504,2.6337,15.356,26.364,40.279,57.296,67.56,75.498,61.419,41.512
3505,3505,20.603,24.812,31.792,54.336,52.834,45.259,51.675,41.975,40.187,3505,3505,14.038,26.489,30.364,41.231,47.625,46.886,49.537,41.633,36.855,3505,3505,-1.0211,15.4,27.834,42.867,54.542,62.53,65.861,52.762,38.364
3506,3506,18.064,28.98,39.218,61.368,53.678,41.875,44.731,38.104,43,3506,3506,10.755,20.436,28.102,52.731,52.688,46.137,42.099,39.239,36.821,3506,3506,5.77,12.669,28.766,49.402,51.35,51.877,57.104,42.018,38.458
3507,3507,25.98,31.485,38.143,56.906,52.266,38.579,42.319,37.105,40.588,3507,3507,14.217,21.076,30.367,47.62,48.191,39.841,40.005,37.755,36.275,3507,3507,6.1122,17.343,30.9,43.782,48.126,49.253,53.883,38.72,38.208
3508,3508,21.031,27.068,40.057,52.805,51.023,41.784,37.448,34.93,42.059,3508,3508,18.876,27.466,32.623,39.579,45.857,43.526,36.771,38.096,37.068,3508,3508,0.64112,22.924,32.866,41.433,48.77,49.751,51.962,37.248,38.059
3509,3509,21.498,23.413,31.523,41.571,46.329,37.966,42.019,35.283,39.311,3509,3509,10.285,18.272,28.491,35.879,44.338,39.247,40.492,35.085,36.372,3509,3509,1.7918,15.549,28.582,37.908,52.241,49.295,57.065,41.105,37.096
3510,3510,16.498,27.551,35.523,43.999,53.363,41.03,46.638,36.71,42.216,3510,3510,17.527,16.026,27.135,38.08,46.519,42.755,44.429,35.968,36.736,3510,3510,-0.39607,8.6948,27.763,44.901,60.236,53.285,59.474,43.572,37.778
3511,3511,18.597,30.129,34.588,44.01,46.494,37.397,41.103,36.789,39.198,3511,3511,10.096,26.938,26.02,42.632,48.386,45.604,40.339,37.781,36.464,3511,3511,-1.3592,14.016,32.246,46.222,60.031,53.636,56.761,42.203,37.528
3512,3512,21.33,26.027,30.546,44.517,49.35,39.925,42.855,41.883,42.148,3512,3512,19.524,19.373,27.569,39.864,49.861,47.277,42.018,41.552,37.211,3512,3512,-2.5837,15.672,35.118,47.651,60.126,53.135,58.184,45.55,37.788
3513,3513,17.906,25.679,35.241,48.826,45.089,37.51,40.703,39.549,38.461,3513,3513,20.591,21.795,25.398,37.648,48.218,42.894,39.373,41.116,36.532,3513,3513,6.3131,12.334,33.921,43.581,54.743,52.122,55.057,42.331,38.097
3514,3514,13.182,27.274,32.736,40.248,43.216,35.52,40.193,40.286,41.953,3514,3514,17.35,23.409,26.67,34.935,44.253,41.008,39.628,39.102,36.55,3514,3514,8.0113,18.243,31.102,42.915,53.352,53.06,54.673,41.085,37.539
3515,3515,15.956,20.968,29.978,41.461,45.503,36.493,41.206,36.664,38.493,3515,3515,14.814,23.645,29.464,35.082,44.492,42.239,40.189,35.109,36.162,3515,3515,5.5619,19.253,32.34,40.777,49.476,50.099,55.297,40.249,38.01
3516,3516,10.798,27.55,25.42,37.8,42.837,35.515,42.384,37.444,41.995,3516,3516,14.466,21.769,27.242,34.068,44.802,43.146,41.578,36.002,36.644,3516,3516,-0.22597,14.631,30.443,38.918,52.784,52.808,57.344,42.388,38.017
3517,3517,16.936,20.931,32.847,41.476,51.854,41.138,45.016,35.89,39.009,3517,3517,22.529,25.04,26.978,36.729,48.198,47.875,43.408,36.947,36.7,3517,3517,0.0032463,17.807,27.884,45.612,56.386,55.58,59.366,41.953,37.542
3518,3518,18.117,22.856,34.827,43.222,50.187,40.558,43.949,37.669,42.017,3518,3518,24.915,25.9,30.142,42.874,49.924,45.582,43.062,35.994,36.968,3518,3518,1.2348,18.313,30.399,44.586,58.529,56.621,58.599,41.037,37.945
3519,3519,14.371,16.529,30.268,43.02,49.05,41.619,48.107,41.978,40.658,3519,3519,17.466,23.21,30.5,41.91,49.094,49.58,45.986,42.202,37.555,3519,3519,-1.2736,20.322,30.784,44.15,57.378,62.638,61.749,47.643,38.38
3520,3520,14.631,26.516,32.278,44.254,51.916,43.965,48.37,41.503,43.248,3520,3520,14.021,21.678,26.575,39.709,50.21,51.653,46.868,39.243,37.698,3520,3520,-4.8802,22.139,28.683,38.254,55.951,65.373,63.656,47.776,39.764
3521,3521,18.266,24.381,35.15,46.54,54.752,46.122,53.422,45.442,41.083,3521,3521,20.227,17.017,31.914,39.029,47.892,46.878,53.546,43.885,37.773,3521,3521,-2.7415,23.319,33.097,41.461,55.957,62.536,71.884,53.201,39.775
3522,3522,18.705,24.465,34.41,49.098,55.496,50.19,64.528,50.489,43.711,3522,3522,24.036,19.406,26.837,44.528,47.965,53.364,61.754,49.129,37.603,3522,3522,7.9602,20.126,33.527,40.884,57.096,69.615,78.652,61.441,43.111
3523,3523,15.2,23.958,34.322,48.294,58.451,51.414,65.658,52.17,41.9,3523,3523,20.305,17.597,23.26,40.012,48.711,53.274,63.678,51.169,38.008,3523,3523,8.8479,15.043,33.433,46.715,63.627,69.912,80.6,63.009,43.424
3524,3524,10.36,13.094,30.452,41.662,57.847,51.989,68.258,54.403,40.785,3524,3524,12.822,17.25,26.058,31.925,48.005,52.779,65.585,51.962,37.829,3524,3524,-4.6238,21.053,33.261,40.583,58.326,69.653,83.621,63.664,44.171
3525,3525,15.06,24.597,34.618,35.339,51.351,48.995,66.355,51.273,42.908,3525,3525,19.61,19.2,29.837,32.496,49.29,52.439,63.317,50.327,37.636,3525,3525,0.60343,20.5,26.777,38.245,56.161,68.374,79.515,60.987,42.459
3526,3526,20.566,23.332,34.436,38.314,52.023,46.923,57.882,50.262,39.598,3526,3526,23.094,20.26,28.695,32.936,50.913,50.395,57.033,49.534,37.263,3526,3526,3.5096,12.985,28.551,38.552,54.959,67.301,74.918,58.333,40.082
3527,3527,24.086,19.722,28.179,39.098,47.85,46.123,57.263,46.814,42.188,3527,3527,26.571,21.339,30.335,33.045,50.093,51.481,55.951,46.006,37.552,3527,3527,8.7658,22.296,32.108,38.553,54.288,67.401,73.174,55.752,39.766
3528,3528,15.074,22.956,28.774,35.411,51.705,45.968,54.569,44.074,38.727,3528,3528,19.493,17.616,29.188,34.048,49.283,49.135,51.992,44.926,36.467,3528,3528,4.1488,15.486,29.092,41.851,57.14,65.175,69.092,52.151,37.965
3529,3529,8.2502,20.182,30.842,37.18,52.963,45.695,54.176,44.179,42.181,3529,3529,9.3951,22.416,29.803,35.729,49.539,47.629,52.725,44.361,37.179,3529,3529,-3.2535,19.943,30.807,42.742,58.74,63.279,68.316,53.575,38.906
3530,3530,14.953,22.403,30.419,39.146,53.276,45.081,50.897,42.033,38.804,3530,3530,19.087,29.066,27.331,32.94,48.09,46.19,49.69,42.954,37.357,3530,3530,-1.3209,17.659,25.852,42.886,54.055,60.127,65.645,51.853,38.094
3531,3531,16.635,20.966,27.351,32.566,44.423,39.413,47.592,39.329,42.487,3531,3531,19.511,29.225,29.093,36.024,44.202,43.171,47.104,41.246,37.584,3531,3531,-3.1021,13.505,29.1,37.86,50.775,56.578,63.044,47.36,38.157
3532,3532,19.429,23.817,29.53,36.362,47.104,39.943,46.243,36.511,38.897,3532,3532,22.907,25.911,31.543,36.196,45.209,43.163,45.842,39.226,36.198,3532,3532,2.6655,20.638,31.921,43.975,48.533,54.503,60.141,45.315,37.981
3533,3533,17.253,22.757,29.723,39.654,48.787,40.785,43.545,36.39,41.903,3533,3533,20.055,22.159,29.141,37.261,45.442,43.199,43.257,38.989,36.837,3533,3533,1.677,16.615,29.46,42.493,49.979,53.624,58.717,42.971,37.781
3534,3534,16.594,21.141,30.782,37.258,46.069,39.477,44.915,35.598,38.265,3534,3534,20.511,20.835,28.283,35.146,44.331,42.329,44.102,38.361,36.056,3534,3534,4.8059,11.277,32.346,39.663,49.043,52.701,59.253,44.978,37.356
3535,3535,15.901,20.509,27.682,35.855,44.786,37.873,44.844,39.585,42.612,3535,3535,18.854,20.818,29.274,33.869,42.651,39.789,44.951,41.798,37.12,3535,3535,8.1499,16.724,31.794,37.528,46.785,51.518,59.681,46.076,38.039
3536,3536,16.561,21.684,25.258,28.452,43.048,37.922,47.138,39.053,39.189,3536,3536,21.811,12.914,27.726,35.019,43.546,40.405,45.296,40.757,36.237,3536,3536,5.7119,16.174,32.373,39.848,49.634,51.349,61.122,47.157,37.414
3537,3537,20.044,22.256,27.52,34.568,42.993,36.146,44.601,40.495,42.616,3537,3537,23.307,19.102,26.875,34.28,43.804,41.636,44.67,42.471,36.753,3537,3537,7.4953,16.395,32.521,39.986,47.917,52.875,60.164,48.025,38.28
3538,3538,13.507,18.331,26.947,37.823,44.914,38.736,45.13,39.855,39.269,3538,3538,16.8,14.195,28.212,33.958,41.629,38.85,44.793,41.614,36.412,3538,3538,6.0698,22.63,31.4,38.338,46.572,52.861,61.668,47.7,37.272
3539,3539,7.9005,20.662,32.389,34.917,46.715,39.423,51.185,44.478,42.308,3539,3539,12.052,22.117,29.421,35.549,42.43,40.291,51.81,47.077,36.805,3539,3539,-0.74407,21.126,31.282,33.51,46.211,53.733,66.493,55.556,37.958
3540,3540,9.8377,25.537,29.169,32.092,43.001,45.204,58.741,47.436,39.752,3540,3540,8.6183,23.929,29.647,31.824,42.667,45.479,57.124,48.712,36.698,3540,3540,-3.6001,11.185,29.018,39.769,50.109,62.221,72.721,58.252,39.692
3541,3541,11.189,22.907,27.529,33.513,46.885,47.034,57.386,47.261,43.307,3541,3541,14.507,24.184,31.414,33.65,51.972,51.454,56.558,48.762,37.638,3541,3541,4.2622,11.32,31.326,36.359,54.05,65.595,72.935,57.088,39.304
3542,3542,7.1353,24.197,29.048,34.461,46.224,51.324,58.159,49.012,40.986,3542,3542,12.221,19.461,28.704,35.164,53.663,53.979,58.666,51.323,37.872,3542,3542,4.021,18.203,32.194,41.839,55.815,68.519,75.438,56.974,39.495
3543,3543,11.999,23.826,32.382,38.809,47.327,49.318,57.18,48.914,43.542,3543,3543,11.88,22.497,29.235,37.939,53.578,53.151,56.593,50.862,38.6,3543,3543,-1.2868,14.419,30.055,44.981,56.65,66.758,73.166,54.571,40.305
3544,3544,11.483,19.662,31.696,41.699,49.227,49.591,56.383,48.79,41.467,3544,3544,4.3588,17.831,28.826,34.628,51.766,52.851,56.615,51.481,38.362,3544,3544,1.6259,14.453,24.875,43.999,57.057,67.505,72.161,53.261,39.792
3545,3545,8.1285,16.629,29.347,37.978,43.541,42.097,53.879,47.1,43.212,3545,3545,6.478,21.383,27.76,32.015,50.196,49.573,52.972,50.247,38.67,3545,3545,2.4271,18.611,27.462,40.048,52.461,59.911,68.21,53.036,39.006
3546,3546,14.873,21.583,32.196,36.922,47.248,41.64,54.873,46.66,39.103,3546,3546,13.67,26.099,30.174,38.31,46.852,45.771,53.012,48.902,37.196,3546,3546,3.0133,21.615,32.423,39.711,52.357,60.075,68.573,54.233,39.201
3547,3547,7.3759,21.628,34.605,35.986,48.261,45.723,63.892,51.408,43.573,3547,3547,12.387,22.835,23.084,36.814,50.685,50.01,62.358,54.162,39.045,3547,3547,6.2798,18.407,31.252,41.32,53.533,65.562,78.562,63.479,43.051
3548,3548,6.5867,23.035,31.277,33.917,46.028,46.303,65.291,53.524,43.009,3548,3548,13.05,24.871,26.045,37.616,49.85,49.854,64.423,56.253,39.404,3548,3548,5.2652,15.958,29.511,40.431,57.974,65.79,80.47,65.678,44.776
3549,3549,9.587,18.214,27.716,33.232,49.005,49.249,69.184,55.983,44.563,3549,3549,15.349,21.667,23.209,36.507,53.671,51.845,66.777,57.658,41.176,3549,3549,3.127,17.721,32.057,41.808,58.207,67.262,83.326,67.649,46.808
3550,3550,6.6733,20.929,29.46,37.311,46.103,49.763,70.852,58.367,44.466,3550,3550,6.0337,19.782,25.088,35.988,53.774,53.404,68.788,57.811,40.831,3550,3550,-1.1966,20.254,34.244,40.838,59.098,69.504,85.573,68.534,47.774
3551,3551,6.0716,23.119,33.16,35.434,47.402,52.196,73.816,61.642,46.153,3551,3551,7.3874,15.653,24.783,37.277,57.334,56.381,72.597,62.423,43.563,3551,3551,4.1217,22.201,31.024,41.049,61.912,72.246,89.972,74.173,52.456
3552,3552,10.397,18.707,26.528,32.395,51.783,54.818,73.961,62.262,45.964,3552,3552,10.239,16.972,27.566,35.754,57.924,58.847,72.043,63.55,43.89,3552,3552,-3.9472,15.574,33.742,41.118,61.915,77.363,89.524,73.666,51.484
3553,3553,3.3912,24.229,25.311,33.351,52.019,59.238,77.128,62.907,46.921,3553,3553,3.2304,17.538,25.139,37.298,55.68,60.947,74.855,63.304,44.319,3553,3553,2.8961,21.103,32.886,41.118,61.083,80.927,91.548,74.611,53.03
3554,3554,6.3388,18.952,26.133,33.717,49.902,60.478,76.768,62.983,45.077,3554,3554,10.595,17.173,23.703,31.945,54.582,63.27,75.63,63.325,43.502,3554,3554,4.3132,22.374,30.022,38.905,60.416,83.167,92.703,75.651,54.041
3555,3555,11.348,23.728,32.21,36.161,49.778,63.852,79.718,63.333,46.692,3555,3555,6.6896,20.194,26.173,37.105,49.585,63.949,77.935,62.338,43.497,3555,3555,3.1299,21.739,29.536,38.807,58.012,84.156,93.964,75.509,54.831
3556,3556,13.732,19.547,30.916,41.814,56.521,66.105,77.469,64.335,47.769,3556,3556,4.4017,19.755,31.697,35.562,53.538,63.254,74.368,63.655,43.063,3556,3556,7.6116,19.062,31.904,46.686,62.617,82.572,91.537,74.897,52.688
3557,3557,9.8246,21.593,29.832,40.05,55.613,60.656,74.278,62.539,47.249,3557,3557,9.508,20.717,23.727,35.942,50.801,61.254,72.173,61.035,42.246,3557,3557,1.2775,17.381,34.544,39.519,60.199,79.31,88.279,72.392,50.723
3558,3558,13.237,28.607,29.745,35.247,52.189,62.045,75.81,63.4,46.218,3558,3558,14.545,25.092,31.641,31.635,56.399,62.103,73.894,61.872,42.346,3558,3558,-6.1029,19.513,34.549,39.719,63.065,79.445,89.368,73.556,51.926
3559,3559,13.013,22.344,29.104,46.014,54.775,60.804,77.689,61.749,47.045,3559,3559,9.3316,18.214,30.775,32.706,55.008,62.718,73.376,60.933,41.468,3559,3559,1.586,22.949,34.406,43.708,63.112,80.687,91.023,72.396,51.715
3560,3560,6.1564,25.698,30.055,40.952,54.023,52.246,68.238,59.454,44.566,3560,3560,9.2219,20.422,30.624,35.546,50.733,57.542,65.676,57.22,39.66,3560,3560,7.5775,19.321,31.092,39.029,57.649,73.357,81.133,68.72,46.42
3561,3561,7.6687,26.741,33.248,40.163,52.593,49.8,58.336,51.461,45.923,3561,3561,12.582,23.167,32.024,38.637,59.533,59.376,55.976,50.987,38.836,3561,3561,6.7351,15.501,26.941,38.913,61.63,70.611,71.638,58.112,42.655
3562,3562,13.796,18.727,31.5,48.537,53.161,46.192,54.56,50.621,43.862,3562,3562,15.647,18.025,28.963,37.025,48.019,47.304,52.637,49.532,39.59,3562,3562,-3.5114,23.066,27.542,41.547,54.495,62.496,67.982,58.766,42.259
3563,3563,17.192,29.573,36.163,52.09,47.184,51.844,64.642,50.981,43.933,3563,3563,21.803,24.705,25.163,43.94,45.773,53.285,62.526,48.977,38.799,3563,3563,-0.46272,22.447,31.872,42.771,49.667,71.665,79.691,61.425,43.301
3564,3564,22.488,28.79,31.935,47.962,49.847,49.261,57.545,42.522,41.422,3564,3564,20.816,17.159,28.98,41.739,56.382,58.888,55.862,42.3,37.69,3564,3564,3.0514,19.342,30.988,37.576,61.66,71.825,73.418,53.172,40.771
3565,3565,20.253,25.339,27.799,37.339,44.897,37.378,45.622,37.738,42.954,3565,3565,17.776,25.91,25.998,32.304,42.121,41.016,42.475,38.702,37.577,3565,3565,7.3247,20.181,32.43,39.214,48.484,52.503,58.658,45.738,39.953
3566,3566,19.841,23.281,29.967,36.578,44.656,36.48,41.42,37.167,41.985,3566,3566,21.469,16.508,27.849,30.049,39.089,35.722,37.656,35.921,37.371,3566,3566,5.7846,22.721,27.532,41.514,44.598,46.354,53.738,40.871,39.264
3567,3567,16.941,22.522,31.473,37.78,42.895,33.246,37.386,36.294,41.618,3567,3567,20.587,23.829,29.045,36.731,39.632,33.11,35.343,37.029,37.496,3567,3567,1.535,14.267,27.143,38.791,46.557,45.691,50.663,38.086,40.017
3568,3568,10.448,19.865,27.688,36.776,42.75,35.547,36.287,40.308,44.462,3568,3568,15.678,24.799,23.47,31.526,41.1,37.398,33.964,41.515,38.311,3568,3568,-6.6637,18.701,26.376,39.904,43.401,47.716,49.74,38.909,40.327
3569,3569,13.891,25.848,31.727,45.413,47.223,37.767,36.69,40.949,43.452,3569,3569,17.984,18.7,24.691,38.308,47.013,45.767,37.382,41.143,38.38,3569,3569,-0.86338,14.29,30.374,40.899,49.206,54.198,53.288,40.595,41.341
3570,3570,19.781,30.011,33.89,51.38,48.842,39.179,41.534,47.191,49.971,3570,3570,16.878,21.668,29.143,41.095,47.099,44.63,39.085,45.941,42.997,3570,3570,12.02,21.55,41.769,46.647,49.621,49.187,55.899,43.295,44.887
3571,3571,16.478,25.344,26.949,42.914,45.363,36.515,35.76,36.622,42.389,3571,3571,17.446,23.589,25.862,36.545,42.663,36.43,34.669,36.646,38.08,3571,3571,19.445,27.867,31.095,39.577,45.41,45.971,50.201,38.393,40.049
3572,3572,12.247,22.921,31.957,42.572,42.292,33.64,35.923,37.013,44.616,3572,3572,21.729,22.167,28.326,38.937,40.172,35.043,34.305,36.147,38.311,3572,3572,10.383,17.869,25.645,36.513,43.451,46.431,49.175,37.642,40.157
3573,3573,20.313,19.853,30.796,39.733,44.545,35.339,35.878,37.352,44.011,3573,3573,21.925,23.84,25.259,43.995,44.543,39.3,33.977,36.257,38.015,3573,3573,7.4655,18.333,31.911,37.887,44.496,45.873,50.642,36.543,41.714
3574,3574,15.122,25.285,35.942,37.833,42.949,35.88,43.819,48.498,47.152,3574,3574,16.946,24.441,26.713,38.635,45.464,42.91,41.976,50.47,43.307,3574,3574,3.9819,15.685,30.002,44.007,50.095,49.046,58.173,45.591,42.896
3575,3575,14.217,25.082,37.81,50.955,52.332,42.286,42.594,45.317,47.281,3575,3575,14.334,23.616,28.553,39.747,43.8,39.881,40.409,47.311,43.362,3575,3575,7.9089,25.082,29.739,45.291,50.774,50.361,57.058,45.669,43.381
3576,3576,18.077,39.733,59.798,68.094,73.641,69.028,70.051,66.218,54.7,3576,3576,18.609,42.443,61.243,68.128,74.87,72.534,66.696,70.867,55.236,3576,3576,11.122,26.848,45.014,55.872,60.59,58.022,66.442,61.725,53.608
3577,3577,36.794,52.313,61.867,67.158,66.482,55.086,56.101,49.563,46.853,3577,3577,25.135,48.96,54.21,49.394,67.062,62.764,53.356,47.792,42.999,3577,3577,17.418,34.551,47.888,55.456,56.177,66.937,72.406,52.604,42.606
3578,3578,39.139,40.419,38.354,49.837,51.242,52.603,58.859,45.766,45.813,3578,3578,26.529,32.329,33.25,38.109,55.036,59.057,55.543,44.012,39.438,3578,3578,19.015,32.892,36.594,45.381,61.58,74.21,72.3,52.868,41.289
3579,3579,26.82,29.539,32.166,43.546,49.271,49.16,61.737,50.394,46.09,3579,3579,17.692,26.444,27.698,37.195,50.415,52.562,59.032,48.524,40.632,3579,3579,19.137,21.494,30.354,43.136,55.162,67.073,77.243,57.954,43.966
3580,3580,23.489,27.631,30.758,44.146,44.275,39.32,55.972,53.136,47.041,3580,3580,22.392,22.37,26.596,37.918,46.616,46.395,54.257,51.818,40.774,3580,3580,14.723,23.651,34.588,43.227,55.993,62.437,70.343,56.368,42.16
3581,3581,17.337,17.721,28.751,38.997,49.949,42.163,53.264,47.355,43.061,3581,3581,19.489,14.561,29.271,35.009,50.521,49.289,50.967,46.782,38.14,3581,3581,12.417,25.274,32.095,39.555,56.697,61.122,67.069,55.125,41.311
3582,3582,11.399,20.244,28.834,34.372,51.42,44.701,53.639,46.458,44.645,3582,3582,9.7903,27.446,26.854,33.573,52.09,54.941,51.06,46.373,38.68,3582,3582,7.0025,26.196,32.449,41.274,59.954,67.091,67.742,55.613,41.226
3583,3583,16.374,26.941,28.05,34.929,54.645,47.48,56.49,49.501,41.924,3583,3583,18.519,30.976,29.584,34.404,52.1,55.291,53.902,48.671,38.552,3583,3583,3.5688,22.052,30.053,42.151,61.831,70.051,70.222,58.902,40.706
3584,3584,17.683,23.783,30.014,45.956,57.985,52.392,57.557,47.874,43.874,3584,3584,23.184,25.265,27.683,35.562,62.575,60.573,58.42,47.842,39.43,3584,3584,2.8643,21.55,30.49,44.372,63.425,72.205,75.261,57.099,41.703
3585,3585,12.171,20.268,30.93,48.326,58.502,53.439,62.082,49.969,43.33,3585,3585,22.761,13.37,25.078,42.373,65.636,61.944,60.088,51.11,40.267,3585,3585,7.3413,18.422,29.344,49.189,69.674,71.49,76.526,60.495,43.322
3586,3586,13.802,24.526,31.854,49.08,64.461,58.231,67.279,53.888,46.172,3586,3586,21.937,22.935,30.37,37.261,62.403,61.465,65.812,54.322,41.29,3586,3586,2.9215,17.413,27.516,47.343,66.711,75.915,82.249,64.896,46.059
3587,3587,11.998,23.914,32.401,51.879,59.115,56.268,65.257,54.457,46.593,3587,3587,20.86,16.595,34.389,41.518,68.029,67.429,63.994,53.413,43.042,3587,3587,-1.4461,15.796,35.267,50.932,69.12,76.544,80.747,62.439,46.049
3588,3588,15.02,19.513,29.375,53.889,64.426,60.381,72.721,63.275,49.501,3588,3588,16.6,28.527,33.521,43.562,69.414,67.623,71.041,61.797,45.221,3588,3588,4.2337,22.258,33.711,53.095,70.182,79.251,87.478,70.434,50.107
3589,3589,20.784,23.401,35,56.747,66.39,61.152,72.246,62.782,49.049,3589,3589,25.302,20.901,29.532,45.617,69.773,69.48,70.407,61.186,45.02,3589,3589,5.6741,18.524,29.645,51.695,72.697,78.857,86.456,72.384,51.065
3590,3590,16.655,26.295,35.157,46.936,67.344,61.112,64.697,55.665,46.556,3590,3590,25.96,25.493,33.845,48.091,67.506,66.146,63.465,53.737,42.234,3590,3590,6.5055,25.707,30.104,56.719,70.737,76.346,80.222,62.499,45.685
3591,3591,17.694,25.506,36.111,47.939,68.075,59.642,60.057,48.463,43.448,3591,3591,21.561,25.27,27.7,47.156,62.289,62.109,59.298,47.92,39.51,3591,3591,9.6816,23.391,31.633,57.417,67.428,75.74,75.479,57.693,42.535
3592,3592,7.6852,21.897,32.89,44.526,66.47,56.06,57.76,47.38,45.476,3592,3592,23.442,28.811,28.934,44.96,61.589,59.755,55.632,47.275,39.347,3592,3592,6.3451,21.285,33.982,53.4,68.495,71.285,72.303,55.632,42.163
3593,3593,7.0599,21.87,30.229,39.185,62.402,52.647,51.467,39.849,40.796,3593,3593,26.229,24.846,27.348,34.082,57.805,55.792,50.42,41.894,38.85,3593,3593,10.696,17.321,31.422,48.143,64.414,68.621,66.767,49.724,39.509
3594,3594,19.971,24.847,27.483,38.615,58.764,50.677,51.193,39.393,42.379,3594,3594,25.558,24.866,28.957,37.204,66.676,63.915,51.051,40.019,37.469,3594,3594,5.2617,15.214,32.99,48.278,68.738,65.308,66.267,48.262,39.3
3595,3595,19.244,23.219,30.362,40.629,55.747,49.114,51.384,39.653,39.132,3595,3595,18.815,27.955,24.791,38.195,60.384,55.174,50.441,41.493,37.106,3595,3595,0.36912,24.962,34.352,46.983,68.331,64.399,67.029,47.808,38.524
3596,3596,20.903,22.417,27.245,37.374,55.296,47.589,48.84,39.002,42.523,3596,3596,10.398,26.454,23.756,35.145,54.147,50.014,48.24,40.625,37.281,3596,3596,2.7799,25.729,36.337,44.189,61.122,61.044,64.349,46.058,39.061
3597,3597,18.431,21.38,24.235,36.974,52.887,44.859,50.965,38.475,38.814,3597,3597,10.169,25.062,27.747,37.353,55.388,50.646,49.551,39.583,37.049,3597,3597,1.9973,20.65,30.903,44.086,57.426,58.115,67.097,47.963,38.727
3598,3598,15.477,20.273,27.982,36.261,47.01,40.761,49.433,37.482,41.977,3598,3598,5.6413,21.566,29.668,36.918,47.526,46.326,47.942,37.979,37.012,3598,3598,6.2139,13.58,30.363,42.048,52.812,55.68,66.086,48.194,38.293
3599,3599,11.463,21.924,25.338,32.573,44.951,39.872,50.441,37.408,38.959,3599,3599,11.906,22.896,26.273,35.427,50.462,48.498,49.048,37.459,37.411,3599,3599,6.2185,17.111,29.653,39.006,53.043,55.957,66.308,48.576,38.899
3600,3600,-Inf,-Inf,-Inf,-Inf,-Inf,-Inf,-Inf,-Inf,-Inf,3600,3600,-Inf,-Inf,-Inf,-Inf,-Inf,-Inf,-Inf,-Inf,-Inf,3600,3600,-Inf,-Inf,-Inf,-Inf,-Inf,-Inf,-Inf,-Inf,-Inf
