9999,9999,1,2,4,7.9433,15.849,31.623,63.096,125.89,251.19,9999,9999,1,2,4,7.9433,15.849,31.623,63.096,125.89,251.19,9999,9999,1,2,4,7.9433,15.849,31.623,63.096,125.89,251.19
1,1,13.453,27.461,27.931,38.955,45.586,46.966,49.815,53.841,50.79,1,1,14.325,27.561,32.455,40.322,49.446,51.397,49.987,51.99,48.086,1,1,17.879,28.776,32.596,38,48.141,58.897,61.754,55.22,49.428
2,2,19.429,24.93,25.748,38.057,45.747,45.096,49.102,53.01,44.931,2,2,18.34,26.145,34.269,38.378,49.853,49.802,48.819,52.431,38.947,2,2,24.39,21.246,29.5,37.169,47.706,57.719,62.784,56.473,39.93
3,3,12.139,23.643,28.661,42.929,47.659,46.766,49.529,53.372,43.186,3,3,17.293,22.358,31.75,40.443,50.794,49.498,49.81,52.079,38.968,3,3,15.934,9.6843,29.326,38.196,47.48,58.285,64.319,55.956,39.739
4,4,10.061,21.378,33.671,45.01,56.384,54.438,53.584,53.466,42.38,4,4,16.133,22.502,33.036,46.095,58.109,59.457,52.306,52.831,38.709,4,4,15.051,17.482,31.279,40.728,55.683,63.375,66.648,57.74,39.59
5,5,14.748,19.408,31.08,48.761,68.656,65.908,59.282,54.968,44.658,5,5,18.875,22.058,34.719,47.139,70.154,70.562,58.077,55.575,40.491,5,5,8.8095,19.348,30.778,42.366,63.538,69.887,69.543,58.895,41.341
6,6,19.833,26.904,32.46,52.775,66.885,63.721,63.006,57.902,44.641,6,6,21.184,21.311,32.022,49.083,69.612,69.708,60.053,55.465,41.034,6,6,7.6078,19.406,31.039,46.477,65.594,71.61,72.712,60.557,43.044
7,7,16.158,25.398,35.505,54.421,65.71,66.082,65.086,58.037,46.026,7,7,19.133,23.118,33.735,54.219,71.689,73.472,60.876,57.761,42.328,7,7,1.3989,22.161,28.38,46.829,66.665,74.116,74.323,61.763,43.161
8,8,13.632,21.123,35.25,54.826,68.63,66.76,63.9,58.002,45.565,8,8,15.62,21.751,33.114,54.221,71.395,72.987,60.935,58.298,44.223,8,8,0.10342,15.691,30.122,46.523,67.36,74.234,74.393,62.184,43.605
9,9,11.647,22.018,37.747,53.79,69.486,67.533,66.56,58.883,46.228,9,9,16.038,21.489,35.976,56.233,72.257,73.065,62.052,57.828,41.711,9,9,0.63381,20.129,31.238,48.694,67.196,75.54,75.563,63.316,43.451
10,10,11.937,22.18,37.701,52.089,69.782,69.073,63.844,57.238,44.869,10,10,8.7496,23.24,33.839,57.625,75.442,75.454,61.112,57.656,41.462,10,10,2.9175,24.571,29.056,48.673,67.238,73.136,74.83,63.121,43.415
11,11,13.581,19.082,34.645,52.483,68.325,67.464,59.155,55.98,45.434,11,11,2.1212,19.092,37.337,61.179,69.601,69.679,58.247,56.546,40.878,11,11,-5.5876,16.747,31.905,52.813,64.771,73.578,70.57,58.868,40.83
12,12,14.328,23.885,31.85,51.567,62.414,62.301,56.456,55.61,42.639,12,12,8.3462,19.385,29.557,55.492,69.982,69.125,56.346,55.399,39.872,12,12,-2.3367,22.8,36.06,51.281,61.509,70.109,70.077,60.855,41.216
13,13,15,23.291,32.14,53.801,62.601,59.773,54.564,54.654,45.067,13,13,5.2644,19.964,32.388,54.071,66.728,64.36,53.7,54.146,39.803,13,13,2.9873,19.373,23.895,45.088,59.441,65.088,66.063,58.017,41.511
14,14,8.4744,22.176,27.067,50.953,57.991,54.637,52.851,59.552,43.613,14,14,9.9483,22.019,28.64,45.368,60.626,60.957,51.806,57.11,41.326,14,14,4.0199,19.118,27.542,45,59.677,62.785,66.11,60.606,40.466
15,15,12.83,21.338,31.544,53.262,59.079,56.27,51.4,52.303,43.821,15,15,12.194,19.738,30.952,47.27,59.654,61.067,51.26,56.616,40.398,15,15,5.9467,17.676,28.335,42.75,54.275,63.772,63.625,56.898,40.16
16,16,15.875,31.15,36.142,60.366,59.731,56.619,52.273,54.76,44.22,16,16,12.18,26.476,33.301,54.119,56.722,55.639,52.27,54.948,40.652,16,16,6.5378,24.067,32.41,47.899,52.581,64.197,64.687,60.36,41.408
17,17,18.513,27.149,39.632,57.324,61.439,57.894,51.701,54.887,45.87,17,17,15.099,28.844,36.17,57.118,61.139,63.065,52.754,55.74,42.077,17,17,-0.10306,23.174,30.593,45.368,54.348,60.83,66.123,57.853,41.821
18,18,15.754,23.467,40.183,58.01,58.124,52.803,50.251,56.47,44.526,18,18,15.852,26.262,37.062,56.464,61.423,63.151,50.876,59.848,43.62,18,18,5.3921,19.228,30.562,43.222,51.975,60.659,66.038,59.788,42.494
19,19,13.106,24.556,35.262,50.429,56.655,54.255,61.506,67.765,50.922,19,19,23.882,28.783,34.858,55.893,59.775,60.036,61.302,76.119,56.131,19,19,1.3134,18.416,29.559,43.172,56.657,66.588,73.584,73.244,49.737
20,20,19.827,28.269,44.47,63.404,64.889,60.474,62.963,74.347,54.498,20,20,25.665,34.708,40.456,58.046,64.44,66.525,62.927,76.998,58.405,20,20,-0.096914,18.214,30.395,53.89,59.283,64.685,83.204,72.773,52.612
21,21,22.26,27.927,43.786,60.086,63.949,58.555,63.245,69.194,50.45,21,21,30.412,34.053,43.318,54.261,60.664,62.526,61.719,72.713,53.159,21,21,3.6202,22.554,33.911,49.688,54.626,62.301,81.154,71.767,49.206
22,22,21.693,34.941,44.248,64.24,65.526,59.881,58.116,63.015,45.642,22,22,27.563,30.802,38.416,55.281,62.157,60.455,57.724,65.482,47.562,22,22,5.7318,14.141,31.336,51.538,55.466,62.544,74.415,66.828,44.583
23,23,28.338,37.547,41.543,58.148,57.424,51.401,55.691,62.288,45.137,23,23,30.789,32.276,36.601,51.065,56.57,56.677,54,62.827,44.062,23,23,11.528,22.576,28.229,44.239,51.322,58.275,73.47,67,43.739
24,24,30.37,28.835,40.619,61.324,59.419,50.956,50.459,58.64,42.69,24,24,30.147,28.56,33.852,53.05,55.078,51.873,49.93,59.465,41.758,24,24,3.8236,15.997,26.585,46.395,50.159,59.953,67.021,62.404,41.293
25,25,24.295,31.054,32.342,55.167,56.481,50.721,53.851,61.317,44.932,25,25,20.613,26.85,32.327,49.058,56.536,57.338,53.067,58.633,42.073,25,25,6.9296,17.694,30.762,42.392,51.734,59.538,69.664,66.212,42.766
26,26,23.326,25.272,33.642,52.625,53.207,50.068,47.743,51.93,42.332,26,26,11.062,23.76,36.758,49.519,55.619,52.738,48.759,52.332,39.168,26,26,2.1177,22.323,29.078,43.422,50.467,55.132,64.813,60.317,40.632
27,27,14.494,22.071,30.325,51.599,54.164,50.457,48.779,52.638,43.733,27,27,16.207,21.184,33.357,54.676,58.917,54.611,50.671,54.057,39.916,27,27,-6.0004,14.243,29.373,48.254,52.148,55.867,65.089,63.346,41.26
28,28,10.402,21.916,29.17,50.298,54.019,50.509,51.293,54.629,42.842,28,28,10.194,26.15,34.669,50.746,56.718,55.96,50.587,55.131,39.982,28,28,3.7912,16.435,27.203,50.8,54.613,62.02,67.67,62.001,41.199
29,29,10.461,23.659,33.486,49.272,55.651,52.802,55.484,55.651,43.999,29,29,13.757,22.185,30.265,51.743,56.549,56.607,52.431,57.854,41.593,29,29,0.31137,18.522,28.74,40.953,52.561,64.281,69.927,60.551,40.751
30,30,9.8464,23.609,30.53,44.584,63.019,63.664,58.443,61.098,43.58,30,30,16.646,23.745,32.033,49.175,64.233,68.583,57.929,63.876,45.114,30,30,-9.5975,16.126,26.972,46.69,61.854,70.166,77.212,70.442,46.435
31,31,13.456,21.99,29.722,49.598,53.912,53.077,46.723,52.07,43.24,31,31,18.979,27.578,28.664,49.841,58.762,61.472,46.351,52.472,38.928,31,31,-2.6241,20.011,29.642,45.933,48.71,56.581,62.704,54.76,39.467
32,32,14.931,27.389,33.659,52.006,56.692,53.625,53.017,52.363,41.222,32,32,19.664,23.617,32.398,50.754,57.518,58.279,49.857,54.095,39.336,32,32,-2.9294,17.543,29.637,47.693,51.264,60.139,66.228,60.647,40.141
33,33,15.643,20.553,31.625,52.384,53.258,50.935,49.419,52.398,43.716,33,33,11.056,25.104,32.707,48.472,56.383,59.083,47.609,52.974,38.951,33,33,1.9236,15.977,25.093,46.244,52.332,59.488,65.068,58.495,40.215
34,34,17.317,24.643,33.541,47.82,51.944,47.684,46.057,51.314,41.148,34,34,21.843,13.758,27.91,46.454,55.241,51.236,44.91,50.272,38.501,34,34,5.7116,7.6103,28.171,43.522,50.751,58.066,60.114,54.48,39.597
35,35,16.573,27.308,32.27,44.646,50.463,48.899,46.953,51.323,43.406,35,35,22.016,18.939,32.7,46.954,53.913,52.416,45.446,52.425,38.903,35,35,4.9126,15.309,28.421,45.244,51.351,54.76,61.091,55.503,39.485
36,36,15.232,23.314,33.092,42.964,50.428,49.202,50.122,50.845,41.689,36,36,15.719,15.696,27.621,43.743,50.233,48.884,47.188,53.154,39.392,36,36,-1.8684,22.151,26.112,38.589,48.51,56.577,62.718,56.347,39.053
37,37,7.5204,20.716,29.177,49.911,51.671,48.211,48.405,52.599,44.339,37,37,14.976,23.93,28.511,40.39,52.046,52.296,46.998,52.313,38.992,37,37,-0.43993,22.771,26.25,44.056,51.247,58.483,63.498,56.688,39.697
38,38,6.3042,23.367,35.09,46.635,53.104,52.463,49.589,51.296,42.5,38,38,14.767,17.931,29.072,46.823,57.829,60.716,48.207,53.843,39.576,38,38,0.19991,21.808,33.124,39.458,51.886,61.012,64.53,57.52,40.903
39,39,6.3423,23.933,34.18,43.022,52.912,50.675,51.751,52.133,44.847,39,39,10.788,27.511,27.992,44.589,51.883,51.538,49.744,50.94,39.319,39,39,-3.776,23.833,32.098,36.151,49.453,61.481,65.87,58.938,42.022
40,40,6.037,27.606,31.918,44.508,53.56,51.479,50.293,52.342,41.306,40,40,7.6598,26.208,28.797,41.195,54.453,55.854,49.589,52.39,38.445,40,40,-4.3198,23.152,29.362,42.47,53.614,60.389,66.416,60.233,39.962
41,41,11.743,21.39,31.635,44.859,52.661,46.532,51.078,53.952,44.911,41,41,13.941,20.528,27.32,44.755,53.589,56.361,49.485,53.486,39.781,41,41,-2.7573,20.187,32.705,41.455,49.503,60.99,68.592,61.088,41.63
42,42,13.495,22.319,28.63,45.251,53.055,47.545,53.104,55.838,43.409,42,42,17.077,23.743,33.478,44.164,54.224,55.789,52.674,55.305,40.304,42,42,-4.9245,18.993,31.777,46.766,54.494,60.594,69.578,62.537,41.64
43,43,8.9677,21.994,31.448,44.808,49.615,48.132,55.056,55.757,44.671,43,43,14.483,21.362,31.676,41.919,49.619,51.079,51.732,56.167,40.61,43,43,-1.5142,19.645,33.611,44.266,52.595,62.397,70.83,62.114,42.78
44,44,14.408,24.44,34.943,41.82,50.852,52.564,54.939,57.688,45.553,44,44,17.236,23.35,33.287,43.406,50.677,53.824,52.376,55.852,40.019,44,44,1.4608,23.217,33.78,39.041,49.391,66.248,71.161,61.428,42.916
45,45,12.622,23.514,32.078,38.95,53.439,51.773,56.168,55.642,43.531,45,45,20.343,19.792,28.352,44.778,50.282,53.632,53.586,54.264,40.362,45,45,4.0791,20.39,34.305,41.457,49.686,62.683,70.253,65.056,43.076
46,46,11.395,24.461,28.14,43.871,53.434,53.781,56.758,55.662,43.85,46,46,22.507,16.414,25.681,43.022,53.773,57.034,53.353,54.856,39.687,46,46,3.9223,20.759,35.288,38.987,51.64,64.362,70.418,61.43,41.077
47,47,9.7034,19.819,28.895,40.746,50.398,51.249,55.603,55.672,42.29,47,47,17.521,15.876,31.037,41.576,51.507,52.187,52.254,55.125,40.067,47,47,1.1162,16.454,31.939,38.921,50.282,63.176,69.468,60.026,40.422
48,48,5.387,19.126,29.716,43.189,52.134,49.178,51.894,55.959,44.726,48,48,14.648,22.928,29.598,38.676,52.604,53.847,49.657,52.927,39.883,48,48,4.7468,21.833,32.546,40.626,50.601,62.293,68.504,59.985,42.027
49,49,8.7113,19.104,29.85,42.33,53.275,51.628,54.121,55.663,41.801,49,49,11.767,24.836,28.507,41.004,53.183,56.937,51.242,54.872,40.03,49,49,2.4982,19.539,33.597,38.95,53.495,64.593,69.933,61.86,40.804
50,50,11.813,21.257,30.172,40.631,56.57,54.99,52.946,53.635,43.652,50,50,16.551,26.41,28.64,39.474,56.184,60.313,51.58,54.649,39.707,50,50,1.3756,16.186,28.884,40.876,56.666,64.144,68.726,62.026,41.099
51,51,6.2854,23.641,31.382,42.141,56.983,55.444,52.759,52.57,41.175,51,51,10.477,19.5,27.638,43.414,60.815,63.952,50.903,53.097,39.252,51,51,6.6486,16.34,31.564,42.432,58.434,65.59,66.66,57.793,40.249
52,52,11.69,22.372,32.704,42.971,52.938,50.718,51.22,53.02,43.849,52,52,14.938,18.528,34.922,44.509,57.499,55.802,49.018,51.313,38.866,52,52,7.5458,24.029,28.427,42.39,56.279,61.404,65.674,58.857,39.994
53,53,11.516,24.594,32.96,41.261,49.976,48.249,51.678,53.254,41.714,53,53,12.281,20.635,32.053,43.137,56.214,56.042,47.883,52.47,39.018,53,53,-5.1803,19.873,32.015,39.832,53.087,61.568,65.298,56.512,38.988
54,54,19.531,25.271,27.879,45.457,52.018,52.091,49.84,51.405,43.047,54,54,22.183,27.76,34.895,43.056,51.814,52.278,48.517,52.382,38.746,54,54,8.9498,22.247,29.606,38.423,50.648,60.572,66.738,58.313,39.642
55,55,21.328,20.379,33.955,40.158,47.871,46.138,50.214,51.282,43.609,55,55,25.52,23.744,29.631,42.948,50.906,48.078,47.563,52.021,39.586,55,55,9.6659,24.474,30.822,42.146,49.51,57.149,66.115,57.396,41.907
56,56,11.922,20.33,32.49,44.267,51.536,46.523,49.416,52.22,43.344,56,56,16.046,27.331,27.509,41.636,51.236,49.712,47.483,53.597,38.991,56,56,0.2328,24.919,32.7,38.669,49.812,57.875,63.533,55.743,38.964
57,57,17.896,16.076,31.079,44.713,48.956,46.242,46.699,53.209,41.357,57,57,25.025,24.246,30.544,43.068,52.321,50.858,46.57,52.133,38.894,57,57,2.6249,27.123,35.362,40.555,47.535,54.522,61.858,56.125,38.666
58,58,20.02,23.628,33.312,41.847,50.711,47.744,49.016,52.891,44.184,58,58,24.831,19.062,29.01,41.465,51.244,48.433,46.927,52.709,39.377,58,58,3.3735,25.695,35.575,37.547,49.665,56.984,64.006,56.453,39.453
59,59,18.37,26.649,33.365,41.211,49.214,46.064,50.667,55.088,43.073,59,59,22.699,16.156,22.995,44.338,53.974,52.323,45.987,53.231,39.79,59,59,-0.36385,19.53,35.398,36.833,50,57.515,68.001,60.944,40.997
60,60,15.119,24.991,33.607,41.454,49.173,45.296,49.796,52.89,44.148,60,60,19.513,19.804,27.704,40.824,49.904,50.414,45.944,51.687,39.815,60,60,4.4561,22.021,34.818,37.701,48.007,57.931,64.521,56.84,40.513
61,61,14.355,26.466,29.089,44.765,48.491,44.808,50.377,52.439,41.23,61,61,19.51,16.958,32.499,44.633,47.955,49.076,46.714,51.534,38.803,61,61,-0.37666,25.463,27.691,43.492,48.229,58.558,66.847,59.76,40.264
62,62,13.078,18.538,28.467,47.616,51.038,47.553,48.076,52.609,43.826,62,62,13.861,25.027,32.357,45.665,51.419,49.492,45.378,50.099,39.091,62,62,-1.4575,23.733,30.69,45.387,47.355,58.32,64.099,55.087,39.664
63,63,8.1057,21.454,29.266,41.685,48.633,44.74,48.001,52.981,41.189,63,63,16.209,21.161,29.858,44.54,50.134,49.531,45.906,52.992,38.797,63,63,3.5023,21.128,26.402,35.476,48.879,56.4,64.505,56.52,39.027
64,64,7.6667,22.2,31.767,40.775,47.692,45.722,48.722,52.602,43.546,64,64,17.287,21.882,30.962,42.077,49.094,48.805,46.082,51.091,38.74,64,64,0.48398,17.816,28.243,37.265,45.879,56.626,62.831,54.454,38.6
65,65,14.712,22.649,28.628,40.751,46.133,45.031,49.952,50.564,41.064,65,65,10.896,16.332,30.952,41.491,47.607,46.763,46.738,53.312,38.47,65,65,-2.4925,15.177,31.326,37.177,47.065,55.883,63.449,55.588,38.511
66,66,17.23,19.556,26.705,46.581,48.179,41.328,49.075,51.279,43.39,66,66,15.377,31.625,29.44,47.075,49.956,50.967,46.631,51.963,38.977,66,66,-2.8073,22.215,36.013,48.239,48.706,56.567,64.3,57.465,39.092
67,67,14.5,19.763,31.923,42.842,44.988,43.786,48.354,52.247,40.815,67,67,19.558,24.061,30.88,44.951,51.2,51.297,45.998,52.454,39.014,67,67,0.511,25.162,37.971,44.572,51.678,57.461,63.724,55.844,38.496
68,68,11.556,15.187,31.733,44.96,52.743,49.079,48.921,51.316,43.853,68,68,19.47,23.836,31.344,42.877,55.846,53.625,46.834,51.83,38.756,68,68,0.67543,16.619,33.954,40.649,57.731,58.503,64.12,55.985,39.995
69,69,8.1068,24.425,25.633,40.989,50.632,46.303,50.148,52.321,41.354,69,69,15.117,21.512,31.849,42.144,52.54,50.092,45.806,52.387,38.447,69,69,0.96395,15.919,27.039,41.605,52.761,58.664,66.13,59.022,38.993
70,70,14.319,24.823,27.816,41.119,52.87,53.942,50.926,53.323,43.535,70,70,19.715,17.899,29.306,40.269,56.99,61.808,47.942,53.226,39.016,70,70,-1.9803,22.357,30.385,37.134,51.732,58.654,67.542,58.978,40.331
71,71,10.713,24.322,32.472,41.024,51.969,50.693,52.171,53.588,42.129,71,71,20.195,22.766,34.315,40.258,54.919,59.229,50.408,54.722,38.917,71,71,-3.906,24.789,28.922,38.936,55.033,60.84,70.758,64.278,41.059
72,72,13.163,26.295,29.784,41.626,58.28,55.017,49.943,52.005,42.776,72,72,16.174,22.368,32.014,43.705,63.682,65.307,49.939,51.64,38.747,72,72,-1.8596,24.076,29.181,40.128,60.348,62.009,62.226,53.278,38.605
73,73,14.361,24.995,31.553,43.513,59.801,56.767,52.008,55.453,40.695,73,73,17.699,18.691,26.011,42.093,63.357,60.763,51.528,57.303,40.315,73,73,-1.4749,28.982,33.334,40.981,61.493,60.155,69.605,63.721,41.213
74,74,6.8206,22.289,28.839,44.073,53.338,51.157,51.182,54.173,42.856,74,74,16.281,21.74,29.085,42.252,56.785,54.962,47.895,52.483,38.106,74,74,-3.3844,22.942,37.105,40.743,54.13,62.142,66.723,58.683,39.727
75,75,8.5848,26.211,31.735,40.401,53.764,50.276,47.446,51.35,39.588,75,75,9.4152,18.67,29.436,37.856,50.61,51.267,45.861,52.474,37.97,75,75,1.1823,23.403,32.813,37.364,51.103,58.192,64.243,55.512,38.477
76,76,5.321,14.647,29.545,39.879,52.779,48.412,50.646,52.912,42.804,76,76,10.706,19.285,31.759,40.156,53.306,50.03,47.4,51.398,38.242,76,76,-0.14636,25.327,30.264,40.45,53.292,56.822,66.703,59.795,40.145
77,77,7.779,14.282,29.681,41.252,48.705,46.65,46.716,50.31,39.9,77,77,5.6889,24.657,29.635,41.444,51.317,48.626,45.021,52.684,38.049,77,77,-0.012188,22.891,27.763,42.01,53.84,58.409,63.476,55.256,38.987
78,78,11.38,18.317,28.589,40.07,52.304,50.638,46.87,52.352,43.075,78,78,9.269,19.77,29.268,41.532,56.106,51.448,44.379,50.299,37.998,78,78,5.0781,18.611,30.57,39.602,53.707,57.173,61.014,54.22,39.184
79,79,8.2612,19.652,23.842,38.272,57.721,55.655,57.756,57.202,41.543,79,79,10.628,22.409,27.304,41.561,58.143,56.405,53.85,52.846,38.757,79,79,3.0336,19.092,32.6,40.746,55.767,61.917,72.045,60.96,41.45
80,80,12.102,20.262,28.745,41.359,60.253,56.758,60.909,62.129,45.186,80,80,15.982,19.457,25.282,42.974,59.684,54.164,58.871,56.781,40.718,80,80,-1.998,18.181,28.812,39.143,58.554,70.585,74.769,64.541,43.158
81,81,10.515,19.784,30.895,42.456,58.956,53.766,56.846,58.593,42.197,81,81,14.653,18.661,32.152,40.177,54.612,55.088,53.101,54.621,38.765,81,81,-1.2448,25.077,32.716,38.488,56.121,64.439,68.94,60.07,40.927
82,82,12.441,17.525,29.38,40.523,57.304,53.962,49.879,55.352,43.519,82,82,17.432,13.898,29.27,39.112,52.818,54.653,49.556,54.446,39.477,82,82,4.0465,19.678,29.957,37.65,56.483,63.124,63.614,55.732,39.323
83,83,4.3089,22.779,32.03,37.337,54.987,54.402,53.843,55.006,41.309,83,83,8.2017,16.466,28.145,40.489,57.686,59.479,52.163,55.737,39.385,83,83,2.5648,24.738,36.816,35.008,53.755,62.455,70.136,61.877,40.886
84,84,6.7272,21.868,31.002,39.984,55.16,51.935,54.381,56.418,43.394,84,84,3.4558,18.356,30.603,38.173,57.087,58.187,48.181,54.513,39.741,84,84,-6.2103,22.27,32.818,39.568,53.094,62.718,70.175,64.341,41.989
85,85,11.515,17.948,30.959,38.894,55.309,53.204,53.986,55.736,41.416,85,85,6.5034,16.536,30.226,39.427,53.347,52.489,47.585,56.513,39.815,85,85,-9.6126,22.08,29.772,40.84,53.198,62.11,70.646,63.05,41.025
86,86,3.7982,18.152,27.821,38.385,47.601,45.869,47.505,49.361,39.948,86,86,6.6794,21.786,31.28,38.574,50.293,51.097,44.569,53.204,38.619,86,86,-5.632,19.111,31.711,39.268,51.546,58.392,63.495,57.628,39.029
87,87,3.4997,22.794,32.647,42.765,52.03,48.856,49.776,50.762,42.29,87,87,11.049,23.869,34.905,42.248,52.569,53.327,48.494,55.56,39.547,87,87,-7.8609,20.632,34.154,42.074,53.25,58.271,64.515,58.534,39.308
88,88,1.762,19.006,30.788,43.803,51.101,49.884,51.959,52.759,40.345,88,88,6.8085,17.241,31.982,42.329,53.601,55.143,47.163,51.222,37.672,88,88,2.3547,17.597,35.801,41.714,50.132,60.405,69.06,60.97,40.482
89,89,8.0675,25.311,28.326,36.566,51.964,49.045,47.284,50.83,42.137,89,89,12.543,20.38,31.628,42.354,55.232,51.963,46.861,51.956,38.695,89,89,-0.7152,17.691,31.854,38.155,52.119,58.913,63.588,57.123,38.987
90,90,2.8567,23.739,32.601,40.347,47.643,46.712,49.129,52.06,40.843,90,90,8.4354,21.832,31.201,38.497,51.057,50.549,46.618,52.797,38.841,90,90,6.3572,15.758,35.617,37.305,51.692,57.848,64.683,59.033,39.372
91,91,1.7275,23.097,27.944,41.013,50.76,48.04,49.924,51.909,42.624,91,91,8.2754,22.926,31.179,40.519,52.844,51.923,47.114,52.594,38.835,91,91,-1.2522,19.936,37.073,38.752,49.518,58.886,63.327,56.987,38.773
92,92,6.3776,20.416,31.061,41.758,48.294,46.127,48.566,50.289,39.683,92,92,10.877,22.214,33.279,43.094,51.732,49.347,46.528,51.883,37.655,92,92,1.8864,18.351,33.429,40.955,51.503,58.253,66.743,60.95,39.703
93,93,10.349,20.317,35.325,40.701,52.684,48.128,47.818,52.126,42.999,93,93,13.692,19.794,31.553,38.965,47.904,47.751,46.996,54.632,38.932,93,93,-0.18688,21.096,31.014,38.884,49.955,60.434,64.871,57.871,39.553
94,94,10.919,18.882,31.933,36.703,51.888,50.324,48.313,52.147,39.699,94,94,10.851,21.281,33.002,39.514,49.702,53.586,47.444,54.197,38.52,94,94,-4.3742,12.763,34.112,34.004,51.125,59.862,65.719,59.426,39.074
95,95,5.6097,21.516,33.258,39.204,51.263,49.422,51.003,53.173,42.727,95,95,12.229,27.021,32.097,38.181,49.184,49.962,50.345,55.088,39.338,95,95,-3.8925,17.366,30.343,36.364,49.555,60.357,67.524,61.645,40.225
96,96,9.6852,21.98,36.119,38.546,49.546,48.687,48.978,52.376,40.911,96,96,2.8795,17.005,35.436,40.642,48.641,51.035,45.741,53.296,38.914,96,96,1.5265,15.893,32.755,36.108,50.668,57.009,63.882,56.546,38.863
97,97,3.2547,21.384,31.763,42.545,49.591,46.421,51.496,52.3,42.757,97,97,11.948,23.687,32.052,38.412,51.11,53.85,48.201,54.848,39.44,97,97,-3.0548,14.989,28.913,38.206,50.109,57.654,67.602,61.954,40.217
98,98,13.883,23.465,31.631,46.011,52.673,50.372,50.146,54.795,41.052,98,98,6.6139,24.99,30.049,46.271,53.702,54.914,47.463,55.482,40.049,98,98,-4.6748,18.314,32.078,37.848,49.75,55.263,65.092,59.739,39.731
99,99,17.647,26.099,30.113,51.299,51.623,45.675,50.748,53.666,42.932,99,99,11.85,18.793,34.121,48.549,53.124,55.085,48.448,54.219,38.933,99,99,-1.7701,20.791,34.141,38.921,48.337,59.127,65.446,60.627,40.186
100,100,8.4186,28.561,34.149,46.192,48.686,42.749,48.528,52.057,41.399,100,100,16.555,23.338,33.724,43.591,49.985,51.534,47.751,53.656,39.132,100,100,3.7091,21.519,34.906,36.172,46.411,55.168,64.14,57.956,40.02
101,101,16.613,25.439,27.556,40.995,46.084,45.035,52.017,56.562,44.313,101,101,17.575,20.591,33.797,51.123,52.122,48.855,46.936,54.182,39.443,101,101,2.4258,18.391,30.797,39.578,50.08,56.13,68.244,61.509,41.855
102,102,18.419,28.969,35.674,46.993,53.144,49.256,52.28,53.74,42.291,102,102,13.886,21.979,29.795,51.937,54.693,51.244,48.129,55.971,40.329,102,102,3.3738,22.861,30.155,37.794,48.515,58.35,69.632,62.101,41.896
103,103,12.194,23.234,41.474,55.118,56.441,50.685,51.208,54.691,44.194,103,103,19.952,27.66,38.093,56.66,57.174,55.466,47.259,54.299,40.747,103,103,3.0318,24.523,32.262,39.878,46.813,56.597,65.492,58.085,43.817
104,104,18.097,23.54,29.191,48.722,51.648,47.519,51.078,51.44,40.695,104,104,23.201,24.503,31.755,46.743,53.431,53.653,47.643,54.454,38.709,104,104,3.5491,20.584,31.91,41.459,50.127,57.403,66.225,59.785,39.138
105,105,15.384,27.657,31.837,50.283,50.106,46.649,47.794,50.775,43.098,105,105,18.227,21.698,33.803,44.122,51.557,53.275,46.733,51.535,37.761,105,105,8.1733,18.491,30.427,38.226,47.989,57.986,63.783,57.214,38.877
106,106,20.586,29.423,30.321,42.147,50.004,42.645,49.773,55.785,40.939,106,106,24.452,21.348,32.005,38.674,51.439,53.279,47.848,54.334,38.582,106,106,8.454,12.448,26.358,38.025,48.642,57.231,65.218,58.617,39.623
107,107,15.859,22.12,31.984,45.304,50.841,47.359,49.145,54.625,43.685,107,107,17.801,22.839,29.092,44.492,49.979,48.496,47.303,52.71,39.163,107,107,1.8998,17.615,27.415,39.847,50.895,57.348,65.438,58.166,39.981
108,108,12.586,19.379,29.227,46.633,49.543,46.725,49.868,53.545,41.124,108,108,12.753,23.635,31.088,42.155,50.35,51.482,48.146,54.697,39.357,108,108,-4.6997,20.579,27.204,36.194,48.2,57.366,67.54,61.25,40.239
109,109,15.516,24.124,29.096,36.525,48.157,46.566,49.466,52.818,43.2,109,109,10.494,24.032,25.157,43.796,49.904,53.235,47.197,53.724,38.457,109,109,5.2112,23.194,31.111,36.59,45.753,57.546,65.756,58.384,39.619
110,110,10.329,19.587,26.077,40.269,50.085,47.711,49.448,52.61,41.179,110,110,18.385,25.689,29.77,36.171,49.83,53.054,46.598,51.936,39.164,110,110,2.2014,17.289,30.097,36.8,46.525,57.631,65.776,59.868,39.925
111,111,8.8183,17.479,28.381,38.06,46.586,43.811,49.295,51.338,42.879,111,111,21.193,19.991,29.349,35.531,47.402,47.685,45.613,52.746,38.641,111,111,2.4782,20.151,31.259,35.159,44.506,57.07,64.348,56.489,38.987
112,112,9.8054,19.897,25.882,37.024,47.834,46.39,51.2,54.931,46.169,112,112,19.543,20.006,34.44,37.113,49.537,49.123,47.756,54.771,42.488,112,112,2.8638,16.819,29.678,37.603,47.349,59.827,68.51,62.35,45.028
113,113,10.152,20.724,29.458,39.983,48.328,46.347,47.275,53.579,43.086,113,113,15.846,15.236,36.036,40.783,53.023,55.616,46.477,54.026,39.571,113,113,4.2897,20.187,28.18,36.846,49.268,59.517,62.33,57.011,39.678
114,114,6.9732,21.068,29.666,45.953,52.984,49.067,49.648,54.36,40.377,114,114,18.687,24.71,33.144,43.172,53.048,53.021,46.865,56.34,40.691,114,114,1.4129,18.484,31.203,37.502,49.621,55.514,64.925,58.543,39.236
115,115,5.8403,20.851,31.448,46.665,51.514,48.818,51.075,56.965,43.755,115,115,14.732,21.057,30.88,42.598,50.547,48.824,47.364,56.695,41.177,115,115,5.6178,19.814,34.516,40.66,49.096,57.137,65.636,58.577,40.342
116,116,14.356,25.69,33.278,46.381,50.089,47.25,48.282,60.263,44.69,116,116,10.585,22.116,30.179,47.372,54.022,54.075,46.725,61.412,45.054,116,116,1.4638,13.829,30.878,39.967,48.564,58.392,64.493,60.046,41.089
117,117,16.101,23.328,30.715,43.27,51.435,49.467,47.954,59.254,45.095,117,117,2.4443,18.27,31.03,44.434,51.992,51.508,46.411,55.261,40.125,117,117,6.314,18.951,33.24,40.167,49.267,58.904,64.269,59.896,40.624
118,118,8.2124,21.892,36.354,45.403,52.805,51.947,53.466,68.439,51.692,118,118,5.9454,23.553,31.04,43.327,54.24,56.523,47.93,60.469,44.789,118,118,-0.85562,25.176,32.249,42.794,52.341,60.961,67.572,63.717,44.768
119,119,7.2769,25.479,32.872,42.503,50.852,49.94,54.769,71.241,53.995,119,119,10.101,23.925,36.394,42.291,51.726,51.184,49.608,64.395,47.605,119,119,6.4901,28.596,34.961,41.603,49.636,59.534,68.04,65.938,46.819
120,120,7.5048,18.025,29.286,39.16,51.698,52.636,57.681,71.403,54.022,120,120,16.667,30.115,33.288,44.778,54.086,56.71,52.712,63.954,45.967,120,120,5.6941,25.576,34.41,42.412,51.999,65.097,73.499,68.568,47.958
121,121,-1.5854,26.526,33.675,40.272,51.405,48.962,53.39,66.021,50.18,121,121,12.808,25.904,29.808,45.223,53.447,54.294,52.172,61.156,47.077,121,121,2.4788,19.488,31.505,40.354,52.036,58.024,68.177,65.365,46.171
122,122,9.7332,23.975,32.374,37.877,56.702,56.077,52.805,62.124,46.942,122,122,6.9741,22.217,35.237,41.021,55.156,57.327,52.003,62.423,48.13,122,122,4.5146,15.841,30.635,39.862,52.046,59.257,68.375,63.296,44.085
123,123,10.806,28.025,31.755,39.541,51.966,51.452,49.403,57.263,44.915,123,123,11.362,17.953,30.84,43.602,55.901,58.431,47.565,60.31,44.274,123,123,4.7681,23.123,29.415,39.69,53.864,57.488,64.732,59.694,40.911
124,124,4.3243,24.343,31.77,36.913,55.847,53.142,51.69,60.983,44.585,124,124,17.982,14.106,29.596,44.768,58.372,58.12,50.414,60.248,43.085,124,124,5.03,19.831,30.962,37.436,54.633,59.01,67.987,63.221,41.837
125,125,12.026,22.218,31.535,40.438,55.995,51.712,50.281,60.135,45.578,125,125,14.103,25.149,30.679,44.037,55.848,56.128,48.184,56.68,42.483,125,125,4.6825,23.893,34.314,37.54,53.132,58.179,64.731,59.123,40.873
126,126,12.695,25.255,30.523,42.864,55.545,53.251,53.667,67.616,50.178,126,126,13.081,28.397,32.714,44.5,57.533,59.088,50.227,62.369,47.261,126,126,2.8406,14.874,32.82,40.449,58.636,59.469,67.323,63.791,44.664
127,127,15.562,28.684,31.522,43.25,58.196,56.849,58.955,75.798,58.381,127,127,16.907,26.634,36.027,44.666,58.151,58.61,54.86,71.272,54.142,127,127,3.3421,22.733,32.407,42.647,57.179,62.188,72.636,71.406,52.048
128,128,9.7013,23.537,31.88,45.793,60.734,58.436,61.03,78.386,62.002,128,128,21.883,22.37,34.861,45.366,59.409,60.103,52.425,69.057,54.798,128,128,8.3936,22.898,33.661,42.138,57.72,63.356,75.043,72.785,54.816
129,129,15.6,24.698,29.531,45.745,55.78,55.155,61.087,77.856,61.875,129,129,16.299,28.767,34.687,44.737,58.042,60.198,54.004,66.228,50.568,129,129,9.065,23.345,35.35,43.693,59.248,61.636,74.629,72.82,54.669
130,130,16.955,23.236,28.598,43.396,58.629,55.937,55.18,75.169,55.543,130,130,19.57,25.142,31.478,43.88,60.847,60.947,51.27,64.795,52.646,130,130,3.0618,24.884,33.107,42.654,57.26,62.134,66.803,67.833,49.766
131,131,12.9,21.023,29.918,41.805,59.883,57.91,55.7,73.13,55.611,131,131,21.176,23.995,30.865,45.372,62.557,62.318,53.694,63.514,49.451,131,131,4.1665,21.898,26.574,42.52,58.665,60.529,70.16,69.472,50.255
132,132,18.197,25.361,24.394,41.068,55.18,51.072,56.249,71.429,54.481,132,132,16.066,18.552,31.376,42.165,57.779,55.159,54.659,66.581,53.532,132,132,2.5002,21.542,33.414,41.572,58.264,61.134,73.178,70.321,49.396
133,133,15.119,23.822,31.034,40.212,55.117,49.86,56.295,68.678,51.884,133,133,19.011,23.843,31.989,42.766,60.933,56.54,53.706,68.656,53.676,133,133,3.6123,17.617,31.909,42.153,59.233,60.213,74.565,68.122,47.819
134,134,15.238,20.572,31.611,40.261,56.182,52.257,52.433,68.58,52.974,134,134,14.35,17.292,27.685,42.248,59.143,56.386,51.42,63.664,52.088,134,134,-8.752,19.009,29.688,41.249,58.974,62.053,70.134,64.762,47.197
135,135,13.731,21.079,26.229,41.688,56.348,54.674,58.43,70.68,51.829,135,135,15.444,22.731,32.802,48.888,63.071,60.522,55.488,65.563,51.787,135,135,-3.322,20.333,25.053,46.763,59.795,60.114,75.5,68.547,47.615
136,136,6.8259,16.447,28.86,39.742,53.716,50.243,50.329,54.389,44.751,136,136,15.994,23.859,29.671,50.101,62.866,55.309,48.623,57.801,42.839,136,136,1.1743,21.347,28.316,46.826,60.159,59.772,63.543,55.345,39.479
137,137,14.628,21.46,37.649,50.576,56.53,53.566,49.291,54.044,42.064,137,137,16.814,25.093,39.818,49.434,58.544,56.137,48.916,55.295,41.474,137,137,7.3182,15.891,30.91,45.424,56.537,59.369,60.513,53.776,38.522
138,138,18.881,32.889,26.9,47.625,54.14,51.787,54.218,60.882,46.835,138,138,23.728,26.526,31.732,46.222,58.56,60.123,52.967,59.142,44.402,138,138,2.5874,18.909,30.378,42.023,54.529,62.939,69.81,60.716,42.82
139,139,14.992,22.278,27.765,44.685,58.251,59.643,55.195,56.544,43.578,139,139,23.001,22.342,36.458,46.105,60.708,63.741,59.271,57.778,42.653,139,139,3.2669,16.22,28.014,37.867,56.716,64.775,72.583,59.269,41.992
140,140,17.188,27.478,30.087,47.535,59.36,58.814,59.838,53.927,43.3,140,140,15.429,23.876,32.498,48.204,61.705,64.593,59.934,55.149,40.492,140,140,-1.4139,10.882,31.526,41.995,57.784,65.786,74.313,59.422,40.939
141,141,15.66,29.955,38.036,54.37,66.107,65.625,61.545,57.431,43.929,141,141,20.697,25.374,39.655,59.791,67.073,68.698,61.323,53.381,40.348,141,141,-1.4927,16.845,31.871,42.304,61.951,70.919,74.881,60.159,42.029
142,142,18.997,31.958,33.558,46.698,61.237,61.806,61.808,56.937,44.35,142,142,17.956,28.057,34.823,50.55,66.179,69.625,62.036,54.198,40.629,142,142,2.8446,21.337,28.173,44.073,61.291,71.471,75.127,60.843,41.87
143,143,17.613,27.954,35.657,54.156,58.908,59.074,58.341,53.326,42.207,143,143,19.82,28.698,35.664,52.551,63.215,66.097,60.01,53.563,40.512,143,143,3.5766,22.6,29.645,42.62,61.194,68.027,71.488,58.547,41.19
144,144,12.685,24.721,31.282,44.267,58.904,59.027,57.363,54.47,43.719,144,144,9.8894,18.791,33.245,50.511,62.697,62.378,59.152,52.565,40.11,144,144,2.1162,20.551,28.875,41.469,59.499,69.126,70.714,59.349,40.904
145,145,6.3232,24.01,31.045,48.542,56.886,56.789,56.385,53.363,40.995,145,145,9.0477,22.095,35.61,46.545,61.247,65.392,53.836,50.993,39.395,145,145,5.0493,13.968,30.483,42.896,58.268,63.161,68.604,57.697,39.908
146,146,9.5118,22.584,32.631,47.963,58.153,56.911,59.097,56.597,43.568,146,146,10.838,21.455,30.154,50.371,59.19,59.81,57.827,53.542,38.927,146,146,-0.3516,17.641,31.42,40.795,57.643,63.466,71.009,60.856,40.859
147,147,18.27,21.563,33.88,42.556,58.755,58.562,65.677,62.538,44.862,147,147,13.446,22.737,32.634,46.5,59.706,62.259,64.083,60.019,42.463,147,147,-13.182,21.559,29.128,40.196,60.904,71.11,79.183,68.439,45.751
148,148,15.903,20.981,29.936,38.029,56.986,57.363,67.74,67.358,49.016,148,148,17.26,22.05,30.135,44.509,62.357,61.57,69.479,61.815,45.678,148,148,-5.017,21.721,29.341,39.675,60.24,68.794,81.411,72.219,48.47
149,149,16.796,19.431,32.289,47.184,66.525,65.123,71.05,69.256,49.399,149,149,13.398,24.134,33.491,45.242,66.373,64.531,70.468,63.693,46.667,149,149,-6.1132,16.345,29.291,43.898,62.884,69.94,84.167,73.098,49.687
150,150,15.882,23.841,38.255,49.635,69.274,68.331,73.429,68.751,50.089,150,150,7.554,27.041,35.412,51.808,65.118,65.533,69.546,65.102,46.81,150,150,1.2277,24.057,34.958,45.931,64.132,73.898,85.109,73.615,50.523
151,151,13.909,22.961,31.64,51.345,68.5,67.689,75.395,71.471,50.828,151,151,9.7261,24.794,29.09,56.333,67.681,66.516,73.579,67.092,47.602,151,151,5.7644,21.827,29.245,45.633,62.415,76.383,91.304,78.757,55.523
152,152,12.753,19.757,32.891,47.249,71.229,70.974,77.568,71.627,51.572,152,152,15.906,26.26,31.423,51.882,68.957,70.485,75.331,67.031,47.899,152,152,6.2419,22.673,26.387,42.174,62.135,79.211,92.452,79.796,56.716
153,153,9.1925,23.584,33.703,47.259,70.125,72.71,78.954,73.681,52.052,153,153,14.419,26.972,33.897,46.329,66.601,68.976,74.925,67.98,47.278,153,153,-3.483,19.626,27.114,43.274,63.361,83.946,93.752,80.897,57.66
154,154,18.495,20.974,31.965,44.116,67.541,70.544,76.957,70.54,49.403,154,154,15.47,26.555,29.681,46.29,63.015,67.186,73.568,66.175,46.729,154,154,2.149,14.927,26.94,40.907,60.625,82.114,91.698,78.851,55.556
155,155,20.69,17.412,30.035,42.812,59.71,67.595,75.398,71.497,50.025,155,155,13.187,25.937,34.392,42.115,59.932,64.403,70.681,63.663,44.826,155,155,8.0783,19.856,31.525,42.202,57.388,81.505,88.558,74.717,51.529
156,156,10.069,22.642,28.981,45.008,67.448,68.572,72.16,66.232,46.914,156,156,12.485,23.966,33.862,42.884,73.601,76.72,68.338,61.924,43.076,156,156,7.0737,22.316,33.995,41.51,67.041,78.651,86.696,69.22,47.026
157,157,7.0766,22.541,29.072,43.353,59.532,65.622,69.868,63.183,44.776,157,157,16.936,20.747,32.497,42.071,63.81,68.871,65.629,59.824,41.605,157,157,3.9126,25.905,29.952,40.075,59.162,76.779,82.349,67.517,45.293
158,158,11.785,22.37,30.979,40.945,57.546,61.708,62.318,59.79,44.601,158,158,17.375,16.838,31.578,43.64,61.486,66.314,59.658,57.603,40.679,158,158,-1.0359,20.266,32.541,35.073,59.281,76.14,77.604,63.801,43.232
159,159,12.089,16.018,27.952,38.798,55.658,59.628,64.161,59.744,43.403,159,159,15.308,20.75,32.224,43.945,60.97,64.779,60.033,58.632,40.57,159,159,0.96844,21.751,31.37,38.38,57.352,75.424,79.76,66.113,44.846
160,160,0.90811,21.739,31.004,39.341,55.108,55.074,56.06,57.401,43.378,160,160,11.379,19.45,32.248,43.371,58.256,61.429,53.483,54.515,39.422,160,160,1.8644,17.84,31.246,39.771,56.593,69.808,72.353,60.888,41.012
161,161,2.4622,20.309,27.148,39.614,54.47,50.901,53.011,56.34,41.585,161,161,9.0632,20.125,31.683,42.295,58.733,59.225,53.599,53.035,38.456,161,161,7.2862,20.145,30.348,34.98,53.602,62.357,67.379,57.216,39.372
162,162,8.4037,22.197,27.616,37.999,53.546,55.488,58.314,52.887,43.213,162,162,8.9572,29.495,29.663,39.715,56.663,58.201,54.938,51.41,38.221,162,162,-0.92716,19.156,24.799,36.18,54.079,72.28,73.554,54.737,39.71
163,163,11.159,18.43,31.847,37.912,56.676,54.854,50.752,53.378,41.211,163,163,18.908,24.723,28.871,42.507,59.995,62.58,50.485,53.31,39.371,163,163,9.3446,16.831,33.727,38.835,55.791,66.013,66.169,53.516,39.362
164,164,14.983,19.714,29.031,39.805,52.485,51.037,45.939,50.399,42.894,164,164,17.989,24.282,27.881,40.88,56.402,58.651,46.431,50.962,38.695,164,164,7.1388,19.46,30.49,41.679,51.873,57.683,59.288,48.51,38.923
165,165,7.1284,20.807,21.974,40.825,51.471,49.316,48.891,49.417,40.547,165,165,7.1288,17.577,28.686,40.59,54.086,55.878,49.566,52.553,38.161,165,165,3.366,15.589,30.762,35.785,48.572,58.058,59.757,49.558,39.061
166,166,7.3724,21.06,30.103,39.344,53.444,57.213,55.112,50.891,43.545,166,166,10.802,21.334,28.103,43.32,62.825,64.574,55.202,51.289,39.05,166,166,-5.3707,14.916,31.993,40.279,58.178,64.419,62.864,49.98,39.299
167,167,12.824,20.826,31.428,40.664,53.56,54.328,49.83,49.252,40.691,167,167,12.52,24.038,28.757,43.016,59.283,63.267,49.686,49.736,37.716,167,167,-3.3529,17.552,28.04,39.413,56.909,61.848,59.311,47.78,38.392
168,168,7.8813,22.526,30.739,44.359,58.142,56.897,51.61,51.24,43.059,168,168,10.781,20.581,29.876,46.343,59.084,59.226,52.108,52.814,38.671,168,168,3.617,18.034,25.247,43.11,58.802,63.258,63.818,52.128,39.173
169,169,12.049,19.182,30.173,46.001,61.767,61.889,57.878,52.498,41.376,169,169,14.834,20.57,29.654,47.324,61.474,63.014,54.942,52.987,38.915,169,169,-0.80465,20.567,24.643,42.544,55.776,68.453,69.103,55.37,39.701
170,170,11.386,20.502,33.378,47.614,63.512,63.116,60.262,55.082,44.321,170,170,10.995,15.092,34.395,49.82,65.951,66.818,56.765,53.585,39.365,170,170,-3.9325,19.803,30.143,46.643,61.612,71.252,73.774,61.879,42.543
171,171,8.7115,18.742,32.232,52.725,62.079,62.02,59.452,52.662,41.502,171,171,12.838,19.492,34.381,49.238,63.183,65.22,55.986,53.17,38.932,171,171,3.9098,19.605,29.034,44.717,59.693,72.206,70.936,55.947,40.173
172,172,4.6155,20.212,32.123,52.876,63.296,62.924,59.826,53.997,42.829,172,172,13.163,25.154,30.826,53.281,64.43,64.197,58.784,55.306,40.723,172,172,1.582,20.084,30.365,47.734,62.213,73.281,72.231,56.96,41.176
173,173,7.0476,21.331,29.4,51.04,64.245,63.116,62.507,55.683,43.913,173,173,8.3555,18.529,27.96,51.686,67.746,71.155,60.424,55.79,40.403,173,173,2.6788,22.576,32.3,47.176,59.747,72.409,70.666,55.893,41.37
174,174,7.5755,22.606,29.966,50.289,62.059,64.953,66.308,56.629,42.452,174,174,9.5361,23.503,33.818,52.204,66.219,68.731,64.275,55.725,39.742,174,174,1.0753,22.326,31.073,48.91,64.359,72.321,77.086,60.394,42.047
175,175,7.1081,19.4,26.535,52.034,63.874,63.966,65.242,56.724,44.705,175,175,11.961,27.046,28.018,48.386,65.312,68.664,63.401,56.931,41.008,175,175,4.7215,22.994,31.29,44.276,60.029,70.028,77.512,61.627,42.733
176,176,0.43446,14.025,26.96,50.285,62.719,63.528,64.218,57.641,43.294,176,176,21.944,24.435,29.109,44.205,66.973,69.296,64.362,56.664,39.859,176,176,7.9735,18.839,34.13,47.15,60.857,72.066,77.967,67.391,45.239
177,177,4.2477,16.027,31.845,44.304,60.341,60.238,62.848,60.334,45.341,177,177,18.143,24.371,32.886,49.218,60.469,61.983,62.911,57.719,40.661,177,177,7.6996,22.486,36.446,44.825,57.7,69.643,77.218,67.282,44.861
178,178,12.078,28.266,37.042,46.366,58.896,58.753,66.182,63.572,44.72,178,178,17.918,24.346,34.003,46.645,63.441,66.239,66.206,61.579,41.915,178,178,0.46426,20.303,32.217,45.996,60.276,72.616,79.941,69.878,46.736
179,179,15.007,27.292,34.716,44.721,63.548,62.603,69.899,69.164,49.173,179,179,7.0684,26.728,34.378,49.071,65.455,67.761,68.994,64.873,43.765,179,179,3.2685,15.77,33.52,42.342,63.182,76.036,84.61,73.635,49.832
180,180,17.508,30.187,34.718,52.707,64.831,63.955,72.738,69.525,49.221,180,180,21.286,28.85,32.73,46.678,65.274,66.536,71.108,67.116,45.623,180,180,0.61283,24.16,30.546,44.081,62.569,76.514,87.51,76.429,53.015
181,181,13.912,21.518,29.64,46.602,65.813,67.962,74.757,74.477,51.914,181,181,22.44,21.757,29.555,43.065,64.961,69.099,72.062,69.149,47.517,181,181,8.5685,11.51,25.884,41.277,64.648,76.902,88.467,78.481,54.408
182,182,15.289,26.115,31.178,50.527,67.857,70.514,76.83,71.273,49.591,182,182,13.928,14.307,27.36,48.623,65.918,68.935,73.724,67.642,46.333,182,182,0.89656,17.576,30.485,42.295,62.382,78.231,91.091,80.259,56.509
183,183,7.8614,25.454,32.859,48.589,69.352,70.449,75.445,69.472,49.083,183,183,9.474,15.952,27.936,50.047,70.654,71.491,73.919,64.69,44.583,183,183,-10.293,24.736,32.282,44.674,66.44,77.709,89.333,78.595,55.029
184,184,9.7376,21.825,30.435,50.511,69.383,67.131,73.307,68.247,47.722,184,184,8.8712,23.462,32.679,47.386,69.806,69.837,73.406,63.951,44.287,184,184,-6.1169,17.53,33.543,44.573,67.867,76.953,88.842,77.573,54.211
185,185,9.3032,24.396,31.038,50.115,69.855,69.311,72.074,64.5,46.99,185,185,20.433,22.011,26.925,48.897,69.685,68.602,70.797,62.337,44.608,185,185,-1.3828,19.24,30.289,44.732,66.87,79.123,87.119,73.232,50.658
186,186,5.1708,24.764,35.149,52.956,70.045,69.01,67.814,63.255,45.454,186,186,21.016,22.867,35.154,50.862,73.024,73.535,66.835,59.463,42.327,186,186,-2.7491,18.865,31.422,45.353,66.68,76.709,81.971,68.674,46.444
187,187,15.484,26.384,36.032,55.789,71.989,69.929,67.042,61.306,45.717,187,187,19.806,26.091,30.335,55.953,74.277,74.081,62.314,57.645,42.208,187,187,-3.4818,18.724,30.451,45.751,66.419,77.528,79.031,65.558,44.947
188,188,18.234,24.534,36.354,53.131,69.437,69.642,63.789,59.102,43.822,188,188,15.389,21.275,30.814,55.16,70.287,68.627,62.601,57.797,42.784,188,188,-6.9915,20.869,34.315,46.755,66.136,72.563,74.033,62.318,43.387
189,189,19.095,25.678,34.41,50.532,67.344,64.864,61.371,55.63,44.444,189,189,14.678,21.954,28.635,56.288,67.024,66.996,58.482,53.717,40.935,189,189,-1.2405,22.396,30.455,46.467,63.199,74.644,71.607,59.28,42.047
190,190,9.574,24.851,31.652,46.158,62.935,60.887,56.818,56.124,43.308,190,190,16.345,30.14,29.908,51.401,67.672,67.939,56.533,54.467,40.48,190,190,5.1593,18.167,31.822,46.781,61.582,69.355,69.663,58.812,41.299
191,191,12.105,23.755,31.92,43.773,64.28,62.357,56.082,55.426,43.96,191,191,23.544,24.625,32.699,47.089,63.369,64.124,55.219,53.293,41.089,191,191,10.654,23.873,29.92,45.913,60.51,67.217,69.221,58.437,41.973
192,192,11.589,25.853,27.764,44.3,56.455,57.208,57.443,54.269,41.577,192,192,22.491,19.935,27.532,41.295,59.302,60.821,56.819,53.105,39.604,192,192,9.4696,24.853,29.666,38.583,57.87,67.339,72.984,59.885,41.921
193,193,18.415,22.809,24.355,40.998,58.185,58.684,59.442,54.586,43.924,193,193,11.327,20.368,30.114,40.945,61.422,63.999,58.36,53.585,39.798,193,193,-1.754,17.689,28.309,42.841,58.71,68.241,72.383,60.178,42.123
194,194,9.5418,21.913,29.219,43.685,61.717,60.002,60.902,54.644,41.462,194,194,8.6794,18.508,28.072,40.733,61.766,61.437,63.022,52.776,38.963,194,194,1.0835,26.594,33.864,40.275,56.736,65.069,74.61,60.07,40.609
195,195,9.7609,14.147,25.028,41.985,61.553,60.197,62.684,57.102,43.58,195,195,23.209,24.014,31.984,43.121,57.354,59.177,62.212,54.884,40.09,195,195,8.2183,20.652,38.551,46.726,58.65,67.871,77.041,64.633,43.748
196,196,5.6346,20.619,21.964,36.875,58.398,57.636,59.309,55.198,41.442,196,196,23.877,21.391,32.869,43.95,58.272,60.937,58.089,53.833,38.908,196,196,5.3054,23.638,36.309,41.975,56.037,63.931,73.682,60.39,41.121
197,197,10.354,15.198,31.852,41.411,58.551,58.472,58.896,55.324,43.854,197,197,18.673,17.394,30.755,44.932,54.939,58.152,57.847,53.242,38.939,197,197,3.6808,22.851,34.492,42.512,57.286,64.512,71.834,60.68,41.33
198,198,13.627,20.542,32.078,40.348,53.867,53.557,54.02,52.889,40.776,198,198,12.395,20.243,29.469,44.235,56.121,56.591,54.036,50.176,38.369,198,198,-0.48134,21.532,28.085,39.732,53.347,61.376,67.941,57.006,39.853
199,199,7.5994,18.683,30.748,42.544,53.111,53.832,51.409,51.791,43.088,199,199,13.061,24.79,27.569,43.978,57.22,60.218,50.454,50.225,39.184,199,199,6.3706,15.367,30.399,40.217,53.247,60.492,63.492,49.394,38.864
200,200,14.27,24.66,32.143,44.537,51.223,50.269,52.271,52.547,40.259,200,200,19.383,27.473,29.015,46.047,55.531,55.07,54.973,50.047,37.828,200,200,8.5742,17.062,29.874,37.754,51.823,58.571,69.251,59.409,40.436
201,201,17.203,20.323,32.172,46.81,55.14,57.585,59.124,53.315,43.567,201,201,8.1331,27.163,28.417,45.428,59.142,62.1,59.436,53.795,39.352,201,201,3.6448,18.285,31.17,38.079,56.516,63.72,72.863,59.749,41.522
202,202,11.502,19.23,33.685,48.794,57.097,58.732,60.48,53.752,42.104,202,202,16.335,28.227,29.865,50.341,66.269,70.479,59.734,52.322,39.497,202,202,2.637,17.012,32.24,44.856,60.714,65.604,74.263,60.959,42.388
203,203,15.25,11.82,27.991,51.25,62.389,62.494,62.656,55.85,46.621,203,203,23.441,22.525,22.747,47.382,63.826,66.889,61.945,57.488,42.886,203,203,3.9536,19.651,27.39,43.739,60.01,66.431,76.469,63.564,45.146
204,204,14.469,21.042,31.254,46.245,63.856,63.765,58.981,56.228,44.189,204,204,20.55,22.578,28.063,47.622,65.64,66.969,59.22,54.699,41.807,204,204,1.6055,23.251,28.06,40.145,58.731,67.944,72.781,60.823,42.954
205,205,3.7499,21.912,31.876,47.314,68.031,68.133,59.363,55.437,44.682,205,205,19.614,22.024,33.689,55.396,70.648,73.915,59.657,55.381,40.941,205,205,8.3703,16.602,33.951,44.702,64.387,68.33,71.344,59.777,42.071
206,206,-0.0050724,23.467,31.621,50.012,66.647,67.457,58.736,55.094,42.7,206,206,24.276,18.391,36.001,54.51,71.026,74.449,59.302,55.37,40.331,206,206,11.208,24.024,31.258,43.673,61.614,69.022,71.662,61.792,41.588
207,207,4.1278,27.117,30.336,49.866,68.126,67.879,58.624,53.842,44.003,207,207,16.33,21.252,28.367,53.161,68.94,70.75,55.363,53.142,39.54,207,207,4.6417,16.095,30.103,48.4,63.189,70.217,70.265,57.663,40.624
208,208,12.097,17.753,33.673,51.713,68.581,71.398,59.891,56.658,43.023,208,208,23.363,22.237,31.178,53.813,73.353,77.469,60.663,56.011,40.547,208,208,6.6333,19.927,26.648,46.248,66.781,74.882,71.775,59.759,41.245
209,209,11.749,14.4,33.434,52.646,63.319,64.115,64.661,57.744,45.533,209,209,22.91,16.969,34.6,53.655,64.542,66.997,62.571,57.11,41.913,209,209,7.2393,17.864,26.737,49.963,62.992,74.283,74.372,62.763,42.939
210,210,5.5062,19.529,29.976,57.688,63.15,64.437,65.415,61.935,46.391,210,210,22.857,23.263,32.007,54.038,66.067,67.3,66.338,60.303,42.662,210,210,9.1161,19.712,29.64,51.278,62.272,72.819,78.588,69.787,47.278
211,211,5.8626,11.087,31.191,60.528,63.66,62.411,64.171,62.189,46.713,211,211,24.513,24.33,31.995,60.68,70.452,71.833,63.96,58.235,42.182,211,211,7.787,21.789,31.653,51.534,62.56,73.032,77.731,67.461,45.855
212,212,7.5698,21.373,27.735,56.831,63.161,61.202,62.826,60.267,45.067,212,212,25.448,17.517,28.421,51.433,65.306,67.584,63.908,58.731,41.459,212,212,9.1656,20.306,29.767,48.164,62.84,68.647,75.622,67.225,45.024
213,213,10.203,19.052,27.287,46.862,63.797,63.423,64.991,62.324,46.673,213,213,25.199,22.886,27.184,48.328,65.509,68.251,66.695,58.886,41.595,213,213,9.0621,15.725,36.097,48.513,62.499,73.052,79.915,69.118,46.306
214,214,5.3138,17.404,27.197,39.711,63,60.448,67.844,64.854,46.418,214,214,25.539,17.94,32.681,44.634,65.562,67.736,68.391,61.496,42.96,214,214,10.659,18.573,33.566,44.241,62.758,74.03,83.665,72.632,49.637
215,215,7.2089,19.272,25.929,43.871,63.592,62.313,70.938,65.94,47.218,215,215,19.238,26.661,34.097,42.671,69.273,72.152,69.728,64.151,44.066,215,215,4.0252,24.1,31.116,42.748,64.198,75.505,87.21,73.991,51.249
216,216,12.462,22.105,30.816,41.332,64.426,63.991,72.517,68.018,48.213,216,216,20.71,26.604,28.602,43.271,68.376,72.028,72.025,65.54,44.082,216,216,9.0884,17.91,30.006,44.482,62.863,77.604,88.55,75.922,53.003
217,217,16.369,18.223,27.707,45.764,63.562,66.792,75.732,73.205,50.37,217,217,11.339,23.834,29.701,46.264,64.923,68.637,72.48,67.978,46.308,217,217,5.0863,24.345,32.213,41.229,63.533,77.22,90.608,79.007,55.738
218,218,13.535,18.993,27.113,50.962,65.319,65.929,73.822,72.098,50.418,218,218,18.198,29.019,30.878,45.224,65.74,68.5,73.959,68.563,46.848,218,218,-1.0526,19.091,31.775,43.686,64.026,77.204,89.445,79.587,55.486
219,219,14.654,27.536,34.186,51.436,63.336,65.375,75.531,72.758,50.701,219,219,17.322,24.521,31.574,46.467,61.294,65.816,74.15,69.022,47.617,219,219,1.6414,14.124,27.118,45.701,62.589,74.675,90.79,80.059,56.505
220,220,14.386,27.184,31.088,46.069,62.815,61.18,72.793,71.079,49.286,220,220,25.734,22.692,26.374,47.378,63.105,65.259,70.649,67.08,45.849,220,220,8.9008,15.39,33.894,47.801,61.304,71.729,88.827,79.05,55.328
221,221,20.327,20.523,30.742,44.269,58.765,60.679,70.531,69.058,47.362,221,221,25.486,21.64,29.976,47.429,57.477,61.505,68.612,64.844,44.642,221,221,10.875,23.025,30.528,42.244,56.722,71.61,85.84,75.528,51.978
222,222,16.483,12.13,26.586,40.389,58.24,58.881,66.663,63.678,45.921,222,222,19.933,24.069,27.412,41.347,57.784,62.951,64.835,59.305,41.963,222,222,5.3646,20.397,29.207,38.781,56.25,69.796,81.868,72.337,48.83
223,223,15.446,18.69,28.968,44.625,60.589,60.083,65.54,59.282,43.254,223,223,25.613,18.81,25.376,48.741,58.472,60.048,62.531,55.872,40.307,223,223,5.5907,18.383,28.271,47.028,59.264,69.504,79.219,69.368,46.29
224,224,11.529,16.891,29.949,42.812,61.023,60.171,63.127,57.618,44.169,224,224,23.091,16.295,26.462,44.707,63.822,64.091,62.1,55.274,40.193,224,224,4.0988,15.989,27.514,43.65,60.651,67.652,75.753,65.637,43.421
225,225,10.428,24.016,24.784,43.048,60.535,61.254,62.132,57.64,43.464,225,225,23.91,17.423,28.034,46.213,61.624,62.988,61.055,54.72,40.413,225,225,8.5169,21.909,26.353,48.381,61.403,67.713,76.301,64.338,43.39
226,226,1.0515,20.668,26.991,41.644,62.796,62.167,61.036,57.268,44.174,226,226,22.002,23.992,28.845,46.511,64.067,63.345,61.421,55.098,39.944,226,226,8.5657,22.07,30.924,45.162,60.873,68.057,75.952,64.139,43.162
227,227,2.4018,17.608,30.126,38.483,60.326,59.848,61.561,54.239,41.833,227,227,23.371,22.052,28.57,43.116,59.387,59.266,60.752,54.064,38.985,227,227,4.6718,20.653,31.965,43.484,57.667,63.737,75.433,63.349,42.793
228,228,7.9984,21.286,28.448,45.108,57.831,57.395,58.156,54.317,43.235,228,228,25.534,18.061,28.994,44.752,55.658,60.304,59.077,52.821,39.092,228,228,4.7927,18.067,32.876,41.602,53.949,63.988,70.571,58.759,40.256
229,229,13.238,20.526,31.059,37.903,53.297,52.539,54.377,52.042,40.536,229,229,21.979,25.321,31.877,44.413,55.597,57.727,55.361,51.155,38.401,229,229,-0.96597,18.44,31.616,39.301,51.935,61.289,69.086,56.021,39.734
230,230,14.144,21.149,29.098,39.312,50.079,48.564,49.079,51.895,43.503,230,230,20.739,25.609,31.539,39.773,52.361,51.362,48.289,50.43,39.175,230,230,4.853,23.259,31.901,37.214,48.466,59.767,62.354,50.748,39.767
231,231,13.4,21.107,32.258,42.721,49.854,46.849,53,52.377,41.245,231,231,18.639,22.522,28.966,40.802,52.626,55.817,54.586,52.073,38.903,231,231,-2.0873,20.313,33.966,37.409,48.606,59.491,69.224,57.887,40.409
232,232,4.6807,20.248,32.86,45.71,55.984,56.473,58.826,51.924,43.254,232,232,11.733,25.487,30.233,41.001,63.777,66.911,58.395,51.912,39.406,232,232,5.3371,16.644,28.869,38.981,52.798,63.016,72.613,58.54,40.673
233,233,13.47,24.795,30.667,46.039,56.042,55.735,57.849,51.361,41.208,233,233,16.287,25.149,30.431,43.214,56.858,60.057,58.07,51.883,39.062,233,233,1.7936,19.164,30.012,39.619,54.502,63.774,71.974,59.209,41.209
234,234,14.911,20.735,29.767,43.383,56.993,57.702,59.134,51.685,43.28,234,234,17.632,25.435,30.409,41.681,60.396,65.291,59.932,51.424,39.674,234,234,0.71497,22.482,33.048,42.73,54.93,64.215,73.794,61.282,41.747
235,235,14.439,20.763,34.334,43.985,58.936,60.35,57.368,51.327,40.083,235,235,19.893,20.725,28.767,40.851,58.54,62.508,57.401,52.186,38.84,235,235,-1.5345,18.983,31.351,41.983,56.235,64.04,72.854,59.638,40.207
236,236,17.404,19.026,27.241,43.277,59.362,58.695,55.74,50.589,42.907,236,236,18.661,18.661,28.66,40.106,57.448,60.936,56.104,51.757,39.268,236,236,0.38816,27.013,34.089,38.717,55.784,63.155,70.372,58.214,40.049
237,237,4.0569,13.515,26.378,41.87,59.635,58.785,53.749,50.864,39.752,237,237,12.294,23.001,27.749,44.403,59.498,61.034,56.51,51.173,38.229,237,237,-2.3133,26.691,29.809,39.375,58.621,64.625,69.789,57.397,39.615
238,238,10.075,16.267,27.237,42.509,53.577,53.444,54.162,51.322,42.945,238,238,14.514,20.348,29.661,45.245,56.035,57.36,54.127,50.725,38.705,238,238,-3.4707,24.264,23.078,40.08,52.003,62.083,66.653,57.164,39.864
239,239,12.12,19.825,25.373,44.144,54.853,55.313,51.628,51.981,41.044,239,239,11.154,24.758,29.614,39.274,56.429,58.086,50.264,51.873,38.661,239,239,-5.3597,24.561,27.57,41.205,53.428,62.148,63.161,56.023,38.177
240,240,13.543,20.821,25.546,42.336,50.07,48.905,46.62,49.465,42.333,240,240,10.99,20.406,25.939,41.805,53.252,55.548,48.339,50.753,37.667,240,240,-0.039515,14.697,21.419,40.183,51.595,61.176,62.389,55.852,38.401
241,241,10.713,19.486,28.114,40.213,56.821,55.384,46.133,48.607,39.337,241,241,15.206,26.72,22.659,36.411,56.542,58.84,46.795,48.996,37.222,241,241,-7.0645,22.906,26.081,39.673,53.969,59.638,59.163,51.434,37.853
242,242,12.439,17.583,32.549,42.633,56.888,56.707,46.776,49.23,42.641,242,242,14.618,21.342,24.984,38.423,58.015,60.11,46.158,49.872,38.41,242,242,-7.4334,25.636,24.651,39.108,53.566,60.183,60.456,52.004,38.808
243,243,9.6067,21.897,27.77,40.815,56.983,56.077,45.592,49.31,39.719,243,243,9.9436,23.002,26.202,43.285,51.64,52.215,45.09,50.339,37.703,243,243,-4.4718,26.018,30.685,38.485,54.422,60.641,56.504,46.79,37.773
244,244,10.131,21.006,21.677,39.959,50.756,49.31,44.722,48.787,42.174,244,244,10.889,26.617,26.99,42.783,55.941,57.956,43.137,49.377,38.109,244,244,-8.3015,25.842,27.905,37.725,52.511,58.088,57.018,47.066,38.087
245,245,12.947,24.26,24.549,39.81,56,54.891,45.007,48.725,38.889,245,245,22.509,22.05,24.699,42.674,59.956,62.692,45.353,49.333,37.748,245,245,1.684,20.628,31.01,38.543,56.069,59.771,56.913,46.596,37.485
246,246,14.547,22.097,28.265,42.463,58.275,58.513,44.827,47.497,42.397,246,246,21.673,22.981,29.991,43.02,60.476,62.538,45.82,48.173,38.202,246,246,5.1324,21.635,33.521,36.506,56.172,59.97,57.273,47.598,38.105
247,247,7.5928,16.459,23.082,40.067,55.727,49.799,44.923,49.138,39.407,247,247,13.022,22.07,26.488,44.859,62.828,51.873,43.749,49.799,37.823,247,247,-5.9234,22.583,32.873,43.842,60.645,58.355,56.183,47.012,37.727
248,248,8.6044,19.458,24.973,39.072,53.832,49.382,44.011,49.482,41.881,248,248,17.662,21.824,31.608,42.887,53.085,49.956,41.782,50.159,38.147,248,248,1.0156,22.795,29.725,38.15,51.192,58.636,56.644,47.435,38.021
249,249,9.9735,22.629,27.073,37.483,48.747,46.807,46.223,47.497,39.099,249,249,10.083,19.319,25.759,36.138,50.642,51.793,44.436,49.573,37.22,249,249,3.5379,13.378,29.016,32.54,48.56,56.559,57.496,47.545,38.574
250,250,14.173,23.664,22.977,38.314,49.126,45.731,48.24,51.762,42.551,250,250,20.488,25.476,29.915,38.783,49.655,52.671,45.041,51.928,38.674,250,250,2.1348,21.127,34.943,37.213,46.581,56.865,63.265,54.284,38.47
251,251,12.74,18.035,25.923,35.458,52.064,47.07,45.735,49.55,39.577,251,251,15.835,24.086,25.985,36.256,52.935,52.58,44.64,50.494,37.329,251,251,3.7841,12.96,29.345,38.402,54.227,59.371,58.176,48.073,37.364
252,252,12.39,22.154,26.656,37.774,58.656,48.962,44.679,49.448,42.482,252,252,12.939,19.592,29.265,37.924,58.721,53.15,44.161,49.238,38.028,252,252,0.54873,17,29.27,38.89,58.697,58.847,55.881,46.108,37.451
253,253,11.574,19.643,25.623,38.387,56.479,46.892,43.394,50.328,39.164,253,253,20.647,24.03,31.041,39.554,53.293,48.719,42.805,50.178,38.111,253,253,-5.1177,23.281,29.291,38.814,53.261,58.987,56.843,47.374,37.061
254,254,6.9797,19.039,29.361,37.851,54.142,47.988,44.557,50.375,42.268,254,254,13.894,25.39,30.515,40.337,52.351,51.577,43.621,51.036,38.296,254,254,4.5008,21.435,32.766,38.576,53.922,58.438,54.785,46.833,38.118
255,255,11.713,16.775,30.65,38.388,53.673,48.029,43.048,50.267,39.49,255,255,17.774,17.367,28.742,38.893,50.022,49.255,42.151,51.293,38.131,255,255,2.3978,17.508,33.631,36.814,48.845,57.704,56.306,47.482,36.798
256,256,7.0779,18.195,30.431,39.349,54.683,48.829,44.909,49.604,41.642,256,256,1.6567,21.795,30.238,41.652,56.87,51.524,45.207,50.457,38.286,256,256,5.8228,21.471,29.873,39.544,55.878,58.385,56.749,47.404,37.645
257,257,3.432,21.79,31.03,41.084,55.772,51.078,45.181,50.511,41.059,257,257,4.4253,18.132,23.728,40.018,61.999,54.687,47.093,51.324,38.951,257,257,2.9833,21.154,31.404,40.61,57.888,59.425,56.005,46.915,37.462
258,258,11.81,20.322,27.243,39.914,52.848,49.12,46.719,51.191,39.391,258,258,10.162,19.725,23.618,40.987,62.659,57.822,45.595,51.706,38.624,258,258,-0.45526,18.66,34.874,39.566,60.081,59.635,59.555,47.493,37.772
259,259,7.0318,19.144,24.784,41.396,54.849,48.153,45.817,50.375,42.722,259,259,9.5906,19.604,25.25,39.494,59.705,52.96,45.621,50.655,38.814,259,259,3.0966,24.995,29.35,38.623,57.725,59.254,58.029,48.107,38.684
260,260,12.155,20.504,28.926,42.402,58.628,53.139,44.854,49.502,39.613,260,260,16.144,23.025,27.239,42.295,60.601,54.286,45.316,49.212,38.487,260,260,1.0168,19.295,29.27,40.926,62.486,59.073,56.602,46.764,38.116
261,261,9.3325,24.917,28.896,39.173,56.714,51.666,44.92,49.697,42.525,261,261,15.02,22.318,23.812,38.795,58.812,54.376,44.058,51.479,38.616,261,261,5.3548,17.317,27.903,39.989,59.292,58.737,57.563,47.169,38.392
262,262,13.431,20.232,29.248,41.165,60.895,52.516,45.822,47.865,40.67,262,262,19.144,25.437,27.787,39.565,58.758,55.625,45.046,48.495,37.97,262,262,5.5809,15.966,27.491,37.895,58.759,60.168,57.912,47.752,38.717
263,263,7.5823,21.56,30.307,44.781,65.523,58.845,48.674,50.427,42.791,263,263,12.552,23.134,31.132,47.742,70.022,63.512,48.585,50.039,39.101,263,263,5.5973,20.478,28.937,49.128,69.875,65.414,60.581,47.987,38.717
264,264,11.042,18.923,31.706,43.68,63.986,59.899,49.89,51.077,40.406,264,264,18.311,25.732,24.31,47.66,70.865,63.416,49.999,51.814,38.867,264,264,5.3176,17.307,29.105,47.223,71.905,64.676,64.427,51.71,39.16
265,265,17.121,23.149,30.804,44.469,59.405,57.441,52.456,53.004,43.188,265,265,23.913,17.663,27.514,44.675,66.049,61.316,50.776,52.767,39.502,265,265,9.3564,21.977,29.621,46.631,66.413,63.271,66.283,52.945,39.593
266,266,18.94,27.798,30.235,42.321,64.968,61.39,49.401,52.979,42.118,266,266,25.424,22.965,32.017,43.558,68.682,61.037,52.125,51.231,39.481,266,266,3.2655,22.319,31.686,41.616,63.11,62.287,64.527,51.642,40.057
267,267,20.063,21.492,30.673,43.461,66.63,61.278,55.549,54.95,45.021,267,267,24.182,22.808,26.256,45.413,70.104,63.21,54.162,52.481,40.328,267,267,4.099,25.013,31.283,44.977,67.946,68.487,67.931,54.294,41.162
268,268,12.124,24.019,30.127,47.205,66.055,61.793,57.946,55.899,42.226,268,268,16.04,25.845,29.988,48.722,69.339,64.055,56.578,54.265,39.964,268,268,4.3515,15.756,28.206,47.691,70.001,70.485,70.492,58.638,41.087
269,269,10.267,22.348,31.542,45.41,69.847,63.977,62.967,65.026,46.786,269,269,10.705,24.639,29.159,47.012,69.214,63.507,62.424,60.809,43.086,269,269,3.4762,21.368,29.118,45.544,68.896,73.047,76.377,68.741,45.526
270,270,18.62,25.333,27.452,47.427,71.298,65.74,67.494,68.044,48.852,270,270,23.067,16.265,31.509,43.965,66.404,64.772,64.705,64.257,46.117,270,270,7.7957,21.096,33.694,47.294,67.518,74.372,81.426,72.901,49.288
271,271,15.311,17.656,27.784,48.923,69.771,67.696,65.797,69.295,50.384,271,271,23.028,21.863,27.392,43.362,65.475,67.063,62.851,63.886,45.896,271,271,-3.1584,18.895,24.478,45.8,68.253,72.716,78.583,70.653,46.763
272,272,7.0978,26.278,26.509,47.864,71.816,68.571,67.476,65.445,46.813,272,272,11.447,19.553,29.335,42.57,64.069,66.641,63.568,61.808,42.895,272,272,-0.37718,10.65,28.96,41.429,67.428,75.879,82.33,71.461,48.391
273,273,10.791,20.741,27.971,45.717,67.011,64.012,62.658,60.984,45.58,273,273,13.681,18.369,26.907,43.83,67.91,68.873,59.81,57.81,40.748,273,273,1.95,15.558,28.195,43.336,65.284,74.507,76.484,63.788,42.437
274,274,15.211,18.805,31.802,44.808,69.193,62.492,56.894,55.435,41.994,274,274,13.81,15.339,29.827,45.03,70.984,70.015,54.694,53.293,38.431,274,274,-1.025,14.215,31.784,44.997,68.9,71.461,70.44,57.939,40.366
275,275,14.267,22.135,26.819,45.379,67.573,57.581,52.932,51.754,43.167,275,275,17.234,20.029,27.729,49.021,70.234,62.55,52.391,51.888,39.445,275,275,0.69764,13.534,27.011,49.984,71.306,66.059,65.114,55.141,39.401
276,276,12.18,22.062,27.222,45.72,65.95,59.345,49.691,55.546,42.377,276,276,20.607,23.171,29.271,47.981,68.563,65.987,49.785,55.889,40.716,276,276,9.4076,21.187,30.957,49.929,70.478,67.754,62.756,51.551,38.869
277,277,7.0291,17.627,28.592,45.989,63.495,55.839,45.982,51.778,43.202,277,277,13.073,20.994,26.643,48.832,67.913,60.561,44.741,51.889,38.833,277,277,5.5711,22.168,26.778,50.677,69.154,62.577,58.515,48.276,39.365
278,278,8.4884,17.039,27.01,46.109,64.257,54.947,46.743,49.462,40.729,278,278,11.661,22.818,32.242,47.025,64.438,57.783,45.699,50.368,37.588,278,278,2.1129,12.298,27.317,46.732,63.973,61.783,58.863,48.031,36.996
279,279,5.7822,19.531,32.204,45.889,59.507,53.68,45.594,48.358,42.439,279,279,14.077,19.471,31.607,46.123,60.426,57.556,44.735,49.022,38.11,279,279,7.9758,16.628,28.751,46.997,61.087,61.003,56.573,45.777,38.308
280,280,10.093,19.191,28.035,46.55,56.02,52.751,43.828,50.276,39.961,280,280,19.891,21.495,28.568,49.735,59.472,59.841,46.454,51.439,37.737,280,280,-1.2283,17.298,29.99,49.147,60.124,57.843,55.261,46.411,37.924
281,281,8.4543,22.676,31.375,41.881,54.608,54.125,46.205,49.482,42.546,281,281,16.239,25.009,31.056,48.52,58.002,58.708,45.423,50.216,38.196,281,281,-2.8934,19.475,26.229,46.277,55.976,58.754,57.579,47.077,37.974
282,282,7.8811,11.898,30.244,41.434,55.356,50.384,46.258,49.149,40.621,282,282,15.858,22.779,29.618,47.233,57.879,55.965,46.394,49.749,37.701,282,282,-1.0163,18.385,29.193,43.19,60.171,58.588,58.876,48.304,38.15
283,283,16.131,16.797,32.236,40.22,53.757,51.263,49.079,50.508,42.721,283,283,19.823,22.824,33.548,47.567,61.206,58.938,47.932,50.95,38.697,283,283,5.327,17.092,28.226,44.16,58.199,60.594,60.099,47.363,38.402
284,284,17.361,23.53,23.753,43.593,60.265,58.494,51.403,51.073,41.212,284,284,21.495,23.187,33.843,46.602,61.338,59.009,48.438,50.293,38.006,284,284,4.2845,15.85,30.396,44.364,59.971,62.122,61.799,50.598,38.88
285,285,9.3049,21.486,28.988,43.954,60.53,59.552,51.878,51.218,43.253,285,285,15.358,17.232,31.793,43.449,60.695,58.092,50.152,50.313,38.467,285,285,-1.6856,20.209,26.964,44.43,61.074,63.345,64.998,52.457,39.325
286,286,11.388,19.328,29.316,39.209,58.361,55.265,53.01,54.901,41.26,286,286,16.842,18.312,29.138,41.373,64.384,60.945,51.642,51.515,38.234,286,286,6.1589,14.668,26.526,43.189,62.766,63.457,66.822,57.573,40.179
287,287,8.6418,22.772,31.348,43.298,60.008,55.936,48.359,51.253,43.517,287,287,9.1653,10.996,29.627,42.299,60.424,56.407,46.23,49.603,38.349,287,287,6.3083,19.384,29.56,44.869,59.053,59.388,60.334,51.553,38.692
288,288,13.043,21.16,30.737,41.352,56.639,52.099,47.767,52.545,40.898,288,288,11.169,23.361,27.196,43.079,60.496,52.927,46.63,52.521,38.158,288,288,1.7853,17.691,28.428,45.626,58.004,56.674,62.214,53.654,38.181
289,289,13.735,19.99,27.464,41.695,56.903,48.83,46.01,52.591,42.696,289,289,13.564,20.18,32.909,42.746,57.431,49.832,45.954,51.385,38.782,289,289,6.2299,14.287,22.576,44.965,60.579,54.939,60.581,51.288,38.298
290,290,8.5131,22.088,30.091,42.004,54.924,49.855,48.002,51.856,40.583,290,290,11.444,24.121,33.213,44.216,56.591,53.894,47.499,51.81,38.248,290,290,1.3699,16.13,27.466,39.745,53.498,59.87,64.172,54.424,38.822
291,291,9.2346,20.515,31.121,41.038,59.734,57.488,50.904,52.848,43.579,291,291,11.906,19.064,22.779,43.354,61.937,62.022,51.904,50.772,38.759,291,291,-6.132,13.559,30.242,40.193,59.968,69.018,66.474,54.825,39.464
292,292,4.902,13.092,29.847,41.594,61.134,59.564,46.383,49.951,40.686,292,292,9.9904,20.742,31.058,43.165,62.814,60.488,45.812,50.031,37.872,292,292,1.0155,22.164,30.12,42.51,59.035,58.598,59.331,48.805,38.128
293,293,7.2462,20.703,29.792,40.791,57.088,50.493,46.2,49.323,43.231,293,293,6.3549,22.118,30.507,41.775,62.502,59.782,46.027,50.171,37.768,293,293,7.6286,22.436,29.595,41.607,58.26,58.851,59.275,49.483,38.576
294,294,1.2693,22.488,27.808,38.794,62.808,62.265,47.316,49.605,40.716,294,294,8.7612,22.289,30.153,39.923,62.975,66.3,48.117,51.367,38.566,294,294,-0.47226,25.515,32.49,40.832,60.504,62.862,59.76,49.984,38.695
295,295,5.7122,23.062,28.52,38.135,56.993,55.704,45.521,51.097,42.631,295,295,6.169,18.658,26.187,39.455,60.859,60.481,45.758,53.559,39.601,295,295,0.59647,21.949,27.508,40.371,56.919,58.858,60.587,50.146,38.325
296,296,9.5324,19.526,28.058,38.939,56.372,54.637,47.645,51.651,40.803,296,296,8.6685,21.868,29.576,41.365,57.942,60.209,46.664,50.806,38.372,296,296,0.78722,16.474,32.737,39.687,55.72,61.979,61.968,50.492,38.656
297,297,-1.6374,18.924,29.769,40.109,55.409,54.119,45.735,50.849,43.187,297,297,11.611,24.898,31.968,44.46,56.422,57.584,44.903,50.825,38.808,297,297,1.3343,26.284,27.607,40.713,55.541,57.628,58.432,49.074,39.322
298,298,6.795,21.604,30.835,40.611,56.483,53.279,48.509,53.187,41.586,298,298,15.087,23.153,33.746,45.231,58.465,59.691,47.056,51.848,38.251,298,298,-1.8552,24.798,29.257,41.938,57.709,60.805,62.682,52.581,39.134
299,299,7.7794,19.283,25.316,40.278,55.352,55.493,57.801,57.049,42.95,299,299,12.519,18.601,29.516,42.618,57.638,56.105,51.962,53.701,38.99,299,299,2.3538,19.804,26.674,41.453,56.198,63.408,71.413,61.958,41.107
300,300,18.028,23.515,27.683,40.521,55.123,55.974,56.841,58.675,43.51,300,300,22.364,25.944,31.994,36.432,55.627,56.252,55.277,55.428,39.973,300,300,0.01471,21.203,25.361,38.79,52.968,66.8,71.553,61.795,42.325
301,301,15.485,24.51,27.73,40.963,56.7,55.458,53.983,54.38,43.533,301,301,18.739,17.76,28.282,35.049,54.221,56.759,51.753,50.778,39.127,301,301,2.8119,15.741,28.617,41.975,54.065,63.841,66.319,55.241,41.097
302,302,11.469,27.38,25.773,43.692,52.206,50.388,48.604,49.183,43.753,302,302,13.516,19.818,29.014,40.114,52.831,51.705,47.741,50.842,38.784,302,302,-7.701,18.852,25.879,37.824,51.147,57.556,59.919,49.135,39.543
303,303,5.8986,23.227,27.902,37.865,53.024,50.581,47.205,51.134,42.005,303,303,9.9729,17.865,25.337,40.256,53.983,52.905,47.093,50.959,38.209,303,303,-2.352,17.833,27.593,35.946,52.812,58.159,60.124,50.321,40.037
304,304,7.9195,28.464,30.711,38.873,53.25,49.054,46.234,50.256,44.094,304,304,16.187,17.547,27.492,36.227,52.321,53.314,44.984,49.738,38.586,304,304,-1.0602,20.263,28.274,41.99,52.586,57.82,57.378,48.083,39.579
305,305,15.881,25.812,29.098,41.603,54.469,53.089,45.505,50.142,40.846,305,305,21.332,23.119,27.059,38.712,53.463,56.246,44.665,51.332,38.095,305,305,-0.62068,22.349,31.574,41.383,51.459,58.827,57.836,48.694,38.84
306,306,13.704,19.186,30.588,39.551,54.794,51.902,45.256,50.019,42.484,306,306,18.25,19.475,31.656,43.122,55.771,56.621,44.602,50.761,38.197,306,306,4.4371,21.845,29.347,40.5,53.11,57.48,57.74,47.961,38.633
307,307,4.1467,19.015,27.651,40.505,51.725,49.591,43.855,48.985,40.727,307,307,12.944,20.873,31.036,39.262,53.343,53.908,43.544,49.858,37.897,307,307,0.42254,20.955,26.851,34.928,48.643,55.81,57.544,48.698,38.074
308,308,7.5291,17.371,29.994,41.979,53.479,49.445,46.142,49.851,42.81,308,308,20.967,19.538,28.478,45.607,53.551,53.85,43.713,49.408,38.055,308,308,5.4345,21.577,29.848,37.614,49.489,56.298,56.791,48.076,37.896
309,309,12.664,19.926,29.434,38.671,51.551,49.297,43.676,48.823,40.287,309,309,19.376,23.856,26.103,44.052,50.983,49.727,43.564,50.508,37.589,309,309,8.1026,25.84,31.761,38.253,50.915,56.983,56.075,47.416,38.318
310,310,6.9501,21.172,31.337,40.647,51.385,46.099,45.028,49.431,42.519,310,310,12.835,21.833,30.073,42.011,52.825,51.569,43.444,50.23,37.995,310,310,6.9989,19.993,27.387,40.681,53.285,57.255,56.607,46.013,37.725
311,311,1.2111,23.405,29.053,39.57,48.831,46.167,44.32,49.156,40.128,311,311,7.0357,14.758,27.594,38.231,51.966,50.961,42.928,49.22,37.477,311,311,-1.6611,20.602,26.493,38.731,50.44,54.853,54.646,45.108,38.338
312,312,4.1231,23.487,27.295,39.138,50.848,44.312,45.916,47.484,42.757,312,312,7.4662,11.928,33.421,42.833,50.998,50.423,43.935,50.09,37.626,312,312,-2.4278,21.509,30.429,41.008,48.401,54.031,55.787,45.769,38.162
313,313,4.5794,17.396,31.152,44.34,51.672,48.274,42.73,50.906,41.65,313,313,7.9823,21.778,29.42,40.874,52.057,51.981,42.081,50.847,38.272,313,313,6.1749,16.895,25.588,39.569,49.097,54.115,55.402,46.424,38.581
314,314,7.1195,24.819,28.057,44.313,51.807,45.699,42.565,50.044,42.911,314,314,16.784,26.056,29.611,42.722,52.152,50.118,42.753,49.651,38.545,314,314,2.6025,24.723,30.573,44.263,48.102,53.433,56.544,48.474,38.178
315,315,4.9588,22.883,28.691,48.064,52.522,46.126,44.641,51.222,41.097,315,315,21.092,25.091,26.404,48.216,54.715,50.625,43.71,52.121,38.605,315,315,4.237,22.04,30.202,48.16,49.953,54.205,56.346,49.093,37.307
316,316,0.58345,24.039,26.447,41.867,49.546,46.139,46.711,49.867,43.351,316,316,14.528,18.9,27.553,45.271,51.994,50.106,44.755,48.976,37.92,316,316,1.9715,21.65,32.18,39.486,45.634,55.018,56.419,49.375,39.239
317,317,6.8338,18.323,33.252,39.533,49.241,45.051,46.624,48.847,39.772,317,317,10.222,22.31,27.997,42.382,53.792,50.869,45.064,50.604,37.317,317,317,0.61346,22.6,34.066,38.157,47.737,55.903,58.784,48.445,37.96
318,318,12.067,19.191,25.455,42.661,52.97,50.653,45.138,50.313,43.397,318,318,19,22.978,24.479,44.177,55.125,57.062,45.592,51.547,38.229,318,318,-5.2666,21.915,30.25,37.187,51.048,56.471,57.836,48.451,38.805
319,319,11.104,18.859,27.549,41.658,50.244,49.522,42.96,49.544,40.975,319,319,23.045,24.486,29.108,44.034,52.813,54.434,42.85,50.009,38.1,319,319,2.9066,16.236,33.007,36.078,48.75,55.396,55.622,47.431,37.921
320,320,5.8918,21.104,29.549,42.727,51.302,48.656,43.226,49.459,43.016,320,320,21.701,17.836,26.515,39.755,52.208,52.686,43.207,50.306,38.007,320,320,6.2414,18.755,31.496,39.244,46.534,53.904,55.989,47.496,38.309
321,321,3.6115,23.818,27.965,40.461,50.638,48.718,43.813,50.671,40.517,321,321,20.869,20.395,29.985,42.371,51.969,53.982,43.604,52.262,37.746,321,321,3.3054,18.258,29.088,38.413,48.335,54.917,56.526,46.874,37.411
322,322,5.3409,23.901,29.646,37.68,46.066,44.287,45.291,50.637,43.088,322,322,13.979,23.046,31.146,43.443,50.01,51.69,44.895,50.633,38.279,322,322,-1.7743,19.402,31.359,37.344,48.644,55.223,57.147,48.129,38.304
323,323,4.9574,16.033,24.806,45.338,49.576,47.665,44.697,48.656,39.623,323,323,13.512,19.748,30.425,44.948,51.818,53.359,44.605,48.27,36.465,323,323,-1.9458,21.083,31.89,37.01,50.263,54.451,57.343,49.134,37.314
324,324,4.3134,14.388,28.392,41.104,48.44,48.13,44.354,49.038,42.809,324,324,16.502,20.101,26.358,44.239,50.123,52.142,44.528,51.35,37.419,324,324,-0.4478,26.407,28.712,40.242,50.099,54.703,57.912,48.87,38.285
325,325,3.7718,19.208,30.065,36.831,49.745,46.545,46.431,49.888,40.936,325,325,16.458,18.236,27.709,39.416,50.883,49.412,44.062,52.234,37.416,325,325,1.9248,23.244,27.332,37.793,47.854,54.484,57.097,48.42,37.43
326,326,5.4441,24.203,29.793,36.447,49.849,45.49,45.211,49.83,42.726,326,326,10.353,22.929,29.149,41.702,50.416,51.374,43.23,50.072,38.398,326,326,-1.721,23.998,31.95,36.232,49.2,54.077,57.94,48.925,38.221
327,327,5.1926,22.183,26.577,39.072,50.62,47.443,44.807,49.4,41.288,327,327,15.078,23.217,29.172,41.101,52.299,52.203,44.102,49.896,40.307,327,327,-5.9791,22.861,28.496,37.366,49.164,53.862,56.648,46.879,41.308
328,328,10.784,24.04,29.99,43.108,48.624,46.02,44.072,50.684,42.612,328,328,18.524,21.915,32.701,39.317,48.977,49.207,43.569,50.582,38.095,328,328,-6.632,18.84,28.866,33.709,45.851,53.186,57.852,51.028,37.739
329,329,11.093,20.337,30.461,38.852,48.397,45.792,44.367,48.126,38.611,329,329,14.304,25.002,28.477,43.232,51.207,51.642,44.064,49.309,36.748,329,329,-0.33357,18.014,28.706,38.084,48.777,55.408,57.26,46.583,37.569
330,330,15.946,20.685,31.803,44.73,52.423,52.82,43.874,50.242,42.497,330,330,19.741,25.003,31.22,43.788,51.879,53.342,44.805,50.402,38.079,330,330,5.9652,19.674,27.699,39.975,48.644,56.236,56.713,47.18,38.16
331,331,8.8583,24.196,27.338,43.629,50.833,50.858,44.08,49.001,40.392,331,331,6.812,18.843,32.879,41.051,52.653,54.661,43.302,49.643,37.484,331,331,1.9163,22.832,30.902,40.091,48.207,56.739,56.666,48.723,37.937
332,332,6.0071,22.046,30.731,38.891,50.744,49.878,46.17,49.607,42.354,332,332,7.4906,20.467,29.222,43.24,52.991,53.933,45.809,50.635,37.296,332,332,2.1497,18.211,25.791,37.715,48.157,56.175,58.761,51.914,37.948
333,333,10.643,16.467,28.526,42.804,52.3,49.026,45.761,50.727,39.981,333,333,14.555,23.639,26.916,42.712,50.904,51.421,45.247,51.737,37.887,333,333,7.6417,19.039,27.385,41.533,51.308,59.417,58.968,51.299,37.323
334,334,9.99,26.474,32.113,41.766,50.726,50.96,47.751,50.877,42.429,334,334,17.853,28.838,31.52,41.999,53.612,56.398,44.984,50.266,37.571,334,334,2.8939,22.727,21.759,37.173,48.955,60.827,59.628,52.515,38.148
335,335,15.074,19.666,32.089,40.36,56.819,55.632,47.886,49.468,39.458,335,335,26.958,26.607,31.611,38.123,59.394,61.581,47.253,51.445,37.318,335,335,8.4933,16.262,28.798,37.173,50.481,61.83,59.251,51.748,37.704
336,336,15.888,16.684,28.855,41.329,55.325,54.314,46.804,51.376,42.848,336,336,23.181,19.131,28.123,38.869,54.933,57.281,46.075,51.358,38.755,336,336,3.3967,23.213,34.047,37.199,49.341,57.499,60.845,53.261,38.433
337,337,12.409,24.791,28.917,42.5,54.42,51.481,46.197,51.483,40.034,337,337,19.407,22.628,28.241,39.463,54.129,53.75,45.843,50.931,37.927,337,337,4.3978,23.972,30.866,39.35,52.091,57.432,59.808,51.061,37.848
338,338,10.311,25.811,27.289,37.081,50.938,49.049,46.45,50.405,42.285,338,338,16.199,17.575,27.432,45.547,49.337,48.62,46.321,50.002,37.886,338,338,-0.83791,21.688,30.768,39.633,50.729,55.451,60.161,51.914,38.621
339,339,9.9627,19.965,24.005,37.671,49.032,46.571,45.61,49.428,39.936,339,339,17.104,21.136,27.684,39.014,49.21,52.49,45.13,50.043,37.531,339,339,-5.1946,20.959,29.749,33.71,48.135,52.707,59.998,51.497,37.907
340,340,9.7082,17.053,28.382,42.669,52.318,49.689,48.626,50.721,42.766,340,340,15.5,20.84,32.526,45.016,51.828,53.682,46.937,50.392,37.912,340,340,-4.2306,22.944,32.239,37.88,48.823,56.559,60.334,52.553,38.66
341,341,2.9606,18.792,29.826,47.505,52.211,49.317,48.621,48.987,39.158,341,341,9.6022,24.875,30.448,43.523,56.594,59.25,48.744,48.742,36.903,341,341,-4.2034,26.885,32.9,40.2,49.604,58.305,61.944,53.021,38.256
342,342,2.5405,21.42,28.514,43.429,50.14,50.381,55.129,49.907,41.783,342,342,1.1617,20.16,32.979,39.878,52.702,56.705,56.603,50.527,37.804,342,342,-7.2039,19.707,30.506,40.963,48.511,61.987,69.623,57.368,38.83
343,343,10.795,15.9,28.836,38.189,60.23,62.143,58.5,51.941,44.469,343,343,15.304,18.397,31.34,44.047,59.891,62.482,60.281,51.87,38.808,343,343,2.8867,23.551,32.183,42.559,57.706,65.451,72.279,59.438,40.326
344,344,13.629,22.845,32.939,46.606,63.056,63.535,58.467,52.662,40.401,344,344,21.02,24.74,25.634,44.786,61.072,65.747,60.011,51.844,38.514,344,344,4.8417,21.065,33.286,42.363,55.776,68.31,72.392,59.65,40.129
345,345,12.934,19.891,30.266,40.91,62.577,63.936,61.542,54.636,43.478,345,345,23.161,25.275,26.388,38.829,65.698,69.967,61.417,53.988,40.11,345,345,4.3805,27.319,31.011,42.507,59.492,71.376,74.575,60.108,40.577
346,346,12.619,20.841,31.129,51.752,61.55,62.587,61.215,59.611,43.169,346,346,22.961,22.087,30.269,46.685,62.632,69.168,59.842,56.069,40.907,346,346,8.9765,25.898,29.175,43.414,62.616,70.984,74.269,62.032,41.922
347,347,12.135,25.727,35.66,47.396,61.111,62.327,59.973,61.657,46.13,347,347,17.793,17.047,24.012,44.715,60.59,65.235,59.62,55.773,41.922,347,347,-4.2621,19.7,29.005,40.714,59.462,69.533,71.997,60.799,42.388
348,348,13.973,22.191,29.293,46.973,61.223,59.064,54.499,61.834,45.459,348,348,16.825,24.828,32.466,45.118,60.893,61.384,52.042,55.77,41.871,348,348,-2.0354,26.7,30.159,41.009,59.455,64.407,67.086,59.015,42.445
349,349,11.852,18.963,31.297,44.871,57.596,54.042,57.977,60.041,46.029,349,349,1.4303,24.675,28.378,42.434,59.529,57.648,58.019,57.995,42.389,349,349,-7.2791,21.191,31.762,39.912,58.064,64.091,70.91,62.172,43.394
350,350,7.7267,15.94,30.925,42.641,61.247,61.923,64.472,67.73,49.436,350,350,9.1427,23.835,29.398,45.117,61.617,60.493,64.087,62.66,46.77,350,350,4.8177,20.668,31.435,44.451,61.283,71.538,78.79,71.765,48.772
351,351,16.442,25.428,30.567,44.286,66.509,65.495,68.251,70.27,51.635,351,351,16.868,20.705,30.757,43.443,64.757,63.987,68.526,65.449,48.453,351,351,4.087,19.494,27.84,46.29,64.996,73.187,81.506,74.366,51.019
352,352,15.27,22.493,35.987,44.971,65.018,63.421,70.472,69.455,51.407,352,352,15.495,21.876,29.889,43.561,65.504,69.383,69.629,65.924,49.349,352,352,1.5002,20.37,27.999,46.645,63.109,72.787,83.4,73.963,51.795
353,353,11.494,21.345,31.982,41.401,64.327,66.181,73.626,71.637,52.659,353,353,8.3334,12.861,24.146,43.393,64.734,68.696,73.146,69.538,50.067,353,353,-2.3405,21.25,31.365,45.568,65.937,78.138,88.157,76.964,54.201
354,354,11.254,15.336,30.89,39.766,66.602,69.588,77.229,74.154,53.38,354,354,9.2288,22.779,26.786,40.447,62.235,65.912,74.666,69.165,50.175,354,354,5.9655,12.615,28.643,40.687,63.998,80.324,92.206,80.304,57.414
355,355,13.463,19.201,29.449,42.247,67.09,71.078,77.855,72.117,51.53,355,355,2.9775,21.676,31.494,45.965,66.026,68.107,74.884,68.613,49.021,355,355,7.8736,22.957,29.901,45.368,63.409,83.525,93.388,81.255,57.422
356,356,7.472,17.35,31.644,43.812,64.658,68.972,76.05,70.666,49.566,356,356,13.162,22.149,32.721,47.244,63.09,65.415,71.741,65.338,45.996,356,356,5.9115,20.365,29.04,45.484,61.886,82.025,90.356,75.925,53.154
357,357,13.911,20.229,25.768,40.468,62.163,69.586,75.507,69.742,49.358,357,357,18.051,22.517,33.119,43.222,65.411,67.629,70.482,64.403,45.362,357,357,1.5615,22.683,28.526,39.565,61.671,83.8,87.912,73.735,50.544
358,358,6.0322,19.681,30.138,43.083,61.08,62.8,69.452,64.323,45.958,358,358,18.236,23.905,34.138,43.527,68.954,71.96,65.857,60.832,42.328,358,358,1.5298,20.386,34.058,38.688,62.446,76.394,84.566,67.509,45.464
359,359,8.8794,16.527,29.497,40.077,58.737,62.732,67.068,60.407,45.285,359,359,19.149,20.4,31.335,41.048,62.307,65.88,63.599,58.818,41.252,359,359,3.9246,20.862,29.606,39.596,58.414,78.392,82.93,68.033,45.531
360,360,10.043,23.42,31.57,44.489,60.176,64.93,65.425,61.288,44.96,360,360,17.563,23.298,32.467,47.6,65.159,68.963,61.046,59.095,41.121,360,360,3.2609,21.375,31.854,43.819,60.713,78.034,81.29,67.374,45.432
361,361,6.7072,21.061,33.009,42.381,57.62,59.047,58.944,59.894,46.054,361,361,12.621,23.111,30.603,44.604,61.886,64.724,57.292,56.768,40.363,361,361,1.0092,18.718,35.86,40.458,56.558,72.96,73.143,61.712,43.063
362,362,9.1664,28.004,32.314,42.873,62.177,60.749,54.355,55.876,42.297,362,362,1.2468,19.636,29.147,48.932,64.142,67.5,55.217,52.882,38.816,362,362,6.8221,22.38,32.225,41.924,59.954,69.603,69.063,58.378,40.256
363,363,13.185,22.45,31.556,44.598,61.046,60.55,58.588,53.917,44.53,363,363,10.054,19.828,29.64,47.776,63.11,64.507,54.503,52.424,39.763,363,363,8.559,24.304,30.112,44.432,59.514,70.036,68.699,55.85,40.414
364,364,8.985,24.112,35.318,48.323,65.53,63.95,60.551,56.954,43.857,364,364,14.36,22.069,31.73,49.742,68.532,69.369,60.073,54.95,39.976,364,364,4.3107,26.421,32.027,44.79,64.011,71.919,73.751,59.681,42.029
365,365,7.6962,16.201,30.654,54.15,65.87,65.049,62.92,61.476,47.229,365,365,13.767,24.533,29.282,53.432,66.661,66.639,62.787,59.124,42.577,365,365,9.2904,25.423,33.871,43.695,61.8,73.914,74.996,66.497,44.391
366,366,15.997,24.126,36.846,54.221,69.707,66.782,64.213,58.257,45.612,366,366,12.995,25.407,32.063,51.66,69.207,67.347,62.903,58.598,41.85,366,366,4.6453,19.951,29.694,49.871,65.992,74.77,74.847,64.94,44.446
367,367,13.994,27.81,36.002,56.383,67.152,65.205,63.114,62.885,47.127,367,367,15.595,20.635,35.279,55.222,69.402,66.848,63.562,61.148,42.949,367,367,4.1591,25.998,32.937,46.655,65.595,74.538,75.116,67.09,45.201
368,368,18.684,30.263,36.28,52.852,63.292,59.494,64.609,64.841,46.862,368,368,15.891,22.227,35.47,53.771,68.233,69.39,62.178,63.081,44.372,368,368,1.2558,25.127,32.276,48.285,62.367,70.614,77.616,67.69,45.909
369,369,17.058,27.471,29.742,51.255,65.214,63.018,63.838,66.799,49.901,369,369,16.891,25.765,33.666,45.953,60.583,62.039,62.676,68.23,50.74,369,369,4.6988,18.139,31.034,48.392,61.671,73.275,77.522,68.803,47.779
370,370,17.185,25.469,30.302,45.98,64.173,63.444,69.737,69.947,50.939,370,370,22.258,20.234,32.14,45.243,68.723,72.262,67.505,66.199,45.994,370,370,2.0476,27.17,31.668,44.985,64.946,76.72,82.273,71.509,49.568
371,371,16.657,23.231,30.093,40.027,67.265,66.595,72.371,73.899,54.049,371,371,17.415,21.655,32.058,45.554,69.032,72.013,71.193,70.093,49.135,371,371,4.6349,23.32,31.682,44.383,65.65,78.449,86.985,75.61,52.931
372,372,14.725,25.017,30.321,45.545,68.296,68.963,74.988,77.179,56.641,372,372,17.483,25.881,31.263,42.397,65.723,68.368,71.611,72.089,52.565,372,372,7.3335,21.603,32.697,42.502,66.211,79.379,88.6,78.311,55.187
373,373,16.06,23.552,26.173,44.459,70.985,69.571,75.121,77.686,56.039,373,373,16.432,25.887,27.103,40.255,64.756,68.132,71.494,71.896,52.606,373,373,7.8126,15.466,34.369,44.671,67.448,77.771,88.842,79.767,56.097
374,374,13.546,20.032,30.7,43.739,67.634,67.442,73.055,75.436,54.49,374,374,16.817,23.101,33.195,42.097,57.715,65.165,69.238,70.557,51.332,374,374,0.47818,21.691,32.434,40.519,62.969,77.731,87.282,78.046,54.689
375,375,17.444,19.45,31.694,43.065,63.109,62.04,71.985,72.74,52.148,375,375,11.784,21.881,29.347,43.311,59.647,63.222,66.746,68.069,48.552,375,375,1.6486,20.27,27.678,45.307,61.681,74.263,85.642,76.309,52.927
376,376,16.746,26.44,28.026,41.974,64.688,62.373,69.207,66.624,47.254,376,376,17.942,24.012,29.59,42.957,61.379,61.274,66.227,63.306,47.23,376,376,-1.5766,14.974,29.936,42.05,60.077,67.32,83.554,73.752,50.633
377,377,14.126,19.082,32.156,42.333,65.719,62.446,63.74,60.364,46.055,377,377,17.103,17.756,33.244,47.692,65.209,63.918,65.123,57.327,42.479,377,377,0.051933,18.817,35.368,52.536,63.488,68.761,77.849,67.103,45.738
378,378,14.435,17.178,29.979,44.616,65.494,63.022,62.56,59.98,43.922,378,378,16.623,21.373,31.064,48.926,64.602,63.326,63.892,57.148,43.024,378,378,4.9938,21.505,32.587,51.198,63.365,68.448,75.645,64.297,43.922
379,379,18.199,27.382,29.684,46.27,63.394,60.954,60.237,57.127,45.282,379,379,21.349,18.38,30.493,44.533,61.712,61.041,59.446,54.101,41.563,379,379,-4.3064,23.003,31.056,49.051,60.849,67.069,72.867,62.261,43.903
380,380,10.38,24.534,31.981,44.935,57.265,57.532,57.459,54.795,46.055,380,380,14.629,22.205,37.452,51.154,61.291,63.959,56.131,52.438,40.211,380,380,-1.9355,20.055,29.902,47.662,57.91,68.239,69.934,58.615,44.742
381,381,10.22,26.271,33.287,42.659,56.208,56.023,57.389,53.094,44.198,381,381,12.516,21.764,32.489,48.386,58.281,59.359,54.827,51.209,39.19,381,381,-3.5991,25.151,29.251,42.051,55.445,65.502,69.043,56.142,40.565
382,382,6.7656,23.382,30.681,46.178,56.833,55.222,53.447,53.662,42.641,382,382,9.5681,21.879,33.115,44.213,59.124,63.589,54.591,52.105,39.207,382,382,0.50912,24.344,32.014,42.674,54.878,62.702,68.694,59.301,41.329
383,383,12.524,20.931,34.039,51.344,61.701,60.988,56.723,54.423,44.308,383,383,14.164,25.484,34.36,47.332,62.068,62.312,60.442,53.222,40.069,383,383,-0.57022,20.977,36.818,44.747,59.402,65.824,74.595,60.212,41.979
384,384,5.341,20.096,35.682,46.315,65.78,64.052,59.438,54.184,41.784,384,384,17.137,20.606,29.129,45.534,60.308,64.29,61.033,52.731,39.591,384,384,-3.3449,22.134,29.148,41.228,57.689,66.314,73.922,60.053,41.398
385,385,4.4595,22.692,31.324,49.083,63.519,61.428,60.757,55.939,43.376,385,385,15,21.234,29.174,49.511,64.306,68.089,62.096,53.802,39.668,385,385,1.5101,19.288,30.647,45.057,59.446,66.225,75.505,61.951,42.426
386,386,8.8096,16.8,33.141,46.257,66.367,63.68,59.679,54.897,42.916,386,386,10.19,29.042,27.052,46.327,69.355,71.026,58.296,53.469,39.609,386,386,1.8794,10.253,27.357,45.007,66.106,68.837,72.838,61.063,41.284
387,387,6.2063,25.456,27.548,45.369,68.015,65.274,58.806,55.33,41.618,387,387,17.376,22.911,26.756,46.665,66.944,69.248,57.676,54.309,39.692,387,387,-0.43187,22.037,30.95,45.939,63.524,65.559,71.606,61.063,41.021
388,388,12.406,24.908,31.366,44.068,66.478,65.025,56.919,55.576,45.161,388,388,19.33,21.953,30.451,46.136,69.931,71.283,57.355,53.616,40.272,388,388,-1.0055,22.23,33.548,44.808,65.166,69.19,70.41,59.817,42.355
389,389,13.546,24.263,34.98,44.743,63.67,64.533,59.086,54.131,43.014,389,389,15.305,22.366,24.694,44.897,67.55,68.008,57.1,54.203,40.052,389,389,2.8605,17.955,33.05,46.648,64.623,69.768,69.019,58.544,41.298
390,390,12.883,22.707,33.214,49.823,64.492,63.938,61.911,55.345,44.869,390,390,17.051,25.441,32.93,50.129,72.759,75.687,59.075,55.164,41.347,390,390,-7.1062,16.822,34.174,46.672,64.712,70.338,71.64,59.324,42.471
391,391,11.893,25.302,32.376,50.835,70.975,67.377,62.102,55.349,44.519,391,391,19.462,22.723,28.6,50.437,71.922,71.382,59.875,54.362,41.462,391,391,-3.2701,21.466,29.882,46.376,66.219,71.46,72.311,57.946,42.97
392,392,10.576,22.599,33.117,50.874,71.27,68.097,64.702,53.112,45.589,392,392,17.498,22.374,34.298,52.928,71.955,70.729,60.928,53.833,40.798,392,392,-2.2086,22.029,33.911,47.531,69.997,72.005,73.902,58.041,43.284
393,393,9.9379,30.194,36.359,50.538,67.984,67.285,63.838,53.794,44.697,393,393,12.581,18.738,31.931,47.953,71.702,72.583,61.025,56.366,40.778,393,393,6.8256,29.637,36.65,48.797,68.492,72.535,72.766,59.21,42.986
394,394,8.4717,21.871,35.864,53.987,70.476,68.456,60.878,53.304,45.521,394,394,18.157,20.402,37.059,58.327,70.688,69.077,59.061,53.728,40.303,394,394,6.2142,26.89,33.212,46.811,66.805,74.242,69.995,56.639,41.66
395,395,3.2178,22.947,35.041,47.686,64.695,62.996,57.149,55.105,44.36,395,395,7.3291,22.61,33.263,51.589,66.95,69.765,57.184,57.036,41.853,395,395,0.83177,29.603,36.099,44.577,63.241,69.978,71.334,60.35,42.568
396,396,4.878,25.532,32.222,46.35,66.091,66.979,57.645,53.214,44.314,396,396,15.691,26.53,32.468,54.583,69.397,72.728,56.301,52.943,39.935,396,396,0.90834,24.309,37.63,49.382,62.703,68.926,66.234,54.035,41.149
397,397,3.3162,21.677,30.234,45.533,64.869,66.077,56.214,52.23,41.654,397,397,14.998,23.589,37.524,54.019,69.253,71.426,57.129,52.299,38.477,397,397,1.2029,27.212,37.731,44.115,62.926,68.065,67.702,55.661,39.741
398,398,2.5106,21.915,34.012,51.836,66.162,66.397,55.908,50.689,43.683,398,398,10.025,23,33.527,51.854,71.331,71.27,55.456,51.513,38.685,398,398,2.3767,19.365,35.777,45.786,63.359,68.302,66.674,53.304,39.773
399,399,-0.1498,28.153,34.714,52.561,65.903,65.879,58.087,53.18,43.829,399,399,15.632,15.858,36.362,53.43,72.597,74.629,57.503,53.427,39.543,399,399,2.4027,21.813,30.964,46.637,65.615,69.428,69.977,56.43,41.356
400,400,9.2271,25.16,36.55,54.754,66.194,67.305,60.352,52.737,44.515,400,400,13.302,24.545,36.867,56.725,70.498,73.282,58.737,53.116,39.9,400,400,3.7486,26.848,29.8,51.14,64.262,72.302,71.08,56.371,40.969
401,401,13.36,24.189,37.954,54.308,66.481,66.539,66.596,57.187,44.682,401,401,8.9974,25.276,33.915,50.133,64.611,70.148,66.18,57.043,41.326,401,401,4.233,25.488,26.214,47.042,62.429,73.608,77.853,64.931,44.243
402,402,7.0499,26.863,29.68,52.433,62.63,61.168,64.012,58.186,47.066,402,402,12.104,21.103,32.554,52.901,65.159,67.683,65.607,58.518,41.993,402,402,5.4745,19.056,21.695,43.941,63.268,73.229,77.931,67.404,46.584
403,403,8.6183,21.834,28.82,56.73,63.193,61.977,64.753,61.957,47.533,403,403,12.411,19.237,32.164,53.302,69.325,70.43,63.753,60.801,43.02,403,403,3.8703,18.472,23.676,49.519,63.519,71.679,76.897,67.603,47
404,404,11.699,24.741,32.072,48.536,63.705,63.568,66.578,65.137,48.617,404,404,20.883,23.739,34.196,45.271,64.729,65.372,63.115,61.338,44.151,404,404,1.3755,25.691,35.438,46.679,64.022,74.824,77.429,68.305,47.443
405,405,10.968,24.972,30.736,43.514,67.851,65.995,68.545,68.742,50.582,405,405,17.011,17.257,36.866,48.157,67.63,68.215,68.764,64.879,46.627,405,405,0.0027002,26.782,36.534,48.187,66.227,78.845,82.819,72.655,50.835
406,406,2.4386,14.557,28.721,48.152,64.408,65.177,71.301,72.203,52.031,406,406,13.37,23.231,28.9,44.118,69.893,71.297,69.838,68.605,47.653,406,406,-0.081484,27.581,31.21,45.687,65.581,78.409,86.051,75.044,51.856
407,407,9.9089,26.728,23.839,46.375,67.217,69.467,74.173,76.448,55.53,407,407,16.464,16.078,31.073,44.093,64.37,68.422,69.776,71.804,50.611,407,407,-2.5124,20.93,34.087,46.602,65.93,79.19,87.637,77.516,54.168
408,408,7.2832,24.455,31.212,46.245,68.972,69.39,76.251,76.792,56.521,408,408,9.1252,18.777,29.868,43.338,66.731,71.723,73.28,71.701,51.573,408,408,2.867,25.02,30.422,46.903,67.808,80.242,89.9,79.808,56.451
409,409,5.0616,28.322,33.995,44.752,68.682,69.305,74.496,75.408,55.217,409,409,6.4727,22.087,31.759,42.839,72.457,77.186,72.223,72.687,53.41,409,409,-5.6828,24.822,31.933,46.985,69.532,83.271,88.83,78.481,55.583
410,410,10.598,23.873,31.091,41.274,65.993,66.299,73.056,72.331,52.563,410,410,10.205,25.401,30.021,44.945,71.33,73.821,69.938,68.306,48.287,410,410,-2.3477,25.118,29.841,42.887,67.664,78.16,87.899,77.699,54.66
411,411,6.164,26.863,32.887,44.373,68.77,70.215,70.794,69.85,49.898,411,411,7.7882,21.134,30.538,43.688,69.1,72.578,66.997,64.44,45.246,411,411,-0.49207,22.894,27.176,43.805,66.316,76.446,85.304,74.381,51.475
412,412,5.8343,24.371,30.97,43.176,68.614,68.334,66.1,59.437,45.178,412,412,18.836,26.085,30.602,49.447,70.21,70.465,62.219,56.694,41.58,412,412,1.8051,22.482,34.298,48.917,64.435,72.199,79.319,66.6,45.238
413,413,4.6282,18.7,28.702,44.283,68.086,64.806,63.81,57.703,43.699,413,413,15.768,25.054,31.646,47.119,68.494,66.216,63.363,54.55,40.644,413,413,0.23333,23.185,35.245,49.505,66.287,69.261,76.8,64.833,43.899
414,414,3.5008,24.768,33.439,44.188,67.521,64.633,60.959,57.534,45.31,414,414,12.783,21.112,31.321,47.406,70.273,63.73,62.047,55.938,41.542,414,414,-9.3804,19.361,29.968,52.763,64.077,70.032,76.863,64.75,44.871
415,415,-1.9038,28.935,29.832,48.293,63.413,59.141,58.74,57.069,42.376,415,415,9.3746,17.194,29.994,48.865,65.201,65.016,58.495,54.054,40.166,415,415,-1.6558,23.385,38.475,45.127,62.778,65.679,72.793,60.95,42.146
416,416,-0.036694,19.776,31.221,46.01,57.32,56.427,56.616,53.102,44.19,416,416,9.9247,17.927,32.998,44.339,62.666,63.48,55.213,49.921,38.775,416,416,-4.3234,22.577,35.076,41.062,54.252,61.928,69.462,57.761,40.937
417,417,4.4814,27.283,32.272,44.247,55.127,56.431,52.27,50.961,42.104,417,417,7.0908,20.868,31.108,45.066,59.835,63.004,51.178,50.344,38.959,417,417,-11.171,25.756,35.627,43.103,59.759,63.61,64.565,49.466,40.686
418,418,5.5962,25.572,29.306,45.472,61.768,58.626,54.555,51.1,44.4,418,418,8.3936,19.649,34.654,45.012,62.059,64.435,55.278,49.988,39.27,418,418,0.18968,16.565,33.138,42.909,60.386,64.167,67.333,55.444,41.708
419,419,9.3803,21.008,32.688,47.91,62.013,58.261,59.903,52.85,42.178,419,419,15.448,20.924,36.239,43.612,61.553,63.946,59.775,50.987,38.386,419,419,-1.2309,23.75,32.793,42.605,57.818,64.547,73.729,59.605,41.653
420,420,6.463,17.139,33.823,43.893,56.883,57.881,57.982,51.971,44.133,420,420,19.423,23.289,33.407,44.912,60.911,65.097,58.535,51.121,38.997,420,420,6.868,25.909,33.124,41.556,58.817,65.227,72.967,57.304,41.262
421,421,7.9431,24.046,32.707,45.147,62.206,63.464,59.561,53.374,41.513,421,421,13.383,23.368,23.763,44.425,62.78,67.216,59.753,51.051,38.905,421,421,7.9099,25.042,37.856,41.954,56.502,65.065,73.291,61.066,41.802
422,422,-4.3163,18.579,32.701,45.944,61.009,60.747,60.478,55.943,44.097,422,422,13.111,20.592,35.293,48.005,65.599,70.14,59.446,53.43,39.835,422,422,4.254,23.753,35.729,44.522,58.795,68.95,74.325,62.546,42.461
423,423,8.3856,24.585,31.918,45.961,61.057,60.867,59.154,58.846,43.168,423,423,11.688,22.214,35.344,45.568,60.088,61.857,58.79,55.462,40.41,423,423,9.2441,25.364,30.23,41.388,56.887,68.211,73.526,65.178,43.048
424,424,5.9282,23.504,27.798,44.018,61.213,59.691,59.849,62.396,45.211,424,424,-0.99183,24.209,37.15,48.946,62.251,63.628,58.41,58.822,41.521,424,424,5.1941,28.527,32.705,44.912,59.098,68.874,74.329,64.889,43.535
425,425,6.914,19.363,24.647,44.274,62.3,60.197,61.069,59.633,44.248,425,425,9.7985,19.9,35.218,48.127,63.481,64.559,57.63,57.966,41.157,425,425,5.6309,25.359,29.804,47.933,57.608,69.863,75.446,64.445,43.592
426,426,7.2744,16.558,34.774,48.269,59.458,55.366,52.788,54.834,43.924,426,426,4.9799,23.14,33.516,46.617,60.711,62.908,52.995,52.966,38.489,426,426,1.3766,22.11,32.511,45.116,54.722,64.222,65.556,55.988,39.919
427,427,9.2238,23.828,33.407,44.344,54.008,51.692,50.617,54.386,42.011,427,427,8.8659,22.987,33.362,46.502,56.392,59.472,51.113,51.629,38.551,427,427,3.992,24.545,33.326,43.912,52.222,60.567,63.382,54.383,39.614
428,428,3.4374,25.12,34.531,44.886,55.73,56.348,50.152,50.927,41.659,428,428,3.4686,17.42,33.448,43.995,54.078,55.588,48.333,50.221,37.838,428,428,-1.017,24.053,32.994,42.643,55.877,59.864,61.369,53.546,39.686
429,429,2.704,26.37,33.014,43.119,57.472,57.445,49.899,52.093,44.742,429,429,9.1701,15.697,30.072,45.256,55.943,56.652,48.726,51.313,39.268,429,429,3.0352,22.991,27.089,41.809,55.38,60.862,62.227,52.571,41.121
430,430,9.636,23.649,34.948,44.267,60.294,58.391,48.402,49.681,42.601,430,430,14.301,20.626,33.029,42.543,60.404,59.056,48.271,50.596,38.241,430,430,0.029275,19.003,29.134,41.867,58.833,61.417,59.286,47.95,40.982
431,431,7.6811,14.646,29.007,41.786,58.273,55.727,48.31,50.128,42.266,431,431,10.8,22.45,33.724,46.087,63.385,59.993,47.807,49.693,38.312,431,431,4.5786,18.129,31.169,44.354,60.549,63.722,59.516,49.229,38.763
432,432,2.5644,20.674,29.02,46.511,58.816,55.557,49.366,51.057,41.849,432,432,14.544,19.435,33.218,49.929,68.554,63.289,50.052,51.976,38.313,432,432,-3.0244,24.556,29.369,45.082,64.789,63.353,61.767,49.638,39.582
433,433,4.2116,26.636,29.005,43.209,62.008,59.782,52.042,50.831,43.874,433,433,7.6979,20.748,32.211,48.828,64.087,61.364,51.104,50.264,38.623,433,433,5.5312,29.903,29.545,46.752,59.983,66.534,65.973,52.479,40.278
434,434,12.041,22.024,29.048,45.505,59.28,56.207,51.367,52.373,42.03,434,434,15.577,22.065,32.848,47.52,66.96,60.946,50.238,52.999,38.958,434,434,4.2055,29.672,30.971,43.447,61.204,61.813,64.337,54.64,40.358
435,435,9.4298,24.207,31.404,44.306,68.625,61.493,50.172,51.245,44.229,435,435,15.53,22.105,29.564,47.747,73.092,64.179,50.815,50.479,38.736,435,435,22.466,39.632,42.431,44.793,68.032,64.114,64.501,53.198,40.695
436,436,11.836,24.852,31.452,43.616,64.732,62.665,54.559,53.71,42.476,436,436,11.368,24.93,29.874,46.068,70.013,63.191,51.53,51.829,39.156,436,436,40.567,44.68,37.138,43.996,68.137,67.069,67.091,56.511,40.874
437,437,15.433,27.264,32.701,43.585,67.889,65.74,59.507,60.795,44.974,437,437,18.481,15.986,33.672,46.342,68.133,64.284,59.898,57.528,41.217,437,437,39.337,35.025,30.975,44.55,66.976,69.432,75.73,64.761,43.219
438,438,15.528,26.501,34.915,45.101,68.744,69.576,63.296,67.205,47.988,438,438,20.212,22.248,33.3,46.852,67.761,69.343,63.27,63.54,45.594,438,438,30.489,26.796,33.418,39.913,64.464,71.569,77.926,68.364,46.133
439,439,8.0573,22.396,31.36,48.572,70.933,70.86,67.207,70.655,51.443,439,439,14.015,26.259,35.297,46.026,67.169,68.375,64.894,66.174,48.036,439,439,26.339,23.423,31.536,44.356,69.517,74.399,81.403,73.747,49.31
440,440,20.054,26.388,32.811,46.592,70.874,70.748,66.825,68.392,49.443,440,440,14.519,25.393,34.5,44.728,66.39,69.648,64.869,64.067,45.854,440,440,22.121,20.568,32.49,43.48,70.103,76.852,81.583,71.813,48.376
441,441,22.274,21.971,31.046,47.672,65.195,63.18,63.968,66.124,48.431,441,441,-1.6256,24.164,33.422,44.526,65.933,69.483,63.203,62.686,43.99,441,441,14.656,21.853,30.741,44.399,63.443,76.862,81.006,68.715,45.826
442,442,13.517,22.31,31.785,44.321,62.853,60.732,57.6,57.492,42.301,442,442,8.4785,18.707,31.475,46.595,65.747,67.536,56.235,55.352,39.317,442,442,9.0189,25.665,35.341,45.945,61.556,70.16,71.503,60.111,40.672
443,443,14.915,21.406,31.995,45.266,61.904,57.669,54.233,52.111,44.089,443,443,8.1137,20.572,32.97,46.625,63.109,64.952,51.417,51.18,39.051,443,443,6.5258,28.46,35.298,45.521,62.086,65.847,65.399,56.057,40.372
444,444,6.8607,26.4,30.592,46.027,64.429,58.822,50.823,52.835,42.428,444,444,10.092,25.382,32.093,48.029,66.369,64.656,50.681,51.699,38.878,444,444,-1.8791,29.746,32.899,47.577,68.026,68.518,65.013,55.821,39.553
445,445,2.7162,21.388,33.661,45.11,64.418,57.6,55.477,57.434,44.684,445,445,6.5268,18.813,32.556,45.412,61.595,57.383,53.153,60.215,43.636,445,445,-1.5162,19.648,35.457,44.893,62.309,65.868,70.062,60.767,41.666
446,446,7.251,26.243,31.054,42.803,62.753,59.841,54.727,55.591,42.144,446,446,13.551,24.641,32.963,43.066,67.685,65.179,54.373,54.599,39.444,446,446,-6.1218,25.18,37.802,44.453,64.498,69.082,70.498,59.911,40.166
447,447,13.213,18.619,30.685,44.15,67.779,63.64,50.379,52.693,44.08,447,447,13.352,19.461,30.756,48.946,69.618,64.509,50.733,51.864,39.299,447,447,2.4103,23.215,32.086,49.277,66.197,65.251,63.165,53.052,39.211
448,448,11.303,21.85,27.544,44.686,63.43,56.027,50.679,51.819,40.567,448,448,21.5,26.057,32.296,50.195,67.436,63.935,50.109,51.483,38.712,448,448,8.6404,24.711,32.793,49.805,64.402,60.462,61.607,51.974,38.338
449,449,5.2944,21.477,32.183,45.603,60.528,57.182,53.893,52.156,43.085,449,449,21.028,26.483,31.611,47.271,60.446,60.012,54.406,53.842,38.805,449,449,5.7072,22.689,33.67,45.575,58.024,59.812,66.085,53.5,39.291
450,450,7.4624,22.127,29.528,42.828,55.968,55.383,57.634,51.874,41.014,450,450,19.427,15.832,34.903,46.62,63.531,66.827,57.396,52.498,38.784,450,450,7.5852,22.605,30.737,39.953,58.213,64.251,71.68,57.795,39.799
451,451,11.9,19.999,30.639,45.308,59.021,57.807,60.202,54.531,44.18,451,451,17.678,24.405,33.857,41.877,59.934,60.75,60.671,53.474,39.454,451,451,2.9111,26.246,33.829,38.568,57.62,65.677,74.804,59.851,41.13
452,452,9.9567,20.208,30.732,48.039,62.168,62.964,61.393,54.522,41.851,452,452,19.502,20.979,34.613,45.621,65.57,68.498,62.778,53.819,40.214,452,452,5.4514,21.686,31.053,46.348,63.259,71.344,74.791,62.131,41.489
453,453,9.9543,17.882,29.732,45.794,62.312,63.424,60.905,59.404,45.178,453,453,19.344,19.609,30.205,41.036,66.74,71.445,61.29,55.431,41.029,453,453,9.1695,11.786,35.46,44.265,62.079,69.757,75.255,63.421,42.567
454,454,12.738,27.4,31.054,50.838,62.678,64.979,61.532,59.382,44.061,454,454,17.817,19.066,33.198,49.062,66.101,68.302,60.469,54.939,40.894,454,454,6.4748,21.455,28.659,47.205,63.512,70.765,74.117,62.83,42.03
455,455,12.669,27.293,32.671,52.295,63.293,63.029,60.581,60.771,45.476,455,455,17.325,19.72,28.892,49.913,65.41,68.875,59.607,57.172,41.569,455,455,1.2108,26.62,28.1,44.334,61.173,70.912,73.099,60.711,41.901
456,456,10.383,21.216,35.232,51.926,67.688,69.249,58.987,57.985,42.723,456,456,17.044,25.258,34.448,53.621,71.663,75.72,60.458,56.042,40.768,456,456,0.75318,23.595,35.24,49.738,65.076,70.447,72.243,59.089,41.37
457,457,12.524,20.099,36.596,52.338,65.411,67.765,64.238,64.578,47.179,457,457,17.613,23.83,33.769,53.514,68.657,73.121,65.569,59.863,42.802,457,457,4.4228,29.972,39.402,48.444,62.384,74.648,78.33,66.866,45.07
458,458,15.626,21.421,35.04,56.017,67.812,67.31,68.104,67.216,49.457,458,458,12.838,22.528,34.148,55.909,71.65,73.248,69.028,63.224,45.772,458,458,0.66123,29.318,32.482,51.247,64.578,76.335,82.84,73.571,50.266
459,459,10.524,19.68,32.384,57.617,69.913,70.484,71.583,68.694,50.158,459,459,8.2299,23.355,38.286,58.193,71.137,74.911,70.235,65.542,48.153,459,459,2.4289,26.837,33.521,46.974,65.163,75.316,84.283,74.239,50.982
460,460,10.712,23.724,35.503,54.795,72.182,72.377,71.335,69.477,51.303,460,460,12.926,21.093,33.451,54.413,68.201,71.46,71.802,65.939,48.287,460,460,2.5754,26.377,36.773,51.682,68.828,76.756,85.032,75.417,52.336
461,461,10.288,24.521,28.389,57.323,68.895,69.741,75.16,73.906,53.502,461,461,10.4,26.14,33.193,55.314,69.215,72.129,74.645,70.026,50.568,461,461,1.7874,26.363,32.365,52.782,66.856,76.566,89.699,78.846,55.52
462,462,9.9285,22.845,34.446,51.246,70.282,70.324,77.153,73.207,53.355,462,462,16.306,12.209,33.898,49.659,69.011,71.212,75.027,69.552,49.873,462,462,-3.1225,23.383,36.357,47.526,67.315,79.876,92.625,81.489,58.038
463,463,10.937,24.162,34.852,45.183,69.571,71.399,78.876,75.339,54.4,463,463,9.0279,20.691,37.204,51.484,73.87,76.067,75.637,70.214,50.127,463,463,1.1239,24.992,39.806,47.564,67.763,84.807,93.813,81.153,57.717
464,464,10.268,25.912,36.051,45.956,69.328,71.916,78.076,76.57,55.445,464,464,4.9583,24.102,29.626,49.44,71.395,74.95,74.966,71.757,50.714,464,464,10.42,22.953,36.691,51.076,67.777,85.665,92.734,79.89,56.088
465,465,14.141,27.335,34.756,50.969,68.485,72.824,78.847,75.436,53.936,465,465,11.12,27.83,35.068,45.831,67.116,71.062,73.391,71.632,51.049,465,465,9.3792,24.897,34.883,46.68,66.932,84.289,91.147,78.327,54.731
466,466,8.9472,28.213,28.616,47.322,71.495,71.933,76.777,73.491,51.959,466,466,16.278,24.829,34.558,45.374,70.138,74.423,72.555,69.703,48.089,466,466,0.79026,23.989,34.618,46.87,67.272,80.438,89.648,80.553,55.715
467,467,11.487,24.935,37.628,45.875,67.471,68.065,75.225,72.002,50.371,467,467,19.862,22.163,29.322,46.046,64.703,67.282,71.96,68.454,47.084,467,467,3.759,22.268,32.097,45.998,66.532,79.821,90.259,78.963,54.948
468,468,9.9859,28.207,33.88,47.562,67.975,67.987,72.948,69.643,48.011,468,468,18.556,21.977,32.732,44.475,63.394,65.165,71.187,65.279,45.11,468,468,8.0691,22.149,35.963,47.303,64.112,78.904,87.948,77.725,53.681
469,469,11.299,23.589,27.777,46.359,64.033,64.823,70.048,68.089,47.535,469,469,12.16,25.162,34.778,46.328,61.014,64.107,65.825,61.884,42.866,469,469,4.1854,23.908,29.896,47.571,61.08,75.586,84.985,75.865,51.927
470,470,11.545,25.923,29.234,48.347,61.133,61.165,66.456,64.886,45.238,470,470,20.016,22.042,34.66,46.843,62.236,65.525,63.383,59.145,41.753,470,470,1.6111,25.674,34.959,41.081,61.094,73.45,80.187,71.426,47.425
471,471,18.85,27.579,32.006,44.225,62.878,62.195,63.638,61.21,44.243,471,471,23.981,28.795,31.568,47.186,63.366,64.769,62.691,57.094,40.884,471,471,-0.45789,29.783,36.587,48.165,62.166,70.97,75.896,64.795,43.525
472,472,20.572,20.45,33.706,50.877,67.206,64.645,64.706,59.32,44.651,472,472,25.648,21.947,32.504,49.272,66.293,68.133,63.298,57.197,41.115,472,472,6.3253,28.624,32.841,48.643,65.149,73.349,78.481,66.156,44.461
473,473,18.225,24.248,37.619,53.667,67.536,65.982,61.684,61.305,44.047,473,473,17.905,23.958,35.219,53.097,67.303,68.101,62.364,56.827,41.439,473,473,2.956,25.142,32.32,50.12,63.709,72.03,77.289,66.272,45.043
474,474,12.028,29.45,38.021,54.067,60.939,61.207,60.12,59.496,44.513,474,474,16.723,24.936,39.738,51.201,61.982,63.124,59.974,56.785,41.559,474,474,4.4784,29.251,35.22,48.639,58.818,70.288,74.043,62.363,42.236
475,475,8.8999,27.334,32.668,53.677,58.633,57.149,56.507,55.633,41.648,475,475,21.092,26.326,35.021,49.699,60.031,58.856,57.536,53.468,39.977,475,475,-8.5272,31.34,32.951,42.81,56.429,64.043,70.284,59.08,40.729
476,476,11.23,29.454,37.419,52.599,58.269,56.312,54.923,54.764,43.175,476,476,14.227,24.537,33.284,49.423,57.908,58.791,54.096,52.002,39.303,476,476,-1.482,29.401,30.624,45.555,57.351,63.14,67.598,57.652,39.753
477,477,16.564,26.805,34.777,49.128,55.869,56.107,57.467,53.299,41.463,477,477,18.239,23.704,34.949,48.982,56.454,57.746,58.597,52.054,39.309,477,477,1.8716,24.935,34.838,42.668,53.984,64.411,73.081,62.496,41.917
478,478,15.784,22.117,34.268,46.528,56.886,57.027,59.863,54.618,44.228,478,478,17.512,18.753,32.628,44.693,61.67,65.234,56.972,53.148,39.681,478,478,4.7111,14.799,35.586,40.567,57.416,69.37,74.969,62.876,42.384
479,479,12.098,24.406,30.956,48.164,57.611,57.894,60.292,54.854,42.198,479,479,5.2976,20.909,32.912,45.541,58.92,63.055,59.881,52.528,39.258,479,479,6.0379,26.468,32.774,44.098,55.053,69.787,73.687,59.895,41.019
480,480,5.9091,25.685,33.603,50.015,61.424,61.471,60.399,54.843,43.947,480,480,11.083,26.727,32.132,47.03,60.86,62.93,60.685,53.792,39.453,480,480,3.8198,24.373,36.227,45.48,59.315,68.73,74.985,62.935,42.325
481,481,10.115,22.556,34.819,47.007,63.072,60.504,59.404,54.638,42.041,481,481,17.531,26.386,32.92,47.394,65.354,68.042,59.826,53.246,39.706,481,481,2.9227,24.065,29.406,47.011,62.309,68.311,74.082,63.044,42.34
482,482,8.3658,29.181,33.788,45.826,64.908,62.528,57.287,53.532,43.825,482,482,11.852,27.434,32.953,49.259,65.774,64.858,57.192,52.972,39.482,482,482,2.1676,28.565,33.741,44.055,63.095,65.819,70.05,61.457,41.373
483,483,11.402,26.841,30.21,46.752,57.915,56.68,54.279,54.703,42.582,483,483,14.313,25.425,31.012,46.391,60.984,61.661,55.541,53.747,39.569,483,483,1.4841,28.238,33.381,43.483,58.985,61.436,67.207,60.022,40.391
484,484,13.486,25.311,31.756,42.04,62.701,58.346,53.246,53.381,43.762,484,484,12.616,24.035,29.789,48.259,62.335,61.333,53.197,53.68,40.172,484,484,-0.37052,24.102,35.315,46.874,62.891,64.162,67.285,57.713,40.092
485,485,15.045,25.501,34.36,45.952,59.065,55.382,51.55,52.943,41.966,485,485,17.005,22.958,31.777,45.494,59.726,61.675,51.589,51.984,38.693,485,485,0.69701,21.645,29.279,43.499,58.694,66.376,67.021,57.336,39.437
486,486,16.925,24.462,27.85,43.347,62.801,60.801,54.449,50.513,43.584,486,486,19.839,22.06,32.351,46.227,63.262,63.671,55.507,51.35,38.861,486,486,4.8778,19.689,29.966,41.505,60.552,69.436,68.538,56.007,39.498
487,487,13.13,21.714,30.257,43.35,60.62,57.343,53.424,51.798,41.477,487,487,15.943,18.348,31.226,46.687,59.301,58.155,53.409,50.673,38.508,487,487,-3.2415,23.602,29.963,42.87,55.677,63.714,65.769,56.199,39.59
488,488,9.4299,25.226,27.928,39.348,57.808,53.194,49.974,54.63,43.798,488,488,10.022,18.977,33.422,42.443,60.571,59.721,49.256,52.14,39.512,488,488,-0.072753,29.562,35.514,41.547,59.837,60.275,63.303,56.48,39.652
489,489,5.9135,23.184,29.02,42.084,59.419,54.725,55.299,54.165,42.863,489,489,11.27,22.192,33.233,45.17,61.926,62.947,52.848,52.201,39.203,489,489,-2.3653,25.815,32.437,45.661,60.627,65.002,67.459,58.163,40.706
490,490,6.1281,22.48,29.983,45.98,63.263,60.666,54.84,57.041,44.587,490,490,6.0602,25.9,33.271,43.556,62.24,63.3,54.224,54.422,39.396,490,490,1.9478,30.596,31.677,43.803,61.938,69.051,69.754,59.413,40.645
491,491,7.9843,22.658,33.9,45.885,63.962,61.349,60.258,60.308,44.154,491,491,11.459,24.451,30.132,46.5,63.265,62.134,57.209,56.901,41.057,491,491,2.2608,25.883,32.987,42.488,63.398,71.94,74.543,63.821,42.898
492,492,6.5599,14.7,27.908,49.973,68.445,64.794,61.899,59.811,45.554,492,492,13.801,20.316,30.79,51.343,67.769,66.662,60.111,56.971,40.986,492,492,2.8232,26.835,27.449,46.696,65.054,73.428,75.16,64.813,43.945
493,493,6.2047,24.243,31.485,54.508,66.385,61.13,63.411,59.086,44.186,493,493,10.867,26.917,32.048,51.03,66.232,67.281,60.935,56.696,41.601,493,493,-1.0359,27.859,35.181,46.796,66.542,71.735,74.557,62.677,43.091
494,494,12.606,24.404,32.495,54.724,69.459,67.87,66.089,60.582,45.92,494,494,19.367,18.635,35.071,53.943,70.569,71.039,62.385,57.613,42.133,494,494,6.8971,27.341,32.324,49.041,67.332,75.594,76.795,65.998,44.317
495,495,14.334,19.987,32.213,53.96,69.241,66.354,65.486,58.438,44.48,495,495,19.085,21.957,30.501,58.601,71.792,69.746,62.818,58.055,41.971,495,495,4.9282,24.099,32.211,45.778,69.571,74.032,73.829,61.643,42.915
496,496,7.5979,21.265,30.451,50.27,69.194,67.904,66.27,56.328,46.299,496,496,3.8838,23.845,37.146,57.897,70.531,71.186,63.16,56.104,41.799,496,496,2.927,26.119,31.164,47.11,66.918,74.567,75.571,62.507,44.18
497,497,7.0755,19.306,37.553,53.479,73.791,73.18,63.716,57.173,43.886,497,497,8.8697,25.536,34.073,56.288,71.245,72.292,61.739,56.399,41.465,497,497,4.6411,29.124,34.242,49.344,64.71,74.181,72.618,60.057,41.87
498,498,8.0045,25.11,32.939,54.155,68.413,66.48,62.052,54.799,44.581,498,498,9.0419,24.851,33.797,58.157,69.388,71.197,58.843,55.806,40.406,498,498,9.3632,23.786,34.34,51.848,64.028,72.604,68.848,58.182,41.452
499,499,8.8591,21.609,32.566,47.609,61.715,60.221,58.117,53.686,43.155,499,499,11.338,23.61,33.707,52.604,66.777,67.346,57.509,54.51,40.564,499,499,6.402,22.755,38.942,46.326,61.952,68.712,69.479,58.501,40.962
500,500,8.1157,20.029,30.998,46.814,61.716,62.701,57.058,53.355,43.477,500,500,9.8851,21.522,32.335,45.293,64.859,68.081,58.854,53.252,40.207,500,500,4.613,20.439,30.427,46.524,62.006,68.338,71.163,59.089,40.76
501,501,11.271,21.499,29.671,47.849,63.929,62.892,58.994,52.943,41.088,501,501,6.2521,21.577,33.076,47.958,62.478,63.678,60.296,52.513,39.26,501,501,2.7998,26.17,29.313,39.499,61.424,67.417,73.592,60.602,40.956
502,502,6.7084,20.918,31.774,44.942,58.298,61.116,61.192,57.975,44.498,502,502,14.824,23.051,34.725,47.165,63.786,68.019,62.173,55.772,40.859,502,502,6.8201,21.872,32.966,41.817,60.66,71.572,74.543,62.618,41.491
503,503,4.2305,16.903,31.621,50.722,61.618,62.508,61.344,60.624,44.171,503,503,5.1072,19.084,26.757,46.509,65.978,71.239,62.099,55.752,41.497,503,503,4.1808,28.225,36.415,40.714,61.432,70.357,74.297,63.59,42.823
504,504,2.2447,22.742,28.61,49.799,59.101,61.309,60.906,61.945,46.05,504,504,13.641,26.08,31.618,43.402,59.253,65.305,59.419,55.292,41.683,504,504,1.4505,25.869,36.349,42.867,59.566,69.24,73.006,61.205,42.821
505,505,9.8649,23.424,34.009,53.372,60.834,58.964,58.787,61.628,45.089,505,505,21.461,24.216,32.81,44.965,60.736,64.688,55.997,56.663,42.144,505,505,-0.54645,24.537,31.729,44.306,58.943,67.683,69.658,62.142,42.506
506,506,10.805,21.629,33.944,48.721,55.974,56.037,56.325,58.819,44.935,506,506,17.038,24.512,32.159,41.548,57.659,59.969,59.279,53.581,40.968,506,506,1.3359,23.814,30.899,42.751,55.461,62.247,71.59,59.74,41.593
507,507,15.789,22.671,30.798,44.954,60.884,59.213,64.912,64.082,46.31,507,507,15.103,24.857,31.461,44.748,61.424,62.514,65.505,59.23,43.353,507,507,3.9922,21.1,36.023,41.787,56.57,67.129,77.627,66.36,44.816
508,508,9.8891,25.464,33.633,45.496,59.354,59.973,68.328,66.716,48.795,508,508,11.286,25.809,29.894,44.785,60.938,62.525,68.598,63.654,46.661,508,508,3.3881,19.231,36.411,41.723,57.553,70.393,80.774,72.153,48.592
509,509,11.988,26.299,29.942,44.273,69.799,69.538,69.762,67.534,48.92,509,509,17.485,17.879,34.202,45.554,65.656,66.139,70.17,64.286,47.439,509,509,1.4658,22.28,29.634,46.064,64.259,71.871,83.265,72.276,49.176
510,510,9.2804,26.896,37.464,41.572,69.025,70.165,70.873,68.602,49.737,510,510,14.835,21.443,30.17,44.833,63.669,65.406,71.463,65.02,48.56,510,510,-0.99833,19.115,32.608,46.577,64.01,73.356,84.486,74.233,51.243
511,511,12.076,20.732,28.712,43.511,69.69,71.066,75.063,72.665,51.741,511,511,19.607,21.44,36.43,44.475,65.58,67.018,73.834,67.963,49.38,511,511,1.2217,19.597,35.018,42.733,65.185,77.848,89.525,79.061,55.465
512,512,13.718,22.662,31.366,44.398,67.264,70.875,76.816,72.297,52.219,512,512,13.21,23.752,31.863,44.492,64.212,68.515,74.932,68.775,50.172,512,512,7.4945,19.632,36.326,45.942,62.287,81.3,93.116,81.358,57.923
513,513,13.318,20.996,32.691,45.61,66.762,71.305,77.561,71.421,51.129,513,513,14.242,24.365,35.337,45.884,64.902,67.451,75.214,67.774,48.535,513,513,3.4239,21.997,36.67,44.271,61.184,84.232,92.712,80.039,56.53
514,514,11.165,22.395,29.22,47.682,60.942,68.323,75.693,70.026,50.462,514,514,15.487,27.616,33.229,48.412,58.503,63.728,71.86,66.064,47.447,514,514,4.8543,16.937,35.575,43.479,58.923,81.325,90.405,77.083,54.094
515,515,15.995,22.253,35.441,45.07,63.861,67.953,75.694,69.83,49.011,515,515,14.71,28.979,35.431,41.213,59.813,66.529,71.418,64.671,45.702,515,515,6.6402,30.32,32.159,41.819,61.189,81.65,89.74,73.175,50.081
516,516,10.985,21.714,33.257,47.65,64.527,67.152,70.176,64.436,46.315,516,516,16.692,31.434,33.837,42.893,68.715,74.496,69.348,60.983,42.924,516,516,8.642,35.611,37.478,41.734,63.801,78.712,85.639,66.238,45.166
517,517,11.217,28.81,34.088,48.882,59.924,66.048,71.111,63.591,47.13,517,517,10.749,25.193,36.901,45.468,65.423,69.265,68.889,61.109,44.236,517,517,4.7228,30.561,33.701,42.534,58.579,77.628,86.885,66.67,47.363
518,518,12.441,25.503,29.135,43.628,56.462,62.194,66.806,61.03,46.221,518,518,11.774,13.842,31.689,44.083,62.077,66.129,60.674,58.29,42.717,518,518,-0.19948,27.92,34.377,43.345,59.457,77.618,81.41,68.785,47.229
519,519,6.7226,20.258,31.406,40.925,54.602,54.73,54.443,56.82,45.362,519,519,8.7199,14.106,36.071,46.711,57.372,60.802,51.638,54.035,40.632,519,519,4.8489,25.464,32.583,42.76,53.062,70.141,70.566,59.456,43.145
520,520,10.183,23.341,30.951,45.668,52.302,54.35,52.136,53.79,43.638,520,520,11.994,21.468,30.961,45.242,59.023,64.142,51,53.36,40.434,520,520,7.5274,21.004,34.543,43.265,53.772,65.411,64.604,54.744,41.697
521,521,7.1554,24.369,35.016,46.628,51.869,51.601,48.854,53.2,45.376,521,521,18.356,19.028,33.045,45.998,55.176,58.37,49.8,53.453,41.826,521,521,0.82631,22.853,30.706,42.976,53.033,61.24,62.536,55.004,42.398
522,522,14.922,25.414,26.263,44.138,52.002,54.532,56.878,53.828,45.512,522,522,19.434,20.734,26.918,45.707,54.24,58.655,57.917,52.684,45.415,522,522,3.7465,19.593,29.367,39.466,54.018,69.294,72.167,54.868,47.072
523,523,14.964,22.671,32.901,46.73,57.53,57.473,50.097,53.181,47.468,523,523,19.796,17.17,27.186,42.328,60.636,64.581,48.837,52.659,42.987,523,523,-0.41968,28.844,34.247,38.21,53.711,63.819,62.742,51.737,46.138
524,524,4.5786,20.39,35.4,43.709,52.027,50.9,44.792,52.674,44.081,524,524,14.105,21.49,31.485,43.164,51.718,52.948,45.145,52.545,41.387,524,524,3.6015,26.791,38.201,39.273,47.8,58.218,59.514,52.484,42.492
525,525,7.4931,24.869,33.913,42.721,49.746,49.986,47.665,55.285,47.923,525,525,20.351,18.498,31.103,42.798,49.268,49.573,46.037,54.286,42.795,525,525,8.4209,29.794,35.498,38.465,47.86,58.245,61.923,58.147,44.739
526,526,13.538,23.718,28.977,44.497,49.475,50.013,45.86,57.793,47.824,526,526,15.93,28.335,33.273,42.631,50.662,52.784,44.225,53.956,41.31,526,526,5.8101,24.733,36.944,41.85,47.466,56.608,58.462,54.159,44.585
527,527,15.168,22.435,30.723,43.206,51.218,48.326,43.648,53.645,49.569,527,527,16.446,25.987,34.524,47.063,49.598,49.008,43.615,57.669,44.536,527,527,8.3088,22.196,36.216,41.687,48.28,55.499,58.485,52.222,47.534
528,528,20.151,19.333,33.153,43.438,49.737,48.002,46.743,58.907,52.004,528,528,25.338,27.095,37.562,45.302,49.679,50.894,48.008,69.792,55.955,528,528,6.5558,22.296,35.134,42.448,46.756,55.942,67.085,63.17,52.196
529,529,17.153,23.343,35.36,41.347,52.126,51.01,46.149,54.944,51.01,529,529,22.708,32.458,39.644,41.76,48.094,50.608,46.311,63.573,49.686,529,529,1.5724,35.023,42.268,38.898,47.64,55.271,63.81,57.307,49.236
530,530,13.361,28.188,33.987,42.914,47.816,47.116,44.518,51.823,47.221,530,530,20.999,26.4,40.256,40.584,47.426,48.476,44.951,52.401,41.351,530,530,-2.7548,26.761,38.036,37.554,47.338,55.892,56.999,49.747,45.591
531,531,11.153,24.183,32.974,44.024,48.679,46.292,46.881,55.159,48.014,531,531,18.434,27.268,33.61,43.59,48.836,50.67,45.151,56.093,42.489,531,531,3.5533,29.538,33.851,40.633,46.291,56.912,58.907,53.82,45.056
532,532,19.183,28.727,35.378,48.827,51.527,47.917,47.439,56.64,44.418,532,532,23.711,24.427,30.337,44.663,52.188,56.432,45.552,60.297,44.683,532,532,5.1927,25.35,36.898,35.872,48.344,59.367,62.461,59.184,43.459
533,533,16.501,25.973,37.833,48.902,51.13,48.331,47.276,61.913,48.435,533,533,22.321,29.004,37.484,45.657,54.625,57.54,47.406,59.863,47.029,533,533,-0.57145,23.763,32.344,41.612,47.992,57.596,63.806,61.696,44.134
534,534,14.012,22.245,32.308,41.632,53.235,52.427,51.283,67.727,51.345,534,534,20.188,25.227,34.056,42.286,54.546,59.472,50.46,65.556,49.419,534,534,0.33254,31.175,36.771,41.503,51.376,59.523,66.377,65.624,46.294
535,535,8.3015,21.411,30.247,42.126,54.63,55.764,57.364,72.259,56.509,535,535,11.152,22.631,35.305,44.773,56.62,60.712,53.036,65.615,51.966,535,535,5.2316,30.093,40.94,46.703,52.364,65.439,73.009,69.427,49.962
536,536,17.155,36.816,40.504,54.646,64.25,63.914,51.535,63.62,52.628,536,536,18.726,32.081,37.884,45.684,64.399,68.514,50.535,57.825,49.159,536,536,14.676,35.942,40.452,53.166,60.874,71.044,66.834,58.05,48.343
537,537,24.022,40.788,43.109,51.582,52.873,51.638,54.269,60.469,52.946,537,537,26.633,39.668,44.914,44.637,55.469,59.938,53.826,54.912,48.902,537,537,20.327,39.463,46.851,47.94,49.771,62.126,68.554,55.542,49.074
538,538,26.212,43.169,65.523,72.909,77.189,74.57,70.401,70.557,58.232,538,538,28.656,41.934,64.852,78.628,79.117,77.993,71.939,67.86,55.74,538,538,15.812,31.736,48.054,62.313,65.604,64.193,72.683,67.765,59.973
539,539,32.329,49.97,59.321,56.7,69.739,67.37,68.641,71.637,75.113,539,539,25.912,50.118,57.739,60.058,65.047,62.024,60.874,61.4,65.431,539,539,7.6569,32.436,41.029,48.421,55.297,43.973,54.451,57.36,59.015
540,540,32.6,30.207,32.382,-7.7297,-41.654,-146.54,-363.16,-600.56,-1383,540,540,31.37,30.495,34.616,0.94488,-47.727,-152.47,-371.31,-611.16,-1392.7,540,540,16.592,13.816,14.703,-18.439,-53.979,-170.16,-381.63,-614.13,-1399.3
541,541,26.496,20.043,11.169,-62.256,-149.16,-361.41,-795.32,-1274.7,-2839.7,541,541,22.074,19.917,12.643,-51.434,-155.05,-367.19,-803.9,-1285.3,-2849.3,541,541,13.23,2.3106,-6.4487,-72.203,-161.38,-385.08,-815.14,-1288.3,-2856
542,542,22.645,9.1999,-10.031,-115.76,-256.7,-576.23,-1228.8,-1948.8,-Inf,542,542,18.521,8.8538,-9.1072,-106.67,-262.34,-581.93,-1237.9,-1959.4,-Inf,542,542,6.133,-9.5112,-27.608,-125.57,-268.81,-599.97,-1249.3,-1962.4,-Inf
543,543,15.3,-1.7162,-31.348,-169.42,-364.25,-791.03,-1663,-2622.9,-Inf,543,543,12.755,-1.8169,-30.794,-159.13,-369.6,-796.67,-1671.7,-2633.5,-Inf,543,543,2.1539,-19.804,-48.796,-180.2,-376.28,-814.83,-1682,-2636.5,-Inf
544,544,11.695,-12.145,-52.811,-223.77,-471.82,-1005.8,-2095.7,-Inf,-Inf,544,544,6.4386,-12.064,-52.327,-213.99,-476.83,-1011.4,-2103.8,-Inf,-Inf,544,544,-4.2389,-29.26,-70.089,-232.88,-483.77,-1029.7,-2114.2,-Inf,-Inf
545,545,6.2976,-22.369,-74.418,-276.68,-579.4,-1220.5,-2527.9,-Inf,-Inf,545,545,3.3841,-22.609,-73.671,-267.01,-584.06,-1226.2,-2536.6,-Inf,-Inf,545,545,-8.4702,-38.995,-91.523,-288.04,-591.3,-1244.4,-2547.9,-Inf,-Inf
546,546,0.58679,-32.235,-96.136,-331.69,-686.98,-1435.3,-2961.6,-Inf,-Inf,546,546,-3.9711,-33.128,-94.874,-321.17,-691.29,-1441,-2970.7,-Inf,-Inf,546,546,-13.617,-49.003,-113.1,-340.38,-698.85,-1459.2,-2982,-Inf,-Inf
547,547,-3.1674,-41.908,-117.9,-384.11,-794.55,-1650,-Inf,-Inf,-Inf,547,547,-6.9203,-43.288,-116.03,-375,-798.53,-1655.9,-Inf,-Inf,-Inf,547,547,-19.465,-59.292,-134.8,-395.61,-806.42,-1674,-Inf,-Inf,-Inf
548,548,-10.123,-51.694,-139.62,-439.36,-902.08,-1864.7,-Inf,-Inf,-Inf,548,548,-13.583,-53.089,-137.22,-428.36,-905.8,-1870.7,-Inf,-Inf,-Inf,548,548,-23.087,-69.819,-156.57,-448.09,-914,-1888.7,-Inf,-Inf,-Inf
549,549,-13.129,-61.762,-161.2,-491.74,-1009.6,-2079.4,-Inf,-Inf,-Inf,549,549,-17.571,-62.768,-158.52,-483,-1013.1,-2085.6,-Inf,-Inf,-Inf,549,549,-30.147,-80.373,-178.3,-502.92,-1021.6,-2103.4,-Inf,-Inf,-Inf
550,550,-20.146,-72.134,-182.59,-546.76,-1117,-2294.1,-Inf,-Inf,-Inf,550,550,-22.936,-72.59,-179.97,-535.68,-1120.4,-2300.5,-Inf,-Inf,-Inf,550,550,-33.104,-90.664,-199.91,-555.98,-1129.1,-2318.1,-Inf,-Inf,-Inf
551,551,-23.573,-82.697,-203.82,-599.56,-1224.5,-2508.8,-Inf,-Inf,-Inf,551,551,-28.496,-82.704,-201.56,-590.83,-1227.7,-2515.4,-Inf,-Inf,-Inf,551,551,-40.025,-100.57,-221.34,-610.09,-1236.7,-2532.8,-Inf,-Inf,-Inf
552,552,-29.548,-93.204,-224.98,-653.97,-1331.8,-2723.6,-Inf,-Inf,-Inf,552,552,-32.394,-93.114,-223.27,-643.18,-1335.1,-2730.4,-Inf,-Inf,-Inf,552,552,-43.64,-110.25,-242.6,-663.98,-1344.2,-2747.5,-Inf,-Inf,-Inf
553,553,-34.432,-103.39,-246.15,-707.53,-1439.1,-2938.3,-Inf,-Inf,-Inf,553,553,-39.281,-103.69,-245.03,-698.4,-1442.6,-2945.3,-Inf,-Inf,-Inf,553,553,-49.367,-120,-263.76,-717.29,-1451.7,-2962.3,-Inf,-Inf,-Inf
554,554,-38.888,-113.2,-267.42,-761.14,-1546.4,-Inf,-Inf,-Inf,-Inf,554,554,-42.293,-114.16,-266.76,-750.89,-1550,-Inf,-Inf,-Inf,-Inf,554,554,-54.544,-130.02,-284.92,-771.97,-1559.1,-Inf,-Inf,-Inf,-Inf
555,555,-45.354,-122.88,-288.83,-815.54,-1653.7,-Inf,-Inf,-Inf,-Inf,555,555,-49.35,-124.28,-288.36,-805.71,-1657.5,-Inf,-Inf,-Inf,-Inf,555,555,-58.75,-140.34,-306.17,-824.61,-1666.5,-Inf,-Inf,-Inf,-Inf
556,556,-48.592,-132.69,-310.39,-868.4,-1760.9,-Inf,-Inf,-Inf,-Inf,556,556,-52.717,-134.06,-309.77,-858.78,-1765,-Inf,-Inf,-Inf,-Inf,556,556,-65.418,-150.88,-327.55,-879.79,-1773.8,-Inf,-Inf,-Inf,-Inf
557,557,-55.746,-142.79,-332.07,-923.45,-1868.1,-Inf,-Inf,-Inf,-Inf,557,557,-58.759,-143.74,-331.02,-912.89,-1872.6,-Inf,-Inf,-Inf,-Inf,557,557,-68.537,-161.42,-349.08,-932.13,-1881.1,-Inf,-Inf,-Inf,-Inf
558,558,-58.811,-153.19,-353.83,-975.85,-1975.4,-Inf,-Inf,-Inf,-Inf,558,558,-63.565,-153.59,-352.18,-966.78,-1980.1,-Inf,-Inf,-Inf,-Inf,558,558,-75.675,-171.67,-370.74,-987.34,-1988.4,-Inf,-Inf,-Inf,-Inf
559,559,-65.361,-163.76,-375.57,-1031.1,-2082.6,-Inf,-Inf,-Inf,-Inf,559,559,-68.09,-163.74,-373.35,-1020.1,-2087.7,-Inf,-Inf,-Inf,-Inf,559,559,-78.844,-181.54,-392.49,-1039.8,-2095.6,-Inf,-Inf,-Inf,-Inf
560,560,-69.514,-174.24,-397.21,-1083.5,-2189.9,-Inf,-Inf,-Inf,-Inf,560,560,-74.495,-174.17,-394.6,-1074.8,-2195.3,-Inf,-Inf,-Inf,-Inf,560,560,-85.191,-191.22,-414.25,-1094.6,-2202.8,-Inf,-Inf,-Inf,-Inf
561,561,-74.654,-184.38,-418.68,-1138.5,-2297.2,-Inf,-Inf,-Inf,-Inf,561,561,-77.773,-184.75,-416,-1127.4,-2302.8,-Inf,-Inf,-Inf,-Inf,561,561,-89.613,-200.99,-435.92,-1147.7,-2310.1,-Inf,-Inf,-Inf,-Inf
562,562,-80.472,-194.17,-439.96,-1191.3,-2404.5,-Inf,-Inf,-Inf,-Inf,562,562,-84.924,-195.2,-437.54,-1182.6,-2410.4,-Inf,-Inf,-Inf,-Inf,562,562,-94.491,-211.04,-457.41,-1201.8,-2417.3,-Inf,-Inf,-Inf,-Inf
563,563,-84.165,-203.85,-461.13,-1245.7,-2511.9,-Inf,-Inf,-Inf,-Inf,563,563,-87.966,-205.27,-459.21,-1234.9,-2517.9,-Inf,-Inf,-Inf,-Inf,563,563,-100.57,-221.39,-478.73,-1255.8,-2524.6,-Inf,-Inf,-Inf,-Inf
564,564,-91.171,-213.69,-482.29,-1299.3,-2619.2,-Inf,-Inf,-Inf,-Inf,564,564,-94.569,-215.03,-480.96,-1290.1,-2625.4,-Inf,-Inf,-Inf,-Inf,564,564,-104.07,-231.95,-499.91,-1309,-2631.8,-Inf,-Inf,-Inf,-Inf
565,565,-94.149,-223.82,-503.52,-1352.9,-2726.7,-Inf,-Inf,-Inf,-Inf,565,565,-98.65,-224.71,-502.71,-1342.6,-2732.9,-Inf,-Inf,-Inf,-Inf,565,565,-111.16,-242.47,-521.07,-1363.7,-2739.2,-Inf,-Inf,-Inf,-Inf
566,566,-101.11,-234.25,-524.87,-1407.3,-2834.1,-Inf,-Inf,-Inf,-Inf,566,566,-103.86,-234.59,-524.37,-1397.4,-2840.3,-Inf,-Inf,-Inf,-Inf,566,566,-114.14,-252.68,-542.28,-1416.3,-2846.5,-Inf,-Inf,-Inf,-Inf
567,567,-104.65,-244.82,-546.37,-1460.1,-2941.6,-Inf,-Inf,-Inf,-Inf,567,567,-109.61,-244.77,-545.85,-1450.5,-2947.6,-Inf,-Inf,-Inf,-Inf,567,567,-120.97,-262.51,-563.6,-1471.5,-2953.9,-Inf,-Inf,-Inf,-Inf
568,568,-110.47,-255.28,-568.01,-1515.2,-3049.1,-Inf,-Inf,-Inf,-Inf,568,568,-113.36,-255.24,-567.15,-1504.6,-3054.9,-Inf,-Inf,-Inf,-Inf,568,568,-124.72,-272.19,-585.08,-1523.9,-3061.3,-Inf,-Inf,-Inf,-Inf
569,569,-115.54,-265.38,-589.75,-1567.6,-Inf,-Inf,-Inf,-Inf,-Inf,569,569,-120.33,-265.81,-588.33,-1558.6,-Inf,-Inf,-Inf,-Inf,-Inf,569,569,-130.29,-281.99,-606.69,-1579.1,-Inf,-Inf,-Inf,-Inf,-Inf
570,570,-119.83,-275.14,-611.51,-1622.8,-Inf,-Inf,-Inf,-Inf,-Inf,570,570,-123.32,-276.23,-609.48,-1611.8,-Inf,-Inf,-Inf,-Inf,-Inf,570,570,-135.65,-292.07,-628.42,-1631.6,-Inf,-Inf,-Inf,-Inf,-Inf
571,571,-126.43,-284.82,-633.2,-1675.2,-Inf,-Inf,-Inf,-Inf,-Inf,571,571,-130.31,-286.26,-630.7,-1666.5,-Inf,-Inf,-Inf,-Inf,-Inf,571,571,-139.71,-302.45,-650.18,-1686.3,-Inf,-Inf,-Inf,-Inf,-Inf
572,572,-129.59,-294.69,-654.74,-1730.2,-Inf,-Inf,-Inf,-Inf,-Inf,572,572,-133.79,-295.99,-652.04,-1719.1,-Inf,-Inf,-Inf,-Inf,-Inf,572,572,-146.49,-313.01,-671.89,-1739.5,-Inf,-Inf,-Inf,-Inf,-Inf
573,573,-136.74,-304.86,-676.08,-1783.1,-Inf,-Inf,-Inf,-Inf,-Inf,573,573,-139.68,-305.69,-673.53,-1774.3,-Inf,-Inf,-Inf,-Inf,-Inf,573,573,-149.55,-323.51,-693.46,-1793.5,-Inf,-Inf,-Inf,-Inf,-Inf
574,574,-139.87,-315.31,-697.28,-1837.4,-Inf,-Inf,-Inf,-Inf,-Inf,574,574,-144.67,-315.6,-695.16,-1826.7,-Inf,-Inf,-Inf,-Inf,-Inf,574,574,-156.65,-333.68,-714.84,-1847.5,-Inf,-Inf,-Inf,-Inf,-Inf
575,575,-146.29,-325.89,-718.43,-1891.1,-Inf,-Inf,-Inf,-Inf,-Inf,575,575,-149.04,-325.81,-716.89,-1881.9,-Inf,-Inf,-Inf,-Inf,-Inf,575,575,-159.91,-343.48,-736.06,-1900.7,-Inf,-Inf,-Inf,-Inf,-Inf
576,576,-150.61,-336.31,-739.63,-1944.6,-Inf,-Inf,-Inf,-Inf,-Inf,576,576,-155.58,-336.3,-738.65,-1934.4,-Inf,-Inf,-Inf,-Inf,-Inf,576,576,-166.12,-353.16,-757.21,-1955.5,-Inf,-Inf,-Inf,-Inf,-Inf
577,577,-155.59,-346.37,-760.93,-1999.1,-Inf,-Inf,-Inf,-Inf,-Inf,577,577,-158.77,-346.87,-760.35,-1989.1,-Inf,-Inf,-Inf,-Inf,-Inf,577,577,-170.72,-362.98,-778.39,-2008.1,-Inf,-Inf,-Inf,-Inf,-Inf
578,578,-161.57,-356.1,-782.38,-2051.9,-Inf,-Inf,-Inf,-Inf,-Inf,578,578,-165.92,-357.25,-781.9,-2042.3,-Inf,-Inf,-Inf,-Inf,-Inf,578,578,-175.43,-373.1,-799.67,-2063.3,-Inf,-Inf,-Inf,-Inf,-Inf
579,579,-165.14,-365.8,-803.97,-2107,-Inf,-Inf,-Inf,-Inf,-Inf,579,579,-169.02,-367.25,-803.27,-2096.3,-Inf,-Inf,-Inf,-Inf,-Inf,579,579,-181.66,-383.51,-821.09,-2115.6,-Inf,-Inf,-Inf,-Inf,-Inf
580,580,-172.21,-375.69,-825.68,-2159.3,-Inf,-Inf,-Inf,-Inf,-Inf,580,580,-175.5,-376.96,-824.48,-2150.3,-Inf,-Inf,-Inf,-Inf,-Inf,580,580,-185.05,-394.08,-842.66,-2170.8,-Inf,-Inf,-Inf,-Inf,-Inf
581,581,-175.18,-385.9,-847.45,-2214.6,-Inf,-Inf,-Inf,-Inf,-Inf,581,581,-179.75,-386.67,-845.63,-2203.5,-Inf,-Inf,-Inf,-Inf,-Inf,581,581,-192.18,-404.55,-864.35,-2223.4,-Inf,-Inf,-Inf,-Inf,-Inf
582,582,-182.06,-396.37,-869.17,-2267,-Inf,-Inf,-Inf,-Inf,-Inf,582,582,-184.79,-396.61,-866.82,-2258.3,-Inf,-Inf,-Inf,-Inf,-Inf,582,582,-195.18,-414.67,-886.11,-2278.1,-Inf,-Inf,-Inf,-Inf,-Inf
583,583,-185.73,-406.95,-890.77,-2321.9,-Inf,-Inf,-Inf,-Inf,-Inf,583,583,-190.71,-406.86,-888.11,-2310.9,-Inf,-Inf,-Inf,-Inf,-Inf,583,583,-201.91,-424.45,-907.85,-2331.3,-Inf,-Inf,-Inf,-Inf,-Inf
584,584,-191.39,-417.34,-912.18,-2374.9,-Inf,-Inf,-Inf,-Inf,-Inf,584,584,-194.33,-417.36,-909.54,-2366.1,-Inf,-Inf,-Inf,-Inf,-Inf,584,584,-205.81,-434.13,-929.48,-2385.2,-Inf,-Inf,-Inf,-Inf,-Inf
585,585,-196.65,-427.35,-933.42,-2429.1,-Inf,-Inf,-Inf,-Inf,-Inf,585,585,-201.37,-427.93,-931.12,-2418.4,-Inf,-Inf,-Inf,-Inf,-Inf,585,585,-211.22,-443.98,-950.93,-2439.3,-Inf,-Inf,-Inf,-Inf,-Inf
586,586,-200.79,-437.07,-954.58,-2482.9,-Inf,-Inf,-Inf,-Inf,-Inf,586,586,-204.34,-438.27,-952.82,-2473.6,-Inf,-Inf,-Inf,-Inf,-Inf,586,586,-216.76,-454.13,-972.2,-2492.4,-Inf,-Inf,-Inf,-Inf,-Inf
587,587,-207.5,-446.78,-975.75,-2536.3,-Inf,-Inf,-Inf,-Inf,-Inf,587,587,-211.26,-448.23,-974.58,-2526.2,-Inf,-Inf,-Inf,-Inf,-Inf,587,587,-220.67,-464.57,-993.37,-2547.3,-Inf,-Inf,-Inf,-Inf,-Inf
588,588,-210.6,-456.7,-997.01,-2590.9,-Inf,-Inf,-Inf,-Inf,-Inf,588,588,-214.87,-457.92,-996.32,-2580.9,-Inf,-Inf,-Inf,-Inf,-Inf,588,588,-227.54,-475.14,-1014.5,-2599.8,-Inf,-Inf,-Inf,-Inf,-Inf
589,589,-217.72,-466.94,-1018.4,-2643.6,-Inf,-Inf,-Inf,-Inf,-Inf,589,589,-220.61,-467.65,-1017.9,-2634.1,-Inf,-Inf,-Inf,-Inf,-Inf,589,589,-230.56,-485.59,-1035.8,-2655,-Inf,-Inf,-Inf,-Inf,-Inf
590,590,-220.93,-477.44,-1039.9,-2698.7,-Inf,-Inf,-Inf,-Inf,-Inf,590,590,-225.78,-477.62,-1039.4,-2688,-Inf,-Inf,-Inf,-Inf,-Inf,590,590,-237.62,-495.67,-1057.1,-2707.4,-Inf,-Inf,-Inf,-Inf,-Inf
591,591,-227.22,-488.01,-1061.6,-2751.1,-Inf,-Inf,-Inf,-Inf,-Inf,591,591,-229.99,-487.9,-1060.6,-2742.1,-Inf,-Inf,-Inf,-Inf,-Inf,591,591,-240.98,-505.42,-1078.6,-2762.5,-Inf,-Inf,-Inf,-Inf,-Inf
592,592,-231.71,-498.36,-1083.4,-2806.3,-Inf,-Inf,-Inf,-Inf,-Inf,592,592,-236.65,-498.43,-1081.8,-2795.2,-Inf,-Inf,-Inf,-Inf,-Inf,592,592,-247.04,-515.1,-1100.3,-2815.1,-Inf,-Inf,-Inf,-Inf,-Inf
593,593,-236.52,-508.33,-1105.1,-2858.8,-Inf,-Inf,-Inf,-Inf,-Inf,593,593,-239.77,-508.98,-1102.9,-2850.1,-Inf,-Inf,-Inf,-Inf,-Inf,593,593,-251.82,-524.98,-1122,-2869.8,-Inf,-Inf,-Inf,-Inf,-Inf
594,594,-242.67,-518.03,-1126.8,-2913.6,-Inf,-Inf,-Inf,-Inf,-Inf,594,594,-246.91,-519.29,-1124.2,-2902.6,-Inf,-Inf,-Inf,-Inf,-Inf,594,594,-256.37,-535.16,-1143.8,-2923.1,-Inf,-Inf,-Inf,-Inf,-Inf
595,595,-246.12,-527.76,-1148.3,-2966.6,-Inf,-Inf,-Inf,-Inf,-Inf,595,595,-250.08,-529.2,-1145.6,-2957.8,-Inf,-Inf,-Inf,-Inf,-Inf,595,595,-262.75,-545.63,-1165.5,-2976.9,-Inf,-Inf,-Inf,-Inf,-Inf
596,596,-253.23,-537.71,-1169.6,-3020.8,-Inf,-Inf,-Inf,-Inf,-Inf,596,596,-256.43,-538.89,-1167.1,-3010.2,-Inf,-Inf,-Inf,-Inf,-Inf,596,596,-266.04,-556.2,-1187,-3031.1,-Inf,-Inf,-Inf,-Inf,-Inf
597,597,-256.22,-547.98,-1190.7,-3074.3,-Inf,-Inf,-Inf,-Inf,-Inf,597,597,-260.85,-548.64,-1188.8,-3065.2,-Inf,-Inf,-Inf,-Inf,-Inf,597,597,-273.19,-566.62,-1208.3,-Inf,-Inf,-Inf,-Inf,-Inf,-Inf
598,598,-263.01,-558.5,-1211.9,-Inf,-Inf,-Inf,-Inf,-Inf,-Inf,598,598,-265.73,-558.64,-1210.5,-Inf,-Inf,-Inf,-Inf,-Inf,-Inf,598,598,-276.23,-576.65,-1229.5,-Inf,-Inf,-Inf,-Inf,-Inf,-Inf
599,599,-266.82,-569.06,-1233.1,-Inf,-Inf,-Inf,-Inf,-Inf,-Inf,599,599,-271.8,-568.95,-1232.3,-Inf,-Inf,-Inf,-Inf,-Inf,-Inf,599,599,-282.85,-586.38,-1250.7,-Inf,-Inf,-Inf,-Inf,-Inf,-Inf
600,600,-272.32,-579.38,-1254.4,-Inf,-Inf,-Inf,-Inf,-Inf,-Inf,600,600,-275.31,-579.49,-1253.9,-Inf,-Inf,-Inf,-Inf,-Inf,-Inf,600,600,-286.91,-596.08,-1271.9,-Inf,-Inf,-Inf,-Inf,-Inf,-Inf
601,601,-277.75,-589.31,-1275.9,-Inf,-Inf,-Inf,-Inf,-Inf,-Inf,601,601,-282.4,-590.04,-1275.4,-Inf,-Inf,-Inf,-Inf,-Inf,-Inf,601,601,-292.15,-605.99,-1293.2,-Inf,-Inf,-Inf,-Inf,-Inf,-Inf
602,602,-281.75,-599,-1297.6,-Inf,-Inf,-Inf,-Inf,-Inf,-Inf,602,602,-285.38,-600.3,-1296.7,-Inf,-Inf,-Inf,-Inf,-Inf,-Inf,602,602,-297.86,-616.2,-1314.6,-Inf,-Inf,-Inf,-Inf,-Inf,-Inf
603,603,-288.57,-608.74,-1319.3,-Inf,-Inf,-Inf,-Inf,-Inf,-Inf,603,603,-292.21,-610.18,-1317.9,-Inf,-Inf,-Inf,-Inf,-Inf,-Inf,603,603,-301.63,-626.69,-1336.2,-Inf,-Inf,-Inf,-Inf,-Inf,-Inf
604,604,-291.61,-618.73,-1341.1,-Inf,-Inf,-Inf,-Inf,-Inf,-Inf,604,604,-295.96,-619.86,-1339.1,-Inf,-Inf,-Inf,-Inf,-Inf,-Inf,604,604,-308.59,-637.26,-1358,-Inf,-Inf,-Inf,-Inf,-Inf,-Inf
605,605,-298.7,-629.03,-1362.8,-Inf,-Inf,-Inf,-Inf,-Inf,-Inf,605,605,-301.53,-629.63,-1360.3,-Inf,-Inf,-Inf,-Inf,-Inf,-Inf,605,605,-311.58,-647.64,-1379.7,-Inf,-Inf,-Inf,-Inf,-Inf,-Inf
606,606,-301.99,-639.56,-1384.3,-Inf,-Inf,-Inf,-Inf,-Inf,-Inf,606,606,-306.88,-639.66,-1381.6,-Inf,-Inf,-Inf,-Inf,-Inf,-Inf,606,606,-318.59,-657.64,-1401.4,-Inf,-Inf,-Inf,-Inf,-Inf,-Inf
607,607,-308.14,-650.11,-1405.7,-Inf,-Inf,-Inf,-Inf,-Inf,-Inf,607,607,-310.94,-650,-1403.1,-Inf,-Inf,-Inf,-Inf,-Inf,-Inf,607,607,-322.05,-667.35,-1423,-Inf,-Inf,-Inf,-Inf,-Inf,-Inf
608,608,-312.82,-660.39,-1426.9,-Inf,-Inf,-Inf,-Inf,-Inf,-Inf,608,608,-317.72,-660.56,-1424.7,-Inf,-Inf,-Inf,-Inf,-Inf,-Inf,608,608,-327.96,-677.06,-1444.4,-Inf,-Inf,-Inf,-Inf,-Inf,-Inf
609,609,-317.46,-670.29,-1448,-Inf,-Inf,-Inf,-Inf,-Inf,-Inf,609,609,-320.78,-671.08,-1446.4,-Inf,-Inf,-Inf,-Inf,-Inf,-Inf,609,609,-332.93,-687,-1465.7,-Inf,-Inf,-Inf,-Inf,-Inf,-Inf
610,610,-323.76,-679.97,-1469.2,-Inf,-Inf,-Inf,-Inf,-Inf,-Inf,610,610,-327.89,-681.31,-1468.2,-Inf,-Inf,-Inf,-Inf,-Inf,-Inf,610,610,-337.31,-697.25,-1486.8,-Inf,-Inf,-Inf,-Inf,-Inf,-Inf
611,611,-327.11,-689.73,-1490.5,-Inf,-Inf,-Inf,-Inf,-Inf,-Inf,611,611,-331.14,-691.15,-1489.9,-Inf,-Inf,-Inf,-Inf,-Inf,-Inf,611,611,-343.84,-707.75,-1508,-Inf,-Inf,-Inf,-Inf,-Inf,-Inf
612,612,-334.25,-699.75,-1511.9,-Inf,-Inf,-Inf,-Inf,-Inf,-Inf,612,612,-337.35,-700.83,-1511.5,-Inf,-Inf,-Inf,-Inf,-Inf,-Inf,612,612,-347.04,-718.32,-1529.3,-Inf,-Inf,-Inf,-Inf,-Inf,-Inf
613,613,-337.26,-710.08,-1533.5,-Inf,-Inf,-Inf,-Inf,-Inf,-Inf,613,613,-341.95,-710.62,-1532.9,-Inf,-Inf,-Inf,-Inf,-Inf,-Inf,613,613,-354.19,-728.66,-1550.7,-Inf,-Inf,-Inf,-Inf,-Inf,-Inf
614,614,-343.94,-720.63,-1555.2,-Inf,-Inf,-Inf,-Inf,-Inf,-Inf,614,614,-346.66,-720.69,-1554.1,-Inf,-Inf,-Inf,-Inf,-Inf,-Inf,614,614,-357.28,-738.62,-1572.2,-Inf,-Inf,-Inf,-Inf,-Inf,-Inf
615,615,-347.91,-731.16,-1577,-Inf,-Inf,-Inf,-Inf,-Inf,-Inf,615,615,-352.9,-731.06,-1575.2,-Inf,-Inf,-Inf,-Inf,-Inf,-Inf,615,615,-363.78,-748.31,-1593.9,-Inf,-Inf,-Inf,-Inf,-Inf,-Inf
616,616,-353.24,-741.4,-1598.7,-Inf,-Inf,-Inf,-Inf,-Inf,-Inf,616,616,-356.29,-741.62,-1596.4,-Inf,-Inf,-Inf,-Inf,-Inf,-Inf,616,616,-368,-758.04,-1615.7,-Inf,-Inf,-Inf,-Inf,-Inf,-Inf
617,617,-358.86,-751.26,-1620.3,-Inf,-Inf,-Inf,-Inf,-Inf,-Inf,617,617,-363.42,-752.13,-1617.7,-Inf,-Inf,-Inf,-Inf,-Inf,-Inf,617,617,-373.08,-768.01,-1637.4,-Inf,-Inf,-Inf,-Inf,-Inf,-Inf
618,618,-362.71,-760.94,-1641.8,-Inf,-Inf,-Inf,-Inf,-Inf,-Inf,618,618,-366.42,-762.31,-1639.1,-Inf,-Inf,-Inf,-Inf,-Inf,-Inf,618,618,-378.96,-778.29,-1659,-Inf,-Inf,-Inf,-Inf,-Inf,-Inf
619,619,-369.62,-770.72,-1663,-Inf,-Inf,-Inf,-Inf,-Inf,-Inf,619,619,-373.15,-772.12,-1660.7,-Inf,-Inf,-Inf,-Inf,-Inf,-Inf,619,619,-382.6,-788.82,-1680.5,-Inf,-Inf,-Inf,-Inf,-Inf,-Inf
620,620,-372.63,-780.77,-1684.2,-Inf,-Inf,-Inf,-Inf,-Inf,-Inf,620,620,-377.05,-781.8,-1682.4,-Inf,-Inf,-Inf,-Inf,-Inf,-Inf,620,620,-389.64,-799.37,-1701.8,-Inf,-Inf,-Inf,-Inf,-Inf,-Inf
621,621,-379.67,-791.14,-1705.4,-Inf,-Inf,-Inf,-Inf,-Inf,-Inf,621,621,-382.45,-791.61,-1704.1,-Inf,-Inf,-Inf,-Inf,-Inf,-Inf,621,621,-392.61,-809.68,-1723,-Inf,-Inf,-Inf,-Inf,-Inf,-Inf
622,622,-383.07,-801.7,-1726.6,-Inf,-Inf,-Inf,-Inf,-Inf,-Inf,622,622,-387.99,-801.71,-1725.9,-Inf,-Inf,-Inf,-Inf,-Inf,-Inf,622,622,-399.54,-819.59,-1744.1,-Inf,-Inf,-Inf,-Inf,-Inf,-Inf
623,623,-389.07,-812.21,-1748,-Inf,-Inf,-Inf,-Inf,-Inf,-Inf,623,623,-391.9,-812.12,-1747.5,-Inf,-Inf,-Inf,-Inf,-Inf,-Inf,623,623,-403.13,-829.28,-1765.4,-Inf,-Inf,-Inf,-Inf,-Inf,-Inf
624,624,-393.92,-822.41,-1769.5,-Inf,-Inf,-Inf,-Inf,-Inf,-Inf,624,624,-398.78,-822.69,-1768.9,-Inf,-Inf,-Inf,-Inf,-Inf,-Inf,624,624,-408.89,-839.03,-1786.7,-Inf,-Inf,-Inf,-Inf,-Inf,-Inf
625,625,-398.4,-832.23,-1791.2,-Inf,-Inf,-Inf,-Inf,-Inf,-Inf,625,625,-401.8,-833.17,-1790.2,-Inf,-Inf,-Inf,-Inf,-Inf,-Inf,625,625,-414.03,-849.03,-1808.2,-Inf,-Inf,-Inf,-Inf,-Inf,-Inf
626,626,-404.85,-841.91,-1812.9,-Inf,-Inf,-Inf,-Inf,-Inf,-Inf,626,626,-408.86,-843.3,-1811.4,-Inf,-Inf,-Inf,-Inf,-Inf,-Inf,626,626,-418.26,-859.34,-1829.8,-Inf,-Inf,-Inf,-Inf,-Inf,-Inf
627,627,-408.1,-851.71,-1834.7,-Inf,-Inf,-Inf,-Inf,-Inf,-Inf,627,627,-412.21,-853.09,-1832.5,-Inf,-Inf,-Inf,-Inf,-Inf,-Inf,627,627,-424.91,-869.88,-1851.6,-Inf,-Inf,-Inf,-Inf,-Inf,-Inf
628,628,-415.25,-861.8,-1856.3,-Inf,-Inf,-Inf,-Inf,-Inf,-Inf,628,628,-418.28,-862.77,-1853.8,-Inf,-Inf,-Inf,-Inf,-Inf,-Inf,628,628,-428.04,-880.43,-1873.3,-Inf,-Inf,-Inf,-Inf,-Inf,-Inf
629,629,-418.31,-872.19,-1877.8,-Inf,-Inf,-Inf,-Inf,-Inf,-Inf,629,629,-423.05,-872.61,-1875.1,-Inf,-Inf,-Inf,-Inf,-Inf,-Inf,629,629,-435.18,-890.69,-1895,-Inf,-Inf,-Inf,-Inf,-Inf,-Inf
630,630,-424.88,-882.76,-1899.2,-Inf,-Inf,-Inf,-Inf,-Inf,-Inf,630,630,-427.61,-882.75,-1896.7,-Inf,-Inf,-Inf,-Inf,-Inf,-Inf,630,630,-438.34,-900.57,-1916.6,-Inf,-Inf,-Inf,-Inf,-Inf,-Inf
631,631,-429,-893.25,-1920.3,-Inf,-Inf,-Inf,-Inf,-Inf,-Inf,631,631,-433.99,-893.17,-1918.3,-Inf,-Inf,-Inf,-Inf,-Inf,-Inf,631,631,-444.71,-910.25,-1937.9,-Inf,-Inf,-Inf,-Inf,-Inf,-Inf
632,632,-434.17,-903.4,-1941.5,-Inf,-Inf,-Inf,-Inf,-Inf,-Inf,632,632,-437.28,-903.75,-1940,-Inf,-Inf,-Inf,-Inf,-Inf,-Inf,632,632,-449.1,-920.02,-1959.1,-Inf,-Inf,-Inf,-Inf,-Inf,-Inf
633,633,-439.96,-913.2,-1962.7,-Inf,-Inf,-Inf,-Inf,-Inf,-Inf,633,633,-444.43,-914.2,-1961.8,-Inf,-Inf,-Inf,-Inf,-Inf,-Inf,633,633,-454.01,-930.05,-1980.3,-Inf,-Inf,-Inf,-Inf,-Inf,-Inf
634,634,14.179,22.366,30.817,37.346,44.206,44.915,54.788,48.158,48.224,634,634,16.985,29.063,31.653,34.443,45.83,47.302,50.662,48.753,43.523,634,634,17.569,28.843,30.584,37.625,48.286,63.708,61.518,54.944,56.448
635,635,21.651,24.345,37.104,43.611,47.678,50.41,55.297,46.186,40.735,635,635,24.255,21.835,32.453,37.269,50.329,47.949,53.084,47.467,41.367,635,635,24.077,20.573,35.089,42.849,52.866,71.652,71.568,50.637,53.225
636,636,13.511,24.515,31.09,42.835,60.962,53.542,55.287,44.897,42.466,636,636,15.307,20.736,29.371,40.178,60.151,52.14,51.554,45.766,37.852,636,636,14.52,23.704,33.727,44.037,58.568,73.507,72.742,41.283,39.488
637,637,12.639,18.273,33.25,48.933,57.06,54.564,56.676,46.485,40.588,637,637,18.11,23.511,34.727,42.502,57.688,52.395,54.197,46.957,38.915,637,637,15.095,24.026,38.718,48.051,56.547,75.149,75.018,43.502,41.182
638,638,12.986,27.322,39.691,53.542,59.542,57.214,59.83,48.434,43.08,638,638,18.659,22.416,36.76,46.341,63.86,57.352,59.456,50.472,39.063,638,638,8.6185,20.586,37.539,45.046,59.385,76.407,76.459,45.225,41.442
639,639,13.964,16.458,36.555,52.254,63.284,61.835,61.594,48.439,41.186,639,639,17.47,21.935,32.461,47.078,61.418,62.693,60.923,50.317,38.171,639,639,5.9931,18.538,32.212,50.513,63.072,81.832,79.35,47.891,40.783
640,640,17.204,30.924,36.153,55.426,67.506,64.978,65.869,53.422,43.995,640,640,17.084,24.562,38.109,50.239,71.543,66.464,65.51,54.079,39.653,640,640,-0.38838,20.13,34.584,51.019,67.877,84.952,81.213,49.915,42.794
641,641,14.785,28.667,37.875,55.796,66.366,65.523,65.967,54.802,42.971,641,641,20.281,20.466,37.849,50.694,68.968,67.076,65.599,55.95,39.944,641,641,-1.7123,18.535,36.198,53.179,69.341,86.166,81.588,50.7,43.215
642,642,16.678,26.549,35.362,53.607,64.757,65.314,67.695,55.482,44.9,642,642,20.759,19.654,39.497,52.383,69.338,65.516,66.156,57.823,41.283,642,642,4.2979,22.121,35.222,48.829,67.436,83.998,81.344,50.392,43.955
643,643,16.117,30.714,38.367,55.502,70.359,65.128,71.57,61.078,43.334,643,643,12.687,17.35,38.563,48.626,70.477,65.231,68.202,58.122,40.294,643,643,4.5423,17.646,39.236,50.041,67.086,83.593,82.752,52.559,42.825
644,644,12.887,23.23,36.357,51.511,64.136,60.156,70.555,58.141,44.48,644,644,10.223,24.136,32.036,46.76,65.373,63.9,67.982,59.8,41.189,644,644,0.79574,20.385,37.071,47.405,67.147,79.265,79.283,50.107,42.581
645,645,18.219,28.082,35.482,35.353,50.849,53.281,55.523,48.818,53.276,645,645,14.456,19.372,27.635,37.916,50.528,41.902,48.325,46.105,48.203,645,645,18.76,28.603,28.965,35.053,53.641,60.807,63.168,53.613,55.541
646,646,22.964,18.364,10.312,-17.241,-76.024,-162.78,-377.69,-623.38,-1404.5,646,646,18.125,10.008,4.1918,-18.72,-61.334,-175.05,-387.59,-624.28,-1410.3,646,646,24.042,19.315,2.9591,-20.367,-70.417,-158.57,-370.42,-619.11,-1403.4
647,647,13.234,7.4132,-11.446,-70.197,-183.55,-377.52,-809.76,-1297.4,-2861.3,647,647,9.0167,-1.5391,-17.305,-73.977,-168.64,-389.84,-821.59,-1298.4,-2867,647,647,15.015,8.4652,-18.904,-74.785,-177.87,-373.39,-803.08,-1293.2,-2859.7
648,648,10.498,-2.7278,-32.914,-125.17,-291.05,-592.24,-1243,-1971.5,-Inf,648,648,5.6543,-11.777,-38.54,-126.31,-275.91,-604.64,-1255.4,-1972.5,-Inf,648,648,11.345,-2.0581,-40.519,-128.33,-285.36,-588.23,-1235.3,-1967.3,-Inf
649,649,2.4048,-12.701,-54.531,-177.61,-398.49,-806.95,-1677.2,-2645.6,-Inf,649,649,-1.964,-21.975,-59.955,-181.45,-383.16,-819.47,-1687.5,-2646.6,-Inf,649,649,3.8806,-12.322,-62.03,-181.95,-392.88,-803.09,-1669,-2641.4,-Inf
650,650,-0.70738,-22.371,-76.259,-232.86,-505.89,-1021.7,-2110.2,-Inf,-Inf,650,650,-5.1705,-31.778,-81.52,-234.09,-490.39,-1034.3,-2120.3,-Inf,-Inf,650,650,0.36522,-22.098,-83.355,-236.34,-500.42,-1018,-2103.1,-Inf,-Inf
651,651,16.175,26.586,34.406,51.692,62.575,62.496,73.811,67.013,58.788,651,651,15.25,27.462,36.038,50.774,70.564,65.263,69.811,64.645,56.796,651,651,18.963,29.094,39.932,51.092,69.391,85.333,83.249,69.142,71.297
652,652,24.065,25.194,36.861,49.33,71.546,64.926,75.078,65.997,47.995,652,652,24.564,28.606,35.312,49.559,69.175,66.144,71.613,64.056,43.711,652,652,26.378,31.526,36.361,49.784,71.27,86.186,83.21,56.318,45.669
653,653,16.676,29.441,33.517,50.063,66.978,66.311,73.405,63.651,47.146,653,653,20.667,25.961,36.457,50.204,67.979,65.628,71.805,63.121,44.224,653,653,17.589,26.393,37.107,50.04,70.843,87.661,84.702,55.618,46.864
654,654,14.827,22.767,35.725,53.773,67.067,64.322,75.121,63.936,46.815,654,654,15.424,28.779,37.776,52.47,73.762,67.201,70.941,62.322,43.41,654,654,11.531,20.733,35.982,55.758,71.773,87.255,83.939,54.579,45.836
655,655,11.271,27.028,39.94,50.446,64.904,65.539,69.403,57.57,45.678,655,655,19.687,29.925,31.254,50.848,72.005,67.008,67.761,59.772,41.827,655,655,5.7249,28.064,35.683,54.246,70.129,86.984,85.037,53.778,45.794
656,656,13.244,28.775,38.639,51.137,67.133,64.95,66.948,55.549,43.961,656,656,16.501,29.022,31.473,52.223,66.256,63.037,64.407,59.612,40.282,656,656,3.805,27.952,34.297,53.379,68.516,84.666,84.739,52.677,43.183
657,657,16.623,25.605,34.024,51.907,62.265,60.277,63.578,55.76,41.782,657,657,11.967,25.052,30.224,45.683,64.985,59.973,60.838,56.801,39.543,657,657,3.9963,30.37,40.528,50.177,66.89,81.885,79.496,48.625,41.298
658,658,14.964,29.241,35.698,48.932,61.801,54.537,62.765,54.068,42.856,658,658,18.258,22.017,33.574,46.624,62.531,56.298,58.688,56.768,39.135,658,658,9.6216,16.933,40.055,46.211,59.16,78.171,76.654,46.855,39.928
659,659,15.736,24.878,43.586,47.45,57.612,55.716,62.867,54.94,40.622,659,659,17.703,29.035,35.856,49.945,59.576,55.815,60.714,55.938,38.663,659,659,1.3882,20.354,36.806,47.861,60.434,78.396,76.443,47.016,39.64
660,660,11.873,23.49,38.161,41.63,58.67,54.176,61.759,50.667,42.076,660,660,19.573,21.977,36.845,44.353,60.582,55.146,56.851,52.873,38.428,660,660,8.455,23.4,37.294,43.019,58.139,74.5,73.669,43.875,38.499
661,661,14.831,17.398,34.377,42.459,57.558,50.542,57.034,49.154,39.59,661,661,20.929,20.343,38.235,41.936,56.212,51.127,55.95,52.863,37.097,661,661,6.6227,18.894,31.54,42.724,54.879,71.491,69.161,41.279,37.511
662,662,12.252,22.654,36.554,36.737,53.315,47.845,55.417,47.061,41.748,662,662,16.713,25.669,38.069,39.779,50.413,50.664,54.435,51.566,37.034,662,662,-0.03103,18.579,40.436,41.038,52.527,69.339,68.699,40.574,38.339
663,663,12.737,28.312,36.735,45.492,49.575,47.581,63.067,50.898,39.564,663,663,15.965,27.084,37.32,40.836,55.342,50.29,55.135,49.693,36.804,663,663,5.3867,18.125,32.513,39.909,51.813,71.499,70.656,42.135,37.994
664,664,8.017,27.712,36.126,44.413,49.905,49.271,61.321,50.884,37.853,664,664,17.699,17.054,31.401,42.029,54.791,47.53,56.051,53.317,37.275,664,664,1.4485,27.61,35.845,40.709,47.022,70.345,72.457,42.381,38.072
665,665,5.7524,29.254,33.988,49.037,48.884,47.662,61.541,52.231,42.288,665,665,19.491,24.09,31.576,43.56,51.962,46.941,57.07,54.214,37.654,665,665,1.1072,28.955,31.304,40.321,51.009,69.354,71.387,42.814,38.278
666,666,18.199,29.46,35.554,44.371,52.962,49.571,64.006,52.938,40.165,666,666,12.102,23.407,34.755,45.561,52.579,49.685,57.409,52.559,37.203,666,666,5.9118,22.449,32.584,40.158,52.377,70.746,71.381,43.226,38.198
667,667,17.827,26.434,38.375,51.486,50.718,49.43,61.713,53.651,42.069,667,667,15.236,26.517,33.198,43.97,57.305,50.163,57.393,53.889,37.813,667,667,1.3704,25.469,30.646,43.217,52.726,72.31,71.744,43.838,38.823
668,668,12.324,24.835,32.866,49.913,48.066,47.275,61.063,54.864,39.483,668,668,18.602,25.599,28.405,46.1,53.962,48.198,55.194,52.973,36.889,668,668,8.3236,24.792,31.627,40.339,52.564,69.067,69.25,42.694,38.306
669,669,13.307,21.237,32.098,47.747,52.785,47.179,59.164,53.541,42.34,669,669,17.21,21.112,33.099,38.99,55.109,48.139,54.959,55.363,37.651,669,669,5.5243,23.189,32.753,42.881,53.398,68.7,66.991,42.935,38.636
670,670,15.862,25.091,34.054,48.891,50.308,46.31,58.091,48.984,38.877,670,670,16.836,19.943,33.006,41.629,50.207,47.467,54.703,50.937,36.567,670,670,1.8328,29.361,34.18,42.222,51.512,69.421,69.371,41.452,37.683
671,671,10.649,28.955,35.56,44.457,50.287,43.454,57.13,48.078,42.184,671,671,7.7517,22.336,29.965,40.508,53.542,45.954,52.056,47.658,36.854,671,671,2.5981,32.373,34.903,42.729,50.912,65.055,64.499,39.45,38.433
672,672,6.8409,27.319,33.149,42.227,47.241,41.915,53.93,45.559,38.385,672,672,14.971,20.743,32.398,41.718,50.182,43.078,47.562,46.038,36.186,672,672,1.1906,31.884,31.819,41.676,46.825,63.287,63.315,37.992,37.385
673,673,13.089,24.56,28.368,40.736,46.884,40.77,52.678,45.701,41.996,673,673,11.693,25.208,32.989,40.976,46.459,39.088,45.401,46.778,36.666,673,673,-0.23683,32.099,31.603,38.33,47.137,61.184,60.514,37.041,37.404
674,674,11.85,24.51,31.305,42.691,45.291,39.309,48.702,44.268,38.416,674,674,14.177,29.23,32.988,40.528,47.006,39.619,42.811,44.975,36.431,674,674,1.7089,28.963,31.98,36.001,43.674,61.91,60.886,35.024,37.055
675,675,17.851,21.328,29.938,43.271,43.646,38.158,48.918,42.444,41.756,675,675,19.446,22.373,33.276,40.318,49.603,39.207,42.879,43.011,36.59,675,675,6.6948,27.092,29.049,39.006,43.656,58.424,58.096,35.791,37.84
676,676,13.964,13.954,30.021,39.958,47.271,39.095,46.528,43.065,38.751,676,676,12.963,21.865,35.206,40.895,49.162,38.585,41.707,42.111,36.153,676,676,1.9891,27.032,34.036,41.381,44.884,55.161,55.031,34.987,37.368
677,677,12.834,22.73,32.869,42.541,46.749,36.863,46.075,43.761,41.753,677,677,18.135,17.046,38.74,41.317,50.062,40.263,40.99,44.266,37.121,677,677,1.5482,26.282,34.879,41.559,45.296,52.614,50.699,35.634,37.797
678,678,11.741,22.555,32.922,41.077,44.812,35.537,47.102,43.873,38.487,678,678,16.903,22.234,34.676,42.603,53.631,41.973,39.563,44.535,36.316,678,678,4.8494,24.902,36.355,44.98,47.281,53.985,52.369,34.805,37.478
679,679,14.474,24.874,34.007,39.331,46.641,37.109,46.143,41.927,41.818,679,679,15.774,24.88,35.608,40.259,49.894,39.123,40.502,41.244,36.597,679,679,3.4337,25.791,31.457,45.443,47.397,56.184,54.096,35.587,38.01
680,680,16.63,21.789,34.151,42.173,43.537,37.137,46.022,43.205,39.652,680,680,20.936,20.247,36.214,42.11,50.125,38.546,40.509,43.36,36.44,680,680,2.9261,27.167,38.227,41.241,46.592,55.65,53.964,34.788,37.055
681,681,16.367,23.66,34.009,40.995,45.568,37.077,44.01,42.491,42.369,681,681,11.397,23.431,34.955,40.229,46.621,36.38,42.284,44.685,36.465,681,681,-0.9406,31.056,38.009,35.848,44.176,57.122,56.395,36.035,38.124
682,682,9.3873,21.247,34.187,41.723,47.697,37.662,44.758,42.453,38.128,682,682,3.2014,26.329,32.755,40.114,44.968,36.327,40.952,44.389,36.3,682,682,-2.62,25.91,32.962,38.572,40.578,55.062,52.967,34.575,37.208
683,683,15.932,26.806,31.12,36.653,43.642,37.849,45.899,43.168,41.798,683,683,4.5479,25.546,30.41,35.627,44.395,39.571,41.898,42.39,36.849,683,683,3.6841,28.161,34.597,38.866,44.787,60.107,57.189,35.333,37.622
684,684,15.221,28.984,34.37,41.212,46.034,40.341,49.828,45.128,38.46,684,684,6.1311,24.349,33.191,38.974,46.005,38.911,43.825,45.021,36.767,684,684,0.95635,29.988,31.761,36.69,45.807,57.222,57.823,36.242,38.907
685,685,5.7021,21.187,28.762,43.755,51.23,45.956,49.747,46.245,42.737,685,685,11.77,21.262,29.312,39.889,49.888,44.601,48.244,47.155,37.214,685,685,2.4386,23.183,31.715,44.516,56.804,62.952,62.829,38.818,39.307
686,686,6.1636,19.422,36.005,45.373,60.749,50.128,50.191,49.637,39.774,686,686,10.743,22.531,36.445,42.042,63.645,51.368,46.765,45.251,36.213,686,686,-2.5225,25.222,35.457,43.699,60.571,61.684,59.316,38.729,38.441
687,687,3.2641,24.68,35.686,44.709,54.909,44.143,46.781,46.398,42.203,687,687,14.679,22.149,36.329,43.233,57.252,44.768,44.881,47.387,37.468,687,687,1.995,25.94,33.13,37.049,52.379,60.691,59.537,37.969,38.878
688,688,10.861,23.481,37.104,44.903,62.204,50.235,45.808,46.908,40.117,688,688,14.557,25.688,32.101,39.273,53.625,42.178,42.922,45.294,36.492,688,688,-2.3677,28.634,28.848,39.325,54.663,57.823,56.655,37.372,38.379
689,689,13.759,24.938,31.27,37.07,58.182,48.724,48.717,46.457,42.458,689,689,17.946,23.609,35.289,41.058,53.665,46.676,46.051,45.717,37.191,689,689,5.1485,31.009,33.711,41.187,54.667,63.064,63.757,37.864,38.292
690,690,14.862,28.963,31.114,39.384,55.357,47.02,50.269,45.499,39.297,690,690,17.566,21.523,33.354,37.395,48.299,43.372,47.659,44.962,36.818,690,690,5.9913,28.887,37.253,40.462,54.225,64.739,63.486,37.956,37.881
691,691,13.245,27.834,31.699,42.193,54.751,46.674,53.189,47.332,43.072,691,691,12.98,23.49,32.625,38.322,48.142,41.488,49.241,47.009,36.773,691,691,0.9688,30.871,32.842,38.663,53.721,65.934,66.229,38.816,38.632
692,692,17.53,26.605,30.815,40.395,47.539,40.603,51.652,46.602,39.818,692,692,15.199,25.61,34.1,40.575,44.745,37.944,47.836,46.997,36.151,692,692,2.8222,26.596,29.721,34.497,45.653,60.881,60.565,36.746,37.142
693,693,11.747,23.558,29.854,38.105,44.992,36.983,45.824,43.864,42.459,693,693,10.228,21.706,28.04,35.248,48.92,37.411,44.556,42.872,36.399,693,693,-4.1841,21.594,33.389,36.808,46.031,56.361,55.969,35.787,37.531
694,694,9.3859,19.638,32.955,41.561,45.036,42.585,52.311,49.099,40.189,694,694,7.7874,20.866,33.317,40.149,50.071,41.562,50.74,49.086,37.071,694,694,0.6472,16.772,32.792,37.389,49.45,64.781,62.421,39.542,37.133
695,695,14.439,25.733,26.654,38.842,48.652,42.777,48.638,45.118,41.816,695,695,9.3313,26.254,31.523,37.62,46.668,40.41,47.184,43.772,36.637,695,695,5.1084,20.097,31.187,38.323,45.814,66.485,64.809,37.209,39.132
696,696,8.7667,25.722,30.818,39.967,46.339,38.03,47.227,45.694,38.382,696,696,3.9739,21.715,30.295,36.624,47.191,38.338,41.943,45.363,36.517,696,696,4.2607,23.143,31.05,37.35,42.855,56.464,54.015,36.713,36.977
697,697,2.8202,25.025,30.728,36.795,47.823,40.445,46.865,47.1,42.596,697,697,3.3882,25.475,33.675,37.377,50.154,40.048,42.332,44.972,37.081,697,697,4.1227,30.719,32.493,37.267,46.078,60.973,60.044,36.954,37.992
698,698,1.6283,25.162,28.108,36.596,46.561,36.875,43.704,43.228,39.618,698,698,9.3653,20.864,28.068,37.082,47.676,35.577,39.38,44.411,36.448,698,698,1.8203,29.734,33.416,38.247,44.898,55.2,53.883,35.592,37.115
699,699,6.5716,19.826,32.803,41.307,41.087,34.345,45.418,43.942,42.436,699,699,8.4336,22.638,36.651,35.861,46.102,35.155,41.584,43.701,36.467,699,699,0.64461,25.568,32.429,32.663,40.556,55.431,53.535,35.76,38.364
700,700,5.0287,26.485,28.166,37.236,37.622,33.753,45.717,41.903,37.609,700,700,2.9351,22.055,35.071,37.257,43.705,34.779,40.607,41.48,35.624,700,700,4.0717,21.814,32.602,37.606,41.109,54.213,52.587,34.58,37.048
701,701,9.2566,24.204,31.048,46.592,45.545,38.244,51.073,45.672,41.832,701,701,2.3821,19.777,36.105,41.642,42.498,34.792,44.932,44.852,36.467,701,701,-1.2646,17.519,31.184,37.048,43.772,58.904,60.325,36.78,37.353
702,702,6.3913,23.898,36.286,48.257,45.363,38.83,53.404,47.653,37.991,702,702,12.287,25.675,34.035,41.844,52.495,40.667,46.89,44.529,36.15,702,702,0.38318,25.545,32.169,37.662,44.257,60.241,61.895,37.413,37.655
703,703,8.5921,21.313,33.092,45.724,46.541,38.026,52.038,46.14,41.58,703,703,16.293,22.716,35.035,41.706,48.236,37.57,44.278,43.74,36.292,703,703,1.501,24.477,31.422,34.581,44.743,57.591,58.352,36.294,37.762
704,704,10.22,21.168,27.865,44.67,45.936,38.168,52.992,44.319,37.933,704,704,10.287,20.24,35.236,39.522,47.309,37.611,48.113,43.954,36.04,704,704,1.7889,23.83,28.774,36.223,45.341,61.024,62.365,36.193,37.862
705,705,9.296,24.456,26.704,39.145,45.206,38.419,51.904,44.888,40.699,705,705,14.274,19.853,30.701,39.324,46.902,37.803,43.98,44.305,37.067,705,705,7.4097,19.698,31.073,33.837,46.086,58.884,56.925,36.248,37.611
706,706,11.121,23.451,32.367,40.995,45.263,39.264,48.911,45.921,39.825,706,706,10.281,16.808,26.963,37.327,45.923,39.378,45.365,45.707,36.912,706,706,3.661,22.712,31.272,37.883,44.361,60.531,60.218,36.775,37.847
707,707,15.614,24.58,31.104,37.084,52.563,42.921,48.757,45.243,37.253,707,707,5.6264,17.781,31.986,37.109,51.719,41.994,46.075,43.86,36.45,707,707,0.44465,26.695,30.344,39.544,48.378,62.963,63.322,37.55,37.046
708,708,10.862,22.277,30.862,38.621,49.923,41.699,49.216,44.216,41.712,708,708,10.151,21.797,31.704,38.809,55.862,43.649,43.767,44.175,36.641,708,708,-0.39371,25.873,34.144,37.295,51.97,61.183,60.369,36.137,37.968
709,709,8.748,23.669,30.548,36.081,50.657,40.192,46.726,43.147,38.573,709,709,7.8271,21.502,32.939,39.298,57.122,43.023,42.92,43.036,36.486,709,709,-3.653,25.745,31.832,41.165,52.52,59.38,58.5,35.643,36.896
710,710,7.6259,18.271,27.536,38.612,52.671,42.266,48.624,44.49,42.112,710,710,2.0895,16.878,30.72,38.19,57.777,45.677,45.544,43.826,36.238,710,710,2.4384,23.854,31.324,39.193,54.869,59.742,60.237,36.212,37.898
711,711,5.2475,23.589,29.886,40.829,48.368,41.34,47.546,43.709,38.378,711,711,3.0311,23.388,34.607,40.317,58.591,46.415,43.578,43.468,35.97,711,711,7.8253,19.967,32.508,38.415,53.972,59.689,58.745,35.447,37.172
712,712,8.7858,20.254,29.327,38.062,50.836,40.927,47.967,43.612,41.972,712,712,4.3803,21.675,29.749,40.704,52.278,41.545,43.85,42.836,36.284,712,712,2.2187,20.331,32.011,38.984,50.401,58.771,57.607,35.947,37.388
713,713,11.377,22.435,32.788,41.798,52.17,41.879,48.464,43.788,38.515,713,713,-0.27076,22.524,34.247,43.82,55.558,44.287,44.069,43.326,36.504,713,713,5.9887,18.972,32.876,40.465,49.133,61.106,59.503,36.076,37.037
714,714,12.405,19.706,29.598,34.972,48.084,39.805,46.461,42.563,41.342,714,714,8.4557,23.979,32.418,37.382,51.62,40.464,45.179,45.601,44.409,714,714,4.9944,16.292,29.388,38.311,48.431,59.474,58.831,39.286,38.241
715,715,10.751,25.384,33.128,37.118,40.19,35.039,47.106,43.959,39.679,715,715,4.5084,17.912,30.561,35.453,48.411,36.253,42.88,43.032,36.114,715,715,-1.875,18.315,31.514,39.322,47.547,57.01,57.228,36.093,36.694
716,716,9.9104,24.009,28.483,37.596,44.146,37.975,48.217,43.162,38.746,716,716,5.1096,27.425,33.897,39.339,50.308,38.307,42.995,43.883,35.276,716,716,-4.8846,24.335,29.631,43.041,48.274,59.542,59.526,36.171,36.458
717,717,11.378,21.24,32.688,36.792,42.105,37.828,46.218,42.463,40.945,717,717,11.594,23.422,32.95,38.215,47.407,37.729,42.832,42.11,36.295,717,717,0.62352,14.518,31.086,42.193,47.102,59.809,58.738,34.932,37.598
718,718,9.0529,20.567,29.325,36.781,47.532,38.412,49.659,43.715,38.067,718,718,13.752,26.711,29.12,39.59,43.213,34.723,44.4,44.412,35.737,718,718,4.8203,24.811,33.225,40.213,44.742,57.242,57.456,36.347,36.91
719,719,10.153,26.137,24.635,37.667,45.313,38.635,49.707,43.896,41.744,719,719,14.3,25.224,28.972,41.077,49.104,37.963,43.045,44.534,36.248,719,719,-0.83611,28.691,26.268,38.814,45.479,58.945,59.342,35.149,37.677
720,720,10.637,22.582,29.707,38.974,42.653,38.686,58.577,47.15,38.968,720,720,14.911,29.198,31.832,37.824,48.047,38.671,51.114,46.451,36.483,720,720,3.2123,28.814,26.599,39.955,49.371,60.064,60.317,37.298,37.22
721,721,10.099,22.969,26.579,42.448,45.98,42.632,63.087,51.082,42.357,721,721,12.125,30.325,26.205,39.957,50.196,44.173,55.744,50.894,36.776,721,721,3.135,29.479,28.825,39.149,48.605,64.339,66.678,40.785,37.378
722,722,15.38,27.538,31.789,38.721,51.817,46.886,63.882,51.947,39.731,722,722,12.108,28.391,26.081,43.175,55.801,46.858,57.401,51.426,36.63,722,722,5.3211,25.588,23.262,38.915,51.213,68.851,69.681,42.514,37.794
723,723,4.6185,19.633,32.243,42.352,51.926,49.631,65.605,53.12,42.829,723,723,10.697,24.555,28.421,39.398,53.63,48.765,58.434,51.681,37.212,723,723,-0.20689,26.993,25.711,41.307,52.306,73.082,71.514,43.839,38.838
724,724,6.5581,30.724,31.899,42.739,52.951,51.056,65.4,54.359,39.814,724,724,11.986,27.041,29.529,40.794,59.494,51.292,57.316,52.194,37.349,724,724,3.6617,29.994,30.183,38.505,53.985,75.683,73.67,45.307,38.45
725,725,8.689,26.088,28.797,42.918,59.888,52.24,62.634,54.371,42.945,725,725,10.917,26.984,32.162,44.806,59.585,50.775,56.585,53.875,37.387,725,725,-2.7542,33.757,30.785,42.736,58.865,73.537,72.118,44.837,38.448
726,726,4.0883,22.568,29.402,45.412,57.211,51.115,62.942,56.929,39.614,726,726,2.7576,25.749,24.945,37.829,55.077,49.535,55.613,55.443,37.348,726,726,-0.94177,30.784,26.717,39.969,57.543,74.443,73.95,46.736,38.363
727,727,6.4507,26.306,21.057,42.227,58.086,49.436,61.061,56.727,43.176,727,727,5.2313,27.224,26.173,40.403,56.532,48.301,55.833,54.469,37.648,727,727,2.3332,26.8,28.777,42.445,56.163,69.343,70.686,46.017,38.907
728,728,5.2531,21.619,27.755,43.078,50.593,41.956,54.413,53.08,38.796,728,728,3.8934,23.258,30.477,44.924,50.773,39.104,49.976,53.002,36.886,728,728,-2.8997,24.018,31.523,41.526,53.142,64.39,64.652,42.624,37.664
729,729,13.825,27.299,32.482,41.991,46.495,43.24,57.467,52.068,42.867,729,729,16.693,25.025,30.951,39.374,51.262,42.954,53.594,52.279,37.308,729,729,7.9114,26.672,34.404,41.044,48.963,66.715,67.072,42.689,38.689
730,730,10.028,29.306,30.67,39.716,51.012,57.611,64.963,55.403,40.191,730,730,17.447,28.477,32.348,39.39,51.189,51.13,60.551,56.583,39.047,730,730,8.2109,22.258,31.088,42.699,51.697,81.98,84.627,52.435,40.366
731,731,10.422,26.075,32.927,39.685,48.595,54.843,65.54,56.688,42.761,731,731,11.988,27.317,31.037,40.08,45.165,51.045,61.557,57.984,39.839,731,731,-2.0068,22.997,30.273,42.062,52.604,78.325,81.419,50.686,39.074
732,732,10.776,23.168,28.621,35.545,50.955,55.913,67.283,58.187,40.631,732,732,11.723,18.77,32.64,41.208,52.8,51.001,63.777,59.846,40.68,732,732,0.23098,26.256,28.872,41.82,53.473,80.189,82.547,51.374,39.341
733,733,4.4885,22.263,32.79,41.11,47.06,57.09,69.454,59.261,43.74,733,733,6.4522,16.138,29.322,41.146,53.592,51.889,64.602,58.508,39.855,733,733,1.3014,27.059,30.796,41.439,51.13,80.997,84.022,52.817,40.405
734,734,7.5998,22.991,31.058,37.357,51.013,52.629,67.994,58.524,40.563,734,734,7.5253,20.802,28.746,40.853,50.787,50.445,64.846,59.233,39.246,734,734,2.2489,26.293,31.033,40.427,50.307,77.363,77.285,49.489,39.064
735,735,16.933,18.038,31.658,38.964,48.615,53.503,70.316,61.752,43.576,735,735,19.054,28.483,27.047,37.717,54.171,53.308,69.024,61.379,40.301,735,735,8.3368,27.937,31.085,40.184,49.701,76.067,77.487,51.39,39.611
736,736,13.807,26.159,32.238,37.182,55.164,58.253,69.29,60.064,41.367,736,736,16.045,22.976,28.032,38.17,52.306,54.96,70.905,62.116,40.604,736,736,7.8247,23.125,29.521,39.174,52.995,81.643,82.39,52.222,39.757
737,737,15.26,23.512,28.497,39.84,56.318,59.044,69.145,61.373,43.401,737,737,16.96,29.678,30.464,38.062,53.321,55.656,71.808,62.908,41.466,737,737,1.055,30.461,31.729,38.915,54.146,82.255,82.585,53.186,39.872
738,738,13.316,24.818,31.552,38.842,53.061,56.958,68.988,58.454,40.648,738,738,17.42,26.97,29.354,43.148,58.925,54.56,72.24,62.737,41.122,738,738,1.0509,27.176,28.745,41.222,53.128,81.336,81.888,51.977,39.664
739,739,4.874,25.024,31.031,41.112,48.488,53.076,64.515,54.324,42.987,739,739,6.103,25.451,26.09,40.552,56.454,51.594,69.458,59.729,39.731,739,739,-3.576,24.045,29.632,42.633,52.915,76.521,78.421,48.002,39.05
740,740,6.6637,23.192,28.249,40.691,46.382,55.752,66.212,54.079,41.385,740,740,8.6615,19.825,28.368,37.644,50.562,52.2,61.417,53.047,37.537,740,740,-10.181,18.483,30.426,42.29,51.596,80.507,79.07,48.235,39.466
741,741,9.7525,25.357,32.097,43.674,49.321,50.054,63.419,54.238,42.905,741,741,14.639,18.143,24.273,37.844,49.385,52.098,57.701,51.957,37.831,741,741,3.9159,16.74,26.595,40.049,51.239,73.597,74.859,45.102,39.679
742,742,5.864,25.804,30.585,39.17,51.12,52.541,64.208,55.028,40.251,742,742,14.417,21.715,26.493,35.116,48.123,50.656,61.129,53.202,36.954,742,742,3.2471,21.289,19.878,39.964,51.402,77.46,78.834,48.161,39.439
743,743,3.6739,27.434,32.017,36.872,48.152,56.579,59.453,52.462,42.837,743,743,6.9729,21.263,29.657,40.227,52.179,54.804,58.117,51.547,37.591,743,743,1.3756,23.193,27.967,39.874,51.085,81.059,79.778,48.045,40.261
744,744,7.2941,22.364,31.252,40.377,49.921,54.1,63.524,54.238,40.227,744,744,16.785,21.368,27.513,37.437,50.726,54.544,60.994,51.694,37.235,744,744,0.81774,27.436,31.549,40.322,51.597,78.728,79.186,47.905,39.593
745,745,7.3399,22.546,32.639,38.212,47.772,50.84,58.737,50.859,42.072,745,745,8.4774,24.891,32.788,38.937,47.892,51.33,57.203,52.174,37.005,745,745,0.21413,26.312,30.254,35.661,48.105,75.145,70.42,43,39.439
746,746,10.717,19.982,31.994,35.7,45.977,44.774,56.517,49.792,40.268,746,746,15.8,24.245,30.151,42.071,53.984,49.57,52.585,47.994,37.238,746,746,3.4476,24.595,29.001,34.762,47.649,63.957,63.772,38.57,38.444
747,747,8.9875,20.821,30.883,41.534,50.132,44.501,53.423,48.021,42.256,747,747,14.867,25.256,30.135,42.929,54.801,44.264,49.013,48.158,37.272,747,747,7.1203,18.381,31.107,37.715,50.861,61.166,62.06,37.831,39.293
748,748,10.92,22.189,29.802,42.556,52.695,42.614,50.821,46.455,39.374,748,748,15.457,14.721,29.252,43.531,58.541,46.214,48.154,48.093,36.774,748,748,2.2093,17.926,29.477,39.687,48.588,59.747,59.544,38.749,38.643
749,749,7.8785,23.442,28.386,43.596,45.332,47.286,56.153,47.249,41.835,749,749,4.0203,14.795,30.35,51.08,49.048,51.802,56.273,45.133,36.314,749,749,-0.77133,25.291,31.9,42.037,45.944,64.953,69.06,41.008,38.37
750,750,8.0462,25.532,32.339,43.915,50.187,44.718,48.777,44.686,38.577,750,750,4.5618,18.994,31.327,47.775,56.956,46.45,47.57,42.924,36.196,750,750,-5.3153,25.452,28.784,41.253,49.212,64.134,66.091,37.223,37.438
751,751,15.704,26.976,30.585,38.507,47.971,38.379,44.089,43.956,41.701,751,751,15.171,25.137,27.282,40.07,48.822,37.243,39.998,42.11,36.809,751,751,1.4858,22.885,33.788,36.183,44.361,54.123,52.867,36.226,38.663
752,752,9.638,18.298,31.939,33.561,44.499,35.245,43.087,42.189,38.846,752,752,12.855,16.74,29.575,38.67,48.138,36.217,38.883,42.658,36.038,752,752,-0.59506,19.025,28.386,33.034,44.7,54.045,51.965,34.893,37.676
753,753,9.6188,24.88,32.811,37.286,41.154,35.052,43.292,41.148,41.685,753,753,13.71,8.3932,29.435,34.996,42.94,32.197,38.695,42.172,36.12,753,753,-1.2689,19.659,30.733,37.136,43.202,53.026,51.46,34.894,37.354
754,754,8.9378,24.238,30.804,36.204,46.405,36.997,43.444,42.01,38.609,754,754,12.07,18.624,32.619,37.795,46.475,35.913,38.915,41.088,35.75,754,754,-2.2365,26.087,33.179,36.47,45.631,53.989,53.432,34.162,37.388
755,755,-1.668,22.341,30.115,36.216,41.958,34.383,43.495,42.123,41.707,755,755,1.0204,25.86,33.565,40.02,48.78,38.296,39.35,41.176,36.455,755,755,1.7861,21.459,32.879,37.922,41.742,53.057,52.581,34.837,38.06
756,756,4.0115,25.727,29.394,36.724,42.459,34.855,42.479,40.811,39.029,756,756,8.2816,24.589,32.365,38.378,43.197,31.995,38.366,41.489,35.649,756,756,-2.7377,27.118,27.168,36.362,43.284,52.537,51.005,34.62,37.519
757,757,10.025,26.721,28.779,40.288,39.862,35.023,43.846,41.464,40.39,757,757,11.289,24.872,32.179,39.201,38.038,31.419,39.682,41.963,36.459,757,757,0.54986,25.626,28.589,39.176,42.048,53.366,51.331,35.029,37.059
758,758,6.8353,26.917,28.636,37.825,42.747,33.62,43.107,42.578,40.646,758,758,-2.164,21.862,30.958,35.871,41.114,32.9,38.859,40.877,35.77,758,758,5.6565,20.323,34.533,39.013,44.028,54.67,52.548,34.745,37.929
759,759,4.773,22.101,32.581,38.635,42.832,33.807,42.126,42.124,37.732,759,759,10.269,27.368,32.687,37.56,44.509,33.046,38.872,42.444,35.858,759,759,-0.20429,28.146,33.997,37.46,44.221,54.027,54.624,33.84,37.222
760,760,8.1047,21.554,30.022,38.849,42.727,34.134,43.375,42.049,41.743,760,760,10.304,28.001,31.554,37.537,45.483,33.779,38.459,42.262,36.461,760,760,1.1117,31.536,29.718,36.723,43.494,52.609,52.119,34.636,37.491
761,761,7.5782,23.82,28.959,35.998,41.834,33.751,43.621,42.371,38.468,761,761,12.625,25.838,32.298,38.757,45.081,33.612,41,43.016,36.297,761,761,-4.2367,29.491,33.817,38.947,44.769,52.549,54.94,36.39,37.704
762,762,1.1408,17.807,28.09,41.891,43.935,34.281,42.393,41.486,41.854,762,762,7.5498,22.732,29.136,40.135,46.649,35.033,39.089,41.77,36.565,762,762,-1.2487,25.872,32.131,38.906,46.009,53.227,51.925,33.785,37.942
763,763,1.5237,22.427,30.495,41.35,41.666,40.43,49.126,43.957,38.168,763,763,5.2957,29.071,27.468,40.52,47.289,44.451,46.231,41.982,36.066,763,763,1.8953,21.06,29.968,34.949,44.325,61.232,62.859,36.681,37.232
764,764,8.1369,19.079,30.573,42.781,53.4,45.325,52.573,46.013,42.597,764,764,9.0033,27.665,33.673,39.308,59.799,50.897,53.361,45.046,36.813,764,764,-2.1954,22.31,27.905,39.818,49.954,65.528,67.188,38.466,38.266
765,765,5.6888,22.999,33.222,38.444,47.092,39.941,50.812,46.807,40.092,765,765,6.6722,25.844,30.271,38.778,50.364,44.131,47.615,46.158,36.71,765,765,1.8159,20.812,28.487,37.556,46.229,60.314,58.072,37.836,38.04
766,766,10.344,25.365,28.591,40.264,46.535,41.918,52.319,48.627,42.179,766,766,7.753,19.412,31.499,37.315,44.865,41.97,50.018,48.585,37.218,766,766,-3.5203,18.132,32.224,35.644,45.217,63.146,63.191,38.196,37.869
767,767,7.8244,26.29,28.993,42.605,55.589,51.733,60.151,53.078,40.303,767,767,4.833,18.646,27.673,41.975,55.811,54.206,58.307,53.551,37.642,767,767,-3.3661,21.387,32.208,41.315,59.376,68.778,66.488,42.019,38.017
768,768,10.111,16.979,31.366,49.92,66.351,60.552,62.928,53.556,43.142,768,768,6.5229,25.428,29.555,50.384,65.113,61.185,62.619,54.842,38.438,768,768,1.545,17.58,27.478,47.543,69.949,77.077,75.694,45.474,40.913
769,769,12.289,19.896,34.295,53.724,68.623,61.434,64.902,55.868,41.387,769,769,15.614,23.849,29.992,52.152,70.298,62.039,62.594,54.558,38.427,769,769,4.2089,20.287,23.143,45.293,67.22,80.03,78.304,47.989,40.516
770,770,9.9289,24.731,31.788,54.531,65.025,62.7,65.31,54.841,44.519,770,770,19.036,22.942,33.823,51.346,70.126,64.226,64.841,55.628,39.7,770,770,1.75,25.628,28.136,48.337,67.586,83.656,81.294,50.155,42.662
771,771,2.9507,20.727,32.189,54.113,67.197,63.109,68.24,56.71,44.065,771,771,13.202,24.735,35.564,51.321,68.002,64.488,67.893,58.532,41.094,771,771,-2.8655,18.067,31.319,48.073,68.47,82.095,81.78,51.238,44.224
772,772,15.524,22.819,34.654,57.443,66.714,63.576,68.459,56.558,46.017,772,772,3.3724,26.91,29.307,53.292,71.888,65.253,68.329,56.804,40.476,772,772,-5.1154,14.745,31.402,51.874,69.98,85.905,86.716,54.729,45.143
773,773,5.8601,27.985,33.93,57.583,67.275,63.011,68.041,55.16,42.518,773,773,9.4759,22.148,35.623,50.326,68.549,63.775,66.565,54.653,39.723,773,773,-5.9583,23.001,32.724,51.324,69.093,82.979,82.713,51.088,42.446
774,774,3.9286,25.98,35.24,53.787,64.566,63.292,66.854,54.195,44.718,774,774,13.796,24.258,36.467,47.463,67.682,64.237,66.933,56.85,39.734,774,774,-3.1886,23.677,33.211,55.147,68.113,85.19,83.996,52.082,43.223
775,775,6.2789,17.076,32.314,57.85,65.578,60.751,62.384,51.926,40.528,775,775,13.332,25,33.934,51.44,65.763,62.534,63.092,53.916,38.632,775,775,-1.0469,18.787,30.191,56.708,66.976,80.1,79.452,47.885,40.546
776,776,9.0303,19.603,29.228,49.934,63.264,57.994,62.339,51.84,43.33,776,776,16.87,19.916,31.923,46.738,63.891,58.715,60.663,53.085,38.144,776,776,-4.0576,25.437,28.941,52.314,64.798,78.845,77.195,46.082,39.945
777,777,6.1595,20.695,28.787,47.571,60.315,54.933,60.34,51.468,39.386,777,777,12.674,24.559,32.812,46.807,61.939,54.467,56.385,52.844,36.889,777,777,2.7178,21.527,30.249,47.796,59.234,73.745,73.242,43.182,38.089
778,778,7.8899,21.088,28.79,44.861,57.674,49.566,55.465,48.272,42.366,778,778,9.3374,22.467,29.883,45.221,55.862,50.696,52.611,47.088,36.329,778,778,1.9398,17.214,29.518,44.206,59.681,71.062,71.479,41.224,38.659
779,779,5.5068,22.433,32.369,41.771,54.986,48.226,50.977,45.7,39.458,779,779,14.502,24.94,29.156,38.303,54.316,51.531,49.695,46.621,36.377,779,779,1.8407,27.391,32.886,38.245,54.52,70.539,67.573,38.508,37.753
780,780,7.4376,22.911,33.13,38.512,55.011,49.659,52.323,47.258,42.504,780,780,17.821,19.807,33.182,42.756,53.747,52.54,51.657,47.298,37.016,780,780,6.4876,26.997,35.325,44.092,56.932,70.306,69.299,40.147,38.447
781,781,4.4949,22.234,31.586,37.057,51.295,46.424,50.405,45.132,38.594,781,781,15.98,23.392,30.694,40.483,54.418,49.704,49.062,45.993,36.528,781,781,7.9049,20.211,34.222,40.817,52.177,66.151,64.323,37.729,36.94
782,782,6.3835,19.134,32.185,41.16,54.234,48.343,49.869,44.539,42.522,782,782,11.232,23.38,30.264,42.15,53.486,47.866,50.114,47.599,36.965,782,782,3.5097,24.223,31.095,38.419,51.416,66.827,65.956,38.383,38.27
783,783,10.194,19.035,34.964,38.773,49.302,43.516,50.45,46.017,39.483,783,783,10.342,21.357,35.769,38.205,50.651,45.505,47.762,47.265,36.212,783,783,-0.63479,27.511,35.8,41.651,52.088,65.122,65.558,38.41,37.304
784,784,8.1408,20.266,33.012,39.474,51.196,43.521,50.241,45.173,42.326,784,784,16.738,25.927,36.667,37.604,51.335,46.667,48.47,44.331,36.929,784,784,-2.6995,28.665,40.241,40.396,52.628,67.33,64.496,37.057,38.263
785,785,14.178,15.106,35.393,43.779,56.464,47.075,50.77,45.775,39.319,785,785,19.145,22.775,30.175,36.334,55.437,48.137,50.025,45.857,36.434,785,785,2.7604,23.904,38.401,41.819,55.341,67.75,64.72,38.022,37.987
786,786,10.346,26.189,31.265,46.317,60.205,51.502,53.163,46.004,42.737,786,786,11.065,24.404,34.64,41.807,59.296,52.221,51.814,47.912,37.723,786,786,3.9581,24.329,36.399,44.171,58.197,71.237,69.814,40.315,39.352
787,787,8.9001,22.613,34.087,43.589,56.976,51.97,52.681,46.268,39.633,787,787,18.398,26.239,30.427,40.587,55.564,51.954,50.178,46.681,36.722,787,787,1.2568,20.734,31.553,43.192,59.388,67.216,65.068,38.007,39.004
788,788,10.802,22.682,32.664,42.51,62.31,51.421,52.347,47.562,41.896,788,788,24.829,24.264,28.781,39.779,53.937,49.418,49.655,47.224,36.474,788,788,8.1802,27.019,31.122,43.556,58.964,67.032,66.287,38.709,38.637
789,789,5.0047,22.53,33.564,41.3,53.156,44.279,51.977,47.776,38.809,789,789,18.973,24.793,27.769,35.93,49.251,39.966,49.829,48.058,36.885,789,789,6.1081,23.23,25.822,41.758,52.166,62.761,62.26,38.717,37.64
790,790,5.9167,25.607,31.329,38.574,49.112,43.367,48.853,44.35,41.618,790,790,14.443,23.112,31.699,39.156,50.799,43.863,46.163,45.37,36.567,790,790,2.3549,24.65,30.879,37.05,47.894,64.296,62.166,36.859,38.121
791,791,1.9515,21.063,31.317,43.105,56.976,47.363,55.098,47.191,39.413,791,791,3.9176,27.171,28.096,37.179,54.96,45.808,49.66,46.387,36.45,791,791,1.0033,26.398,26.995,41.174,55.772,66.489,67.556,39.075,37.999
792,792,4.8998,27.44,25.446,41.368,54.794,45.64,54.333,47.774,42.263,792,792,2.8289,24.889,31.642,39.647,55.285,45.996,51.891,47.567,36.581,792,792,6.6358,27.478,28.565,42.561,54.42,68.099,68.157,39.492,38.061
793,793,10.445,23.172,30.104,39.657,49.749,45.002,52.508,46.632,39.687,793,793,6.4531,18.653,26.79,37.828,49.57,44.007,49.877,47,36.459,793,793,-2.6992,24.212,28.372,36.279,50.732,63.904,63.667,38.124,38.642
794,794,11.231,25.936,29.369,36.439,49.851,44.374,51.746,45.09,42.192,794,794,4.054,14.353,29.462,38.012,48.967,42.448,47.313,45.464,36.593,794,794,3.7869,23.458,24.415,36.829,49.051,64.411,65.22,38.021,37.967
795,795,5.179,21.997,31.154,37.86,51.474,45.515,53.595,48.137,38.586,795,795,10.731,22.535,27.003,35.869,49.325,44.324,50.349,47.965,36.345,795,795,4.6276,21.734,28.928,34.399,49.275,67.437,66.158,38.34,38.084
796,796,16.382,26.187,30.29,34.324,48.169,43.767,53.603,46.89,41.888,796,796,12.869,23.475,29.64,37.9,50.661,43.866,51.765,46.643,36.495,796,796,1.671,18.868,29.194,40.213,51.886,68.54,67.011,38.376,38.695
797,797,13.575,25.342,31.973,38.009,53.486,46.387,52.204,45.839,38.761,797,797,15.018,19.812,29.947,39.868,52.321,44.24,50.572,45.713,36.134,797,797,-6.3336,18.518,22.432,39.179,50.539,66.432,64.867,37.203,37.079
798,798,12.36,23.26,24.871,40.531,46.432,42.388,50.288,43.837,42.04,798,798,6.0883,28.839,27.059,37.107,50.514,40.741,45.421,43.425,36.644,798,798,-0.73031,19.377,28.314,42.354,51.911,66.739,65.622,36.887,37.836
799,799,5.0632,25.844,29.371,37.373,48.291,41.311,48.016,42.741,38.274,799,799,-1.3901,25.558,24.452,40.776,49.385,41.157,43.733,43.234,36.033,799,799,-1.2962,22.045,30.565,36.749,48.244,63.028,64.222,35.881,37.631
800,800,-0.43964,24.547,29.643,35.366,47.93,38.758,46.707,42.842,38.118,800,800,3.5984,22.887,27.907,40.197,57.144,44.506,41.818,41.269,35.932,800,800,5.5755,29.652,25.951,40.037,52.999,61.467,60.642,35.252,37.288
801,801,-0.35377,26.795,31.295,38.26,51.388,41.877,48.123,45.332,41.153,801,801,5.192,20.528,28.113,41.174,59.479,47.459,42.92,42.19,36.119,801,801,10.941,31.069,29.807,41.634,56.379,58.624,59.485,36.148,37.625
802,802,11.245,23.01,28.922,35.385,52.599,42.648,47.513,44.978,38.329,802,802,8.1568,20.996,28.096,40.619,60.327,46.66,42.904,42.982,36.086,802,802,5.8743,28.233,33.357,44.433,54.13,62.912,63.823,36.803,37.286
803,803,9.3236,24.191,31.022,37.437,52.18,42.403,44.984,43.013,41.454,803,803,13.278,23.403,33.129,40.606,60.101,44.693,43.086,43.141,36.989,803,803,-2.8432,27.116,31.772,40.65,56.93,60.947,61.776,35.388,37.516
804,804,4.2107,22.657,29.361,40.574,54.56,43.473,47.169,46.63,39.879,804,804,12.129,27.999,30.375,37.486,55.547,42.608,43.645,45.41,36.73,804,804,4.0241,22.607,32.895,40.737,49.651,61.561,63.149,37.948,38.495
805,805,7.4742,20.731,31.778,40.804,59.66,47.511,46.788,44.231,42.605,805,805,-2.3987,24.127,29.194,39.348,62.092,49.981,43.65,42.077,36.848,805,805,4.9522,24.209,28.407,34.391,53.113,63.977,62.588,36.841,38.382
806,806,11.547,16.675,29.152,43.653,61.17,49.68,50.972,47.621,39.174,806,806,12.824,23.81,28.226,43.071,64.151,51.547,48,46.343,36.313,806,806,1.3506,27.398,29.928,41.313,55.294,63.629,64.259,38.905,37.678
807,807,8.8038,21.534,35.547,45.24,64.936,51.283,50.174,46.57,42.802,807,807,12.716,28.95,33.193,44.586,64.404,51.902,47.283,44.209,37.265,807,807,5.081,25.234,31.749,43.989,55.01,68.425,68.599,38.893,38.489
808,808,5.8075,19.437,32.19,43.958,59.051,48,51.371,46.283,39.806,808,808,14.909,28.901,33.459,44.162,53.789,46.758,52.126,47.081,37.576,808,808,2.9822,26.668,35.099,45.54,54.147,69.805,70.931,40.245,37.933
809,809,13.682,23.557,32.684,47.486,55.445,47.297,54.882,48.773,42.491,809,809,22.242,26.077,29.522,44.635,59.122,48.777,54.933,48.984,37.225,809,809,0.76073,24.085,26.173,46.521,57.618,70.063,69.547,40.801,38.661
810,810,16.026,19.915,33.353,45.246,57.624,48.907,58.981,51.523,40.383,810,810,21.143,19.82,28.295,45.761,59.228,48.141,54.694,51.736,37.386,810,810,5.6819,19.1,32.69,49.429,60.22,70.458,71.153,43.538,38.439
811,811,11.926,25.028,31.333,44.591,53.697,48.206,62.394,54.839,43.227,811,811,16.28,20.549,31.81,40.209,55.54,49.215,58.902,53.025,38.173,811,811,0.98403,28.819,30.385,39.984,54.107,70.822,70.447,44.768,39.146
812,812,4.1118,20.604,30.243,43.76,58.343,50.588,60.024,52.344,41.088,812,812,7.2034,25.871,32.166,40.611,54.965,50.42,59.614,53.003,37.693,812,812,-0.36641,34.316,34.268,38.804,54.057,68.854,71.374,43.602,39.299
813,813,9.6717,24.182,33.78,40.172,54.816,49.543,60.088,51.723,43.707,813,813,19.508,17.38,34.546,37.635,50.812,47.782,55.663,52.728,37.453,813,813,5.2001,31.306,32.008,39.253,55.78,71.186,74.02,45.062,39.45
814,814,11.418,18.201,31.134,41.167,56.761,50.417,61.288,51.945,40.9,814,814,20.137,24.717,30.628,38.134,54.746,50.811,56.105,50.386,37.572,814,814,3.6733,30.896,30.757,41.034,58.389,71.752,73.101,43.719,39.764
815,815,17.38,23.756,25.899,40.261,60.293,52.566,58.519,49.904,43.484,815,815,11.865,27.738,32.592,39.063,55.936,53.903,55.34,48.488,37.293,815,815,3.1158,30.745,28.447,42.31,59.965,69.548,73.114,42.642,39.467
816,816,14.239,20.206,30.649,41.687,59.58,53.144,53.803,48.783,40.841,816,816,15.002,26.94,29.251,39.715,54.348,53.49,52.03,48.096,37.12,816,816,6.2687,22.965,27.496,43.306,59.304,70.012,68.261,39.572,39.194
817,817,11.073,18.915,26.742,37.171,61.19,51.403,49.513,43.868,42.807,817,817,14.209,30.448,30.869,39.104,54.207,46.686,45.904,43.589,37.069,817,817,0.58224,27.974,29.264,37.707,52.973,61.972,61.228,35.769,38.487
818,818,14.512,18.998,31.25,37.894,53.948,45.22,53.374,51.271,39.788,818,818,20.074,28.654,27.897,38.684,59.409,49.324,48.939,51.471,36.606,818,818,4.8536,31.811,30.584,40.943,55.721,64.61,63.023,39.476,37.626
819,819,12.682,29.034,32.623,41.908,55.486,44.226,47.264,43.938,41.787,819,819,15.183,30.063,33.016,40.852,59.041,47.11,43.007,42.906,36.766,819,819,3.7872,25.711,32.054,40.774,56.07,61.264,61.066,36.408,37.368
820,820,9.2907,25.357,31.147,39.704,55.477,45.054,47.391,43.37,38.19,820,820,13.878,25.269,30.939,43.946,56.518,45.05,45.434,42.481,35.906,820,820,4.4826,24.341,28.885,44.164,53.964,61.934,61.464,35.335,37.531
821,821,12.962,26.354,32.697,41.567,52.879,41.297,47.469,43.866,42.729,821,821,13.493,24.403,28.164,38.229,52.28,40.831,41.992,42.121,36.178,821,821,5.5853,28.917,34.946,40.612,52.05,55.378,54.221,34.361,38.121
822,822,10.574,22.308,30.618,39.143,48.542,41.036,49.384,45.139,39.211,822,822,22.276,22.669,29.824,37.911,52.203,43.384,46.235,44.023,36.346,822,822,2.8918,30.092,28.157,41.949,47.072,60.029,60.132,35.845,38.584
823,823,17.005,29.249,31.316,39.386,55.813,46.406,48.62,43.716,42.537,823,823,21.801,22.645,34.198,39.188,57.038,45.061,45.308,43.095,36.78,823,823,-0.76795,25.381,28.097,40.418,52.708,58.077,57.307,35.294,38.367
824,824,11.582,21.821,29.41,37.771,55.848,44.414,47.755,43.468,39.343,824,824,17.545,26.763,27.081,42.15,56.613,44.393,45.096,44.108,36.042,824,824,1.7511,29.256,31.511,41.689,53.145,58.838,59.328,35.653,37.357
825,825,10.259,24.978,29.837,40.273,56.328,42.225,47.226,43.169,42.373,825,825,14.929,24.331,26.641,39.262,56.191,43.491,43.36,43.834,36.568,825,825,-1.6002,27.363,29.455,40.358,50.9,57.978,58.638,35.434,37.23
826,826,10.172,28.015,28.308,39.526,52.888,42.807,48.896,43.404,39.872,826,826,17.344,26.154,29.695,43.925,53.651,43.969,43.922,44.255,35.908,826,826,-1.4422,25.999,31.012,43.587,52.16,58.846,58.65,36.699,37.45
827,827,12.726,26.147,32.888,39.816,49.614,40.176,50.361,44.457,43.193,827,827,11.385,26.732,30.927,41.583,53.086,42.251,44.264,45.338,37.167,827,827,2.1314,29.509,32.006,40.51,51.15,58.99,59.773,37.758,37.984
828,828,8.8631,27.848,27.552,41.002,40.895,36.917,47.659,43.697,39.026,828,828,15.579,22.699,31.065,40.2,47.11,39.91,42.621,42.307,36.268,828,828,0.30941,25.951,31.598,40.742,46.069,56.217,56.265,35.552,37.495
829,829,18.272,23.904,32.187,38.86,49.482,40.286,46.965,44.398,41.902,829,829,18.443,20.442,27.852,39.417,52.478,42.346,43.713,43.414,36.506,829,829,7.0349,22.794,33.241,38.055,46.734,56.815,57.499,35.92,37.749
830,830,9.9782,27.451,27.324,40.601,60.447,49.429,51.914,46.018,39.707,830,830,13.579,27.64,32.268,39.609,55.114,45.74,50.211,45.743,36.311,830,830,2.3974,20.73,32.032,42.246,57.46,64.564,62.006,37.698,37.876
831,831,13.967,24.038,30.042,40.287,55.216,44.125,47.92,43.413,42.023,831,831,16.311,28.121,33.071,41.517,52.7,42.159,43.085,44.193,36.677,831,831,6.5678,26.931,30.333,41.127,51.941,62.647,61.6,36.201,36.84
832,832,11.001,28.421,33.054,40.904,58.051,45.695,52.577,45.468,38.686,832,832,18.504,24.518,31.226,44.058,63.666,50.262,46.759,46.003,36.392,832,832,-0.31425,21.948,32.896,42.026,58.204,60.384,61.728,36.538,36.747
833,833,5.1274,26.252,32.63,39.84,58.578,46.484,52.239,45.126,41.837,833,833,11.316,29.465,27.693,40.846,62.729,48.292,46.152,46.292,36.552,833,833,1.5879,30.516,29.514,40.016,58.016,59.963,59.326,36.237,37.119
834,834,12.155,26.718,32.696,43.933,57.491,46.209,51.843,44.114,38.162,834,834,16.351,31.251,31.764,41.022,57.5,44.716,45.106,46.236,36.016,834,834,0.41934,32.56,28.445,39.678,52.237,62.395,63.767,36.774,37.57
835,835,2.1429,29.861,29.736,39.29,52.19,42.267,52.087,44.285,41.673,835,835,6.2712,31.281,32.026,37.93,51.93,40.997,44.279,44.113,36.733,835,835,2.5145,30.148,30.231,37.225,46.66,58.634,59.459,36.296,38.048
836,836,15.855,29.37,30.144,38.531,45.465,37.671,49.094,41.851,38.261,836,836,21.829,28.042,28.557,40.999,49.494,39.837,43.623,41.62,36.029,836,836,2.4624,29.861,30.764,40.381,47.219,56.176,56.112,35.262,36.961
837,837,10.215,24.128,28.546,41.042,41.846,36.782,47.965,42.292,41.852,837,837,17.784,25.417,29.279,35.56,48.837,39.009,42.64,41.543,36.142,837,837,-2.4764,26.251,29.775,36.981,42.628,55.348,55.125,34.921,37.883
838,838,9.0604,16.436,28.129,43.615,40,35.798,47.213,41.681,37.909,838,838,7.1956,23.286,28.363,35.505,44.928,37.242,40.844,42.312,35.744,838,838,2.7181,17.947,33.122,36.565,43.723,54.622,54.578,34.031,36.852
839,839,7.4991,16.851,29.838,39.204,41.191,35.901,45.594,41.613,41.749,839,839,13.443,24.426,27.262,36.911,48.124,38.39,40.677,43.171,36.543,839,839,0.36044,22.641,27.903,36.354,40.944,56.295,57.592,35.267,38.204
840,840,7.9863,25.683,31.276,40.065,46.216,37.404,45.315,42.864,38.965,840,840,12.675,20.001,30.143,39.201,47.376,37.477,40.513,42.874,36.415,840,840,1.2657,23.218,32.856,38.574,44.397,56.263,58.688,33.897,36.819
841,841,7.0946,24.077,26.67,38.361,44.555,39.622,46.851,42.953,41.975,841,841,11.22,23.689,32.933,41.47,46.691,39.269,43.048,42.179,36.882,841,841,-4.9168,26.979,29.634,35.719,42.525,61.333,64.688,35.901,36.93
842,842,4.2218,22.427,32.213,39.249,45.407,39.729,45.845,42.515,39.077,842,842,10.069,23.451,29.22,41.996,51.651,41.71,43.401,42.183,35.622,842,842,-1.8331,18.481,27.956,39.564,47.552,60.344,62.06,34.933,37.715
843,843,-1.2148,26.983,31.181,38.396,47.75,38.087,47.548,42.832,38.364,843,843,4.7828,20.715,29.147,37.762,47.303,37.383,41.575,41.91,36.329,843,843,-4.0182,20.996,28.951,39.9,49.7,56.626,56.44,34.574,37.268
844,844,5.8199,26.583,30.494,41.424,45.968,37.187,44.996,42.115,41.181,844,844,16.528,28.107,30.486,36.076,48.92,38.789,40.677,43.212,35.816,844,844,1.3761,9.8698,30.205,39.431,44.382,54.179,54.603,33.427,37.691
845,845,7.9886,21.312,35.803,41.149,45.184,37.255,45.349,41.649,38.174,845,845,18.249,21.886,29.111,34.863,46.014,36.93,38.968,42.003,36.735,845,845,2.2944,18.155,33.392,40.979,44.932,54.053,54.811,34.653,36.895
846,846,14.847,14.564,30.441,36.475,47.962,37.26,44.53,41.744,42.354,846,846,15.35,13.548,26.057,38.126,47.748,35.378,40.412,43.49,36.52,846,846,1.9184,25.148,31.514,41.418,46.877,53.315,53.191,34.893,37.889
847,847,8.9067,21.001,29.896,34.396,44.906,35.854,45.219,41.573,38.172,847,847,11.133,21.491,28.828,37.499,47.409,35.696,42.52,42.276,36.22,847,847,4.4553,20.703,29.621,40.255,45.086,53.895,53.619,34.492,36.822
848,848,8.1099,21.544,28.88,37.171,41.892,35.513,45.026,43.36,41.774,848,848,10.578,22.028,29.129,39.183,48.34,38.647,42.32,42.843,36.242,848,848,-2.3187,19.889,29.281,37.417,43.847,55.697,56.875,35.17,37.722
849,849,14.097,22.224,26.024,39.45,45.702,37.222,45.29,41.393,37.641,849,849,19.694,19.03,30.019,35.656,46.014,37.606,39.493,40.342,36.038,849,849,2.3376,21.305,26.085,37.861,45.449,56.544,58.935,35.181,37.477
850,850,13.006,25.992,27.558,37.62,44.358,33.907,45.248,43.493,42.278,850,850,19.274,23.378,28.067,34.581,43.762,34.895,40.201,43.024,36.753,850,850,7.2463,23.584,30.654,36.539,42.549,53.175,53.689,35.539,38.09
851,851,3.0541,24.22,28.408,38.963,44.105,35.227,48.609,44.174,39.528,851,851,12.792,22.744,26.713,38.882,42.935,35.239,41.723,42.413,36.219,851,851,2.3285,20.186,30.557,39.738,45.033,54.352,52.246,35.264,37.542
852,852,11.075,27.073,30.496,41.504,46.057,36.488,53.13,44.34,41.805,852,852,11.553,19.245,32.486,38.034,50.396,39.386,44.059,42.721,37.247,852,852,3.2448,23.961,31.856,34.344,43.127,56.014,54.298,35.429,37.65
853,853,8.8335,20.774,27.052,41.304,43.108,34.807,50.584,42.923,38.817,853,853,5.469,21.435,26.166,39.597,46.684,36.102,43.965,41.672,36.261,853,853,2.8546,23.368,31.933,41.39,46.402,53.573,54.077,35.339,37.675
854,854,4.165,19.698,29.463,40.791,44.686,35.505,51.634,44.316,42.289,854,854,6.6963,21.227,35.838,40.553,50.656,38.292,44.191,40.992,36.491,854,854,1.1109,18.019,28.351,39.004,41.405,54.536,53.395,35.371,38.838
855,855,14.726,27.54,30.701,45.329,45.723,36.297,49.04,44.119,39.856,855,855,12.928,22.724,32.755,38.285,50.174,38.765,42.489,42.752,36.834,855,855,8.4629,20.826,29.014,39.874,42.391,57.45,59.21,36.224,37.568
856,856,7.5822,28.534,27.809,40.273,48.94,37.951,45.957,41.576,42.673,856,856,6.8087,23.39,31.816,42.316,46.736,36.637,40.634,41.443,37.052,856,856,4.0444,19.403,28.46,37.893,46.295,55.716,56.068,34.588,37.955
857,857,11.923,21.867,31.15,40.137,57.794,45.352,45.482,42.533,40.282,857,857,10.013,24.598,34.673,37.153,54.341,43.13,40.36,42.374,36.519,857,857,-2.0806,19.148,32.717,40.441,53.94,56.447,54.93,35.075,38.722
858,858,15.481,24.85,30.497,38.424,57.151,45.573,45.163,42.144,42.498,858,858,18.798,22.955,34.043,35.765,49.344,38.803,42.602,41.849,36.524,858,858,0.41545,24.727,31.125,37.921,47.022,55.398,53.45,34.263,38.601
859,859,14.573,20.913,30.962,40.944,45.207,37.669,45.689,41.425,38.453,859,859,15.514,27.483,33.229,40.895,47.777,37.612,42.037,41.924,36.015,859,859,1.8935,28.11,31.824,36.944,43.2,56.842,58.479,34.987,37.708
860,860,12.164,24.894,30.935,36.367,53.028,43.344,47.946,43.147,42.422,860,860,17.541,32.544,34.617,40.5,50.882,40.664,42.411,42.031,36.522,860,860,-1.8797,27.814,34.082,37.752,45.757,56.785,57.102,35.893,37.056
861,861,9.9456,27.994,31.08,36.612,47.344,38.803,46.883,42.643,39.63,861,861,16.493,30.58,32.331,40.334,49.256,39.052,41.786,41.804,36.256,861,861,-0.2333,30.159,31.503,37.238,47.712,57.36,58.404,34.712,37.096
862,862,11.739,29.444,28.318,39.372,50.689,41.102,48.251,42.822,41.648,862,862,17.532,25.544,29.814,36.757,47.705,37.975,42.343,41.78,36.249,862,862,6.2639,25.28,29.492,39.767,51.396,58.341,59.249,35.099,37.731
863,863,4.9244,29.05,29.955,37.005,44.453,38.009,47.072,42.443,39.787,863,863,8.4218,30.605,31.896,39.644,46.258,38.514,41.235,42.393,36.464,863,863,-0.51687,29.073,31.23,36.893,43.962,58.106,59.152,35.327,37.601
864,864,12.043,28.762,29.138,38.187,46.217,37.817,46.382,42.577,42.161,864,864,13.057,27.322,30.756,38.011,49.584,39.727,42.029,41.672,36.416,864,864,-0.9593,31.913,30.152,38.247,45.708,58.357,57.621,34.922,37.622
865,865,14.537,26.36,32.518,38.522,48.291,39.542,45.886,41.859,38.433,865,865,17.827,28.989,34.309,39.776,44.958,38.328,40.701,41.468,35.803,865,865,2.8803,31.687,34.114,40.949,47.191,58.328,59.164,34.361,36.973
866,866,11.78,23.615,32.88,41.399,46.239,39.077,46.407,41.285,42.36,866,866,12.531,30.193,29.837,39.657,48.109,38.867,42.871,41.859,36.828,866,866,7.7337,22.533,33.343,36.142,45.685,59.172,58.646,34.618,37.802
867,867,10.916,29.873,28.981,37.867,44.775,36.697,47.065,42.095,39.36,867,867,18.062,34.276,32.965,40.527,46.747,37.882,41.932,42.88,36.26,867,867,4.7825,28.559,31.715,37.637,44.087,56.719,56.153,34.412,36.892
868,868,11.587,30.235,28.916,42.137,47.346,38.137,48.453,42.659,42.473,868,868,15.958,27.672,33.873,36.458,51.026,41.137,43.457,42.635,36.684,868,868,8.1479,29.739,34.188,37.881,47.836,58.403,57.695,35.317,37.733
869,869,8.1941,24.093,29.25,40.323,49.037,41.579,51.038,45.329,39.203,869,869,10.021,28.197,24.75,37.065,53.418,44.249,46.629,46.254,36.362,869,869,1.2729,30.18,29.56,39.479,49.474,60.548,60.277,36.389,37.622
870,870,3.8033,27.736,28.278,40.406,50.329,44.734,52.013,46.166,41.951,870,870,13.064,26.074,31.776,42.384,56.593,48.267,49.798,47.644,36.628,870,870,-0.33641,22.84,27.436,39.868,52.796,62.612,63.694,37.059,38.222
871,871,10.018,28.406,26.61,42.703,56.063,48.165,54.006,45.832,38.647,871,871,14.051,28.224,33.423,37.457,56.093,48.901,49.577,50.56,36.887,871,871,-7.1701,23.431,35.781,43.342,54.599,65.858,65.835,38.632,37.54
872,872,16.056,23.333,30.358,42.782,55.03,46.09,59.895,49.023,42.158,872,872,19.777,26.486,34.113,44.204,57.078,47.634,54.338,47.841,37.054,872,872,-5.0849,25.1,31.951,43.015,55.975,63.42,64.372,38.123,37.27
873,873,12.459,22.924,34.96,36.515,51.695,47.544,64.622,53.329,38.996,873,873,14.355,26.796,33.954,43.846,50.613,48.938,56.112,54.316,37.359,873,873,0.71881,27.555,28.539,41.266,52.03,66.91,66.557,42.28,38.551
874,874,17.489,31.161,36.301,42.651,55.783,55.359,63.21,53.167,42.567,874,874,13.149,23.182,29.179,40.783,54.195,51.615,58.407,52.163,37.625,874,874,-6.4279,14.141,29.662,43.862,54.087,78.458,79.496,47.951,39.844
875,875,6.5686,24.33,31.145,47.979,59.845,53.658,65.845,54.728,39.933,875,875,14.913,24.516,31.678,44.125,60.134,52.633,58.96,52.982,37.607,875,875,3.6684,16.958,32.674,45.884,60.276,75.301,75.579,45.884,39.078
876,876,8.4764,24.943,33.196,45.537,56.046,56.123,64.988,55.65,42.784,876,876,5.2888,22.13,33.2,43.243,59.104,53.344,58.826,53.949,38.596,876,876,4.8155,21.088,33.938,46.958,56.789,79.202,79.43,48.536,40.47
877,877,8.4996,18.681,33.959,43.526,59.259,55.905,64.727,56.997,40.683,877,877,16.856,23.682,35.225,39.328,58.419,54.359,59.55,55.831,38.108,877,877,3.7918,21.765,27.702,42.52,60.96,76.276,79.121,48.989,40.194
878,878,13.119,20.301,31.007,50.532,58.38,59.608,63.419,57.703,42.981,878,878,17.862,20.187,33.158,46.516,63.158,59.441,60.323,55.124,38.45,878,878,5.5301,24.677,35.168,50.92,64.035,80.228,80.398,49.478,40.455
879,879,11.689,21.035,33.554,50.083,66.463,63.646,65.071,56.553,41.908,879,879,6.2897,13.448,32.818,49.465,66.923,63.921,64.317,57.424,40.03,879,879,-5.0109,23.964,34.669,49.69,66.386,82.882,80.503,50.123,42.661
880,880,9.5553,26.474,34.63,55.807,66.846,63.652,63.719,55.15,43.435,880,880,8.0323,23.486,31.582,44.667,63.33,64.869,63.015,55.671,39.225,880,880,-1.1013,18.935,33.522,50.601,65.905,81.742,81.425,50.186,41.486
881,881,11.046,27.622,32.224,55.202,65.333,64.188,65.799,57.591,41.627,881,881,13.203,28.029,29.768,51.25,69.492,64.929,64.598,57.722,40.507,881,881,-3.2531,22.205,30.755,51.113,68.41,84.407,81.946,51.401,41.917
882,882,3.5464,21.378,32.442,52.411,70.547,65.649,69.934,58.738,44.283,882,882,13.376,28.574,37.338,52.761,72.234,67.649,68.386,60.956,42.25,882,882,-8.4258,20.376,32.622,49.047,68.432,84.405,85.516,53.881,43.11
883,883,2.2705,26.202,33.769,49.521,66.547,62.767,70.803,60.285,43.795,883,883,13.113,32.553,35.002,48.112,69.887,62.233,70.165,62.227,42.568,883,883,-0.1065,30.081,33.279,47.665,63.402,82.57,85.613,54.683,43.584
884,884,4.4348,30.609,31.286,52.54,64.706,62.201,71.09,61.554,45.304,884,884,9.0209,26.948,35.326,52.169,60.449,63.913,70.395,63.36,43.14,884,884,-0.9301,24.518,35.322,45.533,64.091,83.605,84.482,53.869,42.901
885,885,11.558,23.648,32.487,50.81,60.868,60.431,73.714,63.728,45.053,885,885,17.244,24.102,36.061,49.364,57.973,57.757,69.416,62.241,42.123,885,885,2.097,24.309,39.842,46.585,59.34,83.522,85.223,55.331,43.521
886,886,12.148,25.963,33.972,42.554,58.438,57.825,71.75,64.485,44.45,886,886,11.859,22.345,37.045,46.08,57.604,58,69.41,63.267,42.117,886,886,3.3583,26.224,33.996,44.591,57.24,79.66,82.457,54.908,42.645
887,887,4.7174,29.318,33.89,44.153,60.425,60.74,73.01,63.813,44.823,887,887,11.647,26.41,27.88,45.307,63.907,59.51,73.236,65.693,43.381,887,887,0.37159,23.217,36.379,42.646,58.844,85.562,86.089,56.015,42.919
888,888,14.366,24.345,39.083,42.809,58.15,58.233,73.096,63.361,43.661,888,888,16.72,27.27,27.427,43.639,60.277,56.78,74.006,65.759,43.331,888,888,1.4541,25.957,37.871,43.494,55.67,84.26,85.326,55.743,42.32
889,889,14.807,16.98,32.928,43.292,54.621,58.71,73.541,64.105,45.041,889,889,16.03,31.367,31.331,43.33,60.56,57.558,72.247,64.689,42.627,889,889,-0.56553,33.083,33.418,42.316,56.736,84.494,85.625,55.952,42.496
890,890,8.5206,27.777,32.025,43.493,52.949,57.798,73.377,65.493,44.528,890,890,12.936,31.027,33.71,42.273,52.64,54.759,72.614,65.149,42.947,890,890,2.6548,29.162,28.843,42.298,55.576,81.695,82.471,55.721,41.106
891,891,2.7199,29.545,32.417,40.196,56.194,58.311,72.913,63.017,44.838,891,891,9.2752,29.188,35.164,41.46,54.308,53.593,69.406,63.616,41.245,891,891,3.7776,29.345,35.927,42.293,56.676,82.143,83.865,53.945,41.413
892,892,9.6904,27.898,31.567,40.593,52.645,58.103,72.377,62.643,43.559,892,892,7.9503,26.077,33.856,41.907,52.697,56.26,70.761,63.767,41.535,892,892,3.5028,19.672,34.579,42.666,55.478,85.019,86.443,55.253,42.606
893,893,12.063,26.603,34.953,41.164,52.313,56.602,71.218,62.865,45.022,893,893,9.439,26.359,29.375,39.133,54.44,53.431,67.285,62.607,40.741,893,893,-0.21571,24.33,27.369,42.365,54.422,80.584,83.155,53.11,41.154
894,894,7.2,30.586,30.773,38.363,53.955,57.287,65.886,58.546,41.921,894,894,12.348,31.316,28.964,42.408,52.341,51.862,61.518,58.467,39.17,894,894,3.8425,23.403,33.383,41.59,55.232,82.726,83.917,52.517,41.357
895,895,12.99,24.884,31.546,40.305,54.158,53.64,64.887,58.26,44.01,895,895,14.62,28.857,33.757,39.319,56.244,53.45,61.917,57.391,38.764,895,895,6.1828,25.342,35.919,42.015,53.809,77.492,78.248,48.532,39.729
896,896,13.125,17.969,32.096,42.748,55.967,50.328,66.52,57.237,41.987,896,896,17.535,31.669,34.895,42.401,56.783,50.522,61.368,56.12,38.167,896,896,4.4966,27.728,33.033,44.682,54.918,70.599,72.174,45.72,39.286
897,897,10.699,28.684,32.553,45.777,55.594,50.909,65.297,58.402,44.605,897,897,15.171,34.615,33.65,45.154,60.783,51.82,59.855,58.57,39.41,897,897,1.6376,27.01,36.694,46.709,55.993,76.684,77.575,48.755,39.904
898,898,10.006,27.892,33.026,43.307,54.721,50.809,64.624,57.977,42.991,898,898,17.285,30.875,30.456,46.116,58.769,51.993,60.437,58.751,39.285,898,898,4.5164,24.384,31.844,44.378,53.932,74.5,76.426,47.992,39.958
899,899,7.8317,28.617,36.362,45.002,52.947,53.394,64.965,57.723,43.862,899,899,2.7597,29.604,34.062,43.494,58.202,54.967,59.337,56.622,38.513,899,899,3.3278,24.141,31.237,43.887,56.95,79.148,79.04,49.129,40.063
900,900,6.3874,24.956,35.014,44.85,53.11,48.964,61.405,57.089,42.255,900,900,7.0955,28.912,37.499,49.272,57.456,49.53,56.711,55.769,38.358,900,900,7.7062,25.359,37.088,42.671,54.75,73.74,74.127,46.681,39.117
901,901,-1.9189,24.759,29.963,40.15,49.629,47.408,60.571,57.556,44.175,901,901,10.823,21.295,30.493,43.919,52.498,45.567,53.96,56.429,38.803,901,901,2.9428,22.38,31.019,40.223,50.761,71.326,71.552,46.549,40.142
902,902,8.725,19.386,31.372,41.148,47.567,42.898,57.418,54.454,41.615,902,902,12.011,33.72,32.059,42.646,50.477,41.09,52.884,53.637,37.574,902,902,1.8171,31.422,30.271,41.781,49.511,64.509,66.005,44.163,39.677
903,903,7.6986,25.936,32.308,37.071,46.13,48.291,63.021,55.922,43.579,903,903,6.5017,33.023,33.194,40.178,52.659,46.48,58.151,55.93,39.075,903,903,5.8805,28.103,32.648,43.082,51.785,69.516,72.527,45.322,39.563
904,904,2.32,25.088,28.808,39.053,49.831,54.876,64.918,59.147,42.644,904,904,-0.99812,32.794,32.131,41.87,53.501,49.839,61.519,59.463,40.546,904,904,3.1074,30.33,32.361,41.749,54.503,77.624,81.589,50.75,40.107
905,905,5.6807,27.487,34.826,42.33,55.693,55.32,66.172,60.502,44.395,905,905,4.6007,31.881,30.371,42.465,58.792,51.743,63.231,62.397,41.637,905,905,2.4966,23.853,27.55,46.191,55.963,78.192,81.917,51.894,40.707
906,906,7.932,22.799,29.285,42.526,51.108,60.074,68.601,61.645,43.873,906,906,5.9477,30.699,33.671,40.786,57.479,54.169,65.472,61.09,40.99,906,906,0.77808,17.963,33.346,45.323,54.311,83.772,87.126,55.61,42.15
907,907,13.119,21.47,26.609,37.969,53.404,56.233,69.102,59.869,44.093,907,907,14.46,29.2,31.731,39.788,56.724,53.172,65.931,59.74,39.895,907,907,4.0651,18.929,30.799,42.774,53.996,81.008,83.157,52.291,40.762
908,908,11.761,25.79,28.003,39.535,48.569,54.662,68.866,59.633,42.457,908,908,16.314,28.139,31.136,46.062,57.49,53.347,67.664,60.098,40.244,908,908,3.2706,28.256,34.563,41.217,54.028,78.654,81.547,51.354,40.511
909,909,9.8366,26.568,29.976,37.744,56.853,56.909,69.603,60.658,44.595,909,909,16.864,28.259,33.612,44.29,56.681,55.157,72.329,63.652,42.021,909,909,-3.3319,28.303,33.161,43.076,56.061,82.236,84.242,53.509,41.86
910,910,8.8348,19.273,32.264,39.934,52.997,58.641,68.348,56.331,42.63,910,910,14.842,29.742,28.344,40.872,52.918,56.012,69.587,59.719,39.787,910,910,3.6479,22.628,30.995,40.625,54.72,84.128,86.165,54.08,41.886
911,911,3.839,26.559,32.126,42.642,50.576,58.966,68.282,56.409,43.978,911,911,9.046,22.273,32.38,42.235,56.312,55.416,65.91,57.055,39.207,911,911,6.1318,17.862,29.238,41.832,54.638,80.567,82.495,51.662,41.347
912,912,4.0809,27.792,31.056,38.525,55.644,56.21,63.695,51.837,42.082,912,912,13.078,31.324,34.633,43.636,57.381,52.35,61.32,52.145,38.013,912,912,2.7374,29.059,36.131,41.179,53.741,79.006,82.214,49.755,40.408
913,913,7.6152,19.318,28.301,43.353,61.839,52.449,56.616,53.048,43.951,913,913,12.483,32.99,29.336,39.383,55.746,49.706,56.108,50.767,38.383,913,913,-0.15829,24.035,36.227,41.959,59.217,72.787,73.246,44.176,40.703
914,914,17.41,26.561,32.385,44.761,60.184,51.866,59.513,50.081,41.27,914,914,18.391,25.223,33.397,44.499,60.683,50.16,54.183,49.196,37.051,914,914,-1.9301,26.465,34.215,42.597,56.064,73.046,75.468,44.456,38.969
915,915,12.496,26.173,33.369,43.148,63.206,54.833,55.832,48.137,43.178,915,915,15.081,26.337,33.983,44.453,63.747,54.039,50.813,47.698,38.079,915,915,-3.7109,20.017,34.154,44.642,57.906,72.959,73.246,42.791,39.782
916,916,13.917,26.692,28.559,42.292,59.605,53.909,60.384,51.328,41.283,916,916,15.016,17.429,33.652,44.151,59.829,52.035,55.526,48.615,38.018,916,916,2.1318,26.734,29.627,43.502,62.086,76.1,76.54,45.626,39.689
917,917,7.1119,28.638,32.761,41.996,57.096,50.598,57.77,50.135,42.671,917,917,8.5604,23.304,34.984,39.859,53.874,48.804,52.974,48.678,37.734,917,917,1.7707,28.915,26.951,40.493,59.92,71.039,72.998,43.361,39.709
918,918,14.188,17.803,37.616,40.059,52.262,47.573,59.828,51.142,40.643,918,918,15.82,22.543,37.662,33.955,49.977,45.586,55.641,51.381,37.112,918,918,5.109,27.921,30.44,41.072,55.632,67.77,70.717,41.97,38.607
919,919,15.134,24.44,31.999,38.062,54.117,47.268,57.253,52.102,43.355,919,919,18.716,24.529,35.076,35.017,52.398,46.526,55.145,49.958,37.827,919,919,2.8634,24.943,31.561,38.08,53.038,67.304,68.154,41.048,39.471
920,920,6.977,27.167,37.113,39.14,53.61,51.098,63.248,54.91,40.772,920,920,11.415,22.975,31.961,39.709,52.213,49.508,57.427,52.208,37.659,920,920,1.9953,24.379,31.151,39.817,55.398,72.508,73.202,45.5,39.898
921,921,4.0118,29.308,32.195,40.322,58.708,57.376,65.156,57.029,44.149,921,921,5.9358,21.021,30.339,45.725,57.381,56.487,63.425,58.118,38.912,921,921,2.8387,28.396,29.678,42.449,58.08,77.628,79.154,48.612,40.699
922,922,10.54,19.739,33.019,48.874,65.17,57.956,67.162,58.389,42.448,922,922,0.35705,21.158,30.827,49.378,66.612,61.044,64.776,57.265,39.401,922,922,6.852,26.669,31.315,45.388,67.879,76.419,78.017,48.297,41.408
923,923,2.6949,25.852,32.073,52.91,69.307,61.497,65.752,56.788,44.262,923,923,10.401,24.076,36.41,50.782,69.094,62.863,65.829,57.098,39.243,923,923,1.325,25.363,33.253,47.15,65.912,80.627,79.27,49.128,41.353
924,924,8.6284,28.556,32.016,52.196,63.103,62.156,68.237,57.731,43.526,924,924,15.432,22.818,35.406,52.268,67.296,62.861,65.176,57.734,40.139,924,924,2.8532,23.029,32.437,48,67.079,83.686,83.34,51.819,43.077
925,925,6.693,28.316,35.01,50.663,67.596,62.356,68.022,58.272,45.342,925,925,17.376,18.649,34.193,47.794,63.348,62.669,66.637,58.338,40.451,925,925,4.1508,21.851,34.933,49.365,63.536,81.65,82.678,51.729,43.494
926,926,11.116,19.729,37.638,52.95,66.158,63.237,68.791,58.68,44.137,926,926,14.184,27.486,33.903,53.892,69.291,64.657,68.108,57.169,41.09,926,926,-0.19457,22.454,33.539,52.382,68.358,84.873,85.008,53.217,44.306
927,927,6.0985,19.953,30.263,51.351,70.165,64.353,67.485,55.46,44.129,927,927,16.83,24.805,31.447,55.403,69.105,63.31,65.955,56.99,41.071,927,927,4.0887,22.516,28.733,51.249,67.294,85.172,87.014,54.733,43.738
928,928,3.8008,25.92,36.032,58.651,66.222,62.706,66.455,55.669,42.684,928,928,9.9268,19.112,34.48,52.966,68.439,62.15,62.915,57.676,40.162,928,928,3.2066,18.11,32.244,53.962,68.721,83.771,85.421,53.351,42.191
929,929,18.57,25.681,35.105,57.535,67.882,62.578,67.926,56.843,42.26,929,929,21.595,26.489,33.567,52.417,71.742,63.434,64.758,58.082,40.013,929,929,-4.0325,19.782,34.175,54.266,70.126,84.212,86.735,54.485,42.888
930,930,17.881,24.904,33.38,59.769,67.352,60.124,66.305,59.324,43.318,930,930,19.184,27.123,34.003,49.755,70.857,62.258,62.481,61.042,39.913,930,930,0.43619,25.007,30.191,51.489,68.349,79.012,80.286,51.381,41.341
931,931,15.145,25.929,33.755,51.424,62.15,58.834,66.391,60.864,42.419,931,931,17.946,26.809,31.768,46.638,64.713,59.524,62.368,62.488,40.531,931,931,2.9814,23.632,33.493,50.786,65.666,80.803,80.333,51.767,40.676
932,932,13.193,27.827,33.737,47.357,59.383,56.212,63.61,60.128,43.839,932,932,17.278,27.727,32.977,45.766,62.303,56.252,58.75,60.105,40.375,932,932,-1.2967,16.972,31.641,51.267,61.704,76.827,77.389,49.155,40.544
933,933,12.333,21.192,30.332,44.348,57.341,52.974,57.624,58.635,41.487,933,933,16.157,24.584,32.844,45.345,61.872,55.293,56.018,59.16,39.359,933,933,-1.0334,16.318,36.024,46.207,60.504,73.898,72.983,48.215,39.499
934,934,6.7198,20.469,30.745,41.17,55.782,51.219,57.845,55.395,43.472,934,934,10.695,20.652,29.664,45.092,58.378,53.561,54.866,55.514,39.05,934,934,-1.6181,18.424,35.613,45.167,55.491,71.707,72.81,44.778,39.288
935,935,12.417,23.394,33.447,44.718,56.887,51.64,59.082,56.271,40.943,935,935,4.4,20.182,33.834,44.699,57.471,53.121,57.69,58.007,39.676,935,935,0.35428,21.724,34.309,45.562,57.724,72.147,75.027,47.073,39.478
936,936,14.188,24.808,31.275,44.505,56.781,54.882,63.374,57.643,43.506,936,936,15.522,19.199,33.981,42.881,55.66,54.231,60.527,60.184,41.252,936,936,2.7883,14.18,32.762,43.527,55.46,77.868,80.287,49.858,40.026
937,937,12.413,21.996,31.823,38.591,53.961,57.216,65.952,58.574,41.725,937,937,15.753,21.733,32.318,43.535,58.516,53.527,64.859,60.973,41.023,937,937,-1.9208,13.546,25.259,41.231,55.219,80.339,84.512,53.177,40.808
938,938,11.494,19.325,33.46,38.708,52.661,57.924,66.147,58.607,43.836,938,938,9.1569,21.999,34.065,41.152,56.182,53.091,63.168,59.228,40.104,938,938,-1.4588,14.809,25.536,35.77,52.206,83.534,85.486,53.691,41.546
939,939,15.224,24.449,32.186,40.086,56.509,56.276,68.124,58.501,41.516,939,939,12.69,18.164,33.126,38.545,57.673,52.072,63.48,58.605,39.323,939,939,1.3611,24.833,31.753,39.593,52.879,80.514,81.988,51.413,40.536
940,940,10.202,21.263,31.364,42.203,50.771,55.569,67.551,58.363,43.283,940,940,13.626,21.355,33.187,41.394,57.98,53.772,69.865,61.243,40.891,940,940,-8.814,19.146,30.21,41.115,54.01,81.989,83.703,52.427,40.875
941,941,9.2521,20.567,33.854,48.085,59.635,58.655,69.236,59.02,41.929,941,941,11.88,23.981,35.824,47.052,58.399,55.389,70.446,61.54,40.437,941,941,-6.2907,19.543,27.229,38.369,53.68,81.777,83.645,52.82,40.577
942,942,1.4022,24.02,33.935,43.411,49.926,59.679,67.471,55.257,43.619,942,942,14.527,20.647,35.406,42.128,51.03,57.69,67.767,57.82,39.143,942,942,-1.3784,18.941,32.662,38.057,53.386,83.337,86.001,53.969,41.411
943,943,4.4715,21.917,30.897,45.1,52.528,56.625,67.542,56.054,41.794,943,943,14.477,22.543,31.371,38.58,54.076,54.634,64.445,56.48,38.821,943,943,-1.5454,17.565,26.986,40.133,52.614,77.694,79.124,48.883,40.289
944,944,10.4,18.674,29.969,45.468,53.754,53.903,62.749,53.364,43.612,944,944,19.118,23.559,34.142,42.404,56.314,53.251,62.167,53.264,38.592,944,944,-14.95,13.055,35.103,41.591,54.736,77.821,80.003,48.738,40.275
945,945,4.3857,25.598,32.735,48.236,56.834,55.561,63.897,55.534,41.203,945,945,15.025,26.505,31.185,49.127,55.018,53.691,63.716,56.407,38.944,945,945,4.0111,18.881,35.313,45.827,55.707,79.136,78.631,47.903,40.7
946,946,-0.92738,25.808,34.013,48.413,63.299,59.258,63.014,55.523,44.131,946,946,15.262,28.189,35.913,48.977,62.324,60.156,63.705,56.019,39.49,946,946,6.0771,12.43,32.536,46.162,63.812,77.291,76.434,46.815,41.572
947,947,2.7578,23.233,35.611,54.134,65.507,60.552,65.398,56.946,44.438,947,947,18.997,23.538,34.398,54.014,66.491,62.984,65.263,57.231,40.425,947,947,8.3586,20.041,30.56,49.647,69.402,79.978,79.167,48.897,42.174
948,948,14.261,22.351,28.321,50.806,65.028,64.579,68.882,57.892,46.139,948,948,23.097,27.078,33.171,53.051,64.29,65.566,68.532,57.726,41.951,948,948,4.4076,20.709,30.804,48.72,65.011,85.72,86.186,54.444,45.259
949,949,11.282,24.29,34.366,54.568,69.687,64.035,69.534,58.661,45.807,949,949,16.071,27.301,39.297,53.563,68.689,65.268,68.77,60.15,42.106,949,949,4.2486,20.899,31.342,50.126,68.685,84.099,83.097,52.412,45.643
950,950,5.5677,21.465,31.347,56.311,67.482,65.608,70.113,58.619,46.385,950,950,13.354,28.03,37.017,54.442,66.893,64.728,69.15,59.246,42.693,950,950,1.2923,16.413,35.867,54.172,66.912,87.296,87.39,55.62,45.878
951,951,11.045,22.635,36.733,57.856,70.662,64.018,69.975,58.095,45.245,951,951,17.408,24.035,37.766,50.24,69.487,65.249,67.584,58.751,41.205,951,951,8.4399,15.511,32.948,56.32,69.589,84.552,85.184,54.198,45.131
952,952,10.482,21.175,37.934,57.628,68.063,64.257,68.359,56.804,45.47,952,952,14.797,27.074,34.871,50.377,65.833,66.773,66.321,58.419,41.199,952,952,5.5093,16.771,35.349,57.161,67.949,86.111,85.402,53.183,44.783
953,953,12.94,17.503,35.851,57.168,64.109,63.043,65.055,55.559,42.469,953,953,6.597,21.716,33.816,53.732,65.625,63.1,63.715,57.164,39.439,953,953,1.8337,16.676,34.853,56.605,66.302,82.876,83.183,51.624,42.832
954,954,7.2703,25.37,36.294,53.29,64.846,59.885,60.78,55.309,44.544,954,954,10.683,23.59,33.95,53.602,66.994,61.209,59.503,55.623,39.635,954,954,2.0982,22.61,35.318,52.45,66.196,79.726,78.456,48.032,42.318
955,955,4.0289,29.182,32.99,51.232,60.461,52.503,58.693,52.35,42.038,955,955,13.938,21.633,29.693,49.274,60.01,54.762,55.95,53.35,39.27,955,955,5.5665,17.548,37.188,49.167,62.903,72.308,73.293,44.818,41.06
956,956,-2.3723,27.26,33.808,50.158,59.879,52.547,57.517,52.743,43.382,956,956,13.296,17.167,32.629,46.671,58.716,54.832,59.012,51.616,38.465,956,956,3.4186,18.974,34.982,43.757,57.309,73.647,73.709,45.172,41.02
957,957,6.2931,24.443,35.351,41.897,63.876,55.261,55.876,48.906,41.917,957,957,7.3661,26.635,30.986,48.459,65.444,59.255,58.513,49.697,39.336,957,957,-1.9029,20.358,34.75,46.128,60.553,74.613,74.02,44.298,41.102
958,958,4.228,20.572,29.809,40.838,58.288,51.031,53.241,46.731,43.164,958,958,10.321,23.333,37.979,52.151,60.041,53.511,52.008,48.613,38.448,958,958,6.7067,29.011,34.348,44.449,56.211,71.431,70.231,41.587,40.552
959,959,12.259,20.742,33.135,43.258,54.392,46.191,51.704,45.446,40.517,959,959,15.529,23.067,33.321,47.068,56.171,49.052,49.616,49.044,37.907,959,959,6.6012,21.439,36.153,41.149,52.159,65.986,65.473,39.32,39.303
960,960,2.9894,16.601,31.838,43.296,53.499,45.108,51.885,46.483,43.29,960,960,14.222,23.327,32.644,45.011,55.553,48.419,50.277,46.996,38.026,960,960,-3.9089,22.207,31.541,43.598,52.696,67.307,67.587,40.07,40.232
961,961,8.9462,21.68,33.285,44.951,52.022,43.923,50.194,45.517,42.437,961,961,17.91,18.062,32.448,44.458,53.681,45.988,49.209,47.152,38.566,961,961,-6.5164,25.942,36.786,42.247,48.962,65.258,64.94,39.63,40.988
962,962,6.2336,26.871,30.187,44.28,51.763,40.767,50.113,45.835,43.232,962,962,19.305,24.33,34.525,43.141,54.825,41.172,47.307,47.12,38.031,962,962,-3.3758,25.101,36.133,44.298,51.556,60.037,59.281,38.999,40.818
963,963,10.765,19.314,33.801,42.779,47.888,40.818,52.372,46.153,40.726,963,963,11.593,23.475,33.924,42.222,50.595,39.705,46.709,48.382,38.149,963,963,1.5489,25.123,36.401,42.908,48.513,60.132,61.417,39.072,39.773
964,964,8.4863,25.368,34.678,45.388,51.137,42.88,53.879,47.245,42.386,964,964,17.323,18.549,34.588,41.384,53.106,43.767,48.419,49.218,37.13,964,964,-3.1715,28.091,38.62,42.342,51.552,63.332,65.206,39.617,39.346
965,965,11.22,15.95,34.852,44.499,52.06,45.07,51.2,45.936,39.535,965,965,20.255,21.134,32.935,41.95,53.044,45.981,47.601,47.078,37.075,965,965,-4.9016,28.07,38.378,44.665,51.99,65.493,65.49,39.081,39.018
966,966,9.9281,23.493,34.216,43.09,50.139,44.8,50.398,45.192,42.826,966,966,17.261,20.663,34.734,43.089,56.139,47.572,48.288,46.358,37.783,966,966,1.3359,28.547,41.579,42.678,49.52,65.44,66.085,39.363,40.405
967,967,14.52,24.752,30.007,41.481,52.587,43.779,53.099,47.922,40.841,967,967,16.64,22.381,32.312,42.09,54.228,46.182,47.914,46.048,37.237,967,967,2.9668,30.195,41.371,42.214,51.455,61.973,60.932,39.168,39.666
968,968,6.5683,26.322,29.803,41.477,52.09,44.397,50.85,47.083,42.782,968,968,11.458,22.426,34.604,42.039,51.69,45.131,47.397,46.615,38.239,968,968,1.3218,27.705,38.41,45.684,51.661,62.933,62.472,40.675,40.377
969,969,4.8674,21.366,38.111,50.316,53.977,45.437,52.032,49.382,43.381,969,969,9.6139,12.968,33.609,44.388,56.242,47.866,49.451,47.157,40.171,969,969,5.6801,17.325,36.715,49.988,52.618,62.791,62.996,42.189,42.453
970,970,11.044,19.572,32.695,47.884,57.332,49.667,66.284,62.217,46.103,970,970,12.931,18.839,33.354,50.805,62.854,52.916,56.713,53.409,42.145,970,970,-2.1678,26.08,36.458,45.692,55.723,68.062,67.875,47.144,44.449
971,971,8.9027,24.269,30.282,45.225,55.351,49.255,76.264,72.626,48.879,971,971,9.1899,28.95,35.625,46.558,56.327,48.751,67.782,64.386,43.234,971,971,-0.14173,23.644,34.003,44.169,51.97,66.898,68.298,56.811,43.329
972,972,6.3181,16.44,35.896,54.332,57.79,50.097,72.006,68.48,45.81,972,972,12.427,26.998,32.518,46.259,57.247,48.68,63.307,59.795,39.746,972,972,1.1009,29.246,34.347,48.407,57.955,69.988,71.557,53.071,42.394
973,973,6.4585,21.288,34.021,53.998,60.249,51.777,59.498,55.311,44.282,973,973,16.905,26.7,32.667,48.625,56.44,51.836,57.641,53.865,39.843,973,973,2.7383,28.009,41.373,48.741,59.079,69.209,68.502,44.29,42.105
974,974,14.154,26.74,34.991,53.773,63.334,59.291,61.621,53.735,42.776,974,974,16.338,24.908,32.032,48.988,62.701,59.978,62.528,55.25,39.912,974,974,4.6895,30.619,42.318,48.374,64.423,78.556,78.51,47.664,42.167
975,975,14.129,20.016,37.354,53.974,70.199,63.689,66.528,56.958,46.168,975,975,15.996,26.886,39.292,53.6,67.332,63.77,65.087,58.248,41.199,975,975,-1.227,22.453,37.539,51.025,69.529,80.529,80.155,49.851,44.644
976,976,8.4918,17.834,36.384,53.975,69.599,64.637,67.947,57.127,45.344,976,976,13.666,26.593,34.145,52.429,73.608,67.234,67.378,57.035,42.679,976,976,0.023036,22.527,36.916,50.231,70.813,86.217,86.568,54.602,45.912
977,977,11.107,19.776,37.712,56.485,69.433,64.162,69.053,60.26,48.487,977,977,13.313,25.483,35.579,53.78,70.772,65.983,68.627,60.447,44.25,977,977,5.0339,23.528,36.35,49.85,69.4,84.856,84.192,53.575,47.64
978,978,9.8433,23.118,38.151,56.731,69.231,65.587,69.821,58.872,48.774,978,978,15.636,27.644,36.281,54.041,69.986,65.671,69.132,59.108,44.803,978,978,10.281,20.945,39.387,54.025,70.839,85.954,84.359,53.568,48.479
979,979,15.532,22.667,37.977,55.652,69.105,64.618,68.523,57.398,50.209,979,979,19.264,23.566,38.036,53.314,75.295,67.212,68.555,58.073,44.801,979,979,2.2044,24.247,38.921,57.997,72.716,85.832,84.15,53.446,48.354
980,980,10.639,30.622,42.14,56.136,67.798,65.039,66.758,56.633,49.745,980,980,16.956,21.383,38.302,51.559,69.738,66.443,65.153,58.577,45.18,980,980,3.4347,22.019,42.898,56.904,69.627,85.239,85.102,53.607,48.88
981,981,2.2137,29.467,39.045,56.71,69.724,64.046,64.94,56.8,50.766,981,981,11.474,22.957,31.753,52.586,67.964,62.051,63.265,57.125,44.996,981,981,6.131,21.133,33.749,57.182,67.436,82.717,82.261,51.302,49.163
982,982,2.1942,14.941,42.235,55.167,66.827,58.945,60.97,56.312,48.999,982,982,9.2536,21.233,35.385,49.714,69.67,61.719,59.312,55.533,43.709,982,982,-1.6888,21.895,37.983,52.798,66.949,80.27,79.443,49.067,48.094
983,983,9.2286,17.569,35.222,52.23,62.45,55.815,59.528,56.205,48.922,983,983,18.208,20.299,37.256,45.368,61.22,55.601,57.313,54.279,43.794,983,983,4.6204,23.095,37.726,50.121,61.887,75.785,75.228,46.752,47.126
984,984,5.6218,19.697,37.94,46.537,57.055,54.179,59.046,57.011,47.048,984,984,11.073,22.382,30.134,43.69,57.983,56.422,57.465,52.905,43.02,984,984,5.0586,23.123,33.176,47.835,57.294,74.745,75.148,47.208,46.761
985,985,7.3552,19.17,40.482,44.455,55.851,53.459,57.867,54.74,48.716,985,985,13.528,18.503,30.388,41.712,58.075,53.2,54.413,52.962,42.665,985,985,-1.4794,27.601,43.046,43.949,57.649,74.148,75.129,46.483,46.854
986,986,12.864,24.437,31.757,45.922,53.798,54.64,56.207,53.889,46.849,986,986,14.88,21.191,33.468,40.522,56.572,51.051,53.617,51.948,43.514,986,986,-3.2498,18.969,34.219,42.62,56.032,72.08,70.596,44.782,46.286
987,987,17.335,27.379,39.323,48.455,53.977,48.944,56.216,55.26,45.606,987,987,17.274,21.414,36.526,44.002,57.137,51.044,55.036,53.693,42.35,987,987,1.6971,20.047,42.801,44.724,53.042,74.266,70.954,44.949,44.354
988,988,14.475,26.937,37.319,49.91,52.943,49.544,57.844,55.596,43.15,988,988,19.846,21.025,32.909,43.694,55.817,48.986,55.271,54.354,40.555,988,988,7.5855,23.497,42.221,45.259,53.928,74.659,74.58,45.311,43.141
989,989,10.349,17.068,33.624,48.84,53.884,47.969,56.169,54.231,45.492,989,989,13.103,20.127,28.192,43.161,54.89,49.826,53.073,51.548,40.416,989,989,3.0822,21.85,43.893,46.444,57.121,71.629,70.078,43.935,42.663
990,990,-4.0905,22.141,35.22,50.077,55.294,48.265,56.366,53.521,43.025,990,990,12.961,22.151,32.808,45.099,55.796,48.102,50.777,51.813,40.064,990,990,7.4353,21.891,40.573,46.79,54.03,71.234,70.326,44.042,42.789
991,991,9.7002,22.589,37.701,47.961,59.122,51.411,55.685,52.627,44.592,991,991,17.974,24.629,34.702,46.262,56.51,47.682,51.345,50.161,40.408,991,991,0.52908,23.498,42.5,48.455,56.08,70.301,68.136,42.419,43.519
992,992,8.9491,23.261,35.197,50.112,56.235,48.496,55.617,52.012,42.282,992,992,12.609,27.423,27.732,44.981,59.25,50.719,52.305,50.916,39.96,992,992,-2.0223,24.184,40.557,51.188,59.915,70.574,68.91,42.285,42.275
993,993,12.511,15.42,35.275,51.073,63.134,50.587,55.701,52.964,43.791,993,993,20.533,24.148,31.579,48.62,59.71,50.312,50.314,51.038,40.159,993,993,0.95991,23.638,38.506,49.306,60.002,67.932,67.866,42.906,42.315
994,994,5.3018,24.747,32.871,49.424,63.94,48.841,53.127,51.998,41.666,994,994,13.01,27.153,33.834,48.927,62.218,49.828,48.877,49.722,38.848,994,994,1.5843,21.09,37.001,47.542,60.552,66.316,66.471,40.997,40.624
995,995,7.2893,21.16,37.038,46.676,59.627,48.243,50.815,51.615,43.81,995,995,14.876,23.591,32.181,48.843,63.468,50.995,48.598,48.602,38.738,995,995,-1.7845,19.648,32.457,49.234,60.842,64.848,63.704,39.82,40.761
996,996,11.145,22.855,32.253,48.644,62.072,49.262,52.137,51.77,41.29,996,996,13.277,22.19,29.951,46.424,62.051,48.473,48.256,49.27,38.511,996,996,-1.0969,23.308,37.302,46.051,59.729,63.778,61.267,40.422,40.611
997,997,13.424,16.247,30.377,46.357,56.862,46.987,51.663,51.094,43.143,997,997,13.498,19.153,29.979,46.073,56.367,44.234,48.602,48.767,38.845,997,997,2.111,24.157,37.78,49.964,57.458,65.332,66.756,41.565,40.92
998,998,10.538,20.923,34.57,45.891,58.141,47.853,50.208,51.404,40.429,998,998,11.884,20.229,31.081,43.244,52.462,42.972,47.722,47.522,37.547,998,998,0.58316,25.742,38.231,44.876,50.587,61.317,62.86,40.433,39.527
999,999,6.5432,18.616,35.067,43.147,53.847,44.027,51.202,50.185,42.202,999,999,10.25,25.087,33.548,42.109,53.734,44.132,47.391,46.901,37.01,999,999,-1.8391,24.602,31.241,44.689,52.603,61.626,60.218,39.766,38.488
1000,1000,10.007,17.622,31.725,45.629,52.621,42.298,49.681,48.612,39.3,1000,1000,16.813,24.456,30.187,45.91,47.5,41.506,44.675,45.971,36.926,1000,1000,-5.9912,23.242,33.486,46.286,51.878,59.158,58.515,38.485,38.163
1001,1001,7.7193,25.225,29.96,49.724,48.433,40.431,50.926,50.025,42.684,1001,1001,12.791,26.056,27.689,49.87,48.882,39.83,44.692,46.901,36.724,1001,1001,1.8838,23.444,32.419,44.736,47.764,60.708,62.325,40.38,39.12
1002,1002,15.047,19.189,32.704,44.165,44.482,37.874,48.531,47.29,39.284,1002,1002,19.266,25.032,30.824,43.657,52.675,40.65,44.64,46.865,36.667,1002,1002,1.2399,23.243,27.543,43.209,48.047,58.383,59.971,38.2,37.931
1003,1003,18.543,27.242,29.995,49.409,50.686,40.942,48.437,48.033,42.669,1003,1003,19.232,29.482,27.035,43.652,51.169,41.339,44.936,47.944,37.318,1003,1003,-7.1752,24.72,31.289,39.149,46.017,58.47,59.477,39.529,38.736
1004,1004,9.7401,25.22,35.147,48.301,45.841,38.995,45.05,47.763,39.757,1004,1004,19.406,23.644,33.362,43.727,48.527,39.989,43.726,47.782,37.247,1004,1004,4.9227,24.302,34.821,40.47,47.549,59.363,59.247,38.453,38.052
1005,1005,14.232,24.09,36.253,48.456,46.703,38.411,47.503,46.45,42.455,1005,1005,15.886,22.026,34.04,43.167,45.526,38.895,43.924,46.688,37.359,1005,1005,-2.3721,21.994,38.605,42.102,46.875,55.828,54.965,39.353,39.027
1006,1006,15.689,23.654,33.865,45.293,43.534,36.227,47.141,46.319,39.059,1006,1006,14.647,20.86,35.861,40.844,45.893,38.813,44.172,46.382,36.692,1006,1006,-0.32557,17.784,35.878,42.259,47.116,58.145,53.956,37.346,37.947
1007,1007,12.851,22.504,34.821,47.881,46.543,37.729,49.035,45.689,41.977,1007,1007,10.363,27.693,32.527,45.586,44.729,36.856,45.323,45.219,36.866,1007,1007,6.1589,23.66,39.207,42.76,48.44,57.758,57.402,36.578,37.902
1008,1008,12.55,26.936,32.933,45.748,45.853,37.763,48.277,45.166,39.142,1008,1008,19.505,27.607,35.291,40.321,50.407,39.938,43.192,42.602,36.626,1008,1008,5.4448,18.832,35.854,46.104,48.298,55.855,56.759,36.646,37.815
1009,1009,12.454,24.778,33.69,43.581,45.047,36.437,51.414,46.18,41.888,1009,1009,19.731,23.434,30.41,39.479,50.004,41.117,45.583,44.599,37.363,1009,1009,9.7612,18.241,33.656,39.359,45.941,56.789,55.837,36.763,38.048
1010,1010,16.724,20.996,30.865,48.097,48.493,39.416,51.275,47.64,39.563,1010,1010,17.448,27.431,28.352,42.879,49.029,37.503,44.399,45.451,36.599,1010,1010,4.8799,15.659,30.657,40.806,44.425,55.82,53.422,36.988,38.599
1011,1011,17.29,21.023,34.279,46.67,43.973,36.454,46.957,45.421,42.169,1011,1011,19.169,27.203,28.351,43.056,48.714,39.696,44.118,44.34,37.301,1011,1011,4.6959,16.813,29.073,42.39,47.998,56.097,55.212,35.614,38.253
1012,1012,15.071,25.842,34.967,42.786,48.213,36.902,46.338,43.235,38.803,1012,1012,17.829,27.659,30.596,41.506,48.333,37.073,42.123,44.822,36.44,1012,1012,-7.341,22.637,31.664,40.824,47.055,53.616,53.52,36.445,37.318
1013,1013,6.0068,23.786,29.632,45.277,49.075,38.268,46.584,44.053,39.043,1013,1013,9.4842,21.432,33.354,38.031,51.629,39.597,42.588,43.833,36.185,1013,1013,-0.81474,21.901,28.781,39.93,48.263,56.42,54.497,36.027,37.517
1014,1014,7.2623,23.657,31.835,41.444,46.83,38.672,47.03,44.205,42.199,1014,1014,16.913,23.38,35.069,44.536,50.463,39.412,43.678,44.293,36.794,1014,1014,-1.8692,19.226,33.064,39.24,45.719,57.154,55.545,36.215,37.84
1015,1015,12.039,21.026,27.969,40.772,46.8,37.84,47.781,43.748,37.837,1015,1015,17.831,25.224,33.3,42.798,48.393,38.745,42.802,44.024,36.496,1015,1015,4.1949,22.912,30.955,36.882,44.267,55.938,52.118,35.728,37.129
1016,1016,5.5283,19.972,29.76,40.25,43.293,35.99,47.249,44.874,42.656,1016,1016,17.247,24.009,31.738,40.556,44.599,34.842,43.353,44.833,37.566,1016,1016,-6.6577,22.044,34.212,42.137,48.202,55.627,53.577,37.721,38.163
1017,1017,7.0096,18.489,28.099,39.486,51.082,45.992,55.797,53.144,38.661,1017,1017,7.1871,23.756,35.19,40.983,51.733,43.532,51.832,50.989,36.376,1017,1017,-3.2905,24.12,31.931,41.207,51.591,66.468,67.609,43.512,37.86
1018,1018,8.5788,23.559,32.978,39.043,45.804,37.907,49.363,47.972,42.133,1018,1018,13.929,17.858,31.38,41.227,49.56,38.697,45.796,47.834,36.949,1018,1018,0.98422,22.084,31.002,41.564,46.479,57.302,60.02,38.433,37.915
1019,1019,12.203,22.635,29.071,34.07,44.264,39.062,54.342,48.811,38.947,1019,1019,22.243,25.994,34.689,40.683,46.81,40.303,50.343,47.785,36.849,1019,1019,5.1323,26.201,33.161,40.001,49.44,62.699,65.391,38.871,38.117
1020,1020,7.0014,26.293,30.693,40.841,44.081,37.074,50.052,48.647,42.768,1020,1020,18.762,27.154,30.735,40.894,46.134,37.366,45.539,48.972,37.622,1020,1020,2.1153,23.434,32.702,42.988,44.239,57.746,58.872,37.245,37.73
1021,1021,12.301,18.203,32.242,38.474,46.113,38.275,58.597,55.246,40.067,1021,1021,18.094,25.764,32.459,36.32,48.814,40.375,51.68,52.85,37.587,1021,1021,7.6469,24.483,35.147,37.322,44.926,58.934,60.866,41.886,38.411
1022,1022,11.153,23.765,32.866,38.868,49.068,40.911,57.652,53.313,42.848,1022,1022,15.309,21.85,29.129,40.366,52.698,42.777,48.471,48.883,37.911,1022,1022,0.7745,19.894,30.016,40.822,51.845,60.117,61.308,39.853,39.614
1023,1023,8.5076,23.712,32.059,41.317,51.273,42.039,51.239,49.525,39.872,1023,1023,8.2996,18.38,26.243,40.501,52.915,43.322,47.888,48.811,37.798,1023,1023,-2.0757,21.457,35.254,42.749,50.657,59.835,60.165,39.974,38.824
1024,1024,8.6988,20.338,25.879,39.409,53.61,43.852,56.51,55.179,43.415,1024,1024,10.578,15.383,33.422,37.77,50.753,42.534,50.022,52.492,38.3,1024,1024,4.1497,22.243,28.573,44.606,56.123,62.536,64.01,42.182,39.332
1025,1025,16.868,15.705,33.3,41.624,53.928,46.341,54.58,53.638,41.163,1025,1025,13.835,26.314,29.767,41.896,58.51,49.251,51.968,51.162,37.423,1025,1025,6.8654,26.912,30.512,44.62,53.384,64.91,64.05,41.393,39.134
1026,1026,21.221,22.43,30.395,38.641,55.075,46.57,53.724,49.354,42.875,1026,1026,23.868,27.93,33.61,41.674,57.322,47.669,49.733,49.406,37.049,1026,1026,9.7046,13.564,30.943,42.555,54.14,66.495,68.172,40.29,38.662
1027,1027,18.762,24.15,28.799,40.135,57.028,49.014,54.72,49.512,40.012,1027,1027,22.124,22.958,33.827,42.779,63.071,52.497,50.819,50.841,36.965,1027,1027,7.4199,20.122,26.785,40.925,52.177,65.888,67.126,39.847,37.436
1028,1028,9.9171,22.31,30.156,42.71,49.935,43.403,55.249,49.031,42.873,1028,1028,12.198,16.853,33.192,43.404,56.021,47.202,49.874,49.141,37.357,1028,1028,5.8451,17.227,26.61,42.937,50.207,64.008,64.626,39.375,37.994
1029,1029,9.4794,15.581,32.351,36.859,50.125,48.142,55.528,48.026,40.292,1029,1029,6.435,17.462,32.897,40.884,59.006,49.893,51.321,47.985,37.041,1029,1029,4.7969,16.225,31.317,40.767,54.13,69.387,70.016,40.493,38.327
1030,1030,9.5262,19.423,31.294,41.246,60.597,56.438,57.098,46.414,42.094,1030,1030,4.5317,20.802,33.366,43.048,59.312,54.958,54.478,47.239,37.582,1030,1030,1.9189,18.089,32.422,46.256,58.482,77.959,78.406,46.206,39.86
1031,1031,7.5776,18.436,29.754,42.005,54.754,54.659,57.986,49.43,40.722,1031,1031,12.35,14.497,32.912,42.014,57.473,52.702,54.773,48.394,37.536,1031,1031,4.8423,16.843,30.943,44.295,58.655,79.248,81.384,49.2,39.886
1032,1032,4.9677,24.325,34.844,46.896,61.7,56.73,60.688,49.329,43.185,1032,1032,20.386,23.689,33.133,46.987,63.321,53.604,56.148,51.001,37.849,1032,1032,-1.3918,13.852,31.715,46.31,61.72,78.541,79.637,47.469,39.776
1033,1033,10.835,21.946,28.472,47.745,62.014,59.911,61.383,50.45,41.154,1033,1033,16.682,22.351,26.425,42.713,64.313,57.24,60.073,51.487,38.073,1033,1033,-1.5943,15.404,31.916,48.27,64.742,79.797,81.26,49.215,39.943
1034,1034,1.8457,24.674,31.865,48.403,69.357,62.47,62.889,52.931,43.671,1034,1034,10.782,23.048,30.553,47.593,69.567,63.144,60.909,53.59,39.291,1034,1034,-3.4898,21.11,31.552,49.933,66.412,80.573,80.86,49.103,41.536
1035,1035,-7.9453,24.926,30.926,53.801,66.472,61.886,64.413,54.555,42.013,1035,1035,15.871,25.73,31.381,47.672,68.827,62.918,63.62,54.222,39.45,1035,1035,5.1342,15.182,31.259,46.883,68.261,81.477,78.474,48.075,41.498
1036,1036,8.9784,21.943,32.418,57.262,71.104,65.914,66.747,62.929,46.234,1036,1036,12.359,25.497,36.252,47.555,70.06,66.983,66.342,62.433,43.029,1036,1036,4.9356,23.394,34.341,49.622,68.723,83.361,81.536,52.466,44.561
1037,1037,7.889,26.075,35.277,57.213,68.51,66.51,67.575,62.678,46.227,1037,1037,14.042,24.146,33.221,47.685,71.047,66.559,67.289,62.382,42.593,1037,1037,1.9172,16.745,31.651,48.884,66.501,83.653,82.41,52.88,44.558
1038,1038,12.187,23.497,30.912,54.086,70.123,65.843,70.577,65.241,47.634,1038,1038,18.87,22.353,36.882,50.236,70.982,66.493,70.554,65.951,44.461,1038,1038,7.1147,26.18,31.626,51.314,66.448,85.547,86.366,56.794,45.583
1039,1039,16.981,21.738,34.562,52.553,64.734,60.965,69.63,65.294,46.544,1039,1039,19.507,22.918,31.727,53.04,60.733,63.676,68.537,65.075,44.092,1039,1039,4.642,27.181,33.054,53.049,65.871,79.102,81.138,54.532,44.231
1040,1040,13.221,25.806,32.065,48.074,66.801,59.441,71.057,67.296,47.413,1040,1040,16.642,19.635,36.1,46.131,61.317,57.508,68.204,66.499,43.902,1040,1040,-0.66496,19.84,29.969,49.884,64.138,79.681,83.148,55.991,43.697
1041,1041,8.9332,19.057,36.774,47.069,61.993,59.231,70.207,65.16,45.296,1041,1041,9.4315,17.379,34.512,44.523,59.886,56.175,68.269,65.878,43.267,1041,1041,-1.7217,16.102,30.775,47.454,61.279,80.619,85.264,55.804,44.056
1042,1042,14.352,24.327,35.023,43.491,61.522,58.48,68.787,62.642,44.487,1042,1042,12.826,19.216,35.161,44.402,63.799,56.386,65.449,61.348,40.712,1042,1042,1.9328,14.661,34.153,50.439,64.115,80.83,83.865,53.822,41.969
1043,1043,14.555,25.059,32.453,46.578,63.43,53.102,70.38,63.419,43.242,1043,1043,17.652,23.088,31.676,45.999,65.215,52.479,65.057,60.234,40.021,1043,1043,3.2428,17.569,28.898,50.954,62.552,73.183,75.688,52.21,40.589
1044,1044,5.3517,22.554,35.829,44.566,62.61,53.723,70.031,65.027,45.085,1044,1044,18.903,24.724,30.471,46.295,62.647,52.729,66.199,61.919,40.707,1044,1044,-2.4447,24.041,36.175,49.295,61.618,76.592,78.638,53.691,41.005
1045,1045,-0.55005,20.833,31.009,46.406,65.927,54.884,73.573,66.894,44.306,1045,1045,9.9024,22.493,24.008,45.469,64.668,51.699,66.14,62.957,40.858,1045,1045,-5.2361,16.565,35.95,49.258,60.664,75.881,77.909,55.349,40.747
1046,1046,8.5925,13.991,31.259,43.219,56.559,53.105,73.272,65.786,45.115,1046,1046,11.615,18.093,31.778,45.397,60.033,50.977,66.746,62.305,40.779,1046,1046,-6.3731,14.871,27.233,50.255,60.561,77.511,79.987,54.663,40.701
1047,1047,9.3583,23.364,28.981,42.511,59.534,52.655,71.799,63.363,42.661,1047,1047,5.5414,20.281,26.569,42.831,56.688,49.395,67.897,62.357,40.301,1047,1047,-12.511,18.717,34.376,48.062,57.72,77.688,79.244,52.038,39.612
1048,1048,6.4257,23.003,27.444,38.405,59.443,51.565,69.159,59.797,43.142,1048,1048,6.2849,21.396,27.987,43.922,60.163,50.187,65.224,58.542,38.918,1048,1048,-10.685,20.308,32.442,41.92,55.211,71.276,74.365,49.352,38.16
1049,1049,4.9722,13.658,28.806,40.309,56.266,48.857,62.082,54.115,38.42,1049,1049,11.084,18.332,27.831,44.981,57.063,47.757,60.312,53.131,37.467,1049,1049,-1.7337,21.794,30.403,45.118,58.958,69.032,71.649,43.546,37.893
1050,1050,9.3915,15.712,30.249,42.694,59.609,50.826,58.966,52.555,41.672,1050,1050,13.408,18.779,30.034,40.219,57.885,48.937,56.561,53.99,37.546,1050,1050,0.1262,19.013,27.079,47.228,59.822,68.789,71.31,43.091,38.249
1051,1051,10.161,19.146,28.106,40.134,57.222,48.194,59.905,56.889,39.832,1051,1051,15.687,22.86,31.329,44.765,58.271,47.566,56.091,53.512,36.812,1051,1051,3.8961,19.687,36.212,44.648,55.979,68.864,70.746,45.185,37.581
1052,1052,7.2495,25.238,25.502,43.718,51.769,46.752,59.934,54.761,42.052,1052,1052,16.572,18.325,31.984,44.962,59.138,48.995,56.58,54.72,38.175,1052,1052,-0.34381,21.758,39.718,46.773,58.984,70.711,72.012,45.006,38.725
1053,1053,8.8014,23.63,31.538,43.561,50.861,49.803,59.946,55.059,39.679,1053,1053,12.562,19.047,30.623,43.37,59.16,49.132,57.695,54.431,37.599,1053,1053,0.49893,18.272,34.577,44.624,55.082,73.983,76.4,46.654,37.725
1054,1054,12.932,24.36,32.928,39.973,54.587,49.525,61.691,58.331,42.453,1054,1054,10.559,21.049,32.516,39.531,54.788,45.656,55.236,52.559,37.227,1054,1054,-0.68399,19.607,30.395,44.116,55.456,73.048,75.194,47.583,38.024
1055,1055,16.541,24.342,34.807,39.943,50.177,46.548,59.545,54.726,39.394,1055,1055,17.231,15.975,28.436,44.549,53.92,45.851,55.547,52.944,37.106,1055,1055,1.8426,21.106,34.993,44.016,50.955,70.782,73.2,46.134,37.805
1056,1056,4.5114,20.409,28.242,44.253,51.48,43.117,53.339,44.937,38.505,1056,1056,11.122,18.766,30.003,41.788,54.326,42.631,49.876,45.88,35.988,1056,1056,0.25351,24.546,33.999,42.71,50.241,61.792,64.505,38.863,37.586
1057,1057,2.4233,25.569,35.452,42.259,50.78,41.727,50.527,46.926,41.807,1057,1057,10.202,22.305,26.021,42.398,53.142,41.778,46.293,45.207,36.43,1057,1057,-0.57065,20.211,34.788,42.144,50.086,62.294,64.855,39.627,37.654
1058,1058,12.122,25.355,31.979,45.317,45.243,40.059,56.439,48.065,37.195,1058,1058,9.1695,21.57,31.373,44.293,49.326,40.354,50.424,48.189,36.332,1058,1058,0.73226,22.106,34.507,39.199,47.189,65.41,66.14,40.01,37.102
1059,1059,16.351,21.085,30.388,40.023,46.906,51.304,58.75,48.969,41.758,1059,1059,18.726,15.626,31.513,40.608,50.666,45.686,53.859,48.574,36.797,1059,1059,-8.755,18.99,32.277,42.601,49.619,73.726,77.772,45.866,38.27
1060,1060,6.9446,16.574,29.408,40.616,52.309,47.301,58.035,47.792,38.366,1060,1060,13.682,12.591,27.542,37.3,52.633,45.164,53.494,49.422,35.867,1060,1060,0.66448,22.574,35.409,40.55,50.663,69.976,73.012,42.421,37.109
1061,1061,9.9142,16.382,31.485,38.48,57.935,52.491,61.061,49.238,42.015,1061,1061,15.207,21.571,28.35,41.389,53.04,46.692,54.628,49.803,36.859,1061,1061,4.4578,17.402,30.158,39.326,50.123,74.457,78.249,45.928,38.375
1062,1062,11.08,8.2864,29.454,33.851,53.12,50.826,63.336,52.222,38.794,1062,1062,14.617,19.869,32.269,41.351,54.776,48.456,56.636,51.27,36.199,1062,1062,4.5911,20.475,28.747,40.007,49.549,73.108,77.504,45.914,37.451
1063,1063,7.7021,21.661,28.764,38.393,56.674,49.778,63.786,54.09,43.063,1063,1063,10.236,23.168,28.237,40.548,59.062,48.834,55.752,52.263,36.591,1063,1063,-2.2962,18.403,29.631,39.851,53.209,70.083,72.83,43.993,37.272
1064,1064,7.844,22.268,30.787,40.036,50.279,53.87,70.177,73.947,50.925,1064,1064,9.2566,20.92,30.146,40.91,58.881,51.616,68.209,68.268,46.071,1064,1064,0.81926,20.538,34.941,40.791,53.435,78.658,80.135,63.228,42.169
1065,1065,0.013626,20.642,32.74,41.277,51.232,54.682,68.582,66.55,47.773,1065,1065,10.963,22.492,32.444,42.628,54.942,54.618,63.22,61.496,42.009,1065,1065,-2.6802,26.602,32.838,44.689,53.753,79.841,79.043,56.055,40.498
1066,1066,10.649,20.299,29.15,40.987,54.921,48.008,57.23,54.018,39.348,1066,1066,10.093,20.835,33.464,42.43,55.619,49.549,54.649,52.147,37.425,1066,1066,-6.1779,19.918,32.64,43.55,54.892,68.998,68.25,44.068,38.247
1067,1067,11.041,25.21,32.208,40.469,52.104,47.46,59.611,53.106,42.612,1067,1067,14.786,10.914,34.988,44.265,54.957,49.275,56.54,53.657,38.269,1067,1067,5.1649,17.911,26.674,43.521,55.268,68.625,69.244,43.29,39.22
1068,1068,13.993,19.659,35.502,42.84,54.724,48.737,59.329,55.64,41.44,1068,1068,12.543,14.045,29.943,37.113,52.877,49.786,57.185,53.719,37.78,1068,1068,3.3086,13.977,30.743,43.456,54.197,69.368,70.548,45.332,39.081
1069,1069,12.38,17.899,32.637,44.176,60.518,55.429,58.318,51.316,43.403,1069,1069,11.456,22.107,35.493,41.139,59.333,53.606,54.862,50.954,38.099,1069,1069,-0.32094,19.227,30.897,45.908,59.505,77.13,79.08,46.7,40.385
1070,1070,9.0123,16.349,25.717,42.572,58.697,54.847,58.564,51.54,39.175,1070,1070,15.237,21.725,31.553,43.796,54.859,51.468,54.229,51.963,37.847,1070,1070,-0.46754,22.102,32.225,44.366,55.565,77.014,78.927,47.116,39.641
1071,1071,16.976,19.85,34.099,50.86,59.959,55.406,59.936,52.496,42.974,1071,1071,18.303,14.472,31.961,45.237,57.684,54.932,57.045,51.424,38.245,1071,1071,5.0235,21.133,36.538,49.343,59.744,72.054,75.014,43.998,39.596
1072,1072,10.478,25.54,32.184,51.821,67.244,61.807,62.677,50.753,39.813,1072,1072,9.3877,20.702,32.711,47.195,65.566,59.333,60.592,51.156,37.864,1072,1072,1.0999,21.251,31.28,51.224,63.502,81.35,82.833,50.485,40.545
1073,1073,13.117,23.229,35.262,51.572,70.093,62.918,63.838,52.617,43.286,1073,1073,14.437,25.35,35.542,51.714,71.466,64.121,62.232,52.997,37.868,1073,1073,2.5315,21.987,31.539,50.516,68.243,82.667,83.374,51.116,41.396
1074,1074,0.96982,27.415,30.967,48.943,64.952,60.238,62.114,51.535,42.387,1074,1074,10.17,23.392,33.444,49.232,65.531,60.561,60.194,52.521,38.57,1074,1074,-1.2461,18.179,30.039,47.58,64.702,77.715,78.823,47.583,40.428
1075,1075,4.2857,25.2,36.104,55.551,66.047,65.216,65.643,54.117,43.954,1075,1075,9.5854,14.253,34.814,48.784,69.091,66.34,63.907,57.169,39.895,1075,1075,-0.98535,17.706,32.307,49.818,68.726,84.897,83.096,51.575,42.501
1076,1076,11.732,20.325,32.359,53.824,67.463,64.742,66.042,56.146,43.494,1076,1076,18.827,16.577,35.818,50.052,70.029,65.909,66.318,57.218,40.881,1076,1076,2.8517,19.696,32.021,51.289,67.289,82.761,81.932,50.433,43.022
1077,1077,3.3258,24.131,36.998,53.607,68.122,65.789,70.821,62.45,47.305,1077,1077,20.694,17.046,34.369,51.214,67.458,66.683,70.19,63.717,43.479,1077,1077,5.3293,16.3,36.151,52.493,67.579,85.957,87.713,56.657,46.113
1078,1078,8.5447,17.537,34.326,52.448,67.293,62.48,70.319,64.95,45.293,1078,1078,12.26,18.912,30.546,49.891,63.918,63.284,66.425,63.695,43.269,1078,1078,5.5373,17.096,32.517,53.51,66.403,81.995,83.66,54.387,44.534
1079,1079,12.448,23.811,36.547,45.145,62.934,59.174,67.203,65.862,47.47,1079,1079,11.441,20.611,31.146,40.633,59.782,59.254,66.705,66.427,44.569,1079,1079,7.4901,15.82,37.607,49.164,60.887,79.793,82.189,54.507,45.984
1080,1080,14.819,24.58,35.262,45.016,60.781,59.861,68.243,65.128,45.551,1080,1080,19.892,20.82,33.852,38.995,56.063,58.059,63.86,64.401,42.743,1080,1080,5.3673,20.376,36.869,45.604,60.486,82.799,85.51,55.115,44.779
1081,1081,8.6857,25.844,36.624,47.48,64.763,58.309,67.742,62.483,45.801,1081,1081,16.464,20.21,30.149,44.458,60.074,55.807,65.468,62.53,41.324,1081,1081,6.9283,18.632,30.283,47.984,61.598,79.849,83.637,53.61,43.228
1082,1082,9.4083,26.412,30.03,42.102,63.496,54.311,69.553,63.326,44.612,1082,1082,14.899,17.234,31.05,46.292,63.859,53.385,65.949,64.221,41.84,1082,1082,-4.5269,22.225,28.624,44.646,59.44,74.649,77.139,53.081,42.155
1083,1083,8.8232,19.947,29.578,46.566,66.547,57.574,70.476,66.061,45.594,1083,1083,7.0237,24.49,32.107,43.986,62.142,55.248,69.695,66.204,43.114,1083,1083,3.3954,18.792,35.46,49.237,62.784,77.758,79.146,55.671,42.131
1084,1084,-0.74261,26.201,28.074,44.975,63.769,57.703,73.632,66.374,45.044,1084,1084,6.1044,22.61,28.645,42.549,59.369,54.298,66.928,64.694,41.95,1084,1084,5.1407,16.093,33.037,41.323,58.638,81.284,83.402,56.087,42.632
1085,1085,6.7577,24.719,33.129,41.42,61.665,58.078,71.249,62.175,44.254,1085,1085,6.9546,25.111,31.701,42.964,59.637,55.135,70.222,62.323,40.78,1085,1085,-1.5287,19.095,35.162,43.711,59.654,81.615,85.034,54.496,42.111
1086,1086,7.7878,31.955,28.114,41.726,60.193,55.972,74.473,62.296,43.108,1086,1086,17.884,21.496,34.329,41.598,58.138,52.108,67.435,59.65,39.69,1086,1086,6.3394,19.235,33.243,40.284,60.982,78.115,80.697,52.423,41.094
1087,1087,5.1789,29.439,31.705,41.751,61.381,51.594,66.31,56.229,43.098,1087,1087,15.82,24.614,28.746,43.676,62.124,50.429,65.148,57.365,38.768,1087,1087,1.6051,13.451,33.282,47.648,61.636,74.069,76.275,47.45,39.687
1088,1088,1.7339,23.192,34.236,41.997,60.429,51.857,64.583,55.721,40.343,1088,1088,10.221,21.638,35.456,41.103,58.991,48.447,64.612,56.834,38.726,1088,1088,0.32527,7.5079,25.587,41.891,58.882,75.599,78.273,47.456,38.844
1089,1089,16.348,27.333,33.102,40.596,52.943,50.212,61.963,53.853,43.256,1089,1089,18.284,22.853,31.669,39.095,58.35,49.923,58.573,52.941,38.292,1089,1089,7.9321,9.8792,27.988,41.075,53.224,75.668,78.084,47.068,39.484
1090,1090,18.353,21.489,30.532,43.47,55.675,49.265,61.553,52.475,39.455,1090,1090,21.366,24.415,33.699,41.066,63.77,52.929,57.508,51.985,37.487,1090,1090,9.6537,18.95,29.818,45.086,51.842,72.379,73.559,43.995,38.267
1091,1091,15.702,21.375,32.594,42.511,51.069,49.154,61.093,52.241,42.705,1091,1091,21.393,18.598,35.212,46.356,56.078,47.692,58.369,52.33,37.575,1091,1091,7.7289,19.683,30.806,44.9,54.711,72.608,74.399,44.237,38.592
1092,1092,12.593,18.889,31.501,40.344,54.595,48.073,64.757,60.187,40.844,1092,1092,16.973,15.511,34.595,40.793,54.027,46.285,58.956,55.932,37.803,1092,1092,5.7372,20.11,31.386,43.386,53.184,71.282,72.981,46.879,38.782
1093,1093,13.152,21.19,32.16,40.647,52.463,47.649,62.385,57.202,42.688,1093,1093,16.489,23.083,31.218,45.136,51.845,46.437,58.741,54.932,37.831,1093,1093,3.1197,19.155,31.655,42.632,52.691,72.445,70.966,44.987,37.946
1094,1094,12.999,24.322,32.698,41.462,48.544,46.606,58.86,55.26,41.446,1094,1094,10.854,20.073,30.937,37.41,48.86,44.653,55.143,53.8,38.555,1094,1094,-2.9476,22.998,32.059,39.411,50.892,69.554,72.571,44.171,38.133
1095,1095,10.626,23.947,33.458,38.526,51.093,45.125,57.962,56.438,44.889,1095,1095,17.686,25.434,33.097,45.076,49.884,44.095,54.519,56.056,41.071,1095,1095,-1.1338,25.714,35.546,40.688,49.885,68.244,70.492,45.22,38.451
1096,1096,10.824,20.115,33.786,39.857,51.5,44.204,51.327,46.5,39.214,1096,1096,14.628,24.41,34.682,41.418,55.692,43.815,47.795,45.211,36.579,1096,1096,-1.6462,28.809,37.464,39.239,50.207,64.027,66.19,38.977,37.628
1097,1097,12.428,26.085,31.838,39.871,47.307,40.22,54.994,50.59,41.844,1097,1097,5.1436,18.774,33.293,44.353,55.442,41.128,50.888,49.838,36.75,1097,1097,-1.4004,24.104,36.633,41.994,50.956,62.039,63.016,39.647,37.317
1098,1098,4.4588,21.09,32.865,42.021,56.526,46.794,59.255,52.995,39.119,1098,1098,4.3932,22.003,30.802,47.345,58.229,44.659,54.555,51.398,36.562,1098,1098,5.0245,25.624,36.942,42.853,53.714,67.156,69.4,42.687,37.799
1099,1099,5.734,21.196,35.332,43.173,54.138,48.412,62.111,55.79,40.744,1099,1099,9.923,26.077,31.727,41.796,55.555,45.53,55.043,52.201,37.779,1099,1099,2.2665,23.718,29.359,38.335,52.588,70.563,74.249,45.478,37.45
1100,1100,15.279,24.471,30.823,40.908,55.845,49.459,64.327,55.281,42.944,1100,1100,11.453,26.335,33.757,39.521,57.073,48.661,57.538,54.23,37.901,1100,1100,-3.8694,20.802,32.84,41.186,50.589,72.474,75.06,45.518,38.368
1101,1101,11.965,28.261,26.284,42.43,52.146,47.455,61.575,52.009,38.605,1101,1101,15.746,24.756,29.8,45.118,55.44,46.757,54.555,51.412,36.341,1101,1101,-3.2142,20.831,32.748,38.505,50.437,69.237,72.614,43.23,38.045
1102,1102,12.987,19.585,30.651,43.904,51.22,46.287,59.656,51.712,41.685,1102,1102,5.0936,16.904,32.764,41.526,53.955,45.532,53.471,51.891,37.018,1102,1102,2.1556,16.611,31.947,39.231,49.019,68.176,70.036,42.017,37.222
1103,1103,10.173,23.332,30.429,44.782,50.532,45.495,59.882,52.119,38.446,1103,1103,16.018,26.191,30.228,39.814,55.15,45.608,54.033,52.275,35.933,1103,1103,3.7315,20.07,34.147,42.41,52.562,68.36,68.844,42.36,37.368
1104,1104,5.3039,20.905,30.679,44.866,48.793,44.048,55.157,49.826,41.936,1104,1104,12.437,26.521,30.967,37.588,51.979,44.542,49.778,49.7,36.593,1104,1104,6.746,22.923,34.602,44.564,49.284,66.338,68.395,39.8,37.754
1105,1105,8.5678,22.178,29.852,47.627,48.597,42.043,51.114,46.493,38.957,1105,1105,10.824,21.68,31.038,47.837,52.42,42.73,47.54,47.212,36.441,1105,1105,2.3031,18.788,30.463,38.105,46.531,63.632,62.918,37.51,37.035
1106,1106,6.1614,26.731,28.261,41.681,43.126,39.531,49.232,45.433,42.532,1106,1106,6.8607,17.189,29.431,45,48.25,40.595,44.741,46.269,36.268,1106,1106,-1.531,21.233,29.875,40.276,48.707,62.11,62.87,36.767,37.698
1107,1107,10.743,25.356,28.248,38.235,44.598,39.357,47.696,43.88,39.707,1107,1107,8.663,19.978,31.41,41.125,52.563,41.591,43.511,43.348,35.917,1107,1107,1.9303,20.361,30.87,39.353,45.372,62.126,63.048,36.021,37.595
1108,1108,13.874,24.878,29.495,37.464,47.376,39.525,46.903,44.15,41.917,1108,1108,13.048,21.073,33.989,40.347,49.978,41.068,44.288,44.953,36.669,1108,1108,-3.7773,18.39,31.948,38.138,44.364,62.538,64.773,36.717,36.995
1109,1109,8.1465,11.524,29.32,42.799,48.171,39.06,48.55,45.613,38.243,1109,1109,8.1916,23.822,32.698,38.45,52.801,40.682,45.728,46.4,36.051,1109,1109,-2.9386,12.585,32.846,37.451,47.558,56.637,55.807,36.502,37.19
1110,1110,9.4718,15.945,31.335,37.282,49.276,39.526,48.04,46.883,41.924,1110,1110,11.742,25.851,28.911,38.074,52.222,40.016,44.635,46.011,37.172,1110,1110,-6.236,17.425,32.769,42.569,48.394,56.626,56.916,38.632,37.517
1111,1111,11.552,21.201,29.913,40.603,48.9,41.684,50.352,44.355,40.041,1111,1111,15.861,21.593,29.573,39.863,51.063,41.81,50.478,47.507,36.24,1111,1111,-3.662,19.185,26.469,38.29,49.135,61.782,60.723,36.793,37.357
1112,1112,11.357,25.589,32.85,46.003,53.777,46.897,54.393,49.254,42.107,1112,1112,12.735,21.472,29.33,44.064,53.807,48.994,52.716,52.455,37.632,1112,1112,-0.44,19.843,31.451,42.832,52.637,65.13,66.773,39.751,37.949
1113,1113,9.4662,24.728,32.348,42.477,58.858,49.968,55.474,49.432,38.486,1113,1113,9.2493,22.694,35.069,38.22,54.107,49.518,52.6,51.9,37.908,1113,1113,2.1649,18.267,32.141,38.585,53.045,67.899,69.575,40.883,38.414
1114,1114,12.817,24,30.028,40.975,55.089,47.593,55.581,48.006,42.589,1114,1114,17.904,21.54,32.588,39.814,52.396,47.008,52.774,49.753,37.053,1114,1114,-2.9875,20.221,31.823,42.197,52.792,66.629,69.089,40.229,38.553
1115,1115,7.6273,24.324,32.494,42.994,51.759,47.497,55.305,48.192,39.652,1115,1115,17.94,23.328,29.338,39.565,56.726,49.979,53.071,52.159,37.239,1115,1115,-2.1845,22.469,31.389,41.786,52.829,66.356,68.699,40.395,38.799
1116,1116,13.539,24.437,33.588,47.871,57.972,55.077,57.719,50.037,43.196,1116,1116,15.922,17.691,28.891,42.125,59.935,53.846,54.557,53.87,38.459,1116,1116,-1.5933,17.482,29.459,45.708,57.967,76.51,78.361,46.899,39.831
1117,1117,11.756,30.093,33.17,41.671,55.523,53.159,56.268,49.456,41.269,1117,1117,17.912,20.577,34.674,42.13,56.016,51.922,54.475,51.227,37.525,1117,1117,4.8443,15.043,29.721,45.483,55.248,75.348,76.098,44.727,40.709
1118,1118,5.3877,23.572,36.137,48.658,59.509,56.896,61.344,52.268,42.997,1118,1118,9.8885,20.184,33.755,46.603,61.862,56.722,58.948,53.648,38.476,1118,1118,2.5373,19.162,30.639,48.568,60.128,75.316,76.743,45.749,40.074
1119,1119,3.0232,28.106,30.7,54.974,61.047,60.495,63.456,54.478,42.901,1119,1119,5.5472,19.168,30.399,43.395,64.696,60.213,61.249,55.389,39.829,1119,1119,6.9542,14.761,32.323,47.643,61.811,81.198,83.131,51.104,41.393
1120,1120,5.9452,22.981,36.082,58.344,69.323,64.817,66.098,55.29,45.594,1120,1120,8.2665,20.005,32.443,51.814,71.241,66.946,65.911,57.747,40.926,1120,1120,4.3197,18.732,32.257,50.539,66.44,84.431,83.377,52.008,44.223
1121,1121,0.85385,25.247,31.491,53.468,64.762,62.975,65.313,55.68,43.894,1121,1121,9.872,25.076,37.221,48.718,68.248,66.864,65.267,57.5,41.08,1121,1121,6.6841,21.596,34.641,48.36,67.813,83.061,82.864,51.42,44.014
1122,1122,8.083,23.5,33.109,59.175,66.972,66.166,67.674,57.482,45.246,1122,1122,18.906,21.135,26.066,50.673,68.694,67.404,66.158,58.002,41.396,1122,1122,0.83388,22.052,31.786,48.331,65.521,84.517,83.924,52.42,43.788
1123,1123,12.875,23.796,36.987,56.672,69.499,66.112,70.532,61.574,46.2,1123,1123,18.008,18.884,34.286,50.801,68.959,67.791,69.264,63.441,43.922,1123,1123,5.5321,19.016,35.579,54.66,68.789,85.608,85.164,54.986,45.758
1124,1124,9.795,28.488,31.41,53.379,66.99,62.007,71.086,65.233,46.911,1124,1124,10.431,23.091,30.623,49.368,63.693,63.901,67.776,64.565,43.374,1124,1124,0.44109,15.923,33.614,52.192,65.247,81.805,83.399,55.482,44.987
1125,1125,9.8031,24.4,33.825,46.073,60.387,58.959,69.142,66.486,45.957,1125,1125,7.1824,18.972,32.966,45.637,57.826,58.586,67.258,65.373,43.726,1125,1125,6.8682,12.281,32.325,48.756,60.925,80.062,82.414,54.904,44.253
1126,1126,10.742,26.825,34.917,41.998,56.173,57.759,67.757,65.214,47.222,1126,1126,8.0684,23.643,30.808,46.526,55.853,57.202,65.173,66.879,43.984,1126,1126,4.2483,16.659,31.577,46.096,59.365,79.429,82.079,55.263,45.392
1127,1127,3.3096,20.628,36.839,43.816,60.509,58.317,68.043,62.388,44.989,1127,1127,6.7158,18.763,33.272,40.657,58.523,56.581,65.536,63.092,41.858,1127,1127,-3.7998,19.564,35.555,44.808,61.195,80.453,84.254,54.205,43.845
1128,1128,7.2503,23.438,32.375,44.227,59.71,52.417,68.304,63.823,45.977,1128,1128,8.7342,15.684,32.746,46.169,66.857,54.318,64.432,63.509,41.625,1128,1128,1.5213,12.025,32.67,44.323,61.289,75.115,78.135,52.16,42.641
1129,1129,11.972,22.851,30.968,48.138,61.761,55.58,70.003,64.909,45.092,1129,1129,6.1213,20.783,32.656,47.526,60.89,53.374,68.574,65.736,42.699,1129,1129,8.9571,19.024,34.962,46.11,58.913,78.861,80.985,55.283,42.666
1130,1130,14.904,22.375,33.982,50.936,58.248,55.64,71.762,66.085,46.228,1130,1130,1.3386,25.699,31.619,49.853,58.443,53.202,66.624,65.065,43.246,1130,1130,1.2139,20.525,34.747,44.16,56.948,81.567,82.968,55.815,43.636
1131,1131,6.8214,20.636,31.045,42.778,50.207,54.295,72.277,64.461,44.774,1131,1131,7.1818,20.646,26.794,44.337,55.038,51.105,66.966,63.838,42.065,1131,1131,-4.511,21.118,31.002,42.668,53.824,78.797,81.298,54.57,42.676
1132,1132,9.1229,24.298,30.929,39.478,55.156,51.97,71.686,62.51,44.365,1132,1132,13.617,18.052,28.664,41.468,59.201,50.551,66.694,62.387,40.923,1132,1132,5.3724,20.091,34.597,40.476,53.567,75.033,79.222,52.364,40.955
1133,1133,6.1456,24.9,32.276,41.627,53.947,50.871,64.832,57.22,40.12,1133,1133,14.007,21.286,30.31,40.381,54.527,46.838,66.134,59.513,39.387,1133,1133,3.3202,22.953,36.235,39.716,51.479,73.349,77.886,48.681,38.669
1134,1134,7.2793,21.569,28.313,41.84,55.926,50.56,63.391,55.938,42.434,1134,1134,11.608,24.453,31.274,40.671,52.923,45.627,59.369,55.573,38.04,1134,1134,0.68131,21.732,33.029,43.404,52.043,72.459,75.676,46.415,39.187
1135,1135,8.809,19.557,34.281,42.066,54.596,48.332,60.282,53.898,39.875,1135,1135,10.37,15.867,30.205,41.432,59.141,48.629,58.091,55.489,37.989,1135,1135,5.2799,23.231,31.324,47.265,51.726,71.166,73.695,45.94,38.647
1136,1136,12.544,23.212,27.699,42.435,52.05,48.715,61.005,54.563,42.852,1136,1136,5.5605,16.825,30.326,42.022,59.491,50.567,56.614,56.392,39.074,1136,1136,7.5318,8.8769,30.455,47.057,52.649,73.559,75.645,45.691,38.554
1137,1137,13.884,26.902,31.787,41.756,46.815,43.91,61.03,53.268,39.786,1137,1137,12.381,17.964,26.22,42.557,57.347,47.65,53.961,54.123,37.863,1137,1137,4.7403,16.594,29.064,46.006,51.801,69.165,70.664,43.913,37.771
1138,1138,8.5892,22.345,35.698,43.145,44.124,43.041,58.339,51.614,42.307,1138,1138,6.1833,15.977,32.586,43.056,53.276,44.11,53.251,49.13,36.72,1138,1138,-6.1366,19.226,33.713,42.802,49.939,69.129,71.5,42.097,38.122
1139,1139,9.9983,24.242,28.273,40.194,47.591,40.672,52.965,46.957,38.144,1139,1139,16.965,14.386,31.722,39.808,50.905,40.6,50.143,48.33,37.474,1139,1139,-2.0303,16.045,31.544,42.912,48.379,62.868,64.366,38.992,37.337
1140,1140,12.652,23.493,30.55,42.198,46.894,40.042,57.162,53.436,41.773,1140,1140,18.381,22.125,33.321,47.158,50.467,39.919,52.165,51.026,37.326,1140,1140,-10.123,17.306,28.782,42.543,46.024,60.713,64.366,41.437,38.082
1141,1141,10.123,23.411,24.993,45.822,47.938,45.019,58.375,54.175,38.85,1141,1141,12.872,22.459,28.632,50.397,52.548,44.511,53.78,52.492,37.449,1141,1141,-3.7226,15.128,31.244,43.213,46.682,67.27,69.948,43.612,37.336
1142,1142,16.924,23.168,31.583,55.092,47.891,45.208,60.021,53.583,39.599,1142,1142,19.236,20.984,29.59,53.469,53.484,45.284,56.723,52.615,37.659,1142,1142,0.94489,22.967,29.317,42.718,48.074,67.389,69.639,43.438,38.724
1143,1143,12.314,16.815,27.45,52.224,50.122,47.193,61.435,56.403,42.27,1143,1143,17.844,27.405,28.876,49.921,52.738,46.059,57.822,55.48,38.075,1143,1143,0.63144,22.642,27.006,44.688,50.053,69.884,72.759,45.314,38.675
1144,1144,13.425,16.448,34.333,46.558,52.392,46.159,60.806,54.949,38.76,1144,1144,16.848,19.847,21.473,41.615,52.111,46.74,56.303,54.817,36.816,1144,1144,3.7103,15.966,28.036,39.856,51.561,68.311,70.133,43.487,37.59
1145,1145,14.785,15.932,26.93,38.67,54.022,47.838,58.59,53.501,41.969,1145,1145,16.523,20.874,33.134,41.72,50.893,45.417,53.341,53.176,36.441,1145,1145,3.2059,14.459,31.127,38.987,48.188,69.224,71.043,42.988,37.371
1146,1146,11.971,20.277,32.468,42.699,52.415,45.684,58.358,50.534,38.027,1146,1146,9.3823,19.184,30.802,40.172,53.358,44.535,52.817,51.756,37.086,1146,1146,-10.359,14.338,32.205,40.975,51.541,68.933,70.056,42.011,37.284
1147,1147,11.429,28.03,32.647,42.457,51.149,44.041,56.563,50.277,42.466,1147,1147,14.76,17.952,32.577,40.278,50.76,43.077,50.016,50.528,37.116,1147,1147,6.1215,18.91,32.009,42.121,51.381,67.216,66.47,40.343,37.393
1148,1148,3.5858,22.124,30.341,45.287,50.728,43.3,51.006,47.23,38.305,1148,1148,13.323,18.512,23.352,37.908,50.067,42.983,47.399,46.983,36.227,1148,1148,6.574,18.885,29.557,37.615,47.981,64.769,64.286,39.356,37.578
1149,1149,12.775,19.897,29.556,35.903,51.354,41.58,48.595,46.701,41.804,1149,1149,11.789,24.113,29.841,42.405,48.498,40.098,44.525,45.531,36.656,1149,1149,1.3004,18.162,32.91,36.61,44.811,62.553,62.901,38.497,37.464
1150,1150,6.846,23.727,33.46,43.255,48.38,40.241,49.152,44.83,38.748,1150,1150,11.761,23.665,34.552,41.006,47.996,40.944,45.427,45.181,36.219,1150,1150,-0.57716,17.393,26.307,39.529,42.898,59.709,60.026,36.519,36.73
1151,1151,6.9535,23.016,30.076,38.462,44.602,40.97,52.453,46.84,41.952,1151,1151,13.857,23.873,30.272,47.055,47.315,39.883,46.865,45.251,36.508,1151,1151,4.9316,15.815,34.286,37.645,42.674,64.422,66.193,38.65,36.97
1152,1152,7.645,18.435,31.751,40.648,43.254,38.075,52.62,46.418,37.955,1152,1152,12.202,14.358,34.2,42.031,46.668,39.648,43.283,46.633,35.771,1152,1152,1.0801,23.854,36.409,41.187,45.117,61.448,62.423,37.337,37.262
1153,1153,7.0002,21.769,32.029,40.768,46.042,41.088,49.611,45.818,41.674,1153,1153,12.505,25.353,33.117,39.206,50.703,40.998,45.125,45.053,36.585,1153,1153,-3.6228,21.206,35.003,38.846,48.076,62.436,61.855,36.529,37.166
1154,1154,11.528,19.833,30.037,43.589,45.158,40.198,48.928,45.464,39.46,1154,1154,13.882,23.147,32.116,44.025,47.608,38.879,44.5,44.77,36.365,1154,1154,5.701,19.316,34.517,41.947,43.757,62.763,63.184,37.973,37.073
1155,1155,11.09,25.203,28.875,48.224,46.324,39.456,50.18,45.558,41.626,1155,1155,12.973,22.437,33.186,43.163,47.649,39.133,44.931,44.447,35.962,1155,1155,6.7848,22.261,36.957,49.006,49.771,62.499,62.944,37.998,37.076
1156,1156,2.8913,22.938,33.426,45.115,47.401,38.465,50.318,44.701,38.158,1156,1156,13.38,20.057,29.579,41.485,49.771,37.852,43.955,43.898,36.135,1156,1156,2.1961,20.518,34.322,45.72,46.104,57.652,58.138,36.903,37.359
1157,1157,9.6117,23.071,33.547,40.058,45.89,39.402,52.567,47.011,42.26,1157,1157,10.92,25.966,30.969,40.401,48.866,40.402,46.075,47.955,36.672,1157,1157,-15.79,20.625,36.994,42.085,45.584,60.803,62.698,38.254,37.396
1158,1158,15.546,18.011,30.322,47.126,48.19,40.933,56.258,49.64,38.064,1158,1158,17.245,17.125,33.965,44.751,49.28,40.3,51.153,50.552,36.143,1158,1158,-0.54397,21.871,37.731,47.89,49.142,62.22,63.139,40.163,36.932
1159,1159,10.118,18.545,32.986,54.837,47.562,43.639,62.773,55.635,42.638,1159,1159,12.352,18.023,34.843,49.825,50.449,43.955,56.091,54.911,37.598,1159,1159,-0.47402,17.884,38.211,50.764,49.235,66.907,68.004,44.108,38.036
1160,1160,7.4727,21.811,30.044,47.091,48.916,48.571,62.396,57.232,39.737,1160,1160,11.67,17.94,35.372,49.143,55.42,46.993,57.547,56.507,37.247,1160,1160,3.4229,20.835,35.876,43.066,54.139,71.822,75.016,47.577,37.24
1161,1161,9.497,20.833,31.023,46.37,54.046,54.769,63.525,57.818,43.1,1161,1161,9.815,17.327,31.591,45.381,54.266,50.095,58.101,58.873,38.583,1161,1161,7.5047,20.335,36.064,46.256,54.385,77.999,81.941,51.265,39.339
1162,1162,7.0764,21.518,27.185,48.931,54.041,55.694,63.78,59.101,40.465,1162,1162,9.556,15.764,29.323,43.413,56.895,51.607,58.174,58.743,39.013,1162,1162,4.2497,13.278,33.999,45.062,53.147,78.87,82.973,51.716,39.829
1163,1163,4.2054,27.055,25.722,48.686,49.898,51.773,59.805,57.187,43.496,1163,1163,9.557,13.801,34.705,46.015,53.805,50.893,57.603,59.513,39.989,1163,1163,-4.7567,17.162,32.134,43.991,52.526,75.576,77.877,48.751,39.674
1164,1164,3.5187,22.646,27.414,45.761,48.582,45.946,55.754,57.408,41.555,1164,1164,5.5881,25.413,30.661,49.852,53.361,44.136,53.24,58.568,38.954,1164,1164,-3.6734,22.546,33.208,43.003,51.818,70.901,70.393,46.951,39.285
1165,1165,-1.6282,17.184,31.947,40.741,51.719,45.775,56.314,55.916,43.574,1165,1165,5.5761,25.136,30.726,47.012,53.801,44.585,52.133,57.629,39.752,1165,1165,2.886,17.227,32.367,41.814,50.834,69.324,71.064,44.15,39.325
1166,1166,9.7276,21.053,29.177,41.543,54.31,52.717,60.886,62.029,43.44,1166,1166,6.6011,23.618,34.302,48.757,55.851,49.221,57.17,65.156,44.855,1166,1166,5.6296,22.299,30.945,41.211,51.612,75.689,78.939,50.138,40.789
1167,1167,15.965,22.811,31.917,38.203,53.227,53.832,64.551,65.618,46.312,1167,1167,11.439,21.634,33.195,44.872,53.451,50.817,61.294,66.744,45.997,1167,1167,-3.8167,21.307,30.261,41.139,53.788,77.85,80.902,53.964,41.731
1168,1168,8.2871,19.914,30.735,41.155,57.962,54.61,64.369,64.288,45.377,1168,1168,12.398,23.096,29.064,39.026,54.443,51.477,63.337,65.294,44.546,1168,1168,-5.9782,20.675,30.478,40.245,55.247,78.192,81.408,53.428,42.076
1169,1169,4.1033,20.704,30.068,40.152,53.42,55.042,66.808,62.957,45.577,1169,1169,6.9971,22.807,30.859,42.597,57.108,51.94,67.743,64.113,43.256,1169,1169,-5.6327,22.296,31.359,40.504,52.933,77.241,82.696,53.472,43.217
1170,1170,10.226,23.095,29.691,41.563,51.759,59.408,69.51,62.855,43.018,1170,1170,2.9066,22.251,30.586,46.955,57.448,55.25,71.069,63.936,42.953,1170,1170,-0.68441,19.925,33.58,44.993,56.12,82.575,85.424,55.122,43.039
1171,1171,10.216,15.984,27.245,44.479,48.64,60.89,71.194,61.496,44.605,1171,1171,6.4543,19.213,31.734,50.03,54.176,56.88,71.095,63.397,42.687,1171,1171,-0.69933,23.551,32.285,44.711,55.423,83.307,86.725,55.46,43.36
1172,1172,8.3817,22.85,32.257,41.115,50.109,58.094,70.759,60.061,41.782,1172,1172,12.306,18.854,37.419,45.444,51.95,54.622,67.574,58.351,38.738,1172,1172,5.75,19.183,30.703,43.669,53.492,80.259,83.088,52.935,40.635
1173,1173,13.611,21.702,29.545,40.001,52.027,57.816,68.963,57.02,43.086,1173,1173,16.274,22.105,29.144,40.515,52.117,54.861,64.009,56.304,37.998,1173,1173,1.189,23.042,32.391,44.813,53.008,79.71,83.245,52.276,40.758
1174,1174,4.3895,18.636,24.087,39.121,54.543,53.154,68.444,57.706,40.986,1174,1174,9.6033,23.914,28.763,41.775,54.59,52.954,63.605,57.261,38.273,1174,1174,-3.836,14.088,32.279,40.304,55.529,76.006,80.795,50.627,39.582
1175,1175,6.2932,15.927,32.638,46.132,55.127,52.967,67.525,58.103,43.369,1175,1175,11.213,25.825,34.338,47.645,56.706,52.881,60.305,55.71,38.12,1175,1175,0.58347,24.186,33.543,43.095,54.98,77.075,79.353,50.065,40.863
1176,1176,1.7979,21.479,33.005,41.851,52.619,57.075,66.623,57.285,41.054,1176,1176,5.6448,20.271,35.075,41.178,62.024,57.523,62.037,56.54,37.764,1176,1176,0.40286,13.059,35.601,41.328,53.642,82.268,84.275,52.489,40.952
1177,1177,-0.6021,23.729,29.595,44.398,53.052,54.263,62.144,54.714,42.785,1177,1177,6.9118,21.504,31.474,44.748,60.157,53.242,58.696,54.904,37.409,1177,1177,2.8411,19.823,32.776,40.779,51.499,76.605,76.495,46.599,38.995
1178,1178,9.2144,21.891,33.279,43.162,57.923,49.86,57.745,52.059,39.601,1178,1178,5.2995,22.269,30.386,46.028,55.986,49.757,54.449,52.275,36.421,1178,1178,3.8116,16.138,35.563,36.864,50.808,67.254,67.783,42.749,38.394
1179,1179,8.363,20.394,32.351,39.967,58.749,49.633,56.392,49.78,42.199,1179,1179,7.534,18.133,34.875,45.519,59.464,49.208,52.167,49.62,36.809,1179,1179,7.9666,15.202,32.386,35.665,49.065,63.042,64.05,39.953,37.481
1180,1180,1.701,17.79,32.501,42.247,56.6,46.633,53.898,50.262,39.088,1180,1180,13.388,23.268,29.291,45.152,59.158,47.439,49.792,47.644,36.38,1180,1180,1.1494,18.844,35.764,37.564,49.717,63.246,66.046,40.892,38.24
1181,1181,1.88,15.127,32.108,43.189,48.294,49.506,58.185,47.339,41.725,1181,1181,11.167,22.475,31.766,44.896,48.827,52.917,56.185,46.644,36.103,1181,1181,2.7382,23.289,34.805,36.338,50.332,73.467,76.16,44.298,37.951
1182,1182,9.3659,21.934,31.407,39.153,56.524,48.69,51.066,42.455,38.268,1182,1182,14.425,17.615,32.508,41.91,59.683,50.085,48.617,43.365,35.855,1182,1182,-0.26514,20.771,36.553,38.61,54.727,67.98,68.043,38.071,37.038
1183,1183,7.9683,19.204,33.527,41.958,47.838,38.237,44.193,42.308,41.761,1183,1183,5.7502,20.916,33.581,44.633,50.259,40.548,41.296,42.87,36.594,1183,1183,-4.2464,16.808,35.97,37.779,46.876,58.065,55.631,35.004,37.092
1184,1184,6.2892,21.22,31.205,43.891,44.306,36.224,46.357,44.33,38.273,1184,1184,9.7179,15.698,31.778,39.916,42.837,35.096,42.69,42.712,36.328,1184,1184,5.2703,17.891,32.52,37.26,43.851,55.612,54.381,35.492,37.142
1185,1185,10.005,21.296,33.14,42.985,42.828,37.027,48.08,44.052,38.021,1185,1185,8.5237,21.732,33.385,34.499,44.79,34.639,42.329,43.352,35.841,1185,1185,-0.69545,19.646,31.51,38.932,43.176,56.471,57.873,35.806,36.743
1186,1186,8.4554,23.208,28.048,32.523,41.259,36.586,47.637,44.48,41.817,1186,1186,3.4774,20.316,31.094,36.192,43.053,36.561,43.724,44.81,36.788,1186,1186,2.4137,20.866,33.657,37.577,45.283,56.778,55.711,36.694,37.137
1187,1187,9.5653,19.956,31.395,37.886,43.104,35.505,46.847,43.484,37.963,1187,1187,-1.6975,20.06,28.265,38.142,41.162,33.812,42.542,44.264,36.28,1187,1187,2.2733,16.494,32.262,37.55,41.958,54.278,53.619,36.013,36.889
1188,1188,2.4814,20.754,30.582,38.852,43.5,34.914,47.84,43.248,41.784,1188,1188,3.5641,22.436,26.908,33.246,41.688,34.401,42.18,42.724,36.91,1188,1188,2.3996,22.138,36.048,37.24,44.006,55.395,55.431,36.243,37.213
1189,1189,6.8331,29.126,27.377,36.576,42.547,35.5,45.987,42.793,39.205,1189,1189,6.5092,23.835,29.529,40.163,46.121,36.121,41.046,42.939,36.664,1189,1189,1.1415,17.759,34.306,37.862,43.91,56.541,56.186,35.698,37.143
1190,1190,15.218,25.22,30.625,41.824,40.574,34.802,48.945,42.169,41.45,1190,1190,17.866,24.16,30.377,35.159,44.957,35.128,43.439,42.288,36.463,1190,1190,5.5595,17.345,29.834,36.392,47.317,55.015,54.555,35.879,37.814
1191,1191,9.3602,17.11,27.605,37.188,44.579,36.234,44.855,41.89,38.892,1191,1191,13.023,22.303,27.62,39.373,46.228,34.923,41.441,40.963,35.649,1191,1191,-2.5135,16.981,30.978,35.994,47.86,55.909,55.782,35.484,37.627
1192,1192,9.0784,18.02,29.912,36.258,44.624,36.867,45.511,41.557,41.975,1192,1192,7.8339,21.856,32.083,41.997,43.615,36.867,43.338,41.833,36.588,1192,1192,-6.5601,21.314,30.197,40.095,44.019,57.365,57.435,35.534,37.484
1193,1193,12.756,19.329,31.148,39.035,52.993,47.171,50.199,43.367,38.746,1193,1193,14.776,19.005,34.006,43.741,60.063,52.027,48.913,43.427,36.583,1193,1193,2.1871,21.556,27.449,34.621,53.771,67.307,68.401,39.064,37.067
1194,1194,14.639,14.591,27.937,33.976,48.95,46.813,52.441,44.938,42.061,1194,1194,15.654,20.195,26.8,45.722,49.086,46.371,51.999,45.702,36.473,1194,1194,-2.1039,14.543,29.629,39.607,47.73,70.389,72.936,41.814,37.962
1195,1195,13.017,17.762,28.124,37.174,48.308,41.044,54.642,48.001,39.344,1195,1195,16.994,20.495,32.101,41.459,48.369,42.559,49.798,46.343,36.249,1195,1195,1.1755,16.717,32.156,39.862,46.336,59.665,62.147,38.738,38.492
1196,1196,11.265,15.455,32.289,40.821,58.233,53.617,59.543,51.734,42.823,1196,1196,13.313,22.382,28.613,37.855,56.244,55.395,58.973,51.912,37.754,1196,1196,7.0905,15.476,27.37,41.83,59.665,69.8,69.656,41.875,37.9
1197,1197,9.3283,20.178,30.073,48.973,69.279,61.852,63.836,55.727,42.427,1197,1197,17.298,21.178,29.401,49.199,70.526,62.584,63.259,55.479,39.447,1197,1197,5.7899,25.077,32.351,47.346,70.628,76.988,75.638,46.334,40.874
1198,1198,15.742,23.287,28.972,47.347,67.8,62.445,66.095,56.483,44.396,1198,1198,10.453,21.584,27.893,49.774,69.236,63.808,67.096,57.691,40.414,1198,1198,3.5486,19.618,32.914,45.969,67.275,82.331,81.835,51.55,42.93
1199,1199,7.9804,20.781,34.379,51.199,68.881,64.752,68.742,56.977,44.208,1199,1199,13.808,24.842,32.49,53.118,70.05,66.663,67.125,57.718,41.065,1199,1199,-0.094409,19.26,30.193,48.283,68.688,85.673,86.466,54.389,44.405
1200,1200,7.327,23.729,34.74,54.201,72.875,66.081,68.006,57.834,45.636,1200,1200,6.9977,23.455,35.519,54.336,70.882,66.069,68.511,57.846,40.878,1200,1200,-7.5235,19.572,32.616,50.274,69.2,85.204,83.443,52.314,44.477
1201,1201,0.95476,28.128,37.311,52.54,68.894,66.312,69.201,57.513,43.999,1201,1201,13.301,19.147,33.422,53.559,70.508,65.226,67.954,58.375,40.903,1201,1201,-5.7259,15.706,32.353,48.943,70.505,85.334,86.509,54.852,44.852
1202,1202,9.4102,22.832,36.892,55.748,69.229,64.791,67.578,55.878,44.541,1202,1202,14.569,16.991,31.747,52.589,75.045,66.933,66.205,59.182,40.765,1202,1202,1.8697,22.002,35.299,55.909,71.645,86.254,85.244,53.559,43.783
1203,1203,5.7631,20.278,31.825,53.445,66.623,63.4,65.546,54.225,42.383,1203,1203,11.518,25.757,28.314,49.427,64.915,64.963,65.43,57.174,39.816,1203,1203,6.3283,22.107,34.415,54.431,66.924,83.492,85.329,53.367,43.291
1204,1204,11.518,24.931,32.264,53.825,65.056,62.989,65.093,53.505,43.803,1204,1204,11.696,20.013,38.173,45.708,65.421,62.658,62.623,55.03,39.648,1204,1204,0.77161,21.351,36.743,54.976,67.119,84.31,86.512,53.521,42.771
1205,1205,11.789,24.166,31.339,46.956,60.242,57.053,58.177,49.454,41.134,1205,1205,13.868,22.455,35.88,47.299,71.426,61.362,56.821,52.561,37.943,1205,1205,2.0637,20.172,32.623,47.652,65.565,76.952,77.744,46.107,40.043
1206,1206,6.1541,20.665,29.635,39.828,55.745,51.884,55.287,48.92,42.865,1206,1206,-2.5908,25.878,24.889,42.621,65.574,56.777,54.272,51.611,37.749,1206,1206,3.8819,21.071,28.176,47.995,59.57,72.975,73.462,43.14,37.751
1207,1207,13.391,25.031,27.3,36.355,58.322,53.834,55.842,49.075,39.506,1207,1207,11.37,19.006,26.991,41.557,62.916,57.326,53.134,50.103,36.909,1207,1207,3.4196,13.919,26.161,44.78,59.876,73.037,70.976,41.353,38.044
1208,1208,13.21,19.828,32.895,42.459,57.704,51.409,53.689,48.423,42.801,1208,1208,20.244,23.519,28.745,39.5,64.22,56.283,52.685,49.372,37.071,1208,1208,2.2837,17.819,30.513,42.215,55.178,72.866,72.576,42.541,38.178
1209,1209,6.8383,25.682,34.249,41.929,52.434,48.004,52.776,48.753,40.336,1209,1209,18.387,23.767,32.179,39.113,55.743,49.345,51.761,48.929,36.794,1209,1209,-2.0354,21.097,34.361,40.911,50.686,69.377,71.023,41.084,37.962
1210,1210,10.852,22.24,33.13,38.941,50.551,46.542,53.438,48.339,42.753,1210,1210,13.517,15.862,32.591,43.008,54.982,48.158,48.931,48.211,37.006,1210,1210,-4.5899,21.844,34.283,41.987,52.409,67.137,69.276,40.089,37.476
1211,1211,11.57,21.353,30.28,43.894,57.174,46.358,51.819,46.624,40.366,1211,1211,4.4825,18.801,32.139,41.06,61.115,49.043,44.762,49.593,36.697,1211,1211,5.1364,21.854,40.898,39.828,51.768,57.655,57.808,36.566,38.164
1212,1212,8.7804,24.246,33.824,41.674,51.805,44.487,55.71,49.178,41.697,1212,1212,2.4499,24.921,27.219,39.025,51.669,42.889,47.661,51.107,36.243,1212,1212,6.4532,16.051,31.151,41.919,50.385,61.611,60.722,38.39,37.854
1213,1213,6.0298,19.73,32.87,44.089,52.746,45.316,53.758,47.891,38.309,1213,1213,4.7019,25.302,34.756,38.875,53.482,43.713,47.722,50.459,36.417,1213,1213,-4.5586,21.004,33.448,40.158,54.32,62.269,62.779,38.47,36.642
1214,1214,4.3696,19.936,29.409,41.419,49.27,44.886,53.054,46.322,41.68,1214,1214,0.58624,22.416,32.063,42.296,54.124,46.359,48.213,48.752,35.996,1214,1214,-5.8638,25.521,38.015,41.728,53.866,64.941,64.387,37.707,37.397
1215,1215,3.1343,15.598,24.424,41.395,49.807,42.793,53.607,46.328,38.45,1215,1215,1.9166,18.319,25.851,39.445,56.119,46.317,45.861,46.424,36.106,1215,1215,-8.9664,25.28,35.976,40.236,50.639,60.694,60.012,36.965,37.158
1216,1216,7.4149,22.827,26.545,39.894,46.439,40.791,50.971,45.666,41.796,1216,1216,1.8599,22.231,31.702,39.784,55.678,45.892,46.256,46.25,35.48,1216,1216,-6.3569,19.977,33.635,35.613,48.219,61.288,60.049,36.842,37.827
1217,1217,9.8704,25.286,27.586,39.447,56.371,46.214,53.676,47.22,38.639,1217,1217,7.4871,17.994,31.567,38.645,56.041,46.749,47.135,46.871,35.687,1217,1217,0.27098,13.985,32.298,42.767,52.8,61.395,60.604,38.096,37.401
1218,1218,9.527,19.27,25.648,39.614,58.416,48.637,51.111,46.758,41.788,1218,1218,15.08,9.9754,34.684,41.321,58.006,49.202,46.405,47.181,35.962,1218,1218,6.1926,15.059,35.026,42.045,52.825,62.588,62.376,38.66,37.002
1219,1219,-0.051435,19.637,28.609,42.094,63.922,52.286,51.387,44.607,38.389,1219,1219,19.66,20.649,32.545,43.074,62.588,50.156,46.155,46.598,36.389,1219,1219,3.4083,17.048,32.4,39.833,53.858,64.506,66.755,38.832,37.114
1220,1220,2.4382,19.771,27.792,43.912,49.435,41.183,47.817,44.744,41.467,1220,1220,11.662,22.276,33.105,39.964,53.02,41.772,44.575,44.282,35.846,1220,1220,2.8934,23.335,33.905,43.101,52,61.399,61.165,36.841,37.471
1221,1221,12.868,26.148,26.76,44.61,50.899,41.966,50.532,45.965,37.446,1221,1221,11.971,18.151,22.345,41.705,52.289,43.917,44.976,46.128,35.402,1221,1221,2.35,25.461,30.839,43.746,49.727,60.893,61.928,36.752,36.705
1222,1222,5.945,25.33,28.647,38.936,50.557,42.03,48.505,45.423,41.615,1222,1222,12.955,24.101,34.122,39.979,51.717,43.109,44.331,44.389,36.548,1222,1222,-4.2388,19.585,30.921,40.965,48.268,61.373,59.234,36.393,37.469
1223,1223,11.369,22.392,29.834,43.993,45.813,41.609,47.697,44.415,38.031,1223,1223,20.177,23.826,34.541,39.357,51.3,42.982,43.862,43.882,35.261,1223,1223,-5.222,21.526,33.253,38.033,47.824,60.331,56.536,36.069,36.956
1224,1224,2.9165,18.714,32.695,41.233,45.072,38.979,49.327,45.156,41.551,1224,1224,16.078,18.436,29.768,38.785,48.986,39.129,43.927,46.901,35.878,1224,1224,3.3814,24.735,38.163,43.245,51.29,58.411,57.868,36.909,37.997
1225,1225,1.9719,24.95,32.054,38.974,47.804,39.176,48.311,44.988,37.783,1225,1225,7.8465,22.699,31.03,43.22,49.967,40.309,43.995,45.892,35.874,1225,1225,3.6807,21.794,31.121,42.824,50.153,58.817,58.881,37.454,36.042
1226,1226,1.0479,19.57,33.632,46.415,47.163,39.605,48.419,44.856,41.472,1226,1226,5.0301,21.164,31.068,42.412,49.068,40.484,43.402,45.547,36.572,1226,1226,2.4383,16.748,33.119,41.202,47.91,59.855,60.611,37.268,38.033
1227,1227,5.1077,20.561,30.937,39.765,43.204,38.272,49.239,46.23,38.846,1227,1227,9.133,22.068,31.202,40.241,46.768,38.437,45.556,45.672,36.029,1227,1227,4.3729,16.46,31.217,38.347,47.971,59.763,60.83,37.241,37.485
1228,1228,8.1975,19.452,28.799,39.951,45.288,39.347,49.441,45.08,36.809,1228,1228,6.0006,19.924,26.132,37.708,48.081,39.649,46.114,46.055,35.732,1228,1228,-0.95951,21.828,35.851,36.016,44.626,60.415,61.509,36.381,37.286
1229,1229,9.3039,24.675,26.992,42.253,46.212,39.998,49.831,45.566,41.32,1229,1229,6.7163,16.406,28.217,40.627,46.986,39.183,47.186,47.451,36.421,1229,1229,-3.8136,18.044,30.93,39.952,47.249,59.043,61.074,36.543,37.162
1230,1230,12.539,24.576,31.012,42.69,47.343,43.746,62.608,50.591,37.927,1230,1230,17.279,23.381,27.477,40.237,49.794,41.686,55.181,50.383,36.124,1230,1230,3.635,22.184,36.642,40.104,48.301,64.071,66.641,41.039,37.454
1231,1231,8.2474,18.099,32.713,44.094,56.841,49.647,63.486,52.229,42.271,1231,1231,13.707,20.92,31.674,42.332,57.637,51.728,57.088,52.155,37.327,1231,1231,-1.5896,22.353,36.981,40.618,60.711,67.768,70.772,43.786,38.174
1232,1232,6.255,19.966,35.616,43.973,65.404,55.827,62.997,51.669,39.029,1232,1232,7.1267,22.105,26.602,43.269,63.694,53.562,57.406,52.7,36.811,1232,1232,-3.5562,21.35,32.231,43.914,61.099,71.454,72.382,43.655,37.643
1233,1233,3.7429,10.829,30.177,43.782,62.087,54.085,65.399,55.63,42.77,1233,1233,11.455,19.487,30.707,42.172,62.752,54.719,57.253,53.386,37.05,1233,1233,-0.98247,24.42,32.299,40.474,56.551,74.416,75.561,46.44,38.469
1234,1234,10.556,25.149,32.55,40.519,54.776,51.961,63.171,57.341,40.966,1234,1234,6.2064,19.846,31.299,42.055,52.003,50.856,57.331,56.144,37.592,1234,1234,-1.3522,20.773,32.611,39.341,54.42,75.728,78.226,48.208,37.899
1235,1235,6.8053,19.723,31.612,45.079,50.639,49.066,62.132,58.351,42.807,1235,1235,4.9096,18.612,30.205,47.482,54.995,49.33,55.86,55.471,37.512,1235,1235,-1.0656,21.655,34.991,40.961,53.252,72.938,75.297,47.798,38.214
1236,1236,13.764,22.673,28.658,41.711,49.424,48.395,60.96,57.682,39.919,1236,1236,8.2811,14.673,29.074,45.569,55.507,47.977,54.72,56.223,37.556,1236,1236,-3.2171,15.738,33.695,40.417,52.91,71.637,71.712,46.924,38.496
1237,1237,11.522,23.369,34.384,41.308,52.43,43.409,57.787,55.847,42.489,1237,1237,12.919,14.223,30.905,42.366,53.123,43.185,52.414,54.487,37.43,1237,1237,-5.3822,11.927,29.275,41.667,51.851,63.193,64.311,45.59,37.709
1238,1238,5.5187,19.331,34.421,42.375,53.666,46.828,58.941,54.517,39.011,1238,1238,10.99,21.577,30.534,42.742,50.877,42.651,54.005,54.203,36.863,1238,1238,4.2378,18.901,31.634,40.511,52.606,70.363,72.187,45,37.691
1239,1239,6.2285,17.902,31.473,42.557,51.118,56.174,64.685,57.906,43.191,1239,1239,5.9226,20.69,30.658,44.229,52.933,51.589,60.863,59.983,40.087,1239,1239,1.6361,24.746,36.835,42.461,52.479,81.897,84.948,53.043,40.724
1240,1240,9.8007,18.342,35.528,38.253,49.864,57.553,65.355,59.031,41.166,1240,1240,12.261,22.719,33.782,36.695,53.41,52.176,62.77,61.221,40.66,1240,1240,5.1468,24.33,42.233,40.187,55.323,82.32,86.058,54.063,40.877
1241,1241,15.737,22.698,32.631,40.633,50.218,55.065,66.954,60.45,43.599,1241,1241,15.176,19.724,32.713,44.958,56.135,52.284,65.912,63.124,42.3,1241,1241,7.0601,19.185,37.195,41.035,54.69,80.428,83.234,52.888,40.37
1242,1242,13.219,25.991,33.277,43.725,47.878,55.863,67.478,59.887,41.776,1242,1242,16.737,21.643,29.621,38.779,53.661,51.342,65.03,61.591,40.606,1242,1242,-0.38713,20.451,36.102,39.726,54.092,80.645,83.299,52.642,40.261
1243,1243,16.946,20.841,29.401,45.77,51.61,54.939,69.311,60.552,43.763,1243,1243,20.036,20.172,35.116,40.5,53.938,50.9,68.411,62.105,40.814,1243,1243,-0.12495,17.605,34.108,45.255,52.953,79.407,82.819,52.754,39.937
1244,1244,13.066,25.366,27.605,45.212,52.288,57.077,71.705,62.403,42.012,1244,1244,18.453,9.6825,31.717,41.726,55.062,52.587,71.672,64.082,41.723,1244,1244,-5.3569,17.088,34.564,43.147,52.155,81.499,84.567,54.516,40.704
1245,1245,11.275,20.082,33.844,42.294,53.935,58.338,71.504,62.065,44.211,1245,1245,15.414,18.281,26.318,40.416,57.458,53.902,71.073,63.885,41.955,1245,1245,0.60602,25.684,34.728,40.434,53.034,82.136,85.587,55.122,41.329
1246,1246,15.674,17.671,26.773,40.727,52.269,55.533,69.995,61.544,41.368,1246,1246,19.24,14.39,34.723,41.434,54.746,53.279,70.531,62.859,40.673,1246,1246,1.8395,23.664,36.01,42.092,53.87,79.177,81.14,52.695,39.791
1247,1247,10.774,21.187,31.945,44.042,50.728,56.02,66.419,58.158,42.894,1247,1247,14.281,19.822,32.003,42.279,46.691,53.157,68.509,59.27,39.256,1247,1247,1.9347,20.577,35.328,36.488,50.542,78.28,80.943,50.448,39.545
1248,1248,13.973,21.587,32.834,38.31,48.228,56.622,65.314,56.234,40.735,1248,1248,14.725,22.937,29.728,37.552,51.413,52.644,63.551,54.4,37.438,1248,1248,-3.0037,16.909,32.941,38.904,51.31,79.965,83.568,51.865,40.031
1249,1249,10.172,24.434,33.282,43.17,53.552,55.217,66.844,56.822,43.534,1249,1249,12.206,20.131,32.305,42.788,56.649,53.199,60.015,53.989,37.357,1249,1249,-3.2948,22.264,36.639,40.214,54.055,78.368,82.692,51.46,40.215
1250,1250,9.5927,27.297,33.046,43.949,54.272,55.999,64.553,55.439,40.825,1250,1250,8.0881,20.861,31.491,39.073,51.998,53.19,58.586,52.259,37.019,1250,1250,1.8632,28.577,39.642,40.756,53.988,79.526,82.201,50.401,40.108
1251,1251,-0.48132,26.088,29.368,45.014,49.168,54.011,65.595,56.186,43.587,1251,1251,6.8188,20.109,35.053,41.503,51.171,52.764,60.735,53.159,37.773,1251,1251,1.6031,31.078,42.975,41.466,52.747,78.71,81.379,49.67,39.516
1252,1252,14.788,24.911,32.369,43.986,53.183,50.999,62.362,53.701,40.452,1252,1252,15.863,23.864,31.959,40.418,51.371,50.433,58.252,52.909,37.07,1252,1252,1.0168,27.164,42.874,40.285,52.571,76.984,78.726,47.327,38.443
1253,1253,16.536,21.79,28.798,48.392,56.032,48.282,55.61,51.299,43.098,1253,1253,19.913,27.384,36.947,43.226,61.491,50.639,51.929,49.273,37.213,1253,1253,7.8887,22.714,39.395,44.555,52.434,66.583,67.984,40.966,38.544
1254,1254,17.078,20.92,29.129,42.033,56.325,47.144,54.286,50.672,40.704,1254,1254,19.067,21.86,30.6,45.874,58.592,47.724,48.832,47.735,36.579,1254,1254,5.5931,21.191,29.843,41.371,50.365,63.925,66.384,40.348,37.965
1255,1255,16.483,16.571,25.644,42.111,54.054,44.857,54.715,49.965,42.316,1255,1255,16.548,20.303,31.512,46.519,59.007,47.789,49.266,49.793,37.366,1255,1255,1.8968,17.578,32.152,39.369,47.682,59.312,61.323,39.284,38.582
1256,1256,18.177,19.673,27.759,35.327,48.778,47.569,55.52,46.496,38.231,1256,1256,21.655,20.153,30.478,40.504,51.468,49.804,55.03,45.564,35.946,1256,1256,0.41573,23.783,35.599,37.232,48.832,68.027,69.714,40.329,37.607
1257,1257,9.0373,20.312,27.445,37.454,47.876,41.965,46.095,43.135,41.745,1257,1257,13.877,24.377,37.887,42.002,49.718,43.462,44.481,42.497,36.62,1257,1257,-1.0038,21.133,29.794,38.994,47.614,62.487,64.018,37.329,37.517
1258,1258,11.009,19.305,28.578,40.11,46.508,37.531,41.704,43.733,38.704,1258,1258,16.676,23.93,27.181,39.748,45.726,36.041,39.658,42.017,35.972,1258,1258,7.4922,18.524,35.487,39.59,45.103,52.332,53.343,35.362,37.977
1259,1259,6.6414,24.419,31.398,40.656,44.479,37.161,44.239,43.769,41.712,1259,1259,9.3529,22.366,32.638,40.227,45.964,36.666,40.204,42.847,36.517,1259,1259,5.9339,21.119,30.835,38.948,39.093,53.669,55.462,35.767,37.532
1260,1260,13.723,21.824,28.725,36.815,42.519,36.248,42.502,43.028,38.456,1260,1260,15.163,19.748,30.9,37.234,44.828,35.168,38.172,41.947,36.337,1260,1260,0.1596,22.06,36.646,34.761,40.255,53.079,50.942,35.783,37.487
1261,1261,17.248,25.382,26.829,32.586,40.364,32.826,42.933,42.528,42.374,1261,1261,17.977,20.007,32.19,36.861,43.314,36.201,38.554,42.001,36.572,1261,1261,0.49079,20.098,34.132,36.445,41.654,51.205,51.849,35.743,37.891
1262,1262,10.503,23.196,32.427,39.65,44.376,35.419,42.751,44.347,39.168,1262,1262,13.31,12.439,29.691,38.572,47.492,36.541,39.803,42.963,36.278,1262,1262,0.039899,15.765,31.862,34.114,40.443,51.937,51.387,35.895,37.561
1263,1263,6.9788,19.844,30.874,37.817,45.946,36.465,43.802,44.069,41.712,1263,1263,13.259,18.979,29.252,36.059,51.204,40.448,38.786,43.863,36.252,1263,1263,-4.2281,19.187,28.384,34.074,42.843,54.745,54.681,36.366,37.413
1264,1264,14.316,25.876,31.78,38.969,48.037,38.835,44.106,45.447,39.03,1264,1264,16.123,25.122,27.04,37.651,49.166,38.271,40.528,45.074,35.714,1264,1264,4.1687,13.991,28.323,34.655,42.921,54.685,53.824,36.234,37.734
1265,1265,13.608,24.081,32.604,39.07,42.569,35.189,44.292,44.029,41.771,1265,1265,16.481,24.01,33.415,40.081,41.258,34.564,39.049,43.886,36.058,1265,1265,5.9802,22.309,29.911,34.37,40.666,52.997,55.096,37.472,37.8
1266,1266,3.3135,21.019,27.603,39.329,43.22,35.668,43.104,44.769,38.655,1266,1266,7.9979,15.618,33.282,42.662,43.89,35.042,39.908,44.238,35.734,1266,1266,6.7718,19.259,34.584,36.51,41.688,54.785,53.265,36.65,36.996
1267,1267,10.405,21.536,31.455,40.438,44.015,35.296,43.429,42.704,42.18,1267,1267,12.587,19.58,30.412,45.398,44.677,36.149,39.515,43.854,36.731,1267,1267,2.3605,18.824,31.149,36.998,42.904,53.896,54.132,34.864,37.837
1268,1268,-2.2207,22.241,33.537,42.031,40.716,34.799,43.154,44.32,38.605,1268,1268,11.625,21.871,34.152,39.104,46.192,36.144,38.36,42.324,35.375,1268,1268,2.629,19.506,31.801,36.384,43.361,54.659,53.102,35.293,37.054
1269,1269,3.0211,18.337,33.197,39.26,49.293,43.886,51.991,45.554,41.265,1269,1269,7.4588,18.971,38.614,45.773,57.618,47.873,51.727,44.161,36.242,1269,1269,-1.6377,23.84,36.162,39.693,50.436,63.313,65.205,38.582,37.584
1270,1270,10.297,18.124,35.41,42.958,49.798,46.483,54.711,46.67,39.6,1270,1270,8.9002,24.916,35.379,43.433,59.335,49.661,54.446,45.859,35.886,1270,1270,1.5456,21.539,37.825,40.608,49.326,66.981,70.441,40.62,37.569
1271,1271,14.027,25.285,31.793,45.185,47.503,40.354,54.346,49.637,37.941,1271,1271,12.777,22.338,30.58,48.752,51.286,42.311,49.846,48.736,36.478,1271,1271,-2.6677,25.316,34.018,44.691,49.576,61.623,64.151,40.033,38.064
1272,1272,12.05,18.359,30.099,40.969,49.432,42.095,53.996,51.193,42.608,1272,1272,11.541,19.941,33.181,46.212,55.337,45.329,53.399,50.558,36.783,1272,1272,3.8473,20.834,34.441,40.439,52.609,64.46,64.825,40.275,38.324
1273,1273,12.553,20.966,31.93,39.864,48.075,40.765,55.539,52.492,39.49,1273,1273,10.646,18.31,30.216,43.83,57.806,45.068,54.205,54.717,36.879,1273,1273,3.0291,24.545,35.502,39.924,54.766,63.181,63.865,41.634,37.932
1274,1274,6.8157,17.163,27.611,45.633,61.113,58.526,62.994,55.772,44.166,1274,1274,2.5483,17.534,32.902,45.653,64.189,60.574,64.187,58.216,40.244,1274,1274,-3.003,22.575,32.774,45.078,65.415,76.361,72.932,45.289,41.742
1275,1275,11.075,27.16,33.511,52.449,69.792,66.863,68.869,58.713,45.686,1275,1275,11.497,20.965,33.615,50.61,68.595,66.256,67.074,58.313,41.417,1275,1275,-2.81,14.74,31.423,49.411,69.331,84.387,84.811,53.297,45.127
1276,1276,9.3781,22.514,30.314,55.039,65.313,65.507,69.932,58.797,46.313,1276,1276,14.561,27.293,34.632,54.103,71.514,64.716,67.128,59.211,42.371,1276,1276,0.19587,22.849,35.479,47.755,69.62,84.893,85.403,54.032,45.679
1277,1277,12.608,27.575,34.951,57.71,72.381,67.135,68.88,58.684,46.045,1277,1277,18.2,24.619,33.819,53.896,71.525,66.659,67.516,58.91,42.762,1277,1277,4.2097,16.877,34.637,52.234,69.274,84.762,84.131,53.375,45.316
1278,1278,10.469,22.05,32.695,54.941,68.769,65.658,69.132,58.621,45.969,1278,1278,13.803,15.384,31.921,53.546,68.122,64.848,67.585,57.666,42.378,1278,1278,-0.071975,23.149,34.325,52.846,69.852,85.486,86.745,55.178,45.658
1279,1279,9.1744,20.854,33.216,55.557,72.159,65.1,68.269,57.232,43.253,1279,1279,14.545,19.011,34.816,50.756,71.01,63.951,66.588,57.097,40.65,1279,1279,-6.0298,19.228,35.343,56.287,70.015,85.095,87.239,55.278,44.318
1280,1280,-0.67516,19.36,32.655,52.695,67.122,62.622,64.991,52.889,43.313,1280,1280,10.907,25.341,35.384,51.377,71.963,63.29,63.826,54.985,39.608,1280,1280,-6.4653,23.809,33.445,50.777,67.9,83.511,85.765,53.236,42.498
1281,1281,5.1066,23.221,35.966,51.291,64.108,59.202,62.213,53.452,40.895,1281,1281,10.944,10.461,31.118,47.904,67.921,60.786,62.456,54.907,37.821,1281,1281,1.7555,23.824,36.006,55.696,66.024,80.209,82.108,50.016,40.796
1282,1282,8.9179,23.897,32.437,52.004,64.391,56.508,61.296,53.014,43.345,1282,1282,13.173,22.519,31.441,49.981,63.177,58.684,58.415,55.17,38.77,1282,1282,5.7072,15.526,34.474,52.817,65.571,78.189,76.784,46.716,39.362
1283,1283,17.019,22.648,32.218,47.321,62.392,54.815,58.432,52.368,40.83,1283,1283,18.687,20.348,29.74,45.433,63.01,55.968,55.782,51.661,36.988,1283,1283,-4.3477,24.991,31.602,46.909,60.028,74.257,74.111,43.76,38.976
1284,1284,14.828,22.502,31.451,44.6,60.796,52.844,54.787,47.738,42.806,1284,1284,18.367,19.927,32.051,44.193,58.157,53.139,53.242,49.669,37.222,1284,1284,3.8112,23.476,32.143,46.765,59.108,70.859,69.447,40.286,37.518
1285,1285,16.573,26.879,28.621,41.48,58.881,52.954,54.83,47.466,39.758,1285,1285,24.775,24.711,33.842,42.417,59.349,56.193,54.765,49.046,36.788,1285,1285,7.4705,23.835,34.299,48.48,59.666,73.269,73.457,42.513,37.763
1286,1286,13.767,21.295,29.475,44.733,60.039,53.78,54.369,48.315,42.182,1286,1286,24.767,22.425,30.259,40.873,56.813,53.626,53.293,48.503,36.846,1286,1286,-4.59,24.064,34.239,40.427,62.746,71.758,71.373,41.695,38.554
1287,1287,6.289,20.703,31.66,43.626,65.11,56.129,52.405,44.785,39.784,1287,1287,19.726,26.718,30.085,40.006,62.902,54.577,50.397,45.623,36.425,1287,1287,4.8875,21.474,34.453,42.901,61.17,71.278,71.615,40.847,37.736
1288,1288,10.677,18.656,31.131,46.517,61.284,51.421,49.951,45.043,42.769,1288,1288,17.436,19.02,32.586,42.578,59.714,50.104,49.228,46.803,37.393,1288,1288,3.1952,21.706,37.008,39.364,56.27,65.496,66.367,37.991,38.208
1289,1289,9.4424,14.459,29.287,44.883,56.802,48.82,49.126,45.092,37.869,1289,1289,16.229,22.059,32.185,42.7,61.399,53.719,46.934,45.418,35.715,1289,1289,-0.47527,24.261,33.13,42.557,64.573,66.116,65.196,37.986,37.131
1290,1290,0.32058,16.974,30.004,43.608,52.251,43.075,50.037,45.44,42.29,1290,1290,17.52,22.373,31.835,42.031,55.311,46.215,46.269,45.524,35.86,1290,1290,2.011,26.715,34.763,40.066,50.945,65.034,64.686,37.137,37.385
1291,1291,4.4777,18.239,29.773,43.595,43.462,37.814,51.523,47.214,39.301,1291,1291,13.174,16.417,33.026,37.28,49.495,40.927,47.033,50.403,36.546,1291,1291,3.0798,19.278,31.89,42.213,48.227,60.752,61.14,37.661,36.814
1292,1292,9.9693,15.83,31.602,40.301,48.698,42.354,51.649,47.211,41.76,1292,1292,9.223,19.835,30.281,35.812,47.317,42.238,46.658,49.341,36.638,1292,1292,-2.448,19.762,33.434,42.781,50.958,61.174,60.119,36.837,37.179
1293,1293,13.31,23.24,29.937,44.941,50.002,43.433,52.256,47.015,38.635,1293,1293,17.33,24.748,31.782,39.102,55.412,46.026,47.306,50.065,35.945,1293,1293,-0.21196,22.176,36.487,44.417,50.599,64.818,65.975,38.792,37.545
1294,1294,10.017,18.077,30.66,43.661,50.094,44.439,50.539,44.702,42.36,1294,1294,11.542,25.001,32.631,41.038,53.85,46.809,46.223,45.953,36.56,1294,1294,3.3274,22.545,35.426,43.749,51.597,64.73,65.898,38.31,37.295
1295,1295,8.5951,15.368,32.098,42.678,52.941,44.353,50.332,45.168,38.477,1295,1295,14.023,20.418,31.477,40.026,53.472,45.241,43.735,45.128,36.297,1295,1295,1.8021,22.565,33.867,42.192,48.198,60.878,60.466,37.364,36.874
1296,1296,9.6265,26.15,29.707,40.735,51.55,42.479,48.714,45.69,42.151,1296,1296,13.95,21.788,32.223,41.043,50.67,43.829,46.471,47.782,36.581,1296,1296,2.2929,23.149,35.974,38.245,47.153,61,62.952,37.434,37.168
1297,1297,8.0343,21.764,26.484,42.528,48.494,42.272,52.501,48.051,39.481,1297,1297,14.453,21.418,29.693,40.019,52.319,44.541,46.752,50.295,36.339,1297,1297,4.0732,24.495,33.656,41.757,49.447,60.235,60.827,38.309,36.97
1298,1298,11.339,23.749,32.088,47.332,49.533,40.65,53.129,47.403,41.772,1298,1298,15.546,24.237,32.738,45.626,55.057,45.448,48.432,48.605,36.488,1298,1298,4.4182,23.641,34.135,41.046,48.03,58.127,59.287,37.26,37.374
1299,1299,11.686,21.25,33.949,51.634,47.614,39.453,53.903,48.087,38.196,1299,1299,13.472,23.289,36.298,46.578,48.348,40.513,46.136,48.053,35.549,1299,1299,1.2909,23.423,33.924,45.648,47.88,58.57,59.275,39.013,37.135
1300,1300,10.978,21.668,30.607,46.796,47.768,39.948,51.063,48.055,41.794,1300,1300,14.55,22.697,36.776,47.698,50.788,42.442,44.143,47.412,36.23,1300,1300,-1.1363,26.813,38.429,42.009,45.923,58.907,58.264,38.987,37.815
1301,1301,9.2702,12.448,33.137,45.875,49.889,40.422,49.783,47.573,38.352,1301,1301,16.507,23.328,30.786,44.123,50.832,41.698,43.58,46.334,36.259,1301,1301,3.1034,18.292,32.596,43.637,44.598,56.581,58,38.145,36.236
1302,1302,12.271,23.121,29.818,42.609,48.282,41.39,52.134,47.49,41.456,1302,1302,23.032,21.729,34.421,41.971,50.675,41.088,44.4,46.886,36.202,1302,1302,7.1432,16.801,34.64,38.971,47.016,58.302,57.85,37.831,37.128
1303,1303,6.5327,24.4,32.915,43.027,50.227,41.963,50.606,45.616,38.46,1303,1303,17.96,21.402,31.649,42.416,50.181,40.77,44.485,46.334,35.902,1303,1303,4.7416,22.521,31.401,38.7,50.063,59.944,59.244,37.217,36.364
1304,1304,8.0624,20.412,31.335,42.145,51.079,42.246,50.469,45.715,42.206,1304,1304,14.063,21.113,29.354,39.269,55.391,44.264,45.608,47.202,39.628,1304,1304,0.010555,21.45,31.044,43.033,51.247,60.67,62.268,37.478,37.958
1305,1305,12.959,19.846,32.731,41.376,49.233,41.048,48.35,44.902,37.619,1305,1305,12.122,20.71,28.724,41.595,53.701,44.431,43.921,45.568,36.422,1305,1305,-5.6722,20.662,30.883,47.255,51.702,61.136,60.02,36.484,36.894
1306,1306,4.3402,18.713,28.552,42.261,51.442,42.788,48.352,46.898,41.548,1306,1306,12.383,21.071,30.962,42.267,52.596,41.834,44.809,45.424,36.877,1306,1306,1.3784,21.921,35.456,48.719,52.834,62.635,61.288,37.66,37.575
1307,1307,8.3451,16.038,32.296,39.41,51.193,41.643,47.134,44.772,37.68,1307,1307,12.941,17.354,32.835,44.511,58.358,45.7,42.767,44.588,35.354,1307,1307,0.24186,21.276,26.261,48.197,55.419,60.446,61.307,35.932,36.523
1308,1308,5.2651,21.923,28.33,40.713,50.95,39.767,46.788,42.342,41.589,1308,1308,10.678,15.395,32.187,40.556,49.726,39.109,41.602,44.174,35.965,1308,1308,2.252,20.303,29.498,45.512,52.455,61.243,62.905,35.528,37.049
1309,1309,8.3123,22.094,32.207,39.745,49.364,40.471,47.173,43.311,37.803,1309,1309,13.193,19.027,35.614,43.193,50.411,39.26,45.265,43.182,35.946,1309,1309,1.679,26.723,36.209,43.986,49.898,58.548,57.399,35.027,37.181
1310,1310,15.035,21.008,30.353,37.22,52.184,42.093,46.295,41.667,41.407,1310,1310,19.591,23.749,35.007,40.698,49.238,38.499,43.08,43.291,36.143,1310,1310,-1.6463,28.755,34.906,42.323,49.142,56.733,58.632,35.476,36.892
1311,1311,9.8228,22.822,35.864,43.545,48.739,40.79,44.562,41.096,37.628,1311,1311,14.494,22.034,35.22,38.643,52.976,42.906,41.935,43.442,35.531,1311,1311,-5.7761,27.107,37.801,42.173,47.402,59.375,59.425,35.201,36.679
1312,1312,15.15,25.15,30.61,39.53,44.175,37.272,43.981,39.234,39.801,1312,1312,19.324,23.755,31.692,40.692,50.062,39.12,40.343,40.656,35.973,1312,1312,0.62463,17.69,34.99,39.714,43.967,56.095,57.729,34.328,36.727
1313,1313,17.253,19.871,35.133,34.375,41.088,34.851,41.744,39.401,40.624,1313,1313,20.154,21.467,28.062,38.09,47.877,37.82,40.074,42.116,35.766,1313,1313,6.3203,24.107,29.011,36.954,41.266,56.215,56.651,34.853,36.748
1314,1314,11.249,26.367,27.99,35.83,39.313,35.446,44.347,41.39,36.534,1314,1314,14.916,19.428,30.031,35.824,44.996,35.732,41.456,42.526,35.746,1314,1314,4.6095,15.065,30.84,39.4,40.918,54.364,56.66,34.898,36.658
1315,1315,16.343,18.829,30.612,37.653,43.418,35.191,44.229,42.328,41.61,1315,1315,14.58,24.262,28.794,36.219,45.272,35.818,41.016,41.33,36.184,1315,1315,1.3867,20.268,32.606,35.27,41.721,55.909,57.882,34.741,37.019
1316,1316,11.323,14.391,27.967,38.069,41.662,35.056,43.295,40.336,37.988,1316,1316,11.809,24.713,30.059,36.86,45.008,34.614,39.801,41.063,35.639,1316,1316,4.1661,23.777,33.023,34.282,40.985,54.498,55.693,34.091,36.901
1317,1317,7.6137,21.785,27.956,36.926,40.66,35.412,43.196,41.494,41.609,1317,1317,15.076,22.733,28.909,38.783,41.843,33.037,39.489,41.641,36.072,1317,1317,2.4573,22.215,29.759,36.2,38.732,55.081,55.271,34.592,36.967
1318,1318,13.063,20.77,27.387,39.41,39.403,32.979,43.336,40.108,37.967,1318,1318,18.894,21.219,25.916,34.151,42.977,33.672,39.447,40.183,35.359,1318,1318,2.2968,17.193,30.716,37.545,37.484,57.75,57.692,34.826,36.648
1319,1319,13.715,23.893,34.131,38.314,39.217,33.114,43.156,41.344,42.31,1319,1319,19.242,20.086,31.61,37.887,43.713,33.503,39.43,39.675,36.517,1319,1319,-1.2605,17.647,33.903,38.102,40.113,55.506,55.804,34.599,37.61
1320,1320,4.8352,24.921,30.417,41.794,43.168,36.377,43.718,42.581,39.139,1320,1320,11.714,23.391,35.792,38.811,40.532,35.75,39.185,42.172,35.738,1320,1320,4.3982,20.902,35.559,37.325,44.095,56.282,55.962,35.505,37.07
1321,1321,11.759,22.606,27.816,42.238,44.007,36.896,43.599,42.71,42.067,1321,1321,9.6799,18.989,31.349,42.498,44.217,36.708,40.493,42.09,36.533,1321,1321,7.0314,20.972,34.305,38.63,44.987,57.255,57.449,34.842,37.117
1322,1322,4.4431,20.585,23.899,37.806,43.534,35.571,44.745,42.509,38.278,1322,1322,4.4329,20.564,34.763,37.992,43.695,34.863,42.901,43.104,35.613,1322,1322,3.066,18.34,34.868,36.586,44.433,54.562,52.752,34.712,37.456
1323,1323,9.0625,20.671,26.372,35.955,44.526,37.364,47.445,42.794,41.311,1323,1323,8.2,17.925,32.574,36.508,46.042,39.629,46.091,45.067,36.747,1323,1323,5.9557,18.435,32.71,38.299,44.849,56.979,56.662,35.586,37.676
1324,1324,13.282,23.841,32.351,41.468,47.176,44.814,51.69,44.114,38.003,1324,1324,15.826,20.661,30.309,40.952,51.295,47.011,49.575,48.663,36.204,1324,1324,8.1511,17.343,28.484,40.122,49.243,63.066,64.806,37.375,37.305
1325,1325,4.5124,16.407,29.768,38.786,49.118,47.135,52.265,46.47,42.417,1325,1325,11.773,19.821,30.903,39.078,53.911,49.73,49.629,50.404,36.967,1325,1325,3.8526,18.042,31.703,42.868,51.751,65.735,65.426,38.207,37.104
1326,1326,11.136,20.4,30.446,40.342,50.762,44.908,54.723,46.95,37.89,1326,1326,16.592,20.963,29.726,40.966,51.622,45.265,51.528,49.784,37.2,1326,1326,6.478,23.3,32.547,43.058,53.051,63.337,65.276,38.259,37.323
1327,1327,15.484,20.807,29.975,39.643,49.678,47.69,55.492,47.348,42.898,1327,1327,19.809,12.147,29.405,39.021,53.31,48.815,53.578,49.999,37.808,1327,1327,3.6827,22.318,29.559,42.212,52.585,69.271,70.191,40.815,39.563
1328,1328,12.698,24.201,31.659,48.519,61.652,54.817,55.895,46.288,40.177,1328,1328,18.908,20.447,31.15,40.697,58.818,51.495,51.611,47.518,37.12,1328,1328,-3.1496,20.669,29.233,44.754,58.381,75.356,76.339,44.211,38.131
1329,1329,10.324,18.989,34.006,45.931,60.505,55.337,57.145,48.381,42.595,1329,1329,16.497,21.439,29.991,44.318,59.384,53.576,54.89,51.303,38.346,1329,1329,0.94305,16.248,31.635,46.474,58.099,75.905,78.35,46.365,40.019
1330,1330,5.8391,25.835,34.365,50.398,63.655,60.435,62.298,51.644,41.11,1330,1330,17.252,15.76,32.651,46.094,63.138,60.024,59.87,54.147,38.325,1330,1330,8.2019,20.513,27.483,46.352,62.284,80.002,81.666,49.407,40.821
1331,1331,7.3039,26.805,32.732,52.168,66.482,64.103,65.418,53.688,43.648,1331,1331,12.529,21.751,33.657,48.143,70.728,65.857,63.963,55.771,39.028,1331,1331,6.5903,18.357,32.686,48.474,65.714,84.442,84.177,52.115,41.668
1332,1332,9.9872,22.734,35.166,56.297,67.509,64.511,64.728,54.447,43.021,1332,1332,13.542,24.677,35.636,50.308,70.11,65.24,63.894,57.241,40.518,1332,1332,0.6313,22.398,32.823,48.615,67.657,83.163,82.598,50.968,43.116
1333,1333,4.8966,21.65,33.638,54.17,70.344,66.609,67.692,57.38,45.284,1333,1333,15.399,21.057,34.714,50.336,70.596,67.932,68.136,60.754,42.086,1333,1333,7.7071,15.769,33.815,51.975,69.609,86.125,85.79,54.279,44.846
1334,1334,5.0038,23.955,35.666,54.675,71.76,66.387,70.413,65.643,48.816,1334,1334,15.933,13.462,34.641,52.865,77.239,70.325,69.364,65.995,45.631,1334,1334,7.9321,21.239,34.552,51.698,72.039,86.963,86.988,56.597,49.056
1335,1335,7.4865,24.933,33.112,53.979,68.793,63.662,69.006,66.296,47.563,1335,1335,11.412,16.55,33.628,52.186,64,62.255,67.558,68.531,45.864,1335,1335,2.7774,12.536,32.143,51.437,66.891,81.719,85.173,57.016,45.976
1336,1336,9.46,21.131,36.069,48.498,64.201,60.67,68.375,64.715,47.545,1336,1336,4.6372,23.173,33.314,42.897,63.485,60.069,64.612,66.594,45.952,1336,1336,1.6737,15.772,33.88,47.961,59.517,81.427,84.638,55.323,45.718
1337,1337,6.4493,16.711,35.694,44.894,60.325,60.026,68.409,63.451,46.448,1337,1337,10.019,19.157,30.12,39.123,62.346,57.184,63.674,63.261,42.952,1337,1337,-3.2814,16.369,31.805,46.577,59.974,82.648,86.809,55.521,43.953
1338,1338,11.192,15.341,30.737,44.79,59.565,56.285,68.231,62.697,45.03,1338,1338,7.0565,17.142,28.398,39.76,55.624,51.957,64.794,63.725,42.126,1338,1338,2.1326,22.39,29.872,45.632,60.651,77.585,79.912,51.882,43.13
1339,1339,12.228,19.003,31.881,43.011,58.171,56.015,69.608,64.303,47.238,1339,1339,12.355,24.392,24.306,42.473,57.144,53.004,64.753,63.558,43.086,1339,1339,1.7442,20.172,32.267,47.267,60.407,77.945,79.965,52.734,44.807
1340,1340,9.9731,16.38,30.688,41.545,56.43,57.154,69.479,64.3,45.658,1340,1340,8.803,23.7,32.361,42.607,55.462,54.04,65.326,64.022,43.443,1340,1340,-0.55991,18.635,30.462,41.592,57.428,82.791,84.695,54.711,44.789
1341,1341,7.203,20.92,25.323,40.568,52.659,54.009,69.834,62.97,46.032,1341,1341,9.1691,21.553,26.759,37.333,54.164,50.444,63.615,63.177,42.892,1341,1341,-7.3866,19.652,28.309,39.728,55.652,79.174,81.11,52.367,43.296
1342,1342,3.8133,16.318,29.256,39.365,50.631,51.194,69.567,61.167,41.938,1342,1342,6.9168,19.83,31.756,42.283,52.31,48.017,67.527,61.657,40.845,1342,1342,4.5615,15.09,27.21,42.134,53.91,74.992,77.477,50.208,40.827
1343,1343,5.1851,21.722,29.814,39.653,50.13,50.587,64.178,57.629,42.559,1343,1343,6.0921,17.44,32.565,37.729,50.396,46.64,63.695,58.751,38.979,1343,1343,6.8564,18.521,32.646,38.572,51.215,75.814,79.226,48.748,38.935
1344,1344,8.3802,17.705,32.478,45.693,57.959,51.526,63.841,55.605,39.712,1344,1344,12.308,18.2,32.78,45.363,61.277,50.228,58.918,56.092,38.003,1344,1344,-0.31006,21.634,33.649,45.451,56.475,74.329,77.278,47.369,38.456
1345,1345,-4.9549,19.204,30.864,48.422,58.208,51.545,61.35,55.015,42.151,1345,1345,10.979,19.614,32.585,48.91,63.87,52.285,58.504,54.74,38.285,1345,1345,2.2205,20.527,29.317,48.286,57.165,74.017,76.425,46.217,38.81
1346,1346,4.3613,19.038,28.835,46.145,57.044,49.632,58.201,52.524,39.533,1346,1346,6.4424,22.214,31.599,44.673,60.146,48.962,54.302,52.201,37.977,1346,1346,5.5704,19.365,29.222,43.847,54.383,72.185,75.386,44.659,37.955
1347,1347,12.377,21.058,25.031,41.294,54.619,48.047,56.311,49.215,42.14,1347,1347,9.9814,20.539,26.065,40.764,56.771,45.627,52.087,48.223,37.335,1347,1347,2.662,20.641,29.19,46.87,54.549,70.557,73.466,43.397,39.26
1348,1348,10.314,15.816,29.732,38.554,52.897,44.688,54.16,48.223,37.682,1348,1348,11.991,18.935,28.944,42.205,53.384,42.635,47.853,50.668,36.292,1348,1348,-1.28,17.734,32.749,44.189,53.491,65.499,68.865,40.549,37.179
1349,1349,6.6712,19.78,34.48,42.519,49.906,48.647,58.588,54.133,41.869,1349,1349,9.5647,25.177,29.37,44.665,57.316,47.586,53.683,56.251,37.748,1349,1349,-4.438,16.92,29.596,40.533,51.147,72.128,76.202,46.269,38.327
1350,1350,15.702,22.668,30.89,43.867,47.088,49.633,59.5,54.738,39.373,1350,1350,18.598,24.701,29.567,39.277,55.021,47.669,56.586,57.499,37.486,1350,1350,3.892,17.921,31.403,40.378,49.142,74.21,77.243,46.84,37.831
1351,1351,15.445,22.977,28.409,42.298,49.723,51.232,62.313,57.092,43.037,1351,1351,16.281,20.997,27.866,40.775,49.66,46.933,56.915,60.342,39.299,1351,1351,7.2498,17.653,28.894,39.181,50.431,74.751,78.487,48.738,38.44
1352,1352,10.308,17.119,29.982,40.268,54.501,49.372,61.029,55.15,39.51,1352,1352,13.635,18.188,29.844,42.123,56.165,48.272,56.413,57.132,38.06,1352,1352,3.4513,14.854,29.596,41.368,56.206,71.147,74.568,45.703,37.903
1353,1353,6.0687,21.053,28.853,42.807,59.707,50.702,59.334,53.506,42.102,1353,1353,6.3762,20.342,32.138,41.639,58.738,49.863,53.698,54.53,37.852,1353,1353,7.0588,14.432,32.85,41.193,55.214,70.23,71.436,43.384,37.856
1354,1354,10.023,17.983,29.97,42.913,56.671,48.54,59.532,50.451,38.61,1354,1354,12.327,22.942,28.295,44.128,57.664,49.503,53.225,48.762,37.478,1354,1354,4.1998,20.609,33.18,41.881,55.961,69.001,68.611,41.567,37.888
1355,1355,6.098,15.608,29.313,42.277,54.013,46.445,53.711,47.653,38.994,1355,1355,17.107,21.59,30.74,44.359,52.801,45.902,49.554,46.712,36.827,1355,1355,-0.010563,17.181,31.686,43.321,55.03,68.386,70.601,40.81,37.967
1356,1356,0.56373,17.687,31.743,39.575,51.099,46.347,52.563,45.957,41.91,1356,1356,13.004,22.295,27.866,39.337,50.336,44.162,47.676,45.344,37.648,1356,1356,-3.913,19.349,24.623,42.9,54.674,65.276,69.242,40.019,37.743
1357,1357,7.0628,19.424,29.647,39.829,54.39,47.221,54.338,47.378,39.85,1357,1357,13.317,19.691,31.727,43.813,54.517,45.156,50.097,45.828,37.517,1357,1357,-0.95589,17.458,30.163,41.623,53.728,70.407,73.225,42.417,38.489
1358,1358,6.3392,18.25,28.842,41.815,53.287,45.026,52.396,47.26,41.939,1358,1358,11.016,25.002,28.997,37.977,54.336,45.853,49.273,45.308,37.672,1358,1358,1.9215,21.594,31.383,39.436,53.104,65.729,66.096,39.431,38.554
1359,1359,13.923,26.239,27.149,45.265,56.887,45.182,54.409,46.576,40.019,1359,1359,15.585,23.339,29.551,43.532,57.7,48.012,49.844,46.087,36.828,1359,1359,11.288,18.223,26.758,45.814,56.455,66.956,66.377,39.539,38.345
1360,1360,13.052,26.308,29.781,42.18,54.306,45.798,53.579,46.437,41.982,1360,1360,9.4519,25.976,30.513,43.375,55.74,46.712,50.095,45.694,36.785,1360,1360,8.0513,15.484,34.878,42.584,56.241,66.512,66.995,38.813,37.621
1361,1361,12.341,18.614,25.302,38.774,55.644,46.193,54.83,46.453,39.095,1361,1361,12.956,25.129,24.233,38.272,54.691,44.83,50.943,46.085,36.448,1361,1361,0.018415,16.122,31.491,41.425,51.566,66.097,67.103,38.833,37.618
1362,1362,17.402,21.252,30.136,44.578,53.014,44.53,56.544,48.856,42.71,1362,1362,15.878,17.635,29.088,39.965,52.432,43.184,50.597,46.817,37.051,1362,1362,9.783,20.308,33.22,39.993,51.372,64.675,65.841,39.965,37.592
1363,1363,11.114,22.339,29.352,42.776,52.503,47.453,53.232,46.437,40.637,1363,1363,11.878,21.84,34.029,38.107,49.938,43.308,49.292,45.955,36.493,1363,1363,8.0235,18.798,31.73,38.883,48.816,72.603,73.11,42.218,38.424
1364,1364,11.705,20.479,30.266,38.72,58.199,49.693,54.906,47.385,42.209,1364,1364,10.571,24.659,30.734,41.814,52.968,45.498,50.946,46.53,36.869,1364,1364,-0.78903,15.566,30.451,43.287,52.16,65.933,68.97,39.603,38.202
1365,1365,10.669,18.875,29.164,40.073,54.602,49.884,55.481,48.424,39.622,1365,1365,13.637,21.444,29.358,41.85,54.185,47.347,53.688,49.12,37.196,1365,1365,4.3015,13.173,30.91,43.357,52.498,72.895,74.125,43.359,37.777
1366,1366,10.4,21.239,30.41,40.532,58.266,50.071,54.652,46.205,42.728,1366,1366,11.602,23.102,32.498,42.167,57.39,47.655,52.175,46.411,37.372,1366,1366,1.7115,18.52,35.42,40.815,52.528,68.889,73.417,41.868,37.626
1367,1367,14.543,22.03,31.205,40.54,55.403,47.383,51.534,46.111,39.026,1367,1367,15.098,20.734,33.03,40.186,57.846,47.983,49.516,46.012,36.485,1367,1367,-0.22717,16.322,33.942,38.574,55.653,66.436,67.929,38.938,37.909
1368,1368,12.444,22.302,25.051,39.92,54.315,45.746,50.661,45.536,41.843,1368,1368,6.2573,21.567,26.965,40.945,56.553,45.816,50.736,46.44,36.839,1368,1368,-2.3542,14.366,30.633,41.746,53.525,66.341,66.977,38.363,37.114
1369,1369,6.8877,20.693,27.834,44.569,54.353,42.732,47.783,43.505,38.432,1369,1369,6.6758,21.852,32.899,42.05,55.679,44.067,44.343,42.835,36.235,1369,1369,0.57379,21.679,30.596,43.018,53.615,61.807,62.227,35.997,36.972
1370,1370,12.928,24.167,28.621,39.701,54.815,43.681,45.085,43.452,42.233,1370,1370,7.7478,22.26,28.016,40.617,54.59,44.647,42.253,41.249,36.979,1370,1370,4.7947,15.669,31.431,45.184,55.336,58.484,60.746,35.827,37.6
1371,1371,5.0579,20.63,33.364,39.349,52.402,42.113,45.838,42.831,39.193,1371,1371,0.65901,16.403,31.017,40.656,53.422,43.357,41.525,44.053,35.706,1371,1371,1.7149,23.775,31.355,44.018,54.33,58.356,60.294,36.24,37.476
1372,1372,8.8688,23.546,27.394,38.747,50.783,41.186,46.685,43.056,41.986,1372,1372,9.3982,19.973,31.557,41.208,48.472,40.737,43.497,42.86,36.468,1372,1372,-1.1806,21.274,33.838,43.955,52.449,59.98,63.498,36.379,37.117
1373,1373,7.5828,22.2,26.935,41.067,50.833,39.977,44.713,42.432,39.344,1373,1373,9.5037,18.874,30.666,41.261,52.703,43.657,42.687,42.861,36.055,1373,1373,-2.844,21.631,35.274,44.753,51.447,57.388,58.168,35.289,37.113
1374,1374,6.3898,24.235,27.245,43.594,48.87,39.43,46.113,43.236,41.84,1374,1374,6.7103,17.925,29.805,38.419,51.432,40.89,42.81,43.04,36.941,1374,1374,1.4261,15.423,24.982,40.888,50.061,58.676,58.489,35.704,38.129
1375,1375,5.252,24.4,29.132,38.9,50.458,41.111,46.043,42.596,38.253,1375,1375,12.46,24.928,29.758,40.397,52.202,43.497,43.585,42.37,35.954,1375,1375,4.6704,12.324,28.703,43.603,50.462,62.502,64.565,37.026,36.597
1376,1376,7.7846,22.109,29.596,35.639,51.141,41.997,44.767,42.762,41.735,1376,1376,8.1293,19.739,32.627,37.273,53.693,42.547,41.633,40.971,36.312,1376,1376,7.9667,17.577,30.894,40.145,49.384,59.219,59.209,35.969,37.53
1377,1377,9.9659,28.75,31.216,39.301,50.435,42.086,45.409,42.032,39.611,1377,1377,10.992,23.759,33.049,40.022,51.265,41.87,41.086,41.146,36.147,1377,1377,4.2151,22.17,28.875,42.434,49.641,58.533,58.645,34.798,36.889
1378,1378,6.772,28.308,29.04,38.206,49.839,41.89,44.839,42.549,42.184,1378,1378,8.609,23.754,30.008,39.621,52.536,42.495,41.065,40.194,36.687,1378,1378,0.17535,21.783,31.138,37.984,48.761,59.15,60.223,35.743,37.641
1379,1379,9.284,20.353,29.741,38.437,47.002,39.315,46.886,42.597,39.502,1379,1379,11.676,19.863,32.086,37.681,47.632,41.302,42.833,42.406,36.032,1379,1379,1.1514,20.848,30.315,38.066,48.298,59.758,60.509,35.449,37.65
1380,1380,7.8254,22.969,30.683,37.301,50.923,41.643,48.559,43.925,41.998,1380,1380,1.452,19.357,31.838,35.188,49.519,39.812,44.192,41.716,36.798,1380,1380,2.9594,19.119,32.948,38.254,47.781,59.316,60.614,35.726,36.828
1381,1381,6.7584,21.792,28.484,41.444,49.933,40.702,46.908,41.376,39.591,1381,1381,14.686,19.809,27.913,42.049,53.338,41.845,42.222,43.175,35.966,1381,1381,3.0807,17.769,30.735,39.37,51.171,59.411,61.562,35.581,37.264
1382,1382,11.149,22.317,30.008,40.863,51.193,40.74,48.572,43.13,42.115,1382,1382,13.715,24.465,34.527,39.223,53.617,41.037,41.779,42.045,37.065,1382,1382,-6.147,16.443,30.968,40.839,49.246,59.065,58.682,35.771,37.667
1383,1383,4.4156,18.953,30.508,43.147,50.322,38.228,48.296,42.962,38.208,1383,1383,10.231,24.325,30.272,38.172,56.61,44.204,44.512,43.064,36.059,1383,1383,-2.0304,17.609,31.194,43.902,50.334,57.038,57.983,35.734,37.019
1384,1384,8.1321,23.804,29.64,43.603,50.338,41.699,47.643,44.398,41.792,1384,1384,7.8476,16.155,32.038,43.369,54.07,41.467,41.677,43.114,36.277,1384,1384,5.2021,20.609,28.27,39.202,51.216,60.091,60.081,36.077,37.455
1385,1385,7.4416,16.635,31.092,40.866,53.431,43.701,49.782,45.088,37.975,1385,1385,7.8605,17.105,33.464,41.631,50.933,40.827,44.962,45.106,36.029,1385,1385,5.3485,17.329,32.586,40.055,53.644,62.539,63.102,37.453,37.497
1386,1386,6.8787,14.473,32.028,46.2,50.456,41.18,48.904,44.546,41.535,1386,1386,0.3244,22.282,31.388,41.02,47.838,39.041,44.028,45.936,36.255,1386,1386,0.13505,22.376,36.29,40.8,51.315,61.472,63.125,37.664,37.724
1387,1387,6.8139,15.879,28.961,40.802,46.704,40.453,50.165,45.399,38.37,1387,1387,10.346,26.422,34.537,40.336,54.714,44.078,46.957,44.534,36.33,1387,1387,-0.78838,20.746,31.533,41.283,49.709,63.687,65.471,38.611,37.422
1388,1388,11.493,20.083,29.688,40.879,51.995,40.096,46.83,44.3,41.477,1388,1388,13.573,21.832,32.122,44.488,52.134,43.061,44.636,43.271,36.66,1388,1388,0.536,20.153,31.578,41.199,51.216,61.682,62.65,36.264,37.48
1389,1389,9.1554,24.082,29.577,41.92,53.545,41.229,48.659,45.645,38.24,1389,1389,6.8752,20.988,32.767,41.397,48.867,42.054,46.066,44.693,35.975,1389,1389,5.7378,18.528,27.879,43.854,52.462,58.427,59.355,36.959,36.608
1390,1390,8.6274,23.531,32.256,42.906,49.165,38.753,48.681,47.827,42.058,1390,1390,12.916,19.15,25.934,38.143,55.56,44.807,45.617,44.931,36.582,1390,1390,0.22386,14.801,31.809,43.271,52.604,60.815,62.773,38.315,37.575
1391,1391,10.757,17.609,31.878,43.165,49.923,39.586,47.289,43.54,38.088,1391,1391,2.4667,20.12,30.101,45.303,54.415,44.599,44.733,43.904,35.77,1391,1391,0.95442,18.957,35.864,42.624,50.782,59.908,62.776,36.321,36.729
1392,1392,10.145,26.643,30.139,36.835,53.083,42.28,46.259,43.364,41.865,1392,1392,10.076,18.801,30.63,39.511,54.739,41.499,42.486,43.781,36.652,1392,1392,-2.8444,18.4,31.467,42.637,51.54,59.073,60.725,36.236,37.071
1393,1393,11.387,13.977,35.374,40.466,50.983,39.481,46.4,44.138,37.8,1393,1393,12.274,21.65,28.278,42.197,54.65,41.824,42.021,43.162,36.219,1393,1393,-3.1635,19.966,31.088,39.481,52.877,56.774,56.369,36.046,36.575
1394,1394,6.7598,16.807,33.647,39.065,52.981,39.658,45.2,43.504,41.65,1394,1394,5.0572,21.549,33.386,38.938,54.065,40.848,40.784,43.431,36.497,1394,1394,2.1867,13,28.265,40.389,51.938,56.966,56.933,36.239,37.167
1395,1395,9.0221,23.072,31.466,41.569,52.014,39.126,44.394,41.676,38.152,1395,1395,16.11,24.601,28.99,40.291,57.7,43.379,41.796,42.776,36.295,1395,1395,6.5244,11.532,26.323,38.819,56.308,56.981,57.082,34.46,36.402
1396,1396,14.926,25.553,36.215,43.731,51.079,39.02,44.72,42.98,40.562,1396,1396,12.933,22.188,34.515,45.541,58.239,44.533,41.353,44.9,35.954,1396,1396,4.1887,17.88,30.896,41.411,55.834,57.811,59.088,35.242,37.284
1397,1397,10.668,21.143,26.769,45.031,50.733,40.102,46.8,43.879,40.041,1397,1397,12.092,20.991,37.928,44.481,58.6,43.023,42.445,45.572,36.369,1397,1397,4.7776,16.718,33.905,42.48,52.447,59.835,62.395,36.957,36.957
1398,1398,13.762,23.527,29.671,39.013,53.012,40.062,46.226,44.241,38.764,1398,1398,7.1484,23.06,30.527,37.995,54.266,40.976,42.053,46.737,36.378,1398,1398,0.27327,25.273,34.951,41.444,53.578,58.624,61.475,36.109,36.693
1399,1399,7.8497,15.619,32.352,41.679,50.146,39.275,44.356,41.995,41.076,1399,1399,3.8932,23.646,33.727,40.39,55.116,41.052,40.43,42.446,36.423,1399,1399,-2.5464,24.155,33.211,39.926,49.297,58.309,60.411,36.151,37.285
1400,1400,-1.0466,12.923,34.024,46.269,50.131,40.502,45.143,42.913,38.477,1400,1400,8.358,19.835,32.205,45.548,55.66,43.94,41.41,41.809,35.778,1400,1400,2.0098,20.708,33.597,42.795,49.353,57.904,59.21,35.359,36.923
1401,1401,7.9417,13.042,33.029,49.926,53.277,40.742,44.013,42.655,41.813,1401,1401,7.3698,22.091,30.171,42.205,57.67,42.645,41.869,42.801,36.799,1401,1401,6.7081,18.288,30.445,42.788,52.908,58.957,60.143,35.843,37.846
1402,1402,3.3821,11.069,32.609,48.584,51.901,41.65,45.674,43.179,38.039,1402,1402,10.477,16.614,32.823,41.609,50.682,41.92,43.435,41.508,36.227,1402,1402,6.5922,19.288,33.889,43.545,48.108,56.392,56.839,35.751,36.955
1403,1403,10.028,23.807,33.307,40.287,51.145,41.913,47.371,43.279,41.94,1403,1403,4.3835,20.475,30.471,41.003,51.289,42.715,44.676,43.738,36.508,1403,1403,5.3521,19.472,32.043,41.188,52.231,60.864,61.015,36.788,37.764
1404,1404,12.682,18.913,33.402,40.62,56.976,45.798,47.568,43.224,39.923,1404,1404,6.2983,24.083,26.031,38.45,52.962,42.718,44.128,43.269,36.12,1404,1404,-1.603,13.207,33.013,42.217,57.123,62.005,63.439,36.537,37.649
1405,1405,10.711,23.339,27.91,39.405,52.312,41.582,45.624,42.919,42.32,1405,1405,19.649,22.328,24.523,40.775,54.17,43.849,41.796,42.861,36.662,1405,1405,4.7349,11.307,28.384,38.53,50.644,57.413,59.333,35.412,37.775
1406,1406,11.98,24.39,32.653,40.215,53.273,42.703,49.143,43.625,39.073,1406,1406,18.124,16.085,25.504,37.886,50.6,40.89,42.322,43.385,36.534,1406,1406,3.3034,16.499,24.702,40.257,50.604,56.268,57.103,35.411,36.871
1407,1407,7.9103,18.945,26.903,40.501,54.91,42.362,49.552,43.095,41.834,1407,1407,7.4111,26.575,27.706,40.245,57.74,44.608,45.104,44.022,36.835,1407,1407,-0.74718,13.596,28.837,39.975,53.47,59.166,60.656,36.005,37.698
1408,1408,5.9156,16.806,29.593,39.956,55.929,45.649,50.776,43.62,38.124,1408,1408,13.303,23.501,34.035,42.518,57.754,47.333,44.264,43.25,35.894,1408,1408,-1.565,12.842,21.089,40.586,55.231,61.655,63.197,36.31,37.073
1409,1409,10.583,28.64,31.143,43.798,60.003,49.375,48.713,43.108,41.942,1409,1409,15.463,26.468,29.718,42.356,60.127,50.336,44.23,43.897,35.928,1409,1409,6.8337,18.233,31.211,46.859,56.272,64.1,62.025,36.553,37.038
1410,1410,13.048,21.875,27.492,43.096,61.097,50.569,49.767,43.999,39.797,1410,1410,15.853,18.767,27.442,40.257,62.417,51.257,43.839,45.139,36.354,1410,1410,-1.5852,20.726,28.366,46.414,59.811,62.765,63.379,37.272,37.271
1411,1411,12.604,21.119,30.108,43.498,56.535,45.319,48.549,43.704,42.266,1411,1411,12.681,22.779,32.863,41.377,58.407,46.323,42.795,43.004,37.343,1411,1411,-4.1864,13.615,32.324,39.095,48.533,58.016,58.49,36.527,37.12
1412,1412,9.9465,20.662,27.943,34.85,49.869,40.834,51.509,44.304,40.16,1412,1412,20.39,20.823,29.006,38.749,47.043,38.654,45.423,44.043,36.201,1412,1412,-3.2324,18.637,31.747,38.765,46.211,57.037,56.796,36.751,36.407
1413,1413,8.6484,23.545,26.478,38.173,45.4,36.693,49.381,43.109,42.165,1413,1413,17.623,20.989,30.641,33.613,49.569,39.362,45.849,44.341,36.686,1413,1413,-3.7685,17.424,26.086,36.699,47.097,53.874,53.615,35.548,37.264
1414,1414,6.1495,23.431,29.015,36.25,50.544,39.816,49.031,42.98,37.558,1414,1414,8.6737,22.521,30.541,35.066,50.209,39.483,42.392,45.171,36.018,1414,1414,-1.8725,15.784,28.485,35.478,48.019,55.444,56.974,35.261,37.127
1415,1415,5.0718,18.621,31.77,39.061,52.167,42.173,50.272,43.718,42.187,1415,1415,4.8979,22.87,31.396,41.172,55.786,42.946,45.645,45.501,37.021,1415,1415,-1.1591,17.518,28.97,40.45,50.481,54.4,54.287,35.036,36.293
1416,1416,7.8559,19.063,31.418,40.061,52.26,41.752,49.596,44.046,39.579,1416,1416,1.3531,19.855,32.648,38.952,56.342,42.802,42.573,45.156,36.21,1416,1416,-0.38712,16.703,30.312,38.804,53.418,56.098,58.107,36.053,37.368
1417,1417,6.8165,16.817,33.043,45.345,48.468,40.522,47.579,43.426,42.105,1417,1417,7.1302,21.434,28.049,39.415,47.686,39.348,43.78,45.262,36.5,1417,1417,-5.0271,19.886,33.703,42.985,47.498,60.151,62.302,35.946,37.124
1418,1418,10.338,19.803,29.174,36.909,48.317,39.716,46.946,44.759,38.052,1418,1418,18.082,21.765,28.84,36.833,51.724,41.283,44.267,47.406,35.864,1418,1418,-2.7932,19.249,27.175,39.593,48.314,59.333,59.598,35.792,36.78
1419,1419,2.1454,20.148,27.152,42.655,48.927,39.583,48.743,43.941,41.57,1419,1419,10.269,22.427,27.543,36.939,52.025,40.729,43.585,44.11,36.155,1419,1419,-2.5866,13.626,27.823,37.095,47.542,57.25,58.17,35.121,36.689
1420,1420,6.793,18.927,27.746,42.679,49.126,39.729,47.884,44.188,38.65,1420,1420,4.9918,16.169,27.786,38.251,49.153,39.859,42.541,42.897,36.075,1420,1420,-9.892,16.536,31.562,36.354,45.389,59.041,57.54,35.014,36.931
1421,1421,7.7964,19.772,30.537,40.336,48.307,38.339,47.731,43.361,42.018,1421,1421,12.515,14.812,29.878,41.632,50.12,40.133,41.986,42.133,36.68,1421,1421,1.0327,16.717,33.88,36.997,46.504,58.073,58.148,34.992,37.156
1422,1422,9.5754,22.807,31.21,41.311,42.326,36.828,47.364,43.57,38.309,1422,1422,14.739,24.056,32.724,38.139,48.077,38.15,42.733,41.616,35.977,1422,1422,3.9628,17.754,33.012,39.269,46.395,56.876,57.47,35.323,37.519
1423,1423,8.578,13.001,31.333,39.854,46.646,39.461,45.812,42.085,42.202,1423,1423,13.399,19.692,33.999,36.97,50.634,40.382,42.292,41.551,36.593,1423,1423,-2.2516,16.519,31.383,39.908,47.443,59.505,61.046,35.285,37.408
1424,1424,12.573,12.533,31.616,40.13,42.429,35.676,45.827,41.993,40.358,1424,1424,14.474,19.421,31.029,38.195,46.057,36.036,41.901,41.62,35.594,1424,1424,0.86839,18.798,36.361,40.783,45.126,55.98,58.531,34.63,37.175
1425,1425,10.156,18.982,27.653,38.159,45.739,37.762,46.528,43.188,42.221,1425,1425,8.5578,20.895,30.311,43.068,45.853,38.951,41.612,41.262,36.43,1425,1425,-3.231,15.17,32.007,38.271,43.067,55.819,57.047,34.691,37.363
1426,1426,12.432,22.279,27.157,38.24,45.016,38.394,49.777,45.666,38.155,1426,1426,13.289,21.892,27.389,43.155,44.433,38.07,44.512,42.89,35.598,1426,1426,2.1957,20.123,34.37,40.051,45.626,58.742,62.861,36.891,37.27
1427,1427,8.9179,25.996,30.604,38.525,45.097,39.317,50.892,44.7,41.742,1427,1427,9.7838,20.634,28.979,39.652,49.462,40.273,43.965,43.216,36.327,1427,1427,-0.36626,20.98,30.601,34.714,42.757,60.751,62.598,36.359,37.081
1428,1428,3.5779,25.891,34.938,36.411,45.365,41.224,58.879,46.925,38.329,1428,1428,8.0152,23.335,28.997,36.349,47.161,39.154,50.932,44.736,35.919,1428,1428,-0.37418,19.114,29.948,35.923,48.138,63.093,65.922,38.581,36.626
1429,1429,4.5304,22.504,33.084,40.889,44.777,42.556,61.277,49.919,42.107,1429,1429,7.8731,13.248,30.542,40.644,47.934,43.314,55.625,51.315,36.902,1429,1429,0.38538,16.844,34.097,38.45,47.436,65.42,67.102,40.792,37.643
1430,1430,2.547,23.432,30.518,42.956,50.189,46.373,61.739,51.228,38.184,1430,1430,0.14204,20.374,36.302,43.815,56.004,46.778,55.897,51.6,36.23,1430,1430,3.9143,14.241,32.753,41.084,49.771,69.055,71.14,42.517,36.671
1431,1431,3.7519,24.269,30.637,40.706,54.745,50.97,64.104,52.689,42.307,1431,1431,9.3222,17.877,30.065,42.851,56.893,50.835,57.458,52.25,37.084,1431,1431,-5.0205,17.825,28.796,38.255,51.361,73.144,75.246,45.056,37.849
1432,1432,1.566,21.98,28.117,42.685,55.245,51.435,64.302,53.695,39.848,1432,1432,11.092,21.411,32.715,43.321,61.418,52.894,57.101,52.073,37.011,1432,1432,-1.6684,22.306,33.731,39.095,53.688,74.895,74.707,45.575,37.778
1433,1433,5.9056,13.577,34.076,43.462,59.193,51.578,62.468,54.426,42.258,1433,1433,3.4463,25.399,29.863,42.401,58.154,50.833,54.78,50.538,36.734,1433,1433,-0.15238,20.141,31.832,40.805,53.549,72.085,73.026,44.276,37.885
1434,1434,5.6387,19.03,30.361,42.86,56.878,50.851,60.265,55.618,39.38,1434,1434,4.0548,20.011,29.697,42.282,51.839,48.764,55.336,54.713,36.485,1434,1434,5.6302,21.675,34.355,36.043,50.286,72.233,72.397,45.815,37.78
1435,1435,5.3255,16.546,26.019,36.95,48.619,44.909,59.954,58.202,42.325,1435,1435,0.37165,22.72,29.437,41.527,51.536,44.46,54.312,56.326,37.453,1435,1435,3.4068,19.554,32.342,40.602,49.943,66.618,66.76,46.456,37.611
1436,1436,7.2252,16.737,31.765,40.427,50.207,43.097,54.58,53.057,39.052,1436,1436,10.672,21.845,30.769,43.297,49.283,41.536,49.27,51.939,36.533,1436,1436,8.4391,16.313,35.949,37.289,46.461,64.484,69.029,42.931,36.98
1437,1437,5.6488,18.768,31.923,39.483,50.293,46.963,59.492,53.624,41.719,1437,1437,11.21,22.709,28.334,38.562,51.495,43.672,53.956,53.478,37.855,1437,1437,6.55,15.664,30.469,40.563,52.728,72.326,74.883,45.224,38.045
1438,1438,4.3759,18.161,28.743,37.544,51.388,54.281,63.026,54.498,39.196,1438,1438,9.6696,18.595,30.323,39.028,58.179,51.065,58.609,55.96,38.278,1438,1438,3.185,19.583,31.62,38.938,52.257,80.304,83.182,51.126,39.523
1439,1439,8.7639,22.201,30.714,42.767,52.451,55.344,64.058,57.228,42.546,1439,1439,7.9526,13.783,30.475,43.051,59.275,51.781,62.252,58.355,39.625,1439,1439,0.41719,16.905,34.516,37.882,53.33,81.721,84.506,52.574,40.272
1440,1440,14.897,24.514,30.846,43.949,52.903,55.922,66.173,59.344,41.807,1440,1440,14.944,15.116,28.418,44.536,56.899,51.968,65.03,60.396,40.187,1440,1440,-6.8603,11.956,29.856,42.332,53.31,81.813,85.075,53.445,40.415
1441,1441,10.003,21.097,34.46,46.288,56.422,55.017,66.871,58.847,41.031,1441,1441,14.636,23.669,33.798,44.895,61.126,53.493,66.879,61.1,40.636,1441,1441,0.21072,19.835,30.769,42.027,57.755,80.019,82.997,52.075,39.433
1442,1442,5.1214,22.499,28.327,40.531,54.092,55.995,69.578,60.625,42.991,1442,1442,6.4311,25.567,33.021,39.623,59.687,52.75,67.092,61.011,40.429,1442,1442,-2.356,18.957,29.521,43.628,57.377,80.548,83.046,52.798,40.55
1443,1443,10.637,23.643,30.362,40.386,58.199,56.455,70.48,60.711,41.315,1443,1443,16.858,18.72,30.307,42.577,61.432,55.069,70.278,61.777,40.737,1443,1443,0.66646,16.043,36.581,41.508,57.503,81.914,84.82,54.056,40.503
1444,1444,7.3105,23.768,33.907,44.775,59.56,57.149,70.278,61.598,43.612,1444,1444,15.811,19.038,30.598,39.137,61.046,54.406,69.354,62.544,41.131,1444,1444,1.2641,18.778,28.215,42.181,56.394,82.349,84.811,54.501,41.412
1445,1445,6.3926,23.456,31.962,46.954,57.113,59.109,69.898,59.207,41.513,1445,1445,6.1367,20.619,33.743,40.521,60.239,55.136,68.71,61.284,40.278,1445,1445,-0.67164,16.28,32.021,42.461,54.917,81.304,83.87,53.039,41.621
1446,1446,9.0809,23.132,32.568,46.046,60.486,57.855,65.305,54.787,42.596,1446,1446,15.99,19.328,36.88,44.64,65.305,57.116,65.859,56.509,38.84,1446,1446,1.1529,17.779,31.378,49.936,60.309,80.184,84.125,52,40.794
1447,1447,10.635,18.673,29.725,45.801,56.764,61.441,65.945,52.758,41.717,1447,1447,13.294,20.316,32.791,44.968,64.801,58.302,62.83,54.576,38.326,1447,1447,0.056583,20.166,31.783,48.381,57.012,83.799,85.79,53.466,42.049
1448,1448,6.4273,25.349,31.997,54.454,61.769,59.201,65.306,56.433,44.163,1448,1448,8.7197,26.375,33.785,48.102,63.399,58.769,61.626,56.484,38.771,1448,1448,1.9531,18.416,28.359,44.281,59.269,82.588,84.699,52.421,41.648
1449,1449,14.68,25.093,34.803,57.748,64.445,61.645,65.936,56.402,42.508,1449,1449,16.139,27.691,32.341,52.081,63.949,61.278,63.107,56.615,38.753,1449,1449,0.82832,19.174,31.708,51.151,63.442,83.273,83.623,51.906,41.811
1450,1450,10.519,25.198,33.275,57.667,67.66,62.139,67.239,58.119,44.832,1450,1450,14.716,20.479,29.796,52.81,70.596,64.629,63.841,57.67,40.656,1450,1450,0.30235,19.868,36.24,53.965,66.577,84.313,83.846,52.51,42.829
1451,1451,6.1166,25.928,37.258,59.349,62.443,63.868,67.505,57.116,42.552,1451,1451,7.3613,19.62,35.282,51.27,65.919,64.087,63.803,57.555,39.479,1451,1451,6.9149,20.547,32.109,52.051,66.667,83.63,84.315,52.631,42.728
1452,1452,11.243,23.337,34.903,57.484,65.721,62.734,65.685,54.257,44.785,1452,1452,16.463,20.836,35.378,52.367,68.24,63.843,64.588,55.335,40.71,1452,1452,4.0515,23.529,35.539,53.031,66.266,84.081,83.704,51.914,42.926
1453,1453,8.0291,16.379,34.946,59.457,65.116,64.849,68.331,56.346,43.709,1453,1453,15.907,22.546,37.185,54.144,66.435,64.506,67.496,59.531,41.611,1453,1453,5.2963,18.502,35.528,51.141,66.705,82.991,84.204,52.645,43.446
1454,1454,10.53,23.686,34.719,59.338,62.525,60.955,69.596,57.22,45.218,1454,1454,12.778,23.854,33.832,54.22,61.324,61.807,67.41,58.588,41.582,1454,1454,1.6705,8.449,29.956,51.018,62.531,82.052,83.847,52.761,43.061
1455,1455,14.534,22.608,34.479,53.588,61.307,60.542,70.102,58.674,44.023,1455,1455,18.755,27.212,36.823,52.939,59.918,63.752,67.415,59.001,40.718,1455,1455,5.3086,18.681,32.128,48.593,64.227,80.358,81.538,51.633,42.231
1456,1456,11.53,21.768,29.737,50.592,58.154,58.042,71.137,62.77,45.618,1456,1456,11.9,28.67,34.825,50.805,63.911,57.646,67.797,62.047,41.697,1456,1456,-1.0406,19.921,32.6,46.005,59.554,79.169,81.648,52.901,43.479
1457,1457,7.3037,24.608,36.272,44.506,60.352,59.205,70.401,65.072,43.942,1457,1457,5.6033,28.802,34.184,46.618,54.482,56.167,66.599,63.951,41.429,1457,1457,0.43745,18.059,31.071,45.726,59.731,81.496,85.39,55.383,42.257
1458,1458,8.5329,25.358,36.81,46.948,62.98,57.781,69.17,63.047,45.308,1458,1458,15.877,23.642,40.214,56.016,59.58,55.863,65.879,62.19,41.152,1458,1458,-6.4677,22.96,33.594,41.936,58.834,78.959,82.838,53.183,41.552
1459,1459,9.2835,25.985,35.06,49.724,59.942,54.894,70.122,64.356,43.535,1459,1459,16.993,27.338,36.696,52.863,60.296,51.719,65.497,63.265,41.062,1459,1459,-5.5234,22.082,34.3,48.843,61.375,76.85,80.519,52.884,41.299
1460,1460,17.023,24.649,36.893,51.504,59.386,53.958,70.028,65.835,46.193,1460,1460,18.107,19.753,33.158,51.364,56.636,51.703,68.89,65.942,43.119,1460,1460,-4.4561,18.806,29.269,45.403,60.975,77.392,80.618,55.201,42.534
1461,1461,16.421,23.397,33.854,46.751,56.834,55.011,73.357,68.212,46.254,1461,1461,18.037,19.161,32.864,42.765,55.305,51.229,68.802,66.024,43.024,1461,1461,-0.51815,18.452,33.568,45.479,59.291,80.071,82.028,56.44,42.565
1462,1462,13.01,28.841,39.885,49.052,52.989,54.325,71.823,66.177,46.267,1462,1462,12.991,22.428,32.778,49.647,54.065,50.007,68.373,65.691,43.04,1462,1462,-0.42655,19.682,38.182,46.05,55.703,80.196,81.525,55.482,42.075
1463,1463,11.861,26.577,33.433,47.454,52.991,53.339,69.696,64.361,43.709,1463,1463,14.054,22.611,35.303,47.154,51.406,48.767,66.889,62.635,41.255,1463,1463,0.88361,20.155,34.623,44.255,55.772,79.372,81.003,53.09,41.392
1464,1464,16.303,27.182,36.526,48.538,51.389,48.156,68.004,61.241,43.974,1464,1464,15.879,22.947,34.406,51.075,52.16,44.411,62.198,60.163,40.284,1464,1464,3.1523,18.604,27.126,41.166,54.638,70.107,73.841,49.187,40.348
1465,1465,12.143,32.8,44.999,59.209,58.419,49.232,61.955,58.393,42.074,1465,1465,21.922,36.578,50.126,62.829,59.397,48.91,59.451,57.338,40.213,1465,1465,2.5717,22.048,38.896,47.438,50.536,68.637,72.043,47.5,39.65
1466,1466,22.476,38.575,45.037,55.888,58.126,48.901,60.522,56.772,44.618,1466,1466,31.273,32.781,46.081,58.742,57.357,48.075,59.411,58.294,41.028,1466,1466,7.8658,24.12,36.422,47.998,55.043,69.111,70.859,45.667,40.958
1467,1467,24.978,33.391,39.818,54.1,58.391,48.567,59.21,55.581,42.383,1467,1467,25.831,35.417,42.197,51.202,60.531,47.688,57.04,56.34,38.989,1467,1467,8.4462,23.728,31.994,46.405,56.751,71.32,73.464,45.264,39.645
1468,1468,20.983,21.913,33.758,45.39,53.607,46.505,57.903,56.181,42.712,1468,1468,20.811,32.172,33.928,51.342,57.997,46.629,55.173,56.99,38.865,1468,1468,6.22,17.756,33.9,47.104,53.649,70.117,71.845,45.02,39.202
1469,1469,17.984,18.39,31.504,46.179,53.59,44.956,55.921,52.599,40.047,1469,1469,17.387,27.673,32.294,44.247,56.792,44.905,51.992,52.786,37.91,1469,1469,1.1129,19.089,34.014,37.396,53.816,68.479,68.423,43.113,38.964
1470,1470,13.876,20.339,29.366,43.87,47.204,45.159,54.372,50.064,42.776,1470,1470,7.6563,18.737,32.801,43.052,53.786,48.096,51.177,49.797,36.921,1470,1470,-2.8347,20.784,34.882,44.018,51.716,68.747,70.512,42.321,39.008
1471,1471,15.001,23.391,33.527,43.472,55.545,49.669,55.355,48.6,40.052,1471,1471,14.094,24.924,31.614,44.222,58.637,53.401,52.49,48.017,37.305,1471,1471,0.30581,19.907,33.402,41.485,53.786,70.157,72.398,42.034,38.829
1472,1472,11.192,23.693,34.932,47.18,50.841,43.361,55.175,51.869,42.662,1472,1472,16.879,26.105,34.851,48.876,51.274,42.723,50.248,50.517,36.934,1472,1472,4.141,18.707,36.99,43.912,47.077,66.373,68.528,40.89,39.085
1473,1473,19.809,29.424,32.525,47.376,48.214,45.188,59.152,53.092,39.907,1473,1473,8.5792,27.867,32.728,41.54,49.1,41.657,53.75,54.346,37.278,1473,1473,4.6741,23.187,24.649,42.042,48.882,67.868,70.756,43.586,38.518
1474,1474,17.934,24.956,33.757,45.956,51.479,46.957,59.143,54.857,41.806,1474,1474,14.819,21.685,32.094,43.695,50.698,44.24,55.543,54.086,37.629,1474,1474,-2.4943,22.395,29.64,42.86,52.107,68.829,70.476,43.836,39.604
1475,1475,19.892,19.122,30.715,44.666,49.573,48.595,62.654,57.5,40.448,1475,1475,12.249,16.102,31.353,43.995,54.947,50.637,58.041,57.603,37.863,1475,1475,-0.39056,17.27,30.85,38.38,51.829,72.582,74.565,47.165,38.906
1476,1476,11.583,26.697,33.091,41.724,55.689,52.286,62.258,57.136,43.409,1476,1476,12.878,24.656,28.187,42.073,57.806,58.309,58.939,56.78,38.832,1476,1476,6.8279,23.124,30.971,43.63,60.002,73.318,71.901,45.392,39.509
1477,1477,18.545,27.577,34.337,52.748,66.856,60.821,64.413,58.141,42.132,1477,1477,15.881,28.304,35.286,52.621,67.233,61.847,63.301,57.895,39.563,1477,1477,8.1983,21.201,34.749,47.968,66.129,79.167,79.614,49.396,41.071
1478,1478,9.9451,29.44,37.507,54.517,69.239,63.326,65.868,57.629,44.401,1478,1478,16.229,21.654,32.007,55.187,70.716,64.492,66.504,58.702,39.703,1478,1478,2.868,22.169,38.152,49.233,69.938,79.834,80.511,50.014,41.988
1479,1479,7.0157,25.81,37.265,56.066,65.706,63.332,66.557,56.05,42.941,1479,1479,15.163,26.023,34.371,52.867,74.002,65.783,65.859,57.574,40.272,1479,1479,2.7143,19.428,34.159,50.801,69.438,84.963,85.771,53.62,43.322
1480,1480,13.331,25.481,35.261,54.023,69.788,63.466,66.514,56.779,45.059,1480,1480,17.657,21.731,34.577,51.048,70.878,63.807,64.685,57.395,40.001,1480,1480,-4.5716,9.1504,28.301,51.568,68.619,83.068,84.64,53.086,43.56
1481,1481,8.8125,16.16,32.697,48.384,67.761,63.415,67.531,57.215,43.599,1481,1481,16.172,23.15,33.764,52.785,73.023,66.638,66.523,57.453,41.068,1481,1481,-3.4238,19.57,32.841,50.059,69.739,86.612,86.887,54.967,44.359
1482,1482,12.349,21.944,36.195,53.7,70.209,65.279,68.707,57.592,44.932,1482,1482,8.6905,18.857,32.797,52.664,70.177,65.063,67.024,57.748,41.503,1482,1482,-0.19384,16.627,28.116,49.943,70.493,86.132,87.545,55.317,44.584
1483,1483,6.3672,20.366,35.54,54.055,70.345,65.442,69.037,64.922,44.186,1483,1483,12.094,18.307,31.951,47.879,70.412,65.649,65.062,57.803,39.743,1483,1483,3.3409,25.296,35.49,56.165,68.099,85.093,85.961,54.916,43.127
1484,1484,14.513,21.897,34.578,54.966,66.367,62.812,68.637,66.796,43.758,1484,1484,11.658,27.14,32.965,51.342,66.55,64.618,64.624,59.643,39.35,1484,1484,3.7125,21.159,34.192,54.966,67.608,83.048,83.804,54.412,42.192
1485,1485,11.093,23.489,34.357,51.833,67.111,61.96,66.501,65.107,43.981,1485,1485,7.0063,29.322,31.375,50.552,70.614,62.935,61.001,56.926,38.406,1485,1485,5.1812,29.924,37.926,51.985,67.755,81.447,80.783,52.029,40.574
1486,1486,8.0663,28.017,32.451,47.437,61.447,55.056,61.367,57.627,41.483,1486,1486,11.704,27.524,28.857,44.899,63.392,57.399,57.351,55.811,38.993,1486,1486,5.6414,27.14,33.1,46.716,62.683,75.955,74.926,46.044,39.365
1487,1487,16.022,19.392,34.511,47.98,55.001,52.278,62.166,58.536,43.408,1487,1487,13.679,22.646,32.524,44.428,58.893,54.98,57.234,57.476,39.738,1487,1487,0.9775,17.462,35.005,45.049,56.688,73.665,72.337,44.869,38.345
1488,1488,11.901,22.531,32.767,47.846,59.334,51.747,58.726,53.767,40.825,1488,1488,15.755,19.578,34.027,44.289,60.975,55.001,55.961,54.699,38.709,1488,1488,-0.20588,19.899,34.983,46.601,60.128,71.848,71.006,43.001,38.385
1489,1489,9.34,26.949,34.898,46.507,60.155,52.239,53.909,46.536,41.655,1489,1489,19.238,21.969,29.077,41.966,63.467,55.764,53.627,48.245,37.04,1489,1489,3.7115,23.835,30.51,43.564,56.903,71.569,71.378,41.304,37.992
1490,1490,5.534,26.343,35.353,43.027,55.15,47.068,51.583,44.075,39.715,1490,1490,11.625,24.071,30.938,38.388,57.813,49.346,50.759,46.046,36.32,1490,1490,-4.1659,19.48,31.078,42.664,52.235,67.921,68.42,39.53,37.131
1491,1491,9.1173,21.568,29.597,44.833,50.338,44.81,51.021,43.858,41.925,1491,1491,4.0726,20.704,35.459,41.372,48.892,46.505,50.308,43.922,37.04,1491,1491,-10.77,14.756,28.824,39.838,48.579,66.648,67.605,38.633,36.634
1492,1492,8.8777,21.376,32.372,47.249,46.727,43.55,52.997,44.578,39.097,1492,1492,11.359,21.075,29.621,41.168,50.629,45.288,47.927,44.052,36.068,1492,1492,1.6806,20.397,26.803,43.432,50.552,64.679,65.998,37.434,36.717
1493,1493,9.9003,20.638,34.454,45.026,47.864,38.757,48.624,43.827,41.544,1493,1493,9.9863,19.14,32.741,50.411,50.946,41.137,44.772,46.351,36.33,1493,1493,3.6226,16.238,31.476,41.821,51.526,56.253,57.259,34.928,37.033
1494,1494,12.878,21.693,29.813,44.177,47.653,41.313,50.702,44.954,38.168,1494,1494,5.7983,21.856,33.486,48.912,51.914,42.188,45.636,46.177,36.151,1494,1494,3.7496,18.47,31.5,40.322,47.321,60.208,60.628,35.953,37.141
1495,1495,4.2545,17.556,31.254,40.23,47.83,41.973,50.757,44.587,42.614,1495,1495,11.144,25.634,34.155,47.56,49.675,42.094,46.835,45.02,36.171,1495,1495,2.7285,17.267,35.274,41.531,51.259,61.714,62.445,36.283,37.084
1496,1496,8.5637,19.516,23.59,44.16,47.533,44.281,50.497,43.958,39.556,1496,1496,16.866,24.703,30.581,46.329,48.785,44.386,46.312,44.9,36.489,1496,1496,2.5827,16.278,31.961,41.385,48.123,63.602,65.563,36.641,37.228
1497,1497,10.508,24.13,29.387,42.763,49.221,42.637,49.521,43.312,41.861,1497,1497,13.825,26.21,32.179,41.149,51.955,44.239,44.61,43.106,35.927,1497,1497,5.8677,18.026,30.384,38.871,49.698,62.068,62.616,35.337,37.876
1498,1498,13.918,23.883,32.329,43.387,47.949,41.393,47.738,42.672,39.143,1498,1498,14.236,20.887,28.435,42.476,50.032,43.546,46.705,44.703,36.289,1498,1498,1.1878,21.237,26.933,40.526,46.29,59.883,58.389,36.486,36.765
1499,1499,8.4354,25.38,25.743,42.908,51.063,42.235,46.562,42.474,41.891,1499,1499,4.9224,23.746,34.453,41.917,52.242,42.154,47.664,43.054,36.264,1499,1499,-0.99617,19.135,29.302,40.253,46.551,57.752,57.601,34.894,37.481
1500,1500,11.303,13.51,27.992,40.982,50.942,41.742,48.572,42.598,38.471,1500,1500,5.2198,21.801,29.808,39.474,50.263,41.436,46.148,43.296,34.942,1500,1500,4.0706,23.732,33.409,38.386,44.898,58.943,59.057,35.776,36.806
1501,1501,11.119,24.113,31.423,37.746,50.265,40.628,47.07,42.891,42.069,1501,1501,1.6325,24.921,34.141,37.652,46.25,39.816,44.089,42.781,36.159,1501,1501,4.4907,21.413,28.689,39.132,46.344,57.715,58.484,35.359,37.809
1502,1502,11.113,17.526,24.386,35.994,47.142,38.532,47.972,42.487,38.407,1502,1502,10.639,20.666,29.475,35.954,46.644,37.489,41.477,41.77,36.354,1502,1502,0.8942,22.322,29.444,36.921,44.576,55.404,56.548,34.284,36.792
1503,1503,11.594,17.453,33.32,40.553,47.157,39.024,46.268,42.526,42.284,1503,1503,10.95,27.309,31.609,37.939,42.561,37.422,42.29,43.046,36.753,1503,1503,-2.339,18.022,26.318,37.334,48.587,61.32,62.173,35.318,37.58
1504,1504,6.7431,18.901,26.025,40.054,45.192,39.045,45.743,42.369,38.254,1504,1504,14.087,21.921,33.881,40.138,44.972,38.351,43.751,42.102,35.2,1504,1504,-2.1717,21.386,31.114,39.169,46.472,58.661,60.646,35.617,36.936
1505,1505,4.5047,21.109,24.962,40.127,48.524,43.863,49.996,44.705,41.441,1505,1505,10.885,25.014,30.578,37.264,48.16,40.982,46.981,42.466,36.541,1505,1505,1.3565,23.826,29.9,44.166,45.124,65.459,68.555,38.484,37.578
1506,1506,7.7704,6.4183,31.584,42.931,49.01,44.632,49.996,45.371,38.116,1506,1506,6.3919,25.528,33.046,36.997,47.259,40.582,48.707,44.033,35.931,1506,1506,7.1792,14.193,31.136,38.627,48.43,66.533,69.413,39.392,37.48
1507,1507,8.3479,17.593,25.406,42.532,50.136,43.706,51.486,45.625,41.803,1507,1507,14.967,21.576,35.735,33.056,42.882,38.3,48.544,44.27,35.984,1507,1507,2.8174,17.824,32.578,38.953,49.65,65.294,68.127,38.661,37.85
1508,1508,6.6518,25.232,30.884,43.337,44.835,42.765,51.087,44.065,38.586,1508,1508,10.059,19.517,30.013,37.401,50.097,42.056,47.295,42.225,35.77,1508,1508,1.4967,22.958,32.337,39.707,48.098,65.722,68.209,38.224,36.886
1509,1509,2.0764,18.113,27.394,39.875,47.656,40.423,47.579,44.316,41.893,1509,1509,4.9713,25.793,34.073,43.5,52.377,42.378,44.343,42.496,36.323,1509,1509,-2.4323,19,33.617,42.386,47.23,61.16,63.325,37.003,37.032
1510,1510,6.5896,12.292,26.833,38.108,47.713,39.446,45.992,43.875,39.684,1510,1510,13.177,26.154,33.21,42.403,48.201,39.5,42.48,42.333,35.733,1510,1510,0.77477,18.426,32.189,44.228,46.92,57.623,58.948,35.192,37.439
1511,1511,5.7315,22.93,31.964,38.804,44.282,35.703,47.379,42.777,41.798,1511,1511,18.739,23.472,30.225,38.484,46.809,40.491,43.904,42.27,35.963,1511,1511,5.2567,22.488,33.133,39.62,47.338,57.737,57.746,34.88,37.304
1512,1512,6.7677,21.708,33.408,38.812,47.683,38.967,47.366,43.327,38.502,1512,1512,19.176,20.541,31.884,40.548,49.35,42.049,44.593,43.931,36,1512,1512,-0.75592,22.47,32.962,37.412,47.06,59.171,59.14,35.584,36.965
1513,1513,11.342,24.147,31.695,39.669,45.613,37.275,48.836,43.978,41.632,1513,1513,17.547,25.495,34.805,42.792,48.418,41.941,45.298,43.623,36.312,1513,1513,4.9127,21.426,34.431,43.348,46.797,58.277,58.905,34.791,37.638
1514,1514,12.431,22.557,34.312,36.9,45.183,38.31,48.783,44.187,38.44,1514,1514,22.365,24.859,26.681,42.123,48.539,44.997,45.02,44.997,36.27,1514,1514,4.8594,18.708,36.426,39.605,46.177,60.613,63.459,36.088,37.446
1515,1515,11.566,19.735,31.191,43.392,46.601,38.374,49.99,45.035,41.529,1515,1515,18.879,20.53,35.47,43.423,45.735,40.283,44.793,44.788,36.312,1515,1515,-1.1675,15.669,34.035,36.429,46.684,57.856,60.789,35.927,37.569
1516,1516,11.323,17.716,34.744,38.121,45.501,37.813,46.555,45.614,38.542,1516,1516,16.792,23.969,31.072,42.868,44.751,35.978,43.035,43.845,36.109,1516,1516,-1.3958,21.81,29.773,37.084,45.644,57.363,57.607,35.035,36.763
1517,1517,7.8321,18.992,33.405,41.612,47.226,37.377,45.74,44.284,41.703,1517,1517,16.011,25.417,30.552,39.783,48.296,38.436,42.366,43.296,35.881,1517,1517,2.7936,12.416,28.52,41.013,47.005,58.128,58.412,35.727,37.756
1518,1518,12.482,13.507,27.948,41.747,49.384,37.381,45.202,43.549,38.275,1518,1518,21.828,21.768,33.316,41.231,54.982,42.828,40.324,42.844,35.734,1518,1518,4.3282,18.462,27.895,42.264,52.166,54.557,52.156,35.741,36.772
1519,1519,5.3754,15.705,27.296,39.748,53.447,41.334,45.971,43.052,42.692,1519,1519,13.73,28.448,28.553,41.385,53.496,41.195,40.295,43.701,36.683,1519,1519,-1.5944,18.325,25.862,41.397,49.211,56.664,54.892,35.118,37.369
1520,1520,8.7035,23.436,29.662,40.526,58.24,47.037,45.031,44.696,39.365,1520,1520,13.271,21.133,28.708,39.722,51.156,39.077,40.788,43.813,35.897,1520,1520,4.2548,16.368,28.754,41.289,54.826,56.282,56.634,36.321,37.585
1521,1521,10.94,25.817,30.601,36.741,51.985,40.797,46.116,44.745,41.929,1521,1521,16.518,19.206,29.7,42.501,51.831,41.783,41.048,43.274,36.528,1521,1521,3.4829,20.646,28.948,38.384,48.894,56.041,58.011,36.271,37.327
1522,1522,11.428,14.333,27.419,40.428,51.1,40.147,45.257,45.077,38.778,1522,1522,16.118,20.365,32.459,40.462,51.577,41.366,41.673,42.746,35.685,1522,1522,-0.099811,16.181,30.877,41.297,50.687,56.959,57.799,35.383,36.99
1523,1523,6.117,20.939,30.477,37.954,51.407,41.886,47.409,44.8,41.79,1523,1523,9.8629,21.686,29.133,40.376,52.673,42.369,42.431,43.598,36.452,1523,1523,-1.7237,25.133,26.806,41.064,51.774,59.431,61.489,36.319,38.223
1524,1524,5.1592,19.026,32.039,41.067,48.177,38.36,45.73,44.824,39.472,1524,1524,10.411,16.075,34.991,40.727,52.555,42.423,42.762,44.411,36.668,1524,1524,-0.43923,26.464,34.092,41.122,51.495,56.767,57.414,35.768,37.93
1525,1525,14.522,17.873,32.633,42.187,57.441,46.519,48.398,46.012,40.969,1525,1525,13.08,22.123,35.919,41.477,61.05,49.701,45.523,43.685,36.397,1525,1525,-0.47897,20.322,31.777,41.673,53.253,59.42,57.237,36.471,38.671
1526,1526,11.31,17.338,30.893,44.846,58.98,46.827,46.319,45.889,41.276,1526,1526,11.737,26.268,25.383,39.467,56.182,43.606,45.152,44.096,36.562,1526,1526,-6.4675,18.611,32.428,45.412,59.017,61.21,60.551,38.341,39.509
1527,1527,11.989,24.672,30.734,45.291,60.078,47.052,49.64,47.175,40.896,1527,1527,16.432,21.61,30.73,42.936,56.943,46.439,45.532,47.864,37.566,1527,1527,-1.2608,20.35,35.874,45.508,60.021,61.615,60.677,38.541,40.032
1528,1528,19.918,18.136,36.064,46.271,60.378,48.564,46.705,45.107,42.545,1528,1528,22.139,18.714,33.354,43.489,59.153,48.072,45.203,45.163,36.514,1528,1528,-14.184,15.582,31.781,48.248,62.214,60.758,61.351,37.06,39.451
1529,1529,9.5453,23.665,34.845,46.01,68.514,56.886,47.031,43.9,40.045,1529,1529,14.836,22.281,24.62,42.699,64.124,52.751,44.063,44.231,36.773,1529,1529,5.5422,20.961,30.354,43.285,65.222,62.62,63.894,37.39,38.84
1530,1530,11.74,22.684,34.514,47.378,69.702,57.098,47.456,43.619,42.806,1530,1530,15.966,24.904,26.317,47.437,70.293,55.637,46.423,44.301,36.664,1530,1530,5.9825,14.875,34.07,48.581,68.623,63.483,60.771,37.829,39.737
1531,1531,16.075,23.541,32.431,48.589,71.929,58.572,49.384,44.494,39.908,1531,1531,14.415,19.708,32.741,45.497,64.158,51.838,49.395,44.229,36.274,1531,1531,-5.3968,10.33,28.785,48.076,69.779,65.229,66.755,37.719,39.109
1532,1532,10.244,26.806,33.726,48.091,71.057,56.835,51.505,46.431,43.771,1532,1532,15.663,13.611,28.857,43.086,63.135,50.788,49.356,44.831,36.55,1532,1532,-3.057,24.715,32.441,49.249,65.772,66.452,70.006,40.378,41.16
1533,1533,6.3479,23.792,28.433,46.785,67.95,55.519,53.835,48.736,42.406,1533,1533,16.224,17.793,31.466,39.404,59.953,50.231,50.059,45.636,38.164,1533,1533,3.5205,21.502,32.758,45.351,62.45,67.087,69.136,40.754,41.11
1534,1534,10.974,29.616,37.385,46.21,68.269,56.682,54.05,48.516,43.242,1534,1534,11.381,22.803,32.583,44.371,69.426,57.581,51.237,46.626,36.631,1534,1534,0.16423,25.114,33.877,45.183,63.354,69.17,69.234,41.012,40.29
1535,1535,14.037,25.373,31.025,44.084,63.286,52.015,57.386,50.87,40.958,1535,1535,11.899,22.527,29.207,45.398,58.541,48.785,52.232,47.945,37.351,1535,1535,3.309,23.196,34.501,43.615,61.064,64.972,66.382,40.468,40.289
1536,1536,5.1552,28.221,32.288,43.426,57.793,48.994,61.54,53.361,42.636,1536,1536,14.995,20.899,30.859,40.713,58.239,49.558,58.403,50.995,37.367,1536,1536,2.8536,12.942,35.287,45.826,56.227,68.764,68.496,42.356,38.181
1537,1537,10.824,24.38,28.889,39.512,52.771,46.914,55.472,50.071,40.554,1537,1537,16.407,21.604,31.935,42.298,55.625,47.874,56.288,51.428,37.486,1537,1537,3.019,17.75,29.773,40.092,56.674,66.708,68.915,41.692,39.403
1538,1538,8.8035,23.946,31.009,42.53,54.684,45.597,55.99,49.951,43.104,1538,1538,10.209,16.495,33.03,42.029,53.918,48.789,52.725,49.377,38.044,1538,1538,6.421,22.159,26.251,39.134,55.168,68.192,67.726,40.322,39.719
1539,1539,10.158,26.317,34.121,37.951,54.718,48.8,59.366,53.323,40.064,1539,1539,8.4043,17.005,30.259,40.304,55.608,48.97,57.749,53.518,37.89,1539,1539,0.52975,19.179,31.685,40.224,55.638,74.357,73.375,44.325,38.436
1540,1540,8.9573,24.77,28.239,39.608,53.522,48.675,52.472,47.293,42.847,1540,1540,9.8222,19.096,34.29,42.298,57.454,46.443,50.969,48.648,37.178,1540,1540,-1.3269,16.901,26.327,38.605,56.79,68.98,67.468,38.686,38.175
1541,1541,12.223,25.754,30.683,46.231,53.801,43.082,49.068,44.471,39.767,1541,1541,14.724,20.965,29.893,44.562,59.458,47.439,48.005,46.157,36.571,1541,1541,-2.4506,18.102,25.874,38.917,53.347,65.802,66.783,37.941,37.661
1542,1542,13.403,23.92,31.382,48.067,54.888,44.304,47.691,46.103,42.757,1542,1542,15.135,25.091,31.182,43.419,53.551,42.064,44.562,44.227,36.856,1542,1542,-2.5431,20.402,31.683,40.687,49.948,65.263,64.18,37.231,37.817
1543,1543,16.535,28.318,34.8,49.808,57.395,45.729,44.838,43.516,38.469,1543,1543,15.871,25.88,32.065,50.737,59.694,46.665,42.431,44.112,37.114,1543,1543,1.6506,26.812,33.379,47.17,54.455,62.277,61.432,36.695,37.016
1544,1544,14.337,24.014,30.224,44.929,51.905,40.264,46.667,45.232,42.249,1544,1544,16.491,23.791,31.002,42.078,55.791,43.137,41.122,42.061,36.43,1544,1544,2.1459,22.276,29.243,42.983,52.794,55.041,53.763,34.456,37.288
1545,1545,10.531,25.856,31.38,41.264,51.968,40.872,50.119,44.964,38.312,1545,1545,17.249,21.991,31.62,45.46,59.139,45.855,43.271,44.041,35.69,1545,1545,5.0331,23.559,35.174,45.255,54.434,60.855,59.173,35.274,37.31
1546,1546,10.601,22.252,30.047,43.975,53.572,43.459,57.06,54.161,42.166,1546,1546,11.841,20.275,32.632,47.56,56.327,44.415,49.95,48.346,36.468,1546,1546,-3.9624,20.034,31.241,39.633,50.503,61.299,63.17,40.8,37.405
1547,1547,7.1597,21.313,30.585,48.309,54.925,44.477,52.884,47.51,39.461,1547,1547,12.169,22.626,31.237,43.457,55.099,43.341,48.405,46.336,36.157,1547,1547,-2.9722,9.0178,31.357,40.985,52.636,60.685,60.553,36.224,37.237
1548,1548,12.279,23.049,30.567,41.577,50.199,41.913,50.567,45.002,42.566,1548,1548,10.839,18.465,36.3,46.369,55.639,45.279,44.643,44.11,36.312,1548,1548,-9.8859,17.466,29.316,39.605,53.191,63.816,64.004,36.838,38.137
1549,1549,14.796,23.403,30.066,45.539,55.54,45.103,50.238,46.693,38.333,1549,1549,12.003,23.571,32.1,44.256,58.034,46.417,46.111,44.583,35.841,1549,1549,-1.6157,19.009,31.336,43.465,55.107,63.266,63.845,37.442,36.955
1550,1550,10.153,20.612,29.994,38.431,55.691,47.935,51.72,46.807,42.514,1550,1550,5.5763,23.76,31.081,40.66,59.154,48.339,51.095,46.082,36.817,1550,1550,5.488,25.246,34.039,42.714,52.458,63.879,64.898,38.391,37.647
1551,1551,7.7633,18.097,31.705,39.904,54.967,48.581,55.977,51.975,39.362,1551,1551,11.926,19.978,29.478,37.251,58.302,48.762,54.926,50.935,36.659,1551,1551,2.5372,18.882,30.036,40.272,53.429,71.142,74.666,44.162,38.24
1552,1552,8.1568,24.07,25.281,40.476,54.236,47.707,59.057,52.498,42.627,1552,1552,10.182,22.309,29.835,40.646,55.455,46.675,54.452,52.733,37.728,1552,1552,6.6895,15.148,31.476,41.611,53.301,68.997,70.613,43.709,39.176
1553,1553,11.315,19.87,28.397,42.954,56.645,48.381,61.697,54.279,41.295,1553,1553,11.465,19.357,33.869,42.176,57.845,51.13,57.791,53.182,37.15,1553,1553,-3.2863,16.808,31.467,43.538,56.723,70.44,71.948,45.136,39.548
1554,1554,2.6299,21.342,29.745,41.577,56.759,48.875,60.779,54.468,42.033,1554,1554,8.7468,16.027,31.157,40.388,57.047,48.197,56.292,51.366,36.778,1554,1554,-0.99968,22.876,31.369,44.429,55.112,69.91,70.919,44.419,38.894
1555,1555,3.9463,21.471,33.888,44.827,56.939,50.471,63.279,56.625,40.944,1555,1555,6.3951,22.369,31.619,43.2,60.065,50.698,58.972,54.285,37.297,1555,1555,1.5842,23.599,31.271,45.548,55.337,75.554,76.973,47.744,39.355
1556,1556,8.3673,18.485,27.358,44.653,58.779,51.429,60.312,54.376,42.292,1556,1556,10.547,25.778,34.8,43.299,55.59,50.118,54.375,52.147,36.437,1556,1556,0.76777,20.041,32.689,45.281,58.101,71.39,73.431,45.955,38.703
1557,1557,11.53,21.492,32.504,43.856,61.009,52.825,57.714,51.458,40.497,1557,1557,14.036,22.353,26.404,43.943,58.032,52.889,57.276,51.236,37.019,1557,1557,-1.929,22.6,36.03,49.049,61.922,75.625,78.665,46.862,39.202
1558,1558,10.271,25.432,27.646,44.16,61.617,52.28,56.056,50.386,42.164,1558,1558,6.6733,21.598,28.593,42.794,59.188,51.768,53.61,48.935,36.672,1558,1558,1.5708,21.631,33.152,49.073,60.51,72.282,76.101,44.219,38.606
1559,1559,11.796,20.641,27.788,41.464,60.062,51.693,55.105,50.871,39.431,1559,1559,12.92,18.873,30.43,39.853,52.147,51.026,52.482,48.477,36.124,1559,1559,1.7277,21.47,32.186,42.881,59.813,68.613,68.573,40.862,38.091
1560,1560,5.1573,18.311,29.305,41.439,64.619,55.325,52.71,47.691,42.602,1560,1560,9.3991,17.04,33.512,41.508,61.285,52.541,48.957,47.471,36.443,1560,1560,0.93008,18.888,31.648,44.838,60.848,66.811,67.403,39.735,38.771
1561,1561,9.4878,24.013,35.587,42.679,62.848,52.68,51.512,46.506,38.927,1561,1561,3.543,22.092,29.867,42.121,64.782,53.937,48.509,46.678,36.234,1561,1561,3.4787,20.1,29.172,47.246,59.712,66.708,66.451,38.918,37.764
1562,1562,9.1353,24.475,32.844,46.274,66.583,56.384,53.629,46.334,41.954,1562,1562,9.7713,23.036,29.979,43.75,68.461,58.126,50.854,47.614,36.439,1562,1562,-0.8711,18.187,30.97,50.571,64.623,67.568,67.943,39.488,38.255
1563,1563,18.133,19.76,26.808,46.609,67.026,56.234,61.231,49.778,39.058,1563,1563,17.375,20.264,38.571,44.027,68.444,57.245,55.675,48.23,36.491,1563,1563,1.196,23.235,33.67,49.014,62.303,66.441,66.115,40.592,37.022
1564,1564,20.009,22.962,32.636,43.902,60.411,49.77,62.002,50.371,42.031,1564,1564,22.065,20.721,29.511,41.028,59.89,49.419,56.423,52.098,36.639,1564,1564,-5.4235,23.117,35.028,46.114,57.615,68.344,69.486,42.658,37.515
1565,1565,8.7315,22.586,32.81,42.912,58.695,49.118,61.773,51.8,38.903,1565,1565,15.9,20.616,30.247,40.482,57.272,48.697,56.568,51.949,36.64,1565,1565,-7.5048,19.538,35.514,43.667,56.044,69.482,70.09,42.442,37.145
1566,1566,10.554,25.312,29.404,41.292,56.68,51.319,62.952,51.946,42.103,1566,1566,13.263,24.595,31.771,42.027,58.297,51.319,56.749,51.273,36.575,1566,1566,-6.7619,15.176,30.671,41.256,54.861,71.928,73.502,44.268,37.921
1567,1567,1.5875,22.999,34.026,37.099,56.677,49.553,63.721,53.837,38.943,1567,1567,15.173,21.425,28.951,39.864,62.062,51.908,57.927,51.521,36.647,1567,1567,0.053511,13.894,30.06,41.943,56.232,72.836,72.458,44.438,37.577
1568,1568,4.365,27.961,32.789,43.138,56.013,49.598,61.337,51.165,38.636,1568,1568,14.877,21.448,31.557,43.137,55.847,47.73,55.81,49.913,35.857,1568,1568,4.2158,16.176,33.745,49.133,55.334,70.994,70.672,42.888,36.66
1569,1569,5.1039,26.68,33.313,42.948,55.563,49.849,61.334,52.356,41.453,1569,1569,12.455,26.09,35.072,41.052,60.745,50.114,54.347,49.778,36.767,1569,1569,0.27136,14.326,29.49,44.444,55.396,69.763,71.116,43.179,37.794
1570,1570,16.012,24.666,35.988,43.939,49.269,46.269,60.288,52.86,38.745,1570,1570,19.287,16.004,28.712,39.712,56.564,47.556,53.255,50.12,36.004,1570,1570,1.803,21.785,28.642,39.652,48.686,67.474,69.557,43.174,37.779
1571,1571,11.596,24.441,30.511,39.223,51.827,46.465,55.141,50.341,41.878,1571,1571,14.63,23.367,30.448,38.153,51.363,44.66,50.827,50.155,36.413,1571,1571,-4.3023,24.514,35.058,44.053,53.803,71.249,73.766,43.555,37.507
1572,1572,14.222,21.181,29.005,44.24,54.153,47.377,58.68,52.252,38.674,1572,1572,18.308,22.671,33.542,41.402,53.391,46.084,55.019,50.883,36.66,1572,1572,-0.67578,18.501,32.724,41.054,50.815,70.45,72.35,43.178,37.461
1573,1573,9.1739,22.21,30.78,41.883,49.469,58.384,65.823,57.599,42.65,1573,1573,14.605,19.001,27.647,46.332,53.159,51.338,60.116,57.838,39.677,1573,1573,2.1249,16.834,20.666,42.2,52.456,82.41,87.288,54.871,40.852
1574,1574,4.6472,15.919,28.284,37.873,51.366,55.557,64.619,60.469,41.608,1574,1574,1.1417,21.322,33.607,41.452,54.207,51.489,62.013,60.706,40.652,1574,1574,2.0098,17.76,32.827,40.852,54.735,79.61,84.2,52.974,39.73
1575,1575,8.433,24.573,27.771,41.476,53.243,57.417,66.74,64.934,45.541,1575,1575,8.9523,25.097,33.604,39.07,56.082,53.017,63.983,64.598,43.689,1575,1575,1.2485,21.966,30.628,43.988,54.732,82.45,86.249,56.548,41.691
1576,1576,3.1321,19.222,30.903,41.135,54.497,57.405,66.81,63.072,44.087,1576,1576,9.6557,21.586,29.868,42.306,58.212,52.922,65.797,65.561,43.304,1576,1576,0.28574,17.419,29.522,47.356,55.91,83.012,85.948,55.616,42.205
1577,1577,7.5712,16.016,32.564,40.026,54.965,55.685,68.599,62.494,44.638,1577,1577,1.6768,19.793,29.359,40.758,57.106,53.013,68.105,65.021,42.98,1577,1577,3.6925,18.236,28.472,41.324,52.138,80.308,83.145,54.473,41.412
1578,1578,6.8311,17.215,28.761,42.177,52.517,60.266,71.695,62.914,42.66,1578,1578,3.8009,26.654,33.267,39.797,53.151,57.025,70.352,63.511,41.878,1578,1578,5.9527,19.703,27.947,42.762,55.092,84.847,88.395,57.251,42.907
1579,1579,3.9528,20.375,35.135,39.28,46.756,59.154,72.074,63.635,44.209,1579,1579,5.7081,21.347,33.028,39.247,52.977,55.575,70.709,63.867,41.803,1579,1579,4.8743,21.729,29.054,42.39,55.392,81.954,83.477,54.596,40.803
1580,1580,11.779,20.565,29.947,39.81,48.324,60.945,72.256,60.994,41.834,1580,1580,2.9296,18.737,33.121,42.227,52.505,56.178,70.67,62.233,40.589,1580,1580,-4.6745,14.421,29.809,38.197,54.068,82.506,86.925,55.923,41.836
1581,1581,7.4779,25.641,33.246,39.414,55.726,56.978,69.257,60.692,44.025,1581,1581,12.952,15.354,31.74,41.037,54.269,55.064,67.708,60.791,39.71,1581,1581,-2.9554,18.59,28.745,42.762,54.242,81.905,82.355,52.928,40.431
1582,1582,10.635,24.489,25.319,43.366,56.688,55.242,72.716,63.007,43.238,1582,1582,16.762,21.517,29.19,39.081,56.145,54.747,65.208,59.077,39.098,1582,1582,1.3985,15.585,31.909,41.272,55.181,79.5,82.373,53.543,40.796
1583,1583,5.1043,23.071,31.457,38.73,50.73,55.389,72.068,61.308,44.359,1583,1583,11.449,22.305,30.37,41.64,51.7,53.88,66.8,60.434,39.56,1583,1583,5.9536,10.811,35.171,46.368,56.711,79.784,84.059,54.227,41.619
1584,1584,3.8948,22.01,31.371,40.629,53.578,57.007,68.516,59.658,42.345,1584,1584,14.015,18.114,33.149,46.556,55.523,57.41,64.61,58.275,38.418,1584,1584,2.7351,25.124,32.693,39.719,52.985,82.542,85.659,54.118,41.748
1585,1585,8.1079,22.532,32.186,40.266,51.448,56.381,65.681,58.445,43.492,1585,1585,20.545,23.726,32.868,45.438,57.967,55.394,60.403,56.311,39.223,1585,1585,1.6619,19.723,27.475,40.707,53.491,79.405,81.613,50.663,40.162
1586,1586,4.7481,19.906,30.389,42.55,53.608,53.54,60.38,55.642,42.791,1586,1586,16.91,20.769,34.841,49.469,60.684,55.421,57.656,56.024,37.81,1586,1586,2.1835,23.272,32.321,41.866,55.098,72.891,70.658,45.358,40.643
1587,1587,1.0235,21.712,27.765,41.062,53.182,48.111,57.237,52.358,42.673,1587,1587,10.534,23.839,31.816,41.94,55.56,47.273,54.742,52.46,37.103,1587,1587,-8.3777,22.905,36.015,41.088,53.768,67.971,70.108,43.047,38.652
1588,1588,2.8364,17.481,30.058,37.992,53.853,46.099,57.014,51.064,39.86,1588,1588,12.391,27.384,27.062,44.37,56.171,46.638,52.673,50.738,36.289,1588,1588,0.65845,16.93,29.993,41.693,53.337,66.487,64.637,40.393,37.416
1589,1589,8.8093,18.53,31.953,40.027,50.017,48.882,56.471,48.577,42.738,1589,1589,12.961,20.462,29.349,40.748,53.036,50.382,55.972,47.698,37.047,1589,1589,-0.0046562,21.996,30.207,42.219,52.98,72.371,74.476,43.931,38.607
1590,1590,11.65,22.511,30.491,40.947,56.978,48.754,51.435,46.997,40.376,1590,1590,12.918,21.543,31.752,44.241,58.468,49.13,51.476,47.472,36.079,1590,1590,6.0503,22.144,28.506,41.467,53.181,65.408,67.754,39.45,37.835
1591,1591,9.7179,21.396,27.774,38.162,52.993,43.042,48.352,45.814,42.616,1591,1591,10.673,22.897,31.004,40.695,52.41,43.51,44.991,45.949,36.636,1591,1591,-4.233,19.077,27.12,41.233,51.512,58.03,58.384,35.171,38.047
1592,1592,6.8914,15.086,27.559,38.43,48.985,38.682,49.834,47.028,38.727,1592,1592,16.361,25.315,28.597,39.133,50.595,41.572,45.052,46.858,35.914,1592,1592,3.1569,23.668,28.588,38.784,47.053,57.734,60.665,37.026,37.132
1593,1593,15.766,23.871,25.659,33.751,42.446,36.923,51.255,46.416,42.549,1593,1593,19.588,24.967,32.283,38.008,45.24,38.292,45.958,46.901,36.142,1593,1593,5.8621,21.088,30.233,41.733,46.862,57.818,60.693,37.341,38.492
1594,1594,16.714,17.351,31.722,37.199,45.891,39.425,50.919,47.609,38.825,1594,1594,23.319,22.987,31.53,37.546,48.292,40.133,46.223,46.183,35.898,1594,1594,3.9336,22.91,30.425,38.049,46.864,61.057,64.023,38.049,37.089
1595,1595,11.862,21.776,28.052,36.405,47.311,42.523,61.189,50.618,42.515,1595,1595,16.991,25.723,27.332,40.146,50.094,41.972,53.644,50.222,37.006,1595,1595,6.1948,20.653,27.501,40.065,49.464,63.716,66.694,41.42,38.289
1596,1596,7.9307,22.636,33.669,39.101,44.99,43.927,64.013,52.85,39.649,1596,1596,12.252,15.979,31.964,37.189,47.328,44.251,56.887,52.294,37.416,1596,1596,11.567,26.864,29.335,37.228,47.962,65.434,66.304,42.45,37.874
1597,1597,8.2658,24.591,29.349,35.571,51.585,48.591,63.875,55.683,42.305,1597,1597,4.8476,20.637,28.852,37.766,51.921,46.707,56.047,52.608,37.557,1597,1597,35.367,37.143,27.446,37.527,50.471,71.366,73.783,45.308,37.991
1598,1598,7.6342,21.859,31.884,41.371,55.996,50.711,64.254,54.976,40.1,1598,1598,5.9017,22.872,24.14,39.134,55.235,49.221,57.719,53.67,37.153,1598,1598,39.067,31.492,27.954,40.058,52.618,74.63,75.746,45.902,38.717
1599,1599,9.9414,20.371,29.534,44.405,53.672,50.522,64.065,55.747,42.432,1599,1599,16.03,25.884,23.138,43.323,53.915,48.564,57.204,55.298,37.621,1599,1599,32.578,25.712,32.823,39.996,54.572,73.586,74.855,46.651,38.921
1600,1600,2.3589,22.827,34.69,42.352,55.275,50.184,62.938,56.543,40.233,1600,1600,12.357,21.899,31.135,43.069,53.764,47.796,55.374,54.337,36.902,1600,1600,25.852,16.507,30.454,39.77,54.569,73.941,75.997,46.841,38.29
1601,1601,2.5679,17.819,34.479,43.184,52.131,46.306,60.614,56.983,42.077,1601,1601,6.178,23.727,32.394,42.639,53.901,48.463,55.737,55.641,37.99,1601,1601,21.805,14.678,29.906,42.214,52.625,69.488,68.791,46.39,38.679
1602,1602,10.839,22.206,32.175,39.873,47.923,42.714,57.237,57.038,39.99,1602,1602,15.171,20.602,29.746,40.918,53.34,42.92,52.233,54.414,37.055,1602,1602,15.629,19.458,25.683,42.135,48.976,65.693,66.598,45.588,37.917
1603,1603,14.446,22.736,32.239,45.652,49.611,44.712,56.062,53.317,42.069,1603,1603,21.466,13.467,32.053,39.894,50.166,43.323,52.664,50.227,36.84,1603,1603,9.6468,18.992,26.181,40.952,46.959,69.972,72.326,44.245,38.806
1604,1604,12.92,19.694,30.191,37.622,48.713,46.917,62.356,56.013,40.237,1604,1604,22.645,21.805,30.762,42.598,49.46,47.28,56.368,56.455,39.605,1604,1604,11.273,16.207,33.038,39.816,47.841,75.467,77.408,47.467,38.894
1605,1605,5.1278,21.024,28.756,42.963,48.18,57.637,65.004,54.25,42.274,1605,1605,14.762,17.406,29.44,41.505,50.287,49.904,58.022,55.582,38.584,1605,1605,4.3858,12.762,30.031,39.679,52.9,83.92,86.418,53.911,41.198
1606,1606,11.439,25.248,29.267,43.747,49.347,58.663,66.935,55.448,39.952,1606,1606,15.706,22.696,33.322,36.592,50.625,53.67,62.971,57.943,39.332,1606,1606,3.9639,20.669,33.535,39.003,53.514,84.491,87.786,55.335,41.584
1607,1607,13.691,21.291,31.101,37.087,52.163,59.426,67.823,58.272,42.669,1607,1607,16.676,17.646,33.362,39.398,52.459,52.766,62.526,58.194,38.961,1607,1607,6.471,22.293,32.018,36.668,52.404,84.269,88.082,55.697,41.977
1608,1608,13.106,15.871,30.229,39.086,51.892,56.651,64.384,57.26,39.919,1608,1608,18.261,24.059,33.243,44.339,55.225,53.226,62.4,56.697,37.767,1608,1608,8.1516,16.994,33.071,38.198,52.811,83.081,85.334,53.119,40.598
1609,1609,8.5424,19.619,32.034,41.57,53.228,59.896,66.02,57.463,42.645,1609,1609,11.868,23.687,31.667,44.109,56.431,53.185,62.138,56.391,37.9,1609,1609,5.9792,18.638,28.084,37.41,54.767,87.11,88.119,55.832,42.238
1610,1610,8.0864,20.722,31.008,37.414,55.976,56.868,65.827,56.155,39.825,1610,1610,15.703,17.165,31.99,43.765,56.95,52.533,60.555,54.945,37.855,1610,1610,1.3807,18.213,26.148,39.756,52.14,80.033,83.472,51.625,39.577
1611,1611,4.7475,16.022,31.727,39.308,57.397,55.304,65.415,56.126,40.158,1611,1611,12.98,22.329,34.188,45.525,54.242,53.545,64.97,56.723,37.938,1611,1611,1.6032,23.48,29.504,40.86,54.005,80.296,83.908,51.86,40.04
1612,1612,6.5134,23.048,31.99,41.273,60.677,60.389,66.581,57.076,42.36,1612,1612,21.121,23.097,33.739,40.504,58.709,59.49,66.537,57.816,38.824,1612,1612,1.4351,16.423,28.456,42.584,60.001,81.718,86.068,53.983,41.406
1613,1613,10.446,24.622,33.673,47.826,66.309,62.522,68.972,56.582,41.916,1613,1613,19.071,26.618,34.178,52.431,69.141,61.801,67.625,58.273,39.664,1613,1613,-2.4216,17.506,33.638,49.794,69.002,82.858,87.657,55.242,43.086
1614,1614,10.34,26.264,32.969,51.647,64.184,62.407,68.116,56.427,43.83,1614,1614,10.573,14.928,33.31,52.878,67.168,61.535,65.928,57.114,39.98,1614,1614,2.1051,18.892,30.214,48.769,67.115,83.619,86.647,54.468,42.188
1615,1615,0.4937,24.698,30.723,46.767,63.21,62.19,68.844,58.163,42.312,1615,1615,6.8989,25.341,30.648,51.947,64.055,62.86,68.685,58.857,39.721,1615,1615,6.2678,21.64,32.297,50.675,63.874,83.454,85.272,53.443,42.423
1616,1616,7.6004,26.313,32.655,53.29,68.349,63.57,68.033,57.862,44.283,1616,1616,15.928,21.845,33.236,51.378,69.767,63.745,67.755,58.796,40.05,1616,1616,3.0025,18.71,31.971,47.198,68.429,83.249,84.986,53.708,43.379
1617,1617,9.4352,25.743,31.851,52.124,69.908,64.659,68.955,57.877,43.866,1617,1617,10.225,18.837,30.181,47.908,67.616,65.405,69.502,58.704,40.945,1617,1617,-4.5224,21.008,30.504,49.414,66.435,86.306,87.583,55.718,44.363
1618,1618,2.2404,21.649,36.525,53.704,68.332,64.848,69.689,58.551,45.639,1618,1618,7.7632,20.249,35.615,54.184,73.368,66.215,68.506,58.856,41.694,1618,1618,-3.7451,25.394,31.822,50.3,71.088,85.184,87.39,55.593,44.291
1619,1619,6.461,21.511,33.325,59.922,71.497,65.703,67.531,57.643,43.119,1619,1619,3.1247,22.607,31.554,51.882,71.701,65.598,67.46,57.891,39.927,1619,1619,-4.3956,23.414,29.729,55.042,71.026,84.657,85.646,53.921,43.533
1620,1620,6.4322,20.336,34.14,56.33,70.961,63.688,65.158,55.082,44.044,1620,1620,11.383,23.621,29.378,52.364,76.385,65.938,64.41,55.84,39.406,1620,1620,-5.0072,23.538,29.864,51.009,70.61,83.477,85.85,53.614,43.162
1621,1621,10.327,20.924,34.449,51.748,62.953,60.924,65.16,56.433,41.718,1621,1621,22.977,24.394,27.959,48.761,71.616,63.204,63.258,56.804,38.404,1621,1621,7.0463,17.295,30.939,55.425,67.87,80.516,83.365,51.419,41.073
1622,1622,12.95,22.465,34.629,48.089,62.975,57.763,66.055,57.957,43.813,1622,1622,25.482,18.387,30.609,47.078,68.501,60.996,62.553,57.526,39.153,1622,1622,9.8897,16.992,32.468,49.552,66.825,78.039,78.656,48.732,41.361
1623,1623,4.2662,18.822,34.008,48.692,66.117,62.121,64.644,55.946,42.258,1623,1623,19.294,24.304,29.966,47.013,66.116,61.779,62.795,56.846,38.932,1623,1623,4.5554,18.646,33.817,49.091,64.064,79.818,81.463,50.495,41.714
1624,1624,2.5625,17.068,34.951,52.289,69.237,64.795,67.484,58.014,45.227,1624,1624,17.588,26.487,35.541,52.165,72.491,66.052,64.705,58.828,41.166,1624,1624,-1.9629,20.687,34.335,51.169,69.57,84.976,85.442,53.914,44.769
1625,1625,10.198,24.433,32.539,59.719,68.015,64.971,66.163,57.721,43.297,1625,1625,5.4582,22.09,30.39,50.681,72.703,67.554,66.026,60.297,40.916,1625,1625,3.3518,20.401,33.433,49.96,70.297,83.258,83.279,52.352,43.12
1626,1626,10.461,21.061,29.377,55.685,68.42,65.125,68.679,59.873,46.236,1626,1626,13.029,20.242,30.799,49.586,73.197,67.74,66.506,58.636,41.995,1626,1626,2.7014,17.317,31.005,49.831,67.744,83.268,85.035,53.871,45.067
1627,1627,11.842,19.922,31.888,57.62,67.377,65.545,70.375,62.438,46.703,1627,1627,10.841,21.84,35.153,53.828,72.145,68.266,70.419,63.859,44.547,1627,1627,-1.1643,20.038,27.875,54.948,71.123,84.245,86.086,56.092,46.865
1628,1628,3.073,26.29,33.729,54.77,68.705,63.455,71.895,67.303,47.104,1628,1628,10.878,22.671,32.004,52.336,66.101,64.946,67.203,66.556,43.787,1628,1628,2.9467,14.117,30.231,50.098,66.223,80.977,83.532,55.78,44.766
1629,1629,8.0835,27.33,33.383,50.779,63.579,59.479,66.892,66.478,46.694,1629,1629,12.973,24.46,33.099,47.752,62.305,59.113,65.987,68.164,44.952,1629,1629,4.247,18.296,28.776,47.031,60.669,79.699,84.086,56.491,44.869
1630,1630,11.625,25.696,29.928,42.426,62.569,60.296,68.055,62.439,45.316,1630,1630,15.888,18.514,31.756,45.715,59.867,56.696,63.486,63.733,42.316,1630,1630,2.4835,21.5,35.946,48.622,61.153,83.424,87.143,55.757,43.482
1631,1631,11.036,23.001,33.206,45.739,61.757,57.989,67.3,62.907,44.403,1631,1631,10.535,20.767,30.786,43.209,60.897,57.053,62.974,63.133,41.791,1631,1631,-1.1096,17.563,31.878,46.818,61.284,80.267,82.271,52.56,42.569
1632,1632,11.677,24.533,30.129,50.531,60.352,55.146,68.85,64.185,46.535,1632,1632,12.88,16.795,32.98,48.501,62.725,54.721,65.628,64.882,43.089,1632,1632,5.179,15.556,27.772,47.09,57.96,77.187,79.237,52.544,43.267
1633,1633,10.993,25.681,34.551,47.247,56.206,55.917,69.792,66.171,46.232,1633,1633,9.5752,25.63,29.34,43.716,59.101,53.268,66.152,65.441,43.703,1633,1633,2.9845,17.328,32.752,40.753,55.907,79.321,80.678,54.804,44.234
1634,1634,10.917,27.796,28.825,39.326,51.724,54.995,70.635,65.916,46.971,1634,1634,18.686,25.042,28.361,40.374,58.607,52.378,65.488,65.872,43.363,1634,1634,2.6605,20.602,29.313,41.694,54.939,80.092,81.339,54.913,42.995
1635,1635,11.92,21.113,28.774,35.311,54.837,52.386,69.567,64.897,44.852,1635,1635,15.896,21.761,31.001,40.558,55.932,49.39,64.034,62.704,41.777,1635,1635,-1.0466,23.032,24.425,40.933,53.989,74.627,76.855,53.305,41.579
1636,1636,15.823,26.805,29.136,43.788,51.909,49.549,66.617,58.555,43.497,1636,1636,22.07,24.19,28.398,41.908,51.35,48.397,65.84,59.527,39.73,1636,1636,7.7309,17.288,31.901,45.081,53.111,74.229,75.968,48.198,39.943
1637,1637,7.6593,23.961,26.564,41.076,50.392,49.999,62.178,55.898,42.573,1637,1637,16.057,18.293,30.436,40.787,51.959,47.386,57.754,56.694,38.88,1637,1637,0.32008,15.357,32.824,45.009,52.114,74.246,76.17,46.675,39.423
1638,1638,5.4287,17.439,29.631,45.208,56.144,50.55,61.461,54.873,43.718,1638,1638,22.267,20.56,35.36,45.232,57.982,50.59,57.145,55.471,38.584,1638,1638,1.6755,16.029,31.194,47.917,57.863,74.257,76.1,46.806,39.022
1639,1639,8.6822,20.163,27.749,47.174,58.622,52.851,59.865,55.507,42.127,1639,1639,17.587,20.779,30.142,45.559,57.379,51.492,56.529,54.082,38.555,1639,1639,-2.0579,19.33,31.006,50.012,56.767,76.8,79.133,48.114,39.487
1640,1640,3.5362,22.135,28.249,43.302,57.213,48.851,54.914,51.694,43.378,1640,1640,1.9745,23.683,33.773,41.883,57.89,49.39,53.167,53.956,38.481,1640,1640,0.57884,17.26,24.035,48.13,57.889,73.622,75.385,45.188,39.186
1641,1641,4.4864,23.204,28.773,45.549,45.736,43.731,55.784,49.932,41.865,1641,1641,8.994,22.327,30.574,41.717,55.112,46.862,51.039,48.88,38.224,1641,1641,0.70083,20.094,30.722,44.631,52.513,67.714,68.663,40.544,39.465
1642,1642,9.501,23.043,29.454,37.717,50.583,43.132,52.281,48.002,42.547,1642,1642,18.608,24.254,29.735,48.02,50.54,44.62,49.493,47.39,37.591,1642,1642,7.0159,16.401,24.856,42.621,49.549,66.377,66.572,40.062,38.523
1643,1643,11.834,23.356,32.259,41.077,51.127,45.98,57.572,53.169,41.222,1643,1643,19.148,18.487,29.127,44.21,53.281,48.222,53.616,51.867,37.491,1643,1643,-2.6741,17.019,28.032,42.085,51.138,66.82,67.517,41.709,39.318
1644,1644,10.292,23.644,29.679,39.987,53.023,47.134,61.373,60.006,43.265,1644,1644,16.149,11.578,32.947,36.157,55.16,47.557,59.035,58.057,39.684,1644,1644,3.0997,18.695,30.338,41.502,51.977,67.53,69.523,48.675,38.952
1645,1645,6.674,24.778,34.506,38.776,52.41,48.024,61.937,59.436,43.964,1645,1645,14.47,18.541,30.013,42.135,55.342,50.233,57.351,58.956,43.697,1645,1645,7.6928,25.073,34.83,44.563,54.811,68.807,70.046,47.798,39.699
1646,1646,10.14,21.533,29.185,42.322,53.617,48.845,61.74,63.689,51.919,1646,1646,16.853,15.628,33.931,43.468,57.335,49.739,58.394,61.069,48.299,1646,1646,12.18,28.117,39.663,49.394,54.737,70.197,72.862,51.805,43.323
1647,1647,7.9964,27.346,38.91,55.108,63.093,56.474,74.598,75.254,67.595,1647,1647,10.566,31.003,43.918,53.909,59.926,54.974,70.248,73.105,64.8,1647,1647,10.302,32.046,42.139,46.739,55.291,70.836,73.966,60.786,59.719
1648,1648,24.248,38.928,41.837,50.541,51.314,44.1,39.974,45.516,45.19,1648,1648,15.15,30.399,37.199,44.744,49.14,36.662,38.586,45.296,47.006,1648,1648,18.966,31.58,31.923,37.781,44.637,57.708,55.677,41.709,41.694
1649,1649,26.802,26.213,15.371,-10.127,-58.732,-170.6,-399.84,-628.14,-1413.3,1649,1649,13.041,10.598,10.984,-28.958,-59.741,-185.35,-393.42,-627.87,-1411,1649,1649,24.646,18.323,12.2,-14.268,-64.741,-167.67,-375.71,-628.39,-1417.4
1650,1650,15.048,15.469,-5.6291,-65.201,-165.96,-385.53,-832.08,-1302.2,-2869.9,1650,1650,6.1182,-0.56988,-10.19,-83.471,-166.98,-400.07,-825.7,-1302,-2867.6,1650,1650,15.863,7.3383,-9.3302,-69.535,-172.28,-382.38,-809.53,-1302.4,-2874.6
1651,1651,13.023,4.7296,-26.844,-117.91,-273.2,-600.49,-1265.7,-1976.3,-Inf,1651,1651,-1.3958,-11.644,-31.359,-136.75,-274.21,-614.8,-1259.4,-1976.1,-Inf,1651,1651,12.465,-2.9386,-30.984,-121.94,-279.79,-597.1,-1241.7,-1976.4,-Inf
1652,1652,4.4812,-5.3438,-48.148,-172.43,-380.45,-815.46,-1699.9,-2650.4,-Inf,1652,1652,-3.9879,-21.218,-52.52,-190.64,-381.44,-829.55,-1693.5,-2650.3,-Inf,1652,1652,4.7716,-13.08,-52.746,-176.9,-387.25,-811.82,-1674.4,-2650.4,-Inf
1653,1653,1.0391,-15.04,-69.592,-225.87,-487.73,-1030.4,-2132.3,-Inf,-Inf,1653,1653,-11.078,-30.827,-73.756,-244.76,-488.68,-1044.3,-2125.9,-Inf,-Inf,1653,1653,1.5448,-22.756,-74.485,-229.78,-494.67,-1026.6,-2108.5,-Inf,-Inf
1654,1654,-5.3948,-24.74,-91.182,-279.6,-595.04,-1245.4,-2564.7,-Inf,-Inf,1654,1654,-15.067,-40.81,-95.12,-297.86,-595.93,-1259.1,-2558.3,-Inf,-Inf,1654,1654,-5.3762,-32.469,-96.105,-284.1,-602.03,-1241.3,-2542.1,-Inf,-Inf
1655,1655,-9.4049,-34.633,-112.89,-333.88,-702.37,-1460.4,-2998.5,-Inf,-Inf,1655,1655,-20.07,-51.085,-116.63,-352.72,-703.21,-1473.9,-2992.2,-Inf,-Inf,1655,1655,-8.7821,-42.464,-117.54,-337.77,-709.35,-1456.1,-2974.2,-Inf,-Inf
1656,1656,-15.209,-44.825,-134.65,-386.84,-809.75,-1675.4,-Inf,-Inf,-Inf,1656,1656,-26.082,-61.597,-138.28,-405.23,-810.52,-1688.7,-Inf,-Inf,-Inf,1656,1656,-15.087,-52.767,-138.81,-391.28,-816.63,-1670.9,-Inf,-Inf,-Inf
1657,1657,-20.165,-55.295,-156.38,-441.81,-917.15,-1890.4,-Inf,-Inf,-Inf,1657,1657,-29.669,-72.159,-160.02,-460.47,-917.85,-1903.6,-Inf,-Inf,-Inf,1657,1657,-19.488,-63.3,-159.97,-445.77,-923.89,-1885.7,-Inf,-Inf,-Inf
1658,1658,-24.536,-65.871,-177.98,-494.25,-1024.6,-2105.4,-Inf,-Inf,-Inf,1658,1658,-36.697,-82.482,-181.78,-512.81,-1025.2,-2118.5,-Inf,-Inf,-Inf,1658,1658,-24.378,-73.849,-181.13,-498.56,-1031.1,-2100.6,-Inf,-Inf,-Inf
1659,1659,-31.112,-76.273,-199.4,-549.5,-1132.1,-2320.3,-Inf,-Inf,-Inf,1659,1659,-39.696,-92.414,-203.46,-567.94,-1132.6,-2333.4,-Inf,-Inf,-Inf,1659,1659,-30.464,-84.128,-202.38,-553.65,-1138.3,-2315.4,-Inf,-Inf,-Inf
1660,1660,-34.254,-86.294,-220.64,-601.87,-1239.6,-2535.3,-Inf,-Inf,-Inf,1660,1660,-46.615,-102.11,-224.98,-620.58,-1240.1,-2548.3,-Inf,-Inf,-Inf,1660,1660,-33.944,-94.02,-223.75,-606.02,-1245.6,-2530.3,-Inf,-Inf,-Inf
1661,1661,-41.418,-96.017,-241.8,-656.92,-1347.1,-2750.2,-Inf,-Inf,-Inf,1661,1661,-50.21,-111.84,-246.32,-675.18,-1347.5,-2763.2,-Inf,-Inf,-Inf,1661,1661,-41.051,-103.7,-245.27,-661.27,-1352.8,-2745.2,-Inf,-Inf,-Inf
1662,1662,-44.536,-105.72,-262.97,-709.68,-1454.7,-2965.1,-Inf,-Inf,-Inf,1662,1662,-55.967,-121.83,-267.51,-728.52,-1455.1,-2978.2,-Inf,-Inf,-Inf,1662,1662,-44.026,-113.46,-266.93,-713.69,-1460.1,-2960.2,-Inf,-Inf,-Inf
1663,1663,-50.959,-115.64,-284.23,-764.14,-1562.2,-Inf,-Inf,-Inf,-Inf,1663,1663,-61.112,-132.13,-288.66,-782.35,-1562.6,-Inf,-Inf,-Inf,-Inf,1663,1663,-50.844,-123.48,-288.67,-768.62,-1567.4,-Inf,-Inf,-Inf,-Inf
1664,1664,-55.285,-125.87,-305.62,-817.64,-1669.8,-Inf,-Inf,-Inf,-Inf,1664,1664,-65.341,-142.66,-309.86,-836.54,-1670.1,-Inf,-Inf,-Inf,-Inf,1664,1664,-54.615,-133.82,-310.43,-821.55,-1674.7,-Inf,-Inf,-Inf,-Inf
1665,1665,-60.257,-136.36,-327.16,-871.31,-1777.4,-Inf,-Inf,-Inf,-Inf,1665,1665,-71.992,-153.21,-331.18,-889.58,-1777.7,-Inf,-Inf,-Inf,-Inf,1665,1665,-60.162,-144.37,-332.1,-875.81,-1782.1,-Inf,-Inf,-Inf,-Inf
1666,1666,-66.243,-146.93,-348.83,-925.65,-1885,-Inf,-Inf,-Inf,-Inf,1666,1666,-75.12,-163.49,-352.63,-944.48,-1885.3,-Inf,-Inf,-Inf,-Inf,1666,1666,-65.544,-154.9,-353.61,-929.54,-1889.4,-Inf,-Inf,-Inf,-Inf
1667,1667,-69.812,-157.3,-370.58,-978.56,-1992.5,-Inf,-Inf,-Inf,-Inf,1667,1667,-82.261,-173.39,-374.24,-996.97,-1992.9,-Inf,-Inf,-Inf,-Inf,1667,1667,-69.579,-165.14,-374.93,-982.99,-1996.9,-Inf,-Inf,-Inf,-Inf
1668,1668,-76.877,-167.28,-392.33,-1033.6,-2100,-Inf,-Inf,-Inf,-Inf,1668,1668,-85.419,-183.07,-395.95,-1052.2,-2100.4,-Inf,-Inf,-Inf,-Inf,1668,1668,-76.373,-174.99,-396.12,-1037.5,-2104.3,-Inf,-Inf,-Inf,-Inf
1669,1669,-79.851,-176.98,-413.99,-1086,-2207.5,-Inf,-Inf,-Inf,-Inf,1669,1669,-91.786,-192.83,-417.72,-1104.6,-2208,-Inf,-Inf,-Inf,-Inf,1669,1669,-79.427,-184.67,-417.27,-1090.3,-2211.8,-Inf,-Inf,-Inf,-Inf
1670,1670,-86.733,-186.7,-435.47,-1141.2,-2314.9,-Inf,-Inf,-Inf,-Inf,1670,1670,-96.182,-202.85,-439.44,-1159.7,-2315.5,-Inf,-Inf,-Inf,-Inf,1670,1670,-86.53,-194.45,-438.48,-1145.4,-2319.3,-Inf,-Inf,-Inf,-Inf
1671,1671,-90.403,-196.65,-456.78,-1193.6,-2422.2,-Inf,-Inf,-Inf,-Inf,1671,1671,-101.09,-213.18,-461.02,-1212.3,-2422.9,-Inf,-Inf,-Inf,-Inf,1671,1671,-89.796,-204.51,-459.8,-1197.8,-2426.9,-Inf,-Inf,-Inf,-Inf
1672,1672,-96.065,-206.91,-477.96,-1248.6,-2529.6,-Inf,-Inf,-Inf,-Inf,1672,1672,-107.14,-223.73,-482.42,-1266.9,-2530.4,-Inf,-Inf,-Inf,-Inf,1672,1672,-95.987,-214.87,-481.27,-1253,-2534.5,-Inf,-Inf,-Inf,-Inf
1673,1673,-101.32,-217.42,-499.11,-1301.4,-2636.8,-Inf,-Inf,-Inf,-Inf,1673,1673,-110.66,-234.26,-503.66,-1320.3,-2637.7,-Inf,-Inf,-Inf,-Inf,1673,1673,-100.61,-225.43,-502.88,-1305.5,-2642,-Inf,-Inf,-Inf,-Inf
1674,1674,-105.46,-227.99,-520.33,-1355.9,-2744.1,-Inf,-Inf,-Inf,-Inf,1674,1674,-117.74,-244.5,-524.81,-1374.1,-2745,-Inf,-Inf,-Inf,-Inf,1674,1674,-105.3,-235.94,-524.6,-1360.3,-2749.6,-Inf,-Inf,-Inf,-Inf
1675,1675,-112.18,-238.32,-541.67,-1409.4,-2851.3,-Inf,-Inf,-Inf,-Inf,1675,1675,-120.72,-254.36,-545.99,-1428.3,-2852.3,-Inf,-Inf,-Inf,-Inf,1675,1675,-111.56,-246.14,-546.36,-1413.3,-2857.2,-Inf,-Inf,-Inf,-Inf
1676,1676,-115.27,-248.26,-563.15,-1463,-2958.5,-Inf,-Inf,-Inf,-Inf,1676,1676,-127.57,-264.04,-567.25,-1481.3,-2959.6,-Inf,-Inf,-Inf,-Inf,1676,1676,-114.93,-255.96,-568.08,-1467.5,-2964.7,-Inf,-Inf,-Inf,-Inf
1677,1677,-122.4,-257.95,-584.77,-1517.4,-3066.1,-Inf,-Inf,-Inf,-Inf,1677,1677,-131.3,-273.82,-588.66,-1536.2,-3067,-Inf,-Inf,-Inf,-Inf,1677,1677,-122.07,-265.64,-589.65,-1521.3,-3073,-Inf,-Inf,-Inf,-Inf
1678,1678,-125.6,-267.68,-606.5,-1570.3,-Inf,-Inf,-Inf,-Inf,-Inf,1678,1678,-136.89,-283.87,-610.21,-1588.7,-Inf,-Inf,-Inf,-Inf,-Inf,1678,1678,-125.07,-275.45,-611.04,-1574.7,-Inf,-Inf,-Inf,-Inf,-Inf
1679,1679,-131.89,-277.67,-628.27,-1625.3,-Inf,-Inf,-Inf,-Inf,-Inf,1679,1679,-142.22,-294.23,-631.89,-1644,-Inf,-Inf,-Inf,-Inf,-Inf,1679,1679,-131.79,-285.54,-632.27,-1629.3,-Inf,-Inf,-Inf,-Inf,-Inf
1680,1680,-136.38,-287.96,-649.97,-1677.7,-Inf,-Inf,-Inf,-Inf,-Inf,1680,1680,-146.3,-304.79,-653.64,-1696.3,-Inf,-Inf,-Inf,-Inf,-Inf,1680,1680,-135.7,-295.93,-653.42,-1682,-Inf,-Inf,-Inf,-Inf,-Inf
1681,1681,-141.19,-298.49,-671.53,-1733,-Inf,-Inf,-Inf,-Inf,-Inf,1681,1681,-153.06,-315.31,-675.39,-1751.4,-Inf,-Inf,-Inf,-Inf,-Inf,1681,1681,-141.09,-306.5,-674.6,-1737.2,-Inf,-Inf,-Inf,-Inf,-Inf
1682,1682,-147.34,-309.04,-692.89,-1785.4,-Inf,-Inf,-Inf,-Inf,-Inf,1682,1682,-156.13,-325.51,-697.04,-1804.1,-Inf,-Inf,-Inf,-Inf,-Inf,1682,1682,-146.65,-316.99,-695.88,-1789.5,-Inf,-Inf,-Inf,-Inf,-Inf
1683,1683,-150.79,-319.33,-714.11,-1840.4,-Inf,-Inf,-Inf,-Inf,-Inf,1683,1683,-163.24,-335.33,-718.5,-1858.6,-Inf,-Inf,-Inf,-Inf,-Inf,1683,1683,-150.54,-327.14,-717.29,-1844.7,-Inf,-Inf,-Inf,-Inf,-Inf
1684,1684,-157.9,-329.23,-735.26,-1893.2,-Inf,-Inf,-Inf,-Inf,-Inf,1684,1684,-166.48,-345.01,-739.79,-1912.1,-Inf,-Inf,-Inf,-Inf,-Inf,1684,1684,-157.43,-336.93,-738.85,-1897.2,-Inf,-Inf,-Inf,-Inf,-Inf
1685,1685,-160.89,-338.92,-756.44,-1947.6,-Inf,-Inf,-Inf,-Inf,-Inf,1685,1685,-172.71,-354.81,-760.97,-1965.8,-Inf,-Inf,-Inf,-Inf,-Inf,1685,1685,-160.44,-346.61,-760.53,-1952.1,-Inf,-Inf,-Inf,-Inf,-Inf
1686,1686,-167.68,-348.67,-777.73,-2001.2,-Inf,-Inf,-Inf,-Inf,-Inf,1686,1686,-177.28,-364.9,-782.12,-2020.1,-Inf,-Inf,-Inf,-Inf,-Inf,1686,1686,-167.5,-356.44,-782.29,-2005.1,-Inf,-Inf,-Inf,-Inf,-Inf
1687,1687,-171.49,-358.68,-799.16,-2054.7,-Inf,-Inf,-Inf,-Inf,-Inf,1687,1687,-182.02,-375.29,-803.35,-2073,-Inf,-Inf,-Inf,-Inf,-Inf,1687,1687,-170.87,-366.57,-804.04,-2059.2,-Inf,-Inf,-Inf,-Inf,-Inf
1688,1688,-176.99,-369.01,-820.74,-2109.2,-Inf,-Inf,-Inf,-Inf,-Inf,1688,1688,-188.24,-385.86,-824.7,-2128,-Inf,-Inf,-Inf,-Inf,-Inf,1688,1688,-176.91,-376.98,-825.67,-2113.1,-Inf,-Inf,-Inf,-Inf,-Inf
1689,1689,-182.42,-379.55,-842.44,-2162,-Inf,-Inf,-Inf,-Inf,-Inf,1689,1689,-191.64,-396.35,-846.19,-2180.4,-Inf,-Inf,-Inf,-Inf,-Inf,1689,1689,-181.71,-387.56,-847.13,-2166.4,-Inf,-Inf,-Inf,-Inf,-Inf
1690,1690,-186.42,-390.09,-864.2,-2217.1,-Inf,-Inf,-Inf,-Inf,-Inf,1690,1690,-198.77,-406.51,-867.83,-2235.7,-Inf,-Inf,-Inf,-Inf,-Inf,1690,1690,-186.24,-398.02,-868.41,-2221.1,-Inf,-Inf,-Inf,-Inf,-Inf
1691,1691,-193.24,-400.34,-885.93,-2269.5,-Inf,-Inf,-Inf,-Inf,-Inf,1691,1691,-201.76,-416.3,-889.57,-2288.1,-Inf,-Inf,-Inf,-Inf,-Inf,1691,1691,-192.64,-408.13,-889.58,-2273.7,-Inf,-Inf,-Inf,-Inf,-Inf
1692,1692,-196.28,-410.21,-907.55,-2324.7,-Inf,-Inf,-Inf,-Inf,-Inf,1692,1692,-208.51,-425.98,-911.33,-2343.1,-Inf,-Inf,-Inf,-Inf,-Inf,1692,1692,-195.92,-417.9,-910.74,-2328.9,-Inf,-Inf,-Inf,-Inf,-Inf
1693,1693,-203.37,-419.88,-928.99,-2377.1,-Inf,-Inf,-Inf,-Inf,-Inf,1693,1693,-212.38,-435.81,-933.02,-2395.9,-Inf,-Inf,-Inf,-Inf,-Inf,1693,1693,-203.07,-427.58,-931.97,-2381.3,-Inf,-Inf,-Inf,-Inf,-Inf
1694,1694,-206.67,-429.66,-950.25,-2432.1,-Inf,-Inf,-Inf,-Inf,-Inf,1694,1694,-217.81,-445.93,-954.56,-2450.3,-Inf,-Inf,-Inf,-Inf,-Inf,1694,1694,-206.12,-437.44,-953.33,-2436.5,-Inf,-Inf,-Inf,-Inf,-Inf
1695,1695,-212.81,-439.71,-971.41,-2485,-Inf,-Inf,-Inf,-Inf,-Inf,1695,1695,-223.32,-456.35,-975.91,-2503.8,-Inf,-Inf,-Inf,-Inf,-Inf,1695,1695,-212.72,-447.6,-974.83,-2489,-Inf,-Inf,-Inf,-Inf,-Inf
1696,1696,-217.49,-450.06,-992.57,-2539.3,-Inf,-Inf,-Inf,-Inf,-Inf,1696,1696,-227.26,-466.92,-997.12,-2557.5,-Inf,-Inf,-Inf,-Inf,-Inf,1696,1696,-216.8,-458.04,-996.48,-2543.8,-Inf,-Inf,-Inf,-Inf,-Inf
1697,1697,-222.13,-460.62,-1013.8,-2593,-Inf,-Inf,-Inf,-Inf,-Inf,1697,1697,-234.12,-477.39,-1018.3,-2611.9,-Inf,-Inf,-Inf,-Inf,-Inf,1697,1697,-222.02,-468.62,-1018.2,-2596.9,-Inf,-Inf,-Inf,-Inf,-Inf
1698,1698,-228.43,-471.14,-1035.2,-2646.5,-Inf,-Inf,-Inf,-Inf,-Inf,1698,1698,-237.14,-487.5,-1039.5,-2664.7,-Inf,-Inf,-Inf,-Inf,-Inf,1698,1698,-227.75,-479.06,-1040,-2650.9,-Inf,-Inf,-Inf,-Inf,-Inf
1699,1699,-231.78,-481.34,-1056.7,-2701,-Inf,-Inf,-Inf,-Inf,-Inf,1699,1699,-244.21,-497.27,-1060.8,-2719.8,-Inf,-Inf,-Inf,-Inf,-Inf,1699,1699,-231.51,-489.12,-1061.7,-2704.9,-Inf,-Inf,-Inf,-Inf,-Inf
1700,1700,-238.92,-491.18,-1078.4,-2753.7,-Inf,-Inf,-Inf,-Inf,-Inf,1700,1700,-247.55,-506.95,-1082.2,-2772.2,-Inf,-Inf,-Inf,-Inf,-Inf,1700,1700,-238.48,-498.87,-1083.2,-2758.1,-Inf,-Inf,-Inf,-Inf,-Inf
1701,1701,-241.93,-500.85,-1100.1,-2808.8,-Inf,-Inf,-Inf,-Inf,-Inf,1701,1701,-253.64,-516.81,-1103.8,-2827.4,-Inf,-Inf,-Inf,-Inf,-Inf,1701,1701,-241.46,-508.56,-1104.5,-2812.9,-Inf,-Inf,-Inf,-Inf,-Inf
1702,1702,-248.62,-510.65,-1121.9,-2861.2,-Inf,-Inf,-Inf,-Inf,-Inf,1702,1702,-258.39,-526.96,-1125.5,-2879.8,-Inf,-Inf,-Inf,-Inf,-Inf,1702,1702,-248.46,-518.45,-1125.7,-2865.5,-Inf,-Inf,-Inf,-Inf,-Inf
1703,1703,-252.58,-520.73,-1143.6,-2916.5,-Inf,-Inf,-Inf,-Inf,-Inf,1703,1703,-262.96,-537.41,-1147.3,-2934.8,-Inf,-Inf,-Inf,-Inf,-Inf,1703,1703,-251.94,-528.64,-1146.9,-2920.7,-Inf,-Inf,-Inf,-Inf,-Inf
1704,1704,-257.92,-531.12,-1165.1,-2968.9,-Inf,-Inf,-Inf,-Inf,-Inf,1704,1704,-269.32,-547.98,-1169,-2987.6,-Inf,-Inf,-Inf,-Inf,-Inf,1704,1704,-257.83,-539.11,-1168.1,-2973,-Inf,-Inf,-Inf,-Inf,-Inf
1705,1705,-263.53,-541.68,-1186.4,-3023.8,-Inf,-Inf,-Inf,-Inf,-Inf,1705,1705,-272.63,-558.42,-1190.6,-3042,-Inf,-Inf,-Inf,-Inf,-Inf,1705,1705,-262.82,-549.68,-1189.4,-3028.2,-Inf,-Inf,-Inf,-Inf,-Inf
1706,1706,-267.38,-552.18,-1207.6,-3076,-Inf,-Inf,-Inf,-Inf,-Inf,1706,1706,-279.78,-568.49,-1212,-Inf,-Inf,-Inf,-Inf,-Inf,-Inf,1706,1706,-267.19,-560.09,-1210.8,-3079,-Inf,-Inf,-Inf,-Inf,-Inf
1707,1707,-274.3,-562.34,-1228.7,-Inf,-Inf,-Inf,-Inf,-Inf,-Inf,1707,1707,-282.81,-578.24,-1233.3,-Inf,-Inf,-Inf,-Inf,-Inf,-Inf,1707,1707,-273.73,-570.11,-1232.4,-Inf,-Inf,-Inf,-Inf,-Inf,-Inf
1708,1708,-277.3,-572.15,-1249.9,-Inf,-Inf,-Inf,-Inf,-Inf,-Inf,1708,1708,-289.44,-587.93,-1254.4,-Inf,-Inf,-Inf,-Inf,-Inf,-Inf,1708,1708,-276.92,-579.83,-1254.1,-Inf,-Inf,-Inf,-Inf,-Inf,-Inf
1709,1709,-284.34,-581.82,-1271.2,-Inf,-Inf,-Inf,-Inf,-Inf,-Inf,1709,1709,-293.48,-597.81,-1275.6,-Inf,-Inf,-Inf,-Inf,-Inf,-Inf,1709,1709,-284.07,-589.54,-1275.9,-Inf,-Inf,-Inf,-Inf,-Inf,-Inf
1710,1710,-287.74,-591.65,-1292.7,-Inf,-Inf,-Inf,-Inf,-Inf,-Inf,1710,1710,-298.74,-608,-1296.8,-Inf,-Inf,-Inf,-Inf,-Inf,-Inf,1710,1710,-287.17,-599.45,-1297.6,-Inf,-Inf,-Inf,-Inf,-Inf,-Inf
1711,1711,-293.74,-601.76,-1314.3,-Inf,-Inf,-Inf,-Inf,-Inf,-Inf,1711,1711,-304.43,-618.47,-1318.2,-Inf,-Inf,-Inf,-Inf,-Inf,-Inf,1711,1711,-293.65,-609.68,-1319.2,-Inf,-Inf,-Inf,-Inf,-Inf,-Inf
1712,1712,-298.59,-612.17,-1336,-Inf,-Inf,-Inf,-Inf,-Inf,-Inf,1712,1712,-308.22,-629.04,-1339.8,-Inf,-Inf,-Inf,-Inf,-Inf,-Inf,1712,1712,-297.89,-620.17,-1340.6,-Inf,-Inf,-Inf,-Inf,-Inf,-Inf
1713,1713,-303.07,-622.75,-1357.8,-Inf,-Inf,-Inf,-Inf,-Inf,-Inf,1713,1713,-315.17,-639.45,-1361.4,-Inf,-Inf,-Inf,-Inf,-Inf,-Inf,1713,1713,-302.95,-630.74,-1361.9,-Inf,-Inf,-Inf,-Inf,-Inf,-Inf
1714,1714,-309.52,-633.22,-1379.5,-Inf,-Inf,-Inf,-Inf,-Inf,-Inf,1714,1714,-318.16,-649.48,-1383.2,-Inf,-Inf,-Inf,-Inf,-Inf,-Inf,1714,1714,-308.85,-641.11,-1383,-Inf,-Inf,-Inf,-Inf,-Inf,-Inf
1715,1715,-312.77,-643.34,-1401.1,-Inf,-Inf,-Inf,-Inf,-Inf,-Inf,1715,1715,-325.18,-659.2,-1404.9,-Inf,-Inf,-Inf,-Inf,-Inf,-Inf,1715,1715,-312.48,-651.09,-1404.2,-Inf,-Inf,-Inf,-Inf,-Inf,-Inf
1716,1716,-319.92,-653.11,-1422.5,-Inf,-Inf,-Inf,-Inf,-Inf,-Inf,1716,1716,-328.62,-668.91,-1426.6,-Inf,-Inf,-Inf,-Inf,-Inf,-Inf,1716,1716,-319.52,-660.8,-1425.5,-Inf,-Inf,-Inf,-Inf,-Inf,-Inf
1717,1717,-322.98,-662.8,-1443.7,-Inf,-Inf,-Inf,-Inf,-Inf,-Inf,1717,1717,-334.56,-678.82,-1448.1,-Inf,-Inf,-Inf,-Inf,-Inf,-Inf,1717,1717,-322.49,-670.52,-1446.9,-Inf,-Inf,-Inf,-Inf,-Inf,-Inf
1718,1718,-329.55,-672.65,-1464.9,-Inf,-Inf,-Inf,-Inf,-Inf,-Inf,1718,1718,-339.49,-689.04,-1469.4,-Inf,-Inf,-Inf,-Inf,-Inf,-Inf,1718,1718,-329.41,-680.46,-1468.4,-Inf,-Inf,-Inf,-Inf,-Inf,-Inf
1719,1719,-333.68,-682.8,-1486,-Inf,-Inf,-Inf,-Inf,-Inf,-Inf,1719,1719,-343.91,-699.53,-1490.6,-Inf,-Inf,-Inf,-Inf,-Inf,-Inf,1719,1719,-333.02,-690.72,-1490.1,-Inf,-Inf,-Inf,-Inf,-Inf,-Inf
1720,1720,-338.84,-693.23,-1507.3,-Inf,-Inf,-Inf,-Inf,-Inf,-Inf,1720,1720,-350.41,-710.1,-1511.7,-Inf,-Inf,-Inf,-Inf,-Inf,-Inf,1720,1720,-338.76,-701.23,-1511.8,-Inf,-Inf,-Inf,-Inf,-Inf,-Inf
1721,1721,-344.63,-703.81,-1528.7,-Inf,-Inf,-Inf,-Inf,-Inf,-Inf,1721,1721,-353.62,-720.48,-1532.9,-Inf,-Inf,-Inf,-Inf,-Inf,-Inf,1721,1721,-343.93,-711.8,-1533.6,-Inf,-Inf,-Inf,-Inf,-Inf,-Inf
1722,1722,-348.35,-714.25,-1550.3,-Inf,-Inf,-Inf,-Inf,-Inf,-Inf,1722,1722,-360.78,-730.46,-1554.3,-Inf,-Inf,-Inf,-Inf,-Inf,-Inf,1722,1722,-348.14,-722.13,-1555.2,-Inf,-Inf,-Inf,-Inf,-Inf,-Inf
1723,1723,-355.34,-724.33,-1572,-Inf,-Inf,-Inf,-Inf,-Inf,-Inf,1723,1723,-363.86,-740.17,-1575.8,-Inf,-Inf,-Inf,-Inf,-Inf,-Inf,1723,1723,-354.8,-732.07,-1576.7,-Inf,-Inf,-Inf,-Inf,-Inf,-Inf
1724,1724,-358.32,-734.08,-1593.7,-Inf,-Inf,-Inf,-Inf,-Inf,-Inf,1724,1724,-370.38,-749.89,-1597.4,-Inf,-Inf,-Inf,-Inf,-Inf,-Inf,1724,1724,-357.92,-741.77,-1598,-Inf,-Inf,-Inf,-Inf,-Inf,-Inf
1725,1725,-365.3,-743.77,-1615.5,-Inf,-Inf,-Inf,-Inf,-Inf,-Inf,1725,1725,-374.57,-759.83,-1619.1,-Inf,-Inf,-Inf,-Inf,-Inf,-Inf,1725,1725,-365.06,-751.5,-1619.2,-Inf,-Inf,-Inf,-Inf,-Inf,-Inf
1726,1726,-368.81,-753.65,-1637.1,-Inf,-Inf,-Inf,-Inf,-Inf,-Inf,1726,1726,-379.67,-770.09,-1640.9,-Inf,-Inf,-Inf,-Inf,-Inf,-Inf,1726,1726,-368.23,-761.48,-1640.3,-Inf,-Inf,-Inf,-Inf,-Inf,-Inf
1727,1727,-374.66,-763.83,-1658.6,-Inf,-Inf,-Inf,-Inf,-Inf,-Inf,1727,1727,-385.53,-780.6,-1662.6,-Inf,-Inf,-Inf,-Inf,-Inf,-Inf,1727,1727,-374.58,-771.77,-1661.6,-Inf,-Inf,-Inf,-Inf,-Inf,-Inf
1728,1728,-379.7,-774.29,-1679.8,-Inf,-Inf,-Inf,-Inf,-Inf,-Inf,1728,1728,-389.19,-791.16,-1684.1,-Inf,-Inf,-Inf,-Inf,-Inf,-Inf,1728,1728,-378.99,-782.3,-1682.9,-Inf,-Inf,-Inf,-Inf,-Inf,-Inf
1729,1729,-384.02,-784.87,-1701,-Inf,-Inf,-Inf,-Inf,-Inf,-Inf,1729,1729,-396.21,-801.5,-1705.5,-Inf,-Inf,-Inf,-Inf,-Inf,-Inf,1729,1729,-383.88,-792.85,-1704.4,-Inf,-Inf,-Inf,-Inf,-Inf,-Inf
1730,1730,-390.6,-795.28,-1722.2,-Inf,-Inf,-Inf,-Inf,-Inf,-Inf,1730,1730,-399.19,-811.44,-1726.7,-Inf,-Inf,-Inf,-Inf,-Inf,-Inf,1730,1730,-389.95,-803.14,-1726,-Inf,-Inf,-Inf,-Inf,-Inf,-Inf
1731,1731,-393.77,-805.32,-1743.4,-Inf,-Inf,-Inf,-Inf,-Inf,-Inf,1731,1731,-406.13,-821.14,-1747.9,-Inf,-Inf,-Inf,-Inf,-Inf,-Inf,1731,1731,-393.46,-813.05,-1747.8,-Inf,-Inf,-Inf,-Inf,-Inf,-Inf
1732,1732,-400.92,-815.05,-1764.8,-Inf,-Inf,-Inf,-Inf,-Inf,-Inf,1732,1732,-409.7,-830.87,-1769.1,-Inf,-Inf,-Inf,-Inf,-Inf,-Inf,1732,1732,-400.55,-822.73,-1769.5,-Inf,-Inf,-Inf,-Inf,-Inf,-Inf
1733,1733,-404.03,-824.75,-1786.3,-Inf,-Inf,-Inf,-Inf,-Inf,-Inf,1733,1733,-415.48,-840.85,-1790.3,-Inf,-Inf,-Inf,-Inf,-Inf,-Inf,1733,1733,-403.53,-832.49,-1791.2,-Inf,-Inf,-Inf,-Inf,-Inf,-Inf
1734,1734,-410.48,-834.66,-1807.9,-Inf,-Inf,-Inf,-Inf,-Inf,-Inf,1734,1734,-420.6,-851.13,-1811.8,-Inf,-Inf,-Inf,-Inf,-Inf,-Inf,1734,1734,-410.36,-842.5,-1812.8,-Inf,-Inf,-Inf,-Inf,-Inf,-Inf
1735,1735,-414.77,-844.87,-1829.7,-Inf,-Inf,-Inf,-Inf,-Inf,-Inf,1735,1735,-424.86,-861.66,-1833.3,-Inf,-Inf,-Inf,-Inf,-Inf,-Inf,1735,1735,-414.11,-852.82,-1834.1,-Inf,-Inf,-Inf,-Inf,-Inf,-Inf
1736,1736,-419.77,-855.36,-1851.4,-Inf,-Inf,-Inf,-Inf,-Inf,-Inf,1736,1736,-431.49,-872.21,-1855,-Inf,-Inf,-Inf,-Inf,-Inf,-Inf,1736,1736,-419.68,-863.36,-1855.3,-Inf,-Inf,-Inf,-Inf,-Inf,-Inf
1737,1737,-425.73,-865.93,-1873.1,-Inf,-Inf,-Inf,-Inf,-Inf,-Inf,1737,1737,-434.63,-882.51,-1876.8,-Inf,-Inf,-Inf,-Inf,-Inf,-Inf,1737,1737,-425.03,-873.9,-1876.5,-Inf,-Inf,-Inf,-Inf,-Inf,-Inf
1738,1738,14.899,22.381,31.216,39.49,46.824,50.29,44.27,47.539,47.364,1738,1738,14.451,26.716,27.5,39.094,49.161,50.008,42.735,44.671,46.192,1738,1738,17.713,27.953,30.623,42.218,48.94,52.515,59.119,51.378,49.08
1739,1739,19.346,27.42,31.682,41.997,46.785,47.456,43.568,41.286,40.859,1739,1739,24.066,19.822,32.457,40.484,49.427,47.914,39.224,39.945,39.415,1739,1739,24.581,20.926,27.717,41.536,48.896,54.013,60.395,49.733,40.489
1740,1740,15.215,22.178,26.787,44.432,48.012,47.711,42.49,40.7,43.077,1740,1740,22.391,12.81,30.51,41.007,47.09,47.303,38.3,38.565,38.702,1740,1740,16.558,17.313,29.159,41.091,51.26,53.006,57.615,46.771,40.251
1741,1741,10.42,21.926,29.329,39.477,46.679,45.361,42.433,40.332,41.239,1741,1741,13.346,18.862,29.922,41.605,48.738,45.906,38.112,39.453,39.07,1741,1741,11.499,17.214,30.255,40.571,48.076,52.388,57.327,46.639,40.732
1742,1742,8.1784,14.091,25.372,41.284,47.108,49.704,40.733,41.004,43.774,1742,1742,14.683,17.253,28.585,43.792,49.116,47.991,36.771,39.782,39.084,1742,1742,9.7686,20.043,31.264,38.171,48.587,52.008,57.056,46.403,40.906
1743,1743,16.029,25.832,25.41,33.706,32.869,37.102,36.359,40.432,43.842,1743,1743,19.235,24.947,21.981,27.863,31.137,33.966,35.917,38.932,43.49,1743,1743,17.855,28.171,35.168,34.116,39.425,43.443,43.321,47.992,51.251
1744,1744,23.239,17.143,6.134,-20.505,-74.868,-176.11,-395.22,-632.16,-1413.9,1744,1744,16.554,14.815,4.5457,-50.459,-83.178,-189.33,-395.98,-633.96,-1415.1,1744,1744,24.445,20.499,12.607,-20.053,-66.96,-170.9,-390.21,-623.97,-1407
1745,1745,15.124,6.0568,-15.528,-75.453,-182.12,-391.04,-827.29,-1306.3,-2870.6,1745,1745,3.5055,4.1049,-17.181,-102.93,-190.6,-404.12,-828.49,-1308.1,-2871.8,1745,1745,15.875,9.3106,-8.8491,-74.359,-174.23,-385.79,-822.37,-1298.1,-2863.6
1746,1746,11.228,-4.3437,-37.197,-128.36,-289.39,-605.95,-1260.5,-1980.4,-Inf,1746,1746,1.557,-6.4455,-38.672,-158.17,-298.06,-618.93,-1262.4,-1982.2,-Inf,1746,1746,12.402,-0.88303,-30.295,-128.06,-281.47,-600.64,-1255.9,-1972.2,-Inf
1747,1747,3.9482,-14.499,-58.96,-182.65,-396.7,-820.83,-1694.8,-2654.5,-Inf,1747,1747,-7.1226,-16.717,-59.974,-210.62,-405.55,-833.77,-1696.3,-2656.4,-Inf,1747,1747,4.6929,-10.904,-51.896,-181.54,-388.71,-815.46,-1690.1,-2646.4,-Inf
1748,1748,0.55048,-24.227,-80.686,-236.34,-504.03,-1035.7,-2127.7,-Inf,-Inf,1748,1748,-10.833,-26.472,-81.154,-265.5,-513.07,-1048.6,-2128.5,-Inf,-Inf,1748,1748,1.4328,-20.598,-73.611,-236.07,-495.93,-1030.2,-2122.7,-Inf,-Inf
1749,1749,15.598,25.161,27.403,36.159,45.685,43.992,43.616,45.169,51.464,1749,1749,14.027,24.968,31.281,38.624,45.768,43.282,42.842,45.171,48.363,1749,1749,18.001,27.966,32.641,42.388,49.096,51.573,56.952,50.179,54.594
1750,1750,22.889,18.125,30.508,39.321,49.115,46.927,44.488,46.614,50.992,1750,1750,21.011,25.283,29.646,36.408,44.965,42.717,41.589,42.688,42.022,1750,1750,24.522,22.302,25.38,35.807,45.921,55.877,60.315,49.583,46.398
1751,1751,13.035,24.166,31.495,39.476,44.215,45.612,45.873,51.783,49.985,1751,1751,14.698,23.976,31.267,38.131,47.485,45.465,42.92,48.929,44.111,1751,1751,15.605,17.718,30.832,39.338,49.989,56.246,59.878,50.967,47.562
1752,1752,15.374,19.673,29.354,35.586,46.476,50.593,48.006,53.71,50.448,1752,1752,12.789,22.536,31.928,38.723,51.352,51.171,45.482,54.36,45.948,1752,1752,11.692,15.979,26.328,38.497,57.941,61.113,61.313,55.407,48.96
1753,1753,9.0762,24.875,31.892,39.769,49.108,50.805,43.571,49.648,45.133,1753,1753,10.945,19.815,32.734,39.384,52.63,50.74,41.537,48.244,42.848,1753,1753,3.8613,17.24,27.44,42.789,57.647,57.152,56.8,47.765,45.309
1754,1754,11.322,22.752,29.557,37.999,50.922,51.149,42.782,45.596,43.518,1754,1754,10.389,20.795,31.854,39.057,53.443,50.545,41.576,44.395,41.141,1754,1754,5.5808,13.411,27.46,41.219,55.65,58.368,57.757,46.166,42
1755,1755,-0.97347,13.789,29.308,43.176,50.663,50.356,40.691,41.744,41.834,1755,1755,10.964,22.484,30.128,37.926,49.977,48.588,37.818,39.994,38.17,1755,1755,4.3373,20.903,28.402,39.765,50.642,51.905,54.478,43.83,39.632
1756,1756,9.0566,17.234,29.243,37.424,49.544,46.14,42.945,44.412,42.784,1756,1756,10.664,19.508,31.59,40.703,52.028,46.632,39.404,42.593,37.83,1756,1756,2.8119,19.303,25.947,37.134,47.48,52.874,58.063,47.184,38.638
1757,1757,14.582,22.799,32.236,37.768,45.585,43.69,44.202,42.931,39.589,1757,1757,14.398,19.629,30.128,37.751,46.254,42.602,39.891,40.181,36.774,1757,1757,-6.4623,12.967,25.932,38.003,45.395,52.805,58.332,47.18,38.196
1758,1758,8.5064,21.502,30.283,40.195,45.263,46.07,47.729,47.019,42.664,1758,1758,15.115,19.356,26.479,40.997,45.436,44.98,42.854,43.025,37.645,1758,1758,-4.6143,15.667,29.29,40.852,47.385,52.585,60.865,50.458,38.626
1759,1759,10.261,14.135,29.625,36.051,47.257,47.322,51.158,51.232,40.441,1759,1759,9.9958,23.252,31.304,33.787,48.026,47.558,45.261,44.728,37.707,1759,1759,-3.0436,15.578,27.942,38.19,47.835,53.833,64.839,56.16,39.537
1760,1760,3.7653,22.845,27.83,34.438,46.741,48.327,55.239,52.735,43.129,1760,1760,8.928,17.334,24.627,35.828,48.285,48.837,50.146,47.414,37.489,1760,1760,-0.32475,15.978,28.571,34.392,47.251,57.106,68.734,58.476,40.05
1761,1761,4.9397,23.167,26.372,37.75,52.82,55.267,57.352,52.675,40.881,1761,1761,7.9926,17.822,27.71,36.979,52.394,54.518,52.608,49.631,38.89,1761,1761,1.6679,17.093,32.347,37.6,51.433,62.083,68.7,58.761,40.614
1762,1762,11.489,24.225,31.859,40.918,55.29,56.139,56.977,53.262,41.304,1762,1762,17.566,20.519,25.609,38.481,53.232,54.879,53.331,51.094,40.145,1762,1762,-1.3758,21.17,31.267,42.05,51.145,64.506,67.684,56.893,41.438
1763,1763,6.8928,19.434,28.935,40.155,54.539,58.65,56.027,53.422,44.24,1763,1763,14.87,22.729,30.736,40.276,56.479,57.72,52.546,52.799,40.341,1763,1763,-5.1533,18.841,28.245,43.082,54.885,64.777,66.013,53.748,42.351
1764,1764,12.131,21.897,27.969,35.615,55.054,58.515,53.962,54.189,41.765,1764,1764,12.404,19.478,28.21,36.748,55.19,57.876,50.352,53.592,40.421,1764,1764,2.6769,15.492,29.158,43.022,54.064,63.128,63.2,51.398,41.33
1765,1765,9.5225,18.275,33.795,42.31,50.56,52.32,49.588,53.374,42.763,1765,1765,13.141,18.724,28.13,41.041,51.621,52.02,46.09,52.194,39.642,1765,1765,-2.3745,18.049,26.803,44.447,51.713,57.844,59.748,49.765,40.121
1766,1766,8.2578,26.456,31.771,39.449,53.02,53.496,54.592,59.106,42.769,1766,1766,10.623,19.007,25.774,37.756,53.562,52.526,50.619,56.547,41.611,1766,1766,4.4771,22.363,28.481,43.256,55.3,58.895,64.377,56.236,41.847
1767,1767,8.7525,20.479,30.508,41.059,51.868,51.957,60.544,61.952,46.313,1767,1767,11.647,18.857,32.395,36.538,54.333,53.18,58.037,60.44,44.194,1767,1767,7.1377,16.939,30.728,41.484,54.054,60.883,68.499,58.374,43.273
1768,1768,13.633,22.677,30.664,42.503,55.22,56.791,61.776,62.823,45.428,1768,1768,17.055,19.755,30.717,43.506,59.615,57.942,57.466,60.289,45.021,1768,1768,9.246,12.207,30.86,38.983,59.747,63.99,71.355,61.715,44.783
1769,1769,8.7818,26.889,32.993,41.696,56.975,58.641,61.484,61.134,45.956,1769,1769,12.51,25.775,29.762,43.077,59.571,58.855,58.482,58.304,43.493,1769,1769,6.0533,21.885,32.326,42.025,61.604,64.937,72.133,62.58,44.19
1770,1770,12.41,21.829,28.992,43.348,59.409,58.48,64.787,59.957,44.878,1770,1770,15.876,23.708,22.848,48.594,58.463,58.266,60.729,57.335,43.359,1770,1770,7.5531,26.458,30.044,38.837,59.983,65.855,75.005,62.425,44.613
1771,1771,11.559,16.993,27.991,37.885,59.394,62.095,68.898,60.498,46.931,1771,1771,17.791,27.563,29.253,42.39,57.345,60.441,64.866,58.274,44.832,1771,1771,1.2248,23.697,30.578,40.991,59.308,68.327,77.111,63.859,46.332
1772,1772,5.3284,22.415,28.633,39.219,58.076,62.962,70.012,60.751,45.202,1772,1772,8.35,21.186,29.262,37.679,55.096,60.06,65.363,60.076,43.977,1772,1772,0.25942,27.165,32.601,42.932,58.533,70.814,77.097,64.151,45.314
1773,1773,3.0325,16.119,25.926,41.502,56.559,61.301,68.845,59.154,44.966,1773,1773,8.9804,23.584,29.885,42.985,56.253,60.031,63.881,58.203,42.165,1773,1773,3.9788,22.364,31.961,44.452,56.137,67.497,76.426,64.203,44.403
1774,1774,1.3555,26.396,32.577,38.561,53.725,59.506,65.44,52.354,41.577,1774,1774,4.0489,23.394,34.066,40.769,54.134,57.934,61.791,51.793,38.836,1774,1774,2.0731,28.701,31.749,37.579,51.549,69.345,73.789,61.19,41.773
1775,1775,6.7787,27.457,34.458,40.091,56.179,56.178,65.304,53.375,43.519,1775,1775,11.276,23.679,34.677,42.632,56.262,56.452,62.26,49.99,38.338,1775,1775,4.7969,22.331,32.153,42.829,56.242,65.787,73.048,57.55,41.538
1776,1776,7.7655,18.623,32.951,45.822,58.745,60.676,59.636,50.384,41.936,1776,1776,6.4921,23.551,29.794,44.6,58.902,61.32,59.265,48.753,39.39,1776,1776,2.3902,22.141,34.12,42.793,57.776,67.562,68.719,56.225,41.202
1777,1777,1.5479,21.247,31.679,43.565,61.935,61.21,55.42,46.352,43.913,1777,1777,1.6704,22.776,30.131,44.488,60.979,61.222,52.267,44.396,38.348,1777,1777,5.7909,20.092,31.424,42.953,61.215,63.54,63.762,50.909,40.404
1778,1778,11.75,24.783,29.789,40.38,54.647,54.986,58.031,48.271,41.73,1778,1778,11.325,24.187,28.054,44.447,56.785,55.561,53.211,44.709,37.292,1778,1778,-2.2715,23.607,33.136,39.684,54.344,63.658,65.504,51.788,40.034
1779,1779,10.829,24.813,31.802,38.146,54.087,54.828,45.665,45.642,43.152,1779,1779,16.859,21.338,29.27,42.668,53.756,54.533,43.719,42.411,37.41,1779,1779,-3.2926,14.516,24.105,38.471,52.391,59.096,54.632,46.676,39.658
1780,1780,9.0262,14.512,26.572,38.882,51.646,52.65,42.81,42.372,41.152,1780,1780,13.312,21.193,22.297,36.999,50.581,51.898,39.3,39.932,37.456,1780,1780,-0.55915,19.158,29.288,38.609,54.388,57.285,54.218,45.127,39.853
1781,1781,6.398,22.47,29.593,40.181,52.43,51.556,43.684,45.362,45.401,1781,1781,6.548,15.604,30.366,44.083,55.745,52.04,41.038,43.198,38.74,1781,1781,-2.7923,22.774,25.838,39.766,55.35,54.942,54.547,48.094,41.29
1782,1782,0.21274,26.489,24.178,35.222,50.923,54.092,52.306,43.223,41.986,1782,1782,6.9412,18.287,32.935,39.081,51.969,55.206,50.228,41.705,37.486,1782,1782,1.6982,26.221,27.566,38.955,53.788,59.638,60.154,46.25,40.598
1783,1783,3.9219,24.292,29.127,44.508,56.578,57.844,44.374,41.209,42.999,1783,1783,8.1648,21.606,31.431,45.617,56.514,57.378,41.398,39.238,38.133,1783,1783,-2.7237,22.948,26.072,41.495,56.485,60.264,52.502,43.105,39.569
1784,1784,-1.9623,22.765,36.063,47.933,51.624,47.052,39.42,40.78,40.875,1784,1784,5.4803,20.161,33.213,45.635,53.543,48.264,35.997,38.735,36.459,1784,1784,0.53702,18.92,31.339,41.236,51.612,52.448,50.076,40.14,38.873
1785,1785,12.623,23.26,32.82,50.948,51.384,48.348,39.609,40.637,42.878,1785,1785,12.41,24.129,32.153,51.309,49.041,46.899,36.92,39.808,37.67,1785,1785,-2.5968,21.018,25.52,42.463,48.08,52.119,49.753,40.166,39.307
1786,1786,11.273,25.9,29.423,49.237,48.912,46.305,41.258,43.48,40.242,1786,1786,4.7252,27.296,31.371,50.864,48.586,44.842,36.276,41.233,37.129,1786,1786,3.8473,20.235,28.805,41.818,49.579,50.561,52.923,46.621,38.41
1787,1787,7.2761,22.852,32.1,54.262,53.449,50.486,42.04,42.529,43.166,1787,1787,12.07,25.017,35.969,56.06,54.843,49.42,38.184,40.508,38.493,1787,1787,2.4414,19.961,30.431,43.144,54.228,53.137,52.987,45.818,39.17
1788,1788,16.204,25.333,31.794,45.487,48.194,44.984,40.53,41.999,41.287,1788,1788,19.107,24.45,27.485,49.702,51.428,45.528,36.604,39.947,37.381,1788,1788,-0.1876,22.859,30.467,43.508,50.835,50.06,51.962,45.344,39.341
1789,1789,14.724,25.799,28.725,47.105,45.723,43.254,37.971,40.527,43.345,1789,1789,19.553,25.812,28.155,48.172,47.491,43.135,34.654,39.11,37.567,1789,1789,5.7476,25.953,31.091,44.069,47.215,49.117,49.544,39.749,39.426
1790,1790,8.2988,25.549,28.153,45.486,48.833,43.244,39.157,48.553,44.734,1790,1790,9.4656,20.895,27.701,48.425,50.643,45.463,35.601,48.938,42.768,1790,1790,5.9289,20.735,29.256,38.326,48.214,49.292,50.493,45.565,42.337
1791,1791,11.422,19.64,31.286,43.426,49.726,49.276,43.413,54.703,48.526,1791,1791,14.832,27.521,32.215,43.33,49.252,48.124,39.745,51.35,44.792,1791,1791,5.6516,23.241,30.382,41.083,48.106,53.538,53.289,47.937,44.496
1792,1792,10.856,22.144,33.959,43.735,48.17,49.129,40.774,53.226,44.898,1792,1792,17.154,23.857,32.315,42.47,50.755,50.377,38.727,47.675,41.268,1792,1792,7.4217,23.878,39.399,43.169,51.766,57.151,53.972,48.636,41.605
1793,1793,12.213,22.751,28.89,37.625,48.988,48.567,45.078,52.393,43.932,1793,1793,6.6124,18.589,29.544,37.258,48.214,47.67,43.373,49.186,39.268,1793,1793,12.776,22.51,33.948,39.359,51.462,57.162,56.606,47.46,40.39
1794,1794,6.9447,19.93,27.522,39.511,47.144,48.689,43.699,48.539,41.093,1794,1794,9.3405,19.377,28.996,40.467,48.914,48.343,39.257,43.443,37.008,1794,1794,11.476,23.667,30.265,39.527,50.222,56.441,56.199,47.434,39.692
1795,1795,7.4417,23.916,28.683,37.237,47.649,50.531,46.338,47.111,42.947,1795,1795,7.9888,24.756,33.115,39.598,49.563,50.917,42.675,43.654,37.883,1795,1795,2.2273,21.413,26.346,39.444,50.019,53.908,57.634,49.451,39.18
1796,1796,10.101,23.402,30.742,39.016,54.014,58.063,48.703,46.11,40.482,1796,1796,9.5646,22.271,31.684,41.475,54.397,57.903,45.746,43.448,37.61,1796,1796,-0.79664,27.554,29.713,40.468,55.859,61.419,56.466,44.983,39.46
1797,1797,9.998,21.857,30.066,42.859,50.413,52.348,48.721,44.425,43.138,1797,1797,8.9662,20.128,31.957,46.377,52.605,52.097,46.357,42.421,38.458,1797,1797,0.14336,24.447,28.901,42.221,50.279,53.992,57.876,45.882,40.516
1798,1798,11.813,26.606,31.387,41.971,48.059,49.648,43.12,43.483,42.496,1798,1798,11.246,18.922,33.494,42.99,49.418,50.568,41.249,41.411,37.76,1798,1798,1.6095,20.643,26.711,40.732,51.735,54.314,55.086,45.725,39.698
1799,1799,6.5022,22.535,28.441,43.027,51.344,55.333,43.911,42.433,43.247,1799,1799,7.2079,23.102,32.842,39.876,51.51,55.33,42.151,41.409,37.707,1799,1799,-5.7616,14.952,31.658,50.751,53.85,55.583,54.11,44.733,39.633
1800,1800,9.3027,20.432,30.926,41.285,53.033,58.169,44.803,44.618,40.723,1800,1800,14.297,16.488,30.512,38.747,52.783,56.832,43.267,43.439,37.372,1800,1800,1.039,16.87,26.873,40.803,51.731,58.883,55.655,48.574,39.411
1801,1801,6.5416,16.568,28.298,43.844,59.887,61.12,51.792,51.096,44.597,1801,1801,15.343,26.602,30.395,42.429,60.672,61.651,51.953,50.974,39.451,1801,1801,3.0704,24.584,30.142,44.917,56.002,63.032,61.444,50.809,41.313
1802,1802,6.4878,20.425,28.509,51.405,66.711,67.023,57.121,51.827,44.684,1802,1802,13.341,20.696,32.99,47.99,63.829,64.512,58.279,51.546,39.737,1802,1802,5.2846,22.765,30.621,51.168,66.249,69.768,66.619,55.14,43.049
1803,1803,14.468,21.561,26.602,47.489,67.43,67.428,59.478,50.727,47.138,1803,1803,12.216,14.192,30.838,50.037,74.114,70.531,61.34,50.608,41.291,1803,1803,2.1298,20.193,28.814,48.734,67.967,71.326,69.702,55.627,44.309
1804,1804,13.582,19.962,36.078,49.751,71.01,70.552,61.497,54.34,47.622,1804,1804,9.0468,21.501,37.888,53.175,73.086,69.373,60.898,53.17,42.094,1804,1804,0.35019,17.742,31.48,47.349,66.107,72.105,70.947,55.689,45.602
1805,1805,14.574,22.212,34.806,54.758,69.198,71.084,63.026,54.464,46.868,1805,1805,4.016,19.59,33.528,56.351,68.871,70.745,62.563,52.77,41.953,1805,1805,6.2827,15.352,29.319,54.399,70.244,74.393,72.456,58.419,45.133
1806,1806,9.1044,18.926,32.483,56.086,71.006,72.99,60.67,53.54,46.093,1806,1806,9.6448,20.752,34.891,58.336,70.968,72.468,62.153,53.077,41.376,1806,1806,-0.10726,18,30.949,55.788,67.412,73.417,72.159,57.314,44.23
1807,1807,4.0009,21.221,37.363,56.221,68.748,70.54,58.543,51.689,45.09,1807,1807,6.6856,26.053,39.534,61.097,69.145,70.607,59.414,51.202,41.083,1807,1807,5.4399,19.06,34.652,54.902,67.197,70.822,68.081,54.984,43.663
1808,1808,7.6329,20.09,31.349,55.39,68.915,66.738,58.073,51.8,45.24,1808,1808,10.238,26.778,34.685,60.689,69.224,65.852,57.737,51.728,40.039,1808,1808,-0.34882,28.022,36.61,55.338,64.42,68.584,67.251,52.766,42.881
1809,1809,7.9411,21.495,32.991,49.661,64.818,62.382,53.188,46.788,42.701,1809,1809,4.7027,20.459,31.564,49.31,64.68,61.615,52.604,45.934,39.029,1809,1809,3.6902,27.986,32.669,51.982,63.94,64.648,62.66,49.069,41.654
1810,1810,4.7062,17.603,27.684,43.52,56.623,56.329,52.447,43.78,42.587,1810,1810,6.1415,19.205,29.082,46.924,58.947,57.208,48.261,43.632,37.46,1810,1810,1.2387,16.048,31.777,44.781,58.357,61.805,60.664,46.341,38.845
1811,1811,1.53,21.527,30.628,44.039,56.251,54.68,51.011,42.674,40.419,1811,1811,6.8408,20.333,32.483,46.75,56.556,54.948,48.896,43.683,37.324,1811,1811,0.11493,19.182,28.487,42.983,58.581,61.971,59.812,44.25,38.671
1812,1812,11.021,25.777,28.922,41.105,50,52.323,44.729,42.28,42.85,1812,1812,11.383,15.878,24.548,44.976,51.776,52.224,45.22,43.377,44.462,1812,1812,-0.70608,15.764,27.031,41.611,54.644,57.667,56.657,48.247,44.365
1813,1813,10.191,17.417,29.466,40.944,49.322,49.031,46.239,41.638,39.316,1813,1813,14.569,19.169,26.149,43.138,51.597,50.863,44.576,40.251,36.356,1813,1813,7.1791,19.45,27.117,42.428,51.764,54.313,59.363,48.677,38.85
1814,1814,12.078,18.02,29.745,39.667,49.86,48.758,45.904,42.696,42.186,1814,1814,15.273,22.837,30.584,38.659,51.278,47.454,43.093,40.488,37.039,1814,1814,0.93022,20.891,27.727,39.961,51.177,56.386,58.556,48.05,38.444
1815,1815,10.558,23.6,28.866,38.917,44.913,44.921,44.803,44.465,39.466,1815,1815,11.745,7.4043,30.493,40.563,50.53,46.991,42.851,42.581,36.952,1815,1815,-1.6898,17.855,25.466,40.823,48.729,52.085,57.825,48.088,38.365
1816,1816,4.7465,24.185,27.101,37.291,48.607,49.533,44.541,43.983,42.36,1816,1816,3.4899,10.751,28.607,40.361,51.404,50.536,43.256,42.312,37.212,1816,1816,4.4491,19.777,29.834,38.776,50.902,56,57.397,48.307,38.377
1817,1817,1.7437,16.799,29.48,38.598,47.697,50.07,44.325,43.139,39.087,1817,1817,9.2325,17.391,30.79,40.188,51.06,51.001,43.313,41.763,36.549,1817,1817,-2.2568,16.623,32.62,40.635,50.449,57.919,58.628,47.757,38.21
1818,1818,7.0869,20.527,29.273,39.353,49.546,50.477,43.35,42.311,41.352,1818,1818,15.398,18.572,31.128,40.669,51.809,50.334,39.921,40.688,36.593,1818,1818,2.1473,20.094,29.775,38.671,51.63,54.98,57.357,47.725,37.978
1819,1819,5.0475,18.775,28.156,38.88,48.742,49.143,43.47,42.404,41.408,1819,1819,12.391,16.314,31.032,38.884,49.782,49.514,40.113,40.831,36.592,1819,1819,-1.6434,17.395,26.146,41.661,52.255,51.523,57.446,46.486,37.923
1820,1820,7.7044,15.701,27.514,39.123,51.174,51.481,42.968,42.51,40.154,1820,1820,13.264,16.795,26.862,39.589,50.797,50.159,39.807,41.168,36.543,1820,1820,-6.3838,22.098,29.966,42.116,51.461,49.936,56.6,45.731,38.989
1821,1821,8.8688,18.493,25.571,40.345,57.304,52.446,42.409,42.129,44.63,1821,1821,9.075,19.584,28.236,40.593,56.991,52.377,42.164,39.871,41.301,1821,1821,-4.4371,20.668,29.5,40.034,48.562,53.286,54.031,45.588,43.635
1822,1822,15.757,19.833,28.246,37.402,53.871,54.58,40.718,40.098,39.941,1822,1822,19.302,25.07,28.571,37.478,53.855,53.422,37.011,39.6,36.586,1822,1822,-3.625,22.351,32.753,41.498,51.441,52.155,53.451,45.646,37.855
1823,1823,8.5755,20.503,28.001,36.797,51.579,50.644,41.759,45.752,44.862,1823,1823,18.022,20.311,26.067,39.347,53.044,50.124,38.812,44.449,41.864,1823,1823,0.45954,19.429,30.269,38.787,54.19,52.987,54.717,46.552,43.599
1824,1824,10.598,13.836,29.293,38.946,54.448,50.867,41.168,40.743,40.077,1824,1824,13.577,20.105,24.006,40.18,58.464,53.224,38.83,40.422,36.96,1824,1824,0.84003,24.426,27.448,46.556,62.878,57.355,54.445,44.77,38.719
1825,1825,0.025059,21.982,27.968,40.579,55.643,49.122,40.122,39.956,41.753,1825,1825,13.685,21.826,25.25,39.524,59.283,51.101,36.153,39.214,37.597,1825,1825,5.2204,23.703,25.308,47.221,59.98,54.657,51.49,41.961,38.244
1826,1826,9.7197,21.268,28.678,39.113,48.937,46.769,38.951,39.905,41.088,1826,1826,7.5335,15.754,25.788,41.949,52.675,46.856,36.519,37.77,36.546,1826,1826,-3.164,20.725,31.355,40.571,57.792,51.912,50.415,40.31,39.028
1827,1827,10.494,23.282,30.66,40.024,49.608,47.418,38.137,39.802,42.955,1827,1827,0.36517,9.6092,29.829,43.334,50.953,48.554,35.913,38.283,36.634,1827,1827,-6.9939,21.063,31.3,41.46,53.41,51.372,49.78,41.48,38.481
1828,1828,15.075,22.385,30.535,41.348,48.942,47.764,42.972,43.253,39.283,1828,1828,5.5347,15.111,28.889,39.469,50.316,48.981,42.198,44.535,36.712,1828,1828,-2.24,22.667,30.848,43.34,52.101,53.295,55.725,46.295,37.945
1829,1829,11.475,21.404,27.737,38.042,48.938,48.961,45.683,40.995,42.52,1829,1829,2.4481,16.36,29.002,40.322,52.664,50.151,43.83,41.47,36.773,1829,1829,-0.45775,18.848,27.439,37.302,54.193,56.47,55.682,44.368,38.479
1830,1830,11.193,24.474,31.309,37.008,49.342,50.032,46.48,44.747,40.123,1830,1830,14.272,24.204,30.402,36.889,52.1,50.202,44.385,46.571,37.652,1830,1830,7.143,17.747,28.712,42.506,54.588,56.582,56.739,45.399,38.802
1831,1831,2.8966,28.158,27.542,35.432,50.111,48.677,48.648,44.34,43.227,1831,1831,11.541,16.699,31.206,37.232,49.911,46.18,45.415,46.2,37.768,1831,1831,4.8246,17.895,32.969,39.672,52.432,55.126,56.949,44.598,38.476
1832,1832,8.1802,20.413,29.254,37.24,51.829,54.25,50.555,45.451,41.073,1832,1832,15.304,13.122,24.635,38.46,52.521,53.281,48.469,46.696,37.742,1832,1832,6.2767,15.401,23.61,37.712,51.422,58.307,57.814,46.941,38.819
1833,1833,0.38627,20.468,30.986,41.416,55.531,54.255,50.59,42.532,43.202,1833,1833,6.702,16.332,31.39,43.695,54.619,53.428,47.38,42.744,37.213,1833,1833,4.1932,15.257,29.854,46.655,62.08,62.427,59,42.681,38.895
1834,1834,-0.26387,22.355,29.907,38.422,55.038,56.126,49.314,45.338,41.351,1834,1834,6.0141,17.963,29.48,44.427,58.656,56.979,46.871,44.089,38.012,1834,1834,2.4695,15.874,32.517,44.761,58.945,61.971,57.659,45.34,39.764
1835,1835,9.2815,22.02,32.17,45.023,58.382,59.798,52.69,50.265,43.137,1835,1835,10.972,18.012,29.924,48.971,61.979,60.716,52.402,48.759,38.239,1835,1835,-2.0918,18.304,27.723,48.944,63.905,62.994,62.515,51.638,40.682
1836,1836,7.9973,17.046,30.851,47.129,65.576,66.358,57.244,50.955,41.228,1836,1836,15.132,18.743,34.178,50.823,68.947,66.42,56.247,49.327,39.302,1836,1836,-1.2111,22.528,27.942,48.656,63.125,67.292,64.88,51.616,40.346
1837,1837,12.29,19.198,32.226,51.958,67.8,65.892,56.329,52.246,44.543,1837,1837,9.3837,21.777,33.235,53.717,68.048,66.353,58.245,50.248,39.199,1837,1837,0.10569,20.721,33.5,48.413,65.734,71.189,67.353,53.905,42.229
1838,1838,6.6309,26.627,33.025,50.242,66.312,69.21,58.042,52.388,43.723,1838,1838,7.8181,22.503,31.542,53.988,69.563,69.565,58.451,51.237,39.805,1838,1838,2.1397,17.947,30.748,49.228,64.604,72.005,67.633,55.43,42.472
1839,1839,2.67,22.164,30.949,48.261,65.005,68.249,59.352,53.153,45.285,1839,1839,7.8811,22.545,30.901,53.428,67.111,67.085,59.378,54.15,40.716,1839,1839,-3.7741,19.305,27.73,49.943,65.401,71.477,68.743,54.186,41.732
1840,1840,11.467,19.713,30.16,50.244,69.025,67.662,61.103,54.873,45.724,1840,1840,12.313,25.497,31.02,52.877,71.145,67.664,62.498,55.19,41.921,1840,1840,-5.0843,21.31,28.183,48.938,65.965,72.879,71.19,57.694,43.999
1841,1841,5.5157,21.452,29.729,50.807,61.872,65.451,60.642,55.493,45.711,1841,1841,20.265,20.969,30.021,55.274,61.057,63.835,59.898,57.022,42.821,1841,1841,5.9947,19.559,29.721,47.932,62.455,68.412,71.876,62.467,43.988
1842,1842,11.411,21.316,29.253,45.129,61.756,62.61,60.763,57.535,46.96,1842,1842,19.019,23.659,33.133,49.647,64.615,63.68,59.053,55.129,41.931,1842,1842,4.3577,21.493,32.615,44.956,64.048,68.948,71.949,63.263,45.467
1843,1843,7.1349,21.594,31.029,46.244,59.005,62.113,59.427,58.45,46.406,1843,1843,15.385,23.888,31.524,50.642,59.333,62.168,61.234,54.248,41.174,1843,1843,-0.1782,21.244,33.629,45.189,61.862,65.428,70.347,62.002,44.558
1844,1844,9.3021,14.826,34.546,47.583,62.577,63.657,61.024,58.011,45.604,1844,1844,21.565,22.447,33.242,52.378,61.8,63.855,62.42,55.753,41.217,1844,1844,12.389,19.204,34.123,45.988,61.245,66.432,72.416,63.699,44.606
1845,1845,14.037,20.358,32.893,48.019,64.323,64.355,63.751,59.629,47.379,1845,1845,17.961,26.966,37.222,48.433,60.471,63.716,63.64,57.516,41.215,1845,1845,9.0768,20.303,31.18,44.355,62.094,67.122,73.823,62.626,44.483
1846,1846,14.29,23.163,33.473,43.641,64.391,67.647,69.623,62.073,46.227,1846,1846,13.798,20.968,31.249,43.773,66.529,68.628,64.704,58.931,42.2,1846,1846,7.7421,23.449,32.318,46.377,65.347,71.612,74.581,64.956,44.716
1847,1847,12.833,16.881,32.252,40.644,61.211,65.128,66.043,62.711,46.058,1847,1847,17.801,21.111,22.88,39.75,60.881,64.541,64.655,59.708,41.765,1847,1847,2.8793,11.674,29.05,45.38,61.671,68.91,76.346,68.553,45.629
1848,1848,10.726,23.574,32.864,42.04,62.763,65.512,70.142,63.385,44.901,1848,1848,17.906,23.893,28.448,43.285,62.029,64.41,63.414,59.481,41.636,1848,1848,-1.0785,21.281,25.607,42.373,62.993,68.267,76.905,69.363,46.072
1849,1849,13.528,20.861,32.796,35.86,62.609,63.724,66.812,60.98,44.837,1849,1849,4.8916,12.524,29.101,44.854,62.916,62.677,63.059,57.802,41.415,1849,1849,5.7602,17.798,33.394,42.928,62.517,67.578,75.584,67.588,45.046
1850,1850,13.838,18.821,27.358,40.305,59.18,58.917,66.148,56.843,41.635,1850,1850,3.8583,19.347,30.01,42.929,59.171,58.932,61.396,54.317,39.341,1850,1850,4.1836,16.391,26.672,42.727,58.631,64.485,73.601,64.772,42.597
1851,1851,5.5563,22.479,34.327,42.448,54.726,56.571,63.788,54.11,43.099,1851,1851,9.546,17.74,28.48,43.444,56.113,55.253,59.532,51.655,39.453,1851,1851,-3.6402,15.296,26.768,46.952,59.121,61.813,71.312,55.862,40.301
1852,1852,4.6204,21.532,33.082,39.173,50.581,54.725,59.41,54.349,40.142,1852,1852,6.7144,20.208,30.794,38.856,53.858,53.508,58.487,49.511,38.179,1852,1852,-0.29271,18.742,23.767,38.965,54.007,58.785,67.464,55.195,39.33
1853,1853,9.0012,18.8,24.674,42.213,54.01,55.689,59.497,54.499,42.873,1853,1853,6.3214,22.018,29.317,44.817,55.57,54.849,58.764,50.601,38.495,1853,1853,5.5579,21.719,28.638,43.732,59.402,60.281,66.845,53.619,40.006
1854,1854,6.5134,18.585,31.618,40.307,54.658,57.217,59.579,56.053,40.468,1854,1854,10.217,25.247,33.319,46.272,56.632,56.883,56.605,52.472,38.588,1854,1854,-1.502,25.896,29.398,45.617,58.984,62.112,66.477,53.837,39.662
1855,1855,6.5366,16.308,29.542,41.2,54.759,59.86,59.641,55.589,43.033,1855,1855,12.799,22.118,31.612,43.36,56.104,59.213,56.879,50.971,39.248,1855,1855,-3.7352,26.644,27.668,45.371,58.979,60.199,66.236,54.929,39.798
1856,1856,9.5042,20.947,30.689,38.793,50.193,54.222,56.834,51.813,39.378,1856,1856,18.366,22.453,27.107,40.306,51.936,52.333,54.714,49.027,37.675,1856,1856,-1.289,23.169,30.759,38.777,54.244,58.184,66.159,52.501,38.584
1857,1857,4.1689,15.729,28.361,41.323,49.526,51.43,56.255,47.484,41.935,1857,1857,8.4,19.075,26.281,36.65,53.182,50.45,54.407,44.613,37.904,1857,1857,0.733,16.813,26.037,42.592,54.6,54.283,65.456,48.858,38.157
1858,1858,11.01,17.76,28.188,40.88,49.998,51.234,52.994,41.901,38.818,1858,1858,14.963,16.243,25.143,34.477,52.357,51.312,47.487,40.873,36.911,1858,1858,-3.896,17.798,26.293,39.338,49.412,52.956,59.567,44.036,38.079
1859,1859,12.02,22.019,31.015,38.023,48.965,50.023,48.984,42.557,42.121,1859,1859,12.134,12.534,28.593,39.925,50.113,50.732,45.594,40,36.813,1859,1859,-7.7495,17.197,29.867,38.843,50.901,52.768,62.281,52.761,38.6
1860,1860,2.2085,16.116,29.614,36.43,49.012,48.751,53.092,45.135,38.902,1860,1860,5.7142,16.616,31.182,37.544,49.668,48.532,47.827,43.87,37.287,1860,1860,-8.1603,11.211,30.756,39.42,49.11,54.054,64.884,53.274,38.936
1861,1861,2.7201,17.714,30.002,35.67,49.825,51.709,54.036,46.03,40.524,1861,1861,9.0564,23.265,27.086,36.121,47.374,51.042,49.276,42.99,37.544,1861,1861,-2.8583,19.725,25.422,38.057,47.838,56.314,65.967,56.718,38.609
1862,1862,0.13786,21.944,28.411,40.463,54.303,57.615,56.296,48.236,40.718,1862,1862,7.9297,25.824,28.933,39.736,53.967,56.91,50.242,43.631,37.038,1862,1862,-2.1741,19.602,29.871,42.587,51.33,59.017,69.65,59.978,40.122
1863,1863,11.35,15.789,28.941,35.754,54.927,55.199,58.104,53.396,38.699,1863,1863,3.57,18.552,32.196,43.254,56.332,55.937,51.247,47.445,37.167,1863,1863,-0.56841,10.214,26.74,41.081,52.929,59.973,72.663,66.558,43.075
1864,1864,6.2962,22.474,31.275,44.321,55.903,55.623,58.337,57.475,44.838,1864,1864,3.7612,25.081,33.853,48.036,55.18,54.384,53.531,56.745,42.38,1864,1864,4.1279,15.878,27.28,42.178,53.885,58.628,75.838,72.109,47.053
1865,1865,10.09,22.026,32.908,42.447,59.994,56.742,58.346,62.857,47.731,1865,1865,14.036,28.68,33.042,42.463,56.691,56.285,54.61,60.353,44.306,1865,1865,7.6787,16.965,33.624,40.667,52.553,57.873,75.554,70.257,46.266
1866,1866,7.0678,28.655,29.851,38.514,52.296,54.755,52.259,52.577,42.731,1866,1866,17.723,17.062,29.23,40.082,51.714,53.759,50.609,50.666,39.518,1866,1866,2.6637,21.178,31.303,40.398,50.125,56.329,67.335,61.804,40.769
1867,1867,4.3002,19.534,29.029,37.666,47.911,49.044,47.547,50.667,38.933,1867,1867,14.749,21.531,26.695,40.731,48.652,49.25,48.25,47.848,37.104,1867,1867,2.614,20.602,34.859,41.1,50.177,55.268,63.521,55.523,39.002
1868,1868,9.5082,26.719,28.236,36.945,48.883,51.954,47.017,47.289,42.402,1868,1868,13.913,21.608,31.079,38.938,49.665,51.237,43.168,44.326,36.96,1868,1868,-13.839,20.237,30.981,36.949,51.356,56.397,58.62,50.837,37.863
1869,1869,9.6401,19.964,27.272,37.426,47.062,51.545,44.233,45.512,39.832,1869,1869,13.701,19.957,31.758,39.186,47.305,50.721,41.288,42.723,36.486,1869,1869,-1.036,17.909,32.115,38.329,47.493,53.852,57.148,48.758,37.728
1870,1870,4.8684,17.01,28.357,37.312,47.446,48.461,41.492,41.667,42.559,1870,1870,11.561,21.682,30.785,37.552,52.888,49.974,38.711,39.589,36.487,1870,1870,-3.9966,19.953,30.277,37.199,48.929,52.484,53.595,45.514,37.991
1871,1871,8.4872,21.033,28.502,40.289,46.398,48.705,41.36,39.481,38.593,1871,1871,3.8086,16.941,30.542,41.216,49.493,48.467,38.532,38.166,35.837,1871,1871,1.2929,13.472,27.247,40.126,46.488,51.729,51.315,42.422,37.107
1872,1872,10.039,19.47,32.357,38.98,45.207,43.751,40.633,38.698,41.721,1872,1872,3.7553,20.097,32.889,42.629,46.902,43.493,35.621,37.519,36.743,1872,1872,-3.8887,18.77,28.032,39.664,45.742,49.491,49.159,40.084,37.632
1873,1873,12.724,23.728,31.501,36.347,45.095,44.853,38.394,38.604,38.706,1873,1873,12.384,23.35,25.333,30.933,48.072,45.361,34.286,36.504,35.419,1873,1873,2.2705,10.815,27.184,34.325,41.59,48.862,49.409,41.091,37.004
1874,1874,11.314,23.489,27.752,35.825,46.712,47.674,37.479,39.107,42.215,1874,1874,7.683,23.365,27.845,36.826,48.144,47.181,34.86,36.2,36.411,1874,1874,6.477,14.871,22.861,38.687,43.052,48.488,47.093,38.323,37.532
1875,1875,14.223,19.232,26.91,38.605,46.728,48.745,37.812,43.182,40.392,1875,1875,10.869,19.831,28.596,37.267,47.274,48.305,37.53,42.18,37.62,1875,1875,4.1652,17.438,29.922,38.304,45.833,49.497,51.05,45.002,39.497
1876,1876,3.0727,24.659,28.539,38.603,44.924,43.767,36.337,39.826,42.581,1876,1876,12.568,26.368,29.152,37.491,42.048,41.837,31.692,37.738,36.779,1876,1876,0.12681,17.548,23.517,39.131,44.831,49.93,48.128,40.512,37.097
1877,1877,2.5254,19.776,32.694,37.477,44.047,41.314,36.847,39.806,39.883,1877,1877,11.16,22.996,28.215,36.374,42.974,40.453,32.886,37.944,36.102,1877,1877,2.9478,18.904,29.48,35.559,45.601,49.326,47.856,39.423,37.833
1878,1878,11.551,22.31,26.938,35.148,42.933,44.539,36.423,38.325,42.164,1878,1878,7.0532,20.834,28.584,35.815,42.518,43.921,31.485,36.314,36.746,1878,1878,1.3176,17.792,26.446,38.834,45.014,47.645,47.567,41.351,37.019
1879,1879,7.4218,15.596,28.025,34.054,41.502,41.582,35.412,39.198,37.651,1879,1879,8.0689,19.161,29.675,37.155,43.375,41.402,32.375,37.255,36.729,1879,1879,-2.9038,17.112,25.567,37.659,41.569,48.32,48.214,41.669,36.911
1880,1880,6.4041,18.233,28.818,32.056,41.821,44.125,36.256,39.779,42.391,1880,1880,1.0426,18.691,27.124,36.799,44.313,44.142,33.38,37.347,36.566,1880,1880,-2.3525,12.323,26.234,35.276,43.357,49.772,48.765,41.942,37.628
1881,1881,8.0619,17.211,29.49,35.221,42.081,40.894,37.881,38.876,39.666,1881,1881,8.3277,18.016,26.559,36.31,42.306,40.261,32.4,37.289,36.057,1881,1881,-2.4411,15.717,24.341,36.768,44.063,51.844,51.032,43.329,36.88
1882,1882,3.3956,25.07,29.474,33.308,41.773,43.16,36.63,38.343,42.009,1882,1882,6.1686,23.448,29.064,36.897,46.44,43.831,32.023,35.591,36.384,1882,1882,-2.6868,20.133,29.864,35.79,43.658,50.719,48.469,40.482,37.223
1883,1883,4.2314,20.755,32.683,33.495,42.226,44.916,34.856,37.481,39.657,1883,1883,11.672,24.231,28.289,32.682,45.037,45.52,33.678,36.048,36.336,1883,1883,-6.7313,21.109,26.529,37.742,44.184,48.17,46.776,38.917,37.03
1884,1884,9.2788,21.637,32.188,36.318,45.108,44.13,37.063,38.795,42.413,1884,1884,10.429,20.851,30.384,40.705,45.902,43.713,31.747,36.473,36.592,1884,1884,0.40618,20.309,26.406,37.691,43.261,48.163,47.457,38.256,37.504
1885,1885,7.9678,24.433,30.726,33.602,45.818,45.38,35.943,38.581,38.422,1885,1885,7.4547,23.444,27.96,35.44,46.543,44.541,33.383,36.771,36.399,1885,1885,0.62568,16.381,31.659,34.482,43.956,49.105,46.263,37.176,37.575
1886,1886,6.8943,17.595,28.518,33.958,40.927,41.569,36.084,39.251,42.276,1886,1886,10.523,23.657,25.722,36.509,42.145,41.947,35.204,36.304,36.736,1886,1886,3.3293,25.035,29.849,32.99,45.152,50.372,47.864,39.556,38.343
1887,1887,0.9317,19.291,29.588,34.588,39.442,40.459,36.241,38.036,38.892,1887,1887,4.8839,25.502,30.883,36.54,42.602,40.533,32.877,36.424,36.373,1887,1887,2.7252,13.846,25.297,33.752,44.295,49.405,47.421,38.413,37.684
1888,1888,7.3409,19.513,26.738,37.649,41.245,42.882,37.38,39.053,42.521,1888,1888,7.3064,18.272,29.88,37.007,43.964,43.163,33.385,37.103,36.709,1888,1888,-1.9376,14.297,27.021,38.484,44.465,49.991,47.819,39.634,37.402
1889,1889,10.887,17.185,25.015,37.109,49.783,49.43,39.855,38.136,39.936,1889,1889,4.6801,20.84,28.539,38.356,50.131,49.644,41.81,36.43,36.554,1889,1889,-0.2375,20.729,25.094,40.693,50.904,52.749,51.203,40.163,37.767
1890,1890,7.3906,17.239,30.282,45.279,47.412,43.956,38.502,38.258,42.047,1890,1890,14.104,16.808,30.713,43.481,48.784,45.07,41.906,37.209,36.848,1890,1890,2.0273,21.608,30.386,49.003,53.695,52.652,51.803,41.306,37.687
1891,1891,7.3631,10.327,26.401,40.11,47.296,49.765,43.763,41.731,39.39,1891,1891,14.196,21.342,29.181,44.62,50.905,49.169,41.728,42.051,36.83,1891,1891,-2.8246,19.241,29.935,39.442,50.791,55.269,53.583,41.681,38.023
1892,1892,4.3671,12.491,24.876,39.946,47.806,46.927,40.859,42.772,41.746,1892,1892,13.125,25.299,31.392,35.603,50.318,47.38,42.401,42.876,37.066,1892,1892,-4.2678,18.443,31.26,40.598,51.975,53.18,52.626,42.671,37.558
1893,1893,5.2497,21.799,27.79,43.455,48.255,51.377,43.671,39.353,39.955,1893,1893,-1.4401,21.772,32.017,42.292,52.169,51.214,41.432,38.163,37.015,1893,1893,-2.5325,20.702,30.323,39.809,52.146,55.397,53.602,39.894,39.335
1894,1894,8.5185,20.179,24.765,41.726,44.812,49.015,44.029,42.256,42.535,1894,1894,8.7192,21.488,30.386,40.394,48.317,49.818,42.541,42.417,37.244,1894,1894,3.7286,22.133,27.145,36.025,48.271,54.491,54.59,43.477,38.397
1895,1895,3.6426,22.481,27.644,39.755,47.547,51.133,45.921,39.591,38.894,1895,1895,7.869,18.166,32.574,44.933,47.719,51.121,43.968,40.41,36.756,1895,1895,5.3738,19.393,30.559,41.02,51.058,57.528,54.824,43.283,37.959
1896,1896,6.9711,23.888,28.484,40.479,55.377,55.353,48.269,39.266,42.539,1896,1896,1.7183,17.238,28.27,43.504,56.823,55.838,44.374,38.078,37.201,1896,1896,-2.5804,20.345,27.001,44.853,58.41,59.23,55.601,40.884,39.163
1897,1897,8.75,21.836,29.629,40.401,52.391,51.032,47.71,42.112,40.992,1897,1897,10.071,15.653,29.017,41.549,54.176,50.712,45.617,41.561,37.356,1897,1897,0.19392,8.4645,30.532,42.71,51.959,59.83,55.988,44.503,40.005
1898,1898,11.154,19.385,29.372,42.18,56.367,57.061,51.403,48.307,42.456,1898,1898,12.739,11.956,28.451,45.604,59.032,58.092,50.266,45.359,37.223,1898,1898,-7.1443,18.467,30.137,46.24,60.231,61.447,61.058,49.124,38.529
1899,1899,6.2813,24.539,29.834,46.924,61.701,63.697,55.672,47.026,40.598,1899,1899,15.908,18.027,30.509,50.216,64.655,63.959,53.314,45.236,36.868,1899,1899,-1.468,25.788,28.936,46.87,60.173,66.342,62.739,47.968,38.854
1900,1900,5.712,20.64,32.517,48.113,67.738,65.254,57.794,52.991,44.213,1900,1900,14.589,25.363,32.017,52.628,71.474,66.597,58.712,50.876,38.917,1900,1900,-2.0241,19.368,33.861,47.403,63.523,70.408,66.983,54.798,40.444
1901,1901,5.6153,16.603,31.051,49.53,59.868,65.321,56.112,50.225,41.835,1901,1901,13.199,24.083,33.182,51.851,62.51,65.825,55.13,47.135,38.06,1901,1901,6.462,20.485,28.424,48.448,60.333,68.678,64.859,51.806,39.742
1902,1902,12.36,23.373,32.635,52.684,66.882,69.444,58.871,53.179,45.172,1902,1902,4.9315,17.91,32.565,56.96,68.357,69.064,59.055,50.52,39.32,1902,1902,8.8452,21.786,28.281,49.517,65.716,73.376,68.437,54.344,42.428
1903,1903,9.2683,22.725,29.442,50.788,68.064,68.566,61.185,53.723,46.235,1903,1903,12.933,21.247,34.452,55.282,72.03,69.416,60.328,53.923,41.766,1903,1903,1.8726,15.784,28.817,48.628,65.839,73.65,70.397,57.826,43.855
1904,1904,12.956,19.668,31.528,49.928,63.077,62.805,59.869,55.753,45.283,1904,1904,12.378,15.423,30.531,52.47,63.89,62.683,58.309,52.381,40.287,1904,1904,3.9052,17.983,32.682,49.941,65.798,71.94,70.751,63.702,44.276
1905,1905,3.4137,22.627,27.66,48.355,63.558,64.269,58.519,56.744,46.672,1905,1905,14.446,14.884,28.856,49.999,63.098,64.288,57.864,53.69,41.419,1905,1905,1.9992,22.344,25.976,49.185,64.364,69.571,69.629,63.509,44.315
1906,1906,0.77183,25.599,30.024,42.888,59.557,61.362,56.499,56.478,44.619,1906,1906,8.6724,22.341,27.828,42.341,59.487,61.596,56.323,53.016,39.798,1906,1906,-1.9304,21.077,30.507,46.334,61.396,64.348,68.04,62.463,43.116
1907,1907,8.6761,22.673,29.361,39.962,60.111,59.708,59.676,55.326,44.757,1907,1907,11.988,15.878,30.577,39.51,59.903,60.827,58.934,52.263,39.828,1907,1907,0.078535,20.412,34.191,41.643,60.524,63.367,71.314,62.636,43.524
1908,1908,-1.0932,17.778,29.65,40.385,62.832,61.593,63.788,55.786,42.732,1908,1908,5.3667,19.454,30.97,40.987,62.292,62.519,58.955,52.888,38.398,1908,1908,-8.9096,17.603,32.07,43.219,59.449,63.588,72.417,63.483,42.907
1909,1909,-2.029,19.979,30.444,37.548,58.477,57.284,63.907,55.688,44.351,1909,1909,10.391,15.973,28.056,37.124,59.887,59.258,61.063,53.887,39.56,1909,1909,-2.8153,22.842,24.964,42.301,57.862,61.901,74.822,64.091,43.151
1910,1910,1.4916,18.136,30.362,37.183,59.6,59.636,65.288,57.077,43.303,1910,1910,12.301,18.156,26.465,38.377,61.517,60.959,61.586,55.457,39.791,1910,1910,0.34104,23.09,31.745,38.757,57.757,64.641,76.165,65.438,43.979
1911,1911,3.8513,15.927,23.273,38.945,59.457,61.441,67.192,57.094,44.38,1911,1911,11.089,22.456,27.253,39.806,59.901,61.893,63.03,55.999,40.013,1911,1911,1.1508,22.644,31.369,39.96,56.24,65.367,77.81,65.008,44.008
1912,1912,2.7637,20.486,32.378,37.849,55.783,59.746,66.456,57.444,43.2,1912,1912,6.4265,24.592,33.421,37.346,58.448,60.366,62.026,54.919,39.273,1912,1912,-0.20601,25.27,29.896,39.344,52.96,63.477,74.75,66.392,43.578
1913,1913,6.0365,21.293,31.005,38.263,54.396,58.647,64.365,54.667,43.808,1913,1913,11.303,26.058,29.479,41.774,58.776,59.977,61.231,54.518,39.196,1913,1913,3.2024,23.883,30.517,39.952,55.615,64.15,74.077,63.607,42.327
1914,1914,5.7797,20.84,30.668,38.567,52.204,53.75,62.426,53.635,40.785,1914,1914,12.562,22.293,29.45,36.273,56.039,55.487,59.086,51.651,38.864,1914,1914,-2.39,22.845,33.08,37.088,53.024,61.341,73.685,63.597,41.992
1915,1915,11.909,22.873,31.857,38.796,51.061,54.521,58.863,50.273,43.051,1915,1915,19.101,21.718,27.487,37.384,49.569,53.143,54.755,48.214,38.148,1915,1915,3.2275,20.227,30.426,39.232,46.94,59.249,67.758,56.255,39.464
1916,1916,8.805,16.483,27.365,36.992,46.029,49.993,56.465,48.185,40.059,1916,1916,10.063,27.682,29.68,38.176,49.447,48.67,53.545,47.59,37.842,1916,1916,-1.464,25.587,30.424,38.916,50.069,56.431,64.871,54.328,39.067
1917,1917,1.374,21.703,30.184,37.833,49.482,55.29,54.64,49.41,42.374,1917,1917,8.2907,13.668,31.322,37.089,49.73,53.35,52.54,46.105,38.534,1917,1917,1.3572,20.421,30.096,39.586,50.317,57.321,63.902,53.839,39.689
1918,1918,9.7078,21.626,32.673,38.215,55.428,57.78,55.653,50.816,39.518,1918,1918,13.68,14.414,32.889,41.887,56.467,57.45,51.568,47.424,37.771,1918,1918,-0.43907,12.917,32.454,46.989,56.841,58.713,63.831,54.693,38.827
1919,1919,14.121,21.027,32.959,42.79,54.096,56.968,55.367,51.889,42.589,1919,1919,16.299,22.03,34.105,43.651,55.6,56.901,51.739,48.424,37.977,1919,1919,2.0242,18.934,35.688,42.941,57.133,59.423,64.222,55.614,39.483
1920,1920,14.098,15.447,27.739,41.642,54.745,55.903,55.355,51.699,40.839,1920,1920,12.106,16.388,30.156,40.248,57.938,57.193,52.948,48.778,37.667,1920,1920,-0.92242,19.71,31.291,42.792,58.698,59.707,64.845,55.134,39.351
1921,1921,12.352,24.46,29.956,38.939,52.277,49.559,53.929,51.816,42.478,1921,1921,13.698,22.28,30.617,38.84,54.178,50.2,49.711,48.862,37.193,1921,1921,-0.19869,22.304,29.891,43.222,54.946,55.304,63.781,53.372,39.018
1922,1922,7.221,22.182,33.247,41.144,50.482,51.086,50.481,45.433,40.344,1922,1922,8.4149,23.992,31.329,40.888,50.934,49.605,48.351,42.608,37.298,1922,1922,-0.24523,19.544,32.322,43.292,53.595,53.925,60.507,50.273,38.202
1923,1923,6.6245,25.052,32.596,42.713,47.989,48.787,46.856,44.045,42.541,1923,1923,9.5429,22.654,34.125,40.493,48.355,48.282,45.01,42.205,37.405,1923,1923,4.0717,22.156,32.426,43.981,51.368,52.253,59.711,48.907,38.102
1924,1924,1.433,24.399,29.69,39.707,45.785,48.543,44.088,41.814,39.397,1924,1924,-0.89243,21.645,32.493,41.931,48.655,49,43.424,41.155,36.993,1924,1924,-2.0756,18.679,31.189,37.726,49.015,51.893,58.956,46.797,38.136
1925,1925,6.3876,16.699,29.978,39.984,49.623,48.979,50.727,44.573,42.86,1925,1925,9.1546,27.136,30.532,41.586,48.016,47.789,45.915,42.81,37.282,1925,1925,-0.95114,19.36,26.451,42.798,54.914,52.599,63.962,53.718,39.253
1926,1926,10.946,18.885,30.39,42.214,56.674,54.311,52.656,44.004,40.766,1926,1926,12.199,22.626,32.5,44.01,53.562,53.326,47.908,42.257,37.554,1926,1926,-3.287,18.797,27.542,46.727,56.096,55.647,64.67,53.235,38.769
1927,1927,6.907,17.978,29.633,46.88,57.643,53.692,52.727,45.405,42.955,1927,1927,3.744,21.353,29.344,44.184,55.252,53.295,49.617,42.565,37.829,1927,1927,-4.7852,20.193,28.981,44.752,54.379,56.986,64.728,54.28,39.288
1928,1928,10.226,21.263,29.701,45.961,56.053,57.675,56.614,48.173,41.368,1928,1928,13.447,24.22,33.723,46.623,55.493,56.996,52.508,44.255,37.446,1928,1928,-10.712,21.198,23.8,43.667,55.536,58.68,69.108,60.612,40.19
1929,1929,-0.75348,26.746,28.882,41.278,55.781,56.567,54.939,51.417,43.654,1929,1929,8.9345,24.176,33.764,45.198,55.742,56.696,50.403,46.597,38.349,1929,1929,4.4321,20.596,29.552,43.482,54.398,58.821,69.407,61.863,41.119
1930,1930,6.1325,22.276,30.395,42.396,59.578,59.661,54.695,51.646,42.063,1930,1930,4.2009,18.904,29.495,44.403,55.629,58.951,50.665,47.737,38.071,1930,1930,5.1676,15.742,27.465,47.207,58.535,61.328,68.987,61.246,41.446
1931,1931,9.0972,21.75,31.239,43.422,54.357,54.347,53.98,51.261,43.028,1931,1931,11.805,22.826,29.769,38.809,52.502,54.364,48.582,45.685,38.337,1931,1931,1.3998,15.457,28.025,44.252,54.835,58.741,67.803,59.92,41.295
1932,1932,2.4657,23.061,30.133,39.349,51.387,53.411,49.785,48.547,40.014,1932,1932,11.304,22.132,27.694,40.306,52.252,53.527,46.201,45.777,38.031,1932,1932,-4.4808,20.555,29.959,41.591,50.292,58.377,61.425,53.052,39.919
1933,1933,6.4741,26.804,30.695,42.879,49.574,53.988,47.077,47.775,42.592,1933,1933,9.9834,18.848,32.66,42.779,49.88,53.431,43.665,44.847,38.101,1933,1933,-0.38205,21.79,30.436,42.294,48.783,56.357,58.424,50.344,39.552
1934,1934,4.767,23.058,30.615,43.091,49.221,54.052,45.562,45.68,39.826,1934,1934,8.8613,27.82,29.822,42.481,50.507,53.69,44.071,44.348,38.265,1934,1934,6.5823,20.168,30.816,41.418,49.559,55.675,59.999,51.355,39.952
1935,1935,7.9225,17.672,29.617,36.06,47.943,53.602,46.207,45.333,42.791,1935,1935,3.4914,21.707,26.016,37.512,49.362,53.652,43.367,43.938,38.212,1935,1935,0.40491,12.461,28.199,43.411,48.931,54.253,58.527,49.793,39.125
1936,1936,0.46896,19.35,31.242,37.069,48.282,53.235,44.456,43.37,38.847,1936,1936,8.3939,25.267,32.865,42.591,50.051,52.942,42.651,43.848,37.448,1936,1936,8.3447,24.151,34.147,42.423,48.446,54.855,58.969,49.297,38.385
1937,1937,9.1322,17.658,28.034,41.463,45.952,50.116,45.005,45.543,43.745,1937,1937,11.339,18.579,31.566,41.925,48.304,49.513,45.3,45.236,37.876,1937,1937,6.0403,21.772,31.242,38.391,46.886,51.261,61.614,51.476,39.643
1938,1938,9.4752,14.504,26.803,40.9,44.196,47.339,44.787,52.312,41.824,1938,1938,6.7872,20.939,28.557,40.461,46.647,47.879,44.015,51.564,39.304,1938,1938,2.6997,12.35,31.433,41.424,49.017,53.479,61.172,54.539,39.805
1939,1939,13.891,18.258,31.031,40.226,46.307,51.15,49.636,51.322,44.911,1939,1939,4.9146,18.571,33.697,42.073,48.018,51.338,44.805,51.144,40.453,1939,1939,-7.2928,15.803,28.982,43.617,49.284,57.016,61.54,55.118,41.513
1940,1940,6.3356,26.52,28.718,39.76,49.702,56.859,48.65,48.123,42.737,1940,1940,13.561,26.037,28.291,42.171,50.89,56.252,43.175,48.359,39.403,1940,1940,-1.0483,11.427,32.575,44.315,52.466,61.069,61.588,55.111,41.122
1941,1941,16.399,22.237,33.421,37.408,47.156,54.39,46.058,45.122,42.675,1941,1941,6.0221,20.069,34.887,40.088,50.138,54.483,43.386,43.825,37.909,1941,1941,1.4838,16.016,33.198,41.075,51.075,57.439,57.599,50.376,39.338
1942,1942,9.3855,22.853,32.72,42.275,46.91,51.222,47.577,44.834,39.186,1942,1942,9.969,23.459,27.6,42.506,48.74,51.716,41.466,42.69,37.084,1942,1942,-0.14171,21.62,31.875,39.702,50.847,53.548,55.121,47.165,37.606
1943,1943,5.6214,24.067,30.065,41.494,44.85,48.777,44.179,41.152,42.341,1943,1943,13.63,18.377,30.411,44.952,46.037,48.522,41.056,40.653,37.298,1943,1943,3.9295,18.53,32.47,39.045,50.491,53.709,56.955,47.132,38.177
1944,1944,1.916,22.423,29.827,38.332,43.742,48.743,43.024,40.833,38.762,1944,1944,8.5629,22.58,29.381,36.14,45.313,49.169,36.099,41.185,35.989,1944,1944,-2.4048,12.165,30.96,40.6,44.928,49.815,55.319,47.439,37.379
1945,1945,4.9819,22.671,30.002,38.566,41.91,46.226,44.796,40.426,41.136,1945,1945,11.433,20.766,28.752,40.853,44.776,47.259,39.027,41.035,36.459,1945,1945,-0.84075,14.635,30.46,35.649,41.195,49.299,54.865,47.288,38.11
1946,1946,3.1707,28.199,27.043,36.477,44.622,48.786,46.726,40.133,40.037,1946,1946,8.3591,22.783,32.028,38.617,46.154,49.413,38.513,41.302,36.705,1946,1946,3.5415,8.3043,25.927,37.125,44.138,48.27,55.207,47.53,37.789
1947,1947,5.7077,16.569,24.518,37.688,43.179,46.293,42.644,39.782,38.503,1947,1947,9.5346,21.308,29.34,40.037,44.406,47.105,39.409,40.467,36.198,1947,1947,-2.0693,11.329,27.823,38.051,42.221,51.497,54.007,44.435,37.014
1948,1948,7.0918,21.853,26.426,38.532,42.578,40.141,46.071,40.133,41.629,1948,1948,11.93,20.258,28.068,33.793,45.099,40.355,37.52,38.271,35.883,1948,1948,-2.5596,18.87,30.51,37.535,45.271,49.277,55.08,47.155,37.795
1949,1949,0.45497,23.221,27.356,42.219,45.491,43.431,43.771,40.512,38.727,1949,1949,6.7936,18.099,27.028,39.002,47.698,44.041,37.54,38.139,36.234,1949,1949,-2.5297,27.111,31.902,40.883,48.061,47.947,55.073,46.668,37.957
1950,1950,9.0613,16.278,27.254,40.203,41.902,41.435,43.744,39.945,42.191,1950,1950,5.6887,16.775,28.406,38.626,41.737,41.126,37.975,38.406,36.332,1950,1950,-2.8571,19.971,30.651,39.831,43.778,47.5,54.932,45.087,38.051
1951,1951,6.2421,21.309,28.697,40.236,44.187,41.836,41.018,38.612,39.441,1951,1951,10.69,24.422,26.424,39.599,44.852,40.783,36.84,38.245,36.38,1951,1951,-0.09531,14.506,31.117,36.442,44.678,50.282,52.498,44.704,37.68
1952,1952,11.435,15.028,28.13,40.104,44.585,42.498,42.892,39.385,42.363,1952,1952,4.5572,24.573,22.914,40.176,44.452,41.349,37.648,38.686,36.959,1952,1952,1.8206,18.439,29.853,39.065,45.574,46.188,54.633,46.374,37.44
1953,1953,6.1702,16.225,31.976,40.616,42.508,41.482,43.318,39.45,39.346,1953,1953,11.256,18.603,27.538,36.482,45.459,42.203,38.236,40.332,35.537,1953,1953,2.6212,12.939,25.113,41.969,44.374,47.185,56.257,47.074,37.487
1954,1954,4.2246,14.092,27.559,38.256,43.308,42.13,42.662,40.224,42.287,1954,1954,6.6366,19.789,30.414,40.019,42.907,40.18,38.582,37.656,36.565,1954,1954,5.2682,15.203,25.492,41.135,45.627,49.243,57.823,49.282,38.074
1955,1955,0.84282,19.878,32.183,43.874,43.211,40.729,42.063,38.693,39.039,1955,1955,9.7464,23.783,24.836,36.936,45.705,41.141,37.163,37.937,36.107,1955,1955,4.1877,20.389,28.268,39.021,46.456,45.56,56.715,48.268,37.48
1956,1956,7.5247,25.972,27.611,43.097,41.411,40.553,41.062,39.649,42.022,1956,1956,8.5109,19.661,30.557,39.122,43.796,40.116,35.712,38.197,36.905,1956,1956,4.9013,17.456,30.801,41.283,42.598,47.104,54.2,45.546,38.164
1957,1957,5.2904,25.018,29.893,42.531,40.204,39.416,42.467,38.879,39.106,1957,1957,8.8181,21.881,30.746,42.079,43.53,39.641,36.495,38.545,36.461,1957,1957,-0.88729,19.547,26.384,37.944,42.427,46.055,58.226,48.146,37.589
1958,1958,4.2721,20.311,33.441,42.797,46.053,45.509,42.969,42.388,42.8,1958,1958,7.5221,20.461,30.449,36.411,48.122,46.18,37.982,41.154,37.007,1958,1958,-2.8364,24.201,27.985,38.79,47.368,49.19,56.73,49.715,38.512
1959,1959,7.3663,16.463,31.186,39.944,46.449,52.57,45.43,41.492,40.062,1959,1959,13.934,16.469,31.983,41.283,47.253,52.65,41.689,40.554,36.655,1959,1959,-8.6094,20.341,31.998,38.248,47.814,54.096,60.135,52.068,37.12
1960,1960,9.8214,18.547,27.43,38.8,44.454,50.045,43.037,40.578,42.39,1960,1960,13.069,22.481,25.768,38.629,46.377,50.342,38.254,39.174,36.331,1960,1960,-5.6074,21.155,32.678,40.847,45.786,52.096,55.514,48.342,38.002
1961,1961,11.217,23.171,27.576,37.378,43.155,41.986,41.003,39.001,39.77,1961,1961,10.921,26.213,33.563,37.406,45.894,41.15,36.877,39.214,35.894,1961,1961,3.1526,21.423,33.358,41.075,43.087,49.922,56.216,46.752,37.139
1962,1962,5.8849,17.589,29.469,36.674,43.715,41.448,42.239,41.091,42.053,1962,1962,6.156,23.084,26.242,37.323,43.84,41.444,37.777,40.116,36.169,1962,1962,-0.046616,19.926,32.967,38.204,44.655,49.556,57.694,48.236,38.109
1963,1963,7.9392,19.799,27.981,37.697,45.039,43.071,43.837,40.421,39.234,1963,1963,10.427,19.689,27.457,39.522,49.399,44.75,38.933,39.631,36.262,1963,1963,3.9879,21.731,31.831,39.488,45.604,52.245,57.955,49.193,37.225
1964,1964,3.3456,23.234,31.766,39.401,43.649,43.926,44.516,40.829,42.33,1964,1964,8.3126,17.397,31.317,38.291,47.421,43.972,40.411,38.88,36.388,1964,1964,4.0596,20.177,32.707,40.891,45.876,52.541,58.471,50.013,38.002
1965,1965,8.3754,23.341,27.749,40.965,47.29,48.312,43.125,40.099,39.38,1965,1965,5.8067,19.983,25.623,41.396,48.582,47.914,39.517,38.917,36.444,1965,1965,5.1104,18.516,27.659,39.677,48.111,51.952,57.77,49.533,37.602
1966,1966,12.655,22.859,28.842,38.108,47.279,47.75,41.494,40.112,42.324,1966,1966,1.0388,17.548,31.055,40.208,47.723,47.324,39.185,38.182,36.681,1966,1966,-0.98087,19.597,27.698,41.195,48.263,50.443,56.442,46.801,37.87
1967,1967,10.451,23.374,32.798,39.653,46.633,45.203,41.655,39.751,39.799,1967,1967,8.5954,26.411,28.774,39.078,47.537,46.213,36.929,38.934,36.286,1967,1967,-8.711,11.654,27.777,40.699,48.24,49.543,55.615,45.324,37.522
1968,1968,5.0982,19.95,30.299,41.456,46.958,47.282,42.925,44.625,42.407,1968,1968,8.1103,24.716,27.152,39.919,48.088,47.31,39.253,43.256,37.575,1968,1968,2.0285,18.798,30.706,37.662,49.189,49.931,56.812,47.589,38.139
1969,1969,2.2613,16.99,30.374,38.537,49.342,49.692,48.259,52.915,40.042,1969,1969,8.4943,18.304,25.878,36.424,50.846,49.64,43.888,52.445,38.635,1969,1969,3.9634,16.369,29.938,37.093,50.218,54.01,61.275,53.19,38.086
1970,1970,9.5895,20.611,29.047,32.069,50.843,54.083,55.538,64.239,49.507,1970,1970,10.415,17.512,26.688,38.406,49.425,51.886,50.139,64.633,48.695,1970,1970,6.0561,19.61,31.82,38.402,49.842,57.711,66.594,60.949,41.95
1971,1971,8.1654,23.794,32.515,41.524,49.458,49.615,52.804,65.111,48.038,1971,1971,10.369,20.051,32.4,40.17,52.468,49.992,50.633,62.707,45.484,1971,1971,-4.305,23.916,38.547,36.896,50.032,57.777,65.435,60.993,42.703
1972,1972,9.8904,22.374,30.039,37.462,47.57,49.15,45.029,48.881,42.368,1972,1972,3.793,23.395,29.197,37.007,50.137,48.561,43.233,48.568,37.61,1972,1972,3.8784,22.004,29.705,36.265,49.232,57.649,59.28,49.79,38.345
1973,1973,11.456,19.743,32.047,36.879,47.664,50.159,42.646,42.997,40.404,1973,1973,11.22,18.089,33.044,38.891,50.555,50.068,39.917,42.347,36.552,1973,1973,5.7028,23.903,31.423,36.532,49.324,54.077,55.345,46.159,37.295
1974,1974,7.3118,19.901,29.488,34.332,46.521,51.713,41.526,43.291,41.822,1974,1974,11.954,22.144,31.637,40.144,49.665,51.278,38.476,39.353,36.634,1974,1974,1.7999,19.795,30.722,40.851,48.13,53.126,54.32,45.927,37.605
1975,1975,10.782,8.7045,35.589,38.94,49.545,50.478,43.423,43.888,38.785,1975,1975,15.522,20.303,33.545,41.725,51.65,50.285,39.092,41.897,36.752,1975,1975,0.29845,22.783,32.318,39.434,49.981,54.724,57.297,48.577,37.249
1976,1976,6.1579,20.722,32.46,40.295,50.019,59.067,45.801,44.355,42.202,1976,1976,6.0304,24.576,29.46,39.234,51.197,58.429,44.227,41.355,36.592,1976,1976,4.9609,23.563,32.33,41.913,54.603,61.445,56.948,47.966,37.933
1977,1977,8.9032,25.853,27.397,39.351,50.253,53.821,44.88,45.525,39.218,1977,1977,9.1984,21.557,32.516,38.311,51.645,53.415,41.503,42.576,36.429,1977,1977,-0.32568,21.327,35.739,39.897,51.375,53.578,58.39,50.089,38.413
1978,1978,9.03,26.464,29.526,35.905,48.632,50.4,46.671,46.752,41.773,1978,1978,15.341,27.253,32.556,39.847,50.839,49.913,42.979,43.854,37.389,1978,1978,7.1022,24.369,29.264,41.262,51.293,54.109,60.37,52.002,37.932
1979,1979,6.5111,24.812,31.747,37.927,53.889,55.252,53.757,49.5,39.605,1979,1979,7.5736,17.08,23.601,38.355,53.5,55.544,47.737,47.752,37.84,1979,1979,5.3522,14.283,29.114,41.417,54.539,59.082,67.38,57.808,39.729
1980,1980,7.284,18.774,30.975,37.623,55.806,54.286,54.284,48.733,42.144,1980,1980,-0.84521,22.781,31.353,41.292,53.57,53.824,48.999,44.419,37.524,1980,1980,8.0168,18.096,29.877,42.4,53.592,61.939,68.302,58.383,39.566
1981,1981,8.0213,17.09,31.655,40.998,57.087,57.828,54.345,47.941,39.269,1981,1981,-0.94451,19.316,24.395,39.782,56.552,57.13,51.112,44.262,37.432,1981,1981,5.3725,20.299,30.048,44.616,56.157,63.337,68.165,58.291,39.54
1982,1982,8.3131,18.094,29.688,39.853,59.287,59.994,55.198,48.637,42.525,1982,1982,5.561,20.58,33.043,39.727,58.828,60.055,52.645,45.925,37.991,1982,1982,0.47058,18.832,29.704,44.486,58.759,65.159,68.194,57.755,40.079
1983,1983,8.187,17.645,30.853,40.54,59.234,59.585,54.677,48.367,41.034,1983,1983,3.3083,20.639,30.906,40.471,58.704,58.89,52.178,46.536,38.768,1983,1983,4.4939,21.825,32.51,43.169,57.437,62.69,67.414,57.696,40.517
1984,1984,12.203,25.749,27.581,39.326,57.931,59.342,52.47,51.789,43.622,1984,1984,2.8877,14.713,31.864,39.433,59.666,60.062,51.554,49.703,40.461,1984,1984,-0.7943,22.346,29.222,44.218,53.281,63.005,63.307,54.191,41.447
1985,1985,5.8841,21.244,27.675,39.733,56.105,58.407,50.349,52.299,41.407,1985,1985,11.311,19.223,29.763,45.486,55.199,57.614,47.782,51.867,40.027,1985,1985,-2.3107,25.118,31.551,42.364,57.793,61.993,63.463,53.677,40.932
1986,1986,5.3037,21.526,28.909,43.842,54.051,54.589,50.915,51.651,43.397,1986,1986,12.921,16.833,28.209,43.514,54.389,53.497,47.347,50.28,40.017,1986,1986,1.0259,17.564,27.028,43.314,56.504,58.271,58.468,50.12,40.312
1987,1987,5.973,23,29.299,44.167,53.575,58.092,56.232,61.236,43.995,1987,1987,8.6361,26.058,32.807,41.629,54.68,57.565,52.561,56.833,42.421,1987,1987,2.3631,17.317,30.866,43.057,55.42,58.61,64.323,58.498,42.425
1988,1988,9.0504,21.521,30.971,42.392,57.143,55.016,58.869,62.729,46.799,1988,1988,12.913,14.752,30.863,42.236,59.691,54.928,56.494,61.097,45.076,1988,1988,-8.2531,16.084,32.521,43.889,60.551,62.324,67.665,60.107,43.608
1989,1989,0.97886,22.057,28.47,39.854,57.492,58.494,62.297,63.819,47.391,1989,1989,8.5481,17.391,29.574,39.995,61.161,59.081,58.175,61.564,46.029,1989,1989,0.61357,15.38,26.631,42.93,63.44,64.74,71.534,63.845,45.78
1990,1990,4.069,22.926,32.075,39.568,57.503,59.651,62.384,61.266,45.808,1990,1990,5.8298,24.094,28.629,42.369,59.101,59.069,57.688,58.551,44.913,1990,1990,1.1569,18.352,29.111,42.248,60.29,65.059,71.099,62.358,45.072
1991,1991,8.4491,24.013,26.735,38.668,59.47,61.753,66.365,60.48,47.092,1991,1991,6.6447,24.77,27.893,35.449,57.822,60.48,61.232,59.058,44.832,1991,1991,4.9875,19.297,27.925,44.688,60.459,66.554,74.927,63.059,44.949
1992,1992,6.5555,14.456,30.622,38.251,56.034,60.426,66.573,60.565,45.907,1992,1992,13.561,24.848,25.517,39.69,55.42,59.259,62.919,60.051,45.446,1992,1992,-0.201,21.079,30.867,43.853,58.101,66.119,74.399,64.507,45.917
1993,1993,9.1995,16.735,32.651,40,60.801,63.802,68.368,60.186,45.809,1993,1993,3.3217,21.211,30.677,39.273,59.192,62.682,64.223,59,44.229,1993,1993,-4.0465,20.671,33.71,41.715,58.261,67.442,76.029,65.068,45.514
1994,1994,8.5669,21.802,27.614,40.212,55.26,60.243,67.561,56.786,42.7,1994,1994,5.776,21.701,30.799,38.832,56.029,59.868,62.366,56.036,41.247,1994,1994,-7.7785,15.221,29.281,41.378,57.408,69.206,75.265,63.04,43.262
1995,1995,7.327,24.685,31.647,37.292,53.599,58.084,62.9,52.756,43.479,1995,1995,10.453,24.784,25.692,39.235,53.832,58.772,61.18,50.625,39.144,1995,1995,2.5876,20.713,28.733,41.774,53.423,66.52,71.784,59.09,41.445
1996,1996,0.9117,15.841,29.152,38.911,58.392,56.666,63.293,52.661,41.533,1996,1996,6.489,25.201,29.664,39.639,56.73,56.883,58.977,50.316,38.216,1996,1996,2.9807,21.628,25.879,43.429,56.139,61.265,69.233,55.664,40.867
1997,1997,6.2698,19.021,30.145,37.995,55.949,57.477,59.923,51.037,44,1997,1997,8.7492,24.877,30.473,40.708,56.641,58.518,58.378,47.962,38.373,1997,1997,-3.4884,20.741,27.346,41.602,53.699,61.801,66.311,55.172,40.371
1998,1998,1.7721,23.465,32.551,38.743,54.947,60.407,59.125,48.207,41.996,1998,1998,6.7985,26.126,27.114,41.643,54.065,60.955,59.826,45.362,37.631,1998,1998,-2.2626,21.696,26.274,42.942,51.647,63.25,65.398,53.411,39.489
1999,1999,-1.5592,23.891,26.746,39.724,55.102,58.293,54.56,47.147,43.566,1999,1999,7.8055,18.746,28.522,39.113,55.504,57.704,52.196,45.487,38.61,1999,1999,0.4502,17.042,29.274,42.794,54.968,61.336,61.116,50.165,40.261
2000,2000,7.8194,24.46,27.492,38.068,52.193,55.975,45.986,44.447,41.407,2000,2000,5.3822,7.9195,30.183,42.051,56.747,57.444,43.976,41.187,37.005,2000,2000,1.8092,18.131,28.711,39.159,53.101,59.797,57.161,49.005,39.503
2001,2001,9.992,25.423,31.839,36.807,50.282,52.356,43.731,44.991,43.75,2001,2001,7.2289,21.598,25.175,43.578,52.05,52.764,40.586,41.732,37.629,2001,2001,-0.06325,25.544,31.214,38.502,50.454,55.918,54.048,47.17,39.724
2002,2002,0.56532,20.106,32.123,37.71,47.163,47.317,42.51,42.93,42.552,2002,2002,6.7767,26.378,32.254,40.771,50.735,48.481,39.745,41.061,37.445,2002,2002,-2.7408,24.364,25.746,38.653,51.515,53.23,54.556,46.961,39.598
2003,2003,4.4289,22.24,27.394,36.689,49.432,49.959,49.463,43.146,43.676,2003,2003,6.9487,19.095,29.831,36.61,49.162,49.852,48.502,41.925,37.737,2003,2003,1.307,24.554,25.744,39.703,48.638,52.379,57.94,46.775,39.93
2004,2004,10.358,25.53,30.303,41.076,53.873,55.51,46.409,40.994,40.858,2004,2004,4.9732,19.782,24.562,43.953,57.758,56.199,45.332,39.639,37.073,2004,2004,-0.11276,19.66,23.112,42.912,57.205,59.459,56.115,42.725,38.381
2005,2005,2.3221,23.257,28.603,41.079,51.367,48.528,36.935,40.409,43.069,2005,2005,10.75,18.759,30.446,43.153,47.77,48.504,34.18,38.862,37.558,2005,2005,-8.611,22.046,29.911,42.209,54.418,52.536,46.496,40.512,39.176
2006,2006,10.577,19.773,27.371,41.944,47.907,46.602,36.407,39.977,39.91,2006,2006,14.057,28.582,30.793,41.013,48.659,46.715,34.253,39.366,36.814,2006,2006,1.4264,23.073,28.216,43.638,51.755,53.761,47.788,41.748,38.076
2007,2007,11.757,20.527,28.525,44.034,48.255,45.587,37.98,41.837,42.751,2007,2007,10.664,19.744,33.538,47.498,47.829,44.155,35.015,39.325,37.272,2007,2007,0.22824,19.891,28.598,38.627,50.355,51.498,48.077,42.048,38.717
2008,2008,13.449,23.605,31.414,42.245,48.277,51.684,38.247,40.045,41.196,2008,2008,9.7727,22.867,28.212,42.434,48.039,51.16,36.1,38.782,36.405,2008,2008,-0.12024,25.263,28.733,35.705,47.291,51.37,47.879,38.158,39.136
2009,2009,12.818,13.483,27.631,38.012,49.394,56.473,38.471,40.95,43.254,2009,2009,10.423,11.77,26.291,40.559,49.03,56.659,36.04,38.568,37.394,2009,2009,0.80755,21.771,29.315,33.978,48.597,52.08,46.074,37.959,38.945
2010,2010,9.2519,23.907,27.61,36.503,49.299,53.851,36.287,39.442,40.684,2010,2010,7.0726,19.125,32.6,37.707,48.976,53.889,34.427,37.301,36.519,2010,2010,3.082,20.335,30.053,39.804,47.291,52.846,48.675,39.283,38.112
2011,2011,11.67,24.844,30.005,38.153,48.244,55.175,37.545,40.189,42.529,2011,2011,10.015,22.503,30.993,38.17,48.741,55.697,35.296,37.494,37.131,2011,2011,-2.4886,18.486,31.042,37.665,48.336,53.108,48.381,38.595,38.288
2012,2012,3.5993,15.523,25.507,38.166,46.632,47.579,35.192,39.458,40.551,2012,2012,6.2349,18.459,31.072,42.223,44.749,47.184,30.981,36.789,36.799,2012,2012,-0.44127,23.501,31.414,40.047,47.507,50.713,46.986,39.314,38.534
2013,2013,2.0485,18.756,25.507,41.762,44.311,42.53,36.484,39.9,42.99,2013,2013,8.8548,25.712,29.065,43.393,46.717,42.618,32.413,38.016,37.266,2013,2013,-2.9203,17.197,29.68,37.72,45.899,47.513,47.367,38.73,38.656
2014,2014,9.5089,18.464,30.741,43.766,46.863,45.527,36.089,39.307,41.476,2014,2014,12.362,23.901,28.093,45.671,48.796,45.023,32.709,37.595,37.195,2014,2014,-0.11145,13.2,26.735,37.748,46.703,46.867,48.704,38.728,38.49
2015,2015,10.159,16.47,28.591,39.151,45.584,41.372,35.398,38.815,43.794,2015,2015,11.166,22.775,30.163,41.081,44.99,40.2,32.846,36.696,37.158,2015,2015,4.8634,17.674,29.481,38.002,51.056,48.051,47.51,38.232,40.028
2016,2016,6.0963,19.805,26.688,37.153,45.642,48.797,39.169,39.413,40.917,2016,2016,5.7879,23.842,25.942,38.55,48.325,49.168,37.193,37.843,36.471,2016,2016,0.40963,22.522,27.295,33.284,47.244,55.603,48.648,38.299,38.504
2017,2017,6.8747,23.405,29.827,39.536,53.908,53.808,43.115,39.416,42.469,2017,2017,7.5663,17.288,32.133,39.451,54.888,53.523,41.524,37.697,37.365,2017,2017,7.4895,19.941,29.186,37.325,56.029,58.498,52.233,39.919,38.182
2018,2018,8.5142,24.008,29.4,35.855,47.094,49.336,43.435,40.224,39.812,2018,2018,4.0368,17.926,27.619,44.113,47.365,48.622,43.027,39.72,36.505,2018,2018,1.7599,14.052,25.867,36.733,47.201,52.225,53.352,44.504,38.052
2019,2019,3.0259,21.627,27.081,39.035,46.501,42.771,41.861,42.109,42.522,2019,2019,12.765,17.152,27.649,43.47,46.607,43.22,39.923,39.868,36.989,2019,2019,-2.3066,17.046,30.511,35.587,46.615,48.929,54.032,45.589,38.98
2020,2020,-0.47844,17.156,26.816,39.5,46.367,48.87,45.463,45.979,41.581,2020,2020,12.145,24.552,28.982,41.976,48.351,47.901,44.182,44.775,37.241,2020,2020,1.336,19.325,30.569,37.927,47.392,51.381,55.744,50.055,39.203
2021,2021,2.7224,23.277,30.533,45.523,60.088,59.187,52.11,46.403,44.174,2021,2021,13.292,18.636,30.562,42.091,60.012,61.29,49.525,46.27,37.8,2021,2021,-2.9514,14.98,21.773,40.233,60.054,61.808,60.295,51.809,41.005
2022,2022,13.983,21.234,29.932,46.608,66.175,65.704,56.59,49.16,43.03,2022,2022,11.464,22.96,32.447,49.043,66.713,65.624,58.58,49.606,39.617,2022,2022,-8.9806,17.944,29.008,44.842,65.657,67.736,64.739,54.346,41.413
2023,2023,10.006,24.724,31.076,44.732,64.303,62.353,57.562,49.438,45.221,2023,2023,11.708,17.368,33.368,49.435,67.641,63.496,61.734,49.143,39.728,2023,2023,-2.7415,19.075,29.919,45.587,64.019,69.026,68.304,53.271,41.925
2024,2024,7.0158,17.134,34.22,51.429,67.465,68.927,60.442,52.336,44.176,2024,2024,10.098,16.062,34.27,56.283,68.913,68.407,59.911,51.826,40.273,2024,2024,-1.7652,22.308,30.852,47.395,65.649,71.539,70.708,56.112,42.987
2025,2025,8.9268,22.523,31.805,55.521,69.48,70.542,59.668,52.233,46.113,2025,2025,11.503,16.682,35.66,60.76,72.697,71.118,60.776,50.338,40.659,2025,2025,4.9948,19.352,32.023,53.126,67.506,71.844,69.989,56.845,43.408
2026,2026,7.7058,15.929,31.831,54.783,68.278,70.281,60.753,52.602,43.565,2026,2026,3.5627,19.87,32.259,58.931,67.7,68.373,61.839,52.444,40.466,2026,2026,-1.3188,21.102,32.667,56.417,69.31,72.52,70.639,55.228,42.272
2027,2027,10.567,20.03,31.394,52.262,72.99,71.601,58.182,50.941,45.034,2027,2027,4.9943,21.218,33.945,54.385,73.35,71.426,58.104,49.937,39.716,2027,2027,-5.7062,19.072,30.754,55.089,67.981,71.511,68.016,54.547,41.756
2028,2028,13.123,20.205,33.662,51.699,66.999,66.335,56.545,51.731,43.77,2028,2028,5.07,23.98,31.955,53.333,68.842,67.595,56.799,48.968,39.51,2028,2028,-3.7096,16.511,26.434,54.134,64.372,67.496,65.406,54.068,41.328
2029,2029,5.3953,21.927,33.642,47.542,64.004,61.837,52.979,49.516,43.536,2029,2029,5.634,19.16,34.443,49.339,64.012,61.01,52.141,50.322,39.196,2029,2029,-0.74313,13.61,30.777,49.738,64.723,65.752,62.238,51.694,39.829
2030,2030,8.5439,15.426,31.883,43.955,61.042,61.419,49.976,44.649,40.698,2030,2030,15.743,24.035,31.713,44.431,61.729,61.679,48.074,44.515,36.987,2030,2030,-1.7576,19.548,30.916,45.651,58.574,59.882,58.632,48.688,38.876
2031,2031,10.106,23.304,31.79,38.152,54.495,55.024,48.561,43.727,41.846,2031,2031,12.651,22.073,33.39,41.787,57.693,57.18,46.921,45.487,37.618,2031,2031,5.5823,18.884,32.21,41.268,53.94,60.034,57.897,44.604,38.687
2032,2032,11.607,22.851,27.315,36.831,52.526,52.192,46.163,45.219,41.032,2032,2032,10.832,19.465,30.401,39.859,54.391,54.222,44.787,46.601,37.639,2032,2032,-3.4002,18.663,29.029,42.067,53.868,59.964,56.145,44.99,37.663
2033,2033,10.467,19.032,32.843,40.608,52.836,54.042,49.087,45.826,40.991,2033,2033,14.652,19.445,30.689,41.444,54.305,55.085,47.146,45.89,38.345,2033,2033,3.746,19.346,28.41,40.627,53.949,61.82,58.67,48.759,39.826
2034,2034,8.3661,23.693,28.178,41.542,57.876,57.546,50.345,43.701,42.25,2034,2034,13.095,24.259,27.397,45.432,59.391,58.756,47.232,42.938,37.796,2034,2034,5.3876,23.867,31.416,46.017,61.178,59.846,58.379,46.371,39.479
2035,2035,11.517,21.248,29.562,40.466,53.657,55.458,49.139,44.19,40.485,2035,2035,13.766,25.234,27.761,43.262,55.161,55.803,45.732,42.684,37.284,2035,2035,3.1908,16.619,32.26,41.723,57.149,60.353,57.491,47.696,38.859
2036,2036,4.6624,9.4814,32.111,48.899,58.731,57.287,52.273,46.098,43.568,2036,2036,5.7856,17.496,32.283,49.284,59.863,58.505,49.684,43.443,37.665,2036,2036,-5.0505,21.177,27.384,45.695,60.015,59.401,60.654,49.583,39.151
2037,2037,2.0148,17.185,30.561,50.761,62.203,63.193,53.666,48.946,41.394,2037,2037,5.9549,18.197,32.017,53.892,62.823,63.561,52.739,46.377,37.835,2037,2037,-1.1098,18.899,32.122,47.931,60.324,65.932,61.905,52.412,39.371
2038,2038,4.4259,16.262,32.776,54.667,67.913,69.255,56.215,52.08,44.334,2038,2038,8.0846,16.635,34.828,59.758,69.073,69.449,55.308,47.545,37.863,2038,2038,4.7209,26.053,32.297,53.914,65.881,69.084,64.463,53.793,40.165
2039,2039,6.7083,25.785,31.494,54.496,62.506,67.541,55.698,48.969,42.402,2039,2039,12.354,23.547,33.641,58.849,62.936,66.987,56.901,47.086,38.083,2039,2039,-2.094,26.065,30.406,50.74,64.459,68.929,65.443,52.268,40.253
2040,2040,5.981,23.304,35.026,52.957,67.354,69.068,56.461,51.232,44.822,2040,2040,9.7205,23.906,36.009,58.11,64.996,65.653,55.854,48.163,38.879,2040,2040,-1.9142,22.018,31.882,49.354,64.323,70.993,63.868,52.871,41.502
2041,2041,10.562,22.637,28.981,50.235,66.94,67.104,58.008,49.892,43.508,2041,2041,14.059,18.847,32.353,54.207,67.897,66.609,57.122,51.437,39.354,2041,2041,4.6758,15.663,28.867,51.414,65.613,69.982,65.992,53.021,41.622
2042,2042,5.9715,18.897,29.812,50.855,67.598,68.991,61.583,54.048,46.439,2042,2042,8.3719,14.024,35.655,55.391,71.056,69.599,61.982,54.405,41.612,2042,2042,0.38092,21.933,27.739,52.68,65.545,71.708,70.191,56.622,42.983
2043,2043,6.6289,27.286,28.356,53.951,62.553,64.539,62.239,54.219,45.716,2043,2043,14.205,24.307,29.723,58.273,61.321,63.335,60.697,55.817,42.523,2043,2043,6.8958,17.055,30.798,49.987,61.852,69.371,71.882,60.433,43.861
2044,2044,4.2721,24.511,30.721,53.108,63.651,66.79,58.63,54.36,46.43,2044,2044,7.6825,17.793,30.929,57.914,65.064,68.096,58.994,52.018,41.119,2044,2044,2.1195,22.758,28.679,48.786,64.192,68.656,69.966,62.75,43.823
2045,2045,-2.8464,21.32,30.941,44.101,59.38,63.865,57.168,56.823,45.723,2045,2045,7.026,18.434,29.622,45.292,57.73,62.662,56.755,53.378,40.184,2045,2045,-1.0882,18.634,32.086,45.454,59.684,63,70.18,64.588,44.308
2046,2046,-2.617,22.556,34.779,40.152,57.937,58.142,58.829,56.581,47.138,2046,2046,7.3331,23.59,32.821,41.011,59.578,59.284,57.552,53.048,40.155,2046,2046,-4.7423,16.218,32.602,45.909,61.246,63.071,70.836,62.931,44.076
2047,2047,-0.40797,22.878,33.681,44.91,65.226,67.593,61.546,59.203,44.945,2047,2047,13.795,19.732,29.81,39.907,63.841,67.548,59.199,56.083,40.193,2047,2047,-3.4895,17.304,31.363,48.485,63.136,68.051,72.045,66.535,44.502
2048,2048,2.5747,18.72,31.402,40.514,63.258,64.72,62.846,59.978,46.276,2048,2048,10.388,19.698,28.015,41.008,64.031,64.157,58.898,57.625,41.476,2048,2048,0.49008,11.584,30.483,45.475,59.602,65.554,72.164,65.488,44.259
2049,2049,6.3345,21.038,31.154,39.565,59.897,60.577,63.347,63.005,46.254,2049,2049,8.1084,20.579,33.032,42.249,65.63,64.216,59.231,60.043,42.352,2049,2049,7.0228,9.9351,31.16,43.85,61.121,66.005,73.722,66.405,45.036
2050,2050,1.34,20.158,25.527,40.497,59.01,63.811,63.141,63.174,46.583,2050,2050,-2.3751,24.133,33.788,41.284,61.105,64.699,60.231,59.59,41.822,2050,2050,5.4075,21.415,30.364,46.666,61.559,65.786,74.49,69.373,46.148
2051,2051,9.2906,21.086,32.11,40.629,60.708,63.072,62.187,60.09,43.849,2051,2051,2.8627,16.137,29.449,40.837,61.729,63.543,59.985,57.139,41.557,2051,2051,9.0462,23.015,31.113,45.54,61.65,64.201,73.738,67.812,44.735
2052,2052,8.4533,26.536,30.685,43.622,58.011,60.999,61.365,58.002,44.504,2052,2052,6.6557,18.792,28.219,39.256,59.23,61.45,58.651,55.434,40.59,2052,2052,14.554,22.133,30.393,48.545,60.094,61.985,72.089,66.559,43.548
2053,2053,-0.14976,25.82,34.553,41.109,54.355,56.437,57.385,53.35,41.12,2053,2053,3.8156,20.392,27.245,38.991,54.617,55.017,53.737,51.082,38.528,2053,2053,6.2994,17.91,31.12,42.445,58.382,57.808,65.43,57.834,40.091
2054,2054,6.2232,26.072,30.844,42.048,54.243,53.844,54.015,53.566,43.198,2054,2054,3.3908,22.793,29.008,39.593,55.64,54.242,50.334,49.425,38.358,2054,2054,0.78917,22.538,30.118,39.986,55.476,55.739,63.807,55.772,40.447
2055,2055,4.7955,23.003,27.714,41.961,55.499,55.243,57.216,54.089,40.093,2055,2055,12.88,22.109,26.795,43.097,58.344,56.07,54.059,49.191,37.917,2055,2055,-6.1716,19.697,30.485,45.95,61.622,62.647,66.662,58.008,39.518
2056,2056,3.3806,19.417,28.755,40.805,55.645,58.838,55.822,55.552,43.494,2056,2056,8.6757,20.501,30.5,45.132,58.704,59.048,53.021,51.446,38.937,2056,2056,0.69176,17.654,30.886,45.919,60.902,61.375,64.337,56.171,39.824
2057,2057,5.0889,18.949,27.972,40.587,57.145,59.117,56.645,56.588,42.026,2057,2057,9.3113,16.742,27.11,48.026,59.688,58.562,52.887,51.693,39.297,2057,2057,4.1991,22.954,26.251,46.789,62.795,61.792,65.149,56.495,40.957
2058,2058,-2.1975,21.519,28.955,42.9,55.517,55.48,52.223,52.359,43.168,2058,2058,7.5334,24.468,28.793,42.953,55.472,53.933,49.427,49.985,39.129,2058,2058,-1.5454,18.08,26.235,42.094,60.15,62.696,62.011,52.499,39.981
2059,2059,2.2181,19.348,30.346,43.119,52.765,55.004,50.069,48.209,40.613,2059,2059,8.2711,21.242,27.678,37.825,56.547,54.988,48.905,45.459,37.584,2059,2059,4.5008,13.237,27.715,42.929,58.608,61.181,59.759,49.267,38.498
2060,2060,2.252,25.129,29.392,43.868,52.755,53.554,46.383,45.362,42.43,2060,2060,12.217,19.753,31.247,43.319,55.778,54.628,45.856,42.466,37.544,2060,2060,2.0614,18.191,33.605,42.185,56.536,59.029,58.791,48.905,39.296
2061,2061,-1.7624,14.256,29.899,39.15,53.567,56.734,46.557,42.815,39.286,2061,2061,9.2603,23.135,24.56,40.942,52.717,56.134,43.71,40.91,36.675,2061,2061,-6.2945,19.625,26.223,42.312,56.815,61.235,60.237,49.853,37.157
2062,2062,-0.01117,19.748,27.952,38.793,49.75,52.932,50.924,45.637,42.198,2062,2062,2.4633,25.439,26.105,36.926,52.671,53.1,45.568,43.32,37.654,2062,2062,-3.1139,20.059,28.311,40.998,52.925,57.002,62.373,52.616,39.197
2063,2063,4.2332,20.468,28.492,38.583,51.537,54.117,53.635,45.227,39.109,2063,2063,-1.6978,14.247,31.096,39.557,52.78,53.654,47.212,43.511,37.159,2063,2063,-0.60753,22.227,18.21,39.596,54.797,58.347,66.041,55.864,38.997
2064,2064,9.1367,21.51,26.599,40.206,56.554,61.032,53.326,45.372,42.073,2064,2064,10.342,18.274,30.319,40.625,55.619,59.993,48.098,43.476,37.477,2064,2064,0.23981,22.087,29.401,40.562,57.728,61.296,66.338,56.939,39.731
2065,2065,5.1401,22.148,28.766,37.29,53.943,55.242,55.484,48.657,38.791,2065,2065,7.5094,26.053,27.261,38.957,52.698,54.583,51.71,45.714,36.715,2065,2065,-0.97228,19.409,29.458,40.682,53.683,57.243,69.004,59.528,40.176
2066,2066,12.362,25.286,32.118,39.082,54.063,54.795,54.701,52.414,42.315,2066,2066,11.944,23.23,27.746,41.755,51.226,54.344,50.061,46.783,38.158,2066,2066,7.0609,21.739,32.348,40.492,55.586,57.632,69.836,62.054,41.208
2067,2067,2.5887,21.227,28.444,38.401,58.032,59.424,53.796,52.478,39.35,2067,2067,11.275,11.932,28.632,37.299,57.903,60.706,48.704,47.432,37.542,2067,2067,0.51197,17.849,30.83,41.63,58.353,63.005,67.588,60.73,40.352
2068,2068,0.86742,19.172,27.194,36.345,55.902,56.141,50.8,51.511,42.115,2068,2068,2.6469,17.862,27.919,37.584,56.734,56.403,47.513,47.648,37.87,2068,2068,0.92135,19.075,29.386,40.177,52,59.903,65.504,58.211,39.66
2069,2069,8.7965,18.102,29.608,36.788,55.568,55.518,49.102,49.997,39.056,2069,2069,7.3225,22.357,26.098,39.445,56.956,56.867,46.624,46.36,36.814,2069,2069,0.77915,16.238,27.485,40.308,55.277,57.051,60.932,52.656,38.161
2070,2070,12.671,20.378,30.55,36.363,52.09,53.455,45.872,47.57,41.822,2070,2070,6.7658,23.152,31.457,41.152,51.885,52.138,43.608,42.968,36.917,2070,2070,3.2504,19.071,26.794,38.56,51.683,55.995,57.032,48.696,38.564
2071,2071,11.505,18.295,22.816,40.36,48.193,51.897,45.177,46.424,37.986,2071,2071,10.791,22.605,31.948,37.922,50.684,51.642,40.61,42.506,35.904,2071,2071,3.2456,20.949,28.573,35.237,47.292,54.99,58.126,50.675,37.488
2072,2072,14.39,17.214,30.728,40.111,48.317,50.622,42.873,41.594,41.988,2072,2072,7.3757,24.099,32.682,40.884,49.046,48.504,38.782,38.292,36.385,2072,2072,7.4624,21.862,29.848,33.405,47.961,55.59,56.117,46.691,37.091
2073,2073,8.3029,23.283,25.149,38.261,50.505,51.093,44.211,41.612,38.083,2073,2073,10.464,23.913,27.069,39.57,51.793,51.619,39.888,38.387,36.243,2073,2073,4.396,15.758,30.645,40.072,56.367,54.895,55.156,45.852,36.94
2074,2074,10.26,22.539,28.301,35.012,49.289,50.624,41.021,42.345,40.11,2074,2074,-0.045685,20.932,33.448,38.53,54.022,50.48,37.634,40.335,35.87,2074,2074,0.80093,21.335,29.857,41.239,56.263,54.067,54.244,45.728,37.692
2075,2075,5.4313,18.984,25.59,35.301,46.6,50.419,40.94,40.014,41.044,2075,2075,7.9525,22.201,30.872,37.609,48.659,48.839,38.991,38.849,36.502,2075,2075,2.8488,27.18,30.93,36.613,50.201,52.092,54.783,45.895,37.428
2076,2076,4.0657,19.085,25.885,36.664,46.565,51.139,38.529,37.516,38.862,2076,2076,4.7995,20.959,29.897,35.27,48.207,50.821,36.249,35.453,36.214,2076,2076,0.1259,20.301,30.664,38.632,52.007,55.014,51.892,42.756,36.617
2077,2077,6.2128,23.104,29.209,36.356,43.482,49.53,39.153,42.651,41.702,2077,2077,3.1724,20.488,22.937,35.01,46.635,48.347,36.657,40.162,36.268,2077,2077,-2.8684,20.631,30.438,35.718,48.931,51.947,52.185,44.279,37.761
2078,2078,5.0352,19.715,31.528,35.649,46.134,47.53,39.689,43.579,39.435,2078,2078,2.0453,23.994,31.364,38.089,50.116,47.605,36.241,43.464,37.119,2078,2078,4.0377,22.112,26.23,38.137,47.748,51.721,52.301,44.66,37.518
2079,2079,7.8955,22.444,33.487,34.799,45.044,46.743,41.504,43.003,42.084,2079,2079,11.533,24.408,26.729,36.167,43.515,45.756,37.357,40.876,36.301,2079,2079,2.9384,11.509,29.597,39.829,47.81,53.848,55.619,47.519,38.231
2080,2080,8.4557,20.352,34.731,37.832,47.363,49.571,42.528,45.984,38.969,2080,2080,13.126,17.381,30.671,37.874,48.322,49.955,38.09,44.155,36.254,2080,2080,2.7643,17.642,31.701,41.317,46.13,54.689,55.058,50.936,37.976
2081,2081,5.9535,15.328,27.584,41.448,48.427,48.551,42.456,46.701,43.241,2081,2081,14.99,13.767,29.412,40.202,47.305,47.789,39.33,43.702,37.788,2081,2081,6.0985,14.087,31.652,38.418,46.826,55.453,56.754,49.471,38.981
2082,2082,8.5596,22.488,31.897,37.711,48.746,51.637,42.833,43.002,39.133,2082,2082,12.8,16.831,29.024,40.402,47.811,51.015,37.882,42.124,35.99,2082,2082,-4.0005,20.92,31.76,38.722,47.124,52.873,57.503,49.926,37.687
2083,2083,9.5939,21.206,34,35.151,48.227,51.116,42.316,45.219,42.319,2083,2083,11.234,21.625,26.794,35.369,48.629,50.935,38.251,42.744,36.486,2083,2083,3.7635,17.523,29.776,39.107,49.778,51.44,54.997,46.812,37.917
2084,2084,10.449,19.294,30.972,34.007,46.49,48.765,41.824,43.823,39.044,2084,2084,9.3043,20.371,29.196,34.922,48.204,47.953,36.995,40.447,36.025,2084,2084,1.9165,15.022,25.445,40.123,47.623,51.781,55.713,47.309,37.265
2085,2085,5.0282,23.114,30.838,34.209,45.942,48.523,44.19,45.663,42.307,2085,2085,9.3144,16.168,27.354,35.848,45.02,48.128,39.528,41.492,36.881,2085,2085,-4.9419,19.028,30.504,40.431,46.186,50.555,57.516,50.562,38.336
2086,2086,7.4775,19.347,22.546,40.164,48.271,49.031,45.581,47.877,38.182,2086,2086,12.31,25.551,28.184,39.588,46.504,49.34,39.74,42.333,35.923,2086,2086,-1.3622,15.648,29.8,38.124,46.2,51.295,60.152,52.788,37.444
2087,2087,4.5948,13.365,33.473,37.054,49.59,50.629,51.906,51.947,42.615,2087,2087,20.291,23.408,30.541,36.686,48.135,50.448,47.382,45.217,36.678,2087,2087,2.7674,21.564,31.2,39.919,47.353,55.717,66.452,59.418,39.686
2088,2088,9.7557,24.646,27.874,37.494,53.697,56.731,54.07,52.598,40.522,2088,2088,17.031,26.532,32.156,37.336,53.126,55.568,49.388,46.761,37.595,2088,2088,8.2482,17.327,30.906,41.862,51.598,60.925,67.813,59.592,39.66
2089,2089,12.41,24.504,28.471,39.512,56.368,60.307,58.858,53.104,42.804,2089,2089,15.896,23.566,31.352,40.086,56.546,60.079,54.989,50.147,39.16,2089,2089,3.0192,22.561,28.498,42.785,52.041,64.353,70.098,60.541,41.297
2090,2090,3.1402,23.41,32.906,41.183,58.664,60.841,56.734,55.706,43.741,2090,2090,7.4897,22.122,32.741,41.101,55.736,59.368,52.284,54.716,41.908,2090,2090,7.1484,13.798,31.492,44.045,54.549,65.043,66.318,55.581,42.206
2091,2091,11.069,27.477,32.531,40.493,55.307,59.264,54.391,58.859,46.114,2091,2091,9.5897,21.997,33.291,39.126,56.39,59.271,52.219,57.389,43.859,2091,2091,3.6889,15.66,31.124,41.643,54.41,63.816,63.51,54.698,43.735
2092,2092,12.083,30.683,30.369,44.691,54.841,54.834,49.966,54.582,43.433,2092,2092,8.7294,27.165,29.017,39.698,56.413,55.067,45.611,54.563,42.372,2092,2092,3.8859,16.667,31.973,44.507,55.874,59.556,57.541,51.728,42.867
2093,2093,6.3846,15.965,32.361,44.275,58.098,55.691,53.521,66.207,48.896,2093,2093,9.0129,27.213,29.726,40.991,57.15,55.197,51.383,64.639,47.302,2093,2093,10.681,14.465,25.214,43.22,56.246,58.634,61.5,59.03,44.988
2094,2094,7.4205,15.424,30.758,36.501,56.232,56.099,56.083,67.189,50.236,2094,2094,7.7398,25.601,23.599,38.801,58.18,55.384,54.359,65.761,48.807,2094,2094,15.846,17.836,27.724,42.808,59.14,60.909,66.427,60.717,46.816
2095,2095,11.736,24.154,29.266,39.031,59.645,58.67,60.396,66.739,50.731,2095,2095,18.332,18.842,27.244,42.766,63.57,60.454,56.258,64.682,48.205,2095,2095,10.682,17.367,29.833,40.253,61.874,64.12,68.823,62.804,47.82
2096,2096,7.5306,16.69,30.077,42.769,58.101,58.786,63.222,63.607,47.388,2096,2096,11.818,20.474,30.794,39.142,59.387,59.062,59.131,60.118,44.999,2096,2096,5.5141,18.073,29.671,42.705,61.451,64.896,71.074,62.8,45.743
2097,2097,5.8057,26.517,31.851,39.398,56.036,59.286,64.82,61.254,47.1,2097,2097,9.7742,22.31,24.535,37.052,59.876,58.682,60.844,60.029,44.909,2097,2097,4.252,20.294,28.407,41.947,62.244,67.739,74.557,65.342,44.888
2098,2098,5.4978,20.071,31.16,35.98,57.48,62.038,69.42,61.774,45.655,2098,2098,6.8967,20.258,27.967,36.472,57.216,60.701,64.68,59.688,44.252,2098,2098,-0.32097,13.25,29.05,44.01,59.3,69.284,76.314,66.25,45.728
2099,2099,5.619,15.133,28.048,40.245,55.157,60.673,66.744,59.387,45.842,2099,2099,12.462,20.593,29.728,40.553,56.197,60.573,62.695,59.557,43.125,2099,2099,-1.8653,20.001,31.996,41.152,56.946,66.287,74.762,63.939,43.728
2100,2100,5.6371,21.864,31.749,40.178,49.265,56.478,64.685,53.306,41.388,2100,2100,6.7595,19.564,27.733,38.326,50.618,57.993,61.379,51.787,38.871,2100,2100,4.206,20.295,32.04,39.491,51.318,65.18,72.038,60.703,41.212
2101,2101,10.304,21.427,30.746,38.84,58.805,59.724,64.305,52.349,44.102,2101,2101,11.012,19.544,25.051,38.037,57.71,61.01,61.82,49.513,37.716,2101,2101,1.2448,19.779,30.959,41.447,56.801,65.225,70.133,56.356,39.784
2102,2102,10.887,25.499,30.831,39.567,55.742,61.037,61.679,51.134,42.513,2102,2102,14.997,20.385,29.897,41.27,55.258,60.994,60.223,49.58,38.005,2102,2102,-5.6832,12.703,28.87,41.617,52.702,64.003,67.607,56.017,39.968
2103,2103,4.2452,26.032,31.902,41.892,54.319,57.467,55.652,47.926,43.332,2103,2103,7.9789,23.014,31.682,42.928,54.599,56.965,51.62,45.291,37.95,2103,2103,0.65605,21.163,29.777,37.933,50.681,61.41,62.319,52.407,39.789
2104,2104,3.6601,23.466,30.753,41.113,54.305,56.706,58.287,48.13,41.18,2104,2104,12.072,18.328,32.891,41.67,55.885,57.087,51.865,45.421,37.332,2104,2104,-0.4376,20.017,28.502,42.857,51.562,62.714,64.929,53.907,40.544
2105,2105,10.871,24.307,34.136,38.104,52.082,54.49,47.892,46.754,42.923,2105,2105,14.928,18.075,27.302,39.669,52.059,52.622,44.654,44.379,37.655,2105,2105,5.9791,16.92,26.42,40.911,49.753,56.326,59.507,52.451,39.17
2106,2106,4.4761,18.733,28.641,41.57,48.35,50.78,46.244,43.811,42.164,2106,2106,12.822,19.037,28.534,42.277,50.682,50.871,42.819,42.446,37.309,2106,2106,2.8228,25.712,30.373,41.967,50.74,55.326,56.989,50.364,39.481
2107,2107,7.5561,23.753,30.607,40.891,48.435,54.23,51.609,42.63,43.094,2107,2107,18.381,21.752,29.816,42.469,52.128,54.118,50.415,40.561,37.1,2107,2107,-3.6306,20.856,33.899,39.641,52.681,60.632,59.33,46.988,39.264
2108,2108,1.6867,20.091,31.585,39.802,55.423,56.165,43.036,40.979,40.496,2108,2108,11.91,19.214,28.576,41.854,59.562,59.458,42.443,40.738,37.31,2108,2108,-11.495,18.403,29.656,41.876,55.625,57.03,53.295,44.965,38.067
2109,2109,0.80241,18.548,31.187,40.272,49.613,49.366,40.199,41.758,43.16,2109,2109,12.317,16.152,30.869,39.511,48.619,48.627,40.908,41.805,38.177,2109,2109,-1.8214,15.754,23.54,40.801,50.858,51.053,53.43,43.546,40.089
2110,2110,7.7585,20.159,29.2,34.726,48.082,46.952,38.806,40.894,40.636,2110,2110,7.8632,21.326,28.966,35.56,46.697,46.806,35.972,39.407,36.569,2110,2110,0.64849,22.883,31.633,36.474,53.146,50.224,50.745,42.866,39.216
2111,2111,3.568,20.762,29.041,36.747,46.162,46.12,41.001,40.933,42.948,2111,2111,14.616,13.36,28.343,36.583,46.593,46.478,37.935,39.256,37.494,2111,2111,-1.6036,18.721,30.159,37.286,46.755,47.465,53.403,45.444,38.886
2112,2112,9.6866,23.626,31.061,37.311,42.188,44.523,38.842,39.405,40.179,2112,2112,11.714,21.952,27.546,36.604,45.628,44.979,36.647,37.149,36.688,2112,2112,-2.2405,20.255,29.75,37.314,44.782,49.599,51.102,42.98,39.069
2113,2113,8.8853,25.695,27.552,36.392,46.995,45.819,38.779,42.29,42.687,2113,2113,7.4146,19.949,27.793,38.952,48.204,46.019,34.408,39.849,37.241,2113,2113,-3.6849,18.762,30.291,39.273,49.33,47.749,53.315,44.361,39.572
2114,2114,7.6576,20.88,27.894,32.345,45.851,47.183,38.649,41.556,40.791,2114,2114,12.284,18.526,25.384,36.789,44.464,46.657,35.194,38.998,36.782,2114,2114,0.29711,17.376,29.482,36.62,46.579,50.767,52.486,44.592,39.266
2115,2115,10.265,19.454,29.332,39.119,45.475,51.386,38.488,41.769,43.438,2115,2115,15.851,16.84,27.201,40.903,46.739,51.516,36.665,39.226,37.272,2115,2115,3.2257,21.686,32.517,35.572,46.013,51.746,50.844,45.108,40.017
2116,2116,11.687,15.431,28.619,37.852,44.208,49.464,37.876,40.666,40.252,2116,2116,16.511,19.84,25.881,36.517,46.764,49.165,33.541,37.652,36.651,2116,2116,3.8398,12.183,31.897,36.774,44.799,51.695,50.752,43.595,38.396
2117,2117,13.266,22.022,27.129,36.269,45.098,51.928,38.515,40.708,39.902,2117,2117,17.297,20.081,28.236,35.62,47.277,51.691,36.187,37.413,35.992,2117,2117,3.9119,12.238,23.189,36.023,47.501,50.881,52.516,44.502,38.33
2118,2118,4.7143,22.276,29.484,35.35,42.35,47.534,37.423,40.194,42.67,2118,2118,6.6885,17.61,25.45,34.59,44.188,47.499,34.974,37.219,36.916,2118,2118,-0.72106,20.134,26.851,34.521,46.844,50.804,50.653,41.819,38.838
2119,2119,8.278,15.702,29.517,40.294,46.793,52.71,46.444,40.428,39.858,2119,2119,2.5323,16.758,26.827,42.827,50.632,53.017,43.323,37.366,36.06,2119,2119,0.63717,18.325,24.902,41.001,50.987,57.926,53.576,44.702,38.511
2120,2120,9.4509,19.751,21.444,35.751,51.017,56.55,47.5,42.255,42.549,2120,2120,8.6458,15.451,27.483,40.459,53.565,57.228,45.515,39.468,37.112,2120,2120,3.23,19.078,30.207,37.256,53.01,58.016,56.689,47.084,39.002
2121,2121,9.4032,17.593,27.368,34.945,47.529,52.42,42.232,44.533,40.499,2121,2121,5.2339,19.731,30.788,34.448,48.101,52.636,40.154,42.397,36.78,2121,2121,3.3024,19.304,30.501,39.729,47.873,53.86,54.146,47.103,39.086
2122,2122,11.463,17.026,29.365,33.835,49.959,54.201,43.966,44.069,43.064,2122,2122,8.844,17.042,31.165,35.423,50.035,53.206,41.672,40.772,37.969,2122,2122,0.34466,17.675,31.269,34.752,50.052,55.788,54.707,47.927,39.99
2123,2123,13.772,22.913,30.577,37.722,49.503,52.975,45.111,44.318,40.658,2123,2123,14.126,19.083,26.576,37.061,49.345,52.333,42.375,41.979,36.672,2123,2123,-1.5625,11.285,29.116,32.067,45.362,57.002,54.977,48.025,39.281
2124,2124,9.0791,17.91,26.768,37.112,49.707,56.843,45.709,46.704,43.477,2124,2124,14.838,18.341,34.717,39.641,49.186,56.467,43.299,44.593,37.377,2124,2124,4.626,15.981,30.436,35.859,50.086,58.577,55.681,49.563,38.881
2125,2125,9.7509,16.504,31.244,43.387,58.519,59.863,49.991,50.396,42.329,2125,2125,14.838,17.077,31.845,43.78,56.405,58.508,49.762,50.909,38.645,2125,2125,4.9386,18.859,30.526,40.115,56.746,61.122,60.315,51.911,39.222
2126,2126,1.7522,21.993,32.823,49.859,64.778,64.475,54.265,51.187,44.439,2126,2126,11.18,14.662,29.789,50.724,64.136,64.122,56.878,51.093,39.47,2126,2126,-6.0403,21.914,31.744,45.345,65.545,67.606,64.351,54.322,41.222
2127,2127,3.6294,18.789,28.655,47.343,67.73,66.182,58.05,50.647,44.653,2127,2127,18.52,17.424,33.131,49.487,70.559,68.027,60.47,51.128,39.65,2127,2127,3.5875,20.031,26.413,48.286,64.895,68.669,68.121,54.928,43.568
2128,2128,4.2469,20.396,32.654,50.96,70.813,71.088,61.706,54.231,46.926,2128,2128,14.699,24.761,37.058,52.992,70.497,69.358,60.212,52.742,40.964,2128,2128,0.71142,12.587,28.399,47.947,66.192,71.26,71.037,58.386,44.106
2129,2129,5.8927,24.243,34.844,58.3,70.248,69.697,60.277,52.703,45.117,2129,2129,5.0457,23.281,36.185,61.651,71.65,70.575,61.264,51.848,40.479,2129,2129,-2.3286,18.169,28.192,54.443,65.649,71.715,70.082,58.055,43.68
2130,2130,4.6163,20.126,34.755,57.606,67.884,71.429,60.421,53.353,46.696,2130,2130,12.107,23.935,37.168,61.392,67.61,69.706,61.268,52.113,41.082,2130,2130,3.018,18.822,30.025,55.696,68.475,72.192,72.127,60.378,44.912
2131,2131,7.0758,24.905,35.317,53.972,70.898,70.702,59.351,52.816,43.441,2131,2131,11.128,20.884,37.757,56.008,70.468,71.159,58.515,51.967,39.752,2131,2131,-0.54751,23.671,30.022,56.872,66.407,71.464,70.056,59.558,42.064
2132,2132,7.4932,26.184,34.804,51.608,68.286,67.548,60.092,52.481,44.438,2132,2132,15.084,19.922,33.274,56.771,68.431,65.988,57.443,50.923,39.739,2132,2132,3.6768,27.52,32.692,52.899,65.309,69.754,70.319,59.698,42.453
2133,2133,3.4146,16.829,30.99,51.445,66.788,66.5,58.438,52.306,44.065,2133,2133,9.5335,23.05,30.165,55.552,67.215,67.103,56.813,52.483,41.096,2133,2133,1.2342,26.155,34.017,51.842,66.494,69.727,70.188,59.276,42.832
2134,2134,0.13819,22.339,29.638,45.602,63.237,65.133,56.421,50.079,44.054,2134,2134,4.4519,16.481,27.35,46.371,64.068,65.192,52.749,49.219,39.676,2134,2134,-0.08245,23.018,31.981,47.642,62.71,65.696,67.481,57.638,40.958
2135,2135,3.4518,14.331,27.533,43.372,61.31,63.17,55.959,51.962,41.621,2135,2135,1.6507,21.836,30.654,40.811,61.96,63.643,53.345,50.292,40.539,2135,2135,7.4469,22.594,30.419,47.3,61.45,66.501,65.528,54.701,40.89
2136,2136,3.6809,19.632,28.458,46.403,61.662,63.911,53.95,54.797,45.005,2136,2136,5.4222,19.296,30.437,45.408,59.205,62.891,51.591,52.822,40.771,2136,2136,-0.080578,22.748,29.919,45.842,61.631,65.932,62.068,54.256,40.451
2137,2137,5.8381,17.149,29.823,46.941,67.325,63.799,54.7,52.794,42.591,2137,2137,12.595,21.423,32.226,49.74,68.773,63.678,54.037,49.912,40.189,2137,2137,-2.131,22.483,29.983,44.589,64.696,65.581,63.433,54.561,40.953
2138,2138,11.004,24.277,32.507,50.99,69.185,66.484,56.745,62.982,47.304,2138,2138,11.727,15.304,36.006,52.119,71.859,67.186,56.059,60.214,44.452,2138,2138,-3.1459,22.552,29.829,45.498,65.13,67.431,66.98,59.916,43.15
2139,2139,12.64,22.431,33.368,47.483,66.642,66.042,59.867,65.992,48.3,2139,2139,14.654,18.033,33.042,51.67,66.946,65.708,57.58,63.434,47.085,2139,2139,-1.5126,23.918,32.921,46.315,63.976,65.41,69.449,62.652,46.286
2140,2140,1.723,17.253,37.162,48.681,66.942,68.233,62.667,65.815,48.902,2140,2140,13.255,22.785,40.186,54.485,66.033,67.518,58.188,62.4,47.032,2140,2140,1.6049,19.281,31.499,47.231,66.068,68.603,70.244,63.056,46.832
2141,2141,6.4603,23.862,33.857,49.832,66.797,67.56,63.871,63.442,48.042,2141,2141,12.411,17.952,32.471,53.521,67.565,67.968,60.824,59.73,46.113,2141,2141,3.5087,18.515,28.301,48.095,63.078,69.816,73.567,65.094,47.756
2142,2142,5.0237,22.675,36.57,50.627,68.59,70.036,68.507,62.362,48.254,2142,2142,16.547,18.459,34.735,53.73,70.793,70.254,64.255,61.598,46.971,2142,2142,0.22023,16.048,28.239,49.854,64.57,72.579,75.434,66.816,47.988
2143,2143,7.0468,19.958,31.284,52.301,62.018,66.278,69.169,62.353,48.892,2143,2143,12.935,25.185,30.254,56.175,64.934,66.322,65.186,61.795,46.409,2143,2143,-0.30154,23.416,29.997,49.945,64.385,70.813,77.328,66.752,47.324
2144,2144,11.548,19.314,31.463,50.086,62.654,65.794,69.979,60.625,48.343,2144,2144,14.877,23.267,31.257,53.415,64.517,66.13,63.926,58.577,43.824,2144,2144,-1.4092,22.644,34.575,50.196,64.775,72.14,76.809,66.418,46.777
2145,2145,8.7316,21.089,33.966,45.16,58.875,64.857,67.656,59.731,46.798,2145,2145,15.278,18.375,30.95,48.325,56.303,64.238,63.543,56.069,41.87,2145,2145,3.6562,18.677,31.691,46.734,59.688,68.873,75.901,66.232,45.18
2146,2146,12.27,24.854,34.433,45.4,66.453,64.856,67.3,58.766,47.56,2146,2146,12.049,25.243,36.849,45.114,65.223,64.302,63.506,56.005,42.023,2146,2146,0.95361,22.271,35.265,46.862,62.599,67.617,75.492,65.524,45.799
2147,2147,7.5631,21.083,32.212,46.751,63.154,65.358,65.273,58.268,45.039,2147,2147,11.295,21.364,31.105,46.389,64.42,66.367,62.271,55.652,41.78,2147,2147,6.7144,25.496,28.818,46.932,62.685,67.336,73.326,65.06,44.659
2148,2148,0.08085,22.513,33.126,42.688,62.382,65.313,63.048,59.398,46.027,2148,2148,12.329,23.338,28.213,44.106,63.33,65.385,62.719,55.69,40.898,2148,2148,2.5576,22.688,31.56,42.903,58.336,66.026,73.25,65.559,44.065
2149,2149,7.8242,23.701,31.873,41.187,64.339,63.468,63.536,61.618,45.157,2149,2149,17.33,22.564,28.206,42.115,64.012,63.136,60.956,57.952,41.678,2149,2149,-2.3909,18.024,36.859,44.136,59.954,67.381,75.308,69.151,46.213
2150,2150,9.2435,22.849,29.75,40.677,59.567,62.321,64.317,62.737,46.092,2150,2150,14.313,22.181,32.56,42.147,60.134,61.476,60.119,58.224,41.54,2150,2150,3.4034,18.321,31.607,40.564,58.032,66.387,75.082,69.686,46.108
2151,2151,3.2725,26.994,28.889,40.899,60.031,65.948,63.169,60.891,45.023,2151,2151,19.495,23.506,32.463,41.414,61.053,66.315,60.144,58.608,42.116,2151,2151,2.9552,19.301,33.345,43.747,58.784,67.882,74.448,67.873,45.179
2152,2152,8.4026,22.449,30.864,37.783,58.585,62.3,61.038,57.876,45.09,2152,2152,15.504,22.916,29.385,43.423,59.37,60.866,60.224,56.105,41.956,2152,2152,0.70076,16.665,32.67,43.88,57.433,64.692,72.741,67.174,45.007
2153,2153,8.7154,19.006,23.955,38.788,59.412,59.65,59.134,54.68,41.645,2153,2153,14.733,17.408,33.525,41.216,58.624,58.404,54.44,51.543,39.751,2153,2153,-5.9501,18.417,32.178,43.625,57.351,64.111,67.641,60.132,41.791
2154,2154,12.767,20.163,27.895,41.76,57.109,60.085,56.864,56.245,43.559,2154,2154,14.233,21,28.071,43.678,58.394,59.624,53.493,51.208,39.289,2154,2154,-0.21426,21.489,33.833,47.685,60.836,62.371,66.248,58.164,40.607
2155,2155,14.732,20.139,26.928,41.282,60.101,59.588,57.569,56.679,42.644,2155,2155,7.6954,19.099,31.856,43.405,60.257,59.732,55.546,51.937,38.824,2155,2155,-6.441,20.193,31.457,47.49,61.184,61.827,65.667,57.213,40.678
2156,2156,9.4284,18.499,28.013,42.164,57.298,58.285,54.863,56.933,44.086,2156,2156,7.3112,22.198,31.463,44.037,59.034,58.405,54.121,52.588,39.803,2156,2156,-3.996,16.025,26.526,47.113,60.737,60.448,64.912,57.941,40.904
2157,2157,3.959,25.124,33.664,40.849,55.776,57.204,56.171,54.176,42.501,2157,2157,13.003,25.761,29.388,44.61,57.07,57.061,53.236,51.818,40.301,2157,2157,0.831,17.369,33.662,46.097,61.179,61.372,64.817,57.245,41.043
2158,2158,1.6581,26.994,31.272,44.59,54.356,55.483,51.606,52.756,43.876,2158,2158,6.1776,23.463,27.753,41.331,51.237,53.584,48.874,49.893,39.408,2158,2158,3.8778,16.506,26.81,42.888,54.317,58.683,62.029,54.701,40.805
2159,2159,5.8821,24.663,28.507,43.09,51.145,53.582,51.147,49.569,42.684,2159,2159,7.2019,23.061,30.286,40.98,52.829,52.73,47.586,46.809,38.484,2159,2159,-1.147,19.999,27.689,40.862,54.436,57.254,60.051,53.025,40.549
2160,2160,5.723,19.059,28.979,39.289,55.397,55.11,49.406,46.768,42.46,2160,2160,4.4554,21.099,27.071,43.119,55.119,54.836,45.554,45.358,39.752,2160,2160,-4.4923,23.233,31.505,41.258,57.09,58.138,60.191,53.645,42.046
2161,2161,5.4476,16.2,30.561,39.036,54.461,52.644,51.455,51.318,43.717,2161,2161,4.3521,17.63,27.436,40.282,55.089,53.637,47.796,49.104,39.835,2161,2161,-1.2228,21.425,31.779,42.869,55.523,59.203,62.786,56.176,41.659
2162,2162,9.6625,22.453,30.988,36.503,50.639,50.995,53.084,48.126,40.238,2162,2162,5.0814,24.451,30.984,39.52,53.499,52.254,48.768,47.315,37.874,2162,2162,-0.51505,29.341,34.387,42.24,55.802,58.983,64.584,56.56,39.587
2163,2163,3.3243,16.1,30.26,41.67,52.882,57.015,55.021,48.934,42.587,2163,2163,11.303,24.869,30.627,38.976,52.98,56.782,49.415,46.004,38.359,2163,2163,5.7846,23.334,31.721,39.878,53.908,59.241,65.748,57.993,40.244
2164,2164,6.6498,25.799,30.063,43.43,55.08,58.425,56.383,52.993,40.308,2164,2164,8.9599,25.62,28.223,42.527,55.013,58.288,50.602,45.94,38.007,2164,2164,1.5297,28.103,30.641,40.674,52.016,59.864,68.004,61.881,40.787
2165,2165,5.0626,20.042,33.014,41.266,56.688,57.389,56.372,54.019,42.608,2165,2165,9.71,25.457,30.172,40.456,56.096,57.439,50.982,48.185,37.952,2165,2165,-1.2132,21.662,29.354,37.518,53.089,60.154,68.566,61.914,41.168
2166,2166,0.75272,23.777,28.58,36.581,58.493,60.4,54.275,55.258,40.825,2166,2166,12.262,20.318,30.246,40.409,58.072,59.433,49.129,49.365,38.437,2166,2166,-2.9223,25.54,27.884,35.587,54.812,60.764,66.277,60.66,40.706
2167,2167,9.3343,25.143,29.343,38.075,54.35,57.243,53.047,52.994,43.03,2167,2167,14.303,23.885,30.16,38.139,52.539,56.524,49.819,49.316,38.563,2167,2167,1.4872,14.906,22.92,40.277,54.325,61.103,64.905,57.605,40.101
2168,2168,4.515,25.639,31.261,37.601,52.253,55.935,49.483,48.953,41.675,2168,2168,12.792,27.693,29.969,38.511,52.442,55.824,45.205,45.889,37.791,2168,2168,1.538,12.733,21.512,39.05,53.188,58.368,61.628,54.368,40.213
2169,2169,9.6861,19.726,30.712,35.117,50.372,53.975,46.781,49.338,43.679,2169,2169,13.584,16.845,28.185,35.554,50.447,53.692,42.989,46.573,38.252,2169,2169,0.42687,14.57,24.558,36.609,52.766,58.871,59.535,53.836,40.404
2170,2170,1.127,14.352,30.132,39.127,47.89,55.062,46.634,45.701,40.187,2170,2170,4.2034,20.29,29.754,37.392,49.456,55.741,43.992,43.082,37.266,2170,2170,1.6027,15.781,30.941,39.813,55.019,58.27,58.965,51.433,39.129
2171,2171,0.13673,20.685,28.618,38.292,56.268,56.073,48.795,47.827,43.115,2171,2171,8.1995,23.662,31.089,37.955,52.961,54.56,47.654,47.241,37.585,2171,2171,0.95872,18.955,28.64,38.749,57.352,58.584,58.58,52.529,39.38
2172,2172,4.4857,21.059,29.339,44.224,64.662,63.842,52.726,48.375,42.472,2172,2172,5.0206,22.321,28.231,43.834,63.836,64.06,51.138,45.892,37.996,2172,2172,-7.8079,19.689,31.465,42.91,63.838,64.476,63.059,54.038,39.999
2173,2173,5.41,25.491,28.507,46.471,70.594,68.2,56.828,50.336,44.035,2173,2173,12.177,20.219,31.513,49.884,69.115,67.047,57.25,49.433,38.706,2173,2173,0.72793,19.862,28.035,45.814,69.486,69.22,67.666,55.348,40.598
2174,2174,3.6024,20.527,32.099,51.287,65.573,65.954,55.507,49.724,43.109,2174,2174,6.8128,20.657,36.31,53.793,66.612,67.36,58.751,47.99,39.028,2174,2174,1.5744,17.578,28.33,46.691,63.299,68.226,66.005,54.901,41.749
2175,2175,4.8709,17.473,34.463,45.979,67.959,71.933,57.791,49.274,44.788,2175,2175,8.3936,24.848,34.809,50.175,68.878,71.446,59.361,48.95,39.344,2175,2175,-0.55526,19.572,30.518,47.07,65.937,69.412,68.664,55.612,41.794
2176,2176,6.9325,21.165,28.315,51.833,67.385,67.336,56.154,48.387,42.57,2176,2176,7.8396,25.545,34.389,50.649,68.259,66.476,57.772,46.526,38.31,2176,2176,3.8529,17.623,28.056,49.989,66.21,70.147,67.085,55.016,41.133
2177,2177,4.3037,19.602,33.815,48.724,69.987,69.07,57.78,49.603,43.854,2177,2177,8.5994,25.796,33.389,48.388,70.562,69.637,58.915,47.803,38.598,2177,2177,2.0076,21.14,30.636,46.926,69.103,69.367,67.79,56.007,40.882
2178,2178,4.5806,15.024,31.937,49.982,66.504,65.437,55.398,48.378,42.048,2178,2178,7.7275,25.556,35.938,51.392,66.013,65.236,58.753,47.304,38.193,2178,2178,-2.328,12.023,32.655,51.472,67.279,68.792,66.899,54.634,39.532
2179,2179,3.4915,21.134,30.249,50.008,66.813,66.256,57.608,47.129,44.153,2179,2179,5.5128,21.411,35.749,55.523,70.256,67.626,58.434,46.489,39.127,2179,2179,3.3498,20.764,31.734,51.028,65.39,68.1,67.414,53.381,40.753
2180,2180,7.485,23.585,34.663,58.214,67.389,65.021,55.057,47.009,41.515,2180,2180,6.4462,19.023,36.927,62.335,68.761,65.269,54.139,47.288,37.991,2180,2180,2.0552,21.293,30.599,49.481,66.656,67.693,64.409,52.708,39.785
2181,2181,5.0464,24.108,29.219,49.938,63.074,61.276,52.535,48.127,43.973,2181,2181,8.1713,17.923,32.632,50.904,64.253,61.593,53.88,47.21,38.92,2181,2181,0.026009,18.796,31.968,48.307,62.82,65.419,64.679,54.025,39.968
2182,2182,0.81138,22.339,27.893,42.831,62.224,61.166,50.858,46.887,41.572,2182,2182,9.7772,17.318,31.354,45.918,63.143,61.277,52.388,47.068,38.331,2182,2182,4.259,18.952,30.926,49.71,60.934,63.273,60.648,54.651,39.623
2183,2183,9.6113,19.252,25.621,42.644,58.288,56.771,50.674,45.495,43.721,2183,2183,10.444,19.04,32.02,44.55,57.821,56.38,47.545,44.57,38.688,2183,2183,-0.23247,19.119,35.826,45.369,55.772,60.551,60.135,52.436,40.337
2184,2184,3.7956,22.666,27.568,39.117,52.706,54.633,49.899,45.932,41.544,2184,2184,4.9605,18.403,26.296,42.235,57.528,57.422,48.792,46.747,38.424,2184,2184,1.9648,21.895,31.243,45.069,55.649,61.96,61.283,53.448,38.983
2185,2185,11.95,21.273,29.495,40.029,55.555,58.462,47.598,44.03,43.446,2185,2185,14.285,22.37,30.771,40.038,53.406,57.99,46.647,43.906,38.234,2185,2185,-5.9672,21.502,30.154,42.264,58.349,61.572,59.269,51.606,39.207
2186,2186,5.1662,14.795,30.237,39.705,53.183,54.371,47.474,43.726,40.157,2186,2186,10.177,25.395,26.582,40.927,54.981,54.873,44.988,41.984,37.24,2186,2186,0.28222,22.533,24.029,39.628,53.577,59.002,58.884,52.215,38.297
2187,2187,10.421,23.989,31.016,41.414,51.158,54.693,48.467,44.204,43.358,2187,2187,10.857,23.675,25.786,43.838,53.005,55.045,46.259,41.87,36.843,2187,2187,1.6634,19.599,28.953,44.62,50.658,59.396,59.385,51.205,38.528
2188,2188,12.635,25.31,31.526,39.86,56.775,58.594,55.723,56.486,40.482,2188,2188,10.884,23.49,25.957,41.969,57.29,58.98,49.434,51.428,38.464,2188,2188,4.1665,23.127,22.227,45.006,55.105,60.438,68.114,61.428,39.997
2189,2189,8.9947,22.255,29.957,40.413,55.211,51.729,44.914,44.358,42.484,2189,2189,11.353,23.101,31.235,43.757,55.852,51.726,41.248,43.234,37.016,2189,2189,4.9525,16.144,31.808,44.234,57.185,53.294,61.238,53.252,38.135
2190,2190,-0.05213,21.72,27.783,44.456,54.114,52.406,46.192,46.008,39.485,2190,2190,11.177,27.336,32.892,45.828,53.603,52.43,43.187,43.513,36.228,2190,2190,-1.6583,19.721,26.885,41.717,55.812,57.262,61.376,53.961,37.981
2191,2191,-0.51324,20.86,27.301,44.717,52.935,52.229,46.344,45.65,42.057,2191,2191,10.807,22.464,28.25,43.854,54.151,53.151,47.057,44.951,37.121,2191,2191,2.5106,22.39,32.991,43.587,55.401,55.221,61.614,54.749,38.627
2192,2192,7.7962,15.656,30.282,38.971,54.236,54.205,63.876,71.915,49.496,2192,2192,11.122,24.184,32.119,40.115,52.21,53.328,55.157,65.844,47.658,2192,2192,-2.3048,21.826,29.065,41.861,54.786,58.787,75.134,72.108,46.965
2193,2193,2.8457,15.325,25.491,40.304,53.007,49.672,42.36,42.382,42.422,2193,2193,8.2105,22.259,31.538,37.253,50.477,47.065,42.256,41.217,36.682,2193,2193,-7.1638,24.833,30.105,38.699,53.727,53.223,57.895,49.43,38.126
2194,2194,7.9662,13.172,25.313,40.141,53.739,50.864,43.165,43.201,39.178,2194,2194,14.516,25.504,28.977,42.465,50.308,48.702,40.282,41.748,36.955,2194,2194,-5.6844,22.901,28.554,42.856,55.564,52.481,58.855,51.054,38.057
2195,2195,3.4825,18.846,29.157,40.253,49.297,49.559,42.584,42.406,41.962,2195,2195,8.5571,16.86,30.47,45.056,51.463,50.552,41.145,42.246,37.217,2195,2195,0.24638,13.784,28.019,43.514,50.834,53.823,57.199,49.142,38.244
2196,2196,5.0438,5.7911,27.784,39.001,49.296,49.925,42.571,42.694,39.75,2196,2196,9.4956,20.612,34.745,43.328,49.387,49.222,38.832,43.094,36.006,2196,2196,-1.2461,14.83,23.154,41.028,51.042,55.777,55.836,47.907,38.252
2197,2197,11.975,23.453,31.299,43.158,48.86,49.461,42.157,41.803,42.538,2197,2197,7.4361,26.628,29.006,37.959,49.254,48.816,38.266,41.122,36.843,2197,2197,-3.7807,21.603,26.785,45.016,54.613,54.457,56.744,48.325,38.145
2198,2198,6.1159,20.188,31.636,42.27,48.543,48.305,44.182,44.277,39.845,2198,2198,11.543,24.814,27.113,41.793,50.077,46.837,40.69,43.537,36.536,2198,2198,-0.85326,23.602,31.185,40.37,52.642,55.314,57.129,47.49,36.926
2199,2199,5.0123,23.39,27.567,42.447,49.162,51.613,44.784,47.222,42.915,2199,2199,6.8567,21.473,26.957,41.327,49.628,51.157,40.554,47.201,38.155,2199,2199,2.0211,16.28,30.05,38.338,47.922,56.045,58.091,49.563,39.31
2200,2200,7.0381,22.349,29.864,40.847,50.672,50.24,42.804,45.099,39.172,2200,2200,8.975,24.688,24.048,41.654,51.396,49.781,39.522,42.625,36.402,2200,2200,-0.35937,20.41,25.674,42.093,48.611,55.047,55.573,48.006,38.024
2201,2201,7.8124,17.447,29.508,42.856,53.432,54.451,42.802,46.551,42.3,2201,2201,11.964,24.883,32.677,43.349,53.611,54.449,38.968,42.803,36.966,2201,2201,0.24744,22.462,32.903,41.99,51.636,53.478,55.724,49.409,38.117
2202,2202,5.3529,22.105,34.336,42.997,51.896,48.513,41.584,44.581,39.717,2202,2202,10.191,19.117,33.418,46.478,53.937,49.166,37.881,43.039,36.961,2202,2202,-7.332,20.627,28.988,44.637,52.081,54.094,55.727,49.986,37.674
2203,2203,8.2769,23.379,33.759,41.244,52.089,46.835,39.986,44.324,39.822,2203,2203,9.2622,23.778,32.125,41.141,51.887,47.265,37.462,43.558,36.81,2203,2203,-0.47619,20.993,28.852,40.561,51.108,50.175,54.944,48.082,37.378
2204,2204,6.3939,23.183,32.442,39.041,52.983,48.925,45.323,48.752,42.561,2204,2204,9.2664,23.284,33.984,45.232,50.978,48.47,40.486,44.5,37.24,2204,2204,-1.9967,17.552,29.267,40.605,51.915,55.123,57.484,49.775,38.217
2205,2205,6.1363,20.77,29.035,42.228,55.712,51.102,41.083,43.002,39.622,2205,2205,14.754,21.68,28.227,47.621,54.566,50.225,40.179,40.068,36.017,2205,2205,-0.50582,25.469,29.008,47.452,56.758,51.927,55.062,48.293,38.355
2206,2206,9.558,26.901,27.418,43.079,50.855,46.829,41.166,43.91,42.231,2206,2206,11.32,25.898,31.3,42.867,52.252,48.277,38.436,39.977,36.892,2206,2206,0.59821,21.338,29.219,39.222,51.008,51.634,55.009,48.376,38.604
2207,2207,8.0302,23.318,33.963,43.212,50.46,48.518,43.264,45.438,39.758,2207,2207,11.785,23.767,29.937,42.994,51.887,50.094,37.369,41.354,36.602,2207,2207,-0.25377,18.508,28.79,40.45,52.318,53.46,56.319,51.186,38.236
2208,2208,12.626,22.034,32.347,42.664,54.489,52.526,43.97,46.896,44.817,2208,2208,13.27,20.293,27.273,40.675,51.173,51.803,40.947,43.378,38.051,2208,2208,2.5788,19.535,29.357,42.449,56.373,56.552,57.642,50.567,40.722
2209,2209,5.5634,22.166,31.846,43.375,53.574,50.881,45.939,51.028,43.259,2209,2209,10.244,22.633,31.379,45.098,52.82,49.458,43.312,52.644,40.417,2209,2209,-2.5351,19.399,25.341,40.249,55.701,53.305,57.777,52.495,40.374
2210,2210,8.0739,17.135,29.787,45.745,54.513,54.113,46.595,49.054,44.448,2210,2210,7.6248,20.778,27.454,43.365,50.556,53.89,46.26,45.54,38.318,2210,2210,5.6343,15.737,27.912,40.027,54.725,55.727,57.444,51.717,39.585
2211,2211,5.7707,15.459,33.404,47.244,63.034,58.315,46.426,46.908,42.23,2211,2211,15.657,20.518,33.938,46.482,60.054,57.212,47.093,44.252,37.894,2211,2211,0.55625,22.999,32.089,42.214,55.044,56.433,57.078,48.501,38.72
2212,2212,13.344,17.676,32.778,46.928,63.463,58.275,50.806,48.704,43.679,2212,2212,16.783,21.836,33.237,45.224,63.527,58.801,46.403,43.719,38.295,2212,2212,-10.189,16.289,35.043,43.075,55.299,56.829,57.205,49.765,39.619
2213,2213,11.008,24.051,32.275,45.223,53.557,51.394,46.301,47.069,41.667,2213,2213,16.087,19.711,34.359,46.237,57.063,53.656,44.4,44.994,38.292,2213,2213,-1.8143,26.066,29.124,44.141,52.479,55.481,58.304,51.482,39.739
2214,2214,13.131,22.115,35.059,37.606,56.438,53.866,51.793,54.132,44.509,2214,2214,13.478,22.707,30.707,39.704,54.013,52.361,46.117,51.131,39.921,2214,2214,2.3297,16.426,31.508,42.149,54.458,58.306,62.562,57.665,41.52
2215,2215,6.0077,19.698,32.731,39.441,54.883,53.935,47.006,53.925,43.026,2215,2215,13.662,23.066,31.168,37.879,56.696,54.84,46.328,53.703,41.049,2215,2215,0.96215,16.606,27.441,40.834,53.672,55.064,59.574,53.637,39.664
2216,2216,4.4297,22.125,32.93,48.547,55.996,60.249,51.251,53.692,44.254,2216,2216,11.289,27.054,34.258,43.469,57.047,60.747,47.074,55.012,43.04,2216,2216,6.1046,21.455,31.235,46.175,60.095,61.486,63.774,56.556,41.928
2217,2217,6.3383,26.153,35.905,47.802,57.266,54.639,51.45,60.453,46.821,2217,2217,8.2635,25.559,37.635,49.491,58.476,56.151,47.062,55.95,44.74,2217,2217,2.8662,32.259,36.444,42.055,56.147,56.864,63.81,59.958,44.64
2218,2218,12.567,24.307,30.903,41.72,55.346,53.969,47.717,59.989,51.468,2218,2218,12.908,25.166,34.354,45.531,58.649,54.999,47.293,61.235,49.115,2218,2218,1.9931,28.259,37.017,45.734,59.243,58.87,62.523,62.59,47.069
2219,2219,18.294,26.81,29.578,41.242,52.606,50.3,45.861,48.522,44.046,2219,2219,15.038,22.117,30.934,41.015,52.292,52.249,44.383,46.488,40.662,2219,2219,5.0981,23.218,33.594,43.821,54.888,57.381,55.67,48.371,41.375
2220,2220,17.69,25.634,31.177,42.352,53.384,52.848,49.951,55.658,44.691,2220,2220,13.721,22.141,33.92,42.086,53.315,52.7,46.637,53.207,40.728,2220,2220,2.1872,19.095,33.61,43.493,55.244,56.769,60.045,58.503,40.956
2221,2221,16.002,17.58,28.828,39.9,55.775,52.615,48.503,58.926,44.172,2221,2221,11.023,27.295,32.723,41.375,57.062,53.989,45.351,53.226,39.121,2221,2221,4.9774,19.701,29.608,40.252,52.974,58.29,58.879,52.826,39.649
2222,2222,13.667,22.013,26.181,39.929,52.129,51.322,49.032,50.768,42.845,2222,2222,7.9699,23.813,31.556,41.227,51.004,51.184,45.121,47.351,38.416,2222,2222,10.655,17.071,29.145,40.115,55.072,56.438,59.287,52.105,38.54
2223,2223,5.5132,23.373,28.31,36.134,49.717,52.259,47.806,47.009,39.085,2223,2223,9.0211,19.074,28.536,38.524,50.149,50.822,43.877,43.634,37.474,2223,2223,3.6134,19.174,30.394,37.934,51.869,54.829,56.679,49.651,37.951
2224,2224,5.2147,22.91,28.735,37.324,51.386,51.199,52.012,53.299,42.874,2224,2224,11.23,20.192,33.816,37.282,51.983,50.385,44.968,49.259,38.373,2224,2224,-3.8663,20.55,29.478,40.022,51.398,55.414,62.796,56.147,38.952
2225,2225,11.676,23.467,30.879,39.412,49.945,48.211,41.99,43.376,39.299,2225,2225,13.554,19.132,27.799,41.865,51.637,48.355,40.025,39.786,36.787,2225,2225,-0.91531,19.381,30.323,39.7,51.366,53.191,54.088,45.053,38.058
2226,2226,3.0179,23.121,30.768,42.08,51.851,47.439,48.721,47.531,42.819,2226,2226,7.0373,21.645,32.426,44.125,53.339,48.768,44.525,45.529,37.896,2226,2226,-0.13495,14.259,34.028,37.653,52.554,52.127,60.028,52.143,38.196
2227,2227,5.9792,16.01,33.299,45.678,50.029,47.301,46.982,45.758,39.817,2227,2227,10.694,24.415,34.427,46.049,52.044,47.501,42.199,44.038,36.04,2227,2227,2.2524,10.096,29.904,42.83,50.266,53.658,58.097,49.021,37.156
2228,2228,9.3743,21.119,35.291,46.538,48.247,47.774,44.332,48.337,42.754,2228,2228,17.953,27.31,37.465,46.716,47.312,45.05,42.749,45.058,36.982,2228,2228,-2.062,15.821,25.992,37.719,49.785,52.34,55.701,47.941,37.53
2229,2229,12.074,25.065,29.843,46.427,51.234,52.166,47.825,49.587,38.877,2229,2229,18.667,16.522,34.706,48.707,50.853,50.61,46.704,45.724,36.205,2229,2229,-0.44582,15.399,27.344,42.123,50.057,54.179,58.827,49.953,37.792
2230,2230,13.421,22.874,34.952,47.194,48.186,47.045,41.798,41.386,42.944,2230,2230,14.666,18.984,27.08,45.274,48.972,47.458,39.821,39.635,36.29,2230,2230,-2.411,16.334,34.358,36.862,50.225,54.516,49.348,42.193,37.169
2231,2231,7.1975,24.036,27.271,44.694,48.249,48.949,40.104,42.645,38.736,2231,2231,5.6437,22.435,27.417,40.551,45.869,46.256,37.613,38.777,36.252,2231,2231,2.8585,14.242,26.579,44.546,49.957,52.922,51.206,45.398,36.502
2232,2232,12.3,24.675,28.04,45.556,50.784,52.197,36.389,38.853,42.088,2232,2232,0.10666,20.37,31.331,45.694,52.691,51.787,35.34,38.175,36.553,2232,2232,2.3052,13.192,29.199,39.721,49.015,51.057,47.589,40.489,37.866
2233,2233,8.856,24.648,26.173,39.208,49.141,49.34,39.536,39.665,38.755,2233,2233,8.7691,18.56,26.12,39.242,51.344,50.075,36.613,37.558,36.29,2233,2233,3.0751,14.681,31.617,37.466,46.182,51.38,51.743,45.349,37.051
2234,2234,12.515,22.842,29.12,37.145,44.818,46.827,37.756,46.69,42.439,2234,2234,16.212,20.291,26.227,39.553,44.815,45.994,36.119,44.779,36.365,2234,2234,0.69204,15.174,33.293,42.165,48.57,53.591,50.342,45.815,37.796
2235,2235,8.5118,19.914,28.923,38.386,45.745,44.424,40.526,42.512,38.381,2235,2235,16.884,24.23,29.207,38.974,44.086,43.571,40.008,41.463,36.451,2235,2235,-0.01769,16.981,27.427,41.467,47.3,50.4,52.311,45.56,36.28
2236,2236,0.32814,21.427,28.679,33.417,47.179,46.481,39.742,42.266,41.688,2236,2236,10.672,24.558,30.18,38.11,48.544,46.655,36.139,40.042,35.953,2236,2236,-4.4187,18.922,30.757,44.556,46.637,49.214,52.283,45.277,37.71
2237,2237,5.5656,21.893,23.318,40.143,45.774,49.904,39.537,42.043,38.236,2237,2237,4.7409,23.262,30.283,39.299,45.444,49.74,35.744,38.969,35.795,2237,2237,2.9548,17.207,26.634,37.077,47.185,50.956,50.05,43.276,37.472
2238,2238,9.1338,16.068,27.339,37.589,44.45,50.923,37.424,40.785,42.337,2238,2238,9.2339,19.132,26.256,39.698,46.59,51.101,35.712,38.149,36.631,2238,2238,-0.74181,20.769,26.358,37.102,47.078,51.567,47.949,40.305,37.72
2239,2239,5.327,14.236,32.322,40.734,44.69,51.366,38.339,38.909,38.66,2239,2239,11.518,15.431,31.14,41.222,46.219,52.135,35.83,38.269,35.627,2239,2239,3.474,17.664,29.151,37.848,46.161,51.827,47.999,40.166,37.094
2240,2240,7.6381,20.827,30.49,37.477,46.437,49,42.547,40.895,41.785,2240,2240,10.866,23.029,27.081,39.001,46.555,48.894,38.415,39.139,36.293,2240,2240,0.67532,15.678,29.498,37.191,48.036,54.929,51.885,44.024,38.199
2241,2241,15.331,23.31,29.803,39.072,49.359,51.225,41.224,39.324,39.038,2241,2241,14.355,18.403,28.488,38.496,49.602,51.553,38.664,38.165,36.128,2241,2241,-2.5917,18.551,30.832,38.255,46.929,53.811,51.834,43.42,37.953
2242,2242,10.903,18.138,28.381,37.448,50.127,54.195,58.9,56.555,43.943,2242,2242,18.769,24.195,31.178,38.499,47.466,53.597,51.131,53.985,40.393,2242,2242,3.6489,19.278,30.509,38.16,49.473,56.966,67.879,58.52,40.584
2243,2243,10.331,22.749,29.658,37.187,49.725,49.135,45.762,43.998,39.591,2243,2243,16.535,26.201,30.124,42.876,52.077,50.761,38.835,42.931,36.568,2243,2243,2.1046,23.799,32.7,37.739,46.4,53.108,56.784,46.854,37.996
2244,2244,15.251,25.524,28.347,35.531,45.289,45.75,36.996,38.91,42.254,2244,2244,16.864,24.468,30.281,36.785,47.328,45.836,33.705,37.347,36.386,2244,2244,-0.34482,19.518,30.184,38.907,46.46,51.801,48.182,41.233,38.795
2245,2245,8.2184,24.482,30.104,40.028,46.875,47.934,37.015,38.141,38.667,2245,2245,4.4436,21.76,29.573,38.04,49.007,48.778,34.683,36.782,37.155,2245,2245,-2.3143,20.062,28.985,37.517,48.948,50.979,48.411,41.626,38.034
2246,2246,7.6032,21.272,30.86,37.042,44.701,49.319,42.064,43.254,39.113,2246,2246,10.91,27.905,29.043,37.303,46.815,49.522,37.813,42.519,37.417,2246,2246,3.4449,21.239,30.491,37.012,50.276,52.454,54.637,46.474,38.066
2247,2247,14.102,21.61,27.517,39.098,48.901,52.313,46.543,47.02,42.346,2247,2247,9.9661,23.606,28.087,36.356,52.962,54.376,41.767,46.09,38.538,2247,2247,0.038683,23.296,26.414,40.321,53.797,55.116,54.583,48.021,39.994
2248,2248,11.318,27.43,26.159,37.665,55.03,56.423,49.997,46.808,41.856,2248,2248,9.2635,22.616,32.06,38.158,54.36,55.66,46.22,47.441,38.878,2248,2248,-4.5037,26.371,28.495,40.89,55.607,61.023,60.289,50.079,40.232
2249,2249,4.9984,24.42,30.413,38.341,53.792,54.912,53.708,48.239,44.112,2249,2249,12.039,18.523,26.987,39.138,54.231,53.874,48.216,48.356,39.513,2249,2249,3.9976,23.33,27.083,36.818,51.071,61.03,63.529,53.431,41.877
2250,2250,9.0834,17.051,28.79,38.59,53.003,57.266,51.08,46.871,43.166,2250,2250,8.2363,23.875,31.223,39.6,56.294,58.342,48.546,44.317,38.06,2250,2250,-1.504,21.167,26.653,38.439,50.779,57.843,59.968,51.686,41.576
2251,2251,6.72,19.121,30.836,36.628,54.057,54.677,44.521,42.314,43.118,2251,2251,11.912,23.396,32.772,38.673,53.697,56.245,42.245,40.56,37.322,2251,2251,4.4229,21.399,33.129,38.228,53.501,57.414,54.96,45.299,39.227
2252,2252,4.3796,16.529,30.819,37.74,57.141,65.342,47.264,44.33,40.503,2252,2252,6.9054,19.729,28.57,41.084,56.644,65.494,47.045,43.477,36.515,2252,2252,5.5235,20.725,32.618,42.636,60.239,68.702,55.837,47.686,38.924
2253,2253,-1.6324,20.749,31.307,41.577,62.142,66.725,47.155,42.217,43.305,2253,2253,6.3344,21.561,30.32,40.363,59.704,65.877,46.754,41.902,37.38,2253,2253,3.9037,24.687,30.616,42.894,64.225,66.278,56.054,46.298,39.949
2254,2254,1.6707,20.704,33.333,42.882,58.715,63.056,45.903,43.507,41.409,2254,2254,13.604,24.425,25.135,42.73,58.678,60.976,45.365,42.342,36.702,2254,2254,0.58237,26.765,28.634,42.227,58.521,61.436,56.704,48.633,38.727
2255,2255,7.8752,25.622,30.181,41.871,62.593,60.879,46.232,43.383,43.586,2255,2255,7.0701,20.322,26.976,41.97,61.806,60.112,43.386,42.294,37.961,2255,2255,-0.65032,25.749,31.396,45.044,63.189,61.839,55.155,46.56,39.637
2256,2256,3.6238,22.896,30.326,41.614,59.371,56.959,42.546,40.1,40.188,2256,2256,3.5682,24.97,30.544,43.597,60.18,58.566,42.885,41.126,35.885,2256,2256,2.7632,24.96,30.78,44.163,60.177,57.978,53.256,44.732,38.723
2257,2257,9.6131,22.004,35.866,43.814,55.913,55.178,44.661,41.664,43.413,2257,2257,6.9335,23.613,32.815,45.992,54.891,54.503,42.708,41.366,37.814,2257,2257,-3.5653,19.845,32.554,45.17,60.173,56.557,54.742,44.561,38.602
2258,2258,7.8219,24.714,28.941,42.492,56.695,55.687,42.111,40.332,41.121,2258,2258,5.3731,24.116,28.112,44.67,53.267,52.968,39.631,39.795,37.156,2258,2258,-1.912,20.206,31.142,40.991,58.909,53.675,52.014,42.648,38.826
2259,2259,8.4578,19.108,33.768,46.403,56.02,52.745,41.982,39.243,43.072,2259,2259,6.2932,19.634,32.976,46.933,53.666,51.298,39.985,37.652,36.937,2259,2259,-2.475,11.981,26.187,38.071,51.779,53.823,51.387,42.229,38.236
2260,2260,5.8079,19.294,31.504,43.198,50.566,50.498,45.518,41.629,39.987,2260,2260,14.571,24.027,30.979,42.167,50.964,49.862,43.255,40.477,36.674,2260,2260,4.9581,22.894,31.496,36.814,50.883,56.453,54.355,44.392,38.261
2261,2261,9.1764,22.658,30.201,46.317,55.642,56.14,47.819,40.107,44.106,2261,2261,12.802,16.266,35.174,47.013,56.383,56.463,43.966,38.005,37.066,2261,2261,7.0958,28.929,31.03,45.169,60.892,61.795,55.184,41.242,38.856
2262,2262,10.582,15.509,32.492,40.293,50.604,51.416,44.582,42.343,41.133,2262,2262,13.942,19.357,28.494,43.286,51.299,52.244,43.084,40.874,37.473,2262,2262,-2.4477,22.298,31.265,39.142,56.276,56.214,53.158,44.746,38.728
2263,2263,6.8725,20.405,34.061,47.105,58.589,60.565,49.79,45.451,43.386,2263,2263,11.442,20.992,31.716,49.778,60.052,62.034,48.24,42.929,37.695,2263,2263,4.7719,22.971,32.277,46.463,60.934,62.898,57.901,46.816,39.826
2264,2264,5.4993,17.936,29.696,52.288,61.127,61.231,52.993,47.628,42.974,2264,2264,16.237,15.973,30.896,56.075,63.465,62.653,51.694,46.425,38.239,2264,2264,7.2974,15.686,31.573,43.034,59.488,65.744,60.378,50.802,40.163
2265,2265,-3.7532,18.902,32.352,50.68,67.073,69.032,53.599,51.263,43.58,2265,2265,9.218,18.88,32.555,55.799,69.5,69.504,54.242,47.926,38.318,2265,2265,0.88279,24.331,32.466,50.31,63.461,68.29,61.128,54.231,40.592
2266,2266,4.8644,17.198,31.613,52.62,67.381,67.704,55.891,49.113,42.216,2266,2266,9.3304,20.025,35.623,57.131,67.744,67.673,57.125,47.897,38.602,2266,2266,0.67643,22.957,31.503,49.024,64.252,68.326,66.171,50.907,41.15
2267,2267,2.772,22.359,33.723,51.737,67.687,68.083,54.869,50.423,44.298,2267,2267,13.361,23.117,32.626,55.591,68.021,68.371,56.189,47.801,38.91,2267,2267,-4.0582,22.304,32.318,46.043,62.385,68.868,63.286,54.299,40.817
2268,2268,10.257,16.577,30.913,53.253,67.271,67.91,57.304,50.306,43.411,2268,2268,8.5091,18.081,34.049,57.816,69.097,67.048,57.752,48.617,38.911,2268,2268,-3.4742,18.229,36.459,48.345,64.484,70.471,65.969,52.773,41.502
2269,2269,6.5845,23.017,35.408,54.237,69.607,70.936,59.792,55.767,47.123,2269,2269,7.7774,16.874,34.537,56.38,71.575,70.988,60.241,56.034,42.701,2269,2269,0.91999,21.301,33.22,49.791,64.679,72.647,69.033,56.588,44.477
2270,2270,-2.7505,26.078,33.234,53.77,63.719,65.256,58.992,54.209,47.019,2270,2270,7.1918,18.014,30.934,57.122,64.683,65.678,58.424,53.917,42.778,2270,2270,3.0369,22.487,30.212,50.424,64.246,69.833,69.126,60.981,45.005
2271,2271,1.1148,26.58,35.326,52.824,62.206,63.188,59.494,55.092,47.293,2271,2271,12.742,19.577,34.52,56.663,64.488,63.903,57.82,52.331,41.182,2271,2271,-4.5338,13.141,31.692,49.51,64.999,69.507,69.539,63.285,44.5
2272,2272,11.82,29.143,32.841,50.449,58.392,61.959,57.777,57.26,45.469,2272,2272,17.324,20.3,35.016,48.867,57.509,62.216,56.956,54.263,40.758,2272,2272,-5.3918,18.285,37.298,45.692,61.536,65.33,68.143,65.121,43.812
2273,2273,21.213,27.465,28.508,49.214,63.25,66.116,59.959,57.723,46.786,2273,2273,19.625,25.72,38.661,49.552,61.149,65.201,58.206,54.065,41.236,2273,2273,5.2145,23.848,35.481,43.297,62.209,67.722,70.152,63.858,44.304
2274,2274,17.44,23.35,37.163,51.557,63.612,63.759,63.549,57.673,45.595,2274,2274,14.961,22.159,36.412,52.696,61.12,62.388,60.615,55.822,41.197,2274,2274,4.2794,21.356,38.67,47.739,59.982,64.415,71.556,64.423,44.509
2275,2275,13.934,21.603,32.91,45.717,59.285,60.835,67.035,61.289,47.064,2275,2275,4.1604,16.991,33.203,46.543,59.889,60.752,60.792,59.022,43.064,2275,2275,-1.7412,18.343,28.388,46.986,57.936,66.849,72.977,65.279,45.704
2276,2276,4.5958,17.884,33.158,41.356,61.429,63.818,65.769,64.271,47.655,2276,2276,8.2468,18.73,30.282,42.707,62.919,63.907,62.021,60.287,43.852,2276,2276,-1.3698,19.836,28.417,46.359,58.607,69.095,74.839,66.413,46.214
2277,2277,13.532,24.236,31.029,44.14,59.085,64.391,64.279,63.147,47.638,2277,2277,12.733,24.913,24.203,42.792,60.846,64.148,60.032,60.367,44.102,2277,2277,5.3911,24.858,30.613,41.144,56.031,69.043,72.58,65.223,44.983
2278,2278,10.071,23.756,34.84,44.883,56.64,59.651,64.247,61.86,44.68,2278,2278,13.216,20.149,31.843,43.975,59.42,60.527,60.301,57.249,41.598,2278,2278,1.2222,17.76,28.936,43.37,57.309,66.091,72.778,64.506,43.801
2279,2279,6.9475,20.576,33.314,39.499,54.805,57.062,60.462,55.021,43.803,2279,2279,13.656,24.01,28.429,42.054,55.859,56.546,58.319,54.483,40.941,2279,2279,-2.2205,14.517,26.158,45.879,54.874,63.049,69.585,60.664,41.75
2280,2280,7.6618,26.363,31.395,42.175,56.558,56.329,60.277,54.993,41.648,2280,2280,11.167,18.253,29.479,42.739,55.31,55.988,55.612,51.818,39.515,2280,2280,0.51114,13.673,29.762,39.875,55.501,60.437,67.624,56.976,40.554
2281,2281,17.68,23.552,30.797,41.992,59.003,59.369,58.953,55.989,43.415,2281,2281,11.179,20.151,30.961,46.323,60.565,59.037,57.013,52.619,39.721,2281,2281,3.9805,10.725,31.346,43.204,59.567,62.448,66.957,57.287,40.572
2282,2282,11.268,25.756,32.241,45.017,55.681,59.232,57.692,55.229,41.964,2282,2282,12.222,20.193,35.103,45.16,59.239,59.79,56.265,52.503,40.022,2282,2282,-3.7643,20.943,33.771,48.264,60.696,62.811,65.651,56.038,40.901
2283,2283,-0.11953,21.382,34.185,42.696,62.224,58.139,56.806,54.273,43.193,2283,2283,13.461,18.482,31.914,42.765,59.006,56.73,53.44,51.443,39.798,2283,2283,1.9975,23.798,34.004,41.371,62.562,62.15,65.287,54.659,40.8
2284,2284,8.5447,18.133,34.061,44.261,62.517,55.027,54.656,50.893,41.548,2284,2284,15.801,22.551,26.588,45.46,59.478,53.671,50.201,49.087,39.026,2284,2284,1.195,20.1,34.12,44.827,63.013,60.776,63.542,54.883,40.384
2285,2285,10.588,25.238,30.126,45.904,61.976,56.376,51.458,46.017,44.243,2285,2285,13.496,19.638,30.376,43.019,61.855,56.369,47.809,47.282,40.76,2285,2285,-5.1359,15.682,32.432,41.862,61.199,58.298,60.113,49.891,41.242
2286,2286,9.6103,23.579,28.135,48.127,56.23,56.539,49.806,45.885,41.797,2286,2286,9.9142,23.743,29.023,48.187,55.818,55.692,45.596,46.194,39.412,2286,2286,-2.8136,15.001,31.38,40.669,58.094,58.383,60.316,53.479,39.846
2287,2287,16.162,27.21,36.762,49.329,64.036,63.386,53.617,55.751,46.648,2287,2287,11.678,24.023,35.193,48.33,60.128,62.948,50.762,55.494,42.421,2287,2287,-3.2492,15.537,34.233,45.979,62.762,63.226,64.904,60.206,42.677
2288,2288,14.974,23.024,33.038,44.427,58.024,59.31,53.515,49.672,41.922,2288,2288,12.391,23.617,34.46,45.603,53.787,57.872,49.636,47.278,40.055,2288,2288,2.9979,22.417,38.342,45.535,55.52,60.511,65.444,58.422,41.092
2289,2289,17.813,20.632,34.952,50.543,62.565,62.174,55.188,54.314,42.232,2289,2289,9.4261,19.833,32.478,48.428,59.138,61.243,51.203,49.614,39.672,2289,2289,0.11356,20.683,28.734,46.727,59.1,63.049,67.155,60.886,41.204
2290,2290,12.226,26.376,33.779,49.759,58.403,57.538,55.699,53.969,43.221,2290,2290,9.6282,19.485,25.956,52.401,57.968,57.477,50.233,49.046,39.25,2290,2290,3.8269,23.782,36.149,41.993,53.041,57.997,68.496,62.311,41.135
2291,2291,3.973,23.174,33.088,50.847,59.707,58.249,52.588,53.951,42.86,2291,2291,16.069,21.705,35.32,51.881,55.485,58.102,50.766,50.767,39.175,2291,2291,1.4595,23.615,34.644,45.035,54.295,62.171,66.958,60.949,41.114
2292,2292,4.2309,20.894,33.392,44.034,58.96,56.62,52.781,67.084,56.219,2292,2292,20.408,26.1,29.733,38.93,59.002,56.578,48.568,63.335,54.652,2292,2292,2.915,19.432,33.499,39.795,50.211,58.41,67.323,69.333,49.502
2293,2293,7.3624,22.458,37.085,44.334,54.461,58.47,52.17,65.953,51.204,2293,2293,17.444,23.375,29.336,41.364,53.994,57.855,48.258,66.252,50.51,2293,2293,5.0588,17.22,35.312,39.359,54.096,57.507,66.883,61.789,45.514
2294,2294,5.3048,19.896,33.371,51.352,53.276,54.458,47.048,48.646,43.219,2294,2294,12.619,21.152,32.629,49.898,55.96,54.636,43.988,45.504,39.764,2294,2294,8.9417,17.734,30.835,40.618,52.431,57.181,59.344,52.277,42.753
2295,2295,18.952,28.144,36.112,53.073,56.279,55.916,47.292,47.117,38.963,2295,2295,16.579,32.294,36.098,51.244,58.155,56.017,44.203,43.91,37.354,2295,2295,2.2609,20.041,30.33,44.015,59.287,58.434,57.998,50.357,38.691
2296,2296,17.147,27.317,33.177,47.794,53.042,51.082,44.026,43.034,42.42,2296,2296,20.376,28.511,30.616,47.22,53.645,51.235,40.406,39.56,36.877,2296,2296,3.5497,17.462,31.117,39.336,53.639,56.184,55.235,47.709,38.486
2297,2297,5.3872,26.949,33.112,45.043,49.757,52.83,41.825,40.352,39.499,2297,2297,17.469,20.284,33.163,46.919,50.387,52.05,37.977,38.076,35.843,2297,2297,-4.1645,17.115,32.947,41.921,49.7,52.066,52.372,44.429,37.669
2298,2298,17.119,21.151,32.568,47.428,49.772,47.027,38.568,39.927,42.852,2298,2298,8.9494,23.419,33.628,46.701,49.838,48.641,36.634,37.597,36.626,2298,2298,-0.96189,12.262,31.303,45.468,49.463,51.431,51.725,43.311,38.611
2299,2299,15.959,23.436,33.073,43.698,51.535,46.922,39.242,39.16,38.491,2299,2299,8.1546,23.06,29.271,41.99,50.602,47.939,35.864,37.629,37,2299,2299,-3.9324,19.206,34.142,45.035,49.583,49.798,51.358,43.275,37.105
2300,2300,5.0138,22.932,33.608,52.241,50.555,47.343,40.93,38.725,43.442,2300,2300,14.904,23.002,33.502,53.268,51.681,46.678,38.464,36.51,37.245,2300,2300,-4.0505,9.9318,30.636,46.755,50.863,51.722,50.449,41.009,39.598
2301,2301,9.9968,23.213,31.579,55.83,57.744,50.441,40.54,40.933,43.097,2301,2301,15.636,24.325,31.135,55.8,56.839,50.741,38.127,37.991,36.626,2301,2301,4.4462,22.445,31.202,49.404,53.046,53.33,50.538,41.55,40.877
2302,2302,12.502,28.767,37.217,51.302,55.151,51.88,40.436,40.9,43.038,2302,2302,12.844,26.165,31.859,53.312,55.74,52.17,39.267,38.824,37.006,2302,2302,-0.71998,25.512,30.374,43.506,50.146,53.505,49.149,40.004,38.365
2303,2303,14.801,25.671,36.19,53.007,53.503,47.386,37.066,38.071,39.676,2303,2303,9.3599,23.016,37.456,55.467,54.845,48.641,36.924,39.014,36.183,2303,2303,1.1442,20.152,33.731,45.713,51.641,52.653,48.332,39.884,37.638
2304,2304,16.162,28.37,36.468,51.632,51.664,49.8,39.57,37.984,41.263,2304,2304,10.241,26.871,31.977,51.834,53.427,50.689,37.543,36.968,36.313,2304,2304,-4.8849,20.063,33.075,43.154,48.754,53.826,47.842,40.686,37.388
2305,2305,12.502,25.336,36.728,52.534,54.005,51.943,38.755,37.511,39.26,2305,2305,19.792,25.638,30.453,50.867,51.091,51.595,36.208,36.569,36.405,2305,2305,0.094193,18.529,33.113,43.747,48.849,56.739,47.97,39.252,36.936
2306,2306,8.4545,17.497,28.786,52.722,51.434,48.672,38.891,47.095,43.401,2306,2306,14.954,24.428,29.97,51.683,50.91,49.661,38.094,44.244,37.689,2306,2306,0.80785,21.208,32.845,44.425,50.097,56.386,50.116,44.157,38.675
2307,2307,14.381,25.037,35.028,49.601,52.415,48.491,43.715,53.423,43.21,2307,2307,9.8954,24.787,31.511,48.712,50.062,47.449,38.764,49.426,39.358,2307,2307,6.8412,10.814,35.957,41.263,51.836,54.074,56.975,54.328,39.594
2308,2308,7.1633,21.017,31.939,45.44,51.506,50.642,40.941,44.95,42.459,2308,2308,5.0227,22.18,28.281,45.173,51.274,48.846,38.506,40.942,37.433,2308,2308,2.9987,20.085,33.159,41.199,52.841,53.492,51.805,47.931,37.827
2309,2309,4.3124,24.095,32.993,44.739,56.942,51.649,43.31,47.539,43.965,2309,2309,10.644,25.726,31.647,42.898,59.671,53.569,39.784,44.416,36.564,2309,2309,1.2504,16.237,32.112,41.066,58.503,55.401,53.476,50.789,39.173
2310,2310,14.652,24.668,32.211,46.761,59.767,53.837,44.394,51.552,45.296,2310,2310,14.383,25.277,30.597,47.425,61.4,55.559,41.458,51.958,40.841,2310,2310,3.1853,17.85,32.939,43.155,60.973,61.345,56.745,51.958,40.696
2311,2311,8.3164,24.881,32.28,45.176,55.173,54.432,44.853,51.869,42.611,2311,2311,13.632,24.302,32.776,44.747,58.01,55.401,43.59,53.203,42.057,2311,2311,10.621,27.2,35.733,41.045,58.018,60.638,57.129,55.047,40.63
2312,2312,6.2635,27.755,31.509,52.844,56.463,52.801,42.469,45.363,43.034,2312,2312,13.951,25.47,35.384,53.135,57.013,53.525,40.864,46.267,38.214,2312,2312,8.9014,25.437,34.736,42.476,59.775,59.86,50.3,45.095,37.827
2313,2313,11.942,22.569,30.367,41.769,54.339,55.541,44.23,43.824,39.348,2313,2313,13.724,23.258,29.912,42.379,56.949,54.582,41.75,41.008,37.412,2313,2313,5.4261,22.465,32.094,42.507,60.88,61.063,52.774,46.384,37.369
2314,2314,13.79,20.707,33.352,44.744,57.835,61.524,48.493,44.274,43.648,2314,2314,8.1514,15.974,33.044,44.148,61.796,59.581,43.628,44.687,38.313,2314,2314,2.7115,22.645,20.663,41.845,59.936,60.408,57.648,47.262,38.907
2315,2315,-0.20376,19.186,26.814,45.868,61.024,62.849,47.989,44.612,40.859,2315,2315,10.536,23.108,24.38,45.378,59.566,61.168,46.162,45.046,37.539,2315,2315,2.7145,18.715,34.012,41.734,58.843,63.681,58.163,48.91,38.815
2316,2316,3.6777,19.575,30.385,39.058,61.02,57.994,47.953,46.548,42.611,2316,2316,10.423,23.62,26.873,42.264,60.478,56.956,45.315,45.014,37.989,2316,2316,-0.73754,17.453,32.463,40.02,57.739,59.263,58.88,50.832,39.456
2317,2317,10.428,15.383,30.211,39.485,55.655,57.732,53.478,47.543,40.513,2317,2317,11.871,17.308,28.887,39.422,56.928,58.307,49.94,45.994,37.327,2317,2317,-2.5608,17.953,28.75,40.437,55.588,61.587,62.939,52.398,39.016
2318,2318,5.911,17.397,29.639,44.521,59.839,57.814,56.824,53.692,44.264,2318,2318,8.9546,22.168,26.294,42.511,60.972,59.281,51.734,54.554,40.622,2318,2318,3.626,18,24.553,35.358,51.801,61.688,67.5,58.526,40.104
2319,2319,8.9151,16.209,32.105,41.479,65.058,64.876,56.852,53.723,43.082,2319,2319,14.772,24.764,30.122,37.829,64.3,64.297,51.619,49.144,38.515,2319,2319,-4.1818,15.369,27.804,40.907,59.929,66.223,68.638,63.89,42.653
2320,2320,8.2672,25.192,32.154,44.685,63.41,62.688,50.013,46.998,44.221,2320,2320,11.813,23.121,32.026,44.229,64.438,64.524,47.673,44.527,38.486,2320,2320,-0.56835,15.319,31.039,39.475,60.27,64.758,59.184,51.901,40.915
2321,2321,2.4793,18.571,29.595,42.132,63.654,66.542,47.285,43.899,40.338,2321,2321,12.542,16.285,25.563,42.67,62.154,66.621,45.947,42.265,37.161,2321,2321,2.3204,18.627,27.708,39.944,61.611,67.332,54.607,46.908,38.872
2322,2322,0.78548,19.557,31.16,41.023,54.483,56.2,44.931,45.678,42.884,2322,2322,5.7022,25.736,26.564,39.624,54.458,55.966,40.384,43.516,37.575,2322,2322,-1.9654,10.719,31.459,41.762,59.53,61.459,56.077,49.933,38.55
2323,2323,7.8135,21.603,24.978,41.491,66.129,58.419,43.161,41.295,40.921,2323,2323,7.2977,24.806,28.246,41.485,65.707,58.045,43.387,40.679,37.471,2323,2323,0.89481,17.292,33.193,43.748,64.014,57.114,53.634,45.159,39.371
2324,2324,8.6802,21.776,22.516,42.129,63.506,55.638,47.379,48.503,43.411,2324,2324,4.957,19.999,26.727,39.875,59.09,54.418,44.978,48.358,38.463,2324,2324,-0.34003,20.804,28.387,48.326,67.137,58.679,59.556,51.504,40.009
2325,2325,8.5838,23.195,32.571,44.32,64.111,57.225,46.722,47.951,40.447,2325,2325,7.0812,22.794,30.786,45.479,61.605,55.973,43.705,46.792,37.617,2325,2325,-8.4739,18.717,29.498,46.793,61.214,57.355,58.217,52.017,39.122
2326,2326,10.657,19.744,31.868,45.324,59.361,55.756,42.7,41.386,42.667,2326,2326,12.708,22.583,31.227,45.365,62.21,55.977,41.904,39.889,36.785,2326,2326,-0.43177,22.453,37.318,48.964,63.07,56.612,56.348,48.026,38.61
2327,2327,6.5373,24.835,30.672,38.43,52.564,53.395,42.881,38.71,39.156,2327,2327,2.4082,22.583,35.764,43.607,53.755,52.573,39.644,37.794,36.495,2327,2327,-2.6641,20.949,34.858,45.957,56.639,53.895,56.254,46.104,37.916
2328,2328,1.4593,23.401,28.858,42.73,50.241,52.858,39.522,39.562,41.69,2328,2328,2.2288,18.236,32.965,45.091,50.59,52.219,35.869,36.567,36.388,2328,2328,-3.0596,11.722,29.55,48.204,51.083,50.488,52.054,44.235,37.659
2329,2329,12.921,24.377,32.158,43.3,51.168,52.33,40.637,43.191,39.102,2329,2329,15.879,22.287,28.817,40.507,49.875,51.494,38.963,41.98,36.687,2329,2329,2.6214,15.669,33.19,49.259,53.109,53.132,53.316,46.193,37.124
2330,2330,10.332,18.534,27.049,38.994,44.966,50.714,52.307,52.734,42.693,2330,2330,13.402,23.343,29.521,38.697,49.557,50.722,47.779,51.821,38.633,2330,2330,1.0409,17.518,36.195,48.714,52.277,57.211,61.776,52.985,38.489
2331,2331,10.141,20.245,32.475,48.591,53.282,51.596,46.888,45.738,38.791,2331,2331,0.91794,21.938,34.227,46.746,53.497,52.347,44.586,46.781,37.132,2331,2331,-2.7167,20.455,35.873,49.712,52.227,57.678,58.59,48.983,37.196
2332,2332,1.9951,24.46,34.274,44.794,52.45,57.102,46.567,45.719,38.687,2332,2332,9.8128,28.07,32.653,48.323,54.792,56.562,44.49,44.527,36.628,2332,2332,0.91485,18.56,29.375,46.868,53.694,57.379,58.113,48.999,37.372
2333,2333,9.6945,18.812,32.245,47.152,49.641,54.365,46.12,44.961,43.778,2333,2333,12.127,25.754,33.407,50.629,54.544,54.695,43.568,45.708,39.491,2333,2333,5.8119,22.691,35.907,46.557,51.982,56.484,56.95,48.706,40.731
2334,2334,6.2644,22.222,32.732,43.787,50.647,56.02,49.743,48.897,40.597,2334,2334,5.7185,24.334,32.687,45.382,52.561,55.964,47.308,49.165,38.598,2334,2334,-1.2404,15.726,33.155,43.492,53.539,58.184,60.492,52.364,38.49
2335,2335,10.209,15.659,28.791,44.82,51.871,56.865,51.181,51.668,44.107,2335,2335,10.772,19.012,30.691,43.415,51.932,55.696,45.459,50.41,39.056,2335,2335,1.3728,17.947,32.674,42.655,52.459,58.446,62.94,55.573,39.946
2336,2336,8.2459,24.08,31.311,45.091,55.856,57.598,50.856,50.327,40.657,2336,2336,13.231,20.597,30.984,47.639,57.43,57.502,49.613,47.039,37.756,2336,2336,-2.2331,17.781,36.204,45.203,58.216,62.586,62.273,54.195,39.47
2337,2337,9.0582,24.043,33.049,44.463,53.685,57.472,47.803,45.338,42.804,2337,2337,10.593,22.615,34.592,44.616,54.006,57.491,44.11,45.408,38.257,2337,2337,-3.6725,18.296,32.706,42.585,54.772,58.569,58.056,48.341,38.616
2338,2338,5.8091,24.195,29.776,40.048,54.217,57.864,49.256,49.12,41.973,2338,2338,11.166,26.692,32.57,42.774,55.511,58.196,45.634,44.598,37.317,2338,2338,1.6156,18.651,29.311,44.885,57.584,63.31,62.405,54.465,39.205
2339,2339,9.2642,20.26,31.123,46.651,57.425,58.123,51.295,52.167,42.751,2339,2339,7.5158,26.211,33.062,42.076,59.271,59.742,50.493,46.628,37.554,2339,2339,3.445,23.644,27.885,45.007,58.218,60.221,63.756,57.947,40.12
2340,2340,14.416,20.678,32.117,44.588,61.962,61.178,54.537,53.854,41.449,2340,2340,10.761,17.386,33.11,47.261,64.301,63.263,51.633,47.793,38.391,2340,2340,-0.20984,21.039,35.804,46.606,59.575,64.791,66.728,59.958,40.672
2341,2341,10.478,16.146,30.5,44.701,65.755,65.19,58.045,55.194,44.307,2341,2341,15.87,18.699,33.076,48.594,67.058,64.301,55.495,51.322,39.418,2341,2341,0.46609,22.441,33.119,44.679,63.553,66.876,68.363,60.261,41.904
2342,2342,10.426,26.568,33.276,47.95,63.472,62.291,58.071,56.784,44.34,2342,2342,9.3943,19.674,36.722,49.198,62.99,64.384,57.497,54.796,42.524,2342,2342,2.4098,20.768,35.364,48.076,66.671,68.253,68.043,57.71,43.527
2343,2343,7.8364,26.821,33.837,45.409,66.742,67.059,57.725,57.779,46.752,2343,2343,13.088,27.351,37.969,49.153,68.168,67.325,58.293,57.74,43.875,2343,2343,1.8897,14.861,30.43,43.566,64.256,69.242,66.845,56.645,43.973
2344,2344,12.211,20.672,31.613,46.988,67.549,69.526,58.83,58.443,46.562,2344,2344,10.688,29.006,35.445,51.039,69.397,69.415,58.305,58.927,44.222,2344,2344,-1.5067,21.882,35.757,48.685,65.54,70.585,68.99,60.273,44.96
2345,2345,14.354,21.393,30.517,47.859,65.618,67.8,57.618,58.895,46.71,2345,2345,9.3816,21.192,35.701,48.878,66.61,66.443,58.054,56.646,42.998,2345,2345,0.36279,27.007,28.695,49,63.315,67.963,66.683,57.434,43.731
2346,2346,4.753,22.273,36.491,43.084,66.879,69.505,60.407,64.074,48.128,2346,2346,6.9962,17.481,33.606,46.247,67.618,68.883,61.247,61.186,45.843,2346,2346,-5.3939,27.715,37.122,48.247,65.805,71.954,69.652,62.74,46.364
2347,2347,7.7982,20.931,36.926,46.17,63.49,64.438,64.757,65.989,49.459,2347,2347,10.849,28.359,30.723,45.302,61.219,63.22,61.727,63.863,47.987,2347,2347,-0.6247,21,40.188,45.216,62.895,67.966,71.89,63.417,47.431
2348,2348,6.4846,23.681,33.898,44.901,64.433,67.08,63.055,64.474,49.097,2348,2348,12.508,27.664,35.67,46.664,66.516,68.375,61.384,62.044,47.573,2348,2348,-4.2234,22.724,34.925,51.013,64.881,67.373,72.617,64.29,47.66
2349,2349,6.5741,22.113,34.093,44.236,61.004,64.475,65.375,61.639,48.734,2349,2349,12.806,23.147,33.258,46.359,61.629,63.191,61.495,60.424,47.007,2349,2349,-5.0573,27.88,39.554,47.351,62.929,67.2,73.421,65.72,47.899
2350,2350,1.2138,21.444,32.916,44.446,60.288,63.266,67.678,62.836,48.261,2350,2350,12.233,23.546,33.644,48.822,59.108,63.297,62.63,61.995,47.337,2350,2350,-4.3103,22.505,37.956,47.813,63.484,69.253,76.471,68.118,48.254
2351,2351,8.895,22.16,35.858,43.422,63.209,69.042,69.028,61.165,48.527,2351,2351,9.7623,21.822,35.031,47.319,63.513,68.464,65.318,60.86,46.203,2351,2351,3.4736,21.299,34.315,44.357,62.379,71.352,76.348,67.083,47.556
2352,2352,0.95162,20.07,36.005,43.012,61.317,65.002,70.694,60.612,46.209,2352,2352,7.1799,17.9,35.816,44.281,59.426,65.075,65.96,59.019,43.183,2352,2352,4.0797,25.438,42.464,45.406,58.459,68.866,78.366,67.011,45.908
2353,2353,-3.7709,26.463,31.738,44.829,62.029,61.766,67.009,57.733,45.843,2353,2353,11.924,22.569,35.15,44.164,60.559,61.307,61.298,55.33,41.098,2353,2353,-5.019,22.469,39.724,45.872,60.107,68.464,74.193,64.542,43.836
2354,2354,6.2113,25.259,28.714,43.753,64.729,63.978,66.77,57.298,44.635,2354,2354,0.79527,22.665,33.761,46.572,64.462,62.916,62.702,54.05,40.023,2354,2354,-2.0097,25.736,39.975,45.468,61.165,64.479,74.735,64.452,43.407
2355,2355,9.2096,21.547,30.544,40.498,60.356,61.507,68.059,56.619,46.2,2355,2355,8.5003,22.022,31.972,43.674,61.497,61.859,62.423,54.972,41.344,2355,2355,3.5289,26.218,35.618,41.802,60.055,66.587,74.048,64.502,43.742
2356,2356,10.844,22.827,30.211,44.047,59.893,61.937,63.496,57.076,44.844,2356,2356,7.9223,23.275,32.967,42.629,61.301,63.401,62.954,53.955,40.36,2356,2356,1.5358,28.671,37.239,47.666,58.434,66.934,74.142,65.515,43.759
2357,2357,5.3334,17.959,32.804,42.261,60.527,61.271,63.918,55.713,46.095,2357,2357,9.3,22.203,30.165,44.791,59.486,62.989,60.571,53.513,40.883,2357,2357,1.7845,27.52,36.495,48.713,62.489,65.208,72.822,63.755,43.671
2358,2358,12.519,18.882,31.788,42.738,62.364,57.381,62.983,56.862,45.67,2358,2358,8.7092,20.97,30.949,43.833,58.956,58.796,61.157,54.735,41.548,2358,2358,0.84415,24.623,31.707,44.143,62.056,63.729,72.367,66.423,44.693
2359,2359,6.9585,25.078,31.327,41.989,64.123,60.447,57.096,54.809,46.645,2359,2359,14.084,21.314,33.163,44.466,60.382,60.516,54.559,53.191,42.331,2359,2359,1.7476,23.336,35.402,48.322,65.653,62.817,67.411,62.076,43.777
2360,2360,13.405,24.494,35.15,49.448,60.217,59.105,56.33,51.612,44.668,2360,2360,11.641,26.889,33.04,49.324,55.209,59.819,52.731,50.213,40.649,2360,2360,3.9119,18.886,36.186,53.454,64.943,64.979,64.328,57.407,42.648
2361,2361,12.049,24.741,33.998,42.487,62.389,63.098,55.654,53.307,46.257,2361,2361,6.0266,20.26,36.693,44.783,60.202,62.92,54.433,49.782,41.21,2361,2361,2.6083,19.041,31.031,47.728,62.794,64.744,64.451,57.15,43.418
2362,2362,7.9401,23.679,34.67,46.978,58.173,59.369,57.047,53.469,43.441,2362,2362,8.6265,14.787,35.286,46.501,59.669,60.188,56.008,50.469,39.796,2362,2362,7.0352,20.067,36.916,47.822,61.001,64.891,65.554,57.056,41.424
2363,2363,6.7779,24.903,34.626,47.85,59.6,60.86,55.374,54.71,45.326,2363,2363,9.1719,18.777,35.055,49.773,63.034,61.613,53.752,50.044,39.236,2363,2363,1.1909,19.558,35.845,50.44,60.768,64.998,64.155,57.101,41.864
2364,2364,2.2284,20.831,35.506,45.037,58.239,62.449,53.947,52.542,42.539,2364,2364,9.1108,15.369,33.441,50.299,59.196,62.034,52.885,48.555,39.007,2364,2364,2.4504,19.715,33.19,50.111,60.744,62.447,62.664,54.834,40.85
2365,2365,8.6029,19.525,36.216,45.218,53.634,55.704,54.022,50.155,44.323,2365,2365,13.943,18.661,33.049,50.031,56.446,55.776,50.547,48.07,39.439,2365,2365,-2.3592,22.8,32.397,46.461,61.274,61.218,63.027,52.871,41.787
2366,2366,11.916,20.705,35.786,41.883,57.596,59.875,53.096,53.336,48.36,2366,2366,15.062,23.452,34.728,44.728,59.937,60.77,48.873,49.54,41.153,2366,2366,-0.69847,22.371,37.36,49.376,62.499,60.076,61.63,53.063,45.523
2367,2367,3.6783,22.313,29.743,44.005,57.731,56.334,50.206,45.938,44.534,2367,2367,6.1086,17.654,34.875,41.088,59.647,56.548,48.429,45.655,39.056,2367,2367,2.2636,23.11,35.985,47.156,57.5,58.907,59.471,49.859,40.509
2368,2368,5.7371,19.158,30.344,42.969,57.485,56.988,49.384,50.189,43.625,2368,2368,3.4461,21.143,35.503,43.209,59.209,56.597,47.801,51.525,41.005,2368,2368,-3.0133,23.021,37.691,49.192,59.16,61.057,59.022,53.344,41.251
2369,2369,10.286,20.821,29.083,46.009,56.197,57.132,48.593,49.099,43.952,2369,2369,11.833,22.632,34.294,46.026,58.281,56.489,46.901,48.795,40.545,2369,2369,0.63269,28.4,38.351,52.655,60.238,58.848,59.075,51.727,40.607
2370,2370,13.003,22.346,32.838,51.742,58.57,54.978,50.435,46.84,42.122,2370,2370,12.164,26.015,34.46,52.17,59.535,55.736,48.646,45.392,39.53,2370,2370,-0.37372,28.721,42.54,53.64,59.569,59.131,59.49,49.486,39.966
2371,2371,9.1561,27.65,31.317,43.828,54.893,54.139,51.583,49.14,44.072,2371,2371,8.599,22.605,35.176,46.158,54.858,54.816,48.739,47.974,39.139,2371,2371,6.8361,24.533,34.871,46.281,57.594,59.181,61.489,52.265,39.634
2372,2372,6.2488,21.485,30.772,44.212,55.005,60.057,52.833,53.094,43.223,2372,2372,4.9582,18.938,33.548,42.217,55.607,59.901,49.119,48.335,38.922,2372,2372,3.0074,28.523,41.15,40.904,57.059,60.522,64.553,57.05,40.253
2373,2373,8.4836,17.997,28.403,40.635,58.056,56.896,55.644,54.029,45.213,2373,2373,5.0364,23.584,32.563,41.916,56.497,56.51,53.556,53.363,42.094,2373,2373,9.3836,27.42,38.572,44.944,56.111,61.842,68.62,59.333,41.988
2374,2374,6.1255,23.579,37.001,43.991,56.14,57.159,55.019,55.558,44.438,2374,2374,14.398,23.82,32.259,42.419,54.932,56.829,50.826,52.153,42.367,2374,2374,12.489,24.34,36.112,41.573,55.887,60.585,69.146,62.716,42.034
2375,2375,1.8321,21.482,35.226,41.201,58.392,60.87,53.504,53.11,43.228,2375,2375,12.924,27.027,34.242,40.773,56.015,59.875,48.344,49.916,39.612,2375,2375,4.2912,25.86,39.621,42.608,55.283,60.954,65.987,59.092,41.871
2376,2376,3.1629,23.754,31.662,41.519,53.851,56.456,53.695,54.094,43.949,2376,2376,7.9646,23.038,30.244,40.824,55.838,57.829,47.84,50.545,39.935,2376,2376,2.6795,23.997,35.386,42.346,55.644,58.143,66.434,59.755,40.874
2377,2377,9.7914,21.794,31.86,40.936,56.756,59.843,50.295,49.844,41.93,2377,2377,12.082,27.004,29.932,42.964,56.94,59.729,47.829,48.133,39.043,2377,2377,5.5714,23.133,33.809,41.457,56.665,59.128,61.209,53.074,40.277
2378,2378,13.089,26.159,34.135,38.859,53.537,58.033,48.963,49.462,43.228,2378,2378,9.4995,25.358,32.57,41.901,53.809,58.345,46.364,46.481,38.803,2378,2378,4.2883,28.179,38.713,40.388,54.832,60.385,59.853,52.215,40.366
2379,2379,8.7962,21.498,31.081,37.732,52.11,57.23,48.813,48.6,43.1,2379,2379,8.676,17.843,31.385,39.716,54.656,57.852,44.702,45.133,38.899,2379,2379,1.8551,29.638,38.802,38.259,51.78,59.184,58.8,50.769,41.171
2380,2380,6.6584,20.533,33.417,40.027,54.647,59.912,48.767,46.667,44.26,2380,2380,5.9002,21.313,33.002,40.327,54.996,59.964,47.379,45.84,38.637,2380,2380,3.9295,27.077,39.503,41.595,55.746,62.944,58.655,50.399,40.769
2381,2381,7.202,24.207,30.105,45.856,63.653,64.221,53.277,53.633,43.559,2381,2381,7.5081,22.594,34.304,44.033,65.723,65.031,53.601,52.604,40.836,2381,2381,1.9074,19.177,37.632,43.979,63.658,65.421,63.894,54.395,40.656
2382,2382,8.9711,18.011,29.542,47.22,69.332,68.714,57.713,53.382,47.013,2382,2382,7.5975,24.853,36.319,49.727,70.112,68.731,59.419,54.567,42.27,2382,2382,1.2141,25.715,33.77,46.366,66.412,68.86,67.559,56.17,43.779
2383,2383,8.4911,18.434,35.931,50.211,68.054,65.863,57.32,52.286,46.241,2383,2383,15.803,23.279,35.227,56.561,69.841,66.076,59.977,51.336,41.246,2383,2383,2.5608,19.987,36.975,49.35,65.403,70.006,67.98,57.379,44.155
2384,2384,10.609,23.124,34.865,55.733,68.499,67.652,58.92,50.636,45.962,2384,2384,17.189,23.753,33.569,58.508,70.845,69.892,61.294,50.754,40.408,2384,2384,-0.75735,25.361,38.108,52.083,65.41,68.532,68.874,57.578,43.047
2385,2385,8.3749,25.563,34.328,53.303,65.891,65.485,58.343,51.465,44.392,2385,2385,14.057,20.38,36.195,59.185,63.911,64.89,59.517,49.934,40.323,2385,2385,-7.2277,24.137,37.989,52.478,68.942,70.729,68.972,56.676,42.29
2386,2386,1.6489,29.887,35.183,56.988,72.144,68.047,59.463,51.131,45.924,2386,2386,11.553,24.553,36.045,63.524,74.739,70.434,61.613,50.109,40.138,2386,2386,-7.1318,30.299,36.361,53.579,70.264,70.429,70.241,56.563,42.61
2387,2387,12.644,27.335,36.302,53.959,71.4,73.562,58.164,49.74,43.675,2387,2387,11.473,26.848,35.648,60.601,73.414,73.686,58.239,48.395,39.435,2387,2387,-1.5844,34.038,36.16,50.019,67.314,72.868,67.414,56.311,42.445
2388,2388,11.83,29.777,34.544,54.266,65.931,65.332,55.501,50.687,45.079,2388,2388,8.5968,24.526,31.073,57.113,66.383,66.078,56.58,49.899,39.636,2388,2388,6.3355,32.231,37.942,57.155,65.61,69.636,66.471,54.349,41.488
2389,2389,8.4627,27.812,32.016,47.936,62.502,61.033,53.364,49.841,42.079,2389,2389,5.9084,24.425,34.274,49.067,63.817,61.499,53.095,51.031,39.401,2389,2389,5.9404,30.661,33.133,51.158,65.024,67.199,64.342,52.726,40.774
2390,2390,9.8016,17.879,33.272,42.481,58.597,61.238,50.156,42.64,43.529,2390,2390,12.43,21.917,33.175,41.91,56.799,61.145,50.547,45.221,38.502,2390,2390,1.9598,27.465,36.647,44.807,60.126,61.742,59.605,48.391,39.568
2391,2391,8.3517,27.298,33.503,44.803,56.363,58.872,50.417,43.444,40.64,2391,2391,11.101,19.301,32.845,46.765,59.712,60.2,48.369,44.657,37.543,2391,2391,-3.8778,27.682,32.041,44.814,57.879,62.758,59.703,49.224,38.613
2392,2392,0.42752,26.925,28.252,42.91,55.042,55.431,47.954,43.125,42.742,2392,2392,17.706,18.655,27.335,46.262,57.121,56.956,46.034,43.602,37.566,2392,2392,6.2635,20.521,35.054,41.548,54.619,60.447,57.942,48.054,39.245
2393,2393,8.1471,22.461,28,44.796,50.938,55.932,49.964,44.501,39.657,2393,2393,12.422,21.483,29.939,46.798,55.508,56.481,46.664,43.966,36.561,2393,2393,5.6997,17.346,32.78,41.336,54.71,60.33,59.425,50.006,38.322
2394,2394,6.4286,19.728,27.141,41.008,55.432,55.18,45.303,43.03,42.775,2394,2394,12.346,22.439,31.34,39.085,56.405,55.226,45.11,43.65,37.608,2394,2394,4.0208,21.963,30.404,41.898,53.649,55.712,56.865,49.329,38.431
2395,2395,3.5733,20.873,29.073,38.7,56.7,52.78,46.932,44.427,40.739,2395,2395,11.619,23.184,31.695,40.585,56.972,52.547,43.425,43.317,36.998,2395,2395,2.4725,18.838,30.472,42.22,59.133,56.983,58.234,50.876,37.866
2396,2396,1.4249,17.447,29.445,41.974,57.953,53.404,43.991,42.365,41.654,2396,2396,18.314,18.529,29.163,42.95,58.443,53.851,41.033,41.558,36.67,2396,2396,2.5819,23.24,31.353,45.193,59.104,58.73,55.983,49.735,38.062
2397,2397,9.1275,17.426,30.278,38.633,51.757,49.479,45.002,42.464,39.753,2397,2397,17.796,16.988,26.634,39.909,53.094,49.402,41.137,39.603,36.007,2397,2397,-1.0066,24.67,31.523,38.816,53.424,53.418,56.832,50.43,37.895
2398,2398,6.5583,22.836,30.928,39.044,52.122,51.853,46.115,44.444,42.925,2398,2398,9.8013,15.892,30.238,41.891,50.066,51.18,41.897,43.194,37.001,2398,2398,-0.29531,18.852,33.56,40.546,48.68,53.472,57.502,52.198,38.613
2399,2399,4.8099,26.59,31.334,42.102,53.536,50.497,46.145,43.37,39.136,2399,2399,14.313,25.02,32.797,42.531,54.548,51.64,42.954,40.714,36.102,2399,2399,-1.9378,15.979,29.11,38.828,51.598,55.051,56.964,51.304,37.576
2400,2400,6.5425,24.205,32.958,41.616,53.349,52.873,44.577,42.262,42.639,2400,2400,12.191,28.289,31.592,44.937,56.529,54.65,41.951,39.344,36.996,2400,2400,-6.3606,20.99,33.023,39.198,53.296,54.316,55.45,49.429,38.42
2401,2401,8.1379,21.406,29.501,44.065,52.715,51.261,43.288,42.446,40.004,2401,2401,13.719,20.513,31.553,43.35,53.034,52.127,40.874,39.021,35.971,2401,2401,-1.3448,18.876,34.563,39.744,49.834,54.179,56.168,49.241,37.697
2402,2402,9.8824,18.479,30.452,43.398,50.407,52.095,44.085,42.112,41.986,2402,2402,18.315,26.273,31.914,41.766,50.155,52.82,40.205,39.978,36.565,2402,2402,4.2167,21.097,33.094,41.94,50.321,51.271,55.979,49.421,37.753
2403,2403,4.9011,22.811,31.483,36.921,48.247,50.94,42.692,42.597,38.612,2403,2403,11.719,25.89,29.019,41.32,49.059,49.922,41.137,40.214,36.334,2403,2403,-1.0532,20.686,29.064,43.206,48.778,51.897,55.522,50.771,37.713
2404,2404,6.0793,20.271,27.289,41.785,48.155,49.496,41.191,42.127,41.667,2404,2404,9.5942,12.263,28.657,41.499,51.142,49.2,38.212,39.947,36.226,2404,2404,-0.14395,20.62,31.937,45.348,48.496,51.454,54.355,49.929,37.873
2405,2405,13.218,20.721,30.162,37.055,45.798,49.077,41.294,41.706,38.855,2405,2405,12.258,19.352,29.258,42.61,47.691,48.63,36.58,39.532,36.153,2405,2405,-0.12565,23.936,31.064,42.763,48.887,51.633,53.051,49.878,37.826
2406,2406,4.2728,24.7,30.813,39.425,49.478,48.139,45.629,42.501,42.156,2406,2406,5.481,18.422,30.446,41.553,48.524,46.691,38.888,39.216,36.363,2406,2406,3.0965,19.595,29.519,41.114,47.913,52.757,57.58,52.367,38.069
2407,2407,10.091,21.401,29.322,39.945,48.087,46.595,45.241,41.826,39.222,2407,2407,16.46,24.021,29.278,40.394,48.995,46.233,37.58,39.634,36.49,2407,2407,3.8211,17.063,32.252,39.008,49.183,52.9,55.335,50.535,37.18
2408,2408,11.963,23.233,33.171,39.138,49.184,50.728,41.565,40.47,42.166,2408,2408,13.473,15.813,31.791,42.057,49.127,49.741,36.47,39.868,36.127,2408,2408,1.7571,21.672,34.308,42.355,47.768,52.79,52.921,46.615,37.546
2409,2409,13.647,18.89,26.994,40.882,47.143,44.211,45.471,42.095,38.723,2409,2409,17.959,20.012,26.027,40.707,48.581,44.236,36.233,40.504,36.025,2409,2409,5.5454,24.621,29.919,39.84,46.625,51.647,53.58,49.25,37.373
2410,2410,14.009,18.55,34.26,42.511,50.217,47.166,43.938,42.018,41.594,2410,2410,16.536,22.656,25.77,39.124,49.381,47.009,39.083,42.457,36.989,2410,2410,4.682,21.705,30.222,44.741,49.665,50.258,55.503,49.803,38.001
2411,2411,10.021,22.543,33.176,43.281,48.72,47.321,44.319,40.551,38.497,2411,2411,12.496,20.616,26.798,40.206,51.015,48.997,39.127,39.598,36.009,2411,2411,4.2269,20.158,28.755,43.065,49.741,51.131,56.36,49.827,37.689
2412,2412,11.119,24.184,32.417,39.621,46.234,44.533,42.231,40.601,42.279,2412,2412,12.244,19.43,28.298,40.077,47.147,44.951,38.826,39.394,37.019,2412,2412,0.21932,19.604,30.273,43.061,49.789,49.815,55.995,50.208,38.003
2413,2413,8.3417,21.17,30.051,38.249,43.701,45.403,42.825,39.602,38.506,2413,2413,16.044,17.858,27.357,40.978,44.706,44.006,36.796,38.333,35.949,2413,2413,2.9672,24.243,27.078,42.198,48.972,50.848,53.523,46.748,36.718
2414,2414,7.9053,18.968,34.094,41.684,47.353,46.747,43.352,41.174,41.738,2414,2414,14.77,15.595,30.101,37.37,46,45.987,38.38,40.481,35.797,2414,2414,1.5929,21.967,33.167,39.964,47.888,51.003,55.639,47.777,37.713
2415,2415,5.5757,20.904,30.616,37.581,45.357,45.432,40.687,40.203,38.459,2415,2415,10.394,24.084,33.122,39.263,46.823,44.152,36.776,39.286,36.08,2415,2415,-0.61973,24.923,36.465,38.861,47.318,51.645,52.915,46.051,36.919
2416,2416,6.4786,23.014,34.24,38.182,46.096,45.806,43.721,39.353,40.526,2416,2416,11.407,21.597,29.413,39.51,46.801,44.227,37.804,39.356,36.722,2416,2416,-2.6602,23.826,30.934,42.296,46.983,52.216,54.62,46.833,37.942
2417,2417,5.9963,23.697,28.133,43.049,45.512,45.174,42.145,39.8,40.543,2417,2417,6.2883,14.168,29.678,42.063,47.795,44.98,37.973,39.288,36.576,2417,2417,1.2382,22.975,33.51,43.241,47.813,52.249,54.582,48.523,36.98
2418,2418,9.169,18.168,29.457,40.059,46.538,45.9,40.595,39.989,38.35,2418,2418,8.308,20.525,35.514,44.238,49.788,45.854,37.054,39.534,36.064,2418,2418,7.9552,24.409,40.133,39.102,46.298,50.35,54.274,49.243,37.871
2419,2419,7.6943,25.399,32.476,39.449,49.197,49.454,40.102,40.925,42.126,2419,2419,8.3148,22.036,34.396,43.669,50.746,48.955,36.641,39.506,36.949,2419,2419,6.0398,27.201,40.59,43.967,48.113,50.446,53.828,48.858,38.223
2420,2420,9.8598,22.747,29.967,41.028,46.503,48.458,43.47,44.782,39.127,2420,2420,14.957,23.613,32.889,38.534,50.382,47.585,38.365,41.969,36.365,2420,2420,5.2981,30.344,40.636,43.081,46.779,51.278,53.201,51.553,38.116
2421,2421,5.5085,23.652,34.154,41.279,45.892,46.935,40.983,45.397,41.724,2421,2421,14.399,22.536,32.471,40.91,47.724,47.4,37.319,41.643,36.549,2421,2421,6.285,25.253,41.645,41.344,47.295,51.053,54.027,51.849,37.689
2422,2422,12.303,26.68,27.999,44.359,47.66,49.707,41.647,41.891,38.07,2422,2422,11.369,25.797,32.84,40.104,47.423,48.628,37.223,39.704,36.487,2422,2422,-2.3745,25.897,38.809,37.458,48.404,51.038,52.836,48.457,37.313
2423,2423,7.2109,22.19,26.322,41.119,46.955,48.183,42.867,43.175,43.719,2423,2423,9.2512,22.097,33.764,40.888,49.273,48.641,37.442,42.113,38.163,2423,2423,-0.058301,30.002,42.429,41.576,51.003,51.409,54.132,51.698,39.381
2424,2424,7.7952,19.125,27.102,38.667,48.826,48.645,41.8,42.322,39.515,2424,2424,10.471,23.39,29.402,40.277,49.238,49.186,39.897,41.571,37.481,2424,2424,4.9866,23.319,36.701,40.332,53.918,54.138,54.104,50.635,38.446
2425,2425,14.958,24.972,31.657,38.579,50.276,49.886,41.761,43.325,42.504,2425,2425,14.676,18.507,30.24,40.942,50.242,49.203,40.178,43.094,37.448,2425,2425,5.9067,27.255,35.359,42.924,51.401,51.412,56.017,52.125,38.376
2426,2426,11.192,15.641,25.826,41.993,58.772,54.495,43.357,43.942,39.276,2426,2426,10.544,18.347,30.15,40.415,62.738,58.282,41.341,43.665,37.156,2426,2426,0.99205,19.561,30.663,44.611,63.485,58.424,56.706,52.233,38.125
2427,2427,5.4334,24.124,29.757,39.107,56.828,53.509,45.534,46.098,41.969,2427,2427,11.692,16.938,30.679,43.783,57.176,53.708,43.312,44.485,37.395,2427,2427,3.5098,22.416,34.319,48.127,62.495,54.745,59.258,52.549,38.208
2428,2428,7.2809,20.81,30.882,40.006,55.998,54.273,46.62,47.044,40.082,2428,2428,12.125,22.148,32.195,40.713,58.652,56.301,44.452,46.173,37.414,2428,2428,7.1425,20.202,32.956,46.183,61.816,58.602,60.133,53.138,38.392
2429,2429,6.9234,15.853,30.579,40.423,55.46,55.725,45.589,46.953,43.005,2429,2429,5.1011,20.365,31.382,43.096,56.721,50.812,42.531,44.995,37.935,2429,2429,3.0687,21.622,37.255,44.102,62.119,61.243,58.252,52.508,38.717
2430,2430,4.373,17.188,35.26,40.281,56.33,55.832,45.684,45.435,38.758,2430,2430,12.416,18.191,29.229,38.606,59.189,57.864,42.689,43.493,36.466,2430,2430,7.6488,22.002,35.123,46.572,60.961,62.374,58.535,53.117,37.884
2431,2431,7.6487,15.345,30.4,38.075,58.171,57.529,49.414,46.621,42.723,2431,2431,10.812,21.172,31.341,41.071,57.985,57.352,45.372,46.895,37.562,2431,2431,7.8953,21.741,37.565,45.849,54.86,58.579,59.507,52.719,38.295
2432,2432,8.1794,15.316,26.232,38.012,63.583,59.959,51.4,46.355,40.76,2432,2432,10.711,21.168,30.411,40.17,60.862,57.465,47.402,45.926,36.44,2432,2432,-0.38678,24.175,35.198,46.135,60.914,58.105,61.068,55.185,38.32
2433,2433,8.0969,16.396,33.464,41.062,68.696,63.188,52.65,47.161,42.95,2433,2433,8.8281,15.509,32.325,43.872,68.327,62.836,51.692,44.58,37.38,2433,2433,5.8669,20.031,32.039,46.218,62.252,58.721,63.505,54.055,39.335
2434,2434,4.0082,23.509,31.747,43.324,69.334,62.924,52.165,48.297,41.13,2434,2434,14.82,20.613,27.331,44.187,68.66,62.524,50.499,45.43,37.201,2434,2434,4.7513,22.493,32.353,40.5,60.82,57.383,60.378,53.62,38.615
2435,2435,9.7088,23.165,33.064,40.886,65.1,59.702,49.037,44.453,43.512,2435,2435,10.144,20.256,29.552,41.016,59.813,58.434,46.464,43.446,37.586,2435,2435,-4.3247,21.57,30.772,46.444,60.942,58.598,57.616,49.201,39.35
2436,2436,12.751,21.364,26.486,40.699,64.803,56.433,48.192,43.241,40.019,2436,2436,12.394,20.452,29.808,40.017,57.208,53.815,47.922,42.067,37.203,2436,2436,-1.1953,18.222,33.581,44.279,62.191,56.849,57.521,48.952,38.148
2437,2437,5.1502,16.917,33.335,41.167,65.073,59.432,47.792,43.292,43.532,2437,2437,8.4827,21.735,29.983,37.464,56.845,58.513,45.241,40.816,37.256,2437,2437,-3.9122,16.513,35.993,47.32,67.711,59.987,56.587,49.397,39.218
2438,2438,4.1243,19.584,31.694,41.164,60.546,60.316,43.694,41.115,39.79,2438,2438,5.5955,18.811,26.996,43.592,58.664,60.27,42.882,39.553,36.766,2438,2438,-5.674,17.298,33.986,45.727,62.854,60.504,56.233,47.381,38.383
2439,2439,4.7284,23.874,29.985,44.764,61.359,53.706,42.418,40.423,42.741,2439,2439,12.202,20.546,30.172,41.469,56.106,52.22,40.333,37.719,37.47,2439,2439,-0.52505,14.969,33.811,45.346,61.784,52.745,54.496,46.945,37.794
2440,2440,1.2147,16.85,31.392,42.232,57.265,54.205,41.087,39.023,40.383,2440,2440,9.0342,20.291,27.809,41.555,57.547,54.266,39.237,36.506,36.697,2440,2440,-3.4886,20.982,32.832,45.69,60.889,53.947,53.946,46.331,38.115
2441,2441,-1.9726,12.024,27.683,42.622,56.42,56.803,40.476,39.503,43.398,2441,2441,6.4844,15.316,31.073,41.552,56.001,55.938,37.656,36.514,36.99,2441,2441,0.92117,17.338,31.945,44.371,56.496,55.206,52.376,44.968,37.412
2442,2442,12.186,18.931,28.296,43.54,61.546,54.346,42.943,38.954,39.489,2442,2442,5.79,22.505,32.136,43.984,58.303,54.047,39.941,38.388,36.72,2442,2442,3.4858,15.126,29.354,47.209,62.344,54.34,53.297,44.851,37.964
2443,2443,10.303,22.459,31.319,45.728,65.401,55.041,42.61,39.883,42.813,2443,2443,13.358,19.636,32.192,48.638,64.691,53.701,40.162,38.725,37.567,2443,2443,1.978,16.38,27.669,49.429,67.523,57.412,53.911,46.669,37.87
2444,2444,1.4849,16.021,29.975,43,61.159,54.548,44.284,41.496,39.789,2444,2444,3.845,15.938,34.608,43.874,59.736,53.803,41.057,38.724,36.386,2444,2444,-1.4169,17.618,33.659,45.743,63.709,55.803,56.5,49.944,37.547
2445,2445,4.9597,19.46,27.378,39.422,56.925,53.276,40.928,39.971,42.131,2445,2445,2.6771,19.23,34.194,42.358,55.656,52.216,40.816,38.48,36.545,2445,2445,-0.084791,15.923,32.012,45.614,58.87,55.872,54.475,45.155,37.638
2446,2446,3.4273,19.415,31.053,40.657,55.014,51.124,41.198,40.791,38.166,2446,2446,9.6629,18.763,28.293,40.102,54.902,50.905,38.64,38.319,35.793,2446,2446,-4.0225,20.173,25.454,40.776,55.712,55.127,54.697,46.532,36.493
2447,2447,6.2733,17.045,32.846,38.706,51.79,49.186,41.549,42.588,42.249,2447,2447,6.5275,21.678,31.829,39.238,53.554,48.712,37.447,38.911,37.238,2447,2447,4.5789,17.062,29.101,37.602,52.125,53.417,52.42,44.392,37.748
2448,2448,4.2501,18.961,28.019,38.991,56.63,51.689,40.869,41.539,38.739,2448,2448,7.4422,19.185,28.156,38.804,53.605,48.917,39.668,39.453,35.916,2448,2448,3.8639,20.137,31.714,39.416,56.263,54.626,52.946,43.853,37.307
2449,2449,7.8179,20.625,26.959,39.763,54.284,49.273,42.548,41.353,42.052,2449,2449,8.1575,21.448,28.372,42.43,52.61,49.694,40.193,39.216,36.584,2449,2449,5.5636,20.86,32.36,39.451,55.775,54.642,54.453,46.263,38.23
2450,2450,5.7565,23.173,25.499,38.78,52.4,51.952,46.697,46.529,39.831,2450,2450,11.016,23.609,30.132,40.441,55.538,51.833,42.748,46.694,37.276,2450,2450,2.5485,19.297,31.88,40.227,56.583,56.334,56.471,48.811,38.081
2451,2451,8.1108,24.222,28.922,40.742,52.766,51.122,42.927,42.274,42.293,2451,2451,7.3459,23.47,27.001,41.27,53.32,52.118,39.729,40.539,36.952,2451,2451,4.6212,21.669,31.826,41.704,55.43,55.438,54.159,46.753,38.387
2452,2452,2.7202,23.642,27.668,38.257,52.296,51.12,42.458,41.813,38.439,2452,2452,4.8787,19.036,31.096,41.166,53.777,50.176,38.546,39.596,36.05,2452,2452,0.32262,19.086,32.767,40.655,51.717,56.037,53.976,45.518,37.54
2453,2453,6.8173,22.24,31.094,42.388,48.85,52.191,41.674,43.055,42.066,2453,2453,13.55,18.481,30.494,40.451,50.307,51.982,38.495,42.02,36.911,2453,2453,-4.0441,19.569,31.661,41.015,46.854,53.777,52.725,45.981,37.861
2454,2454,9.3709,18.34,29.263,38.797,46.237,50.806,41.193,42.854,38.725,2454,2454,12.4,22.117,31.617,39.544,50.554,51.245,37.698,41.771,35.751,2454,2454,3.146,16.717,30.463,42.058,48.977,53.29,54.059,46.651,37.7
2455,2455,12.67,17.705,31.259,39.377,48.308,52.26,41.36,43.911,41.823,2455,2455,16.636,22.406,30.355,37.65,49.028,51.326,39.216,42.405,37.133,2455,2455,4.2178,13.529,31.967,36.364,50.591,50.614,54.364,46.704,38.245
2456,2456,18.259,21.016,26.542,36.791,48.547,59.285,45.51,44.499,38.245,2456,2456,20.059,19.108,27.163,36.868,49.131,59.162,43.276,42.514,35.769,2456,2456,-0.30701,10.486,26.795,38.236,50.74,58.26,58.488,49.908,36.734
2457,2457,17.19,19.832,34.068,38.902,50.146,50.644,46.433,46.649,42.108,2457,2457,18.598,22.196,33.51,42.324,51.152,50.272,41.413,43.063,36.655,2457,2457,3.6411,8.4315,31.457,36.449,50.163,54.685,59.15,52.809,38.033
2458,2458,5.0096,23.653,25.601,39.487,51.195,52.095,49.681,51.964,39.49,2458,2458,11.401,21.345,26.956,40.458,53.341,52.538,43.228,43.2,36.885,2458,2458,2.7335,11.739,25.185,40.063,53.384,53.629,64.606,59.138,39.537
2459,2459,10.991,21.174,25.106,40.809,50.412,53.191,52.801,52.443,39.24,2459,2459,15.65,23.61,28.616,39.569,52.367,54.902,48.898,46.033,36.992,2459,2459,2.0977,16.954,28.652,39.878,51.123,59.209,67.031,60.272,39.455
2460,2460,9.1017,25.473,28.453,37.935,55.843,59.364,56.185,53.157,42.047,2460,2460,14.049,22.259,26.329,39.766,55.675,58.184,49.135,48.385,38.256,2460,2460,-2.9791,21.989,31.047,42.34,54.92,62.612,68.784,61.03,40.628
2461,2461,13.142,21.969,28.341,42.592,58.956,62.538,59.36,52.918,40.436,2461,2461,19.929,15.61,27.452,47,58.722,62.757,52.846,50.127,39.382,2461,2461,6.3961,18.172,32.793,42.197,57.181,65.196,69.324,61.705,41.178
2462,2462,9.7051,24.779,31.784,39.854,59.753,65.237,56.133,54.252,44.333,2462,2462,15.916,17.708,30.611,44.237,59.555,64.961,52.561,53.652,41.089,2462,2462,8.9206,24.715,32.61,43.666,55.327,66.319,66.048,56.327,41.989
2463,2463,6.4781,19.789,30.023,45.919,62.09,58.714,54.256,55.691,43.896,2463,2463,15.388,15.441,27.154,44.228,59.219,59.63,51.48,55.654,42.306,2463,2463,7.6507,22.118,34.243,42.558,62.98,64.347,62.604,54.211,42.967
2464,2464,5.2744,21.436,31.135,45.772,61.675,58.546,49.595,55.24,44.977,2464,2464,9.8952,19.693,23.768,46.358,61.992,59.921,47.518,54.511,43.198,2464,2464,0.44491,16.765,29.968,46.547,60.843,59.84,58.815,53.191,43.845
2465,2465,11.052,25.474,33.297,45.768,57.217,55.697,54.817,66.37,47.96,2465,2465,3.739,18.386,28.471,42.302,57.038,54.408,51.644,62.98,46.186,2465,2465,-2.0048,13.882,28.75,43.083,60.037,60.827,64.043,59.505,44.196
2466,2466,5.5775,20.738,32.108,43.223,60.26,57.068,56.885,66.597,50.406,2466,2466,12.41,19.198,30.575,42.291,57.9,55.488,54.298,62.893,47.521,2466,2466,0.90701,13.657,32.525,41.646,61.762,62.307,67.923,61.508,47.13
2467,2467,6.5021,18.293,30.05,42.381,62.648,60.167,60.15,67.775,50.425,2467,2467,13.087,22.589,31.663,44.792,62.935,60.552,56.327,64.672,48.348,2467,2467,0.15782,19.733,28.624,43.929,63.033,65.371,69.685,63.574,46.793
2468,2468,8.1719,18.74,25.183,40.553,56.979,57.917,64.088,65.944,49.777,2468,2468,14.601,17.666,28.872,42.455,60.829,59.931,58.447,62.134,47.209,2468,2468,-3.1674,16.194,29.81,44.937,60.507,65.837,71.92,65.203,48.344
2469,2469,7.5308,24.298,24.379,38.488,61.261,64.543,66.211,61.109,48.125,2469,2469,17.016,17.343,31.953,41.177,61.391,64.05,60.474,60.984,47.55,2469,2469,2.7722,17.865,27.729,43.824,62.602,68.068,74.14,65.484,48.03
2470,2470,0.71809,24.418,23.116,39.18,59.533,62.329,68.354,61.756,47.933,2470,2470,10.582,20.949,25.908,38.273,60.682,61.95,62.396,60.769,45.704,2470,2470,5.1954,18.941,27.527,44.696,61.425,67.878,75.596,66.027,46.713
2471,2471,13.776,25.801,27.844,36.688,56.687,62.354,66.463,58.805,44.029,2471,2471,16.291,14.729,28.7,41.862,57.911,61.709,61.792,57.331,42.106,2471,2471,-4.007,18.721,27.796,41.852,56.443,67.947,72.811,64.837,43.071
2472,2472,11.647,20.605,28.965,37.453,51.769,58.279,65.717,53.56,43.449,2472,2472,14.928,22.107,25.692,39.327,53.733,58.517,61.564,51.135,38.771,2472,2472,-2.5447,15.506,22.285,39.499,51.609,66.246,72.567,60.26,40.693
2473,2473,1.6683,18.772,30.731,41.467,65.497,63.319,65.5,52.812,41.768,2473,2473,12.054,22.831,27.711,43.374,64.642,63.054,59.27,49.128,37.842,2473,2473,2.5198,18.298,27.739,44.674,60.846,64.401,70.855,56.793,39.826
2474,2474,7.4859,19.128,29.78,37.177,58.91,59.64,60.237,50.073,44.081,2474,2474,4.3602,22.854,30.888,41.461,59.308,60.33,57.662,45.599,37.842,2474,2474,-1.2628,14.488,32.102,40.321,54.951,62.868,66.706,56.245,39.693
2475,2475,1.2219,20.975,22.984,41.011,56.89,60.39,54.092,47.566,42.168,2475,2475,14.151,26.877,32.63,40.971,59.14,61.84,50.08,43.595,37.371,2475,2475,5.5056,18.733,30.381,39.926,58.122,62.765,63.318,53.677,39.112
2476,2476,9.3945,18.103,34.841,34.957,55.224,58.124,48.914,46.482,43.963,2476,2476,10.098,21,28.569,39.902,53.898,57.812,47.534,43.417,37.772,2476,2476,4.36,18.91,29.023,44.553,56.416,61.317,59.232,51.899,39.342
2477,2477,4.6356,24.28,31.49,43.148,51.466,56.942,46.352,43.041,40.859,2477,2477,10.62,23.493,29.321,42.437,54.967,57.846,43.476,41.365,37.208,2477,2477,-3.0574,15.362,32.764,40.402,52.28,60.308,56.027,47.993,38.64
2478,2478,4.9638,19.766,31.18,46.407,52.603,57.088,46.729,43.555,42.171,2478,2478,13.269,19.229,30.86,46.363,52.121,56.618,45.814,41.164,37.363,2478,2478,-0.68789,24.123,28.407,39.332,51.094,56.346,54.242,47.622,38.961
2479,2479,11.15,20.271,31.732,49.952,52.139,55.248,42.651,42.047,40.581,2479,2479,12.675,27.129,30.177,49.923,51.679,55.09,40.426,38.901,37.038,2479,2479,4.3362,21.234,31.821,43.711,49.378,53.811,52.782,46.765,37.805
2480,2480,12.358,16.618,27.48,41.857,47.873,52.086,46.828,42.375,43.203,2480,2480,7.0664,20.579,35.066,43.358,50.061,51.633,50.041,40.82,36.986,2480,2480,0.9024,18.021,28.559,40.527,48.912,53.984,56.67,46.344,38.369
2481,2481,10.809,18.113,28.602,46.491,55.715,60.901,47.257,41.237,39.973,2481,2481,6.9386,18.763,31.026,41.163,53.869,60.47,45.409,40.841,36.796,2481,2481,3.2808,20.639,34.379,41.898,55.726,62.07,56.239,43.659,38.004
2482,2482,10.417,25.479,29.091,45.497,52.595,52.64,40.702,41.189,43.396,2482,2482,9.8816,24.336,29.395,43.27,52.557,53.73,37.908,39.949,37.084,2482,2482,5.183,21.435,30.583,42.91,51.379,51.189,50.26,43.597,38.31
2483,2483,6.7617,23.206,24.15,39.668,46.525,47.789,39.137,41.075,40.429,2483,2483,14.102,25.303,31.188,40.892,48.585,46.695,35.576,40.238,36.784,2483,2483,0.80115,14.652,28.531,42.686,46.411,49.831,51.212,44.163,37.956
2484,2484,14.049,21.84,28.154,42.447,48.351,44.486,39.017,40.419,43.231,2484,2484,10.641,20.056,30.468,41.513,50.152,45.988,36.41,39.672,37.501,2484,2484,5.1388,19.547,29.243,41.242,45.885,49.903,49.814,43.926,38.14
2485,2485,14.809,23.226,24.562,40.927,46.923,45.971,38.621,41.182,39.391,2485,2485,6.8393,23.804,29.835,38.303,45.679,45.704,34.601,38.251,36.304,2485,2485,1.7771,13.278,27.355,40.011,45.715,49.208,51.043,47.334,37.486
2486,2486,11.511,16.338,26.479,37.41,45.096,44.074,36.879,39.707,41.786,2486,2486,11.067,21.786,32.65,37.029,46.94,44.502,33.964,37.859,36.469,2486,2486,-0.48076,17.283,28.869,42.601,48.61,49.207,50.306,44.863,38.32
2487,2487,7.5568,15.117,29.081,38.595,44.877,44.78,39.584,42.008,40.972,2487,2487,9.8084,21.861,30.665,39.21,44.265,44.544,37.689,39.743,36.877,2487,2487,-1.9305,15.389,31.049,38.788,46.388,48.032,51.723,46.353,37.916
2488,2488,6.9143,19.169,31.971,37.195,46.292,50.408,39.221,40.685,43.262,2488,2488,12.369,21.869,31.296,41.218,46.941,49.678,34.868,38.268,37.167,2488,2488,4.6268,20.331,29.817,42.649,50.01,50.725,50.602,44.186,38.316
2489,2489,6.3415,16.553,27.719,35.483,48.721,47.995,38.374,39.819,39.663,2489,2489,7.9661,21.611,30.208,36.538,46.778,47.4,33.904,38.037,36.431,2489,2489,2.7361,21.418,34.374,39.742,48.92,49.432,50.215,43.559,38.182
2490,2490,2.6726,23.331,28.419,37.656,47.669,50.272,37.892,39.833,42.779,2490,2490,1.9816,20.253,30.411,39.628,47.239,49.019,33.312,37.331,37.246,2490,2490,-3.9723,23.273,32.144,35.708,48.191,51.124,49.758,42.873,38.784
2491,2491,1.2918,20.703,29.497,37.013,44.506,45.659,37.774,38.816,39.802,2491,2491,10.42,22.394,32.26,38.204,47.818,45.474,34.649,37.879,37.848,2491,2491,-0.84402,25.672,26.854,38.875,45.89,47.488,49.407,42.31,39.227
2492,2492,8.5314,15.19,28.055,35.174,47.785,44.572,38.062,39.565,43.083,2492,2492,13.775,23.678,33.949,38.541,48.58,45.736,34.774,38.505,39.081,2492,2492,-12.045,21.052,31.016,35.994,48.818,47.008,50.597,43.823,40.554
2493,2493,9.4268,19.507,32.189,36.702,48.237,46.559,36.705,38.676,40.049,2493,2493,14.015,20.83,30.12,36.272,48.901,45.69,34.565,38.382,40.172,2493,2493,-1.2097,19.442,32.995,37.62,48.705,49.227,49.108,43.472,41.741
2494,2494,-3.1967,19.129,28.738,37.922,46.78,50.264,40.641,43.29,42.734,2494,2494,4.3869,16.591,27.159,38.368,49.534,50.643,39.008,41.401,37.598,2494,2494,-4.887,18.379,35.445,38.481,49.678,52.754,51.241,46.544,39.25
2495,2495,3.3483,22.803,26.339,40.867,53.202,55.832,44.564,45.431,42.46,2495,2495,8.0011,22.312,32.037,43.363,53.575,56.443,43.554,44.823,38.351,2495,2495,-2.6245,20.806,31.044,43.051,56.709,58.685,54.259,47.295,40.639
2496,2496,6.2011,15.112,28.14,38.641,55.126,58.857,46.973,43.191,43.303,2496,2496,10.305,18.938,33.143,37.609,56.249,58.987,46.301,41.722,38.416,2496,2496,-1.1387,19.302,29.175,38.493,55.65,59.033,54.513,45.643,39.72
2497,2497,-1.5092,23.381,30.683,38.154,54.177,52.525,41.238,41.497,40.343,2497,2497,7.3572,19.871,32.142,38.118,56.303,54.162,40.095,39.618,37.474,2497,2497,0.049981,26.489,32.868,40.824,56.939,60.15,51.999,45.859,37.888
2498,2498,4.5326,16.641,30.591,36.341,50.802,53.105,44.753,42.842,42.857,2498,2498,8.8249,15.131,27.837,35.538,53.331,54.154,40.636,40.296,38.07,2498,2498,7.1787,20.912,35.359,36.876,49.024,53.475,53.354,46.648,39.066
2499,2499,10.206,20.084,27.443,35.577,52.15,55.518,49.056,45.579,41.036,2499,2499,10.076,17.946,31.466,39.079,52.933,54.7,46.403,44.501,37.772,2499,2499,3.3186,14.092,37.766,40.785,51.848,56.843,57.671,51.552,38.592
2500,2500,7.7748,22.243,28.744,46.996,62.983,65.718,52.849,48.138,44.322,2500,2500,8.7629,17.419,33.253,44.138,63.527,66.412,53.235,47.874,39.322,2500,2500,0.36716,18.331,34.438,42.306,61.482,65.128,62.484,53.085,41.477
2501,2501,7.6135,19.725,31.51,47.407,68.557,70.992,58.243,51.973,44.941,2501,2501,9.2522,20.367,34.406,48.211,68.193,69.658,59.28,51.793,40.131,2501,2501,-2.2111,16.034,35.378,45.336,68.132,71.805,68.098,56.925,42.561
2502,2502,12.539,20.272,32.287,52.293,69.86,68.779,58.205,51.626,46.512,2502,2502,14.988,23.837,35.355,55.463,71.875,68.754,59.831,51.451,41.664,2502,2502,-1.9878,21.469,38.067,49.713,66.282,71.602,67.935,57.301,44.758
2503,2503,11.068,21.015,35.648,57.612,69.879,70.387,58.252,51.898,47.057,2503,2503,11.028,20.637,37.764,61.482,72.609,71.756,61.146,51.365,40.96,2503,2503,4.819,20.469,35.654,48.825,66.661,69.151,68.569,56.741,44.762
2504,2504,8.0473,21.324,31.577,54.3,67.206,67.196,59.52,51.234,45.151,2504,2504,11.15,23.229,34.825,62.074,67.006,68.877,59.84,51.075,40.731,2504,2504,0.55884,22.991,30.642,52.725,67.791,71.795,69.117,56.1,43.43
2505,2505,10.728,16.971,32.56,56.87,68.779,67.439,57.698,50.262,45.382,2505,2505,16.282,20.997,34.714,60.301,71.038,69.573,62.382,51.166,40.677,2505,2505,-5.0379,23.897,30.816,53.951,68.664,71.272,69.173,54.096,42.692
2506,2506,7.619,18.655,31.593,52.488,67.848,69.719,56.998,49.797,44.84,2506,2506,15.522,24.631,32.656,53.419,68.055,69.887,58.798,50.76,40.812,2506,2506,5.1813,23.759,29.172,53.764,67.916,70.684,67.709,55.071,42.345
2507,2507,9.2985,20.798,35.254,57.923,71.608,69.874,56.002,48.344,43.9,2507,2507,17.411,24.6,38.197,61.99,73.989,70.076,54.36,48.943,38.984,2507,2507,2.8599,20.845,32.71,50.709,68.824,69.639,64.503,52.658,40.698
2508,2508,9.8903,18.453,33.43,48.989,65.722,65.334,53.195,48.975,41.845,2508,2508,15.715,22.682,31.011,54.71,65.484,63.986,54.513,47.593,38.666,2508,2508,-12.459,18.64,33.73,52.75,67.054,68.97,63.936,54.418,40.523
2509,2509,7.6732,18.192,31.012,49.977,62.761,61.069,52.198,48.651,43.514,2509,2509,8.0301,18.629,32.567,52.687,63.754,63.163,52.698,47.826,38.452,2509,2509,-6.8044,20.25,34.267,52.91,65.768,64.293,62.282,52.764,39.852
2510,2510,11.294,20.133,30.696,46.665,61.809,57.62,48.438,43.041,40.658,2510,2510,11.809,15.806,32.19,47.603,62.343,58.704,48.483,43.681,37.173,2510,2510,3.9565,23.209,32.108,51.109,67.935,61.289,57.808,48.993,38.523
2511,2511,12.361,22.972,31.892,45.698,57.263,57.677,50.391,44.655,43.942,2511,2511,11.847,22.69,30.396,48.2,60.726,59.026,49.479,44.95,38.224,2511,2511,-1.5285,21.378,32.485,51.513,66.547,63.224,59.273,50.333,39.864
2512,2512,6.1978,23.068,31.861,49.713,58.648,62.548,53.465,49.224,41.476,2512,2512,9.3662,20.239,32.808,52.582,59.866,62.91,51.776,48.479,39.276,2512,2512,-4.8008,21.855,29.411,46.483,60.218,62.752,61.325,52.066,39.852
2513,2513,5.5522,22.496,31.939,50.591,61.859,66.748,56.01,49.346,43.324,2513,2513,7.8216,24.856,34.734,53.991,65.559,68.142,54.296,46.564,38.606,2513,2513,3.2066,19.777,32.236,48.982,63.939,65.751,62.538,53.236,39.697
2514,2514,11.358,17.847,33.633,51.82,66.409,67.215,56.376,52.397,45.281,2514,2514,12.747,26.068,36.871,57.134,67.602,65.865,58.086,49.412,39.832,2514,2514,-3.9528,21.417,32.825,48.15,64.25,71.3,67.299,54.572,41.729
2515,2515,3.6586,23.229,34.58,55.538,65.683,66.633,57.548,53.63,44.9,2515,2515,5.0844,21.655,36.408,60.784,68.04,67.643,57.69,51.088,40.365,2515,2515,3.6939,26.975,27.161,51.082,65.279,71.378,66.315,56.82,42.742
2516,2516,3.9627,16.032,32.787,51.765,67.057,67.48,60.357,57.081,46.53,2516,2516,7.0952,26.157,33.676,56.756,69.352,68.053,58.967,54.089,42.636,2516,2516,-3.7786,23.281,33.053,51.409,63.075,72.141,68.762,63.598,44.511
2517,2517,8.4628,22.239,33.974,56.75,65.079,64.481,61.027,59.197,48.39,2517,2517,8.8544,27.928,34.889,58.556,66.321,65.474,59.972,54.453,43.266,2517,2517,-4.4085,17.938,27.42,54.86,65.665,73.013,71.227,65.837,45.515
2518,2518,3.9376,22.443,31.497,54.811,65.8,67.567,59.362,59.629,47.042,2518,2518,16.962,20.339,34.468,56.021,65.604,67.278,58.938,57.11,42.454,2518,2518,0.11694,23.452,31.632,53.694,64.083,70.49,69.445,64.591,45.118
2519,2519,9.9283,22.13,31.891,45.94,62.066,65.935,57.323,59.984,49.309,2519,2519,12.49,13.558,34.947,47.417,59.581,65.307,55.705,58.869,44.372,2519,2519,-0.18625,21.619,28.961,45.117,61.297,64.192,66.77,62.924,46.68
2520,2520,8.4435,23.924,30.909,44.146,62.572,64.162,58.286,58.382,46.789,2520,2520,8.5567,21.157,32.061,43.299,61.625,65.694,58.212,57.122,41.961,2520,2520,2.6067,18.423,32.794,48.846,62.229,66.469,68.065,62.954,44.998
2521,2521,12.101,22.121,33.289,45.215,64.685,65.157,62.254,60.813,47.813,2521,2521,15.407,17.778,33.106,45.055,63.055,64.487,58.764,57.268,42.723,2521,2521,-1.5655,17.844,31.932,49.435,61.728,65.58,70.789,63.279,45.855
2522,2522,12.616,28.067,31.272,41.987,66.74,62.964,64.679,64.484,48.785,2522,2522,13.963,15.828,28.019,40.165,66.534,63.222,60.009,61.883,45.337,2522,2522,-0.44874,21.187,34.33,43.49,60.332,67.917,71.696,64.487,46.498
2523,2523,8.8882,22.517,30.052,43.049,65.441,62.657,62.967,64.039,49.462,2523,2523,10.258,21.501,31.82,39.343,65.465,63.304,60.228,61.825,45.007,2523,2523,3.6512,16.477,27.377,46.92,61.077,67.653,72.234,65.154,46.27
2524,2524,11.456,25.222,31.167,39.486,64.328,60.906,62.68,62.368,47.69,2524,2524,13.987,21.472,33.355,42.529,65.481,62.085,58.776,60.488,44.655,2524,2524,2.6796,21.309,33.565,45.077,60.723,66.859,71.432,65.218,45.699
2525,2525,5.0669,21.839,29.702,38.795,57.624,58.963,58.84,59.101,45.581,2525,2525,10.718,16.646,31.182,40.419,56.529,56.474,55.708,58.564,43.129,2525,2525,-0.73819,18.738,33.948,43.706,57.308,59.368,69.198,62.811,43.423
2526,2526,4.1882,17.126,29.406,42.338,53.262,55.835,54.554,55.383,42.348,2526,2526,5.7058,17.421,27.923,42.797,53.733,55.532,52.284,53.378,40.619,2526,2526,-0.5617,20.663,30.941,40.106,54.358,54.905,64.914,59.278,40.846
2527,2527,2.2534,14.725,28.016,40.317,57.351,61.647,55.031,55.606,43.625,2527,2527,2.7642,23.122,25.992,45.977,59.647,61.392,52.969,52.174,40.189,2527,2527,4.8664,22.041,30.758,46.346,61.358,60.139,63.432,55.566,40.357
2528,2528,6.3345,26.28,32.081,41.287,56.696,59.217,53.334,56.718,42.94,2528,2528,7.7316,20.369,29.996,43.963,59.731,60.181,52.153,53.068,40.267,2528,2528,3.3949,18.235,26.886,46.795,61.114,61.087,62.058,55.447,41.394
2529,2529,12.334,23.045,30.513,44.881,58.412,59.574,52.903,52.52,43.364,2529,2529,10.943,23.147,28.005,44.754,60.475,60.354,52.334,50.227,39.792,2529,2529,0.77123,23.4,29.634,46.446,61.261,60.615,62.359,54.772,40.531
2530,2530,5.9393,21.658,30.455,43.445,51.806,53.383,51.692,50.715,40.362,2530,2530,0.96181,21.261,29.616,43.363,51.619,51.552,47.738,46.93,39.181,2530,2530,2.4766,23.563,35.434,43.449,55.89,56.862,59.679,53.119,39.127
2531,2531,8.1451,25.972,30.153,37.639,50.81,52.074,48.1,44.433,42.811,2531,2531,7.01,21.817,32.299,39.14,50.655,51.768,45.167,41.457,37.39,2531,2531,-1.2685,24.289,27.051,42.327,51.408,54.673,57.636,48.612,39.317
2532,2532,3.3993,22.178,30.442,38.003,48.974,49.897,44.034,42.085,39.939,2532,2532,9.2892,22.713,27.183,37.379,50.048,50.111,42.482,40.69,37.059,2532,2532,2.3286,18.83,30.544,40.165,52.242,53.543,53.201,46.083,38.974
2533,2533,9.6392,16.021,24.689,36.404,44.4,47.65,46.915,45.271,43.83,2533,2533,13.151,20.658,28.726,39.136,46.824,47.676,45.492,42.141,37.736,2533,2533,2.4491,22.443,29.733,39.579,44.538,50.614,61.679,54.91,39.608
2534,2534,4.3555,18.565,29.224,38.635,50.225,53.942,52.414,47.511,40.326,2534,2534,14.764,22.476,31.709,37.877,54.451,54.942,47.335,46.34,38.3,2534,2534,2.1345,19.398,30.271,38.806,51.754,57.19,64.089,56.821,39.596
2535,2535,5.4748,23.387,31.199,39.745,52.863,54.16,53.705,48.196,43.178,2535,2535,17.061,22.391,31.008,41.185,55.334,55.074,49.391,46.359,39.547,2535,2535,0.9253,21.968,31.533,41.293,54.37,60.23,64.163,56.565,40.374
2536,2536,2.2511,22.464,31.751,38.432,57.726,60.047,56.038,55.021,40.579,2536,2536,17.277,22.643,29.887,40.191,56.253,58.89,50.966,47.621,38.845,2536,2536,7.3932,22.459,35.739,44.447,56.157,59.816,66.084,60.601,40.524
2537,2537,8.062,22.048,31.209,40.965,54.182,59.89,53.904,55.605,44.005,2537,2537,8.2356,23.806,29.934,38.92,57.685,60.636,51.071,50.319,39.555,2537,2537,3.4737,20.495,27.117,44.507,53.626,59.577,66.119,59.892,41.568
2538,2538,12.738,16.862,22.694,41.458,58.146,60.084,54.577,55.339,42.162,2538,2538,15.119,21.103,33.06,37.782,55.714,60.045,50.861,51.361,39.784,2538,2538,-4.6996,17.179,26.911,44.473,56.324,61.232,64.909,58.956,40.959
2539,2539,7.0806,15.609,28.972,42.904,58.907,59.965,52.716,52.984,43.83,2539,2539,12.892,24.374,28.184,44.964,59.06,59.218,47.461,49.498,39.287,2539,2539,-2.4677,25.426,31.603,48.521,63.444,62.588,62.385,54.987,41.074
2540,2540,10.203,18.349,31.514,38.966,55.746,57.351,51.021,48.884,41.565,2540,2540,21.092,18.335,30.29,39.465,57.084,56.934,48.335,46.987,39.069,2540,2540,7.5036,18.385,35.484,46.058,59.757,60.603,60.1,51.82,39.293
2541,2541,16.515,24.857,32.548,49.681,58.24,58.261,53.395,51.115,43.529,2541,2541,21.601,20.075,32.927,53.395,60.469,59.595,51.454,48.237,38.125,2541,2541,10.998,19.815,32.433,47.604,58.691,60.833,61.01,54.238,40.323
2542,2542,14.014,23.557,31.504,47.474,63.627,67.45,55.134,48.517,41.773,2542,2542,16.955,23.517,32.745,50.691,65.954,67.964,54.188,45.801,38.389,2542,2542,5.513,22.53,32.893,50.172,63.783,66.217,62.813,54.058,39.796
2543,2543,11.626,20.381,31.355,54.87,64.987,66.22,58.025,53.887,44.049,2543,2543,12.173,20.942,37.415,57.394,65.366,65.071,58.106,49.47,39.265,2543,2543,-3.7617,23.352,30.516,49.837,63.858,70.937,66.548,57.103,41.04
2544,2544,5.3878,26.161,35.968,52.358,62.507,68.773,54.812,51.509,44.541,2544,2544,9.7165,26.026,35.953,56.038,62.431,68.876,56.193,49.065,39.779,2544,2544,3.58,24.743,34.55,49.44,60.649,69.404,63.711,54.197,41.68
2545,2545,12.985,23.584,37.129,52.402,65.319,70.434,58.608,51.889,45.303,2545,2545,14.222,24.569,34.677,55.907,66.333,69.613,57.39,49.97,40.575,2545,2545,3.9239,12.299,33.702,48.676,64.405,73.709,67.692,57.02,42.894
2546,2546,10.053,18.206,34.185,54.451,67.861,69.576,60.503,56.791,48.507,2546,2546,8.9689,20.799,35.672,57.739,68.917,69.353,59.908,54.594,43.822,2546,2546,-0.62381,16.801,32.168,51.648,65.064,73.563,70.231,62.633,45.817
2547,2547,10.999,19.828,32.544,52.888,67.229,65.546,59.322,58.685,47.332,2547,2547,10.537,20.808,30.95,56.564,68.769,66.416,59.112,54.502,41.87,2547,2547,-4.292,18.751,35.865,52.806,64.18,70.063,70.142,66.19,45.295
2548,2548,11.734,22.335,27.902,46.95,64.764,68.434,58.019,61.16,49.134,2548,2548,7.4128,21.057,33.164,46.424,64.958,69.006,58.174,58.079,43.73,2548,2548,0.67859,25.236,37.646,52.551,64.065,68.666,67.561,64.94,46.471
2549,2549,3.672,24.325,29.924,45.495,61.747,64.199,58.586,60.828,47.671,2549,2549,4.0816,18.245,33.032,47.344,59.662,64.196,57.685,59.382,44.249,2549,2549,5.5517,21.072,31.884,46.416,59.647,64.144,67.785,63.464,46.017
2550,2550,9.1873,23.352,34.456,44.943,64.867,67.414,61.966,59.311,48.637,2550,2550,5.5803,23.459,32.431,41.822,63.396,67.439,60.307,56.761,43.41,2550,2550,-2.4193,16.641,28.838,46.168,63.367,68.215,70.612,62.93,45.978
2551,2551,10.991,17.346,30.731,43.201,64.226,60.804,64.168,62.967,48.164,2551,2551,9.5447,23.368,34.788,42.748,63.064,59.96,60.682,60.116,44.206,2551,2551,-0.52959,20.839,29.343,47.489,61.717,66.753,72.865,64.967,46.223
2552,2552,7.9422,22.123,33.488,44.33,65.171,66.287,63.342,62.681,48.85,2552,2552,10.58,20.493,30.861,41.309,64.706,65.699,60.336,60.734,44.429,2552,2552,-9.2604,17.914,30.877,48.426,63.19,67.279,71.886,65.302,45.937
2553,2553,5.5466,23.394,31.467,45.665,61.47,62.696,64.549,62.372,47.235,2553,2553,10.202,23.865,26.302,41.897,58.48,62.745,58.851,59.376,43.214,2553,2553,-6.9065,16.09,29.663,46.939,62.858,67.598,72.792,66.802,45.881
2554,2554,10.223,25.404,29.497,44.381,60.67,60.755,62.937,61.33,46.56,2554,2554,9.3162,25.235,33.979,38.853,57.489,61.519,58.717,56.356,42.272,2554,2554,2.6178,19.827,32.045,48.45,61.701,66.746,72.188,66.316,45.005
2555,2555,11.449,23.801,29.877,42.071,57.674,59.174,61.737,55.321,42.333,2555,2555,6.974,22.887,30.409,44.936,55.774,58.465,56.806,54.289,40.648,2555,2555,0.4392,20.413,29.258,49.075,59.472,62.06,69.899,62.817,41.692
2556,2556,9.7235,18.459,30.118,41.205,58.475,56.876,57.435,52.32,43.642,2556,2556,5.7084,17.114,25.184,41.571,56.478,56.171,56.103,50.818,39.649,2556,2556,-2.9219,18.553,34.091,46.322,56.449,61.126,66.072,56.433,39.938
2557,2557,2.7191,24.791,28.255,37.285,54.522,54.779,55.347,51.292,41.287,2557,2557,9.741,22.999,34.522,39.518,52.299,54.526,52.548,48.465,38.182,2557,2557,3.6962,23.834,32.024,42.201,59.113,60.333,64.319,54.814,39.857
2558,2558,7.3081,25.009,28.06,39.099,54.069,59.482,56.743,51.053,43.279,2558,2558,9.4682,21.742,26.584,41.375,54.85,59.398,54.541,48.019,37.953,2558,2558,5.988,22.399,29.024,45.991,57.756,60.99,65.049,54.539,39.078
2559,2559,7.6053,18.384,31.613,35.473,53.255,54.59,53.682,51.671,41.407,2559,2559,14.256,23.289,27.753,40.03,55.333,54.981,49.746,47.754,38.636,2559,2559,2.5328,20.864,30.386,43.09,55.898,59.035,64.952,58.867,40.352
2560,2560,9.0607,17.816,28.06,39.128,54.867,57.37,57.903,54.217,43.389,2560,2560,10.049,22.923,30.81,41.36,55.624,57.705,54.829,49.079,38.683,2560,2560,3.3897,19.065,29.72,40.417,56.307,60.401,68.537,61.314,40.35
2561,2561,12.514,25.339,31.042,45.356,54.179,59.619,55.658,52.368,40.358,2561,2561,5.0045,16.84,31.06,44.973,56.104,59.817,52.995,48.771,38.753,2561,2561,6.7765,20.127,33.111,42.028,57.784,63.591,68.024,60.798,40.385
2562,2562,7.5179,27.438,30.815,44.313,59.854,64.114,57.83,52.595,43.959,2562,2562,9.437,18.011,32.816,44.255,61.076,63.962,56.806,49.246,38.96,2562,2562,0.035673,24.106,34.797,49.864,59.888,65.326,70.099,60.919,41.439
2563,2563,8.2822,21.326,34.662,40.558,58.014,63.129,56.128,52.335,42.192,2563,2563,8.0139,13.925,33.574,43.729,56.657,62.303,53.993,48.739,39.544,2563,2563,-3.5637,16.074,35.127,47.491,58.999,63.75,68.209,58.443,41.054
2564,2564,6.6155,15.023,29.417,42.509,57.826,62.965,54.625,50.927,42.952,2564,2564,7.836,23.879,30.886,41.499,59.023,62.634,50.217,49.04,40.052,2564,2564,-5.2296,15.104,32.797,43.966,57.056,64.705,64.87,55.05,40.855
2565,2565,7.2813,22.414,33.893,41.643,56.136,59.947,53.054,49.912,41.648,2565,2565,10.285,23.543,33.244,41.06,58.283,60.696,50.78,47.793,39.712,2565,2565,-6.5564,19.978,33.107,46.43,60.87,63.971,64.671,54.229,40.878
2566,2566,6.59,22.621,22.521,38.156,55.346,58.604,52.726,47.81,42.737,2566,2566,11.735,22.771,28.364,38.321,53.847,57.265,48.526,46.087,39.231,2566,2566,-4.1121,20.032,30.301,43.591,58.123,62.158,62.537,54.674,39.69
2567,2567,10.136,16.968,29.414,39.346,53.54,57.708,54.316,50.23,41.325,2567,2567,5.4093,20.796,31.418,43.319,54.342,56.913,53.394,47.749,38.317,2567,2567,1.9202,16.682,33.01,46.599,59.549,58.854,65.394,57.506,40.371
2568,2568,-4.3394,23.517,25.5,44.209,54.44,61.221,56.917,59.187,45.257,2568,2568,12.265,16.943,29.885,41.052,57.188,61.29,54.134,56.125,42.642,2568,2568,-0.7264,18.883,29.029,45.054,58.472,60.637,67.785,62.113,42.346
2569,2569,-0.95456,21.062,31.784,42.327,59.297,62.381,61.808,61.055,44.554,2569,2569,5.6702,14.601,32.142,45.48,57.478,61.879,58.506,57.503,43.532,2569,2569,-8.0435,23.363,30.965,46.843,60.119,65.878,70.422,63.467,43.242
2570,2570,3.8426,25.426,31.056,45.435,59.59,63.68,61.906,59.695,46.345,2570,2570,3.7097,23.001,33.738,44.65,58.988,63.318,59.732,55.909,42.829,2570,2570,3.4207,26.016,36.106,44.862,60.217,63.988,73.025,64.833,43.906
2571,2571,-0.89414,22.381,27.438,39.922,58.932,66.396,62.348,59.943,45.045,2571,2571,11.601,21.198,26.557,43.695,57.561,65.535,61.179,56.758,42.811,2571,2571,1.7483,28.412,31.137,45.525,58.97,66.52,72.415,63.44,43.53
2572,2572,8.8803,21.467,31.69,39.988,59.148,63.376,65.29,58.61,45.484,2572,2572,17.544,14.3,30.431,37.623,60.15,63.397,62.421,55.134,41.751,2572,2572,1.5018,23.998,30.743,42.708,58.927,66.273,74.484,65.554,43.971
2573,2573,10.486,22.322,29.928,41.553,60.911,64.168,66.244,58.07,43.159,2573,2573,15.086,27.238,30.167,43.893,58.699,63.026,60.917,56.397,42.095,2573,2573,3.0979,27.707,31.404,40.044,59.418,66.796,74.215,63.74,42.969
2574,2574,7.128,24.121,30.356,42.589,56.774,62.217,69.182,58.684,44.211,2574,2574,11.628,19.03,29.365,39.332,57.956,62.597,61.907,57.879,42.623,2574,2574,1.0067,25.568,28.108,40.787,57.273,69.602,75.849,63.827,43.285
2575,2575,5.5996,18.095,30.057,39.823,56.225,59.478,68.265,58.465,42.469,2575,2575,10.329,20.209,27.91,41.295,59.048,60.472,63.248,55.649,40.561,2575,2575,2.5898,23.348,31.65,44.28,59.797,69.01,74.546,62.842,41.642
2576,2576,1.964,15.996,26.735,37.584,56.879,60.734,66.325,56.084,43.429,2576,2576,14.854,29.875,29.11,37.573,58.083,60.56,61.063,54.918,40.353,2576,2576,3.7958,20.901,30.152,38.624,55.844,68.571,74.204,63.527,42.215
2577,2577,10.134,21.188,28.667,38.489,54.772,64.263,66.687,55.785,41.281,2577,2577,12.554,29.225,31.182,41.232,59.079,64.462,60.339,53.146,38.943,2577,2577,-1.6822,24.605,31.376,40.804,54.331,67.06,73.43,62.502,41.286
2578,2578,8.4684,23.372,30.075,39.497,54.021,58.246,59.703,49.951,42.736,2578,2578,9.2213,21.567,31.182,36.177,55.181,58.313,53.926,48.345,38.184,2578,2578,-2.0045,21.242,26.367,38.778,53.148,63.632,68.137,56.536,39.964
2579,2579,11.362,10.882,30.529,39.866,54.511,60.847,60.322,51.6,40.512,2579,2579,12.539,23.08,31.148,34.449,57.16,63.154,56.976,48.726,37.446,2579,2579,-2.5558,26.775,31.037,40.612,53.322,67.399,68.004,57.126,38.724
2580,2580,12.303,26.465,30.052,39.011,60.071,58.818,54.954,50.299,43.076,2580,2580,16.727,20.894,31.279,40.703,58.935,58.196,50.923,47.472,38.213,2580,2580,-0.4246,26.456,33.367,43.017,57.433,62.683,65.313,55.517,39.713
2581,2581,13.694,27.61,33.76,42.178,55.386,52.995,56.662,51.308,42.046,2581,2581,16.195,23.097,30.968,39.416,55.13,55.562,50.593,47.824,37.796,2581,2581,-3.2091,23.45,27.511,38.084,52.147,60.024,65.01,55.708,40.423
2582,2582,8.5119,27.233,29.417,38.691,56.612,56.644,51.567,49.186,43.052,2582,2582,9.8311,25.367,29.205,44.566,56.155,56.445,48.098,46.476,37.973,2582,2582,-4.8655,19.191,30.577,42.925,52.12,61.902,60.425,53.569,39.461
2583,2583,5.9951,25.755,29.642,38.931,54.938,55.078,57.5,49.629,41.18,2583,2583,11.423,25.18,32.815,40.804,53.295,54.689,51.231,46.411,37.718,2583,2583,-2.1966,15.489,32.576,41.887,55.707,62.726,65.775,56.577,39.965
2584,2584,7.1195,24.441,29.841,41.822,55.508,56.405,47.702,50.347,44.056,2584,2584,1.685,21.555,33.386,41.676,56.728,56.434,46.621,50.067,40.231,2584,2584,3.1627,15.823,32.715,43.124,57.1,60.476,61.26,56.038,41.307
2585,2585,1.2808,25.205,30.521,38.355,54.345,53.992,47.72,49.266,42.305,2585,2585,10.122,23.409,31.885,41.008,56.705,54.468,43.812,48.646,44.221,2585,2585,0.61393,15.95,32.592,42.537,60.129,61.494,59.251,52.96,44.444
2586,2586,7.5587,22.612,29.131,37.691,57.126,58.468,46.778,52.115,43.36,2586,2586,3.7271,24.302,30.836,47.227,60.949,59.033,44.226,47.935,40.207,2586,2586,3.1751,15.69,29.448,45.373,63.955,61.127,59.135,51.505,40.835
2587,2587,13.074,20.045,27.31,41.957,57.17,54.653,49.339,43.119,43.544,2587,2587,6.3014,18.081,31.047,44.103,58.262,54.575,47.769,41.923,38.847,2587,2587,0.34014,13.053,28.405,42.289,60.294,55.733,56.882,47.882,41.333
2588,2588,8.1671,17.243,29.475,41.461,56.741,56.523,46.219,40.321,40.831,2588,2588,9.0733,20.49,30.951,47.336,59.747,55.981,44.569,37.582,38.446,2588,2588,3.8326,18.098,30.236,43.975,62.605,61.196,55.904,46.992,39.999
2589,2589,4.3577,22.01,30.064,42.776,49.455,48.818,34.858,38.582,42.591,2589,2589,8.8766,17.2,28.589,43.343,52.588,49.615,36.067,38.22,37.288,2589,2589,4.7548,14.776,26.973,41.665,52.123,52.912,45.967,38.299,38.965
2590,2590,9.65,27.473,27.708,39.508,50.06,48.912,35.989,37.482,39.817,2590,2590,12.716,21.265,28.314,39.773,50.711,50.044,35.353,36.612,37.337,2590,2590,-2.3156,18.025,32.135,39.938,52.876,50.313,47.418,38.654,38.411
2591,2591,9.4221,24.217,25.665,33.273,47.894,48.757,37.02,39.091,42.566,2591,2591,12.901,21.882,28.99,35.469,49.243,49.795,33.994,37.752,37.082,2591,2591,2.1391,17.194,29.981,38.098,49.186,50.874,47.08,39.179,38.608
2592,2592,1.262,22.166,26.495,36.391,51.583,48.595,37.456,38.637,40.264,2592,2592,5.8141,18.563,29.123,35.269,48.186,46.499,34.581,37.565,36.302,2592,2592,-0.79455,23.699,30.278,36.664,49.708,50.879,49.072,41.654,38.381
2593,2593,9.2037,19.541,30.569,39.963,46.875,48.454,39.926,40.233,42.98,2593,2593,11.522,20.987,27.985,36.217,48.426,45.479,37.509,37.835,37.452,2593,2593,-5.7924,26.072,27.929,37.83,52.57,51.298,50.985,43.772,38.518
2594,2594,8.3704,25.116,28.412,35.943,47.744,48.515,42.261,40.362,41.22,2594,2594,6.4272,15.994,28.214,40.189,48.633,46.552,38.039,38.121,36.688,2594,2594,-11.292,19.888,31.322,41.051,51.299,50.572,51.951,42.909,38.612
2595,2595,5.3802,23.526,28.674,35.692,49.649,49.43,41.826,41.009,42.565,2595,2595,10.387,23.194,27.113,35.938,48.834,48.535,37.225,39.379,37.105,2595,2595,-0.47652,25.991,30.458,37.141,48.594,52.47,50.764,41.989,39.184
2596,2596,9.3839,28.585,27.792,34.69,48.998,51.223,47.096,46.054,40.687,2596,2596,15.6,23.825,28.899,36.098,50.909,52.697,42.55,44.483,37.164,2596,2596,2.3953,25.053,29.801,35.926,52.374,54.41,56.678,49.898,38.625
2597,2597,6.266,24.275,30.16,36.007,49.036,48.404,39.125,38.748,42.543,2597,2597,14.694,27.96,31.135,36.48,50.701,49.38,34.559,36.739,36.691,2597,2597,-1.0792,25.506,28.251,37.888,48.544,52.08,47.682,41.446,38.275
2598,2598,3.7006,23.581,27.121,37.008,48.105,48.77,37.611,38.6,40.194,2598,2598,12.42,22.599,27.691,36.471,49.978,49.216,34.953,36.381,36.857,2598,2598,2.0013,26.436,33.712,38.635,45.854,52.276,47.894,39.299,37.891
2599,2599,3.2176,24.929,32.089,35.463,45.509,45.267,38.367,39.982,42.963,2599,2599,12.047,28.301,32.411,34.712,47.981,46.23,34.418,38.526,37.177,2599,2599,1.522,27.496,29.049,36.934,51.394,51.314,47.703,41.579,38.229
2600,2600,9.6904,23.944,34.944,40.979,49.832,52.237,44.628,39.123,40.097,2600,2600,16.259,27.816,35.854,41.394,52.06,50.458,42.364,37.901,36.224,2600,2600,-7.6191,27.053,32.416,40.273,51.038,54.681,53.822,43.91,37.808
2601,2601,10.151,26.67,30.277,35.58,51.236,55.649,46.694,40.516,42.758,2601,2601,13.148,25.082,31.287,38.59,53.601,56.017,45.988,38.309,37.244,2601,2601,-3.2932,29.714,31.205,38.221,51.584,57.336,55.713,46.593,38.752
2602,2602,4.9937,24.022,32.994,31.672,49.37,48.729,43.25,42.246,41.536,2602,2602,13.607,28.83,29.791,34.569,49.277,49.352,41.098,42.022,37.314,2602,2602,0.87188,22.408,32.154,40.591,54.618,57.173,54.368,47.003,38.928
2603,2603,11.954,25.238,30.215,36.852,52.005,57.862,46.392,44.015,42.904,2603,2603,16.58,25.644,30.925,35.095,52.866,57.733,45.597,42.662,37.552,2603,2603,4.4003,23.138,31.068,39.364,54.463,61.496,58.795,48.834,38.315
2604,2604,9.4588,23.395,29.027,36.329,53.385,57.491,48.527,49.373,42.67,2604,2604,10.836,25.012,28.523,36.999,54.373,58.381,45.549,50.511,39.219,2604,2604,2.2146,20.744,30.553,42.194,58.255,62.874,59.395,54.308,40.544
2605,2605,3.8405,23.973,30.956,48.026,64.736,63.912,53.802,49.126,45.286,2605,2605,3.2964,23.486,32.177,44.932,65.132,64.346,54.759,50.795,39.99,2605,2605,2.595,21.321,27.894,45.591,62.587,65.347,64.083,54.001,41.892
2606,2606,7.7305,21.43,30.785,48.275,65.43,69.102,58.285,51.66,45.945,2606,2606,7.3089,23.181,34.123,45.737,66.021,69.048,59.014,51.872,40.747,2606,2606,-3.6602,27.412,34.671,46.131,68.067,71.699,67.759,56.858,43.041
2607,2607,4.0778,25.209,32.527,43.786,71.487,70.012,59.06,52.699,47.287,2607,2607,8.7097,22.165,33.131,46.514,73.538,69.995,60.837,51.839,41.101,2607,2607,-0.49664,20.03,33.109,45.453,63.633,70.588,68.714,57.858,44.088
2608,2608,-0.024066,25.161,29.416,53.446,70.563,70.249,62.006,54.229,47.636,2608,2608,7.0032,21.793,31.617,56.823,71.598,70.43,60.625,52.217,41.826,2608,2608,-4.7912,16.986,29.842,47.462,67.965,71.353,70.575,58.277,45.457
2609,2609,4.1935,22.168,35.406,54.158,70.755,74.364,62.193,54.84,48.569,2609,2609,14.33,27.474,36.947,56.674,71.49,74.502,61.801,52.649,42.403,2609,2609,-6.357,24.17,31.984,51.221,66.733,74.554,71.91,59.756,45.765
2610,2610,5.3998,20.732,34.863,51.347,70.638,71.275,58.814,53.243,47.058,2610,2610,7.0396,23.026,36.89,57.405,70.324,71.311,60.288,52.671,42.201,2610,2610,0.73087,21.303,34.673,54.664,69.62,70.738,68.985,58.81,44.979
2611,2611,9.7304,16.059,32.892,56.754,69.604,70.12,58.631,49.291,45.642,2611,2611,6.7916,20.777,35.486,61.373,72.092,70.687,57.374,49.566,40.227,2611,2611,5.5871,21.735,36.675,55.753,67.113,69.48,66.811,55.637,41.946
2612,2612,5.2577,24.575,32.387,49.503,64.182,65.038,54.123,50.364,42.18,2612,2612,5.4811,25.57,33.195,55.651,64.123,64.881,54.082,49.752,38.924,2612,2612,0.42173,19.495,26.112,54.548,65.571,67.77,64.06,55.765,40.225
2613,2613,3.0528,22.651,35.417,52.064,61.987,67.434,53.749,47.096,43.906,2613,2613,5.9017,26.43,33.615,51.841,62.138,67.361,53.244,46.81,38.568,2613,2613,-3.3566,22.806,28.353,50.733,61.483,65.518,61.288,52.089,39.991
2614,2614,9.3665,19.202,32.325,50.469,63.704,65.618,54.919,47.187,43.122,2614,2614,9.0522,24.931,26.335,54.236,65.303,65.172,50.685,47.878,38.415,2614,2614,-6.9292,23.94,33.526,48.133,65.109,66.518,61.029,52.46,40.315
2615,2615,9.9754,23.197,34.599,53.252,63.644,65.048,58.115,51.597,44.341,2615,2615,16.448,21.635,35.206,59.433,65.36,65.5,58.443,50.035,39.487,2615,2615,1.8295,23.864,35.547,48.119,65.443,70.194,66.116,55.988,41.406
2616,2616,9.87,21.159,32.884,51.344,64.111,69.289,56.459,50.58,42.583,2616,2616,9.2255,20.018,37.101,55.064,66.602,69.922,57.768,48.735,39.131,2616,2616,4.5956,19.491,34.318,51.756,64.286,71.354,66.09,55.374,40.507
2617,2617,3.0382,24.278,34.641,58.98,66.149,70.862,58.124,53.429,45.942,2617,2617,14.526,21.373,35.962,60.848,68.348,71.398,59.182,51.754,41.562,2617,2617,-0.87396,22.863,34.556,54.327,64,71.822,66.987,56.721,43.395
2618,2618,-1.3285,22.528,35.555,55.815,65.287,70.804,60.067,55.254,47.134,2618,2618,10.682,25.479,36.641,58.418,69.489,71.658,60.14,53.909,43.577,2618,2618,-12.01,25.572,32.044,53.171,66.692,74.63,69.794,60.907,45.043
2619,2619,1.4193,21.406,30.769,55.251,64.101,64.514,59.976,56.867,47.03,2619,2619,5.3685,19.686,33.448,58.606,66.749,65.72,59.995,53.319,41.785,2619,2619,-5.1881,26.869,28.94,54.379,63.825,72.409,69.828,64.342,44.594
2620,2620,5.5075,17.56,28.841,51.3,64.258,63.635,58.502,58.642,45.537,2620,2620,7.7842,21.426,28.138,54.834,65.306,64.333,56.491,53.823,41.374,2620,2620,-6.3403,23.882,33.923,53.761,63.862,68.729,68.841,65.104,44.13
2621,2621,0.39911,24.026,30.891,46.218,59.076,60.414,56.868,59.137,46.975,2621,2621,7.9308,26.316,34.868,45.925,59.357,61.939,56.438,54.469,41.632,2621,2621,6.4476,20.045,31.306,47.797,61.232,65.623,67.202,65.794,44.797
2622,2622,4.222,23.251,30.505,39.314,61.892,63.812,59.91,56.883,44.706,2622,2622,11.057,23.006,30.991,39.747,59.633,63.587,59.053,54.387,40.519,2622,2622,1.9063,21.505,34.431,43.569,60.904,63.495,68.918,62.519,43.216
2623,2623,7.5502,17.236,27.109,41.044,61.555,65.985,63.64,57.424,45.066,2623,2623,14.474,19.534,33.165,42.141,60.214,65.403,60.646,54.369,40.153,2623,2623,7.0193,25.576,35.421,44.145,60.622,66.751,71.741,65.065,43.219
2624,2624,0.57794,20.208,35.801,40.948,62.392,62.113,64.21,57.604,43.552,2624,2624,6.6453,22.865,32.896,42.951,59.296,60.869,60.603,55.239,39.954,2624,2624,1.7138,28.675,36.277,44.963,59.111,64.876,73.209,65.973,43.638
2625,2625,11.288,22.473,32.306,41.95,59.148,60.959,63.649,59.451,45.429,2625,2625,11.141,21.335,29.446,41.991,60.793,61.164,59.977,56.943,40.977,2625,2625,2.0478,27.422,37.14,37.972,56.99,66.552,73.733,66.888,44.553
2626,2626,10.713,24.083,34.985,42.852,62.179,64.209,65.042,60.104,44.264,2626,2626,13.044,15.453,34.669,45.207,63.273,65.763,62.159,55.844,40.838,2626,2626,4.8205,25.215,42.927,46.172,63.148,67.992,76.201,69.181,45.938
2627,2627,2.4147,23.379,30.2,44.043,61.549,61.913,62.543,58.249,44.961,2627,2627,6.3576,23.693,32.555,41.381,63.139,63.511,60.532,55.111,40.733,2627,2627,5.7709,24.398,30.566,47.254,61.236,65.292,72.342,65.767,43.732
2628,2628,5.8384,23.075,29.717,42.037,58.972,55.864,60.35,58.18,42.739,2628,2628,12.029,23.028,29.809,39.609,58.417,56.899,59.635,54.41,40.178,2628,2628,0.55658,25.973,31.273,38.786,56.479,63.589,71.451,64.802,42.95
2629,2629,-1.5751,22.24,29.117,39.619,56.901,57.786,57.321,53.275,42.87,2629,2629,18.796,17.667,32.677,39.947,60.266,62.311,55.037,52.023,39.489,2629,2629,-0.26127,25.828,28.917,44.807,59.964,61.641,67.355,59.905,40.553
2630,2630,11.027,18.52,33.191,36.218,52.484,53.961,54.193,51.179,41.874,2630,2630,23.034,27.63,32.99,40.702,55.198,56.183,52.291,50.104,38.232,2630,2630,1.5674,21.633,28.921,42.951,54.844,57.74,64.106,55.683,39.467
2631,2631,10.194,19.329,26.656,40.557,56.284,60.27,54.344,52.144,39.698,2631,2631,14.607,23.765,34.042,43.549,57.446,58.718,51.325,47.453,37.63,2631,2631,-1.4944,23.571,29.902,44.861,57.836,59.417,63.226,57.281,38.935
2632,2632,10.155,14.22,25.271,40.172,54.376,56.511,54.485,53.32,42.669,2632,2632,11.979,23.111,30.862,43.976,57.782,56.722,52.831,48.508,38.289,2632,2632,2.7282,21.723,29.878,46.672,60.341,60.106,63.042,57.223,38.762
2633,2633,4.8818,19.752,27.321,40.021,55.397,59.563,53.22,54.17,40.105,2633,2633,14.253,22.493,29.923,43.637,57.444,59.153,50.571,49.059,38.153,2633,2633,7.8142,17.002,27.774,42.548,58.342,61.212,61.378,57.272,39.72
2634,2634,5.3774,23.784,31.417,39.926,53.258,57.553,53.562,50.72,42.563,2634,2634,14.93,17.425,30.702,42.105,57.033,56.847,48.851,47.691,37.572,2634,2634,10.109,18.822,30.169,43.657,59.54,58.435,62.02,54.474,39.135
2635,2635,1.6496,20.285,24.752,36.292,50.93,52.146,52.697,50.034,39.573,2635,2635,14.894,23.691,31.406,40.669,52.299,51.204,49.358,46.677,37.336,2635,2635,3.4099,17.314,31.848,42.326,54.378,58.444,60.885,52.915,38.046
2636,2636,8.3904,15.257,33.341,40.444,52.221,53.282,47.032,46.103,42.356,2636,2636,11.966,23.066,29.682,40.155,52.463,53.443,44.913,43.275,37.269,2636,2636,-0.69519,18.321,28.274,43.583,56.992,54.987,56.783,47.847,38.506
2637,2637,7.1075,20.68,28.438,38.225,50.499,52.818,46.8,44.398,39.945,2637,2637,11.48,20.865,24.84,39.566,49.396,51.583,45.014,41.317,36.67,2637,2637,-2.8007,26.249,32.568,40.008,53.911,52.591,53.73,45.763,37.609
2638,2638,7.252,22.382,29.455,38.277,50.633,49.234,46.441,41.578,41.96,2638,2638,5.9178,19.702,26.47,40.06,51.149,48.153,40.481,40.571,36.312,2638,2638,2.7477,21.793,23.346,39.214,48.924,49.746,59.599,49.832,38.203
2639,2639,7.3663,21.461,31.722,35.445,47.106,49.872,51.895,43.591,39.27,2639,2639,6.4129,23.796,25.969,39.349,49.688,50.465,47.255,41.162,37.297,2639,2639,-0.092812,17.079,29.47,38.033,48.708,52.782,60.822,49.427,37.756
2640,2640,-6.1916,24.556,31.113,37.867,52.788,54.763,52.46,44.529,42.029,2640,2640,5.7546,23.899,30.372,38.959,51.169,54.13,47.686,40.563,37.776,2640,2640,-5.7753,11.785,31.365,39.777,53.481,60.349,62.767,54.33,39.063
2641,2641,0.5771,24.393,33.04,38.129,53.225,59.004,54.165,47.315,39.243,2641,2641,9.1246,23.392,33.434,36.889,51.504,58.742,48.486,42.553,36.934,2641,2641,2.6108,22.646,26.996,38.07,53.086,58.751,66.982,59.55,39.501
2642,2642,-0.21335,21.662,27.447,37.737,53.141,58.011,56.223,52.519,42.635,2642,2642,6.9616,26.449,32.095,43.404,54.14,58.298,49.877,45.527,37.672,2642,2642,2.3198,22.533,31.301,38.757,52.364,60.02,68.75,62.443,40.69
2643,2643,2.1745,22.173,30.76,39.933,55.137,59.366,54.487,53.316,39.549,2643,2643,9.1227,24.378,31.216,40.119,52.118,58.488,49.43,47.4,37.579,2643,2643,0.5286,26.717,29.303,39.644,52.18,59.25,66.942,61.705,40.462
2644,2644,5.6375,24.423,27.417,33.628,58.912,56.859,52.77,51.536,42.509,2644,2644,15.475,25.295,29.376,39.368,57.564,56.778,47.897,44.427,37.55,2644,2644,-4.0917,21.125,33.437,40.397,51.802,58.106,66.168,60.745,39.913
2645,2645,12.295,16.987,32.016,39.019,51.24,51.046,48.58,50.731,40.32,2645,2645,11.681,18.562,26.663,40.149,53.63,53.304,44.611,47.42,37.02,2645,2645,5.7242,23.717,31.661,39.055,53.661,56.715,60.657,54.587,39.075
2646,2646,8.3423,26.788,28.91,38.955,53.516,54.111,47.407,47.549,42.495,2646,2646,9.966,24.929,25.515,41.819,51.558,52.545,43.832,43.138,36.732,2646,2646,5.2924,24.065,26.966,42.258,54.685,56.355,58.091,51.259,38.528
2647,2647,4.4918,22.83,32.03,38.086,52.215,52.702,44.459,46.361,38.923,2647,2647,-1.1142,14.115,28.764,36.915,52.588,53.555,40.868,43.154,36.275,2647,2647,-5.8738,26.218,27.539,37.701,52.682,56.3,56.805,51.363,37.501
2648,2648,7.0255,20.103,29.033,38.414,49.418,52.156,43.075,42.419,42.576,2648,2648,4.7664,18.329,27.111,41.887,47.118,51.26,38.447,40.22,36.934,2648,2648,1.4972,19.487,27.308,37.863,44.886,54.458,54.618,47,38.656
2649,2649,5.1334,17.127,31.661,36.261,49.232,52.11,40.328,41.859,38.706,2649,2649,5.3063,23.065,26.512,36.747,46.749,51.415,39.25,38.997,35.994,2649,2649,1.5595,24.052,27.965,39.643,47.4,52.686,51.737,45.424,37.05
2650,2650,10.052,22.681,29.799,37.63,48.163,51.059,42.04,40.608,42.864,2650,2650,15.816,25.712,29.089,41.584,48.26,51.045,38.581,39.749,36.383,2650,2650,4.0983,22.071,30.56,39.544,49.338,52.997,52.46,44.536,37.202
2651,2651,18.478,18.232,32.47,37.683,47.187,47.696,40.436,38.303,39.685,2651,2651,23.307,23.398,33.915,40.718,48.32,47.652,38.217,36.988,36.608,2651,2651,5.2787,22.254,28.765,38.709,47.38,52.167,51.057,43.844,37.597
2652,2652,15.227,19.03,30.151,37.618,47.302,45.066,40.981,38.929,42.257,2652,2652,18.959,18.032,28.47,35.665,46.41,44.88,37.25,36.645,36.771,2652,2652,5.6016,18.288,30.229,38.15,46.782,50.679,49.488,43.624,37.718
2653,2653,12.136,20.796,28.047,38.578,46.604,46.282,38.034,38.084,38.996,2653,2653,11.928,17.155,31.999,40.092,46.365,46.299,35.356,36.094,35.732,2653,2653,0.74036,21.734,31.133,40.263,48.878,50.153,49.436,43.772,37.004
2654,2654,7.7096,24.377,27.587,35.372,46.077,48.615,41.271,39.53,42.243,2654,2654,9.2958,24.764,30.284,38.055,44.742,47.394,37.72,37.902,36.72,2654,2654,-2.0315,15.701,24.579,34.891,49.169,50.415,51.237,44.747,37.654
2655,2655,7.7007,22.713,27.993,34.059,43.481,46.524,40.243,38.699,40.024,2655,2655,9.9101,24.825,29.97,35.638,44.359,45.655,37.315,37.552,36.279,2655,2655,-0.070315,23.016,28.123,38.928,45.329,51.044,50.378,43.97,37.29
2656,2656,6.4786,22.747,25.35,36.514,44.563,44.382,38.897,38.529,42.608,2656,2656,7.8138,23.964,25.176,35.603,46.733,43.787,36.606,35.795,35.996,2656,2656,4.3783,20.52,28.254,36.35,50.102,49.582,49.246,42.927,37.77
2657,2657,2.5844,25.342,28.642,37.709,46.708,43.995,38.227,37.111,38.339,2657,2657,5.7321,12.441,27.799,39.024,49.974,44.711,34.344,35.612,35.7,2657,2657,-0.41957,20.675,28.586,38.688,49.002,48.727,48.857,41.911,36.757
2658,2658,5.7254,18.584,27.798,39.916,46.014,45.973,38.12,38.238,41.699,2658,2658,4.6766,18.647,30.095,41.189,48.335,45.898,34.13,36.28,36.679,2658,2658,-10.196,21.802,29.194,40.236,46.944,49.716,48.812,42.939,37.728
2659,2659,2.7611,18.602,33.282,35.935,44.96,42.371,38.724,38.007,38.217,2659,2659,8.8441,17.093,30.536,39.355,48.752,44.418,35.309,36.717,35.951,2659,2659,2.395,22.292,29.659,39.877,48.663,48.972,47.92,42.484,37.155
2660,2660,10.67,19.076,27.583,38.981,44.594,42.724,37.895,38.096,41.954,2660,2660,7.1421,17.516,26.769,40.5,45.23,41.513,31.671,36.754,36.417,2660,2660,1.4649,26.893,31.506,40.383,46.692,49.279,48.842,43.668,37.872
2661,2661,3.4181,26.616,29.38,36.25,43.854,42.049,34.143,35.763,38.198,2661,2661,5.6383,12.192,29.022,40.275,44.192,42.205,32.717,36.868,36.049,2661,2661,9.5139,20.327,29.671,39.537,45.237,47.561,46.56,42.413,36.953
2662,2662,6.4001,26.223,25.381,37.586,45.311,49.388,36.078,37.61,41.421,2662,2662,12.283,19.246,28.99,37.714,44.522,49.66,34.36,36.61,35.759,2662,2662,2.3983,18.995,27.549,38.054,46.253,51.84,47.124,43.582,36.776
2663,2663,12.866,23.148,32.449,39.4,46.189,51.968,37.132,38.158,38.42,2663,2663,9.2172,23.178,25.631,39.176,46.192,51.691,34.122,36.549,35.989,2663,2663,-2.4514,23.692,32.922,35.211,49.988,51.274,48.686,45.488,36.559
2664,2664,8.0132,22.444,30.798,40.225,42.686,50.763,36.927,37.873,41.622,2664,2664,11.353,18.676,29.435,40.077,44.048,51.164,34.75,36.886,36.587,2664,2664,0.87565,20.827,30.046,36.068,45.314,50.938,48.798,44.533,38.329
2665,2665,0.23992,25.607,28.819,37.653,42.127,51.537,36.237,35.211,38.038,2665,2665,3.6289,19.511,28.079,38.554,44.065,51.35,34.111,34.898,35.993,2665,2665,-7.4884,19.205,29.805,38.815,44.179,47.587,49.496,44.182,36.637
2666,2666,8.9729,21.619,29.928,40.343,43.969,52.259,36.543,37.812,41.536,2666,2666,8.2855,17.993,30.281,39.936,44.118,51.999,33.602,36.061,36.466,2666,2666,-4.0554,22.681,27.835,40.508,45.102,50.805,49.681,45.192,37.432
2667,2667,9.3713,24.844,30.481,36.946,46.494,48.872,36.327,37.428,38.647,2667,2667,8.4001,14.279,32.085,39.707,46.17,48.265,33.81,35.826,36.352,2667,2667,5.5062,22.405,26.838,41.009,49.487,50.801,49.388,43.223,37.643
2668,2668,8.6928,25.884,30.001,40.297,47.352,49.205,36.976,37.693,41.474,2668,2668,7.3785,11.965,21.922,38.949,45.418,49.272,33.79,36.213,36.511,2668,2668,5.3612,23.189,30.301,43.04,46.773,50.034,50.023,43.699,37.513
2669,2669,10.666,16.508,29.968,40.315,42.442,49.773,36.137,36.91,38.416,2669,2669,-2.434,19.87,28.338,32.486,43.515,49.397,33.293,35.65,35.693,2669,2669,-0.24914,25.469,30.225,42.571,46.25,50.68,49.599,43.537,37.016
2670,2670,10.05,18.153,30.147,40.828,44.308,50.942,36.369,36.844,41.905,2670,2670,10.382,22.944,29.174,37.72,45.032,50.428,33.439,35.014,36.258,2670,2670,0.21071,26.581,33.07,43.705,47.868,50.233,48.441,42.608,37.351
2671,2671,-1.0049,23.224,27.502,40.922,43.665,51.464,37.139,36.294,39.026,2671,2671,11.128,21.898,27.952,40.276,43.9,51.012,33.278,36.703,36.2,2671,2671,3.3255,24.968,32.426,42.647,45.648,52.261,48.897,43.34,36.914
2672,2672,6.2147,13.147,27.739,39.167,42.909,49.76,36.409,36.776,38.96,2672,2672,8.3106,21.472,27.704,41.855,44.295,49.374,34.526,36.602,36.144,2672,2672,0.22573,20.713,32.791,41.917,45.793,52.491,49.441,43.253,36.924
2673,2673,1.0179,17.387,29.398,38.743,44.808,50.823,37.338,37.716,41.259,2673,2673,3.1552,20.128,30.928,39.504,45.911,50.696,34.528,35.826,36.26,2673,2673,0.81458,22.483,33.102,40.324,45.504,54.733,49.775,42.672,36.876
2674,2674,7.2738,13.635,23.724,38.09,46.233,50.34,37.578,37.033,38.225,2674,2674,5.9862,22.267,31.185,38.06,46.654,50.177,35.637,36.128,35.905,2674,2674,1.2766,19.481,31.923,35.233,45.806,55.153,50.83,44.174,36.967
2675,2675,2.5111,20.442,29.043,39.282,46.687,51.7,38.651,37.771,41.847,2675,2675,3.8423,23.617,30.224,37.631,46.454,51.489,37.258,36.513,36.459,2675,2675,0.24023,21.864,33.457,38.204,43.865,55.362,52.381,43.654,37.868
2676,2676,0.70797,20.81,26.211,36.338,45.728,52.914,36.784,35.812,38.147,2676,2676,7.5176,22.243,27.388,41.906,45.525,52.426,34.582,36.576,35.736,2676,2676,5.6056,22.024,33.303,41.18,47.222,53.975,49.358,41.982,37.38
2677,2677,-1.9783,21.344,26.753,34.453,47.379,50.57,39.054,38.801,41.962,2677,2677,9.9795,19.419,31.495,38.054,47.101,50.743,36.732,36.642,36.752,2677,2677,3.1561,19.613,28.566,41.093,48.329,52.942,52.36,44.147,37.645
2678,2678,5.5482,14.653,28.076,38.561,46.982,51.631,39.064,37.849,38.593,2678,2678,1.5432,20.101,27.42,38.187,47.646,52.109,36.153,36.048,36.734,2678,2678,5.4778,21.314,33.492,41.063,47.935,53.451,52.475,43.054,36.67
2679,2679,6.51,24.849,27.077,37.625,46.521,53.159,39.127,39.354,42.518,2679,2679,9.8696,15.914,32.029,39.059,47.476,52.875,37.598,38.288,36.615,2679,2679,-1.7786,21.357,29.003,39.54,47.544,52.919,51.987,42.95,37.389
2680,2680,13.291,24.55,27.593,38.819,46.836,52.237,38.228,38.546,39.576,2680,2680,13.957,16.169,31.093,40.002,47.538,52.084,35.716,36.812,35.89,2680,2680,-3.1611,20.29,30.634,41.697,45.156,52.482,51.212,42.435,36.657
2681,2681,4.7707,21.883,29.959,40.077,45.137,50.739,37.507,39.685,41.764,2681,2681,9.6447,18.307,28.283,37.744,46.124,50.922,34.858,37.913,36.905,2681,2681,-1.4735,17.573,29.56,44.165,50.454,50.702,50.218,43.49,37.24
2682,2682,5.751,19.596,26.173,41.722,46.015,51.844,36.524,38.382,39.25,2682,2682,7.7168,19.407,25.058,39.975,48.053,51.875,34.634,35.494,35.793,2682,2682,4.8526,19.851,30.645,38.323,46.28,49.784,48.656,42.042,37.134
2683,2683,3.4338,14.584,25.818,39.038,47.13,51.176,36.185,39.06,41.7,2683,2683,4.4232,19.824,31.025,39.245,46.682,51.38,33.511,37.014,36.306,2683,2683,-1.3448,20.396,27.956,38.359,50.957,51.817,48.797,42.943,37.211
2684,2684,8.8892,16.734,29.021,40.559,46.67,50.903,37.783,38.653,38.086,2684,2684,13.889,21.647,30.743,36.653,48.317,51.089,35.373,36.203,36.296,2684,2684,-2.0563,17.018,26.805,35.493,49.739,52.239,50.3,44.006,36.776
2685,2685,0.36914,26.861,30.456,34.885,45.891,53.151,38.726,39.23,42.697,2685,2685,12.576,23.067,27.736,35.351,47.751,53.061,36.128,38.867,36.656,2685,2685,-3.0068,18.166,30.406,37.789,51.972,53.08,49.661,44.356,37.666
2686,2686,5.6747,28.165,31.483,37.737,45.228,52.114,39.769,39.095,38.68,2686,2686,7.2061,20.523,25.827,36.522,49.407,52.079,36.607,37.944,36.264,2686,2686,-1.3339,16.618,26.583,36.75,49.533,51.884,50.799,44.486,37.444
2687,2687,8.6584,22.849,27.294,36.701,50.267,51.657,39.585,39.24,42.615,2687,2687,2.8178,21.846,24.539,38.103,48.11,50.717,38.008,38.798,36.527,2687,2687,-0.45885,21.704,25.724,38.444,48.906,51.789,51.131,43.859,38.791
2688,2688,10.221,25.477,28.237,37.651,48.706,53.799,39.585,39.145,40.344,2688,2688,1.2441,26.765,26.836,36.031,48.918,54.11,37.303,38.05,36.619,2688,2688,-3.3714,16.495,28.121,33.692,47.662,53.222,48.827,43.582,37.352
2689,2689,6.0515,20.495,29.444,35.396,50.927,50.717,39.117,39.873,42.145,2689,2689,9.1093,14.563,31.669,37.635,50.464,51.557,39.095,38.249,37.387,2689,2689,0.14821,14.035,27.173,38.597,51.396,53.027,49.59,45.145,38.007
2690,2690,13.274,19.466,26.54,34.796,52.187,54.458,39.774,40.862,39.884,2690,2690,16.482,17.827,30.845,41.874,51.543,53.614,39.136,39.029,36.161,2690,2690,7.7246,11.097,27.215,39.125,51.184,53.078,50.253,45.802,37.267
2691,2691,9.8331,19.107,24.542,36.162,51.047,52.153,38.145,39.922,42.409,2691,2691,13.205,24.357,29.984,40.013,49.025,51.501,35.289,36.969,36.766,2691,2691,0.71998,18.236,27.016,40.973,51.488,52.318,49.906,45.91,38.072
2692,2692,7.9341,27.024,28.164,40.852,53.473,53.654,37.426,38.454,38.601,2692,2692,5.9991,18.072,26.215,39.886,53.182,53.339,34.452,36.691,35.867,2692,2692,6.1764,16.028,28.721,45.344,57.21,50.96,48.822,42.869,37.821
2693,2693,6.268,18.025,28.007,35.305,48.514,51.756,35.996,38.209,42.491,2693,2693,9.7818,18.523,28.259,37.492,48.592,51.966,33.644,35.479,36.346,2693,2693,5.4372,17.752,28.37,37.199,52.698,51.771,47.35,40.788,37.335
2694,2694,10.184,25.556,31.364,36.563,43.405,48.875,34.994,35.942,39.763,2694,2694,9.7202,19.435,28.897,38.447,42.435,48.812,32.343,33.96,36.473,2694,2694,1.7995,20.398,27.859,34.143,46.484,51.32,45.448,37.871,37.917
2695,2695,14.809,22.314,25.913,34.299,43.303,52.106,35.833,36.784,42.679,2695,2695,17.627,19.281,27.313,36.969,43.762,52.104,33.333,34.369,37.426,2695,2695,4.0609,18.301,22.747,31.387,42.316,51.228,45.628,38.127,37.69
2696,2696,13.299,21.704,28.193,34.049,43.483,50.329,34.885,35.151,39.602,2696,2696,15.138,20.057,25.022,32.807,44.804,50.179,31.998,33.27,35.517,2696,2696,-7.9203,8.2988,25.471,36.111,44.837,50.675,45.476,37.716,36.421
2697,2697,2.5761,18.118,30.006,36.073,40.533,43.969,34.3,36.443,42.221,2697,2697,5.9333,21.55,29.341,36.789,44.36,44.536,30.393,35.63,36.512,2697,2697,-3.7197,17.224,29.31,35.067,41.011,49.664,44.78,37.513,37.116
2698,2698,4.3812,20.538,26.728,35.771,41.215,42.186,33.826,35.409,39.673,2698,2698,6.1135,22.128,25.141,38.847,41.757,42.499,30.728,34.152,36.079,2698,2698,3.2191,14.791,28.633,34.104,43.694,47.875,44.949,38.472,37.428
2699,2699,13.814,19.407,31.36,36.316,42.155,43.816,34.713,36.44,42.485,2699,2699,20.168,18.531,30.609,35.239,43.259,44.949,30.969,34.043,36.638,2699,2699,4.5774,17.214,29.364,35.817,42.918,47.447,45.879,39.247,38.663
2700,2700,10.111,20.888,28.115,40.73,42.471,42.287,33.947,35.779,38.556,2700,2700,16.463,14.828,31.099,40.811,45.166,43.021,30.304,34.028,36.127,2700,2700,6.3386,19.373,29.685,34.325,41.301,47.481,45.007,38.049,36.977
2701,2701,5.6322,23.937,28.133,35.902,39.295,40.348,34.772,36.212,41.84,2701,2701,11.054,21.724,31.868,38.877,41.141,40.285,30.368,34.96,35.787,2701,2701,-8.8697,24.163,31.72,32.165,38.34,47.447,44.94,38.617,37.032
2702,2702,11.322,18.202,31.179,39.182,42.98,44.585,32.272,35.56,38.513,2702,2702,18.46,20.974,31.111,43.009,43.825,44.153,30.123,34.539,35.807,2702,2702,-3.7591,19.151,21.719,33.521,40.722,47.621,44.68,38.418,36.756
2703,2703,12.212,22,30.291,34.728,40.488,37.552,33.515,37.14,41.467,2703,2703,11.097,18.693,30.952,37.187,42.327,38.904,30.74,34.664,35.996,2703,2703,1.9714,16.184,30.286,37.965,42.093,47.07,44.826,37.94,37.281
2704,2704,7.5556,19.597,32.51,39.898,41.003,40.938,33.898,36.128,37.753,2704,2704,11.431,21.781,30.882,38.74,43.121,41.102,30.268,34.318,35.69,2704,2704,0.68871,19.052,26.914,36.463,42.644,47.65,45.395,38.786,37.043
2705,2705,9.3633,19.195,30.17,37.698,41.214,39.791,34.656,35.916,41.776,2705,2705,1.059,21.36,31.929,38.102,40.353,39.999,30.452,33.827,36.446,2705,2705,-2.5783,20.167,30.673,36.791,42.876,49.993,46.948,38.783,36.92
2706,2706,11.782,23.898,28.27,35.347,41.724,40.658,32.651,35.216,38.271,2706,2706,13.899,25.305,30.744,37.147,43.66,41.727,30.23,33.06,36.151,2706,2706,1.6375,18.2,29.273,36.077,42.962,46.983,43.667,36.998,36.407
2707,2707,15.022,23.154,25.367,33.423,42.857,43.635,33.847,35.665,41.315,2707,2707,17.75,24.27,33.356,37.011,44.825,43.817,29.665,34.105,36.304,2707,2707,-2.1103,21.863,30.928,38.185,43.793,48.235,44.482,36.501,36.963
2708,2708,14.538,23.775,30.501,36.31,38.236,39.738,32.555,35.082,38.158,2708,2708,18.014,12.4,33.651,36.009,38.773,38.795,30.62,34.026,35.437,2708,2708,1.8449,23.584,29.206,34.579,39.286,48.002,44.162,36.336,36.866
2709,2709,7.2514,25.703,23.497,34.219,44.716,44.619,34.65,36.094,41.614,2709,2709,2.8127,15.383,30.173,35.164,44.254,43.862,31.359,33.694,36.005,2709,2709,-0.46896,24.196,28.465,36.934,45.282,50.795,45.607,37.084,37.629
2710,2710,12.103,20.67,27.085,34.718,43.994,46.883,34.736,34.798,38.406,2710,2710,5.3119,17.846,28.371,37.288,42.552,46.206,30.377,33.726,35.988,2710,2710,1.4065,20.206,28.585,35.289,43.172,49.919,44.405,36.954,37.018
2711,2711,7.6599,22.045,32.066,36.62,40.578,41.507,32.176,35.179,41.286,2711,2711,6.6469,24.759,35.268,36.925,41.543,40.394,28.573,32.018,36.006,2711,2711,1.1096,23.002,30.461,32.373,41.298,48.979,44.448,37.166,37.077
2712,2712,8.6972,18.324,28.395,34.046,42.471,45.009,33.667,36.2,39.006,2712,2712,10.303,25.663,28.039,38.413,41.983,44.14,31.082,35.499,36.355,2712,2712,5.0145,16.638,27.332,33.823,42.83,49.126,44.501,37.132,37.325
2713,2713,9.6488,21.86,27.859,38.296,42.234,45.022,33.981,35.089,41.399,2713,2713,10.828,25.374,30.632,39.557,41.888,45.457,30.5,33.988,36.827,2713,2713,4.525,20.682,30.444,34.829,41.294,47.988,43.84,36.246,37.688
2714,2714,4.5573,22.22,27.404,36.196,41.389,42.02,33.621,35.498,38.734,2714,2714,11.225,23.497,30.704,38.884,44.32,42.343,29.31,33.658,35.561,2714,2714,-0.8002,17.83,31.767,38.13,42.416,47.024,43.244,35.857,36.786
2715,2715,2.0663,20.597,27.242,37.139,44.585,40.467,32.453,33.941,37.897,2715,2715,11.964,18.503,28.493,33.529,43.715,40.157,30.653,33.609,36.131,2715,2715,0.45579,14.837,27.85,36.41,46.063,45.638,43.909,37.581,36.908
2716,2716,4.4295,19.455,31.597,33.258,42.262,44.097,32.196,35.497,40.53,2716,2716,13.412,17.819,29.68,34.791,42.069,44.39,29.627,33.886,36.023,2716,2716,0.73844,20.993,29.426,36.342,43.221,49.288,43.995,35.741,37.628
2717,2717,-2.1555,15.126,31.394,35.309,42.293,42.201,33.334,33.83,38.074,2717,2717,7.8911,18.772,25.686,35.502,44.77,42.434,30.718,32.659,36.537,2717,2717,-0.83005,23.732,27.217,36.206,43.641,48.76,44.598,37.653,37.143
2718,2718,8.1973,21.926,27.004,35.222,43.423,41.849,33.992,36.469,41.384,2718,2718,10.866,16.366,29.187,34.206,43.58,42.705,31.076,33.78,36.289,2718,2718,-4.2496,18.524,27.255,37.618,45.881,50.083,45.818,37.582,37.646
2719,2719,1.9229,20.596,28.313,37.962,44.713,44.684,34.01,35.333,38.08,2719,2719,9.1983,16.806,29.58,36.892,46.941,44.916,31.504,33.679,35.706,2719,2719,0.33837,17.371,30.621,40.18,45.781,49.625,45.265,36.897,37.294
2720,2720,-6.239,9.6131,29.606,32.659,45.073,44.153,35.466,37.616,41.266,2720,2720,-1.4028,22.962,28.972,34.17,45.608,43.66,31.483,34.169,35.989,2720,2720,1.333,24.746,32.856,36.615,47.895,48.829,45.202,37.61,38.033
2721,2721,5.6498,17.865,33.29,34.791,44.512,43.517,34.257,37.43,38.222,2721,2721,11.393,19.553,27.769,36.601,44.95,42.14,30.553,37.902,35.985,2721,2721,-4.113,25.178,27.909,37.369,45.918,49.112,45.788,38.382,37.182
2722,2722,5.4593,20.087,32.979,35.745,42.318,39.477,35.027,38.001,42.185,2722,2722,11.497,22.985,30.55,35.213,43.125,39.574,29.089,35.914,37.178,2722,2722,1.7462,21.897,27.53,34.421,43.881,47.289,43.802,36.979,37.789
2723,2723,12.165,21.696,30.973,33.21,43.291,42.012,33.76,35.661,39.743,2723,2723,11.865,20.005,30.317,35.222,42.158,40.399,31.416,34.78,35.907,2723,2723,-4.1201,16.8,26.472,34.547,42.507,47.093,45.228,37.75,36.757
2724,2724,5.8286,25.338,33.098,37.243,40.923,43.148,35.928,36.034,41.799,2724,2724,3.1522,21.436,28.624,34.062,43.091,41.929,32.467,34.069,36.37,2724,2724,-7.7617,15.895,26.018,35.375,41.154,49.646,47.637,39.802,37.81
2725,2725,6.378,16.58,32.136,37.681,43.518,43.463,36.046,39.389,40.033,2725,2725,7.6912,14.288,34.507,37.21,43.674,43.668,32.554,38.435,36.805,2725,2725,3.1373,16.646,28.055,36.938,46.968,50.301,46.702,38.811,37.392
2726,2726,8.8749,21.518,30.866,38.43,45.472,44.925,35.493,39.082,43.084,2726,2726,13.809,23.89,32.811,35.169,46.467,46.422,33.494,38.615,37.845,2726,2726,-2.9802,13.398,27.857,33.949,44.563,47.866,47.637,40.104,38.61
2727,2727,10.657,19.494,29.523,39.696,43.523,46.215,38.421,38.976,39.057,2727,2727,17.436,20.86,31.593,36.777,44.244,45.782,35.039,38.478,37.158,2727,2727,1.4107,19.553,32.445,40.623,47.25,50.634,48.232,41.421,38.709
2728,2728,15.236,20.836,28.889,39.784,50.934,49.859,40.677,38.345,42.088,2728,2728,18.196,19.75,29.476,36.833,54.425,51.415,36.167,36.979,36.741,2728,2728,3.0382,19.095,28.768,36.617,54.6,55.438,48.411,39.609,37.936
2729,2729,14.582,24.233,27.606,35.785,49.628,49.188,38.441,38.395,38.965,2729,2729,17.887,19.454,29.969,37.175,50.771,49.779,35.329,36.174,36.202,2729,2729,-0.4578,21.6,31.789,39.008,56.465,52.421,47.61,39.272,37.642
2730,2730,12.486,18.55,30.593,37.769,46.278,47.513,39.74,39.183,42.093,2730,2730,14.158,26.42,34.295,37.679,47.509,46.892,34.904,37.891,36.666,2730,2730,3.505,17.658,31.876,36.277,52.688,51.023,48.86,40.709,37.112
2731,2731,9.1635,27.951,31.63,37.835,45.071,42.992,35.642,42.157,39.78,2731,2731,13.639,22.357,32.414,40.046,47.106,44.959,31.81,40.277,36.556,2731,2731,0.41064,22.599,33.569,37.78,48.677,49.709,45.625,40.113,36.811
2732,2732,3.1193,19,33.676,41.361,44.808,43.926,33.868,37.885,42.212,2732,2732,7.602,23.348,32.573,40.06,43.64,42.835,29.671,36.389,36.777,2732,2732,-1.8677,19.341,31.636,39.824,46.817,48.91,45.388,38.867,36.971
2733,2733,6.9417,21.651,34.012,39.891,43.951,43.083,35.252,48.964,40.526,2733,2733,4.7842,21.244,32.965,42.616,44.968,41.607,31.239,47.485,38.112,2733,2733,-3.7265,16.36,27.717,40.185,47.08,48.277,45.769,41.766,38.161
2734,2734,6.1657,14.668,29.558,43.266,44.012,45.248,35.227,47.426,41.818,2734,2734,7.1128,14.989,32.59,40.885,47.105,45.587,31.391,45.741,36.957,2734,2734,-0.21543,18.854,32.587,41.045,48.416,48.875,46.193,42.37,37.656
2735,2735,9.9673,19.841,29.64,39.927,43.562,41.531,34.527,46.116,38.587,2735,2735,13.401,20.264,28.524,36.255,40.896,39.843,31.211,42.296,36.38,2735,2735,1.8619,17.517,30.375,38.401,47.254,48.155,45.976,40.378,37.621
2736,2736,15.588,27.707,30.735,39.817,41.043,40,36.053,37.33,42.231,2736,2736,12.845,16.281,28.75,41.414,44.236,42.291,31.002,35.834,36.283,2736,2736,-5.5672,17.343,31.591,36.805,45.513,48.463,46.243,38.843,37.37
2737,2737,13.813,22.07,32.834,37.126,39.69,37.218,34.977,37.542,38.146,2737,2737,14.624,20.971,31.205,38.253,42.292,38.659,31.173,35.779,35.632,2737,2737,-3.6053,19.801,29.201,39.359,44.684,46.293,46.27,39.569,37.27
2738,2738,6.6906,22.083,25.019,37.917,41.663,42.527,34.529,38.109,42.102,2738,2738,8.4486,19.896,32.778,39.102,43.692,41.824,30.767,34.423,36.026,2738,2738,2.8576,16.802,28.872,37.453,47.435,48.81,45.892,39.937,37.491
2739,2739,16.136,18.274,33.171,40.203,43.067,40.788,35.637,39.681,39.574,2739,2739,16.461,23.098,33.35,37.701,45.467,42.696,31.701,36.411,36.497,2739,2739,0.19545,17.354,32.472,35.677,50.015,50.487,47.157,40.561,37.179
2740,2740,12.355,26.41,29.075,47.687,49.233,44.843,36.158,38.82,41.872,2740,2740,15.591,19.183,31.828,47.447,49.544,44.365,32.794,36.478,36.16,2740,2740,-1.4528,21.39,30.967,36.338,48.74,48.825,46.884,39.689,37.493
2741,2741,15.318,26.383,34.284,42.392,47.96,45.002,34.585,37.354,39.856,2741,2741,5.581,23.895,31.255,46.527,50.516,44.622,32.163,35.016,36.068,2741,2741,-3.4597,15.57,28.234,40.847,43.677,48.105,45.46,39.666,37.681
2742,2742,13.446,27.559,32.333,48.467,49.464,47.92,38.379,38.749,42.387,2742,2742,8.7463,25.151,31.708,50.024,49.502,47.136,36.037,36.18,36.947,2742,2742,5.8518,22.087,33.024,42.815,47.898,49.939,46.776,39.691,37.784
2743,2743,14.457,17.432,31.841,47.852,49.83,50.477,37.948,38.221,38.845,2743,2743,12.944,19.569,28.723,46.128,49.651,51.531,34.749,35.849,36.197,2743,2743,2.1841,20.762,32.128,37.5,46.301,51.944,47.939,40.091,36.689
2744,2744,15.925,20.699,33.418,47.448,47.748,46.893,38.506,40.637,42.477,2744,2744,13.226,20.877,34.53,48.097,48.494,47.741,36.764,39.565,36.853,2744,2744,-8.3838,16.946,33.586,37.225,43.804,51.334,46.25,41.592,37.651
2745,2745,9.5907,23.468,34.473,54.497,54.551,53.572,43.281,48.497,40.513,2745,2745,14.599,24.734,34.268,53.658,53.2,52.738,41.67,44.999,37.522,2745,2745,-5.0143,19.202,31.632,43.565,46.54,51.753,48.017,43.234,38.13
2746,2746,16.321,27.383,34.86,52.47,51.787,53.201,41.794,43.776,41.565,2746,2746,13.776,21.906,34.089,54.547,55.483,52.903,40.084,42.685,37.266,2746,2746,-11.757,19.927,34.121,44.873,49.772,52.198,47.395,42.056,37.899
2747,2747,15.214,20.854,33.12,51.016,52.042,52.754,42.456,39.168,39.412,2747,2747,18.334,15.973,34.943,50.088,53.153,53.434,38.889,38.431,36.772,2747,2747,-2.1703,22.388,33.716,42.199,49.989,54.205,50.995,43.048,37.983
2748,2748,9.9667,23.825,33.22,43.788,48.852,49.508,41.631,40.066,41.418,2748,2748,11.662,19.158,29.856,45.85,49.687,49.062,38.538,39.035,36.774,2748,2748,-0.67959,20.813,31.969,40.392,53.821,54.264,50.263,42.775,37.286
2749,2749,12.632,22.698,29.623,46.147,52.153,52.057,39.425,39.473,39.106,2749,2749,9.6106,26.817,28.111,45.904,51.777,52.285,37.706,37.504,35.869,2749,2749,5.101,21.989,30.468,39.811,47.482,51.301,46.582,42.373,37.575
2750,2750,10.134,20.94,33.639,50.156,50.486,52.768,40.369,41.794,41.952,2750,2750,9.8617,26.17,30.948,51.584,50.534,51.586,37.196,40.74,36.391,2750,2750,4.7784,13.835,29.024,40.461,46.074,50.135,50.351,45.468,37.383
2751,2751,11.693,19.4,32.829,47.536,50.605,53.993,39.323,40.224,38.793,2751,2751,13.767,20.404,34.414,47.866,49.924,53.447,37.7,39.596,36.04,2751,2751,7.7865,14.392,32.842,41.766,49.053,53.621,51.192,45.058,37.522
2752,2752,16.596,18.822,29.85,45.538,49.91,52.155,42.969,41.685,41.826,2752,2752,15.048,16.039,30.435,47.769,50.657,52.152,39.373,40.78,36.873,2752,2752,5.7013,22.301,34.941,43.708,51.059,51.446,52.817,44.418,37.724
2753,2753,11.09,25.286,31.358,44.296,50.139,53.717,41.814,44.212,38.982,2753,2753,11.541,18.304,30.391,48.845,52.152,53.974,38.594,42.469,36.579,2753,2753,-0.7907,24.632,30.451,44.74,51.88,51.728,49.747,42.543,37.545
2754,2754,14.44,22.085,33.289,48.064,52.241,54.606,40.21,42.923,42.141,2754,2754,11.804,20.854,26.638,47.566,53.844,54.779,37.916,42.19,37.137,2754,2754,-2.2165,25.518,28.373,41.368,52.048,52.728,49.124,42.429,38.265
2755,2755,17.268,23.987,33.385,47.02,49.09,52.099,39.532,40.855,39.157,2755,2755,6.1824,23.875,31.311,48.483,52.559,52.923,37.463,38.413,37.246,2755,2755,-4.9248,20.903,32.093,42.529,53.576,50.406,49.405,42.199,37.646
2756,2756,13.313,24.462,22.646,43.271,49.74,52.727,39.763,38.726,41.808,2756,2756,5.3638,22.953,30.888,41.085,50.016,52.846,37.175,36.885,37.177,2756,2756,-3.6663,21.942,34.496,40.632,53.459,52.179,47.529,39.387,38.342
2757,2757,17.356,25.13,30.403,44.575,49.865,53.166,38.092,43.234,43.271,2757,2757,5.6197,27.701,27.371,41.509,48.834,52.422,36.23,40.953,36.894,2757,2757,-2.1489,22.055,30.155,45.815,51.291,51.45,46.598,41.387,37.837
2758,2758,12.405,14.028,32.167,43.096,49.74,53.532,39.068,42.36,43.512,2758,2758,5.5465,23.645,32.76,42.662,48.494,53.225,37.921,40.371,37.56,2758,2758,1.9263,13.035,27.345,45.656,48.775,49.944,45.47,41.12,38.507
2759,2759,10.279,19.99,32.072,45.543,48.933,52.13,39.839,42.492,41.477,2759,2759,11.706,22.584,33.663,45.987,48.942,51.354,37.812,38.628,36.583,2759,2759,-0.99291,21.391,28.055,38.914,46.848,49.774,44.285,39.97,38.424
2760,2760,11.649,22.96,26.859,44.314,49.592,52.804,39.473,37.8,38.182,2760,2760,7.907,23.838,30.219,43.317,48.318,53.063,37.203,36.047,35.79,2760,2760,5.9377,18.063,27.866,37.701,44.341,49.661,46.473,39.897,37.967
2761,2761,13.372,20.499,33.603,41.563,48.145,52.696,36.132,38.235,41.913,2761,2761,11.74,21.14,34.22,45.443,48.919,52.287,33.545,37.197,37.124,2761,2761,2.6721,17.684,32.491,36.342,46.959,50.532,45.77,39.599,38.154
2762,2762,11.789,22.143,30.326,37.939,46.423,51.462,36.377,40.406,38.688,2762,2762,9.8446,21.906,32.567,41.71,46.132,51.385,33.993,37.057,36.262,2762,2762,3.4661,11.387,29.694,38.191,47.862,52.402,45.869,39.165,37.143
2763,2763,12.841,25.229,30.076,39.151,46.761,54.515,37.215,38.642,41.642,2763,2763,16.016,14.321,29.209,39.649,47.379,54.643,34.995,36.613,36.505,2763,2763,0.7904,17.44,28.589,37.181,46.785,50.8,44.915,38.29,37.027
2764,2764,0.81103,22.25,37.231,48.863,51.08,52.464,36.463,38.83,38.086,2764,2764,12.68,19.511,34.674,45.65,48.355,52.255,35.116,36.826,35.958,2764,2764,1.7353,17.513,28.581,38.326,45.811,50.533,44.815,38.832,37.216
2765,2765,6.2272,13.853,28.247,47.881,49.614,54.64,38.053,42.489,42.547,2765,2765,9.4822,23.463,34.487,50.42,50.633,54.566,35.476,39.736,36.415,2765,2765,1.4739,21.485,27.578,38.772,46.572,52.131,46.435,40.871,37.539
2766,2766,8.5096,23.263,33.128,47.209,47.652,51.541,37.544,45.619,38.813,2766,2766,10.234,20.58,36.53,51.394,50.804,51.607,35.05,42.507,36.539,2766,2766,-0.41416,19.369,29.397,40.289,46.953,49.629,45.377,41.717,37.218
2767,2767,7.1157,25.965,32.128,47.514,51.226,53.483,37.838,42.445,42.198,2767,2767,7.7029,24.795,34.683,51.03,52.719,53.503,35.133,39.841,36.506,2767,2767,-0.61196,19.439,29.79,42.606,47.158,51.261,47.054,41.582,37.696
2768,2768,2.5035,17.873,33.331,44.578,49.583,54.759,36.812,36.863,38.066,2768,2768,8.1899,18.133,31.086,43.302,49.39,54.873,35.975,36.444,36.201,2768,2768,0.56526,21.196,30.158,36.276,44.038,51.751,46.497,40.072,37.443
2769,2769,7.1428,27.234,35.25,45.145,48.015,53.097,37.784,38.529,42.677,2769,2769,13.843,17.977,34.525,44.862,49.592,53.013,35.167,35.808,37.747,2769,2769,-6.5151,24.409,31.042,39.826,45.118,51.897,45.282,39.084,38.432
2770,2770,8.446,18.904,29.856,35.216,47.755,55.472,36.375,38.004,39.196,2770,2770,4.6005,22.4,32.26,37.534,47.918,55.458,34.921,37.011,35.778,2770,2770,-3.9738,20.201,28.842,35.766,44.334,50.85,44.138,39.095,37.731
2771,2771,3.4775,21.081,34.612,42.024,46.342,54.012,36.147,43.244,42.596,2771,2771,6.8846,21.209,28.945,40.291,47.664,53.488,34.26,39.062,36.772,2771,2771,0.097728,23.528,33.229,37.385,48.399,51.084,45.543,39.278,37.218
2772,2772,11.6,22.6,34.21,41.327,47.81,54.477,36.79,42.229,39.523,2772,2772,-5.9432,15.142,34.483,40.984,46.332,54.284,33.995,38.029,36.174,2772,2772,5.4882,23.618,30.534,36.847,46.606,52.097,45.323,38.643,36.903
2773,2773,9.1875,21.328,34.64,39.449,46.705,54.522,36.925,41.642,41.933,2773,2773,4.436,15.853,33.219,37.531,47.459,54.205,35.255,39.531,36.956,2773,2773,-0.20061,25.823,28.192,37.498,43.928,52.427,46.87,40.348,37.454
2774,2774,4.324,23.469,34.609,48.564,49.3,55.777,37.942,37.645,38.242,2774,2774,11.278,21.678,31.693,47.608,48.953,55.494,37.308,36.315,36.277,2774,2774,-0.1018,19.201,30.768,40.377,45.862,50.699,45.504,38.583,37.342
2775,2775,10.114,24.903,34.037,49.482,50.035,54.639,39.072,39.623,42.434,2775,2775,15.453,19.378,34.452,51.349,51.49,54.491,36.687,36.699,36.774,2775,2775,2.1963,23.257,28.38,42.886,47.184,52.592,45.792,39.099,37.298
2776,2776,14.663,29.663,34.068,48.757,48.814,54.766,38.698,38.057,39.344,2776,2776,13.017,20.355,34.582,49.904,48.555,54.328,37.248,36.336,36.489,2776,2776,-2.1771,18.43,28.35,41.148,45.823,51.579,43.759,37.124,36.827
2777,2777,15.437,23.041,37.094,44.774,47.957,54.171,38.335,38.299,41.736,2777,2777,12.552,24.331,34.435,43.693,48.685,53.985,37.095,35.532,36.673,2777,2777,-1.3559,22.977,31.124,37.384,45.639,51.644,45.546,38.202,37.391
2778,2778,7.622,19.684,31.932,44.783,44.63,48.412,35.776,37.824,39.223,2778,2778,5.7264,26.018,30.393,46.91,47.02,48.121,32.929,35.87,36.028,2778,2778,-2.9475,20.867,28.559,36.541,45.001,49.037,46.012,38.208,37.564
2779,2779,6.1631,23.484,35.139,42.179,44.185,41.055,35.494,37.161,42.754,2779,2779,9.4647,18.938,34.534,43.247,44.642,39.591,31.606,34,36.732,2779,2779,-4.284,25.038,32.845,38.503,45.486,46.984,44.652,39.252,37.608
2780,2780,9.5872,25.449,33.484,43.085,45.192,38.213,34.175,36.621,38.109,2780,2780,10.175,23.41,30.279,45.425,46.631,37.61,30.441,35.186,35.266,2780,2780,-8.9717,14.051,32.639,40.076,45.405,47.445,45.301,37.643,36.826
2781,2781,11.054,23.522,32.821,38.98,43.162,42.839,35.025,36.573,42.376,2781,2781,12.722,19.325,35.449,40.703,44.524,43.852,30.885,33.991,36.247,2781,2781,-5.6308,20.728,31.428,36.443,46.467,48.574,45.434,38.49,37.628
2782,2782,7.1113,23.936,35.094,41.058,42.267,43.898,34.01,36.39,39.639,2782,2782,7.5861,19.648,28.188,40.093,42.558,43.453,32.467,35.622,35.602,2782,2782,3.3366,20.011,32.715,36.618,43.679,46.88,44.713,38.412,37.257
2783,2783,9.8596,20.51,38.644,39.369,43.005,41.727,34.859,36.007,42.739,2783,2783,9.7316,25.59,35.088,42.452,43.845,41.357,30.858,34.908,37.042,2783,2783,-1.5435,19.666,33.613,37.305,43.634,47.279,44.807,38.822,37.455
2784,2784,11.171,26.279,37.261,40.966,46.278,41.614,34.508,36.955,39.774,2784,2784,11.331,22.057,32.827,40.01,45.168,41.886,31.31,34.9,36.06,2784,2784,2.6309,23.871,31.969,37.422,43.283,46.249,45.723,38.1,37.123
2785,2785,12.908,25.161,29.941,42.437,43.214,40.447,34.753,37.272,42.126,2785,2785,14.466,26.101,37.997,44.273,45.539,40.251,31.762,35.109,37.108,2785,2785,-1.1845,22.422,33.528,39.592,43.272,47.946,46.652,39.121,36.716
2786,2786,9.0904,24.063,31.884,38.613,45.167,42.281,34.276,36.448,38.631,2786,2786,14.3,24.389,37.554,40.275,45.049,43.734,31.409,35.405,35.901,2786,2786,2.1533,22.865,34.263,38.19,45.262,49.044,46.248,39.14,37.335
2787,2787,11.173,25.709,29.161,41.736,48.908,44.143,35.218,37.19,42.001,2787,2787,10.381,25.23,32.42,44.974,48.022,43.678,31.825,35.605,36.383,2787,2787,-5.1695,25.395,37.94,37.915,48.641,47.624,47.375,40.675,38.321
2788,2788,17.438,19.567,28.911,37.151,44.052,42.499,36.199,37.459,38.84,2788,2788,20.241,17.821,32.239,39.113,45.683,42.227,32.63,35.954,35.989,2788,2788,0.056367,17.473,26.443,37.141,47.492,46.624,47.249,40.051,37.59
2789,2789,15.939,26.657,34.707,36.971,42.615,40.831,35.904,37.878,41.818,2789,2789,17.369,27.524,30.034,40.426,46.391,41.351,32.834,35.366,36.137,2789,2789,0.72065,22.117,33.528,34.918,44.28,47.198,47.88,40.082,37.579
2790,2790,14.285,22.217,36.275,40.754,42.441,41.711,37.468,35.865,38.476,2790,2790,16.482,14.66,31.315,37.965,43.834,42.399,33.301,34.008,36.631,2790,2790,2.8196,25.306,37.667,35.569,42.782,48.843,51.915,44.936,37.739
2791,2791,9.8185,18.461,28.9,39.266,44.734,44.316,38.744,37.881,41.947,2791,2791,9.0766,21.372,33.464,43.299,48.232,43.929,35.09,35.674,36.701,2791,2791,1.5068,21.346,32.953,37.635,44.797,49.448,51.16,42.027,36.907
2792,2792,12.494,20.379,30.532,45.972,47.059,45.925,39.427,39.265,38.264,2792,2792,11.421,19.292,36.35,46.988,46.803,46.896,36.486,36.869,35.769,2792,2792,-3.7455,14.299,35.058,40.682,46.336,49.462,53.438,45.765,37.045
2793,2793,15.263,28.097,25.379,39.665,46.929,49.629,42.637,41.552,41.991,2793,2793,16.091,19.321,38.469,40.973,49.557,51.173,39.131,37.882,36.945,2793,2793,-5.3397,22.834,34.739,39.887,48.836,54.936,54.042,46.292,38.121
2794,2794,9.7731,22.563,30.036,44.341,50.175,51.986,40.27,40.579,38.757,2794,2794,17.17,23.694,38.596,45.593,50.658,51.261,37.712,35.756,35.765,2794,2794,-3.1119,19.308,33.028,35.361,47.189,51.457,51.939,45.88,36.494
2795,2795,7.5709,21.585,35.284,41.073,49.963,51.22,43.552,43.853,42.184,2795,2795,12.952,24.194,38.081,43.862,50.554,49.161,40.321,40.148,37.272,2795,2795,-2.9653,14.986,32.841,38.231,47.229,52.037,53.873,47.549,38.154
2796,2796,3.9326,21.903,36.396,37.716,48.176,47.567,40.251,41.165,38.256,2796,2796,15.066,20.153,37.195,38.749,47.017,47.75,37.722,37.548,36.659,2796,2796,1.1435,19.65,27.122,38.406,47.874,50.079,53.672,47.661,37.776
2797,2797,5.9708,21.686,37.073,39.129,50.462,53.805,48.508,45.238,42.581,2797,2797,18.296,26.236,37.902,40.5,47.752,51.94,41.615,40.558,38.251,2797,2797,0.20459,18.283,33.95,38.256,48.229,55.949,58.481,50.467,39.28
2798,2798,13.33,19.663,36.036,38.034,47.307,47.146,43.45,42.543,38.645,2798,2798,16.492,19.927,38.306,38.236,46.708,46.704,39.286,38.525,36.837,2798,2798,1.9255,16.439,31.957,37.789,48.838,57.512,55.262,47.525,37.387
2799,2799,12.719,19.194,33.321,43.747,48.018,50.795,41.587,43.043,40.606,2799,2799,13.291,21.287,29.586,41.608,48.084,50.54,36.745,40.602,36.697,2799,2799,2.88,15.459,32.209,41.733,49.799,57.661,53.467,47.58,37.773
2800,2800,12.749,19.788,35.568,43.114,49.302,51.575,39.951,42.37,39.949,2800,2800,4.1482,21.889,33.941,41.92,48.841,50.181,36.802,40.391,36.43,2800,2800,1.1309,20.76,35.869,44.269,49.638,52.955,52.673,47.16,38.334
2801,2801,7.6314,16.29,32.391,42.43,50.55,52.006,40.797,42.294,38.347,2801,2801,5.4576,20.813,33.867,42.653,49.865,50.081,38.12,40.959,36.014,2801,2801,-2.7921,23.342,38.743,37.92,52.366,53.015,52.966,46.212,37.276
2802,2802,8.0374,22.269,31.88,34.687,50.971,52.664,42.009,44.137,41.804,2802,2802,13.757,24.016,33.714,39.848,51.858,52.48,38.763,44.004,37.066,2802,2802,-0.68484,20.454,37.446,40.597,51.805,51.732,56.249,49.214,38.662
2803,2803,9.1038,19.927,29.283,40.413,47.941,48.592,46.431,43.748,39.695,2803,2803,17.306,21.923,33.64,42.46,49.51,48.208,41.128,42.767,37.279,2803,2803,-8.4906,19.189,33.671,38.151,51.192,54.934,56.54,48.641,38.294
2804,2804,6.9732,19.759,31.342,37.945,50.015,51.087,42.351,43.697,42.589,2804,2804,12.245,19,33.287,39.49,48.939,50.951,37.25,40.777,37.145,2804,2804,-7.9441,20.372,33.053,40.043,45.854,52.175,54.285,47.856,38.159
2805,2805,3.2594,21.374,34.185,37.436,48.782,48.741,42.11,43.267,38.856,2805,2805,9.572,17.226,39.088,41.126,47.12,48.78,37.113,40.561,36.758,2805,2805,-4.3564,24.501,34.758,40.491,48.048,52.41,54.533,47.508,37.781
2806,2806,9.3557,21.071,32.577,38.65,47.772,49.338,46.18,44.728,42.522,2806,2806,12.018,18.876,37.294,38.151,48.212,48.651,41.559,41.426,37.285,2806,2806,-1.5327,24.561,37.385,38.196,49.131,52.573,60.232,50.658,38.155
2807,2807,8.4304,23.795,30.86,40.013,51.824,50.895,51.187,46.624,39.332,2807,2807,7.7396,12.946,31.11,36.765,50.117,51.836,47.278,42.996,36.863,2807,2807,0.087678,18.291,31.923,39.71,50.093,57.431,61.973,52.587,38.41
2808,2808,14.981,23.864,29.321,38.808,53.501,59.283,53.64,52.402,42.612,2808,2808,11.812,14.834,32.208,37.305,54.89,60.018,49.162,47.907,37.556,2808,2808,1.7565,23.411,35.241,40.521,49.767,60.35,65.278,59.667,39.024
2809,2809,3.7334,23.473,35.153,37.785,54.816,61.312,53.358,48.697,39.358,2809,2809,9.5919,23.914,32.067,40.779,55.479,60.763,48.722,44.199,36.426,2809,2809,4.2483,15.965,36.401,39.306,52.388,59.712,63.793,54.076,38.167
2810,2810,9.6468,19.798,32.506,40.131,57.077,62.795,58.825,56.361,43.097,2810,2810,14.594,18.907,34.862,40.535,59.276,63.87,52.481,49.625,37.428,2810,2810,4.2221,20.297,36.66,40.355,56.891,66.169,69.895,64.414,41.397
2811,2811,11.899,22.636,34.36,43.872,59.041,63.715,54.789,49,39.31,2811,2811,14.716,20.993,34.741,39.537,60.064,64.16,51.149,45.59,38.477,2811,2811,7.9409,25.065,37.432,40.6,54.277,61.85,63.641,55.014,39.697
2812,2812,11.438,27.576,37.112,44.578,53.432,57.58,55.024,47.185,43.211,2812,2812,12.013,22.245,34.24,45.245,56.496,58.337,50.607,46.07,38.003,2812,2812,2.8378,22.824,32.503,41.862,53.279,63.138,64.134,51.244,39.236
2813,2813,5.9293,23.61,30.681,47.904,57.796,60.095,53.29,48.512,40.746,2813,2813,12.23,26.049,36.154,46.557,56.009,59.511,49.704,46.632,38.205,2813,2813,-3.5925,14.316,35.666,42.503,53.446,61.806,64.379,55.159,39.398
2814,2814,10.892,17.193,29.834,48.363,56.548,58.233,51.625,48.583,42.936,2814,2814,11.582,24.845,34.157,48.446,54.013,56.788,46.908,45.87,39.518,2814,2814,-1.2291,14.084,38.657,40.209,55.079,61.221,61.33,54.473,39.822
2815,2815,10.885,23.537,37.074,52.005,53.281,52.61,50.29,49.975,41.046,2815,2815,7.9363,20.886,32.053,51.885,51.611,51.668,47.945,47.869,38.28,2815,2815,2.9313,13.928,37.498,42.055,53.148,56.147,59.786,53.927,39.222
2816,2816,14.91,22.565,36.658,52.335,54.631,54.867,53.194,59.611,44.471,2816,2816,9.7535,22.031,38.869,53.441,54.671,54.104,51.234,55.922,41.675,2816,2816,7.9333,21.21,34.585,43.818,55.047,55.85,63.39,59.451,40.879
2817,2817,13.746,23.719,30.943,45.72,56.217,62.756,60.423,58.023,42.85,2817,2817,11.801,21.957,39.665,46.025,58.361,62.667,56.915,54.515,42.291,2817,2817,9.1679,18.639,30.397,41.862,59.536,64.398,68.039,60.509,42.426
2818,2818,8.2779,20.471,32.045,42.241,54.935,60.202,62.138,60.985,45.577,2818,2818,7.0116,19.598,42.662,47.486,55.934,60.227,59.365,56.572,43.035,2818,2818,6.0722,21.751,36.556,43.74,59.066,63.361,70.725,64.342,43.35
2819,2819,8.5203,23.107,33.215,42.461,54.503,61.663,62.385,61.189,44.786,2819,2819,10.548,17.152,37.179,46.079,55.195,60.122,60.358,57.72,43.243,2819,2819,1.6108,15.491,36.569,43.015,58.233,62.798,72.073,66.01,43.827
2820,2820,12.887,25.347,36.44,43.691,54.483,58.629,66.155,59.125,45.019,2820,2820,11.218,24.003,34.139,42.919,56.236,58.803,61.718,56.484,42.327,2820,2820,-3.0956,14.697,32.561,40.579,58.169,63.368,73.138,64.551,43.39
2821,2821,15.483,20.414,35.188,43.08,56.817,60.29,65.714,57.78,43.503,2821,2821,10.717,25.348,40.592,45.094,59.46,59.196,60.826,55.675,41.554,2821,2821,2.2817,19.048,34.611,41.616,58.469,65.616,73.828,65.096,43.351
2822,2822,5.8508,22.076,36.75,40.26,56.133,63.864,66.365,58.596,44.446,2822,2822,9.9101,21.647,41.156,42.993,59.655,63.882,59.823,57.562,42.377,2822,2822,-5.0274,13.826,35.979,42.918,55.933,65.272,73.568,65.36,43.401
2823,2823,8.0503,22.95,37.909,40.85,55.422,63.056,68.688,59.331,43.53,2823,2823,12.551,26.452,40.616,40.699,55.47,62.875,62.485,57.318,42.64,2823,2823,1.8017,20.29,39.383,42.355,55.164,67.419,76.113,66.154,44.162
2824,2824,3.7258,24.837,40.016,42.286,56.205,64.533,66.243,56.772,44.294,2824,2824,10.356,26.491,38.31,38.133,56.536,64.186,60.885,55.107,41.16,2824,2824,3.6282,20.269,43.023,43.186,55.042,64.809,73.33,63.365,42.622
2825,2825,1.7785,21.574,42.845,42.02,52.267,62.435,60.097,52.569,42.141,2825,2825,8.2361,21.122,35.541,40.15,52.722,61.924,59.335,49.665,38.232,2825,2825,6.9862,23.8,41.588,41.864,53.173,68.351,69.634,59,40.485
2826,2826,7.684,25.917,42.287,41.113,52.111,60.195,60.456,52.285,43.564,2826,2826,6.9642,16.437,34.963,41.75,51.786,59.858,56.921,48.853,38.869,2826,2826,-0.66189,16.634,40.602,41.998,51.691,65.614,69.408,59.649,40.264
2827,2827,6.4762,20.554,39.396,41.706,55.989,60.669,56.366,50.852,41.324,2827,2827,7.4992,20.584,39.278,43.71,58.01,61.158,53.359,47.797,37.925,2827,2827,1.0387,25.645,41.772,44.208,55.467,66.719,66.436,57.079,39.96
2828,2828,2.0007,22.141,32.11,40.912,55.157,58.39,54.97,51.552,43.555,2828,2828,9.1538,21.737,40.516,43.707,55.202,58.757,52.406,48.312,38.425,2828,2828,2.5926,23.08,40.039,39.974,50.911,66.35,65.599,57.092,40.758
2829,2829,10.751,25.901,27.597,37.537,54.759,59.196,57.43,49.679,41.959,2829,2829,7.5373,20.8,40.547,43.483,52.922,57.785,52.254,48.683,38.858,2829,2829,-0.88781,20.3,38.973,39.985,50.977,63.632,63.978,54.581,40.037
2830,2830,10.201,21.55,33.359,36.03,52.807,55.56,54.953,49.238,45.301,2830,2830,9.5625,17.386,41.047,43.111,52.238,56.339,48.859,46.345,38.531,2830,2830,2.2639,18.98,36.864,43.313,50.893,62.196,63.086,55.918,41.325
2831,2831,9.0521,24.658,36.499,42.253,55.231,59.329,48.439,48.113,41.612,2831,2831,15.623,21.783,41.58,40.7,53.568,58.544,44.746,45.723,37.407,2831,2831,3.0266,17.523,37.919,40.012,50.134,58.534,58.61,53.794,39.124
2832,2832,7.8761,25.886,37.071,39.137,52.779,55.642,49.677,46.887,42.733,2832,2832,11.242,25.785,36.548,39.476,54.467,57.015,46.372,44.684,37.018,2832,2832,1.741,18.276,37.258,43.784,54.721,59.248,62.203,54.47,39.342
2833,2833,14.085,21.943,33.84,38.563,51.959,52.122,45.551,45.641,40.23,2833,2833,14.334,18.756,32.761,42.394,52.273,52.137,43.465,43.978,37.042,2833,2833,3.3925,21.778,36.863,38.595,48.387,52.264,57.317,51.948,39.445
2834,2834,13.185,28.772,37.006,41.822,48.421,50.542,50.052,47.039,43.453,2834,2834,9.2569,23.833,37.158,43.296,46.703,50.385,47.826,45.366,36.994,2834,2834,-4.5832,17.682,37.735,42.102,48.589,54.375,58.685,53.717,39.597
2835,2835,11.369,30.574,35.479,39.522,53.934,56.995,45.831,45.276,42.368,2835,2835,10.467,18.476,39.669,42.887,53.797,56.774,44.883,40.605,37.978,2835,2835,3.8673,23.529,40.279,43.064,52.248,59.11,56.826,52.611,40.782
2836,2836,14.716,27.297,37.357,42.127,46.18,45.682,42.862,43.735,42.453,2836,2836,16.237,22.655,35.128,44.546,48.016,45.993,37.508,42.099,37.226,2836,2836,5.1015,21.945,35.859,41.01,47.008,53.341,55.215,50.268,38.421
2837,2837,17.171,21.771,35.114,38.769,46.108,48.299,41.933,44.373,40.317,2837,2837,20.986,26.959,37.927,42.031,49.589,50.734,36.596,40.3,37.228,2837,2837,2.613,19.097,37.591,42.543,47.881,52.869,54.461,50.45,39.113
2838,2838,13.29,17.404,31.719,39.868,45.143,50.146,44.922,44.528,43.049,2838,2838,14.358,20.19,40.963,41.585,46.28,49.221,39.662,41.791,37.817,2838,2838,-1.4887,19.693,34.817,39.742,44.399,52.934,55.378,51.116,39.367
2839,2839,13.493,22.038,34.946,40.373,43.905,47.995,41.826,45.355,39.755,2839,2839,10.269,18.823,34.611,41.771,45.101,47.505,38.756,41.166,36.771,2839,2839,5.3504,12.587,36.859,39.929,44.083,51.374,54.362,51.407,38.063
2840,2840,9.3851,25.121,40.113,40.781,44.604,46.904,43.181,44.99,42.851,2840,2840,14.486,23.778,30.196,40.181,46.137,47.439,37.331,42.277,37.329,2840,2840,-1.2787,20.369,36.01,40.409,44.896,51.058,54.058,51.186,39.058
2841,2841,13.347,24.011,36.189,39.397,43.892,46.989,44.675,44.786,39.867,2841,2841,15.646,23.803,35.278,40.288,48.405,47.664,40.168,42.502,36.598,2841,2841,3.5229,20.629,38.509,42.74,48.459,50.65,56.567,50.21,38.268
2842,2842,3.7116,23.278,37.425,40.093,47.799,48.741,42.256,43.122,40.887,2842,2842,12.461,25.275,27.57,38.466,48.043,47.404,37.953,40.911,37.172,2842,2842,3.7816,19.838,42.643,42.812,47.745,51.976,55.758,49.946,38.598
2843,2843,10.09,23.319,37.63,41.104,48.765,45.671,41.994,43.359,41.57,2843,2843,16.097,22.29,32.386,39.882,51.363,47.695,37.855,41.451,37.415,2843,2843,-6.4362,26.015,39.758,41.492,46.554,51.416,55.221,50.727,38.897
2844,2844,0.39174,19.302,41.139,39.934,46.095,46.275,42.515,44.186,40.604,2844,2844,14.712,25.523,37.74,39.815,49.72,47.236,37.853,42.726,37.916,2844,2844,1.3447,19.285,40.901,41.318,49.421,51.371,54.678,50.414,39.108
2845,2845,8.2831,25.595,33.047,38.823,47.057,47.526,42.136,44.223,42.731,2845,2845,13.546,28.545,36.397,37.815,47.669,47.132,38.82,42.82,36.91,2845,2845,5.019,23.366,39.871,41.518,45.186,51.519,53.846,49.541,38.665
2846,2846,4.2862,22.018,37.697,41.37,48.418,50.725,40.915,42.531,40.274,2846,2846,6.4717,25.533,32.435,42.748,49.361,51.16,39.646,42.112,36.499,2846,2846,2.9112,18.208,32.821,40.284,51.615,52.754,52.589,48.745,38.36
2847,2847,2.6849,31.467,38.862,40.175,45.611,48.941,42.919,43.996,42.544,2847,2847,14.421,26.278,33.744,42.037,49.606,49.871,42.747,41.302,37.25,2847,2847,-5.4575,25.666,42.318,41.422,45.838,53.09,55.049,51.621,38.499
2848,2848,12.438,21.077,33.047,39.985,50.339,50.269,46.979,44.855,39.902,2848,2848,14.831,23.036,32.61,40.418,53.241,51.643,45.367,47.397,37.682,2848,2848,-0.76006,19.072,40.909,42.858,52.073,58.165,57.644,50.987,38.629
2849,2849,2.3047,27.612,36.291,40.141,51.295,51.474,47.447,46.749,43.98,2849,2849,5.7768,18.708,34.746,40.251,52.84,51.722,45.52,50.006,39.368,2849,2849,1.6653,21.43,39.824,44.185,54.653,56.806,59.65,53.387,39.679
2850,2850,0.82767,24.546,42.777,41.958,50.751,54.937,46.099,44.603,40.472,2850,2850,12.34,22.388,34.163,41.341,50.888,54.567,41.618,46.167,38.586,2850,2850,-0.48093,20.907,42.143,43.068,50.283,54.21,56.872,51.535,38.138
2851,2851,6.8414,25.037,44.72,44.935,51.869,54.648,46.451,46.392,44.118,2851,2851,12.427,24.056,31.955,42.414,52.693,54.08,43.459,47.845,38.647,2851,2851,2.2192,21.088,42.91,43.797,53.182,56.306,56.876,50.067,39.481
2852,2852,13.13,29.443,43.722,45.231,57.999,56.329,49.612,47.28,48.298,2852,2852,14.663,24.956,43.207,48.003,58.763,57.968,47.281,47.427,41.947,2852,2852,1.9949,20.322,45.266,48.636,62.92,59.503,58.391,52.084,45.659
2853,2853,12.34,20.995,45.308,45.986,53.804,54.095,48.819,48.586,46.917,2853,2853,18.646,22.484,41.426,44.428,52.929,52.143,45.419,46.304,40.509,2853,2853,2.0442,23.524,46.133,46.538,55.18,57.224,57.612,53.395,43.647
2854,2854,9.3038,22.488,46.856,49.127,57.749,60.054,55.737,52.34,46.706,2854,2854,20.696,27.539,41.177,49.703,62.47,62.085,52.608,49.464,40.369,2854,2854,1.8148,25.346,43.178,48.832,60.265,65.601,64.803,57.713,44.666
2855,2855,3.294,21.62,47.59,51.654,59.869,63.082,55.006,51.121,48.454,2855,2855,14.882,24.058,33.886,54.859,58.827,61.239,52.462,49.054,41.632,2855,2855,1.6545,19.796,41.846,50.198,59.789,65.407,62.377,55.237,44.798
2856,2856,8.7867,20.882,48.4,53.708,64.942,65.728,55.483,53.699,45.386,2856,2856,13.791,26.169,37.9,56.454,67.612,66.528,55.858,50.45,40.176,2856,2856,4.988,23.654,42.441,51.34,63.442,69.997,64.988,59.638,43.254
2857,2857,11.946,19.411,50.03,54.082,63.6,65.173,58.114,51.227,44.302,2857,2857,17.347,24.411,33.425,55.4,64.503,64.819,57.13,47.227,38.953,2857,2857,5.9999,23.905,42.784,49.746,62.252,67.911,65.929,55.368,40.964
2858,2858,10.846,23.031,47.186,55.088,67.854,69.816,58.33,53.085,45.735,2858,2858,13.817,22.326,36.293,59.162,68.198,69.543,57.96,51.532,40.5,2858,2858,6.4792,27.851,39.659,52.087,64.795,71.495,66.431,58.083,43.409
2859,2859,12.622,23.952,44.75,52.945,65.616,68.195,59.274,54.863,48.506,2859,2859,12.794,25.949,36.197,56.397,65.967,67.575,58.481,52.068,41.173,2859,2859,2.637,20.433,35.681,49.825,63.078,70.024,67.193,57.838,45.36
2860,2860,6.3566,29.16,43.084,51.578,67.083,69.096,59.998,58.897,46.746,2860,2860,9.5182,27.269,39.343,54.328,68.69,69.366,61.279,56.909,41.925,2860,2860,-3.9473,25.543,34.361,49.414,64.02,71.268,69.458,61.338,44.24
2861,2861,8.961,27.773,41.983,49.407,58.43,62.824,62.451,57.938,47.191,2861,2861,10.272,26.934,34.75,45.722,63.077,65.944,60.085,57.582,43.432,2861,2861,4.9695,23.817,37.337,50.208,63.012,70.269,71.053,63.429,44.478
2862,2862,7.2959,23.601,41.915,51.482,62.139,66.514,59.096,56.192,48.031,2862,2862,10.156,24.048,37.122,53.989,62.84,67.355,57.886,55.111,42.851,2862,2862,4.8842,22.413,40.642,49.772,64.552,70.172,69.027,61.387,45.669
2863,2863,8.6802,27.117,43.976,47.452,59.338,65.483,56.854,54.796,46.534,2863,2863,10.897,25.346,37.615,48.686,57.551,63.81,56.545,52.822,41.34,2863,2863,2.6626,17.686,38.794,46.061,58.425,64.163,68.934,63.639,44.288
2864,2864,7.185,21.526,41.807,45.562,57.831,60.665,57.978,56.743,45.401,2864,2864,8.4465,19.728,36.021,46.996,58.62,61.361,57.37,53.705,41.072,2864,2864,2.0821,27.407,41.123,47.534,60.588,62.628,69.701,64.25,43.573
2865,2865,8.0499,22.698,43.568,49.122,63.896,63.005,60.956,58.508,47.585,2865,2865,3.2172,24.617,37.405,48.186,61.085,63.805,58.827,55.569,43.096,2865,2865,-4.9711,20.738,35.177,44.399,62.96,66.436,71.604,65.437,45.728
2866,2866,5.252,22.465,45.3,51.209,69.652,70.19,63.802,61.238,48.405,2866,2866,15.101,25.38,32.178,52.433,68.222,69.39,61.263,57.479,43.617,2866,2866,-1.7238,20.506,37.599,52.683,68.825,71.554,73.509,67.968,47.06
2867,2867,-0.9945,25.151,44.055,52.165,68.995,68.779,64.484,63.142,49.451,2867,2867,12.69,25.003,40.203,54.187,70.702,69.441,62.103,59.929,45.096,2867,2867,-3.2167,29.819,38.535,50.748,63.773,70.061,73.133,67.06,47.052
2868,2868,7.6693,24.529,44.611,49.546,66.91,72.504,64.371,63.81,49.084,2868,2868,10.409,26.273,41.921,50.456,68.35,72.706,62.152,61.002,45.459,2868,2868,-1.489,26.726,37.972,47.545,66.144,71.691,73.197,67.966,47.178
2869,2869,11.857,24.904,42.456,49.806,65.839,66.927,62.005,63.419,48.332,2869,2869,17.688,29.298,36.218,51.395,65.012,65.947,60.4,60.455,44.845,2869,2869,4.8451,23.991,36.751,48.079,65.842,70.641,72.65,65.395,46.078
2870,2870,15.185,26.833,41.395,47.637,67.721,70.998,61.432,59.275,46.764,2870,2870,17.617,21,42.661,49.249,66.793,70.582,60.585,57.479,43.465,2870,2870,2.9124,22.753,33.348,48.092,68.88,71.105,71.739,63.374,44.664
2871,2871,12.478,25.118,39.485,52.583,67.584,68.576,59.57,55.209,45.262,2871,2871,12.452,21.283,41.623,53.757,69.141,68.971,61.524,53.253,41.774,2871,2871,-3.1513,26.889,34.536,50.816,66.362,70.183,71.183,60.051,42.932
2872,2872,10.549,25.479,45.495,50.222,69.693,67.97,59.289,55.849,43.304,2872,2872,11.545,20.729,38.96,53.344,73.047,70.336,59.135,54.314,41.846,2872,2872,0.16964,28.594,43.394,50.734,66.245,68.898,67.583,58.408,42.048
2873,2873,11.909,22.35,45.407,53.968,72.227,69.293,58.785,56.186,44.681,2873,2873,3.9808,24.367,39.447,56.727,73.252,69.567,58.096,53.606,41.673,2873,2873,1.1325,18.274,42.766,50.354,65.58,69.294,67.412,58.701,42.708
2874,2874,15.546,27.139,43.823,46.242,64.78,65.988,56.134,56.338,43.675,2874,2874,4.964,20.296,46.227,52.947,64.639,66.053,55.724,53.746,41.601,2874,2874,4.6988,29.188,43.322,49.167,63.499,69.85,66.553,59.307,42.932
2875,2875,10.078,21.369,41.46,48.26,58.909,60.28,54.063,55.531,43.641,2875,2875,12.215,20.826,45.476,51.116,59.903,61.383,52.958,51.545,40.253,2875,2875,1.7616,31.325,42.02,52.628,62.84,62.753,64.377,58.723,41.366
2876,2876,10.396,25.709,41.988,42.513,56.355,55.69,52.318,49.538,39.925,2876,2876,7.3798,24.542,41.961,44.839,57.861,56.602,48.96,48.118,38.784,2876,2876,-0.62706,22.059,45.684,48.117,58.404,59.269,61.826,55.88,39.99
2877,2877,9.8091,22.453,43.195,45.847,54.868,57.651,49.347,47.214,42.599,2877,2877,11.722,25.915,44.609,47.145,57.965,58.713,46.713,46.723,38.025,2877,2877,4.2191,21.971,43.248,48.552,56.113,61.916,59.235,51.697,39.551
2878,2878,10.058,22.309,42.245,43.995,52.433,55.148,51.357,48.936,39.983,2878,2878,12.942,26.468,46.56,45.985,53.152,56.057,45.442,46.469,38.778,2878,2878,2.1235,24.636,40.892,45.042,56.977,56.495,61.209,56.045,39.91
2879,2879,3.2416,24.939,38.89,42.197,53.234,56.631,52.738,50.957,46.293,2879,2879,10.623,27.748,42.842,43.858,53.558,56.8,48.671,47.246,40.925,2879,2879,2.1873,24.528,38.73,43.852,54.17,59.954,63.682,58.604,43.214
2880,2880,6.8947,25.092,42.494,46.537,55.222,57.909,54.989,55.28,45.223,2880,2880,12.409,24.19,36.843,45.681,54.838,58.017,51.572,47.77,41.197,2880,2880,-0.65101,21.154,36.319,49.434,55.025,60.209,66.692,61.327,43.361
2881,2881,9.4685,25.531,46.242,47.437,54.844,58.31,54.32,55.421,43.554,2881,2881,6.402,22.395,37.491,45.577,53.729,58.219,49.241,48.571,39.076,2881,2881,4.1359,25.019,37.622,46.234,54.182,60.031,64.881,61.48,41.316
2882,2882,9.8107,26.766,43.887,49.177,57.719,60.773,53.631,54.674,39.747,2882,2882,11.91,27.532,37.222,48.082,56.411,59.905,50.441,48.015,38.668,2882,2882,1.4098,19.4,38.26,47.487,54.091,60.267,66.033,61.709,40.538
2883,2883,5.4607,27.45,40.923,45.913,54.443,56.485,50.976,52.644,42.405,2883,2883,6.8298,23.025,35.509,47.451,55.62,57.328,47.784,48.499,38.403,2883,2883,5.4668,27.113,35.699,46.515,53.921,57.2,64.877,59.159,40.407
2884,2884,1.5901,23.104,44.55,46.792,53.504,56.776,50.327,50.025,40.077,2884,2884,11.554,22.697,40.022,46.658,53.796,57.106,45.069,47.373,37.799,2884,2884,2.2948,25.815,39.508,45.165,53.436,58.304,62.276,55.816,39.392
2885,2885,9,24.573,45.732,47.131,56,53.484,48.121,48.646,39.57,2885,2885,9.3037,23.747,40.055,48.233,53.938,53.429,43.129,44.981,36.73,2885,2885,2.7073,22.646,39.559,48.384,55.206,54.999,60.518,54.394,38.707
2886,2886,8.9768,24.754,47.582,48.898,52.308,54.983,46.376,47.712,41.963,2886,2886,13.67,27.492,40.239,44.611,51.32,54.184,41.936,44.429,36.962,2886,2886,1.3474,28.236,38.394,47.862,52.639,56.847,58.58,53.979,38.615
2887,2887,5.6545,27.006,47.758,48.255,52.309,54.472,46.718,44.921,39.289,2887,2887,7.8172,19.219,43.621,43.82,53.239,53.971,42.188,42.918,37.268,2887,2887,0.25033,24.968,42.782,45.549,53.01,56.671,58.41,52.361,37.442
2888,2888,10.145,24.39,48.491,47.752,53.778,52.84,47.394,44.993,42.265,2888,2888,10.16,22.252,43.373,51.978,52.423,52.68,41.756,42.882,37.081,2888,2888,0.67942,14.978,43.977,45.819,54.648,56.548,58.164,53.19,38.722
2889,2889,6.3462,24.286,48.009,46.885,51.723,54.985,46.316,45.054,39.059,2889,2889,9.4846,27.058,36.47,50.021,53.353,54.513,43.05,44.63,37.109,2889,2889,4.3393,14.034,40.59,46.237,52.918,55.964,58.662,53.658,38.26
2890,2890,3.8253,20.584,48.311,47.349,51.432,53.091,45.235,46.629,43.138,2890,2890,10.146,23.044,37.763,40.669,52.74,52.852,42.552,44.527,37.563,2890,2890,-1.5729,25.131,40.723,46.236,55.385,57.088,56.842,51.63,39.29
2891,2891,2.5925,14.633,46.289,47.489,50.451,51.843,46.13,46.228,40.662,2891,2891,7.9152,24.157,37.622,42.338,51.163,51.785,41.099,44.996,38.058,2891,2891,5.3223,26.754,40.743,42.958,55.176,54.952,59.156,54.388,39.618
2892,2892,3.088,19.831,41.186,46.876,53.47,54.049,46.965,48.07,44.19,2892,2892,7.1806,24.834,37.733,43.145,52.617,53.92,44.428,47.083,39.206,2892,2892,-1.0216,29.745,41.83,48.504,53.517,56.666,60.371,54.57,40.32
2893,2893,9.7734,22.839,41.119,49.407,52.478,54.609,46.486,46.737,41.199,2893,2893,15.18,26.295,40.9,46.338,51.652,54.826,44.351,45.404,37.738,2893,2893,2.107,25.53,37.607,46.968,56.892,56.937,58.728,53.068,38.815
2894,2894,11.581,18.756,44.374,46.367,53.906,56.133,46.092,46.487,42.591,2894,2894,16.06,19.108,36.55,45.775,55.843,56.551,44.06,47.048,38.156,2894,2894,3.9123,18.642,33.701,47.263,57.186,58.062,58.562,52.549,38.476
2895,2895,3.8842,21.231,42.852,45.01,52.283,52.881,46.414,47.034,40.136,2895,2895,11.994,20.075,38.934,45.725,52.086,53.305,41.558,46.462,37.394,2895,2895,-1.4295,29.158,41.427,46.736,53.221,55.105,58.619,54.039,38.052
2896,2896,14.565,24.788,43.154,47.043,52.149,52.338,47.115,47.109,42.715,2896,2896,14.71,23.363,41.774,42.039,54.164,53.976,45.391,48.1,38.342,2896,2896,-5.2776,28.134,43.061,46.708,52.192,55.658,57.409,53.616,39.501
2897,2897,13.967,21.87,43.77,47.509,58.124,57.917,49.052,44.422,40.694,2897,2897,9.3504,25.598,36.55,47.719,57.705,57.757,46.194,43.459,37.418,2897,2897,-9.5965,24.651,41.714,49.867,62.134,61.584,60.252,53.242,38.892
2898,2898,4.067,25.754,43.508,46.634,52.288,56.006,49.528,46.868,43.123,2898,2898,8.1482,15.463,36.713,47.761,55.049,55.234,46.347,46.891,38.069,2898,2898,-0.59898,22.325,41.616,47.179,56.488,59.435,59.205,54,39.349
2899,2899,9.0501,28.628,36.869,48.12,57.555,60.958,52.835,50.872,41.131,2899,2899,10.784,27.419,34.907,53.936,59.895,61.178,52.235,49.603,38.686,2899,2899,2.8076,27.487,43.319,49.139,59.252,63.777,62.517,57.117,39.432
2900,2900,12.162,27.815,41.28,51.618,65.974,66.229,55.273,52.609,44.66,2900,2900,14.226,18.621,40.088,57.84,68.593,66.824,56.359,48.816,39.012,2900,2900,-0.89692,25.958,43.068,50.925,63.143,68.378,64.555,55.803,40.996
2901,2901,11.916,29.319,38.013,48.877,66.385,66.057,56.011,51.99,44.815,2901,2901,14.487,20.473,35.411,53.135,66.967,65.759,58.538,50.173,40.56,2901,2901,2.961,20.36,43.06,51.567,65.758,70.406,67.05,57.644,42.894
2902,2902,6.3806,24.061,37.591,54.69,65.197,69.107,57.303,53.985,46.194,2902,2902,11.421,21.728,43.414,58.164,66.591,68.57,58.284,51.57,41.657,2902,2902,3.8766,22.674,42.176,53.088,64.558,69.968,66.572,57.116,43.065
2903,2903,8.3637,18.433,42.535,56.633,65.266,69.301,59.27,55.171,45.983,2903,2903,12.679,21.544,41.06,59.37,67.41,69.482,58.211,56.227,43.452,2903,2903,-3.3879,29.783,44.616,53.72,64.503,70.594,68.235,60.513,43.287
2904,2904,0.82211,25.601,45.862,53.843,66.277,68.349,60.174,55.691,48.385,2904,2904,11.033,23.937,41.596,57.423,69.179,68.827,60.114,53.475,43.904,2904,2904,2.6113,26.657,45.164,52.638,64.976,72.832,69.516,62.8,45.397
2905,2905,8.1438,20.784,47.743,51.896,60.627,63.156,58.352,56.825,46.339,2905,2905,12.489,23.48,41.415,52.84,60.962,62.612,56.314,54.008,42.742,2905,2905,8.4792,23.283,43.243,51.919,63.08,69.27,69.429,64.481,44.977
2906,2906,5.3741,25.884,44.912,50.574,59.388,61.861,57.391,57.245,47.425,2906,2906,6.6971,26.618,40.107,52.195,59.428,60.8,54.968,52.92,42.243,2906,2906,5.5642,27.385,37.459,51.135,61.007,65.136,68.263,65.281,44.892
2907,2907,4.7843,21.392,46.84,48.385,60.297,61.059,58.572,58.427,46.995,2907,2907,15.95,26.612,34.211,47.351,59.118,61.678,54.669,53.544,42.345,2907,2907,0.43078,23.534,45.218,47.766,61.483,63.792,69.409,64.96,45.439
2908,2908,12.415,20.419,47.701,48.987,64.258,66.449,60.524,56.05,45.556,2908,2908,6.24,26.46,36.983,47.47,62.388,66.951,58.461,54.103,40.602,2908,2908,-3.7791,15.291,47.454,48.322,62.139,67.354,69.114,62.818,43.173
2909,2909,8.6308,22.16,45.369,50.05,60.648,59.089,65.001,58.19,43.903,2909,2909,4.3341,16.932,39.135,48.918,57.356,59.114,60.363,53.156,39.483,2909,2909,-2.8937,17.885,43.565,47.947,58.932,63.51,72.981,66.476,43.356
2910,2910,3.5218,22.806,39.757,49.351,58.686,59.083,64.982,59.613,45.568,2910,2910,10.032,18.593,40.37,48.156,59.623,60.875,61.966,56.936,41.04,2910,2910,1.0591,21.148,44.079,47.079,57.823,66.568,73.068,67.033,44.028
2911,2911,-1.0839,16.884,35.325,43.158,60.669,61.563,64.969,60.055,44.323,2911,2911,6.42,17.925,33.147,48.067,60.703,62.404,62.444,56.161,40.724,2911,2911,6.2258,25.577,39.567,45.124,56.071,65.414,74.569,68.533,44.981
2912,2912,1.4123,22.39,35.88,45.316,59.905,63.067,62.843,60.823,45.847,2912,2912,14.805,20.324,31.945,43.369,58.253,61.533,60.513,56.118,40.803,2912,2912,5.8061,24.157,39.061,47.238,56.496,66.516,73.223,67.941,44.384
2913,2913,8.516,19.167,42.6,45.459,62.24,61.848,63.007,59.864,44.665,2913,2913,13.928,18.894,38.932,44.822,63.419,62.864,59.993,56.135,41.949,2913,2913,-0.23813,25.48,35.647,45.243,56.644,65.928,73.308,66.642,44.633
2914,2914,8.9919,17.705,47.212,46.62,56.826,57.366,60.617,57.937,46.496,2914,2914,11.869,24.537,42.4,45.182,56.276,57.742,57.41,55.358,41.846,2914,2914,4.7403,27.378,40.633,47.405,54.871,62.441,69.817,64.504,43.968
2915,2915,5.901,23.31,48.509,46.636,58.993,56.737,59.489,54.715,43.532,2915,2915,9.4317,27.097,42.633,44.899,58.942,57.118,56.63,52.229,40.504,2915,2915,8.1051,25.204,44.947,48.946,53.682,60.703,67.738,59.394,42.259
2916,2916,2.2097,20.239,48.666,48.468,57.377,58.753,59.319,55.032,43.828,2916,2916,3.2282,14.835,42.955,48.834,58.509,58.385,55.228,51.344,40.026,2916,2916,3.3864,28.096,45.806,44.491,57.347,60.362,67.436,58.008,41.151
2917,2917,-6.011,25.715,46.425,46.698,57.962,60.622,58.148,57.299,41.658,2917,2917,4.5753,25.143,37.737,47.031,59.839,60.23,53.988,52.43,39.753,2917,2917,6.2942,27.755,43.925,48.484,61.668,62.046,68.473,60.796,40.711
2918,2918,0.58044,23.055,41.598,47.915,60.153,62.402,57.837,57.871,44.427,2918,2918,6.7057,24.275,40.437,46.631,60.771,62.344,54.306,53.027,40.002,2918,2918,4.9339,23.523,44.333,46.919,60.133,64.658,69.825,62.479,41.966
2919,2919,11.346,26.138,42.369,46.18,57.411,58.146,58.45,56.582,42.35,2919,2919,9.6042,19.048,39.791,47.58,59.367,58.743,53.087,52.056,40.624,2919,2919,5.2618,23.685,45.015,47.158,60.758,63.371,67.672,60.365,41.528
2920,2920,12.703,24.612,42.864,46.44,55.821,61.03,56.595,53.042,44.019,2920,2920,9.6145,25.311,33.506,47.487,57.836,60.857,54.58,50.324,40.683,2920,2920,2.4203,27.029,45.467,48.44,60.471,66.458,68.34,58.452,41.937
2921,2921,2.1565,21.491,42.472,46.285,58.863,63.272,55.642,51.985,43.7,2921,2921,8.957,23.181,38.771,46.188,60.106,63.542,52.559,50.404,41.437,2921,2921,3.8872,23.122,45.251,48.668,60.66,65.364,67.195,58.643,43.093
2922,2922,5.8191,24.108,38.67,46.99,58.882,62.006,55.68,52.173,46.324,2922,2922,12.899,20.027,36.023,46.585,59.652,62.678,52.406,49.702,41.047,2922,2922,6.6794,21.883,39.253,47.382,60.822,65.167,66.031,56.077,43.602
2923,2923,6.719,24.853,34.096,43.097,60.704,61.891,53.683,54.628,44.992,2923,2923,7.1522,18.231,34.39,44.716,60.143,60.294,50.504,52.489,41.448,2923,2923,2.8548,22.389,41.966,44.563,62.1,63.616,65.027,57.797,43.557
2924,2924,4.6367,24.787,38.392,45.039,61.15,59.223,54.756,54.969,46.385,2924,2924,9.1069,22.348,36.006,44.769,60.148,59.452,52.007,52.842,42.435,2924,2924,3.1057,15.487,38.819,46.337,62.15,61.585,65.829,58.376,44.103
2925,2925,10.557,30.109,37.692,47.908,66.855,65.698,58.8,62.689,45.978,2925,2925,10.065,24.838,41.551,44.556,63.821,64.968,55.928,59.093,43.74,2925,2925,6.3946,22.95,43.337,50.44,65.291,64.247,67.686,63.357,43.807
2926,2926,9.7392,25.731,40.609,47.594,64.687,59.537,61.523,64.128,48.14,2926,2926,10.615,23.2,41.444,44.691,64.108,60,58.03,62.236,46.855,2926,2926,3.3625,20.248,43.385,48.217,66.464,64.516,70.844,63.768,45.643
2927,2927,6.1399,25.408,40.887,48.462,63.795,64.503,64.047,64.317,47.46,2927,2927,8.659,23.111,35.929,47.747,65.603,64.417,59.501,61.155,46.659,2927,2927,-1.2817,23.097,43.85,49.876,64.969,66.691,71.828,64.85,45.833
2928,2928,2.7869,24.639,39.802,48.037,66.698,65.545,63.979,63.333,47.701,2928,2928,9.9884,22.226,35.701,50.233,60.836,64.24,60.002,60.453,45.875,2928,2928,0.68422,17.014,43.43,51.714,68.18,67.016,71.735,65.521,45.715
2929,2929,8.2989,26.378,40.969,44.902,65.96,65.007,66.278,61.797,48.188,2929,2929,13.561,23.843,38.218,48.687,64.072,65.78,61.623,61.477,46.458,2929,2929,1.7683,19.39,42.081,50.288,67.613,68.724,74.17,65.523,46.244
2930,2930,8.1346,19.929,38.121,45.778,68.025,68.653,67.239,61.714,46.865,2930,2930,11.12,24.746,34.071,46.816,66.324,68.521,62.447,60.094,45.151,2930,2930,0.2059,23.871,43.046,47.566,65.25,71.465,75.459,65.717,45.708
2931,2931,11.242,24.051,37.075,42.577,69.18,66.232,68.99,60.966,47.367,2931,2931,0.88683,25.298,38.1,46.468,67.793,66.097,64.844,59.735,44.56,2931,2931,2.7074,21.172,37.133,46.11,61.171,69.607,77.897,67.298,46.058
2932,2932,8.038,25.699,38.391,45.495,65.948,64.888,66.868,55.824,43.655,2932,2932,10.727,27.272,36.646,46.324,66.235,66.139,63.932,53.813,40.887,2932,2932,1.8051,21.663,38.776,44.106,62.534,68.888,75.306,63.464,43.285
2933,2933,8.3427,21.334,36.984,43.594,60.504,63.132,65.764,54.746,44.475,2933,2933,12.211,27.274,40.746,48.516,59.083,62.173,64.263,52.582,39.673,2933,2933,4.1565,26.783,42.542,46.604,57.943,67.769,74.138,62.41,42.375
2934,2934,1.7043,20.901,38.918,43.95,61.149,61.919,63.127,54.04,43.637,2934,2934,12.927,22.548,37.645,45.335,61.515,60.706,59.916,51.593,40.754,2934,2934,-3.7966,24.999,37.448,45.859,62.836,65.064,69.817,59.274,42.162
2935,2935,3.343,17.934,34.011,44.544,63.313,65.293,59.717,53.759,45.295,2935,2935,4.0494,19.672,36.183,47.392,63.937,64.728,56.749,49.832,40.723,2935,2935,-1.8007,24.466,39.221,49.966,62.458,67.263,68.577,60.69,42.936
2936,2936,8.9538,18.482,40.517,46.269,60.619,61.789,57.483,57.637,45.544,2936,2936,1.6761,16.562,37.776,47.82,64.667,64.083,54.8,53.61,41.227,2936,2936,-3.1143,28.469,41.944,48.66,63.254,66.621,67.394,61.995,43.505
2937,2937,1.5969,25.448,41.191,44.66,57.411,59.244,60.139,55.305,46.192,2937,2937,1.1888,26.257,35.212,48.747,57.72,58.995,53.32,52.166,41.129,2937,2937,-1.6998,29.419,41.109,47.828,60.941,66.164,67.152,58.635,43.426
2938,2938,7.0787,27.587,41.571,43.997,57.747,61.447,55.557,53.879,44.152,2938,2938,6.2247,20.845,37.675,47.83,59.195,61.392,52.845,51.095,40.46,2938,2938,2.7667,28.209,40.117,48.099,59.488,65.303,66.948,59.811,42.486
2939,2939,3.0217,26.996,35.342,42.404,58.297,61.311,48.056,48.299,43.728,2939,2939,5.4249,25.221,34.163,44.854,56.708,60.927,45.964,46.179,39.044,2939,2939,5.4876,26.867,37.914,42.334,58.75,63.835,59.695,55.102,40.393
2940,2940,2.1992,23.417,35.443,45.378,56.721,55.986,49.049,52.1,42.113,2940,2940,6.4912,22.23,34.563,48.85,59.427,56.538,44.94,48.037,39.007,2940,2940,-0.26859,24.298,40.995,48.379,62.186,60.043,59.757,55.22,39.752
2941,2941,1.5478,21.252,40.427,44.988,52.917,52.86,53.045,44.653,43.31,2941,2941,9.6687,29.462,35.555,46.432,54.51,53.412,50.123,43.66,38.456,2941,2941,-0.1673,19.174,41.553,46.213,54.509,58.132,58.825,49.552,39.674
2942,2942,1.765,26.485,39.825,45.199,56.199,57.702,45.833,46.999,41.861,2942,2942,10.933,24.257,40.034,48.693,57.104,58.026,44.064,43.645,37.527,2942,2942,6.2629,25.477,43.922,44.59,54.921,62.192,55.765,48.623,38.677
2943,2943,5.1356,19.392,36.623,44.287,51.778,48.909,41.519,43.351,43.35,2943,2943,8.2082,25.115,38.468,41.976,51.927,47.576,38.719,41.025,37.666,2943,2943,5.5927,15.015,41.288,45.498,52.018,51.268,53.102,45.941,39.342
2944,2944,4.5783,21.176,33.614,41.967,50.024,54.907,39.045,41.737,40.48,2944,2944,9.0546,29.547,37.875,46.059,51.747,55.303,37.902,39.433,36.805,2944,2944,2.1746,17.435,40.333,43.358,49.885,49.491,50.844,44.25,38.816
2945,2945,12.813,23.478,35.617,41.903,52.3,51.76,44.71,50.153,43.434,2945,2945,7.7657,24.402,33.053,40.815,52.878,50.704,42.602,46.928,38.631,2945,2945,4.1701,16.682,33.169,37.232,50.018,50.5,56.553,51.116,39.634
2946,2946,6.3145,18.443,37.399,40.657,49.018,46.287,38.111,42.338,41.653,2946,2946,2.4619,22.028,30.405,41.938,47.505,45.996,35.658,39.649,37.606,2946,2946,2.306,16.812,35.217,39.103,48.759,49.028,50.607,44.683,38.733
2947,2947,8.6581,20.607,37.278,43.403,45.729,46.201,45.163,51.944,43.417,2947,2947,7.0562,26.234,33.881,40.024,48.272,47.552,43.362,48.204,38.32,2947,2947,5.7543,26.98,34.769,42.82,51.113,52.647,57.856,52.602,40.201
2948,2948,4.3564,20.447,38.627,44.64,47.603,46.709,39.642,44.164,40.801,2948,2948,4.3576,25.304,34.829,43.534,48.48,46.286,37.208,41.667,37.179,2948,2948,1.7512,22.904,37.984,41.832,49.991,49.731,50.515,43.791,38.54
2949,2949,3.803,24.857,37.149,46.431,47.502,46.283,38.69,43.199,43.838,2949,2949,6.4763,17.915,29.326,45.691,49.825,47.841,36.509,40.803,37.812,2949,2949,5.3854,21.885,37.851,43.154,47.471,50.408,50.688,44.6,39.517
2950,2950,2.8191,26.429,37.18,45.354,47.116,48.684,39.231,41.823,39.665,2950,2950,5.9696,22.708,35.908,45.313,49.224,48.186,36.002,40.571,37.426,2950,2950,5.2937,11.2,34.41,42.15,51.387,51.767,50.185,44.079,38.346
2951,2951,6.0154,27.846,32.662,50.282,51.654,49.323,38.737,42.126,43.374,2951,2951,10.062,27.297,36.611,54.04,54.19,50.114,39.502,40.612,37.655,2951,2951,0.14133,27.485,40.325,47.681,53.789,52.224,51.123,44.055,39.114
2952,2952,9.0639,20.834,35.092,53.024,51.683,48.33,39.867,42.252,42.208,2952,2952,10.596,27.894,32.735,55.781,55.322,48.954,38.22,39.926,37.544,2952,2952,0.86199,22.547,38.331,49.061,55.987,49.652,50.039,43.311,39.534
2953,2953,7.9461,17.023,36.234,47.093,51.108,48.943,41.383,42.996,43.878,2953,2953,16.52,24.163,33.623,51.653,53.521,50.212,40.638,41.074,37.371,2953,2953,3.6779,18.527,41.018,47.18,52.044,53.201,52.891,47.099,40.079
2954,2954,5.9089,9.4623,36.622,44.644,51.056,55.018,44.003,41.889,41.176,2954,2954,13.926,25.828,36.25,50.473,52.828,54.576,41.356,40.808,37.315,2954,2954,3.2867,26.073,38.144,44.881,56.324,55.972,53.556,43.836,39.074
2955,2955,7.7724,24.927,36.517,40.968,51.384,56.224,46.664,43.247,43.918,2955,2955,10.049,21.349,31.101,46.53,55.326,56.651,45.47,40.951,37.401,2955,2955,0.75311,23.088,36.977,43.715,54.835,56.112,54.854,48.549,40.016
2956,2956,10.151,25.327,32.699,43.226,52.468,56.585,50.18,46.689,41.661,2956,2956,12.803,17.787,30.157,41.627,54.229,56.117,47.599,43.029,37.592,2956,2956,0.28573,17.534,37.135,44.29,55.093,58.517,58.806,52.018,39.646
2957,2957,6.1621,21.852,33.974,45.836,53.84,53.238,46.611,45.565,43.067,2957,2957,13.365,20.88,33.271,44.4,52.184,55.056,44.984,43.715,38.193,2957,2957,-2.8541,23.527,37.093,40.216,54.201,56.834,57.906,52.412,40.237
2958,2958,0.25202,20.116,36.996,43.091,55.57,56.89,45.394,44.551,41.69,2958,2958,13.578,28.284,36.324,42.204,53.196,57.394,44.093,44.835,38.201,2958,2958,3.4156,19.296,34.535,40.844,53.685,58.105,55.264,48.606,40.516
2959,2959,8.411,26.624,35.32,44.307,54.719,58.514,50.354,46.986,44.687,2959,2959,3.6124,26.275,34.961,41.482,56.253,59.532,47.791,45.712,39.26,2959,2959,-3.3323,23.806,33.237,42.91,55.026,62.19,59.444,51.42,41.47
2960,2960,12.977,22.009,38.782,42.421,61.64,61.533,51.548,51.343,43.995,2960,2960,-0.27914,22.263,30.362,43.102,60.314,60.938,50.666,51.591,40.333,2960,2960,2.4088,24.093,33.55,47.034,61.894,64.353,60.576,54.38,42.202
2961,2961,12.066,23.715,35.623,48.406,66.558,64.465,54.324,50.988,45.232,2961,2961,9.1417,20.744,30.151,48.601,65.866,64.518,55.999,49.786,39.774,2961,2961,6.6573,21.829,33.26,46.305,67.317,68.749,64.745,56.26,42.465
2962,2962,7.2729,17.853,31.317,46.073,68.041,68.285,57.208,51.678,44.779,2962,2962,7.2253,25.615,34.103,50.955,69.752,68.263,60.447,52.095,41.026,2962,2962,-1.1271,22.38,35.02,47.054,67.825,69.329,66.754,56.163,42.577
2963,2963,4.2863,24.255,34.738,44.691,67.639,68.517,59.439,53.424,46.075,2963,2963,13.999,28.068,40.397,53.056,69.465,68.045,59.531,52.641,41.371,2963,2963,3.4945,22.454,35.302,48.059,67.149,70.963,67.551,58.474,43.222
2964,2964,10.92,26.87,31.546,52.031,71,70.639,58.255,50.444,44.011,2964,2964,15.537,29.582,37.803,56.98,73.139,72.054,60.599,50.617,40.227,2964,2964,-1.3776,23.371,35.217,50.979,68.773,68.685,68.347,56.716,42.66
2965,2965,12.913,23.848,34.145,48.523,69.112,68.826,59.1,51.403,44.644,2965,2965,14.698,22.349,35.726,55.083,70.727,69.624,61.28,50.554,39.942,2965,2965,2.4055,23.531,28.342,49.474,69.74,70.896,68.467,56.354,41.492
2966,2966,9.6204,18.936,35.994,55.317,71.555,70.891,57.243,50.539,41.734,2966,2966,14.381,26.225,35.897,57.691,72.243,70.663,60.378,48.471,38.95,2966,2966,-0.51917,22.546,33.935,53.845,69.842,70.677,67.338,54.653,40.332
2967,2967,7.6929,23.28,33.234,53.417,68.429,68.027,56.135,49.675,44.938,2967,2967,3.9249,24.178,35.095,54.069,72.322,69.471,58.88,50.042,40.436,2967,2967,2.32,17.389,29.187,52.44,68.777,70.583,67.496,55.145,42.051
2968,2968,11.392,21.206,30.617,50.665,68.199,66.621,56.337,50.82,42.413,2968,2968,15.072,25.226,35.185,55.46,69.971,65.679,56.088,49.725,38.97,2968,2968,-1.5679,17.286,35.196,51.078,66.971,67.423,66.165,56.79,41.28
2969,2969,8.8577,26.142,33.039,49.587,64.215,65.956,54.591,51.929,44.651,2969,2969,9.7849,21.089,37.618,54.96,65.448,65.477,55.308,49.734,39.994,2969,2969,-1.8662,22.846,37.047,48.486,64.65,69.335,64.25,56.972,41.917
2970,2970,11.119,24.229,32.51,48.499,68.742,69.65,57.211,50.354,42.947,2970,2970,12.121,23.44,32.744,50.213,69.953,69.136,55.685,49.478,40.051,2970,2970,0.72022,21.348,37.559,51.273,66.862,69.715,65.462,54.74,42.083
2971,2971,9.3713,22.193,33.557,50.822,71.07,70.978,57.805,51.11,44.521,2971,2971,13.966,23.229,39.907,55.481,72.726,71.792,57.784,49.575,40.523,2971,2971,2.0642,22.004,31.558,49.451,63.606,72.627,66.277,56.346,42.542
2972,2972,5.4411,24.441,34.073,51.179,69.047,69.306,59.894,51.854,45.507,2972,2972,15.106,19.252,33.124,56.274,68.124,68.153,59.839,54.354,42.353,2972,2972,1.4432,25.646,32.347,52.074,68.402,72.883,69.226,56.659,43.405
2973,2973,9.4687,26.341,34.307,58.402,67.699,69.167,58.882,56.468,45.848,2973,2973,13.43,17.501,35.489,61.808,69.428,69.162,60.552,56.21,43.429,2973,2973,-3.1069,24.365,34.863,53.155,63.233,72.674,69.312,61.371,44.461
2974,2974,14.141,15.908,33.486,55.097,64.058,64.74,59.773,54.614,46.649,2974,2974,20.038,22.927,32.889,54.674,62.908,64.383,58.657,54.236,42.549,2974,2974,6.3302,13.856,31.562,51.01,64.013,68.094,70.202,64.367,44.352
2975,2975,14.562,17.996,35.824,48.672,60.894,64.219,58.749,57.48,45.119,2975,2975,20.878,20.835,30.955,55.014,61.425,63.997,58.197,52.906,41.436,2975,2975,6.1927,15.397,31.688,51.513,63.787,68.319,69.657,66.85,44.753
2976,2976,16.011,23.174,37.019,44.539,61.042,63.084,57.44,58.194,47.11,2976,2976,17.272,21.665,34.209,44.424,60.369,63.429,55.543,52.389,41.18,2976,2976,7.3821,22.618,27.031,46.858,61.283,65.474,68.128,63.499,45.103
2977,2977,5.9611,21.863,35.934,42.123,61.631,64.303,59.905,56.359,44.76,2977,2977,11.499,24.011,36.233,41.81,62.727,64.861,59.47,53.646,40.937,2977,2977,-1.9995,15.428,31.087,46.777,62.103,64.195,71.106,64.847,43.378
2978,2978,0.55332,20.02,28.029,38.354,61.997,64.375,64.086,58.553,45.881,2978,2978,16.89,26.562,33.397,42.74,59.527,62.524,60.379,54.588,41.122,2978,2978,0.35031,19.117,33.451,43.269,59.772,65.381,71.819,65.472,44.13
2979,2979,3.8771,18.384,34.6,42.318,63.611,59.738,64.017,59.976,45.091,2979,2979,14.693,23.318,35.37,41.164,61.102,59.045,61.118,56.148,41.018,2979,2979,0.33074,22.438,37.148,43.092,59.723,63.92,73.071,66.86,44.656
2980,2980,-2.7693,21.821,31.078,41.16,60.536,63.657,64.587,61.386,45.615,2980,2980,15.123,25.397,34.874,42.872,60.189,64.727,61.061,56.805,41.527,2980,2980,6.1629,24.245,33.863,43.368,58.204,65.648,73.194,67.143,44.47
2981,2981,7.833,26.806,29.451,39.434,62.229,63.386,63.068,59.417,43.547,2981,2981,9.3026,21.278,31.815,40.572,62.813,64.039,61.816,56.366,41.127,2981,2981,-0.051159,20.296,33.186,43.692,56.485,67.237,72.653,66.517,43.858
2982,2982,13.668,24.028,29.135,39.42,55.481,59.484,64.163,58.042,44.921,2982,2982,14.001,18.41,35.519,38.989,58.427,59.788,60.701,55.109,40.937,2982,2982,0.59599,23.972,34.437,41.325,56.166,66.495,73.917,66.932,44.474
2983,2983,4.5548,25.264,30.064,38.108,54.696,57.703,61.026,54.958,42.286,2983,2983,8.1247,18.028,31.239,42.559,54.55,57.532,58.647,53.174,40.125,2983,2983,0.2488,22.828,32.859,43.542,55.025,61.044,71.221,63.465,42.411
2984,2984,7.03,23.25,27.337,40.977,52.28,57.225,57.759,50.39,42.932,2984,2984,10.564,23.329,30.723,41.621,51.458,57.256,53.872,48.629,38.752,2984,2984,-1.3171,26.081,34.42,41.082,55.23,59.121,66.135,58.112,40.542
2985,2985,15.841,17.452,30.389,41.741,53.873,53.982,56.662,51.439,40.997,2985,2985,13.019,24.691,30.595,39.951,52.153,53.884,53.185,48.332,38.709,2985,2985,-0.74126,23.463,29.884,42.874,55.101,60.219,64.803,56.563,40.188
2986,2986,9.568,24.034,29.371,40.289,55.573,57.84,54.512,53.136,43.698,2986,2986,6.6715,19.159,30.948,42.55,55.95,56.715,52.482,49.187,39.004,2986,2986,-0.86627,20.989,27.738,42.756,59.194,61.095,63.19,58.096,39.901
2987,2987,1.9831,16.851,27.491,39.455,53.326,54.371,54.702,52.807,40.498,2987,2987,11.672,20.393,34.113,44.961,55.445,54.999,53.629,48.928,38.241,2987,2987,3.6054,16.969,32.082,44.342,58.085,59.351,63.909,57.306,39.3
2988,2988,5.3823,22.199,30.558,40.808,53.304,56.26,54.65,53.564,43.669,2988,2988,3.9823,22.284,33.635,42.598,55.573,55.859,52.884,48.618,39.167,2988,2988,-5.684,10.72,31.709,42.482,56.701,60.31,62.117,56.525,39.614
2989,2989,8.9988,15.972,27.742,40.178,57.485,55.692,51.978,50.365,41.312,2989,2989,11.825,24.486,30.058,38.292,58.858,56.855,50.04,46.133,38.44,2989,2989,5.5183,20.496,31.904,40.904,59.765,58.82,61.218,53.406,39.355
2990,2990,5.4271,20.877,29.817,40.989,56.491,56.792,52.655,49.365,43.046,2990,2990,5.0183,24.242,29.551,41.35,56.886,56.002,49.58,45.797,38.319,2990,2990,2.678,18.599,33.422,41.855,57.298,58.349,60.623,52.494,39.215
2991,2991,6.5394,23.577,34.307,42.528,52.299,54.853,48.022,44.268,39.66,2991,2991,12.325,16.121,31.361,41.437,52.756,54.894,45.966,42.998,36.838,2991,2991,1.1654,15.458,28.831,43.299,54.705,58.06,58.383,48.857,38.451
2992,2992,10.887,18.355,31.985,41.812,57.504,57.296,47.836,42.978,43.118,2992,2992,16.671,19.299,27.803,43.08,56.368,56.619,45.579,41.909,38.562,2992,2992,-2.9109,21.153,31.605,48.036,58.033,55.778,56.895,47.923,38.967
2993,2993,10.16,20.347,35.135,40.929,54.51,53.194,46.568,41.382,40.748,2993,2993,14.944,16.489,32.97,40.666,52.632,52.561,42.643,40.631,37.525,2993,2993,-1.3268,20.41,34.56,45.163,55.9,56.138,58.687,47,39.347
2994,2994,8.3187,28.595,36.81,37.896,54.82,55.234,50.848,43.433,42.386,2994,2994,10.2,21.047,31.255,43.501,55.745,54.815,48.482,40.921,37.814,2994,2994,-3.2122,15.173,31.838,41.51,51.268,55.683,60.816,48.306,38.202
2995,2995,6.5172,17.557,35.409,35.456,52.395,54.345,53.195,43.8,40.929,2995,2995,17.262,20.084,31.659,43.564,49.834,54.079,50.045,42.823,37.804,2995,2995,5.3407,21.492,35.299,42.232,53.505,56.198,63.129,50.341,38.734
2996,2996,3.2201,11.637,30.984,40.48,57.305,55.744,51.032,43.422,43.298,2996,2996,11.243,16.304,30.613,40.235,54.221,56.39,49.58,40.788,37.483,2996,2996,1.1452,22.119,34.912,40.355,54.635,57.213,63.611,51.679,39.054
2997,2997,11.018,21.771,29.535,41.759,55.275,55.126,54.667,46.974,39.466,2997,2997,4.8614,25.148,30.219,40.113,54.917,54.917,51.571,44.046,37.547,2997,2997,2.6615,23.499,28.91,43.916,53.999,57.739,67.467,57.72,39.498
2998,2998,10.062,20.202,30.569,40.584,53.988,55.538,54.492,51.863,43.043,2998,2998,13.175,20.246,29.362,43.349,53.842,55.002,50.25,45.318,38.309,2998,2998,1.4798,25.277,32.39,42.934,53.035,57.865,69.355,63.389,41.696
2999,2999,11.545,20.338,34.877,39.611,57.05,55.788,52.631,52.18,39.564,2999,2999,15.659,21.515,29.537,42.227,52.69,55.307,48.082,46.3,38.253,2999,2999,-2.0351,23.608,33.267,41.483,55.85,60.269,66.812,60.836,40.113
3000,3000,1.9913,22.253,29.794,36.517,52.361,54.785,50.186,50.893,42.272,3000,3000,11.822,17.438,34.134,40.812,52.974,55.917,46.703,45.786,37.562,3000,3000,0.6278,20.224,34.011,40.6,54.785,57.089,63.594,56.679,39.354
3001,3001,3.8093,19.135,37.065,38.668,51.537,54.76,48.389,48.086,39.102,3001,3001,16.875,18.329,30.102,37.12,51.949,55.707,44.246,44.615,37.877,3001,3001,1.2844,19.178,30.343,42.35,51.665,55.563,59.6,51.398,38.843
3002,3002,4.1486,13.706,37.066,36.748,51.208,57.525,45.686,45.857,42.636,3002,3002,11.688,16.145,33.636,38.743,52.386,57.001,42.594,42.1,37.336,3002,3002,1.0663,16.81,33.813,42.187,51.167,56.421,57.816,50.266,38.178
3003,3003,11.181,23.455,34.928,39.576,49.323,55.579,45.041,46.637,39.167,3003,3003,2.6564,20.09,32.309,38.606,48.614,55.56,41.312,41.638,36.545,3003,3003,6.7449,17.535,31.206,41.041,51.566,55.332,55.862,49.707,37.819
3004,3004,8.6381,23.327,27.602,37.957,50.709,53.908,43.474,44.257,42.486,3004,3004,14.196,14.051,34.329,41.988,50.142,53.532,41.337,41.148,37.025,3004,3004,3.9644,21.435,33.245,39.217,50.063,56.632,56.482,48.268,38.002
3005,3005,-1.2397,18.609,35.875,39.818,49.93,58.528,42.15,40.548,38.331,3005,3005,11.496,13.654,30.809,38.206,48.42,58.334,39.814,38.956,36.492,3005,3005,-2.4828,11.575,32.508,40.754,51.649,55.514,53.107,46.771,37.095
3006,3006,8.7876,21.117,34.176,41.851,47.254,52.562,44.124,42.716,42.008,3006,3006,9.7248,21.808,30.35,41.057,50.056,52.333,40.259,40.221,36.79,3006,3006,3.6707,20.647,34.174,41.545,49.951,55.072,55.914,47.331,38.511
3007,3007,6.8531,24.362,31.839,40.16,48.238,54.35,41.156,41.12,38.447,3007,3007,5.4824,19.263,31.288,41.733,49.311,53.877,37.932,38.495,36.259,3007,3007,-0.7028,18.351,34.186,41.493,48.974,54.202,52.342,44.898,36.922
3008,3008,4.7179,22.861,30.503,38.746,47.378,54.724,43.414,42.072,42.843,3008,3008,8.0235,23.682,33.772,41.422,49.877,55.251,39.423,40.14,36.897,3008,3008,-2.4551,17.025,33.44,43.603,49.768,57.02,54.024,48.113,38.749
3009,3009,12.288,22.679,33.838,37.212,50.315,56.888,44.235,48.019,39.724,3009,3009,14.322,19.083,32.917,38.264,50.709,56.097,41.308,45.498,37.082,3009,3009,-1.8558,22.31,35.532,41.39,50.709,57.614,55.825,50.904,38.119
3010,3010,10.589,22.129,33.301,40.502,50.111,52.103,42.712,42.063,42,3010,3010,10.728,10.058,31.829,41.604,51.294,53.523,39.432,39.521,37.152,3010,3010,3.0702,28.206,38.463,42.165,51.082,57.017,55.01,47.057,37.483
3011,3011,6.0743,18.817,33.217,39.388,51.376,55.825,40.821,42.847,39.066,3011,3011,10.753,20.674,29.872,38.251,48.008,54.621,38.789,41.755,36.594,3011,3011,4.0618,24.501,35.495,40.878,47.693,53.922,52.617,45.048,37.125
3012,3012,9.8464,23.003,28.311,36.4,50.328,56.346,42.659,43.003,42.021,3012,3012,15.29,22.978,29.22,35.333,50.261,56.423,39.972,40.866,37.253,3012,3012,2.4982,18.954,35.243,39.218,47.487,55.774,55.065,47.88,38.555
3013,3013,10.173,20.315,36.241,35,45.311,53.815,40.198,41.625,38.39,3013,3013,8.3675,17.79,29.491,36.572,45.556,53.768,37,38.982,36.011,3013,3013,1.5022,20.623,32.295,39.859,43.328,53.191,53.081,46.267,36.996
3014,3014,5.7915,21.509,31.711,35.224,45.201,51.83,41.796,42.721,38.454,3014,3014,7.4485,23.712,28.902,36.59,48.151,52.527,39.342,40.302,36.695,3014,3014,0.21112,21.424,30.075,42.482,47.227,52.409,55.334,49.353,37.843
3015,3015,11.461,19.738,32.866,36.343,48.675,55.313,44.994,44.372,41.677,3015,3015,-0.63417,20.682,31.688,40.886,49.265,55.193,41.582,39.945,37.107,3015,3015,-5.3772,23.77,27.011,36.57,47.455,54.945,57.844,50.523,37.94
3016,3016,9.3683,18.531,28.422,37.351,51.208,55.249,45.268,46.317,38.27,3016,3016,6.3136,26.636,30.161,40.881,49.476,54.951,40.687,42.94,37.258,3016,3016,2.7219,18.087,30.001,38.596,50.041,55.728,58.201,52.738,37.851
3017,3017,7.4767,21.832,30.035,36.134,47.024,52.922,50.577,48.054,41.859,3017,3017,7.7954,20.805,28.146,35.947,50.176,53.702,46.975,43.101,37.5,3017,3017,-0.30838,15.626,30.98,36.96,50.908,58.606,65.12,57.882,39.176
3018,3018,4.5836,24.539,33.753,37.76,54.623,59.244,52.568,47.108,39.049,3018,3018,-0.43388,22.477,30.813,37.15,54.41,58.359,48.49,42.089,37.411,3018,3018,1.6293,17.183,31.975,39.475,53.488,60.427,66.693,58.102,39.444
3019,3019,4.1466,21.394,33.648,37.887,55.57,60.239,53.579,48.292,42.396,3019,3019,6.7902,21.889,32.965,38.313,53.546,59.875,49.708,44.737,38.343,3019,3019,5.3094,21.136,30.617,39.07,53.04,62.964,67.021,58.003,39.561
3020,3020,7.1802,21.062,33.301,39.45,58.219,62.069,54.436,50.34,39.89,3020,3020,7.59,16.98,27.395,40.044,57.41,61.918,53.26,46.245,39.071,3020,3020,6.8186,22.001,30.391,40.91,57.644,63.933,65.389,58.593,40.225
3021,3021,1.5158,17.003,31.189,36.679,58.335,63.694,53.925,51.794,43.64,3021,3021,6.2531,25.897,30.012,36.933,59.932,64.4,51.4,49.7,40.112,3021,3021,1.0912,21.666,30.289,40.051,56.799,64.945,66.159,56.263,40.799
3022,3022,0.86772,12.399,24.599,39.64,57.172,60.052,54.685,53.663,41.547,3022,3022,7.0727,21.945,32.4,39.129,55.651,60.109,51.59,52.756,40.515,3022,3022,-8.6534,18.185,31.135,39.075,54.723,62.097,62.406,54.814,40.547
3023,3023,12.437,19.636,30.934,37.486,54.344,57.694,49.09,51.454,43.461,3023,3023,18.012,20.896,26.902,37.017,53.218,57.268,44.657,49.998,40.471,3023,3023,-6.5222,15.663,25.528,42.395,56.071,59.148,57.098,52.277,40.38
3024,3024,12.749,19.754,35.463,40.666,54.453,59.263,52.875,54.762,40.831,3024,3024,14.107,17.018,29.665,38.903,53.227,58.983,49.763,51.636,39.471,3024,3024,1.9853,17.604,30.182,43.735,58.656,60.167,62.052,56.859,39.793
3025,3025,6.2059,17.137,32.968,40.968,57.1,61.074,59.73,59.356,44.949,3025,3025,7.5664,16.128,32.573,40.118,57.956,61.073,55.533,55.581,41.663,3025,3025,-0.69148,20.172,31.631,44.327,56.661,62.472,67.218,60.793,41.709
3026,3026,13.178,19.745,29.835,37.454,53.76,58.38,60.242,63.406,45.631,3026,3026,16.874,24.49,30.077,44.741,55.871,57.292,55.931,58.74,44.237,3026,3026,1.9044,20.627,28.714,41.382,58.635,63.005,68.13,63.048,42.896
3027,3027,7.8116,18.967,31.314,39.232,57.643,63.793,61.745,62.722,46.842,3027,3027,12.15,22.49,26.151,43.389,58.768,63.198,58.188,59.021,44.455,3027,3027,0.4838,20.713,30.457,41.34,60.657,65.015,69.912,65.147,44.001
3028,3028,8.6872,22.219,25.846,36.06,56.65,64.029,61.67,60.199,44.27,3028,3028,10.246,24.768,26.041,42.743,58.876,63.664,59.087,57.325,43.426,3028,3028,-3.91,22.378,31.436,44.994,59.487,64.257,70.306,63.973,43.167
3029,3029,4.0769,21.456,33.74,38.054,60.918,65.541,65.082,59.007,46.046,3029,3029,8.4499,16.401,32.374,44.509,63.411,65.313,60.452,55.706,42.901,3029,3029,-8.7501,17.348,28.877,42.919,61.303,66.023,74.117,65.51,44.626
3030,3030,8.3934,18.716,34.103,39.012,58.752,62.009,67.704,58.457,43.232,3030,3030,3.3429,19.071,29.775,35.969,59.766,61.648,63.263,55.801,41.718,3030,3030,-3.8399,12.79,31.049,39.427,57.823,65.346,74.057,64.934,43.593
3031,3031,9.4921,15.494,30.051,40.017,56.339,63.098,68.867,60.299,45.715,3031,3031,9.3892,20.158,33.888,40.418,59.094,63.09,63.438,57.011,41.857,3031,3031,-5.5828,22.898,32.408,41.451,57.081,66.581,74.934,66.338,43.883
3032,3032,7.5731,21.483,36.101,39.212,53.744,63.515,65.858,57.386,43.045,3032,3032,13.622,14.514,30.097,39.497,56.48,62.983,60.978,55.594,40.881,3032,3032,-4.1454,19.022,33.275,37.952,55.662,67.357,73.34,65.286,42.64
3033,3033,9.9068,24.49,31.713,38.978,51.958,59.606,62.122,52.215,43.637,3033,3033,13.143,19.749,27.422,41.175,54.014,59.971,56.892,49.9,38.731,3033,3033,3.1335,12.281,30.792,37.275,49.721,64.039,69.75,59.699,40.589
3034,3034,9.3679,23.205,33.353,38.319,61.44,63.922,62.74,50.704,42.139,3034,3034,-0.0018077,23.83,31.974,38.232,61.215,64.056,58.905,47.631,38.905,3034,3034,0.22105,22.656,28.654,40.664,57.612,66.959,67.988,57.318,40.837
3035,3035,10.451,17.374,35.669,38.362,60.534,64.092,55.658,48.296,44.427,3035,3035,12.476,20.549,35.867,43.272,61.7,63.99,53.706,45.956,40.099,3035,3035,-1.3799,14.089,31.904,39.039,53.471,63.691,65.047,53.118,41.589
3036,3036,4.3721,21.17,36.979,38.321,56.559,62.629,55.516,53.144,43.486,3036,3036,10.848,20.233,27.698,41.147,56.32,62.164,52.555,49.426,39.85,3036,3036,0.85211,15.075,28.765,42.07,54.611,64.391,64.466,56.996,41.758
3037,3037,4.5807,16.806,34.813,34.845,56.918,58.799,57.467,48.8,45.345,3037,3037,5.1422,16.228,32.816,40.668,57.95,59.801,50.029,45.477,40.027,3037,3037,-4.6855,23.137,33.528,40.069,52.06,63.185,63.308,54.204,41.197
3038,3038,0.53774,16.534,35.553,39.123,53.784,60.802,55.38,51.686,43.407,3038,3038,13.075,22.421,33.454,42.774,56.758,60.312,52.026,48.442,39.178,3038,3038,4.646,10.805,26.563,38.515,54.383,62.816,65.602,57.398,41.421
3039,3039,4.7465,16.091,32.015,39.542,56.032,58.383,45.909,45.792,43.51,3039,3039,9.7466,23.851,32.853,45.205,58.09,59.105,45.107,44.192,38.105,3039,3039,6.704,9.1946,27.733,40.417,52.866,59.521,58.312,51.371,39.162
3040,3040,10.299,20.739,31.186,39.212,52.248,53.02,50.505,49.243,41.421,3040,3040,11.712,19.355,29.469,43.042,51.262,54.928,49.474,44.997,38.61,3040,3040,-3.3032,12.92,31.278,36.874,51.064,57.332,57.883,50.626,39.846
3041,3041,3.9114,19.198,31.058,35.022,55.098,61.229,48.64,46.737,43.125,3041,3041,4.514,16.583,25.823,38.222,58.061,62.048,46.371,42.47,37.81,3041,3041,-2.9538,14.684,22.821,39.343,56.187,64.204,56.726,50.374,39.108
3042,3042,-1.3303,23.284,29.411,40.851,49.48,53.38,38.699,40.842,39.952,3042,3042,10.181,20.887,31.319,39.863,50.477,54.38,36.457,40.477,36.916,3042,3042,-2.6257,17.917,28.147,44.373,52.122,51.192,49.604,44.012,38.498
3043,3043,3.7554,24.577,27.549,34.325,46.669,47.099,36.974,42.216,43.291,3043,3043,10.238,22.403,31.266,39.64,46.011,46.567,34.214,42.245,38.804,3043,3043,-4.4336,20.067,31.809,35.811,46.922,48.718,50.441,43.692,39.239
3044,3044,10.595,20.835,33.54,36.727,44.577,45.351,36.455,42.101,41.928,3044,3044,9.6245,23.731,26.872,37.425,47.046,46.991,35.53,42.05,38.623,3044,3044,1.475,21.101,34.007,36.892,47.128,49.743,50.785,44.402,39.457
3045,3045,6.3095,20.475,31.414,36.721,45.271,47.62,43.563,42.636,44.455,3045,3045,7.588,22.09,31.482,36.91,46.419,48.142,40.387,42.352,39.551,3045,3045,3.5671,16.523,26.692,36.457,47.273,52.675,56.178,44.977,41.26
3046,3046,9.6312,18.558,30.973,34.039,46.143,52.748,45.556,42.209,41.014,3046,3046,10.406,21.964,30.076,35.541,47.567,52.166,41.067,42.179,38.222,3046,3046,0.81266,14.987,27.144,38.236,49.515,54.62,56.502,45.679,39.089
3047,3047,6.9221,15.557,29.138,35.792,49.219,55.566,44.339,42.687,43.617,3047,3047,6.7266,19.51,30.499,31.063,47.105,54.641,40.241,41.605,38.664,3047,3047,2.0095,22.691,32.887,38.673,52.687,57.275,54.326,46.98,39.877
3048,3048,7.9674,24.205,32.203,37.341,50.368,54.405,49.05,45.062,40.714,3048,3048,2.3513,19.275,28.705,38.639,47.984,53.674,44.258,41.948,37.401,3048,3048,4.5089,20.191,29.328,37.101,50.258,59.839,61.484,52.974,39.337
3049,3049,2.8015,23.278,26.362,35.948,52.79,54.141,47.61,45.704,43.152,3049,3049,8.9844,18.927,30.392,36.552,52.773,54.435,40.755,41.88,38.051,3049,3049,1.9394,16.153,27.823,40.933,49.283,56.108,59.163,50.296,39.245
3050,3050,5.2827,21.154,30.603,37.765,53.415,55.514,49.434,48.689,41.541,3050,3050,4.1926,23.004,29.3,36.673,54.394,55.568,44.18,46.54,38.492,3050,3050,-4.8967,19.518,28.747,38.971,53.432,55.888,60.826,50.933,39.337
3051,3051,3.1711,20.237,35.394,35.64,50.667,56.043,53.354,56.998,43.876,3051,3051,7.8059,21.469,30.066,35.347,50.967,55.844,44.932,54.078,40.218,3051,3051,0.7632,21.276,29.11,40.28,51.852,58.468,65.35,61.84,39.929
3052,3052,5.3962,27.095,32.577,36.132,48.801,52.449,46.169,43.448,41.01,3052,3052,14.097,22.247,27.738,38.787,49.374,50.635,41.108,41.127,37.3,3052,3052,-0.35343,22.794,34.68,40.31,50.924,55.82,58.374,51.67,39.288
3053,3053,4.7245,15.631,33.469,34.587,46.463,49.529,37.775,41.98,43.332,3053,3053,14.888,13.989,30.3,37.313,47.284,48.833,35.564,39.1,38.49,3053,3053,3.9785,22.835,35.543,37.712,47.077,49.689,50.171,45.593,39.625
3054,3054,3.2157,19.656,31.82,38.619,47.948,47.887,39.137,40.921,40.612,3054,3054,6.9202,19.111,31.713,40.695,47.683,48.515,36.026,38.668,37.39,3054,3054,-1.8377,22.208,30.443,38.996,47.817,50.872,53.247,46.982,38.865
3055,3055,11.889,21.775,30.412,38.79,47.665,48.693,38.977,41.719,42.667,3055,3055,13.152,22.433,28.933,40.058,45.538,47.907,36.198,39.786,37.462,3055,3055,-2.1555,20.962,30.701,37.227,45.766,51.307,51.846,45.623,38.671
3056,3056,13.095,20.226,32.521,36.816,48.602,51.251,44.454,43.164,40.403,3056,3056,13.978,16.499,31.543,40.209,48.509,50.864,41.028,40.732,37.636,3056,3056,-10.795,16.206,32.885,37.726,47.56,52.949,55.956,47.86,39.403
3057,3057,7.5776,19.665,33.231,37.343,50.533,53.933,45.652,42.777,42.036,3057,3057,9.6946,16.418,29.085,38.485,50.8,53.515,42.715,39.953,38.593,3057,3057,-4.6079,16.216,30.501,39.55,49.236,56.075,54.612,45.889,39.619
3058,3058,11.432,22.316,26.774,38.447,54.431,62.106,45.948,45.392,42.707,3058,3058,11.251,21.365,28.093,42.085,58.025,63.212,45.56,46.108,38.374,3058,3058,-3.6367,19.884,26.353,40.733,56.093,64.552,55.101,47.891,40.165
3059,3059,2.8248,15.096,32.919,37.869,53.904,58.672,50.238,46.637,40.892,3059,3059,4.3126,18.642,30.624,42.913,53.811,57.513,48.314,45.007,38.322,3059,3059,0.90686,22.047,21.774,40.869,52.881,58.87,58.004,49.703,39.701
3060,3060,-0.22107,19.334,33.598,37.71,51.768,50.29,49.844,50.288,43.048,3060,3060,14.197,18.987,28.521,38.739,53.151,54.103,46.217,47.054,37.882,3060,3060,4.9646,22.525,30.647,39.454,51.46,59.778,61.004,54.616,39.154
3061,3061,10.574,27.664,31.913,39.847,54.349,51.844,50.132,47.912,40.224,3061,3061,13.845,27.318,27.575,39.755,53.322,51.574,47.894,46.842,37.672,3061,3061,-1.8666,18.869,27.438,37.393,51.938,58.517,60.683,53.623,38.756
3062,3062,7.4917,15.138,30.507,36.194,49.945,55.013,47.874,50.578,43.121,3062,3062,7.1062,19.811,30.43,43.893,53.307,55.554,43.498,47.088,38.491,3062,3062,-2.5978,14.778,23.622,39.231,52.918,58.714,59.431,53.885,39.839
3063,3063,9.6545,19.129,33.624,40.453,54.52,58.864,46.969,50.655,41.235,3063,3063,1.901,19.361,29.677,39.949,52.907,57.819,43.994,46.55,37.85,3063,3063,-3.8452,19.467,31.116,41.07,53.142,58.781,59.39,54.5,39.293
3064,3064,8.397,15.756,33.734,42.292,58.366,63.27,52.431,57.646,51.539,3064,3064,13.432,22.609,28.784,41.113,56.825,63.914,49.836,55.664,48.878,3064,3064,10.901,24.299,36.134,45.294,55.801,62.924,66.604,59.33,47.69
3065,3065,17.601,37.546,41.901,50.454,60.034,63.904,56.386,55.978,51.026,3065,3065,16.063,34.383,41.721,52.183,59.618,63.151,52.416,57.227,51.047,3065,3065,19.356,32.177,43.793,51.225,59.638,62.739,67.837,59.484,46.501
3066,3066,29.543,36.559,31.328,43.02,66.13,66.438,56.2,51.097,44.924,3066,3066,25.655,28.979,30.1,44.701,62.146,65.079,54.145,48.219,39.65,3066,3066,15.266,24.816,31.731,45.445,69.509,67.431,69.534,61.361,41.689
3067,3067,26.1,40.502,62.843,76.24,74.312,76.113,73.046,69.999,62.187,3067,3067,20.078,31.782,61.363,78.725,76.527,77.08,70.579,70.195,61.932,3067,3067,2.598,33.808,51.986,67.676,69.098,70.281,71.948,69.459,64.862
3068,3068,37.254,45.877,66.752,64.833,66.138,72.07,72.323,75.892,79.098,3068,3068,33.65,40.393,64.324,68.44,66.043,67.555,65.619,69.13,72.786,3068,3068,23.611,32.662,52.133,58.415,60.093,61.844,63.114,63.148,66.318
3069,3069,36.38,37.254,36.193,12.016,-42.481,-142.04,-359.86,-596.27,-1379,3069,3069,33.856,31.259,28.991,13.776,-41.381,-146.42,-367.45,-603.44,-1385.4,3069,3069,26.807,24.207,16.822,2.5348,-47.394,-152.75,-368.09,-609.47,-1391.7
3070,3070,21.666,25.389,14.141,-43.243,-149.78,-356.84,-792.12,-1270.4,-2835.7,3070,3070,22.085,20.831,5.8531,-38.821,-148.95,-361.2,-799.88,-1277.6,-2842,3070,3070,15.826,13.429,-5.3075,-49.846,-154.95,-367.54,-800.16,-1283.6,-2848.4
3071,3071,20.589,15.094,-7.6933,-95.65,-257.05,-571.61,-1225.8,-1944.5,-Inf,3071,3071,16.695,11.442,-15.449,-94.02,-256.52,-575.95,-1233.8,-1951.7,-Inf,3071,3071,13.703,3.1344,-27.148,-105.1,-262.47,-582.3,-1233.4,-1957.7,-Inf
3072,3072,12.527,4.6106,-29.421,-150.61,-364.3,-786.36,-1659.9,-2618.7,-Inf,3072,3072,12.895,1.5393,-36.613,-146.35,-364.1,-790.68,-1667.7,-2625.8,-Inf,3072,3072,5.3367,-6.9283,-48.582,-157.5,-369.96,-797.04,-1667.6,-2631.8,-Inf
3073,3073,7.6352,-5.2919,-51.018,-203.5,-471.53,-1001.1,-2092.4,-Inf,-Inf,3073,3073,4.8064,-8.5632,-57.882,-201.54,-471.68,-1005.4,-2100,-Inf,-Inf,3073,3073,2.0822,-16.598,-69.83,-212.47,-477.4,-1011.8,-2100.6,-Inf,-Inf
3074,3074,2.3472,-14.945,-72.43,-257.8,-578.76,-1215.8,-2524.7,-Inf,-Inf,3074,3074,2.3424,-18.927,-79.29,-254.09,-579.23,-1220.1,-2532.5,-Inf,-Inf,3074,3074,-4.4168,-26.326,-90.99,-265.34,-584.79,-1226.5,-2532.7,-Inf,-Inf
3075,3075,-2.8137,-24.703,-93.675,-311.48,-685.99,-1430.5,-2958.6,-Inf,-Inf,3075,3075,-3.9121,-29.492,-100.85,-308.82,-686.75,-1434.8,-2966.5,-Inf,-Inf,3075,3075,-8.4608,-36.326,-112.16,-319.67,-692.14,-1441.2,-2966.1,-Inf,-Inf
3076,3076,-7.5346,-34.719,-114.83,-364.98,-793.25,-1645.2,-Inf,-Inf,-Inf,3076,3076,-8.7471,-39.996,-122.53,-362.01,-794.23,-1649.5,-Inf,-Inf,-Inf,3076,3076,-14.087,-46.635,-133.41,-373.32,-799.44,-1655.9,-Inf,-Inf,-Inf
3077,3077,-13.679,-45.04,-136,-419.49,-900.52,-1859.9,-Inf,-Inf,-Inf,3077,3077,-13.234,-50.168,-144.29,-415.99,-901.67,-1864.3,-Inf,-Inf,-Inf,3077,3077,-19.273,-57.172,-154.8,-426.85,-906.71,-1870.6,-Inf,-Inf,-Inf
3078,3078,-17.086,-55.584,-157.26,-472.26,-1007.8,-2074.7,-Inf,-Inf,-Inf,3078,3078,-19.621,-59.976,-166.03,-470.02,-1009.1,-2079,-Inf,-Inf,-Inf,3078,3078,-23.464,-67.717,-176.33,-481.33,-1013.9,-2085.3,-Inf,-Inf,-Inf
3079,3079,-24.243,-66.123,-178.65,-527.36,-1115.2,-2289.4,-Inf,-Inf,-Inf,3079,3079,-22.962,-69.654,-187.67,-523.2,-1116.4,-2293.7,-Inf,-Inf,-Inf,3079,3079,-30.169,-77.988,-198,-534.13,-1121.2,-2300.1,-Inf,-Inf,-Inf
3080,3080,-27.224,-76.374,-200.19,-579.73,-1222.5,-2504.1,-Inf,-Inf,-Inf,3080,3080,-30.08,-79.472,-209.13,-577.99,-1223.7,-2508.5,-Inf,-Inf,-Inf,3080,3080,-33.247,-87.872,-219.75,-589.21,-1228.4,-2514.8,-Inf,-Inf,-Inf
3081,3081,-33.889,-86.24,-221.87,-634.98,-1329.9,-2718.9,-Inf,-Inf,-Inf,3081,3081,-33.118,-89.579,-230.42,-630.55,-1331,-2723.3,-Inf,-Inf,-Inf,3081,3081,-40.384,-97.554,-241.51,-641.59,-1335.6,-2729.6,-Inf,-Inf,-Inf
3082,3082,-37.906,-95.92,-243.62,-687.41,-1437.4,-2933.7,-Inf,-Inf,-Inf,3082,3082,-39.783,-99.985,-251.59,-685.77,-1438.2,-2938.1,-Inf,-Inf,-Inf,3082,3082,-43.585,-107.32,-263.17,-696.84,-1442.9,-2944.4,-Inf,-Inf,-Inf
3083,3083,-43.175,-105.69,-265.37,-742.32,-1544.8,-Inf,-Inf,-Inf,-Inf,3083,3083,-43.771,-110.56,-272.75,-738.1,-1545.4,-Inf,-Inf,-Inf,-Inf,3083,3083,-49.866,-117.35,-284.66,-749.25,-1550.2,-Inf,-Inf,-Inf,-Inf
3084,3084,-48.859,-115.74,-287.03,-795.27,-1652.3,-Inf,-Inf,-Inf,-Inf,3084,3084,-49.078,-121.03,-293.98,-793.27,-1652.7,-Inf,-Inf,-Inf,-Inf,3084,3084,-54.376,-127.69,-305.96,-804.19,-1657.5,-Inf,-Inf,-Inf,-Inf
3085,3085,-52.658,-126.09,-308.51,-849.51,-1759.9,-Inf,-Inf,-Inf,-Inf,3085,3085,-54.723,-131.16,-315.33,-845.86,-1759.9,-Inf,-Inf,-Inf,-Inf,3085,3085,-59.172,-138.24,-327.14,-857.11,-1764.8,-Inf,-Inf,-Inf,-Inf
3086,3086,-59.603,-136.65,-329.81,-903.26,-1867.4,-Inf,-Inf,-Inf,-Inf,3086,3086,-58.547,-140.94,-336.83,-900.53,-1867.1,-Inf,-Inf,-Inf,-Inf,3086,3086,-65.329,-148.77,-348.3,-911.38,-1872.2,-Inf,-Inf,-Inf,-Inf
3087,3087,-62.597,-147.17,-350.99,-956.69,-1975,-Inf,-Inf,-Inf,-Inf,3087,3087,-65.479,-150.63,-358.47,-953.78,-1974.4,-Inf,-Inf,-Inf,-Inf,3087,3087,-68.775,-159,-369.51,-965.1,-1979.6,-Inf,-Inf,-Inf,-Inf
3088,3088,-69.614,-157.38,-372.14,-1011.3,-2082.6,-Inf,-Inf,-Inf,-Inf,3088,3088,-68.476,-160.47,-380.21,-1007.7,-2081.7,-Inf,-Inf,-Inf,-Inf,3088,3088,-75.888,-168.84,-390.85,-1018.6,-2087,-Inf,-Inf,-Inf,-Inf
3089,3089,-73.055,-167.21,-393.36,-1064,-2190.2,-Inf,-Inf,-Inf,-Inf,3089,3089,-75.505,-170.61,-401.97,-1061.8,-2189.1,-Inf,-Inf,-Inf,-Inf,3089,3089,-78.874,-178.52,-412.33,-1073.1,-2194.5,-Inf,-Inf,-Inf,-Inf
3090,3090,-79,-176.89,-414.7,-1119.1,-2297.7,-Inf,-Inf,-Inf,-Inf,3090,3090,-78.925,-181.04,-423.66,-1114.9,-2296.4,-Inf,-Inf,-Inf,-Inf,3090,3090,-85.658,-188.31,-433.95,-1125.9,-2302,-Inf,-Inf,-Inf,-Inf
3091,3091,-83.922,-186.69,-436.19,-1171.5,-2405.3,-Inf,-Inf,-Inf,-Inf,3091,3091,-84.898,-191.62,-445.19,-1169.8,-2403.9,-Inf,-Inf,-Inf,-Inf,3091,3091,-89.479,-198.37,-455.68,-1181,-2409.5,-Inf,-Inf,-Inf,-Inf
3092,3092,-88.345,-196.77,-457.81,-1226.7,-2512.8,-Inf,-Inf,-Inf,-Inf,3092,3092,-89.787,-202.07,-466.54,-1222.3,-2511.3,-Inf,-Inf,-Inf,-Inf,3092,3092,-94.969,-208.74,-477.44,-1233.3,-2517.1,-Inf,-Inf,-Inf,-Inf
3093,3093,-94.838,-207.15,-479.54,-1279.2,-2620.2,-Inf,-Inf,-Inf,-Inf,3093,3093,-94.239,-212.16,-487.74,-1277.5,-2618.8,-Inf,-Inf,-Inf,-Inf,3093,3093,-100.41,-219.3,-499.15,-1288.6,-2624.7,-Inf,-Inf,-Inf,-Inf
3094,3094,-98.06,-217.71,-501.31,-1334,-2727.7,-Inf,-Inf,-Inf,-Inf,3094,3094,-100.71,-221.91,-508.89,-1329.9,-2726.3,-Inf,-Inf,-Inf,-Inf,3094,3094,-104.4,-229.81,-520.71,-1341,-2732.3,-Inf,-Inf,-Inf,-Inf
3095,3095,-105.21,-228.21,-523.01,-1387,-2835,-Inf,-Inf,-Inf,-Inf,3095,3095,-103.94,-231.6,-530.09,-1385,-2833.8,-Inf,-Inf,-Inf,-Inf,3095,3095,-111.23,-240,-542.07,-1395.9,-2839.8,-Inf,-Inf,-Inf,-Inf
3096,3096,-108.29,-238.38,-544.56,-1441.2,-2942.3,-Inf,-Inf,-Inf,-Inf,3096,3096,-111.1,-241.47,-551.39,-1437.6,-2941.4,-Inf,-Inf,-Inf,-Inf,3096,3096,-114.26,-249.82,-563.29,-1448.9,-2947.4,-Inf,-Inf,-Inf,-Inf
3097,3097,-114.82,-248.18,-565.92,-1495,-3049.6,-Inf,-Inf,-Inf,-Inf,3097,3097,-114.16,-251.65,-572.84,-1492.2,-3049,-Inf,-Inf,-Inf,-Inf,3097,3097,-121.35,-259.49,-584.44,-1503.1,-3054.9,-Inf,-Inf,-Inf,-Inf
3098,3098,-119,-257.86,-587.14,-1548.4,-Inf,-Inf,-Inf,-Inf,-Inf,3098,3098,-120.71,-262.1,-594.43,-1545.6,-Inf,-Inf,-Inf,-Inf,-Inf,3098,3098,-124.65,-269.3,-605.63,-1556.9,-Inf,-Inf,-Inf,-Inf,-Inf
3099,3099,-124.11,-267.68,-608.29,-1603,-Inf,-Inf,-Inf,-Inf,-Inf,3099,3099,-124.87,-272.68,-616.14,-1599.4,-Inf,-Inf,-Inf,-Inf,-Inf,3099,3099,-130.79,-279.4,-626.91,-1610.3,-Inf,-Inf,-Inf,-Inf,-Inf
3100,3100,-129.96,-277.8,-629.47,-1655.7,-Inf,-Inf,-Inf,-Inf,-Inf,3100,3100,-130.01,-283.1,-637.9,-1653.6,-Inf,-Inf,-Inf,-Inf,-Inf,3100,3100,-135.48,-289.8,-648.34,-1664.9,-Inf,-Inf,-Inf,-Inf,-Inf
3101,3101,-133.63,-288.21,-650.76,-1710.9,-Inf,-Inf,-Inf,-Inf,-Inf,3101,3101,-135.83,-293.15,-659.63,-1706.6,-Inf,-Inf,-Inf,-Inf,-Inf,3101,3101,-140.11,-300.37,-669.91,-1717.6,-Inf,-Inf,-Inf,-Inf,-Inf
3102,3102,-140.65,-298.78,-672.2,-1763.2,-Inf,-Inf,-Inf,-Inf,-Inf,3102,3102,-139.52,-302.88,-681.23,-1761.5,-Inf,-Inf,-Inf,-Inf,-Inf,3102,3102,-146.42,-310.85,-691.61,-1772.7,-Inf,-Inf,-Inf,-Inf,-Inf
3103,3103,-143.62,-309.25,-693.78,-1818.4,-Inf,-Inf,-Inf,-Inf,-Inf,3103,3103,-146.52,-312.58,-702.64,-1814,-Inf,-Inf,-Inf,-Inf,-Inf,3103,3103,-149.76,-321,-713.37,-1825.1,-Inf,-Inf,-Inf,-Inf,-Inf
3104,3104,-150.57,-319.37,-715.47,-1870.9,-Inf,-Inf,-Inf,-Inf,-Inf,3104,3104,-149.5,-322.48,-723.88,-1869.3,-Inf,-Inf,-Inf,-Inf,-Inf,3104,3104,-156.9,-330.78,-735.11,-1880.3,-Inf,-Inf,-Inf,-Inf,-Inf
3105,3105,-154.13,-329.15,-737.24,-1925.8,-Inf,-Inf,-Inf,-Inf,-Inf,3105,3105,-156.46,-332.69,-745.04,-1921.6,-Inf,-Inf,-Inf,-Inf,-Inf,3105,3105,-159.92,-340.46,-756.73,-1932.8,-Inf,-Inf,-Inf,-Inf,-Inf
3106,3106,-159.92,-338.83,-758.97,-1978.8,-Inf,-Inf,-Inf,-Inf,-Inf,3106,3106,-160,-343.17,-766.21,-1976.7,-Inf,-Inf,-Inf,-Inf,-Inf,3106,3106,-166.6,-350.3,-778.17,-1987.6,-Inf,-Inf,-Inf,-Inf,-Inf
3107,3107,-165.03,-348.68,-780.59,-2032.9,-Inf,-Inf,-Inf,-Inf,-Inf,3107,3107,-165.82,-353.74,-787.47,-2029.4,-Inf,-Inf,-Inf,-Inf,-Inf,3107,3107,-170.57,-360.43,-799.43,-2040.7,-Inf,-Inf,-Inf,-Inf,-Inf
3108,3108,-169.29,-358.83,-802.02,-2086.8,-Inf,-Inf,-Inf,-Inf,-Inf,3108,3108,-170.89,-364.13,-808.86,-2084,-Inf,-Inf,-Inf,-Inf,-Inf,3108,3108,-175.89,-370.85,-820.6,-2094.8,-Inf,-Inf,-Inf,-Inf,-Inf
3109,3109,-175.92,-369.27,-823.28,-2140.1,-Inf,-Inf,-Inf,-Inf,-Inf,3109,3109,-175.19,-374.13,-830.41,-2137.3,-Inf,-Inf,-Inf,-Inf,-Inf,3109,3109,-181.52,-381.43,-841.76,-2148.6,-Inf,-Inf,-Inf,-Inf,-Inf
3110,3110,-179.06,-379.84,-844.44,-2194.8,-Inf,-Inf,-Inf,-Inf,-Inf,3110,3110,-181.79,-383.84,-852.08,-2191.1,-Inf,-Inf,-Inf,-Inf,-Inf,3110,3110,-185.36,-391.89,-863,-2202,-Inf,-Inf,-Inf,-Inf,-Inf
3111,3111,-186.21,-390.29,-865.6,-2247.4,-Inf,-Inf,-Inf,-Inf,-Inf,3111,3111,-184.94,-393.55,-873.83,-2245.3,-Inf,-Inf,-Inf,-Inf,-Inf,3111,3111,-192.28,-401.99,-884.37,-2256.6,-Inf,-Inf,-Inf,-Inf,-Inf
3112,3112,-189.35,-400.37,-886.85,-2302.6,-Inf,-Inf,-Inf,-Inf,-Inf,3112,3112,-192.09,-403.49,-895.58,-2298.4,-Inf,-Inf,-Inf,-Inf,-Inf,3112,3112,-195.28,-411.75,-905.9,-2309.3,-Inf,-Inf,-Inf,-Inf,-Inf
3113,3113,-195.74,-410.12,-908.23,-2355,-Inf,-Inf,-Inf,-Inf,-Inf,3113,3113,-195.22,-413.73,-917.24,-2353.3,-Inf,-Inf,-Inf,-Inf,-Inf,3113,3113,-202.32,-421.44,-927.55,-2364.5,-Inf,-Inf,-Inf,-Inf,-Inf
3114,3114,-200.1,-419.81,-929.75,-2410.2,-Inf,-Inf,-Inf,-Inf,-Inf,3114,3114,-201.64,-424.23,-938.72,-2405.8,-Inf,-Inf,-Inf,-Inf,-Inf,3114,3114,-205.73,-431.3,-949.3,-2416.8,-Inf,-Inf,-Inf,-Inf,-Inf
3115,3115,-205.04,-429.68,-951.41,-2462.7,-Inf,-Inf,-Inf,-Inf,-Inf,3115,3115,-205.97,-434.8,-960.02,-2461,-Inf,-Inf,-Inf,-Inf,-Inf,3115,3115,-211.72,-441.47,-971.06,-2472,-Inf,-Inf,-Inf,-Inf,-Inf
3116,3116,-211.06,-439.87,-973.16,-2517.5,-Inf,-Inf,-Inf,-Inf,-Inf,3116,3116,-210.94,-445.15,-981.2,-2513.4,-Inf,-Inf,-Inf,-Inf,-Inf,3116,3116,-216.58,-451.92,-992.73,-2524.5,-Inf,-Inf,-Inf,-Inf,-Inf
3117,3117,-214.6,-450.33,-994.92,-2570.6,-Inf,-Inf,-Inf,-Inf,-Inf,3117,3117,-216.93,-455.11,-1002.3,-2568.4,-Inf,-Inf,-Inf,-Inf,-Inf,3117,3117,-221.05,-462.49,-1014.2,-2579.3,-Inf,-Inf,-Inf,-Inf,-Inf
3118,3118,-221.68,-460.9,-1016.6,-2624.6,-Inf,-Inf,-Inf,-Inf,-Inf,3118,3118,-220.49,-464.81,-1023.6,-2621.1,-Inf,-Inf,-Inf,-Inf,-Inf,3118,3118,-227.51,-472.92,-1035.6,-2632.4,-Inf,-Inf,-Inf,-Inf,-Inf
3119,3119,-224.65,-471.32,-1038.1,-2678.6,-Inf,-Inf,-Inf,-Inf,-Inf,3119,3119,-227.56,-474.54,-1044.9,-2675.7,-Inf,-Inf,-Inf,-Inf,-Inf,3119,3119,-230.75,-482.98,-1056.7,-2686.5,-Inf,-Inf,-Inf,-Inf,-Inf
3120,3120,-231.52,-481.35,-1059.4,-2731.8,-Inf,-Inf,-Inf,-Inf,-Inf,3120,3120,-230.53,-484.5,-1066.4,-2729.1,-Inf,-Inf,-Inf,-Inf,-Inf,3120,3120,-237.91,-492.72,-1077.9,-2740.4,-Inf,-Inf,-Inf,-Inf,-Inf
3121,3121,-235.22,-491.08,-1080.6,-2786.6,-Inf,-Inf,-Inf,-Inf,-Inf,3121,3121,-237.41,-494.78,-1088,-2782.8,-Inf,-Inf,-Inf,-Inf,-Inf,3121,3121,-240.97,-502.41,-1099.1,-2793.7,-Inf,-Inf,-Inf,-Inf,-Inf
3122,3122,-240.85,-500.78,-1101.7,-2839.2,-Inf,-Inf,-Inf,-Inf,-Inf,3122,3122,-241.09,-505.3,-1109.8,-2837.1,-Inf,-Inf,-Inf,-Inf,-Inf,3122,3122,-247.53,-512.31,-1120.4,-2848.4,-Inf,-Inf,-Inf,-Inf,-Inf
3123,3123,-246.14,-510.69,-1123,-2894.4,-Inf,-Inf,-Inf,-Inf,-Inf,3123,3123,-246.74,-515.85,-1131.5,-2890.1,-Inf,-Inf,-Inf,-Inf,-Inf,3123,3123,-251.67,-522.5,-1141.9,-2901,-Inf,-Inf,-Inf,-Inf,-Inf
3124,3124,-250.25,-520.9,-1144.3,-2946.7,-Inf,-Inf,-Inf,-Inf,-Inf,3124,3124,-252,-526.17,-1153.2,-2945,-Inf,-Inf,-Inf,-Inf,-Inf,3124,3124,-256.82,-532.98,-1163.5,-2956.2,-Inf,-Inf,-Inf,-Inf,-Inf
3125,3125,-256.99,-531.39,-1165.8,-3001.9,-Inf,-Inf,-Inf,-Inf,-Inf,3125,3125,-256.14,-536.09,-1174.8,-2997.5,-Inf,-Inf,-Inf,-Inf,-Inf,3125,3125,-262.62,-543.55,-1185.2,-3008.6,-Inf,-Inf,-Inf,-Inf,-Inf
3126,3126,-260.07,-541.96,-1187.4,-3054.4,-Inf,-Inf,-Inf,-Inf,-Inf,3126,3126,-262.86,-545.78,-1196.1,-3052.7,-Inf,-Inf,-Inf,-Inf,-Inf,3126,3126,-266.33,-553.95,-1207,-3063.7,-Inf,-Inf,-Inf,-Inf,-Inf
3127,3127,-267.19,-552.34,-1209.1,-Inf,-Inf,-Inf,-Inf,-Inf,-Inf,3127,3127,-265.95,-555.52,-1217.3,-Inf,-Inf,-Inf,-Inf,-Inf,-Inf,3127,3127,-273.33,-563.96,-1228.7,-Inf,-Inf,-Inf,-Inf,-Inf,-Inf
3128,3128,-270.41,-562.34,-1230.9,-Inf,-Inf,-Inf,-Inf,-Inf,-Inf,3128,3128,-273.08,-565.52,-1238.5,-Inf,-Inf,-Inf,-Inf,-Inf,-Inf,3128,3128,-276.31,-573.68,-1250.3,-Inf,-Inf,-Inf,-Inf,-Inf,-Inf
3129,3129,-276.67,-572.05,-1252.6,-Inf,-Inf,-Inf,-Inf,-Inf,-Inf,3129,3129,-276.28,-575.82,-1259.7,-Inf,-Inf,-Inf,-Inf,-Inf,-Inf,3129,3129,-283.28,-583.39,-1271.7,-Inf,-Inf,-Inf,-Inf,-Inf,-Inf
3130,3130,-281.2,-581.76,-1274.1,-Inf,-Inf,-Inf,-Inf,-Inf,-Inf,3130,3130,-282.57,-586.36,-1281,-Inf,-Inf,-Inf,-Inf,-Inf,-Inf,3130,3130,-286.8,-593.31,-1292.9,-Inf,-Inf,-Inf,-Inf,-Inf,-Inf
3131,3131,-285.98,-591.7,-1295.5,-Inf,-Inf,-Inf,-Inf,-Inf,-Inf,3131,3131,-287.07,-596.91,-1302.4,-Inf,-Inf,-Inf,-Inf,-Inf,-Inf,3131,3131,-292.64,-603.55,-1314,-Inf,-Inf,-Inf,-Inf,-Inf,-Inf
3132,3132,-292.15,-601.95,-1316.7,-Inf,-Inf,-Inf,-Inf,-Inf,-Inf,3132,3132,-291.87,-607.18,-1324,-Inf,-Inf,-Inf,-Inf,-Inf,-Inf,3132,3132,-297.69,-614.04,-1335.2,-Inf,-Inf,-Inf,-Inf,-Inf,-Inf
3133,3133,-295.59,-612.45,-1337.9,-Inf,-Inf,-Inf,-Inf,-Inf,-Inf,3133,3133,-298.02,-617.06,-1345.7,-Inf,-Inf,-Inf,-Inf,-Inf,-Inf,3133,3133,-302,-624.61,-1356.5,-Inf,-Inf,-Inf,-Inf,-Inf,-Inf
3134,3134,-302.7,-623.02,-1359.1,-Inf,-Inf,-Inf,-Inf,-Inf,-Inf,3134,3134,-301.47,-626.74,-1367.4,-Inf,-Inf,-Inf,-Inf,-Inf,-Inf,3134,3134,-308.59,-634.97,-1377.9,-Inf,-Inf,-Inf,-Inf,-Inf,-Inf
3135,3135,-305.69,-633.36,-1380.4,-Inf,-Inf,-Inf,-Inf,-Inf,-Inf,3135,3135,-308.58,-636.51,-1389.2,-Inf,-Inf,-Inf,-Inf,-Inf,-Inf,3135,3135,-311.75,-644.95,-1399.5,-Inf,-Inf,-Inf,-Inf,-Inf,-Inf
3136,3136,-312.46,-643.32,-1401.8,-Inf,-Inf,-Inf,-Inf,-Inf,-Inf,3136,3136,-311.57,-646.54,-1410.8,-Inf,-Inf,-Inf,-Inf,-Inf,-Inf,3136,3136,-318.9,-654.65,-1421.2,-Inf,-Inf,-Inf,-Inf,-Inf,-Inf
3137,3137,-316.3,-653.02,-1423.3,-Inf,-Inf,-Inf,-Inf,-Inf,-Inf,3137,3137,-318.36,-656.88,-1432.2,-Inf,-Inf,-Inf,-Inf,-Inf,-Inf,3137,3137,-322.02,-664.37,-1442.9,-Inf,-Inf,-Inf,-Inf,-Inf,-Inf
3138,3138,-321.77,-662.74,-1445,-Inf,-Inf,-Inf,-Inf,-Inf,-Inf,3138,3138,-322.17,-667.43,-1453.5,-Inf,-Inf,-Inf,-Inf,-Inf,-Inf,3138,3138,-328.46,-674.33,-1464.7,-Inf,-Inf,-Inf,-Inf,-Inf,-Inf
3139,3139,-327.24,-672.71,-1466.8,-Inf,-Inf,-Inf,-Inf,-Inf,-Inf,3139,3139,-327.67,-677.96,-1474.6,-Inf,-Inf,-Inf,-Inf,-Inf,-Inf,3139,3139,-332.76,-684.59,-1486.3,-Inf,-Inf,-Inf,-Inf,-Inf,-Inf
3140,3140,-331.21,-682.99,-1488.5,-Inf,-Inf,-Inf,-Inf,-Inf,-Inf,3140,3140,-333.11,-688.19,-1495.8,-Inf,-Inf,-Inf,-Inf,-Inf,-Inf,3140,3140,-337.75,-695.1,-1507.8,-Inf,-Inf,-Inf,-Inf,-Inf,-Inf
3141,3141,-338.05,-693.52,-1510.2,-Inf,-Inf,-Inf,-Inf,-Inf,-Inf,3141,3141,-337.1,-698.04,-1517.1,-Inf,-Inf,-Inf,-Inf,-Inf,-Inf,3141,3141,-343.72,-705.67,-1529,-Inf,-Inf,-Inf,-Inf,-Inf,-Inf
3142,3142,-341.08,-704.07,-1531.6,-Inf,-Inf,-Inf,-Inf,-Inf,-Inf,3142,3142,-343.92,-707.71,-1538.4,-Inf,-Inf,-Inf,-Inf,-Inf,-Inf,3142,3142,-347.3,-715.99,-1550.2,-Inf,-Inf,-Inf,-Inf,-Inf,-Inf
3143,3143,-348.16,-714.38,-1552.9,-Inf,-Inf,-Inf,-Inf,-Inf,-Inf,3143,3143,-346.96,-717.5,-1560,-Inf,-Inf,-Inf,-Inf,-Inf,-Inf,3143,3143,-354.36,-725.92,-1571.4,-Inf,-Inf,-Inf,-Inf,-Inf,-Inf
3144,3144,-351.48,-724.29,-1574,-Inf,-Inf,-Inf,-Inf,-Inf,-Inf,3144,3144,-354.05,-727.56,-1581.6,-Inf,-Inf,-Inf,-Inf,-Inf,-Inf,3144,3144,-357.34,-735.62,-1592.6,-Inf,-Inf,-Inf,-Inf,-Inf,-Inf
3145,3145,-357.6,-733.98,-1595.2,-Inf,-Inf,-Inf,-Inf,-Inf,-Inf,3145,3145,-357.35,-737.93,-1603.4,-Inf,-Inf,-Inf,-Inf,-Inf,-Inf,3145,3145,-364.23,-745.35,-1614,-Inf,-Inf,-Inf,-Inf,-Inf,-Inf
3146,3146,-362.31,-743.73,-1616.4,-Inf,-Inf,-Inf,-Inf,-Inf,-Inf,3146,3146,-363.49,-748.49,-1625.1,-Inf,-Inf,-Inf,-Inf,-Inf,-Inf,3146,3146,-367.88,-755.34,-1635.5,-Inf,-Inf,-Inf,-Inf,-Inf,-Inf
3147,3147,-366.92,-753.73,-1637.8,-Inf,-Inf,-Inf,-Inf,-Inf,-Inf,3147,3147,-368.17,-759,-1646.8,-Inf,-Inf,-Inf,-Inf,-Inf,-Inf,3147,3147,-373.56,-765.64,-1657.1,-Inf,-Inf,-Inf,-Inf,-Inf,-Inf
3148,3148,-373.25,-764.04,-1659.3,-Inf,-Inf,-Inf,-Inf,-Inf,-Inf,3148,3148,-372.81,-769.19,-1668.3,-Inf,-Inf,-Inf,-Inf,-Inf,-Inf,3148,3148,-378.8,-776.17,-1678.8,-Inf,-Inf,-Inf,-Inf,-Inf,-Inf
3149,3149,-376.57,-774.58,-1681,-Inf,-Inf,-Inf,-Inf,-Inf,-Inf,3149,3149,-379.11,-779.01,-1689.6,-Inf,-Inf,-Inf,-Inf,-Inf,-Inf,3149,3149,-382.95,-786.72,-1700.6,-Inf,-Inf,-Inf,-Inf,-Inf,-Inf
3150,3150,-383.72,-785.13,-1702.7,-Inf,-Inf,-Inf,-Inf,-Inf,-Inf,3150,3150,-382.46,-788.68,-1710.8,-Inf,-Inf,-Inf,-Inf,-Inf,-Inf,3150,3150,-389.66,-797,-1722.3,-Inf,-Inf,-Inf,-Inf,-Inf,-Inf
3151,3151,-386.74,-795.39,-1724.5,-Inf,-Inf,-Inf,-Inf,-Inf,-Inf,3151,3151,-389.6,-798.49,-1732,-Inf,-Inf,-Inf,-Inf,-Inf,-Inf,3151,3151,-392.76,-806.9,-1743.8,-Inf,-Inf,-Inf,-Inf,-Inf,-Inf
3152,3152,-393.4,-805.27,-1746.1,-Inf,-Inf,-Inf,-Inf,-Inf,-Inf,3152,3152,-392.61,-808.59,-1753.2,-Inf,-Inf,-Inf,-Inf,-Inf,-Inf,3152,3152,-399.89,-816.58,-1765.2,-Inf,-Inf,-Inf,-Inf,-Inf,-Inf
3153,3153,-397.4,-814.95,-1767.7,-Inf,-Inf,-Inf,-Inf,-Inf,-Inf,3153,3153,-399.3,-818.99,-1774.5,-Inf,-Inf,-Inf,-Inf,-Inf,-Inf,3153,3153,-403.08,-826.34,-1786.4,-Inf,-Inf,-Inf,-Inf,-Inf,-Inf
3154,3154,-402.7,-824.72,-1789,-Inf,-Inf,-Inf,-Inf,-Inf,-Inf,3154,3154,-403.26,-829.56,-1796,-Inf,-Inf,-Inf,-Inf,-Inf,-Inf,3154,3154,-409.39,-836.36,-1807.5,-Inf,-Inf,-Inf,-Inf,-Inf,-Inf
3155,3155,-408.35,-834.75,-1810.2,-Inf,-Inf,-Inf,-Inf,-Inf,-Inf,3155,3155,-408.6,-840.04,-1817.6,-Inf,-Inf,-Inf,-Inf,-Inf,-Inf,3155,3155,-413.86,-846.69,-1828.7,-Inf,-Inf,-Inf,-Inf,-Inf,-Inf
3156,3156,-412.17,-845.1,-1831.3,-Inf,-Inf,-Inf,-Inf,-Inf,-Inf,3156,3156,-414.21,-850.19,-1839.3,-Inf,-Inf,-Inf,-Inf,-Inf,-Inf,3156,3156,-418.69,-857.24,-1850,-Inf,-Inf,-Inf,-Inf,-Inf,-Inf
3157,3157,-419.1,-855.65,-1852.5,-Inf,-Inf,-Inf,-Inf,-Inf,-Inf,3157,3157,-418.06,-859.98,-1861.1,-Inf,-Inf,-Inf,-Inf,-Inf,-Inf,3157,3157,-424.82,-867.77,-1871.5,-Inf,-Inf,-Inf,-Inf,-Inf,-Inf
3158,3158,-422.1,-866.17,-1873.9,-Inf,-Inf,-Inf,-Inf,-Inf,-Inf,3158,3158,-424.98,-869.65,-1882.8,-Inf,-Inf,-Inf,-Inf,-Inf,-Inf,3158,3158,-428.28,-878.01,-1893.1,-Inf,-Inf,-Inf,-Inf,-Inf,-Inf
3159,3159,-429.13,-876.4,-1895.3,-Inf,-Inf,-Inf,-Inf,-Inf,-Inf,3159,3159,-427.98,-879.49,-1904.3,-Inf,-Inf,-Inf,-Inf,-Inf,-Inf,3159,3159,-435.39,-887.87,-1914.8,-Inf,-Inf,-Inf,-Inf,-Inf,-Inf
3160,3160,-432.55,-886.24,-1916.9,-Inf,-Inf,-Inf,-Inf,-Inf,-Inf,3160,3160,-435.02,-889.62,-1925.7,-Inf,-Inf,-Inf,-Inf,-Inf,-Inf,3160,3160,-438.37,-897.55,-1936.5,-Inf,-Inf,-Inf,-Inf,-Inf,-Inf
3161,3161,-438.52,-895.92,-1938.6,-Inf,-Inf,-Inf,-Inf,-Inf,-Inf,3161,3161,-438.42,-900.04,-1946.9,-Inf,-Inf,-Inf,-Inf,-Inf,-Inf,3161,3161,-445.17,-907.33,-1958.3,-Inf,-Inf,-Inf,-Inf,-Inf,-Inf
3162,3162,-443.41,-905.71,-1960.4,-Inf,-Inf,-Inf,-Inf,-Inf,-Inf,3162,3162,-444.42,-910.62,-1968.1,-Inf,-Inf,-Inf,-Inf,-Inf,-Inf,3162,3162,-448.97,-917.38,-1979.9,-Inf,-Inf,-Inf,-Inf,-Inf,-Inf
3163,3163,-447.86,-915.78,-1982.1,-Inf,-Inf,-Inf,-Inf,-Inf,-Inf,3163,3163,-449.28,-921.08,-1989.3,-Inf,-Inf,-Inf,-Inf,-Inf,-Inf,3163,3163,-454.49,-927.74,-2001.3,-Inf,-Inf,-Inf,-Inf,-Inf,-Inf
3164,3164,-454.33,-926.15,-2003.7,-Inf,-Inf,-Inf,-Inf,-Inf,-Inf,3164,3164,-453.75,-931.18,-2010.6,-Inf,-Inf,-Inf,-Inf,-Inf,-Inf,3164,3164,-459.9,-938.3,-2022.5,-Inf,-Inf,-Inf,-Inf,-Inf,-Inf
3165,3165,-457.57,-936.71,-2025.1,-Inf,-Inf,-Inf,-Inf,-Inf,-Inf,3165,3165,-460.2,-940.94,-2032,-Inf,-Inf,-Inf,-Inf,-Inf,-Inf,3165,3165,-463.91,-948.82,-2043.7,-Inf,-Inf,-Inf,-Inf,-Inf,-Inf
3166,3166,-464.72,-947.22,-2046.3,-Inf,-Inf,-Inf,-Inf,-Inf,-Inf,3166,3166,-463.45,-950.63,-2053.5,-Inf,-Inf,-Inf,-Inf,-Inf,-Inf,3166,3166,-470.72,-959.02,-2064.8,-Inf,-Inf,-Inf,-Inf,-Inf,-Inf
3167,3167,-467.79,-957.4,-2067.5,-Inf,-Inf,-Inf,-Inf,-Inf,-Inf,3167,3167,-470.6,-960.49,-2075.2,-Inf,-Inf,-Inf,-Inf,-Inf,-Inf,3167,3167,-473.77,-968.84,-2086.1,-Inf,-Inf,-Inf,-Inf,-Inf,-Inf
3168,3168,-474.33,-967.21,-2088.7,-Inf,-Inf,-Inf,-Inf,-Inf,-Inf,3168,3168,-473.66,-970.66,-2097,-Inf,-Inf,-Inf,-Inf,-Inf,-Inf,3168,3168,-480.86,-978.52,-2107.5,-Inf,-Inf,-Inf,-Inf,-Inf,-Inf
3169,3169,-478.49,-976.89,-2109.9,-Inf,-Inf,-Inf,-Inf,-Inf,-Inf,3169,3169,-480.23,-981.1,-2118.7,-Inf,-Inf,-Inf,-Inf,-Inf,-Inf,3169,3169,-484.15,-988.32,-2129,-Inf,-Inf,-Inf,-Inf,-Inf,-Inf
3170,3170,-483.63,-986.7,-2131.3,-Inf,-Inf,-Inf,-Inf,-Inf,-Inf,3170,3170,-484.36,-991.68,-2140.4,-Inf,-Inf,-Inf,-Inf,-Inf,-Inf,3170,3170,-490.31,-998.41,-2150.7,-Inf,-Inf,-Inf,-Inf,-Inf,-Inf
3171,3171,-489.45,-996.81,-2152.9,-Inf,-Inf,-Inf,-Inf,-Inf,-Inf,3171,3171,-489.52,-1002.1,-2161.8,-Inf,-Inf,-Inf,-Inf,-Inf,-Inf,3171,3171,-494.97,-1008.8,-2172.5,-Inf,-Inf,-Inf,-Inf,-Inf,-Inf
3172,3172,-493.14,-1007.2,-2174.6,-Inf,-Inf,-Inf,-Inf,-Inf,-Inf,3172,3172,-495.32,-1012.2,-2183.1,-Inf,-Inf,-Inf,-Inf,-Inf,-Inf,3172,3172,-499.63,-1019.4,-2194.2,-Inf,-Inf,-Inf,-Inf,-Inf,-Inf
3173,3173,-500.15,-1017.8,-2196.3,-Inf,-Inf,-Inf,-Inf,-Inf,-Inf,3173,3173,-499.03,-1021.9,-2204.3,-Inf,-Inf,-Inf,-Inf,-Inf,-Inf,3173,3173,-505.91,-1029.9,-2215.9,-Inf,-Inf,-Inf,-Inf,-Inf,-Inf
3174,3174,-503.12,-1028.3,-2218.1,-Inf,-Inf,-Inf,-Inf,-Inf,-Inf,3174,3174,-506.02,-1031.6,-2225.4,-Inf,-Inf,-Inf,-Inf,-Inf,-Inf,3174,3174,-509.27,-1040,-2237.3,-Inf,-Inf,-Inf,-Inf,-Inf,-Inf
3175,3175,-510.08,-1038.4,-2239.7,-Inf,-Inf,-Inf,-Inf,-Inf,-Inf,3175,3175,-509,-1041.5,-2246.7,-Inf,-Inf,-Inf,-Inf,-Inf,-Inf,3175,3175,-516.41,-1049.8,-2258.6,-Inf,-Inf,-Inf,-Inf,-Inf,-Inf
3176,3176,-513.63,-1048.2,-2261.2,-Inf,-Inf,-Inf,-Inf,-Inf,-Inf,3176,3176,-515.98,-1051.7,-2268,-Inf,-Inf,-Inf,-Inf,-Inf,-Inf,3176,3176,-519.42,-1059.5,-2279.8,-Inf,-Inf,-Inf,-Inf,-Inf,-Inf
3177,3177,-519.44,-1057.9,-2282.5,-Inf,-Inf,-Inf,-Inf,-Inf,-Inf,3177,3177,-519.5,-1062.2,-2289.5,-Inf,-Inf,-Inf,-Inf,-Inf,-Inf,3177,3177,-526.11,-1069.3,-2301,-Inf,-Inf,-Inf,-Inf,-Inf,-Inf
3178,3178,-524.52,-1067.7,-2303.7,-Inf,-Inf,-Inf,-Inf,-Inf,-Inf,3178,3178,-525.34,-1072.7,-2311.2,-Inf,-Inf,-Inf,-Inf,-Inf,-Inf,3178,3178,-530.06,-1079.4,-2322.2,-Inf,-Inf,-Inf,-Inf,-Inf,-Inf
3179,3179,-528.81,-1077.8,-2324.8,-Inf,-Inf,-Inf,-Inf,-Inf,-Inf,3179,3179,-530.38,-1083.1,-2332.9,-Inf,-Inf,-Inf,-Inf,-Inf,-Inf,3179,3179,-535.41,-1089.9,-2343.5,-Inf,-Inf,-Inf,-Inf,-Inf,-Inf
3180,3180,-535.41,-1088.3,-2346,-Inf,-Inf,-Inf,-Inf,-Inf,-Inf,3180,3180,-534.7,-1093.2,-2354.7,-Inf,-Inf,-Inf,-Inf,-Inf,-Inf,3180,3180,-541.01,-1100.4,-2365,-Inf,-Inf,-Inf,-Inf,-Inf,-Inf
3181,3181,-538.57,-1098.8,-2367.4,-Inf,-Inf,-Inf,-Inf,-Inf,-Inf,3181,3181,-541.28,-1102.9,-2376.4,-Inf,-Inf,-Inf,-Inf,-Inf,-Inf,3181,3181,-544.87,-1110.9,-2386.7,-Inf,-Inf,-Inf,-Inf,-Inf,-Inf
3182,3182,-545.71,-1109.3,-2388.9,-Inf,-Inf,-Inf,-Inf,-Inf,-Inf,3182,3182,-544.45,-1112.6,-2397.9,-Inf,-Inf,-Inf,-Inf,-Inf,-Inf,3182,3182,-551.78,-1121,-2408.4,-Inf,-Inf,-Inf,-Inf,-Inf,-Inf
3183,3183,-548.84,-1119.4,-2410.5,-Inf,-Inf,-Inf,-Inf,-Inf,-Inf,3183,3183,-551.6,-1122.5,-2419.2,-Inf,-Inf,-Inf,-Inf,-Inf,-Inf,3183,3183,-554.79,-1130.8,-2430.1,-Inf,-Inf,-Inf,-Inf,-Inf,-Inf
3184,3184,-555.26,-1129.1,-2432.3,-Inf,-Inf,-Inf,-Inf,-Inf,-Inf,3184,3184,-554.72,-1132.7,-2440.4,-Inf,-Inf,-Inf,-Inf,-Inf,-Inf,3184,3184,-561.83,-1140.5,-2451.8,-Inf,-Inf,-Inf,-Inf,-Inf,-Inf
3185,3185,-559.59,-1138.8,-2454,-Inf,-Inf,-Inf,-Inf,-Inf,-Inf,3185,3185,-561.16,-1143.2,-2461.6,-Inf,-Inf,-Inf,-Inf,-Inf,-Inf,3185,3185,-565.22,-1150.3,-2473.4,-Inf,-Inf,-Inf,-Inf,-Inf,-Inf
3186,3186,-564.56,-1148.7,-2475.7,-Inf,-Inf,-Inf,-Inf,-Inf,-Inf,3186,3186,-565.46,-1153.8,-2482.8,-Inf,-Inf,-Inf,-Inf,-Inf,-Inf,3186,3186,-571.24,-1160.5,-2494.7,-Inf,-Inf,-Inf,-Inf,-Inf,-Inf
3187,3187,-570.55,-1158.9,-2497.2,-Inf,-Inf,-Inf,-Inf,-Inf,-Inf,3187,3187,-570.45,-1164.2,-2504.1,-Inf,-Inf,-Inf,-Inf,-Inf,-Inf,3187,3187,-576.07,-1170.9,-2516,-Inf,-Inf,-Inf,-Inf,-Inf,-Inf
3188,3188,-574.11,-1169.3,-2518.6,-Inf,-Inf,-Inf,-Inf,-Inf,-Inf,3188,3188,-576.42,-1174.1,-2525.5,-Inf,-Inf,-Inf,-Inf,-Inf,-Inf,3188,3188,-580.57,-1181.5,-2537.1,-Inf,-Inf,-Inf,-Inf,-Inf,-Inf
3189,3189,-581.18,-1179.9,-2539.8,-Inf,-Inf,-Inf,-Inf,-Inf,-Inf,3189,3189,-580,-1183.8,-2547.1,-Inf,-Inf,-Inf,-Inf,-Inf,-Inf,3189,3189,-587,-1191.9,-2558.3,-Inf,-Inf,-Inf,-Inf,-Inf,-Inf
3190,3190,-584.15,-1190.3,-2561,-Inf,-Inf,-Inf,-Inf,-Inf,-Inf,3190,3190,-587.06,-1193.6,-2568.8,-Inf,-Inf,-Inf,-Inf,-Inf,-Inf,3190,3190,-590.26,-1202,-2579.6,-Inf,-Inf,-Inf,-Inf,-Inf,-Inf
3191,3191,-591.03,-1200.4,-2582.1,-Inf,-Inf,-Inf,-Inf,-Inf,-Inf,3191,3191,-590.03,-1203.5,-2590.6,-Inf,-Inf,-Inf,-Inf,-Inf,-Inf,3191,3191,-597.41,-1211.7,-2601,-Inf,-Inf,-Inf,-Inf,-Inf,-Inf
3192,3192,-594.71,-1210.1,-2603.4,-Inf,-Inf,-Inf,-Inf,-Inf,-Inf,3192,3192,-596.93,-1213.8,-2612.3,-Inf,-Inf,-Inf,-Inf,-Inf,-Inf,3192,3192,-600.46,-1221.4,-2622.6,-Inf,-Inf,-Inf,-Inf,-Inf,-Inf
3193,3193,-600.37,-1219.8,-2624.9,-Inf,-Inf,-Inf,-Inf,-Inf,-Inf,3193,3193,-600.58,-1224.3,-2633.9,-Inf,-Inf,-Inf,-Inf,-Inf,-Inf,3193,3193,-607.05,-1231.3,-2644.3,-Inf,-Inf,-Inf,-Inf,-Inf,-Inf
3194,3194,-605.62,-1229.7,-2646.5,-Inf,-Inf,-Inf,-Inf,-Inf,-Inf,3194,3194,-606.26,-1234.9,-2655.3,-Inf,-Inf,-Inf,-Inf,-Inf,-Inf,3194,3194,-611.16,-1241.5,-2666.1,-Inf,-Inf,-Inf,-Inf,-Inf,-Inf
3195,3195,-609.76,-1239.9,-2668.2,-Inf,-Inf,-Inf,-Inf,-Inf,-Inf,3195,3195,-611.49,-1245.2,-2676.6,-Inf,-Inf,-Inf,-Inf,-Inf,-Inf,3195,3195,-616.34,-1252,-2687.8,-Inf,-Inf,-Inf,-Inf,-Inf,-Inf
3196,3196,-616.48,-1250.4,-2689.9,-Inf,-Inf,-Inf,-Inf,-Inf,-Inf,3196,3196,-615.65,-1255.1,-2697.7,-Inf,-Inf,-Inf,-Inf,-Inf,-Inf,3196,3196,-622.11,-1262.6,-2709.4,-Inf,-Inf,-Inf,-Inf,-Inf,-Inf
3197,3197,-619.57,-1261,-2711.7,-Inf,-Inf,-Inf,-Inf,-Inf,-Inf,3197,3197,-622.35,-1264.8,-2718.9,-Inf,-Inf,-Inf,-Inf,-Inf,-Inf,3197,3197,-625.84,-1273,-2730.8,-Inf,-Inf,-Inf,-Inf,-Inf,-Inf
3198,3198,-626.7,-1271.4,-2733.3,-Inf,-Inf,-Inf,-Inf,-Inf,-Inf,3198,3198,-625.45,-1274.5,-2740.1,-Inf,-Inf,-Inf,-Inf,-Inf,-Inf,3198,3198,-632.83,-1283,-2752.1,-Inf,-Inf,-Inf,-Inf,-Inf,-Inf
3199,3199,-629.9,-1281.4,-2754.7,-Inf,-Inf,-Inf,-Inf,-Inf,-Inf,3199,3199,-632.59,-1284.5,-2761.6,-Inf,-Inf,-Inf,-Inf,-Inf,-Inf,3199,3199,-635.81,-1292.7,-2773.3,-Inf,-Inf,-Inf,-Inf,-Inf,-Inf
3200,3200,-636.19,-1291.1,-2775.9,-Inf,-Inf,-Inf,-Inf,-Inf,-Inf,3200,3200,-635.78,-1294.8,-2783.1,-Inf,-Inf,-Inf,-Inf,-Inf,-Inf,3200,3200,-642.79,-1302.4,-2794.4,-Inf,-Inf,-Inf,-Inf,-Inf,-Inf
3201,3201,-640.69,-1300.8,-2797.1,-Inf,-Inf,-Inf,-Inf,-Inf,-Inf,3201,3201,-642.09,-1305.4,-2804.8,-Inf,-Inf,-Inf,-Inf,-Inf,-Inf,3201,3201,-646.3,-1312.3,-2815.7,-Inf,-Inf,-Inf,-Inf,-Inf,-Inf
3202,3202,-645.49,-1310.7,-2818.3,-Inf,-Inf,-Inf,-Inf,-Inf,-Inf,3202,3202,-646.56,-1315.9,-2826.5,-Inf,-Inf,-Inf,-Inf,-Inf,-Inf,3202,3202,-652.16,-1322.6,-2837.1,-Inf,-Inf,-Inf,-Inf,-Inf,-Inf
3203,3203,-651.65,-1321,-2839.5,-Inf,-Inf,-Inf,-Inf,-Inf,-Inf,3203,3203,-651.39,-1326.2,-2848.3,-Inf,-Inf,-Inf,-Inf,-Inf,-Inf,3203,3203,-657.18,-1333,-2858.6,-Inf,-Inf,-Inf,-Inf,-Inf,-Inf
3204,3204,-655.09,-1331.5,-2860.9,-Inf,-Inf,-Inf,-Inf,-Inf,-Inf,3204,3204,-657.51,-1336.1,-2869.9,-Inf,-Inf,-Inf,-Inf,-Inf,-Inf,3204,3204,-661.52,-1343.6,-2880.3,-Inf,-Inf,-Inf,-Inf,-Inf,-Inf
3205,3205,-662.21,-1342,-2882.4,-Inf,-Inf,-Inf,-Inf,-Inf,-Inf,3205,3205,-660.98,-1345.8,-2891.4,-Inf,-Inf,-Inf,-Inf,-Inf,-Inf,3205,3205,-668.08,-1354,-2902,-Inf,-Inf,-Inf,-Inf,-Inf,-Inf
3206,3206,-665.19,-1352.4,-2904.1,-Inf,-Inf,-Inf,-Inf,-Inf,-Inf,3206,3206,-668.09,-1355.5,-2912.7,-Inf,-Inf,-Inf,-Inf,-Inf,-Inf,3206,3206,-671.26,-1364,-2923.8,-Inf,-Inf,-Inf,-Inf,-Inf,-Inf
3207,3207,-671.98,-1362.3,-2925.9,-Inf,-Inf,-Inf,-Inf,-Inf,-Inf,3207,3207,-671.07,-1365.6,-2933.9,-Inf,-Inf,-Inf,-Inf,-Inf,-Inf,3207,3207,-678.41,-1373.7,-2945.4,-Inf,-Inf,-Inf,-Inf,-Inf,-Inf
3208,3208,-675.8,-1372,-2947.6,-Inf,-Inf,-Inf,-Inf,-Inf,-Inf,3208,3208,-677.87,-1375.9,-2955,-Inf,-Inf,-Inf,-Inf,-Inf,-Inf,3208,3208,-681.52,-1383.4,-2966.9,-Inf,-Inf,-Inf,-Inf,-Inf,-Inf
3209,3209,-681.29,-1381.8,-2969.3,-Inf,-Inf,-Inf,-Inf,-Inf,-Inf,3209,3209,-681.66,-1386.4,-2976.2,-Inf,-Inf,-Inf,-Inf,-Inf,-Inf,3209,3209,-687.98,-1393.3,-2988.2,-Inf,-Inf,-Inf,-Inf,-Inf,-Inf
3210,3210,-686.73,-1391.7,-2990.8,-Inf,-Inf,-Inf,-Inf,-Inf,-Inf,3210,3210,-687.19,-1397,-2997.6,-Inf,-Inf,-Inf,-Inf,-Inf,-Inf,3210,3210,-692.25,-1403.6,-3009.4,-Inf,-Inf,-Inf,-Inf,-Inf,-Inf
3211,3211,-690.72,-1402,-3012.1,-Inf,-Inf,-Inf,-Inf,-Inf,-Inf,3211,3211,-692.6,-1407.2,-3019.1,-Inf,-Inf,-Inf,-Inf,-Inf,-Inf,3211,3211,-697.27,-1414.1,-3030.6,-Inf,-Inf,-Inf,-Inf,-Inf,-Inf
3212,3212,-697.54,-1412.5,-3033.3,-Inf,-Inf,-Inf,-Inf,-Inf,-Inf,3212,3212,-696.61,-1417.1,-3040.7,-Inf,-Inf,-Inf,-Inf,-Inf,-Inf,3212,3212,-703.21,-1424.7,-3051.8,-Inf,-Inf,-Inf,-Inf,-Inf,-Inf
3213,3213,-700.58,-1423.1,-3054.4,-Inf,-Inf,-Inf,-Inf,-Inf,-Inf,3213,3213,-703.42,-1426.7,-3062.5,-Inf,-Inf,-Inf,-Inf,-Inf,-Inf,3213,3213,-706.81,-1435,-3073.2,-Inf,-Inf,-Inf,-Inf,-Inf,-Inf
3214,3214,-707.67,-1433.4,-3075.5,-Inf,-Inf,-Inf,-Inf,-Inf,-Inf,3214,3214,-706.46,-1436.5,-3085,-Inf,-Inf,-Inf,-Inf,-Inf,-Inf,3214,3214,-713.86,-1445,-Inf,-Inf,-Inf,-Inf,-Inf,-Inf,-Inf
3215,3215,-710.97,-1443.3,-Inf,-Inf,-Inf,-Inf,-Inf,-Inf,-Inf,3215,3215,-713.56,-1446.6,-Inf,-Inf,-Inf,-Inf,-Inf,-Inf,-Inf,3215,3215,-716.84,-1454.6,-Inf,-Inf,-Inf,-Inf,-Inf,-Inf,-Inf
3216,3216,-717.11,-1453,-Inf,-Inf,-Inf,-Inf,-Inf,-Inf,-Inf,3216,3216,-716.84,-1456.9,-Inf,-Inf,-Inf,-Inf,-Inf,-Inf,-Inf,3216,3216,-723.74,-1464.4,-Inf,-Inf,-Inf,-Inf,-Inf,-Inf,-Inf
3217,3217,-721.79,-1462.8,-Inf,-Inf,-Inf,-Inf,-Inf,-Inf,-Inf,3217,3217,-723.01,-1467.5,-Inf,-Inf,-Inf,-Inf,-Inf,-Inf,-Inf,3217,3217,-727.38,-1474.4,-Inf,-Inf,-Inf,-Inf,-Inf,-Inf,-Inf
3218,3218,-726.43,-1472.7,-Inf,-Inf,-Inf,-Inf,-Inf,-Inf,-Inf,3218,3218,-727.66,-1478,-Inf,-Inf,-Inf,-Inf,-Inf,-Inf,-Inf,3218,3218,-733.08,-1484.6,-Inf,-Inf,-Inf,-Inf,-Inf,-Inf,-Inf
3219,3219,-732.74,-1483,-Inf,-Inf,-Inf,-Inf,-Inf,-Inf,-Inf,3219,3219,-732.33,-1488.2,-Inf,-Inf,-Inf,-Inf,-Inf,-Inf,-Inf,3219,3219,-738.29,-1495.2,-Inf,-Inf,-Inf,-Inf,-Inf,-Inf,-Inf
3220,3220,-736.08,-1493.6,-Inf,-Inf,-Inf,-Inf,-Inf,-Inf,-Inf,3220,3220,-738.6,-1498,-Inf,-Inf,-Inf,-Inf,-Inf,-Inf,-Inf,3220,3220,-742.47,-1505.7,-Inf,-Inf,-Inf,-Inf,-Inf,-Inf,-Inf
3221,3221,-743.22,-1504.1,-Inf,-Inf,-Inf,-Inf,-Inf,-Inf,-Inf,3221,3221,-741.97,-1507.7,-Inf,-Inf,-Inf,-Inf,-Inf,-Inf,-Inf,3221,3221,-749.15,-1516,-Inf,-Inf,-Inf,-Inf,-Inf,-Inf,-Inf
3222,3222,-746.23,-1514.4,-Inf,-Inf,-Inf,-Inf,-Inf,-Inf,-Inf,3222,3222,-749.1,-1517.5,-Inf,-Inf,-Inf,-Inf,-Inf,-Inf,-Inf,3222,3222,-752.26,-1525.9,-Inf,-Inf,-Inf,-Inf,-Inf,-Inf,-Inf
3223,3223,-752.92,-1524.3,-Inf,-Inf,-Inf,-Inf,-Inf,-Inf,-Inf,3223,3223,-752.11,-1527.6,-Inf,-Inf,-Inf,-Inf,-Inf,-Inf,-Inf,3223,3223,-759.4,-1535.6,-Inf,-Inf,-Inf,-Inf,-Inf,-Inf,-Inf
3224,3224,-756.89,-1534,-Inf,-Inf,-Inf,-Inf,-Inf,-Inf,-Inf,3224,3224,-758.81,-1538,-Inf,-Inf,-Inf,-Inf,-Inf,-Inf,-Inf,3224,3224,-762.58,-1545.4,-Inf,-Inf,-Inf,-Inf,-Inf,-Inf,-Inf
3225,3225,-762.22,-1543.7,-Inf,-Inf,-Inf,-Inf,-Inf,-Inf,-Inf,3225,3225,-762.75,-1548.6,-Inf,-Inf,-Inf,-Inf,-Inf,-Inf,-Inf,3225,3225,-768.91,-1555.4,-Inf,-Inf,-Inf,-Inf,-Inf,-Inf,-Inf
3226,3226,-767.83,-1553.8,-Inf,-Inf,-Inf,-Inf,-Inf,-Inf,-Inf,3226,3226,-768.11,-1559,-Inf,-Inf,-Inf,-Inf,-Inf,-Inf,-Inf,3226,3226,-773.35,-1565.7,-Inf,-Inf,-Inf,-Inf,-Inf,-Inf,-Inf
3227,3227,-771.68,-1564.1,-Inf,-Inf,-Inf,-Inf,-Inf,-Inf,-Inf,3227,3227,-773.7,-1569.2,-Inf,-Inf,-Inf,-Inf,-Inf,-Inf,-Inf,3227,3227,-778.21,-1576.2,-Inf,-Inf,-Inf,-Inf,-Inf,-Inf,-Inf
3228,3228,-778.6,-1574.6,-Inf,-Inf,-Inf,-Inf,-Inf,-Inf,-Inf,3228,3228,-777.57,-1579,-Inf,-Inf,-Inf,-Inf,-Inf,-Inf,-Inf,3228,3228,-784.31,-1586.8,-Inf,-Inf,-Inf,-Inf,-Inf,-Inf,-Inf
3229,3229,-781.6,-1585.2,-Inf,-Inf,-Inf,-Inf,-Inf,-Inf,-Inf,3229,3229,-784.47,-1588.7,-Inf,-Inf,-Inf,-Inf,-Inf,-Inf,-Inf,3229,3229,-787.79,-1597,-Inf,-Inf,-Inf,-Inf,-Inf,-Inf,-Inf
3230,3230,-788.64,-1595.4,-Inf,-Inf,-Inf,-Inf,-Inf,-Inf,-Inf,3230,3230,-787.48,-1598.5,-Inf,-Inf,-Inf,-Inf,-Inf,-Inf,-Inf,3230,3230,-794.89,-1606.9,-Inf,-Inf,-Inf,-Inf,-Inf,-Inf,-Inf
3231,3231,-792.04,-1605.3,-Inf,-Inf,-Inf,-Inf,-Inf,-Inf,-Inf,3231,3231,-794.53,-1608.6,-Inf,-Inf,-Inf,-Inf,-Inf,-Inf,-Inf,3231,3231,-797.87,-1616.6,-Inf,-Inf,-Inf,-Inf,-Inf,-Inf,-Inf
3232,3232,-798.04,-1614.9,-Inf,-Inf,-Inf,-Inf,-Inf,-Inf,-Inf,3232,3232,-797.91,-1619,-Inf,-Inf,-Inf,-Inf,-Inf,-Inf,-Inf,3232,3232,-804.69,-1626.4,-Inf,-Inf,-Inf,-Inf,-Inf,-Inf,-Inf
3233,3233,-802.9,-1624.7,-Inf,-Inf,-Inf,-Inf,-Inf,-Inf,-Inf,3233,3233,-803.94,-1629.6,-Inf,-Inf,-Inf,-Inf,-Inf,-Inf,-Inf,3233,3233,-808.46,-1636.4,-Inf,-Inf,-Inf,-Inf,-Inf,-Inf,-Inf
3234,3234,-807.38,-1634.8,-Inf,-Inf,-Inf,-Inf,-Inf,-Inf,-Inf,3234,3234,-808.76,-1640.1,-Inf,-Inf,-Inf,-Inf,-Inf,-Inf,-Inf,3234,3234,-814.01,-1646.7,-Inf,-Inf,-Inf,-Inf,-Inf,-Inf,-Inf
3235,3235,-813.82,-1645.2,-Inf,-Inf,-Inf,-Inf,-Inf,-Inf,-Inf,3235,3235,-813.27,-1650.2,-Inf,-Inf,-Inf,-Inf,-Inf,-Inf,-Inf,3235,3235,-819.39,-1657.3,-Inf,-Inf,-Inf,-Inf,-Inf,-Inf,-Inf
3236,3236,-817.07,-1655.7,-Inf,-Inf,-Inf,-Inf,-Inf,-Inf,-Inf,3236,3236,-819.69,-1660,-Inf,-Inf,-Inf,-Inf,-Inf,-Inf,-Inf,3236,3236,-823.42,-1667.8,-Inf,-Inf,-Inf,-Inf,-Inf,-Inf,-Inf
3237,3237,-824.23,-1666.2,-Inf,-Inf,-Inf,-Inf,-Inf,-Inf,-Inf,3237,3237,-822.96,-1669.7,-Inf,-Inf,-Inf,-Inf,-Inf,-Inf,-Inf,3237,3237,-830.22,-1678,-Inf,-Inf,-Inf,-Inf,-Inf,-Inf,-Inf
3238,3238,-827.28,-1676.4,-Inf,-Inf,-Inf,-Inf,-Inf,-Inf,-Inf,3238,3238,-830.11,-1679.5,-Inf,-Inf,-Inf,-Inf,-Inf,-Inf,-Inf,3238,3238,-833.27,-1687.9,-Inf,-Inf,-Inf,-Inf,-Inf,-Inf,-Inf
3239,3239,-833.85,-1686.2,-Inf,-Inf,-Inf,-Inf,-Inf,-Inf,-Inf,3239,3239,-833.16,-1689.7,-Inf,-Inf,-Inf,-Inf,-Inf,-Inf,-Inf,3239,3239,-840.37,-1697.6,-Inf,-Inf,-Inf,-Inf,-Inf,-Inf,-Inf
3240,3240,-837.98,-1695.9,-Inf,-Inf,-Inf,-Inf,-Inf,-Inf,-Inf,3240,3240,-839.75,-1700.1,-Inf,-Inf,-Inf,-Inf,-Inf,-Inf,-Inf,3240,3240,-843.64,-1707.3,-Inf,-Inf,-Inf,-Inf,-Inf,-Inf,-Inf
3241,3241,-843.14,-1705.7,-Inf,-Inf,-Inf,-Inf,-Inf,-Inf,-Inf,3241,3241,-843.85,-1710.7,-Inf,-Inf,-Inf,-Inf,-Inf,-Inf,-Inf,3241,3241,-849.83,-1717.4,-Inf,-Inf,-Inf,-Inf,-Inf,-Inf,-Inf
3242,3242,-848.94,-1715.8,-Inf,-Inf,-Inf,-Inf,-Inf,-Inf,-Inf,3242,3242,-849.04,-1721.1,-Inf,-Inf,-Inf,-Inf,-Inf,-Inf,-Inf,3242,3242,-854.46,-1727.8,-Inf,-Inf,-Inf,-Inf,-Inf,-Inf,-Inf
3243,3243,-852.65,-1726.2,-Inf,-Inf,-Inf,-Inf,-Inf,-Inf,-Inf,3243,3243,-854.8,-1731.2,-Inf,-Inf,-Inf,-Inf,-Inf,-Inf,-Inf,3243,3243,-859.14,-1738.4,-Inf,-Inf,-Inf,-Inf,-Inf,-Inf,-Inf
3244,3244,-859.65,-1736.8,-Inf,-Inf,-Inf,-Inf,-Inf,-Inf,-Inf,3244,3244,-858.54,-1740.9,-Inf,-Inf,-Inf,-Inf,-Inf,-Inf,-Inf,3244,3244,-865.4,-1748.9,-Inf,-Inf,-Inf,-Inf,-Inf,-Inf,-Inf
3245,3245,-862.63,-1747.3,-Inf,-Inf,-Inf,-Inf,-Inf,-Inf,-Inf,3245,3245,-865.52,-1750.6,-Inf,-Inf,-Inf,-Inf,-Inf,-Inf,-Inf,3245,3245,-868.78,-1759,-Inf,-Inf,-Inf,-Inf,-Inf,-Inf,-Inf
3246,3246,-869.6,-1757.4,-Inf,-Inf,-Inf,-Inf,-Inf,-Inf,-Inf,3246,3246,-868.5,-1760.5,-Inf,-Inf,-Inf,-Inf,-Inf,-Inf,-Inf,3246,3246,-875.91,-1768.8,-Inf,-Inf,-Inf,-Inf,-Inf,-Inf,-Inf
3247,3247,-873.12,-1767.2,-Inf,-Inf,-Inf,-Inf,-Inf,-Inf,-Inf,3247,3247,-875.49,-1770.7,-Inf,-Inf,-Inf,-Inf,-Inf,-Inf,-Inf,3247,3247,-878.91,-1778.5,-Inf,-Inf,-Inf,-Inf,-Inf,-Inf,-Inf
3248,3248,-878.96,-1776.9,-Inf,-Inf,-Inf,-Inf,-Inf,-Inf,-Inf,3248,3248,-878.99,-1781.2,-Inf,-Inf,-Inf,-Inf,-Inf,-Inf,-Inf,3248,3248,-885.63,-1788.3,-Inf,-Inf,-Inf,-Inf,-Inf,-Inf,-Inf
3249,3249,-884.01,-1786.7,-Inf,-Inf,-Inf,-Inf,-Inf,-Inf,-Inf,3249,3249,-884.86,-1791.7,-Inf,-Inf,-Inf,-Inf,-Inf,-Inf,-Inf,3249,3249,-889.55,-1798.4,-Inf,-Inf,-Inf,-Inf,-Inf,-Inf,-Inf
3250,3250,-888.32,-1796.8,-Inf,-Inf,-Inf,-Inf,-Inf,-Inf,-Inf,3250,3250,-889.87,-1802.2,-Inf,-Inf,-Inf,-Inf,-Inf,-Inf,-Inf,3250,3250,-894.93,-1808.9,-Inf,-Inf,-Inf,-Inf,-Inf,-Inf,-Inf
3251,3251,-894.9,-1807.3,-Inf,-Inf,-Inf,-Inf,-Inf,-Inf,-Inf,3251,3251,-894.22,-1812.2,-Inf,-Inf,-Inf,-Inf,-Inf,-Inf,-Inf,3251,3251,-900.5,-1819.4,-Inf,-Inf,-Inf,-Inf,-Inf,-Inf,-Inf
3252,3252,-898.07,-1817.8,-Inf,-Inf,-Inf,-Inf,-Inf,-Inf,-Inf,3252,3252,-900.77,-1821.9,-Inf,-Inf,-Inf,-Inf,-Inf,-Inf,-Inf,3252,3252,-904.39,-1829.9,-Inf,-Inf,-Inf,-Inf,-Inf,-Inf,-Inf
3253,3253,-905.22,-1828.3,-Inf,-Inf,-Inf,-Inf,-Inf,-Inf,-Inf,3253,3253,-903.96,-1831.6,-Inf,-Inf,-Inf,-Inf,-Inf,-Inf,-Inf,3253,3253,-911.28,-1840,-Inf,-Inf,-Inf,-Inf,-Inf,-Inf,-Inf
3254,3254,-908.34,-1838.4,-Inf,-Inf,-Inf,-Inf,-Inf,-Inf,-Inf,3254,3254,-911.11,-1841.5,-Inf,-Inf,-Inf,-Inf,-Inf,-Inf,-Inf,3254,3254,-914.29,-1849.8,-Inf,-Inf,-Inf,-Inf,-Inf,-Inf,-Inf
3255,3255,-914.78,-1848.2,-Inf,-Inf,-Inf,-Inf,-Inf,-Inf,-Inf,3255,3255,-914.21,-1851.7,-Inf,-Inf,-Inf,-Inf,-Inf,-Inf,-Inf,3255,3255,-921.34,-1859.5,-Inf,-Inf,-Inf,-Inf,-Inf,-Inf,-Inf
3256,3256,-919.08,-1857.9,-Inf,-Inf,-Inf,-Inf,-Inf,-Inf,-Inf,3256,3256,-920.68,-1862.2,-Inf,-Inf,-Inf,-Inf,-Inf,-Inf,-Inf,3256,3256,-924.71,-1869.3,-Inf,-Inf,-Inf,-Inf,-Inf,-Inf,-Inf
3257,3257,-924.08,-1867.7,-Inf,-Inf,-Inf,-Inf,-Inf,-Inf,-Inf,3257,3257,-924.94,-1872.8,-Inf,-Inf,-Inf,-Inf,-Inf,-Inf,-Inf,3257,3257,-930.75,-1879.5,-Inf,-Inf,-Inf,-Inf,-Inf,-Inf,-Inf
3258,3258,-930.04,-1877.9,-Inf,-Inf,-Inf,-Inf,-Inf,-Inf,-Inf,3258,3258,-929.97,-1883.2,-Inf,-Inf,-Inf,-Inf,-Inf,-Inf,-Inf,3258,3258,-935.56,-1889.9,-Inf,-Inf,-Inf,-Inf,-Inf,-Inf,-Inf
3259,3259,-933.62,-1888.3,-Inf,-Inf,-Inf,-Inf,-Inf,-Inf,-Inf,3259,3259,-935.91,-1893.2,-Inf,-Inf,-Inf,-Inf,-Inf,-Inf,-Inf,3259,3259,-940.09,-1900.5,-Inf,-Inf,-Inf,-Inf,-Inf,-Inf,-Inf
3260,3260,-940.68,-1898.9,-Inf,-Inf,-Inf,-Inf,-Inf,-Inf,-Inf,3260,3260,-939.51,-1902.9,-Inf,-Inf,-Inf,-Inf,-Inf,-Inf,-Inf,3260,3260,-946.49,-1910.9,-Inf,-Inf,-Inf,-Inf,-Inf,-Inf,-Inf
3261,3261,-943.66,-1909.3,-Inf,-Inf,-Inf,-Inf,-Inf,-Inf,-Inf,3261,3261,-946.56,-1912.6,-Inf,-Inf,-Inf,-Inf,-Inf,-Inf,-Inf,3261,3261,-949.77,-1921,-Inf,-Inf,-Inf,-Inf,-Inf,-Inf,-Inf
3262,3262,-950.55,-1919.4,-Inf,-Inf,-Inf,-Inf,-Inf,-Inf,-Inf,3262,3262,-949.53,-1922.5,-Inf,-Inf,-Inf,-Inf,-Inf,-Inf,-Inf,3262,3262,-956.92,-1930.8,-Inf,-Inf,-Inf,-Inf,-Inf,-Inf,-Inf
3263,3263,-954.2,-1929.1,-Inf,-Inf,-Inf,-Inf,-Inf,-Inf,-Inf,3263,3263,-956.44,-1932.8,-Inf,-Inf,-Inf,-Inf,-Inf,-Inf,-Inf,3263,3263,-959.96,-1940.5,-Inf,-Inf,-Inf,-Inf,-Inf,-Inf,-Inf
3264,3264,-959.88,-1938.8,-Inf,-Inf,-Inf,-Inf,-Inf,-Inf,-Inf,3264,3264,-960.07,-1943.3,-Inf,-Inf,-Inf,-Inf,-Inf,-Inf,-Inf,3264,3264,-966.56,-1950.3,-Inf,-Inf,-Inf,-Inf,-Inf,-Inf,-Inf
3265,3265,-965.11,-1948.7,-Inf,-Inf,-Inf,-Inf,-Inf,-Inf,-Inf,3265,3265,-965.78,-1953.9,-Inf,-Inf,-Inf,-Inf,-Inf,-Inf,-Inf,3265,3265,-970.65,-1960.5,-Inf,-Inf,-Inf,-Inf,-Inf,-Inf,-Inf
3266,3266,-969.27,-1958.9,-Inf,-Inf,-Inf,-Inf,-Inf,-Inf,-Inf,3266,3266,-970.98,-1964.2,-Inf,-Inf,-Inf,-Inf,-Inf,-Inf,-Inf,3266,3266,-975.86,-1971,-Inf,-Inf,-Inf,-Inf,-Inf,-Inf,-Inf
3267,3267,-975.98,-1969.4,-Inf,-Inf,-Inf,-Inf,-Inf,-Inf,-Inf,3267,3267,-975.17,-1974.1,-Inf,-Inf,-Inf,-Inf,-Inf,-Inf,-Inf,3267,3267,-981.6,-1981.6,-Inf,-Inf,-Inf,-Inf,-Inf,-Inf,-Inf
3268,3268,-979.08,-1980,-Inf,-Inf,-Inf,-Inf,-Inf,-Inf,-Inf,3268,3268,-981.85,-1983.8,-Inf,-Inf,-Inf,-Inf,-Inf,-Inf,-Inf,3268,3268,-985.35,-1992,-Inf,-Inf,-Inf,-Inf,-Inf,-Inf,-Inf
3269,3269,-986.21,-1990.4,-Inf,-Inf,-Inf,-Inf,-Inf,-Inf,-Inf,3269,3269,-984.96,-1993.6,-Inf,-Inf,-Inf,-Inf,-Inf,-Inf,-Inf,3269,3269,-992.33,-2002,-Inf,-Inf,-Inf,-Inf,-Inf,-Inf,-Inf
3270,3270,-989.4,-2000.4,-Inf,-Inf,-Inf,-Inf,-Inf,-Inf,-Inf,3270,3270,-992.09,-2003.5,-Inf,-Inf,-Inf,-Inf,-Inf,-Inf,-Inf,3270,3270,-995.31,-2011.7,-Inf,-Inf,-Inf,-Inf,-Inf,-Inf,-Inf
3271,3271,-995.71,-2010.1,-Inf,-Inf,-Inf,-Inf,-Inf,-Inf,-Inf,3271,3271,-995.27,-2013.8,-Inf,-Inf,-Inf,-Inf,-Inf,-Inf,-Inf,3271,3271,-1002.3,-2021.4,-Inf,-Inf,-Inf,-Inf,-Inf,-Inf,-Inf
3272,3272,-1000.2,-2019.8,-Inf,-Inf,-Inf,-Inf,-Inf,-Inf,-Inf,3272,3272,-1001.6,-2024.4,-Inf,-Inf,-Inf,-Inf,-Inf,-Inf,-Inf,3272,3272,-1005.8,-2031.3,-Inf,-Inf,-Inf,-Inf,-Inf,-Inf,-Inf
3273,3273,-1005,-2029.7,-Inf,-Inf,-Inf,-Inf,-Inf,-Inf,-Inf,3273,3273,-1006,-2034.9,-Inf,-Inf,-Inf,-Inf,-Inf,-Inf,-Inf,3273,3273,-1011.7,-2041.6,-Inf,-Inf,-Inf,-Inf,-Inf,-Inf,-Inf
3274,3274,-1011.1,-2040,-Inf,-Inf,-Inf,-Inf,-Inf,-Inf,-Inf,3274,3274,-1010.9,-2045.2,-Inf,-Inf,-Inf,-Inf,-Inf,-Inf,-Inf,3274,3274,-1016.7,-2052,-Inf,-Inf,-Inf,-Inf,-Inf,-Inf,-Inf
3275,3275,-1014.6,-2050.5,-Inf,-Inf,-Inf,-Inf,-Inf,-Inf,-Inf,3275,3275,-1017,-2055.1,-Inf,-Inf,-Inf,-Inf,-Inf,-Inf,-Inf,3275,3275,-1021,-2062.6,-Inf,-Inf,-Inf,-Inf,-Inf,-Inf,-Inf
3276,3276,-1021.7,-2061,-Inf,-Inf,-Inf,-Inf,-Inf,-Inf,-Inf,3276,3276,-1020.5,-2064.8,-Inf,-Inf,-Inf,-Inf,-Inf,-Inf,-Inf,3276,3276,-1027.6,-2073,-Inf,-Inf,-Inf,-Inf,-Inf,-Inf,-Inf
3277,3277,-1024.7,-2071.4,-Inf,-Inf,-Inf,-Inf,-Inf,-Inf,-Inf,3277,3277,-1027.6,-2074.6,-Inf,-Inf,-Inf,-Inf,-Inf,-Inf,-Inf,3277,3277,-1030.8,-2083,-Inf,-Inf,-Inf,-Inf,-Inf,-Inf,-Inf
3278,3278,-1031.5,-2081.4,-Inf,-Inf,-Inf,-Inf,-Inf,-Inf,-Inf,3278,3278,-1030.6,-2084.6,-Inf,-Inf,-Inf,-Inf,-Inf,-Inf,-Inf,3278,3278,-1037.9,-2092.7,-Inf,-Inf,-Inf,-Inf,-Inf,-Inf,-Inf
3279,3279,-1035.3,-2091.1,-Inf,-Inf,-Inf,-Inf,-Inf,-Inf,-Inf,3279,3279,-1037.4,-2094.9,-Inf,-Inf,-Inf,-Inf,-Inf,-Inf,-Inf,3279,3279,-1041,-2102.4,-Inf,-Inf,-Inf,-Inf,-Inf,-Inf,-Inf
3280,3280,-1040.8,-2100.8,-Inf,-Inf,-Inf,-Inf,-Inf,-Inf,-Inf,3280,3280,-1041.2,-2105.4,-Inf,-Inf,-Inf,-Inf,-Inf,-Inf,-Inf,3280,3280,-1047.5,-2112.4,-Inf,-Inf,-Inf,-Inf,-Inf,-Inf,-Inf
3281,3281,-1046.2,-2110.7,-Inf,-Inf,-Inf,-Inf,-Inf,-Inf,-Inf,3281,3281,-1046.7,-2116,-Inf,-Inf,-Inf,-Inf,-Inf,-Inf,-Inf,3281,3281,-1051.7,-2122.6,-Inf,-Inf,-Inf,-Inf,-Inf,-Inf,-Inf
3282,3282,-1050.2,-2121,-Inf,-Inf,-Inf,-Inf,-Inf,-Inf,-Inf,3282,3282,-1052.1,-2126.2,-Inf,-Inf,-Inf,-Inf,-Inf,-Inf,-Inf,3282,3282,-1056.8,-2133.1,-Inf,-Inf,-Inf,-Inf,-Inf,-Inf,-Inf
3283,3283,-1057,-2131.5,-Inf,-Inf,-Inf,-Inf,-Inf,-Inf,-Inf,3283,3283,-1056.1,-2136.1,-Inf,-Inf,-Inf,-Inf,-Inf,-Inf,-Inf,3283,3283,-1062.7,-2143.7,-Inf,-Inf,-Inf,-Inf,-Inf,-Inf,-Inf
3284,3284,-1060.1,-2142.1,-Inf,-Inf,-Inf,-Inf,-Inf,-Inf,-Inf,3284,3284,-1062.9,-2145.8,-Inf,-Inf,-Inf,-Inf,-Inf,-Inf,-Inf,3284,3284,-1066.3,-2154,-Inf,-Inf,-Inf,-Inf,-Inf,-Inf,-Inf
3285,3285,-1067.2,-2152.4,-Inf,-Inf,-Inf,-Inf,-Inf,-Inf,-Inf,3285,3285,-1066,-2155.5,-Inf,-Inf,-Inf,-Inf,-Inf,-Inf,-Inf,3285,3285,-1073.4,-2164,-Inf,-Inf,-Inf,-Inf,-Inf,-Inf,-Inf
3286,3286,-1070.5,-2162.4,-Inf,-Inf,-Inf,-Inf,-Inf,-Inf,-Inf,3286,3286,-1073.1,-2165.6,-Inf,-Inf,-Inf,-Inf,-Inf,-Inf,-Inf,3286,3286,-1076.3,-2173.7,-Inf,-Inf,-Inf,-Inf,-Inf,-Inf,-Inf
3287,3287,-1076.6,-2172,-Inf,-Inf,-Inf,-Inf,-Inf,-Inf,-Inf,3287,3287,-1076.3,-2175.9,-Inf,-Inf,-Inf,-Inf,-Inf,-Inf,-Inf,3287,3287,-1083.3,-2183.4,-Inf,-Inf,-Inf,-Inf,-Inf,-Inf,-Inf
3288,3288,-1081.3,-2181.8,-Inf,-Inf,-Inf,-Inf,-Inf,-Inf,-Inf,3288,3288,-1082.5,-2186.5,-Inf,-Inf,-Inf,-Inf,-Inf,-Inf,-Inf,3288,3288,-1086.9,-2193.4,-Inf,-Inf,-Inf,-Inf,-Inf,-Inf,-Inf
3289,3289,-1085.9,-2191.8,-Inf,-Inf,-Inf,-Inf,-Inf,-Inf,-Inf,3289,3289,-1087.1,-2197,-Inf,-Inf,-Inf,-Inf,-Inf,-Inf,-Inf,3289,3289,-1092.6,-2203.6,-Inf,-Inf,-Inf,-Inf,-Inf,-Inf,-Inf
3290,3290,-1092.2,-2202.1,-Inf,-Inf,-Inf,-Inf,-Inf,-Inf,-Inf,3290,3290,-1091.8,-2207.2,-Inf,-Inf,-Inf,-Inf,-Inf,-Inf,-Inf,3290,3290,-1097.8,-2214.2,-Inf,-Inf,-Inf,-Inf,-Inf,-Inf,-Inf
3291,3291,-1095.6,-2212.6,-Inf,-Inf,-Inf,-Inf,-Inf,-Inf,-Inf,3291,3291,-1098.1,-2217.1,-Inf,-Inf,-Inf,-Inf,-Inf,-Inf,-Inf,3291,3291,-1102,-2224.7,-Inf,-Inf,-Inf,-Inf,-Inf,-Inf,-Inf
3292,3292,-1102.7,-2223.1,-Inf,-Inf,-Inf,-Inf,-Inf,-Inf,-Inf,3292,3292,-1101.5,-2226.7,-Inf,-Inf,-Inf,-Inf,-Inf,-Inf,-Inf,3292,3292,-1108.6,-2235,-Inf,-Inf,-Inf,-Inf,-Inf,-Inf,-Inf
3293,3293,-1105.7,-2233.4,-Inf,-Inf,-Inf,-Inf,-Inf,-Inf,-Inf,3293,3293,-1108.6,-2236.5,-Inf,-Inf,-Inf,-Inf,-Inf,-Inf,-Inf,3293,3293,-1111.8,-2245,-Inf,-Inf,-Inf,-Inf,-Inf,-Inf,-Inf
3294,3294,-1112.4,-2243.3,-Inf,-Inf,-Inf,-Inf,-Inf,-Inf,-Inf,3294,3294,-1111.6,-2246.6,-Inf,-Inf,-Inf,-Inf,-Inf,-Inf,-Inf,3294,3294,-1118.9,-2254.6,-Inf,-Inf,-Inf,-Inf,-Inf,-Inf,-Inf
3295,3295,-1116.4,-2253,-Inf,-Inf,-Inf,-Inf,-Inf,-Inf,-Inf,3295,3295,-1118.3,-2257,-Inf,-Inf,-Inf,-Inf,-Inf,-Inf,-Inf,3295,3295,-1122.1,-2264.4,-Inf,-Inf,-Inf,-Inf,-Inf,-Inf,-Inf
3296,3296,-1121.7,-2262.8,-Inf,-Inf,-Inf,-Inf,-Inf,-Inf,-Inf,3296,3296,-1122.2,-2267.6,-Inf,-Inf,-Inf,-Inf,-Inf,-Inf,-Inf,3296,3296,-1128.4,-2274.4,-Inf,-Inf,-Inf,-Inf,-Inf,-Inf,-Inf
3297,3297,-1127.3,-2272.8,-Inf,-Inf,-Inf,-Inf,-Inf,-Inf,-Inf,3297,3297,-1127.6,-2278.1,-Inf,-Inf,-Inf,-Inf,-Inf,-Inf,-Inf,3297,3297,-1132.8,-2284.7,-Inf,-Inf,-Inf,-Inf,-Inf,-Inf,-Inf
3298,3298,-1131.2,-2283.1,-Inf,-Inf,-Inf,-Inf,-Inf,-Inf,-Inf,3298,3298,-1133.2,-2288.2,-Inf,-Inf,-Inf,-Inf,-Inf,-Inf,-Inf,3298,3298,-1137.7,-2295.2,-Inf,-Inf,-Inf,-Inf,-Inf,-Inf,-Inf
3299,3299,-1138.1,-2293.6,-Inf,-Inf,-Inf,-Inf,-Inf,-Inf,-Inf,3299,3299,-1137.1,-2298,-Inf,-Inf,-Inf,-Inf,-Inf,-Inf,-Inf,3299,3299,-1143.8,-2305.8,-Inf,-Inf,-Inf,-Inf,-Inf,-Inf,-Inf
3300,3300,-1141.1,-2304.2,-Inf,-Inf,-Inf,-Inf,-Inf,-Inf,-Inf,3300,3300,-1144,-2307.7,-Inf,-Inf,-Inf,-Inf,-Inf,-Inf,-Inf,3300,3300,-1147.3,-2316,-Inf,-Inf,-Inf,-Inf,-Inf,-Inf,-Inf
3301,3301,-1148.2,-2314.4,-Inf,-Inf,-Inf,-Inf,-Inf,-Inf,-Inf,3301,3301,-1147,-2317.5,-Inf,-Inf,-Inf,-Inf,-Inf,-Inf,-Inf,3301,3301,-1154.4,-2325.9,-Inf,-Inf,-Inf,-Inf,-Inf,-Inf,-Inf
3302,3302,-1151.5,-2324.3,-Inf,-Inf,-Inf,-Inf,-Inf,-Inf,-Inf,3302,3302,-1154,-2327.6,-Inf,-Inf,-Inf,-Inf,-Inf,-Inf,-Inf,3302,3302,-1157.4,-2335.6,-Inf,-Inf,-Inf,-Inf,-Inf,-Inf,-Inf
3303,3303,-1157.6,-2334,-Inf,-Inf,-Inf,-Inf,-Inf,-Inf,-Inf,3303,3303,-1157.4,-2338,-Inf,-Inf,-Inf,-Inf,-Inf,-Inf,-Inf,3303,3303,-1164.2,-2345.4,-Inf,-Inf,-Inf,-Inf,-Inf,-Inf,-Inf
3304,3304,-1162.4,-2343.8,-Inf,-Inf,-Inf,-Inf,-Inf,-Inf,-Inf,3304,3304,-1163.5,-2348.6,-Inf,-Inf,-Inf,-Inf,-Inf,-Inf,-Inf,3304,3304,-1168,-2355.4,-Inf,-Inf,-Inf,-Inf,-Inf,-Inf,-Inf
3305,3305,-1166.9,-2353.8,-Inf,-Inf,-Inf,-Inf,-Inf,-Inf,-Inf,3305,3305,-1168.3,-2359.1,-Inf,-Inf,-Inf,-Inf,-Inf,-Inf,-Inf,3305,3305,-1173.5,-2365.7,-Inf,-Inf,-Inf,-Inf,-Inf,-Inf,-Inf
3306,3306,-1173.3,-2364.2,-Inf,-Inf,-Inf,-Inf,-Inf,-Inf,-Inf,3306,3306,-1172.8,-2369.2,-Inf,-Inf,-Inf,-Inf,-Inf,-Inf,-Inf,3306,3306,-1178.9,-2376.3,-Inf,-Inf,-Inf,-Inf,-Inf,-Inf,-Inf
3307,3307,-1176.6,-2374.7,-Inf,-Inf,-Inf,-Inf,-Inf,-Inf,-Inf,3307,3307,-1179.2,-2379,-Inf,-Inf,-Inf,-Inf,-Inf,-Inf,-Inf,3307,3307,-1182.9,-2386.8,-Inf,-Inf,-Inf,-Inf,-Inf,-Inf,-Inf
3308,3308,-1183.7,-2385.2,-Inf,-Inf,-Inf,-Inf,-Inf,-Inf,-Inf,3308,3308,-1182.5,-2388.7,-Inf,-Inf,-Inf,-Inf,-Inf,-Inf,-Inf,3308,3308,-1189.7,-2397.1,-Inf,-Inf,-Inf,-Inf,-Inf,-Inf,-Inf
3309,3309,-1186.8,-2395.4,-Inf,-Inf,-Inf,-Inf,-Inf,-Inf,-Inf,3309,3309,-1189.6,-2398.5,-Inf,-Inf,-Inf,-Inf,-Inf,-Inf,-Inf,3309,3309,-1192.8,-2406.9,-Inf,-Inf,-Inf,-Inf,-Inf,-Inf,-Inf
3310,3310,-1193.4,-2405.3,-Inf,-Inf,-Inf,-Inf,-Inf,-Inf,-Inf,3310,3310,-1192.7,-2408.7,-Inf,-Inf,-Inf,-Inf,-Inf,-Inf,-Inf,3310,3310,-1199.9,-2416.6,-Inf,-Inf,-Inf,-Inf,-Inf,-Inf,-Inf
3311,3311,-1197.5,-2414.9,-Inf,-Inf,-Inf,-Inf,-Inf,-Inf,-Inf,3311,3311,-1199.3,-2419.1,-Inf,-Inf,-Inf,-Inf,-Inf,-Inf,-Inf,3311,3311,-1203.1,-2426.4,-Inf,-Inf,-Inf,-Inf,-Inf,-Inf,-Inf
3312,3312,-1202.7,-2424.7,-Inf,-Inf,-Inf,-Inf,-Inf,-Inf,-Inf,3312,3312,-1203.3,-2429.7,-Inf,-Inf,-Inf,-Inf,-Inf,-Inf,-Inf,3312,3312,-1209.3,-2436.4,-Inf,-Inf,-Inf,-Inf,-Inf,-Inf,-Inf
3313,3313,-1208.4,-2434.8,-Inf,-Inf,-Inf,-Inf,-Inf,-Inf,-Inf,3313,3313,-1208.6,-2440.1,-Inf,-Inf,-Inf,-Inf,-Inf,-Inf,-Inf,3313,3313,-1213.9,-2446.8,-Inf,-Inf,-Inf,-Inf,-Inf,-Inf,-Inf
3314,3314,-1212.2,-2445.2,-Inf,-Inf,-Inf,-Inf,-Inf,-Inf,-Inf,3314,3314,-1214.3,-2450.2,-Inf,-Inf,-Inf,-Inf,-Inf,-Inf,-Inf,3314,3314,-1218.7,-2457.4,-Inf,-Inf,-Inf,-Inf,-Inf,-Inf,-Inf
3315,3315,-1219.1,-2455.8,-Inf,-Inf,-Inf,-Inf,-Inf,-Inf,-Inf,3315,3315,-1218.1,-2460,-Inf,-Inf,-Inf,-Inf,-Inf,-Inf,-Inf,3315,3315,-1224.9,-2467.9,-Inf,-Inf,-Inf,-Inf,-Inf,-Inf,-Inf
3316,3316,-1222.1,-2466.3,-Inf,-Inf,-Inf,-Inf,-Inf,-Inf,-Inf,3316,3316,-1225,-2469.7,-Inf,-Inf,-Inf,-Inf,-Inf,-Inf,-Inf,3316,3316,-1228.3,-2478.1,-Inf,-Inf,-Inf,-Inf,-Inf,-Inf,-Inf
3317,3317,-1229.1,-2476.4,-Inf,-Inf,-Inf,-Inf,-Inf,-Inf,-Inf,3317,3317,-1228,-2479.5,-Inf,-Inf,-Inf,-Inf,-Inf,-Inf,-Inf,3317,3317,-1235.4,-2487.9,-Inf,-Inf,-Inf,-Inf,-Inf,-Inf,-Inf
3318,3318,-1232.6,-2486.2,-Inf,-Inf,-Inf,-Inf,-Inf,-Inf,-Inf,3318,3318,-1235,-2489.7,-Inf,-Inf,-Inf,-Inf,-Inf,-Inf,-Inf,3318,3318,-1238.4,-2497.6,-Inf,-Inf,-Inf,-Inf,-Inf,-Inf,-Inf
3319,3319,-1238.5,-2495.9,-Inf,-Inf,-Inf,-Inf,-Inf,-Inf,-Inf,3319,3319,-1238.5,-2500.2,-Inf,-Inf,-Inf,-Inf,-Inf,-Inf,-Inf,3319,3319,-1245.1,-2507.4,-Inf,-Inf,-Inf,-Inf,-Inf,-Inf,-Inf
3320,3320,-1243.5,-2505.7,-Inf,-Inf,-Inf,-Inf,-Inf,-Inf,-Inf,3320,3320,-1244.4,-2510.7,-Inf,-Inf,-Inf,-Inf,-Inf,-Inf,-Inf,3320,3320,-1249,-2517.5,-Inf,-Inf,-Inf,-Inf,-Inf,-Inf,-Inf
3321,3321,-1247.8,-2515.9,-Inf,-Inf,-Inf,-Inf,-Inf,-Inf,-Inf,3321,3321,-1249.4,-2521.2,-Inf,-Inf,-Inf,-Inf,-Inf,-Inf,-Inf,3321,3321,-1254.5,-2527.9,-Inf,-Inf,-Inf,-Inf,-Inf,-Inf,-Inf
3322,3322,-1254.4,-2526.3,-Inf,-Inf,-Inf,-Inf,-Inf,-Inf,-Inf,3322,3322,-1253.7,-2531.2,-Inf,-Inf,-Inf,-Inf,-Inf,-Inf,-Inf,3322,3322,-1260,-2538.4,-Inf,-Inf,-Inf,-Inf,-Inf,-Inf,-Inf
3323,3323,-1257.6,-2536.8,-Inf,-Inf,-Inf,-Inf,-Inf,-Inf,-Inf,3323,3323,-1260.3,-2540.9,-Inf,-Inf,-Inf,-Inf,-Inf,-Inf,-Inf,3323,3323,-1263.9,-2548.9,-Inf,-Inf,-Inf,-Inf,-Inf,-Inf,-Inf
3324,3324,-1264.7,-2547.3,-Inf,-Inf,-Inf,-Inf,-Inf,-Inf,-Inf,3324,3324,-1263.5,-2550.6,-Inf,-Inf,-Inf,-Inf,-Inf,-Inf,-Inf,3324,3324,-1270.8,-2559.1,-Inf,-Inf,-Inf,-Inf,-Inf,-Inf,-Inf
3325,3325,-1267.8,-2557.4,-Inf,-Inf,-Inf,-Inf,-Inf,-Inf,-Inf,3325,3325,-1270.6,-2560.5,-Inf,-Inf,-Inf,-Inf,-Inf,-Inf,-Inf,3325,3325,-1273.8,-2568.8,-Inf,-Inf,-Inf,-Inf,-Inf,-Inf,-Inf
3326,3326,-1274.3,-2567.2,-Inf,-Inf,-Inf,-Inf,-Inf,-Inf,-Inf,3326,3326,-1273.7,-2570.7,-Inf,-Inf,-Inf,-Inf,-Inf,-Inf,-Inf,3326,3326,-1280.9,-2578.5,-Inf,-Inf,-Inf,-Inf,-Inf,-Inf,-Inf
3327,3327,-1278.6,-2576.9,-Inf,-Inf,-Inf,-Inf,-Inf,-Inf,-Inf,3327,3327,-1280.2,-2581.2,-Inf,-Inf,-Inf,-Inf,-Inf,-Inf,-Inf,3327,3327,-1284.2,-2588.4,-Inf,-Inf,-Inf,-Inf,-Inf,-Inf,-Inf
3328,3328,-1283.6,-2586.7,-Inf,-Inf,-Inf,-Inf,-Inf,-Inf,-Inf,3328,3328,-1284.4,-2591.8,-Inf,-Inf,-Inf,-Inf,-Inf,-Inf,-Inf,3328,3328,-1290.3,-2598.5,-Inf,-Inf,-Inf,-Inf,-Inf,-Inf,-Inf
3329,3329,-1289.5,-2596.9,-Inf,-Inf,-Inf,-Inf,-Inf,-Inf,-Inf,3329,3329,-1289.5,-2602.2,-Inf,-Inf,-Inf,-Inf,-Inf,-Inf,-Inf,3329,3329,-1295,-2608.9,-Inf,-Inf,-Inf,-Inf,-Inf,-Inf,-Inf
3330,3330,-1293.1,-2607.3,-Inf,-Inf,-Inf,-Inf,-Inf,-Inf,-Inf,3330,3330,-1295.4,-2612.2,-Inf,-Inf,-Inf,-Inf,-Inf,-Inf,-Inf,3330,3330,-1299.6,-2619.5,-Inf,-Inf,-Inf,-Inf,-Inf,-Inf,-Inf
3331,3331,-1300.2,-2617.9,-Inf,-Inf,-Inf,-Inf,-Inf,-Inf,-Inf,3331,3331,-1299,-2621.9,-Inf,-Inf,-Inf,-Inf,-Inf,-Inf,-Inf,3331,3331,-1306,-2629.9,-Inf,-Inf,-Inf,-Inf,-Inf,-Inf,-Inf
3332,3332,-1303.2,-2628.3,-Inf,-Inf,-Inf,-Inf,-Inf,-Inf,-Inf,3332,3332,-1306.1,-2631.6,-Inf,-Inf,-Inf,-Inf,-Inf,-Inf,-Inf,3332,3332,-1309.3,-2640,-Inf,-Inf,-Inf,-Inf,-Inf,-Inf,-Inf
3333,3333,-1310.1,-2638.4,-Inf,-Inf,-Inf,-Inf,-Inf,-Inf,-Inf,3333,3333,-1309,-2641.5,-Inf,-Inf,-Inf,-Inf,-Inf,-Inf,-Inf,3333,3333,-1316.4,-2649.8,-Inf,-Inf,-Inf,-Inf,-Inf,-Inf,-Inf
3334,3334,-1313.7,-2648.2,-Inf,-Inf,-Inf,-Inf,-Inf,-Inf,-Inf,3334,3334,-1316,-2651.8,-Inf,-Inf,-Inf,-Inf,-Inf,-Inf,-Inf,3334,3334,-1319.5,-2659.5,-Inf,-Inf,-Inf,-Inf,-Inf,-Inf,-Inf
3335,3335,-1319.4,-2657.9,-Inf,-Inf,-Inf,-Inf,-Inf,-Inf,-Inf,3335,3335,-1319.6,-2662.3,-Inf,-Inf,-Inf,-Inf,-Inf,-Inf,-Inf,3335,3335,-1326.1,-2669.4,-Inf,-Inf,-Inf,-Inf,-Inf,-Inf,-Inf
3336,3336,-1324.6,-2667.7,-Inf,-Inf,-Inf,-Inf,-Inf,-Inf,-Inf,3336,3336,-1325.3,-2672.9,-Inf,-Inf,-Inf,-Inf,-Inf,-Inf,-Inf,3336,3336,-1330.1,-2679.5,-Inf,-Inf,-Inf,-Inf,-Inf,-Inf,-Inf
3337,3337,-1328.8,-2677.9,-Inf,-Inf,-Inf,-Inf,-Inf,-Inf,-Inf,3337,3337,-1330.5,-2683.2,-Inf,-Inf,-Inf,-Inf,-Inf,-Inf,-Inf,3337,3337,-1335.4,-2690,-Inf,-Inf,-Inf,-Inf,-Inf,-Inf,-Inf
3338,3338,-1335.5,-2688.4,-Inf,-Inf,-Inf,-Inf,-Inf,-Inf,-Inf,3338,3338,-1334.7,-2693.2,-Inf,-Inf,-Inf,-Inf,-Inf,-Inf,-Inf,3338,3338,-1341.1,-2700.6,-Inf,-Inf,-Inf,-Inf,-Inf,-Inf,-Inf
3339,3339,-1338.6,-2699,-Inf,-Inf,-Inf,-Inf,-Inf,-Inf,-Inf,3339,3339,-1341.3,-2702.9,-Inf,-Inf,-Inf,-Inf,-Inf,-Inf,-Inf,3339,3339,-1344.9,-2711,-Inf,-Inf,-Inf,-Inf,-Inf,-Inf,-Inf
3340,3340,-1345.7,-2709.4,-Inf,-Inf,-Inf,-Inf,-Inf,-Inf,-Inf,3340,3340,-1344.5,-2712.6,-Inf,-Inf,-Inf,-Inf,-Inf,-Inf,-Inf,3340,3340,-1351.8,-2721,-Inf,-Inf,-Inf,-Inf,-Inf,-Inf,-Inf
3341,3341,-1348.9,-2719.4,-Inf,-Inf,-Inf,-Inf,-Inf,-Inf,-Inf,3341,3341,-1351.6,-2722.6,-Inf,-Inf,-Inf,-Inf,-Inf,-Inf,-Inf,3341,3341,-1354.8,-2730.8,-Inf,-Inf,-Inf,-Inf,-Inf,-Inf,-Inf
3342,3342,-1355.2,-2729.1,-Inf,-Inf,-Inf,-Inf,-Inf,-Inf,-Inf,3342,3342,-1354.8,-2732.8,-Inf,-Inf,-Inf,-Inf,-Inf,-Inf,-Inf,3342,3342,-1361.8,-2740.5,-Inf,-Inf,-Inf,-Inf,-Inf,-Inf,-Inf
3343,3343,-1359.7,-2738.8,-Inf,-Inf,-Inf,-Inf,-Inf,-Inf,-Inf,3343,3343,-1361.1,-2743.4,-Inf,-Inf,-Inf,-Inf,-Inf,-Inf,-Inf,3343,3343,-1365.3,-2750.4,-Inf,-Inf,-Inf,-Inf,-Inf,-Inf,-Inf
3344,3344,-1364.5,-2748.7,-Inf,-Inf,-Inf,-Inf,-Inf,-Inf,-Inf,3344,3344,-1365.5,-2753.9,-Inf,-Inf,-Inf,-Inf,-Inf,-Inf,-Inf,3344,3344,-1371.2,-2760.6,-Inf,-Inf,-Inf,-Inf,-Inf,-Inf,-Inf
3345,3345,-1370.6,-2759,-Inf,-Inf,-Inf,-Inf,-Inf,-Inf,-Inf,3345,3345,-1370.4,-2764.2,-Inf,-Inf,-Inf,-Inf,-Inf,-Inf,-Inf,3345,3345,-1376.2,-2771,-Inf,-Inf,-Inf,-Inf,-Inf,-Inf,-Inf
3346,3346,-1374.1,-2769.4,-Inf,-Inf,-Inf,-Inf,-Inf,-Inf,-Inf,3346,3346,-1376.5,-2774.1,-Inf,-Inf,-Inf,-Inf,-Inf,-Inf,-Inf,3346,3346,-1380.5,-2781.6,-Inf,-Inf,-Inf,-Inf,-Inf,-Inf,-Inf
3347,3347,-1381.2,-2780,-Inf,-Inf,-Inf,-Inf,-Inf,-Inf,-Inf,3347,3347,-1380,-2783.8,-Inf,-Inf,-Inf,-Inf,-Inf,-Inf,-Inf,3347,3347,-1387.1,-2792,-Inf,-Inf,-Inf,-Inf,-Inf,-Inf,-Inf
3348,3348,-1384.2,-2790.4,-Inf,-Inf,-Inf,-Inf,-Inf,-Inf,-Inf,3348,3348,-1387.1,-2793.6,-Inf,-Inf,-Inf,-Inf,-Inf,-Inf,-Inf,3348,3348,-1390.3,-2802,-Inf,-Inf,-Inf,-Inf,-Inf,-Inf,-Inf
3349,3349,-1391,-2800.4,-Inf,-Inf,-Inf,-Inf,-Inf,-Inf,-Inf,3349,3349,-1390.1,-2803.6,-Inf,-Inf,-Inf,-Inf,-Inf,-Inf,-Inf,3349,3349,-1397.4,-2811.7,-Inf,-Inf,-Inf,-Inf,-Inf,-Inf,-Inf
3350,3350,-1394.8,-2810.1,-Inf,-Inf,-Inf,-Inf,-Inf,-Inf,-Inf,3350,3350,-1396.9,-2813.9,-Inf,-Inf,-Inf,-Inf,-Inf,-Inf,-Inf,3350,3350,-1400.5,-2821.5,-Inf,-Inf,-Inf,-Inf,-Inf,-Inf,-Inf
3351,3351,-1400.3,-2819.8,-Inf,-Inf,-Inf,-Inf,-Inf,-Inf,-Inf,3351,3351,-1400.6,-2824.4,-Inf,-Inf,-Inf,-Inf,-Inf,-Inf,-Inf,3351,3351,-1407,-2831.4,-Inf,-Inf,-Inf,-Inf,-Inf,-Inf,-Inf
3352,3352,-1405.7,-2829.8,-Inf,-Inf,-Inf,-Inf,-Inf,-Inf,-Inf,3352,3352,-1406.2,-2835,-Inf,-Inf,-Inf,-Inf,-Inf,-Inf,-Inf,3352,3352,-1411.2,-2841.6,-Inf,-Inf,-Inf,-Inf,-Inf,-Inf,-Inf
3353,3353,-1409.7,-2840,-Inf,-Inf,-Inf,-Inf,-Inf,-Inf,-Inf,3353,3353,-1411.6,-2845.2,-Inf,-Inf,-Inf,-Inf,-Inf,-Inf,-Inf,3353,3353,-1416.3,-2852.1,-Inf,-Inf,-Inf,-Inf,-Inf,-Inf,-Inf
3354,3354,-1416.5,-2850.5,-Inf,-Inf,-Inf,-Inf,-Inf,-Inf,-Inf,3354,3354,-1415.6,-2855.1,-Inf,-Inf,-Inf,-Inf,-Inf,-Inf,-Inf,3354,3354,-1422.2,-2862.7,-Inf,-Inf,-Inf,-Inf,-Inf,-Inf,-Inf
3355,3355,-1419.6,-2861.1,-Inf,-Inf,-Inf,-Inf,-Inf,-Inf,-Inf,3355,3355,-1422.4,-2864.8,-Inf,-Inf,-Inf,-Inf,-Inf,-Inf,-Inf,3355,3355,-1425.8,-2873,-Inf,-Inf,-Inf,-Inf,-Inf,-Inf,-Inf
3356,3356,-1426.7,-2871.4,-Inf,-Inf,-Inf,-Inf,-Inf,-Inf,-Inf,3356,3356,-1425.5,-2874.6,-Inf,-Inf,-Inf,-Inf,-Inf,-Inf,-Inf,3356,3356,-1432.9,-2883,-Inf,-Inf,-Inf,-Inf,-Inf,-Inf,-Inf
3357,3357,-1430,-2881.4,-Inf,-Inf,-Inf,-Inf,-Inf,-Inf,-Inf,3357,3357,-1432.6,-2884.6,-Inf,-Inf,-Inf,-Inf,-Inf,-Inf,-Inf,3357,3357,-1435.8,-2892.7,-Inf,-Inf,-Inf,-Inf,-Inf,-Inf,-Inf
3358,3358,-1436.2,-2891.1,-Inf,-Inf,-Inf,-Inf,-Inf,-Inf,-Inf,3358,3358,-1435.8,-2894.9,-Inf,-Inf,-Inf,-Inf,-Inf,-Inf,-Inf,3358,3358,-1442.8,-2902.4,-Inf,-Inf,-Inf,-Inf,-Inf,-Inf,-Inf
3359,3359,-1440.8,-2900.8,-Inf,-Inf,-Inf,-Inf,-Inf,-Inf,-Inf,3359,3359,-1442,-2905.5,-Inf,-Inf,-Inf,-Inf,-Inf,-Inf,-Inf,3359,3359,-1446.4,-2912.4,-Inf,-Inf,-Inf,-Inf,-Inf,-Inf,-Inf
3360,3360,-1445.5,-2910.8,-Inf,-Inf,-Inf,-Inf,-Inf,-Inf,-Inf,3360,3360,-1446.6,-2916,-Inf,-Inf,-Inf,-Inf,-Inf,-Inf,-Inf,3360,3360,-1452.1,-2922.7,-Inf,-Inf,-Inf,-Inf,-Inf,-Inf,-Inf
3361,3361,-1451.7,-2921.1,-Inf,-Inf,-Inf,-Inf,-Inf,-Inf,-Inf,3361,3361,-1451.4,-2926.2,-Inf,-Inf,-Inf,-Inf,-Inf,-Inf,-Inf,3361,3361,-1457.3,-2933.2,-Inf,-Inf,-Inf,-Inf,-Inf,-Inf,-Inf
3362,3362,-1455.1,-2931.6,-Inf,-Inf,-Inf,-Inf,-Inf,-Inf,-Inf,3362,3362,-1457.6,-2936.1,-Inf,-Inf,-Inf,-Inf,-Inf,-Inf,-Inf,3362,3362,-1461.5,-2943.7,-Inf,-Inf,-Inf,-Inf,-Inf,-Inf,-Inf
3363,3363,-1462.2,-2942.1,-Inf,-Inf,-Inf,-Inf,-Inf,-Inf,-Inf,3363,3363,-1461,-2945.8,-Inf,-Inf,-Inf,-Inf,-Inf,-Inf,-Inf,3363,3363,-1468.1,-2954.1,-Inf,-Inf,-Inf,-Inf,-Inf,-Inf,-Inf
3364,3364,-1465.2,-2952.4,-Inf,-Inf,-Inf,-Inf,-Inf,-Inf,-Inf,3364,3364,-1468.1,-2955.6,-Inf,-Inf,-Inf,-Inf,-Inf,-Inf,-Inf,3364,3364,-1471.3,-2964,-Inf,-Inf,-Inf,-Inf,-Inf,-Inf,-Inf
3365,3365,-1472,-2962.4,-Inf,-Inf,-Inf,-Inf,-Inf,-Inf,-Inf,3365,3365,-1471.1,-2965.6,-Inf,-Inf,-Inf,-Inf,-Inf,-Inf,-Inf,3365,3365,-1478.4,-2973.7,-Inf,-Inf,-Inf,-Inf,-Inf,-Inf,-Inf
3366,3366,-1475.9,-2972,-Inf,-Inf,-Inf,-Inf,-Inf,-Inf,-Inf,3366,3366,-1477.8,-2976,-Inf,-Inf,-Inf,-Inf,-Inf,-Inf,-Inf,3366,3366,-1481.6,-2983.4,-Inf,-Inf,-Inf,-Inf,-Inf,-Inf,-Inf
3367,3367,-1481.3,-2981.8,-Inf,-Inf,-Inf,-Inf,-Inf,-Inf,-Inf,3367,3367,-1481.7,-2986.6,-Inf,-Inf,-Inf,-Inf,-Inf,-Inf,-Inf,3367,3367,-1487.9,-2993.4,-Inf,-Inf,-Inf,-Inf,-Inf,-Inf,-Inf
3368,3368,-1486.8,-2991.8,-Inf,-Inf,-Inf,-Inf,-Inf,-Inf,-Inf,3368,3368,-1487.2,-2997.1,-Inf,-Inf,-Inf,-Inf,-Inf,-Inf,-Inf,3368,3368,-1492.3,-3003.7,-Inf,-Inf,-Inf,-Inf,-Inf,-Inf,-Inf
3369,3369,-1490.7,-3002.1,-Inf,-Inf,-Inf,-Inf,-Inf,-Inf,-Inf,3369,3369,-1492.7,-3007.2,-Inf,-Inf,-Inf,-Inf,-Inf,-Inf,-Inf,3369,3369,-1497.2,-3014.2,-Inf,-Inf,-Inf,-Inf,-Inf,-Inf,-Inf
3370,3370,-1497.6,-3012.6,-Inf,-Inf,-Inf,-Inf,-Inf,-Inf,-Inf,3370,3370,-1496.6,-3017.1,-Inf,-Inf,-Inf,-Inf,-Inf,-Inf,-Inf,3370,3370,-1503.3,-3024.8,-Inf,-Inf,-Inf,-Inf,-Inf,-Inf,-Inf
3371,3371,-1500.6,-3023.2,-Inf,-Inf,-Inf,-Inf,-Inf,-Inf,-Inf,3371,3371,-1503.5,-3026.7,-Inf,-Inf,-Inf,-Inf,-Inf,-Inf,-Inf,3371,3371,-1506.8,-3035.1,-Inf,-Inf,-Inf,-Inf,-Inf,-Inf,-Inf
3372,3372,-1507.7,-3033.5,-Inf,-Inf,-Inf,-Inf,-Inf,-Inf,-Inf,3372,3372,-1506.5,-3036.6,-Inf,-Inf,-Inf,-Inf,-Inf,-Inf,-Inf,3372,3372,-1513.9,-3045,-Inf,-Inf,-Inf,-Inf,-Inf,-Inf,-Inf
3373,3373,-1511,-3043.3,-Inf,-Inf,-Inf,-Inf,-Inf,-Inf,-Inf,3373,3373,-1513.6,-3046.6,-Inf,-Inf,-Inf,-Inf,-Inf,-Inf,-Inf,3373,3373,-1516.9,-3054.6,-Inf,-Inf,-Inf,-Inf,-Inf,-Inf,-Inf
3374,3374,-1517.1,-3053,-Inf,-Inf,-Inf,-Inf,-Inf,-Inf,-Inf,3374,3374,-1516.9,-3057,-Inf,-Inf,-Inf,-Inf,-Inf,-Inf,-Inf,3374,3374,-1523.7,-3064.4,-Inf,-Inf,-Inf,-Inf,-Inf,-Inf,-Inf
3375,3375,-1521.9,-3062.8,-Inf,-Inf,-Inf,-Inf,-Inf,-Inf,-Inf,3375,3375,-1523,-3067.6,-Inf,-Inf,-Inf,-Inf,-Inf,-Inf,-Inf,3375,3375,-1527.4,-3074.4,-Inf,-Inf,-Inf,-Inf,-Inf,-Inf,-Inf
3376,3376,-1526.4,-3072.8,-Inf,-Inf,-Inf,-Inf,-Inf,-Inf,-Inf,3376,3376,-1527.7,-3078,-Inf,-Inf,-Inf,-Inf,-Inf,-Inf,-Inf,3376,3376,-1533,-3085,-Inf,-Inf,-Inf,-Inf,-Inf,-Inf,-Inf
3377,3377,-1532.8,-3083.2,-Inf,-Inf,-Inf,-Inf,-Inf,-Inf,-Inf,3377,3377,-1532.3,-3088,-Inf,-Inf,-Inf,-Inf,-Inf,-Inf,-Inf,3377,3377,-1538.4,-Inf,-Inf,-Inf,-Inf,-Inf,-Inf,-Inf,-Inf
3378,3378,-1536.1,-Inf,-Inf,-Inf,-Inf,-Inf,-Inf,-Inf,-Inf,3378,3378,-1538.7,-Inf,-Inf,-Inf,-Inf,-Inf,-Inf,-Inf,-Inf,3378,3378,-1542.5,-Inf,-Inf,-Inf,-Inf,-Inf,-Inf,-Inf,-Inf
3379,3379,-1543.2,-Inf,-Inf,-Inf,-Inf,-Inf,-Inf,-Inf,-Inf,3379,3379,-1542,-Inf,-Inf,-Inf,-Inf,-Inf,-Inf,-Inf,-Inf,3379,3379,-1549.2,-Inf,-Inf,-Inf,-Inf,-Inf,-Inf,-Inf,-Inf
3380,3380,-1546.3,-Inf,-Inf,-Inf,-Inf,-Inf,-Inf,-Inf,-Inf,3380,3380,-1549.1,-Inf,-Inf,-Inf,-Inf,-Inf,-Inf,-Inf,-Inf,3380,3380,-1552.3,-Inf,-Inf,-Inf,-Inf,-Inf,-Inf,-Inf,-Inf
3381,3381,-1552.9,-Inf,-Inf,-Inf,-Inf,-Inf,-Inf,-Inf,-Inf,3381,3381,-1552.2,-Inf,-Inf,-Inf,-Inf,-Inf,-Inf,-Inf,-Inf,3381,3381,-1559.4,-Inf,-Inf,-Inf,-Inf,-Inf,-Inf,-Inf,-Inf
3382,3382,-1557,-Inf,-Inf,-Inf,-Inf,-Inf,-Inf,-Inf,-Inf,3382,3382,-1558.8,-Inf,-Inf,-Inf,-Inf,-Inf,-Inf,-Inf,-Inf,3382,3382,-1562.6,-Inf,-Inf,-Inf,-Inf,-Inf,-Inf,-Inf,-Inf
3383,3383,-1562.2,-Inf,-Inf,-Inf,-Inf,-Inf,-Inf,-Inf,-Inf,3383,3383,-1562.8,-Inf,-Inf,-Inf,-Inf,-Inf,-Inf,-Inf,-Inf,3383,3383,-1568.9,-Inf,-Inf,-Inf,-Inf,-Inf,-Inf,-Inf,-Inf
3384,3384,-1567.9,-Inf,-Inf,-Inf,-Inf,-Inf,-Inf,-Inf,-Inf,3384,3384,-1568.1,-Inf,-Inf,-Inf,-Inf,-Inf,-Inf,-Inf,-Inf,3384,3384,-1573.4,-Inf,-Inf,-Inf,-Inf,-Inf,-Inf,-Inf,-Inf
3385,3385,-1571.7,-Inf,-Inf,-Inf,-Inf,-Inf,-Inf,-Inf,-Inf,3385,3385,-1573.8,-Inf,-Inf,-Inf,-Inf,-Inf,-Inf,-Inf,-Inf,3385,3385,-1578.2,-Inf,-Inf,-Inf,-Inf,-Inf,-Inf,-Inf,-Inf
3386,3386,-1578.6,-Inf,-Inf,-Inf,-Inf,-Inf,-Inf,-Inf,-Inf,3386,3386,-1577.6,-Inf,-Inf,-Inf,-Inf,-Inf,-Inf,-Inf,-Inf,3386,3386,-1584.4,-Inf,-Inf,-Inf,-Inf,-Inf,-Inf,-Inf,-Inf
3387,3387,-1581.6,-Inf,-Inf,-Inf,-Inf,-Inf,-Inf,-Inf,-Inf,3387,3387,-1584.5,-Inf,-Inf,-Inf,-Inf,-Inf,-Inf,-Inf,-Inf,3387,3387,-1587.8,-Inf,-Inf,-Inf,-Inf,-Inf,-Inf,-Inf,-Inf
3388,3388,-1588.6,-Inf,-Inf,-Inf,-Inf,-Inf,-Inf,-Inf,-Inf,3388,3388,-1587.5,-Inf,-Inf,-Inf,-Inf,-Inf,-Inf,-Inf,-Inf,3388,3388,-1594.9,-Inf,-Inf,-Inf,-Inf,-Inf,-Inf,-Inf,-Inf
3389,3389,-1592.1,-Inf,-Inf,-Inf,-Inf,-Inf,-Inf,-Inf,-Inf,3389,3389,-1594.5,-Inf,-Inf,-Inf,-Inf,-Inf,-Inf,-Inf,-Inf,3389,3389,-1597.9,-Inf,-Inf,-Inf,-Inf,-Inf,-Inf,-Inf,-Inf
3390,3390,-1598,-Inf,-Inf,-Inf,-Inf,-Inf,-Inf,-Inf,-Inf,3390,3390,-1598,-Inf,-Inf,-Inf,-Inf,-Inf,-Inf,-Inf,-Inf,3390,3390,-1604.7,-Inf,-Inf,-Inf,-Inf,-Inf,-Inf,-Inf,-Inf
3391,3391,-1603,-Inf,-Inf,-Inf,-Inf,-Inf,-Inf,-Inf,-Inf,3391,3391,-1603.9,-Inf,-Inf,-Inf,-Inf,-Inf,-Inf,-Inf,-Inf,3391,3391,-1608.5,-Inf,-Inf,-Inf,-Inf,-Inf,-Inf,-Inf,-Inf
3392,3392,-1607.4,-Inf,-Inf,-Inf,-Inf,-Inf,-Inf,-Inf,-Inf,3392,3392,-1608.8,-Inf,-Inf,-Inf,-Inf,-Inf,-Inf,-Inf,-Inf,3392,3392,-1614,-Inf,-Inf,-Inf,-Inf,-Inf,-Inf,-Inf,-Inf
3393,3393,-1613.9,-Inf,-Inf,-Inf,-Inf,-Inf,-Inf,-Inf,-Inf,3393,3393,-1613.2,-Inf,-Inf,-Inf,-Inf,-Inf,-Inf,-Inf,-Inf,3393,3393,-1619.5,-Inf,-Inf,-Inf,-Inf,-Inf,-Inf,-Inf,-Inf
3394,3394,-1617.1,-Inf,-Inf,-Inf,-Inf,-Inf,-Inf,-Inf,-Inf,3394,3394,-1619.8,-Inf,-Inf,-Inf,-Inf,-Inf,-Inf,-Inf,-Inf,3394,3394,-1623.4,-Inf,-Inf,-Inf,-Inf,-Inf,-Inf,-Inf,-Inf
3395,3395,-1624.2,-Inf,-Inf,-Inf,-Inf,-Inf,-Inf,-Inf,-Inf,3395,3395,-1623,-Inf,-Inf,-Inf,-Inf,-Inf,-Inf,-Inf,-Inf,3395,3395,-1630.3,-Inf,-Inf,-Inf,-Inf,-Inf,-Inf,-Inf,-Inf
3396,3396,-1627.3,-Inf,-Inf,-Inf,-Inf,-Inf,-Inf,-Inf,-Inf,3396,3396,-1630.1,-Inf,-Inf,-Inf,-Inf,-Inf,-Inf,-Inf,-Inf,3396,3396,-1633.3,-Inf,-Inf,-Inf,-Inf,-Inf,-Inf,-Inf,-Inf
3397,3397,-1633.8,-Inf,-Inf,-Inf,-Inf,-Inf,-Inf,-Inf,-Inf,3397,3397,-1633.2,-Inf,-Inf,-Inf,-Inf,-Inf,-Inf,-Inf,-Inf,3397,3397,-1640.4,-Inf,-Inf,-Inf,-Inf,-Inf,-Inf,-Inf,-Inf
3398,3398,-1638.1,-Inf,-Inf,-Inf,-Inf,-Inf,-Inf,-Inf,-Inf,3398,3398,-1639.7,-Inf,-Inf,-Inf,-Inf,-Inf,-Inf,-Inf,-Inf,3398,3398,-1643.7,-Inf,-Inf,-Inf,-Inf,-Inf,-Inf,-Inf,-Inf
3399,3399,-1643.1,-Inf,-Inf,-Inf,-Inf,-Inf,-Inf,-Inf,-Inf,3399,3399,-1643.9,-Inf,-Inf,-Inf,-Inf,-Inf,-Inf,-Inf,-Inf,3399,3399,-1649.8,-Inf,-Inf,-Inf,-Inf,-Inf,-Inf,-Inf,-Inf
3400,3400,-1649,-Inf,-Inf,-Inf,-Inf,-Inf,-Inf,-Inf,-Inf,3400,3400,-1649,-Inf,-Inf,-Inf,-Inf,-Inf,-Inf,-Inf,-Inf,3400,3400,-1654.5,-Inf,-Inf,-Inf,-Inf,-Inf,-Inf,-Inf,-Inf
3401,3401,-1652.6,-Inf,-Inf,-Inf,-Inf,-Inf,-Inf,-Inf,-Inf,3401,3401,-1654.9,-Inf,-Inf,-Inf,-Inf,-Inf,-Inf,-Inf,-Inf,3401,3401,-1659.1,-Inf,-Inf,-Inf,-Inf,-Inf,-Inf,-Inf,-Inf
3402,3402,-1659.7,-Inf,-Inf,-Inf,-Inf,-Inf,-Inf,-Inf,-Inf,3402,3402,-1658.5,-Inf,-Inf,-Inf,-Inf,-Inf,-Inf,-Inf,-Inf,3402,3402,-1665.5,-Inf,-Inf,-Inf,-Inf,-Inf,-Inf,-Inf,-Inf
3403,3403,-1662.7,-Inf,-Inf,-Inf,-Inf,-Inf,-Inf,-Inf,-Inf,3403,3403,-1665.6,-Inf,-Inf,-Inf,-Inf,-Inf,-Inf,-Inf,-Inf,3403,3403,-1668.8,-Inf,-Inf,-Inf,-Inf,-Inf,-Inf,-Inf,-Inf
3404,3404,-1669.6,-Inf,-Inf,-Inf,-Inf,-Inf,-Inf,-Inf,-Inf,3404,3404,-1668.5,-Inf,-Inf,-Inf,-Inf,-Inf,-Inf,-Inf,-Inf,3404,3404,-1675.9,-Inf,-Inf,-Inf,-Inf,-Inf,-Inf,-Inf,-Inf
3405,3405,-1673.2,-Inf,-Inf,-Inf,-Inf,-Inf,-Inf,-Inf,-Inf,3405,3405,-1675.5,-Inf,-Inf,-Inf,-Inf,-Inf,-Inf,-Inf,-Inf,3405,3405,-1679,-Inf,-Inf,-Inf,-Inf,-Inf,-Inf,-Inf,-Inf
3406,3406,-1678.9,-Inf,-Inf,-Inf,-Inf,-Inf,-Inf,-Inf,-Inf,3406,3406,-1679.1,-Inf,-Inf,-Inf,-Inf,-Inf,-Inf,-Inf,-Inf,3406,3406,-1685.6,-Inf,-Inf,-Inf,-Inf,-Inf,-Inf,-Inf,-Inf
3407,3407,-1684.1,-Inf,-Inf,-Inf,-Inf,-Inf,-Inf,-Inf,-Inf,3407,3407,-1684.8,-Inf,-Inf,-Inf,-Inf,-Inf,-Inf,-Inf,-Inf,3407,3407,-1689.6,-Inf,-Inf,-Inf,-Inf,-Inf,-Inf,-Inf,-Inf
3408,3408,-1688.3,-Inf,-Inf,-Inf,-Inf,-Inf,-Inf,-Inf,-Inf,3408,3408,-1690,-Inf,-Inf,-Inf,-Inf,-Inf,-Inf,-Inf,-Inf,3408,3408,-1694.9,-Inf,-Inf,-Inf,-Inf,-Inf,-Inf,-Inf,-Inf
3409,3409,-1695,-Inf,-Inf,-Inf,-Inf,-Inf,-Inf,-Inf,-Inf,3409,3409,-1694.2,-Inf,-Inf,-Inf,-Inf,-Inf,-Inf,-Inf,-Inf,3409,3409,-1700.6,-Inf,-Inf,-Inf,-Inf,-Inf,-Inf,-Inf,-Inf
3410,3410,-1698.1,-Inf,-Inf,-Inf,-Inf,-Inf,-Inf,-Inf,-Inf,3410,3410,-1700.8,-Inf,-Inf,-Inf,-Inf,-Inf,-Inf,-Inf,-Inf,3410,3410,-1704.4,-Inf,-Inf,-Inf,-Inf,-Inf,-Inf,-Inf,-Inf
3411,3411,-1705.2,-Inf,-Inf,-Inf,-Inf,-Inf,-Inf,-Inf,-Inf,3411,3411,-1704,-Inf,-Inf,-Inf,-Inf,-Inf,-Inf,-Inf,-Inf,3411,3411,-1711.3,-Inf,-Inf,-Inf,-Inf,-Inf,-Inf,-Inf,-Inf
3412,3412,-1708.4,-Inf,-Inf,-Inf,-Inf,-Inf,-Inf,-Inf,-Inf,3412,3412,-1711.1,-Inf,-Inf,-Inf,-Inf,-Inf,-Inf,-Inf,-Inf,3412,3412,-1714.3,-Inf,-Inf,-Inf,-Inf,-Inf,-Inf,-Inf,-Inf
3413,3413,-1714.7,-Inf,-Inf,-Inf,-Inf,-Inf,-Inf,-Inf,-Inf,3413,3413,-1714.3,-Inf,-Inf,-Inf,-Inf,-Inf,-Inf,-Inf,-Inf,3413,3413,-1721.3,-Inf,-Inf,-Inf,-Inf,-Inf,-Inf,-Inf,-Inf
3414,3414,-1719.2,-Inf,-Inf,-Inf,-Inf,-Inf,-Inf,-Inf,-Inf,3414,3414,-1720.6,-Inf,-Inf,-Inf,-Inf,-Inf,-Inf,-Inf,-Inf,3414,3414,-1724.8,-Inf,-Inf,-Inf,-Inf,-Inf,-Inf,-Inf,-Inf
3415,3415,-1724,-Inf,-Inf,-Inf,-Inf,-Inf,-Inf,-Inf,-Inf,3415,3415,-1725,-Inf,-Inf,-Inf,-Inf,-Inf,-Inf,-Inf,-Inf,3415,3415,-1730.7,-Inf,-Inf,-Inf,-Inf,-Inf,-Inf,-Inf,-Inf
3416,3416,-1730.1,-Inf,-Inf,-Inf,-Inf,-Inf,-Inf,-Inf,-Inf,3416,3416,-1729.9,-Inf,-Inf,-Inf,-Inf,-Inf,-Inf,-Inf,-Inf,3416,3416,-1735.6,-Inf,-Inf,-Inf,-Inf,-Inf,-Inf,-Inf,-Inf
3417,3417,-1733.6,-Inf,-Inf,-Inf,-Inf,-Inf,-Inf,-Inf,-Inf,3417,3417,-1736,-Inf,-Inf,-Inf,-Inf,-Inf,-Inf,-Inf,-Inf,3417,3417,-1740.1,-Inf,-Inf,-Inf,-Inf,-Inf,-Inf,-Inf,-Inf
3418,3418,-1740.7,-Inf,-Inf,-Inf,-Inf,-Inf,-Inf,-Inf,-Inf,3418,3418,-1739.5,-Inf,-Inf,-Inf,-Inf,-Inf,-Inf,-Inf,-Inf,3418,3418,-1746.6,-Inf,-Inf,-Inf,-Inf,-Inf,-Inf,-Inf,-Inf
3419,3419,-1743.7,-Inf,-Inf,-Inf,-Inf,-Inf,-Inf,-Inf,-Inf,3419,3419,-1746.6,-Inf,-Inf,-Inf,-Inf,-Inf,-Inf,-Inf,-Inf,3419,3419,-1749.8,-Inf,-Inf,-Inf,-Inf,-Inf,-Inf,-Inf,-Inf
3420,3420,-1750.5,-Inf,-Inf,-Inf,-Inf,-Inf,-Inf,-Inf,-Inf,3420,3420,-1749.6,-Inf,-Inf,-Inf,-Inf,-Inf,-Inf,-Inf,-Inf,3420,3420,-1756.9,-Inf,-Inf,-Inf,-Inf,-Inf,-Inf,-Inf,-Inf
3421,3421,-1754.3,-Inf,-Inf,-Inf,-Inf,-Inf,-Inf,-Inf,-Inf,3421,3421,-1756.4,-Inf,-Inf,-Inf,-Inf,-Inf,-Inf,-Inf,-Inf,3421,3421,-1760,-Inf,-Inf,-Inf,-Inf,-Inf,-Inf,-Inf,-Inf
3422,3422,-1759.8,-Inf,-Inf,-Inf,-Inf,-Inf,-Inf,-Inf,-Inf,3422,3422,-1760.1,-Inf,-Inf,-Inf,-Inf,-Inf,-Inf,-Inf,-Inf,3422,3422,-1766.5,-Inf,-Inf,-Inf,-Inf,-Inf,-Inf,-Inf,-Inf
3423,3423,-1765.2,-Inf,-Inf,-Inf,-Inf,-Inf,-Inf,-Inf,-Inf,3423,3423,-1765.7,-Inf,-Inf,-Inf,-Inf,-Inf,-Inf,-Inf,-Inf,3423,3423,-1770.7,-Inf,-Inf,-Inf,-Inf,-Inf,-Inf,-Inf,-Inf
3424,3424,-1769.3,-Inf,-Inf,-Inf,-Inf,-Inf,-Inf,-Inf,-Inf,3424,3424,-1771.1,-Inf,-Inf,-Inf,-Inf,-Inf,-Inf,-Inf,-Inf,3424,3424,-1775.8,-Inf,-Inf,-Inf,-Inf,-Inf,-Inf,-Inf,-Inf
3425,3425,-1776,-Inf,-Inf,-Inf,-Inf,-Inf,-Inf,-Inf,-Inf,3425,3425,-1775.1,-Inf,-Inf,-Inf,-Inf,-Inf,-Inf,-Inf,-Inf,3425,3425,-1781.7,-Inf,-Inf,-Inf,-Inf,-Inf,-Inf,-Inf,-Inf
3426,3426,-1779.1,-Inf,-Inf,-Inf,-Inf,-Inf,-Inf,-Inf,-Inf,3426,3426,-1781.9,-Inf,-Inf,-Inf,-Inf,-Inf,-Inf,-Inf,-Inf,3426,3426,-1785.3,-Inf,-Inf,-Inf,-Inf,-Inf,-Inf,-Inf,-Inf
3427,3427,-1786.2,-Inf,-Inf,-Inf,-Inf,-Inf,-Inf,-Inf,-Inf,3427,3427,-1785,-Inf,-Inf,-Inf,-Inf,-Inf,-Inf,-Inf,-Inf,3427,3427,-1792.4,-Inf,-Inf,-Inf,-Inf,-Inf,-Inf,-Inf,-Inf
3428,3428,-1789.5,-Inf,-Inf,-Inf,-Inf,-Inf,-Inf,-Inf,-Inf,3428,3428,-1792.1,-Inf,-Inf,-Inf,-Inf,-Inf,-Inf,-Inf,-Inf,3428,3428,-1795.3,-Inf,-Inf,-Inf,-Inf,-Inf,-Inf,-Inf,-Inf
3429,3429,-1795.7,-Inf,-Inf,-Inf,-Inf,-Inf,-Inf,-Inf,-Inf,3429,3429,-1795.3,-Inf,-Inf,-Inf,-Inf,-Inf,-Inf,-Inf,-Inf,3429,3429,-1802.3,-Inf,-Inf,-Inf,-Inf,-Inf,-Inf,-Inf,-Inf
3430,3430,-1800.3,-Inf,-Inf,-Inf,-Inf,-Inf,-Inf,-Inf,-Inf,3430,3430,-1801.6,-Inf,-Inf,-Inf,-Inf,-Inf,-Inf,-Inf,-Inf,3430,3430,-1805.9,-Inf,-Inf,-Inf,-Inf,-Inf,-Inf,-Inf,-Inf
3431,3431,-1805,-Inf,-Inf,-Inf,-Inf,-Inf,-Inf,-Inf,-Inf,3431,3431,-1806.1,-Inf,-Inf,-Inf,-Inf,-Inf,-Inf,-Inf,-Inf,3431,3431,-1811.6,-Inf,-Inf,-Inf,-Inf,-Inf,-Inf,-Inf,-Inf
3432,3432,-1811.2,-Inf,-Inf,-Inf,-Inf,-Inf,-Inf,-Inf,-Inf,3432,3432,-1810.9,-Inf,-Inf,-Inf,-Inf,-Inf,-Inf,-Inf,-Inf,3432,3432,-1816.7,-Inf,-Inf,-Inf,-Inf,-Inf,-Inf,-Inf,-Inf
3433,3433,-1814.6,-Inf,-Inf,-Inf,-Inf,-Inf,-Inf,-Inf,-Inf,3433,3433,-1817.1,-Inf,-Inf,-Inf,-Inf,-Inf,-Inf,-Inf,-Inf,3433,3433,-1821,-Inf,-Inf,-Inf,-Inf,-Inf,-Inf,-Inf,-Inf
3434,3434,-1821.7,-Inf,-Inf,-Inf,-Inf,-Inf,-Inf,-Inf,-Inf,3434,3434,-1820.5,-Inf,-Inf,-Inf,-Inf,-Inf,-Inf,-Inf,-Inf,3434,3434,-1827.6,-Inf,-Inf,-Inf,-Inf,-Inf,-Inf,-Inf,-Inf
3435,3435,-1824.7,-Inf,-Inf,-Inf,-Inf,-Inf,-Inf,-Inf,-Inf,3435,3435,-1827.6,-Inf,-Inf,-Inf,-Inf,-Inf,-Inf,-Inf,-Inf,3435,3435,-1830.8,-Inf,-Inf,-Inf,-Inf,-Inf,-Inf,-Inf,-Inf
3436,3436,-1831.5,-Inf,-Inf,-Inf,-Inf,-Inf,-Inf,-Inf,-Inf,3436,3436,-1830.6,-Inf,-Inf,-Inf,-Inf,-Inf,-Inf,-Inf,-Inf,3436,3436,-1837.9,-Inf,-Inf,-Inf,-Inf,-Inf,-Inf,-Inf,-Inf
3437,3437,-1835.4,-Inf,-Inf,-Inf,-Inf,-Inf,-Inf,-Inf,-Inf,3437,3437,-1837.4,-Inf,-Inf,-Inf,-Inf,-Inf,-Inf,-Inf,-Inf,3437,3437,-1841.1,-Inf,-Inf,-Inf,-Inf,-Inf,-Inf,-Inf,-Inf
3438,3438,-1840.8,-Inf,-Inf,-Inf,-Inf,-Inf,-Inf,-Inf,-Inf,3438,3438,-1841.2,-Inf,-Inf,-Inf,-Inf,-Inf,-Inf,-Inf,-Inf,3438,3438,-1847.5,-Inf,-Inf,-Inf,-Inf,-Inf,-Inf,-Inf,-Inf
3439,3439,-1846.3,-Inf,-Inf,-Inf,-Inf,-Inf,-Inf,-Inf,-Inf,3439,3439,-1846.7,-Inf,-Inf,-Inf,-Inf,-Inf,-Inf,-Inf,-Inf,3439,3439,-1851.8,-Inf,-Inf,-Inf,-Inf,-Inf,-Inf,-Inf,-Inf
3440,3440,-1850.2,-Inf,-Inf,-Inf,-Inf,-Inf,-Inf,-Inf,-Inf,3440,3440,-1852.2,-Inf,-Inf,-Inf,-Inf,-Inf,-Inf,-Inf,-Inf,3440,3440,-1856.8,-Inf,-Inf,-Inf,-Inf,-Inf,-Inf,-Inf,-Inf
3441,3441,-1857.1,-Inf,-Inf,-Inf,-Inf,-Inf,-Inf,-Inf,-Inf,3441,3441,-1856.1,-Inf,-Inf,-Inf,-Inf,-Inf,-Inf,-Inf,-Inf,3441,3441,-1862.8,-Inf,-Inf,-Inf,-Inf,-Inf,-Inf,-Inf,-Inf
3442,3442,-1860.1,-Inf,-Inf,-Inf,-Inf,-Inf,-Inf,-Inf,-Inf,3442,3442,-1863,-Inf,-Inf,-Inf,-Inf,-Inf,-Inf,-Inf,-Inf,3442,3442,-1866.3,-Inf,-Inf,-Inf,-Inf,-Inf,-Inf,-Inf,-Inf
3443,3443,-1867.2,-Inf,-Inf,-Inf,-Inf,-Inf,-Inf,-Inf,-Inf,3443,3443,-1866,-Inf,-Inf,-Inf,-Inf,-Inf,-Inf,-Inf,-Inf,3443,3443,-1873.4,-Inf,-Inf,-Inf,-Inf,-Inf,-Inf,-Inf,-Inf
3444,3444,-1870.5,-Inf,-Inf,-Inf,-Inf,-Inf,-Inf,-Inf,-Inf,3444,3444,-1873.1,-Inf,-Inf,-Inf,-Inf,-Inf,-Inf,-Inf,-Inf,3444,3444,-1876.4,-Inf,-Inf,-Inf,-Inf,-Inf,-Inf,-Inf,-Inf
3445,3445,-1876.6,-Inf,-Inf,-Inf,-Inf,-Inf,-Inf,-Inf,-Inf,3445,3445,-1876.4,-Inf,-Inf,-Inf,-Inf,-Inf,-Inf,-Inf,-Inf,3445,3445,-1883.2,-Inf,-Inf,-Inf,-Inf,-Inf,-Inf,-Inf,-Inf
3446,3446,-1881.4,-Inf,-Inf,-Inf,-Inf,-Inf,-Inf,-Inf,-Inf,3446,3446,-1882.5,-Inf,-Inf,-Inf,-Inf,-Inf,-Inf,-Inf,-Inf,3446,3446,-1886.9,-Inf,-Inf,-Inf,-Inf,-Inf,-Inf,-Inf,-Inf
3447,3447,-1885.9,-Inf,-Inf,-Inf,-Inf,-Inf,-Inf,-Inf,-Inf,3447,3447,-1887.2,-Inf,-Inf,-Inf,-Inf,-Inf,-Inf,-Inf,-Inf,3447,3447,-1892.6,-Inf,-Inf,-Inf,-Inf,-Inf,-Inf,-Inf,-Inf
3448,3448,-1892.3,-Inf,-Inf,-Inf,-Inf,-Inf,-Inf,-Inf,-Inf,3448,3448,-1891.8,-Inf,-Inf,-Inf,-Inf,-Inf,-Inf,-Inf,-Inf,3448,3448,-1897.9,-Inf,-Inf,-Inf,-Inf,-Inf,-Inf,-Inf,-Inf
3449,3449,-1895.6,-Inf,-Inf,-Inf,-Inf,-Inf,-Inf,-Inf,-Inf,3449,3449,-1898.2,-Inf,-Inf,-Inf,-Inf,-Inf,-Inf,-Inf,-Inf,3449,3449,-1902,-Inf,-Inf,-Inf,-Inf,-Inf,-Inf,-Inf,-Inf
3450,3450,-1902.7,-Inf,-Inf,-Inf,-Inf,-Inf,-Inf,-Inf,-Inf,3450,3450,-1901.5,-Inf,-Inf,-Inf,-Inf,-Inf,-Inf,-Inf,-Inf,3450,3450,-1908.7,-Inf,-Inf,-Inf,-Inf,-Inf,-Inf,-Inf,-Inf
3451,3451,-1905.8,-Inf,-Inf,-Inf,-Inf,-Inf,-Inf,-Inf,-Inf,3451,3451,-1908.6,-Inf,-Inf,-Inf,-Inf,-Inf,-Inf,-Inf,-Inf,3451,3451,-1911.8,-Inf,-Inf,-Inf,-Inf,-Inf,-Inf,-Inf,-Inf
3452,3452,-1912.4,-Inf,-Inf,-Inf,-Inf,-Inf,-Inf,-Inf,-Inf,3452,3452,-1911.7,-Inf,-Inf,-Inf,-Inf,-Inf,-Inf,-Inf,-Inf,3452,3452,-1918.9,-Inf,-Inf,-Inf,-Inf,-Inf,-Inf,-Inf,-Inf
3453,3453,-1916.5,-Inf,-Inf,-Inf,-Inf,-Inf,-Inf,-Inf,-Inf,3453,3453,-1918.3,-Inf,-Inf,-Inf,-Inf,-Inf,-Inf,-Inf,-Inf,3453,3453,-1922.1,-Inf,-Inf,-Inf,-Inf,-Inf,-Inf,-Inf,-Inf
3454,3454,-1921.7,-Inf,-Inf,-Inf,-Inf,-Inf,-Inf,-Inf,-Inf,3454,3454,-1922.3,-Inf,-Inf,-Inf,-Inf,-Inf,-Inf,-Inf,-Inf,3454,3454,-1928.4,-Inf,-Inf,-Inf,-Inf,-Inf,-Inf,-Inf,-Inf
3455,3455,-1927.4,-Inf,-Inf,-Inf,-Inf,-Inf,-Inf,-Inf,-Inf,3455,3455,-1927.6,-Inf,-Inf,-Inf,-Inf,-Inf,-Inf,-Inf,-Inf,3455,3455,-1932.9,-Inf,-Inf,-Inf,-Inf,-Inf,-Inf,-Inf,-Inf
3456,3456,-1931.2,-Inf,-Inf,-Inf,-Inf,-Inf,-Inf,-Inf,-Inf,3456,3456,-1933.3,-Inf,-Inf,-Inf,-Inf,-Inf,-Inf,-Inf,-Inf,3456,3456,-1937.7,-Inf,-Inf,-Inf,-Inf,-Inf,-Inf,-Inf,-Inf
3457,3457,-1938.1,-Inf,-Inf,-Inf,-Inf,-Inf,-Inf,-Inf,-Inf,3457,3457,-1937.1,-Inf,-Inf,-Inf,-Inf,-Inf,-Inf,-Inf,-Inf,3457,3457,-1943.9,-Inf,-Inf,-Inf,-Inf,-Inf,-Inf,-Inf,-Inf
3458,3458,-1941.1,-Inf,-Inf,-Inf,-Inf,-Inf,-Inf,-Inf,-Inf,3458,3458,-1944,-Inf,-Inf,-Inf,-Inf,-Inf,-Inf,-Inf,-Inf,3458,3458,-1947.3,-Inf,-Inf,-Inf,-Inf,-Inf,-Inf,-Inf,-Inf
3459,3459,-1948.1,-Inf,-Inf,-Inf,-Inf,-Inf,-Inf,-Inf,-Inf,3459,3459,-1947,-Inf,-Inf,-Inf,-Inf,-Inf,-Inf,-Inf,-Inf,3459,3459,-1954.4,-Inf,-Inf,-Inf,-Inf,-Inf,-Inf,-Inf,-Inf
3460,3460,-1951.6,-Inf,-Inf,-Inf,-Inf,-Inf,-Inf,-Inf,-Inf,3460,3460,-1954,-Inf,-Inf,-Inf,-Inf,-Inf,-Inf,-Inf,-Inf,3460,3460,-1957.4,-Inf,-Inf,-Inf,-Inf,-Inf,-Inf,-Inf,-Inf
3461,3461,-1957.5,-Inf,-Inf,-Inf,-Inf,-Inf,-Inf,-Inf,-Inf,3461,3461,-1957.5,-Inf,-Inf,-Inf,-Inf,-Inf,-Inf,-Inf,-Inf,3461,3461,-1964.2,-Inf,-Inf,-Inf,-Inf,-Inf,-Inf,-Inf,-Inf
3462,3462,-1962.5,-Inf,-Inf,-Inf,-Inf,-Inf,-Inf,-Inf,-Inf,3462,3462,-1963.4,-Inf,-Inf,-Inf,-Inf,-Inf,-Inf,-Inf,-Inf,3462,3462,-1968,-Inf,-Inf,-Inf,-Inf,-Inf,-Inf,-Inf,-Inf
3463,3463,-1966.9,-Inf,-Inf,-Inf,-Inf,-Inf,-Inf,-Inf,-Inf,3463,3463,-1968.3,-Inf,-Inf,-Inf,-Inf,-Inf,-Inf,-Inf,-Inf,3463,3463,-1973.5,-Inf,-Inf,-Inf,-Inf,-Inf,-Inf,-Inf,-Inf
3464,3464,-1973.4,-Inf,-Inf,-Inf,-Inf,-Inf,-Inf,-Inf,-Inf,3464,3464,-1972.8,-Inf,-Inf,-Inf,-Inf,-Inf,-Inf,-Inf,-Inf,3464,3464,-1979,-Inf,-Inf,-Inf,-Inf,-Inf,-Inf,-Inf,-Inf
3465,3465,-1976.6,-Inf,-Inf,-Inf,-Inf,-Inf,-Inf,-Inf,-Inf,3465,3465,-1979.3,-Inf,-Inf,-Inf,-Inf,-Inf,-Inf,-Inf,-Inf,3465,3465,-1982.9,-Inf,-Inf,-Inf,-Inf,-Inf,-Inf,-Inf,-Inf
3466,3466,-1983.7,-Inf,-Inf,-Inf,-Inf,-Inf,-Inf,-Inf,-Inf,3466,3466,-1982.5,-Inf,-Inf,-Inf,-Inf,-Inf,-Inf,-Inf,-Inf,3466,3466,-1989.8,-Inf,-Inf,-Inf,-Inf,-Inf,-Inf,-Inf,-Inf
3467,3467,-1986.8,-Inf,-Inf,-Inf,-Inf,-Inf,-Inf,-Inf,-Inf,3467,3467,-1989.6,-Inf,-Inf,-Inf,-Inf,-Inf,-Inf,-Inf,-Inf,3467,3467,-1992.8,-Inf,-Inf,-Inf,-Inf,-Inf,-Inf,-Inf,-Inf
3468,3468,-1993.3,-Inf,-Inf,-Inf,-Inf,-Inf,-Inf,-Inf,-Inf,3468,3468,-1992.7,-Inf,-Inf,-Inf,-Inf,-Inf,-Inf,-Inf,-Inf,3468,3468,-1999.9,-Inf,-Inf,-Inf,-Inf,-Inf,-Inf,-Inf,-Inf
3469,3469,-1997.5,-Inf,-Inf,-Inf,-Inf,-Inf,-Inf,-Inf,-Inf,3469,3469,-1999.2,-Inf,-Inf,-Inf,-Inf,-Inf,-Inf,-Inf,-Inf,3469,3469,-2003.2,-Inf,-Inf,-Inf,-Inf,-Inf,-Inf,-Inf,-Inf
3470,3470,-2002.6,-Inf,-Inf,-Inf,-Inf,-Inf,-Inf,-Inf,-Inf,3470,3470,-2003.4,-Inf,-Inf,-Inf,-Inf,-Inf,-Inf,-Inf,-Inf,3470,3470,-2009.3,-Inf,-Inf,-Inf,-Inf,-Inf,-Inf,-Inf,-Inf
3471,3471,-2008.5,-Inf,-Inf,-Inf,-Inf,-Inf,-Inf,-Inf,-Inf,3471,3471,-2008.5,-Inf,-Inf,-Inf,-Inf,-Inf,-Inf,-Inf,-Inf,3471,3471,-2014,-Inf,-Inf,-Inf,-Inf,-Inf,-Inf,-Inf,-Inf
3472,3472,-2012.2,-Inf,-Inf,-Inf,-Inf,-Inf,-Inf,-Inf,-Inf,3472,3472,-2014.4,-Inf,-Inf,-Inf,-Inf,-Inf,-Inf,-Inf,-Inf,3472,3472,-2018.6,-Inf,-Inf,-Inf,-Inf,-Inf,-Inf,-Inf,-Inf
3473,3473,-2019.2,-Inf,-Inf,-Inf,-Inf,-Inf,-Inf,-Inf,-Inf,3473,3473,-2018,-Inf,-Inf,-Inf,-Inf,-Inf,-Inf,-Inf,-Inf,3473,3473,-2025,-Inf,-Inf,-Inf,-Inf,-Inf,-Inf,-Inf,-Inf
3474,3474,-2022.2,-Inf,-Inf,-Inf,-Inf,-Inf,-Inf,-Inf,-Inf,3474,3474,-2025.1,-Inf,-Inf,-Inf,-Inf,-Inf,-Inf,-Inf,-Inf,3474,3474,-2028.3,-Inf,-Inf,-Inf,-Inf,-Inf,-Inf,-Inf,-Inf
3475,3475,-2029.1,-Inf,-Inf,-Inf,-Inf,-Inf,-Inf,-Inf,-Inf,3475,3475,-2028,-Inf,-Inf,-Inf,-Inf,-Inf,-Inf,-Inf,-Inf,3475,3475,-2035.4,-Inf,-Inf,-Inf,-Inf,-Inf,-Inf,-Inf,-Inf
3476,3476,-2032.7,-Inf,-Inf,-Inf,-Inf,-Inf,-Inf,-Inf,-Inf,3476,3476,-2035,-Inf,-Inf,-Inf,-Inf,-Inf,-Inf,-Inf,-Inf,3476,3476,-2038.5,-Inf,-Inf,-Inf,-Inf,-Inf,-Inf,-Inf,-Inf
3477,3477,-2038.4,-Inf,-Inf,-Inf,-Inf,-Inf,-Inf,-Inf,-Inf,3477,3477,-2038.5,-Inf,-Inf,-Inf,-Inf,-Inf,-Inf,-Inf,-Inf,3477,3477,-2045.1,-Inf,-Inf,-Inf,-Inf,-Inf,-Inf,-Inf,-Inf
3478,3478,-2043.6,-Inf,-Inf,-Inf,-Inf,-Inf,-Inf,-Inf,-Inf,3478,3478,-2044.3,-Inf,-Inf,-Inf,-Inf,-Inf,-Inf,-Inf,-Inf,3478,3478,-2049.1,-Inf,-Inf,-Inf,-Inf,-Inf,-Inf,-Inf,-Inf
3479,3479,-2047.8,-Inf,-Inf,-Inf,-Inf,-Inf,-Inf,-Inf,-Inf,3479,3479,-2049.4,-Inf,-Inf,-Inf,-Inf,-Inf,-Inf,-Inf,-Inf,3479,3479,-2054.4,-Inf,-Inf,-Inf,-Inf,-Inf,-Inf,-Inf,-Inf
3480,3480,-2054.5,-Inf,-Inf,-Inf,-Inf,-Inf,-Inf,-Inf,-Inf,3480,3480,-2053.7,-Inf,-Inf,-Inf,-Inf,-Inf,-Inf,-Inf,-Inf,3480,3480,-2060.1,-Inf,-Inf,-Inf,-Inf,-Inf,-Inf,-Inf,-Inf
3481,3481,-2057.6,-Inf,-Inf,-Inf,-Inf,-Inf,-Inf,-Inf,-Inf,3481,3481,-2060.3,-Inf,-Inf,-Inf,-Inf,-Inf,-Inf,-Inf,-Inf,3481,3481,-2063.9,-Inf,-Inf,-Inf,-Inf,-Inf,-Inf,-Inf,-Inf
3482,3482,-2064.7,-Inf,-Inf,-Inf,-Inf,-Inf,-Inf,-Inf,-Inf,3482,3482,-2063.5,-Inf,-Inf,-Inf,-Inf,-Inf,-Inf,-Inf,-Inf,3482,3482,-2070.8,-Inf,-Inf,-Inf,-Inf,-Inf,-Inf,-Inf,-Inf
3483,3483,-2067.9,-Inf,-Inf,-Inf,-Inf,-Inf,-Inf,-Inf,-Inf,3483,3483,-2070.6,-Inf,-Inf,-Inf,-Inf,-Inf,-Inf,-Inf,-Inf,3483,3483,-2073.8,-Inf,-Inf,-Inf,-Inf,-Inf,-Inf,-Inf,-Inf
3484,3484,-2074.3,-Inf,-Inf,-Inf,-Inf,-Inf,-Inf,-Inf,-Inf,3484,3484,-2073.8,-Inf,-Inf,-Inf,-Inf,-Inf,-Inf,-Inf,-Inf,3484,3484,-2080.8,-Inf,-Inf,-Inf,-Inf,-Inf,-Inf,-Inf,-Inf
3485,3485,-2078.6,-Inf,-Inf,-Inf,-Inf,-Inf,-Inf,-Inf,-Inf,3485,3485,-2080.2,-Inf,-Inf,-Inf,-Inf,-Inf,-Inf,-Inf,-Inf,3485,3485,-2084.3,-Inf,-Inf,-Inf,-Inf,-Inf,-Inf,-Inf,-Inf
3486,3486,-2083.6,-Inf,-Inf,-Inf,-Inf,-Inf,-Inf,-Inf,-Inf,3486,3486,-2084.5,-Inf,-Inf,-Inf,-Inf,-Inf,-Inf,-Inf,-Inf,3486,3486,-2090.2,-Inf,-Inf,-Inf,-Inf,-Inf,-Inf,-Inf,-Inf
3487,3487,-2089.6,-Inf,-Inf,-Inf,-Inf,-Inf,-Inf,-Inf,-Inf,3487,3487,-2089.5,-Inf,-Inf,-Inf,-Inf,-Inf,-Inf,-Inf,-Inf,3487,3487,-2095.1,-Inf,-Inf,-Inf,-Inf,-Inf,-Inf,-Inf,-Inf
3488,3488,-2093.1,-Inf,-Inf,-Inf,-Inf,-Inf,-Inf,-Inf,-Inf,3488,3488,-2095.5,-Inf,-Inf,-Inf,-Inf,-Inf,-Inf,-Inf,-Inf,3488,3488,-2099.6,-Inf,-Inf,-Inf,-Inf,-Inf,-Inf,-Inf,-Inf
3489,3489,-2100.2,-Inf,-Inf,-Inf,-Inf,-Inf,-Inf,-Inf,-Inf,3489,3489,-2099,-Inf,-Inf,-Inf,-Inf,-Inf,-Inf,-Inf,-Inf,3489,3489,-2106.1,-Inf,-Inf,-Inf,-Inf,-Inf,-Inf,-Inf,-Inf
3490,3490,-2103.2,-Inf,-Inf,-Inf,-Inf,-Inf,-Inf,-Inf,-Inf,3490,3490,-2106.1,-Inf,-Inf,-Inf,-Inf,-Inf,-Inf,-Inf,-Inf,3490,3490,-2109.3,-Inf,-Inf,-Inf,-Inf,-Inf,-Inf,-Inf,-Inf
3491,3491,-2110,-Inf,-Inf,-Inf,-Inf,-Inf,-Inf,-Inf,-Inf,3491,3491,-2109.1,-Inf,-Inf,-Inf,-Inf,-Inf,-Inf,-Inf,-Inf,3491,3491,-2116.4,-Inf,-Inf,-Inf,-Inf,-Inf,-Inf,-Inf,-Inf
3492,3492,-2113.8,-Inf,-Inf,-Inf,-Inf,-Inf,-Inf,-Inf,-Inf,3492,3492,-2115.9,-Inf,-Inf,-Inf,-Inf,-Inf,-Inf,-Inf,-Inf,3492,3492,-2119.5,-Inf,-Inf,-Inf,-Inf,-Inf,-Inf,-Inf,-Inf
3493,3493,-2119.4,-Inf,-Inf,-Inf,-Inf,-Inf,-Inf,-Inf,-Inf,3493,3493,-2119.6,-Inf,-Inf,-Inf,-Inf,-Inf,-Inf,-Inf,-Inf,3493,3493,-2126,-Inf,-Inf,-Inf,-Inf,-Inf,-Inf,-Inf,-Inf
3494,3494,-2124.7,-Inf,-Inf,-Inf,-Inf,-Inf,-Inf,-Inf,-Inf,3494,3494,-2125.3,-Inf,-Inf,-Inf,-Inf,-Inf,-Inf,-Inf,-Inf,3494,3494,-2130.2,-Inf,-Inf,-Inf,-Inf,-Inf,-Inf,-Inf,-Inf
3495,3495,-2128.8,-Inf,-Inf,-Inf,-Inf,-Inf,-Inf,-Inf,-Inf,3495,3495,-2130.5,-Inf,-Inf,-Inf,-Inf,-Inf,-Inf,-Inf,-Inf,3495,3495,-2135.3,-Inf,-Inf,-Inf,-Inf,-Inf,-Inf,-Inf,-Inf
3496,3496,-2135.5,-Inf,-Inf,-Inf,-Inf,-Inf,-Inf,-Inf,-Inf,3496,3496,-2134.7,-Inf,-Inf,-Inf,-Inf,-Inf,-Inf,-Inf,-Inf,3496,3496,-2141.2,-Inf,-Inf,-Inf,-Inf,-Inf,-Inf,-Inf,-Inf
3497,3497,-2138.6,-Inf,-Inf,-Inf,-Inf,-Inf,-Inf,-Inf,-Inf,3497,3497,-2141.4,-Inf,-Inf,-Inf,-Inf,-Inf,-Inf,-Inf,-Inf,3497,3497,-2144.9,-Inf,-Inf,-Inf,-Inf,-Inf,-Inf,-Inf,-Inf
3498,3498,-2145.7,-Inf,-Inf,-Inf,-Inf,-Inf,-Inf,-Inf,-Inf,3498,3498,-2144.5,-Inf,-Inf,-Inf,-Inf,-Inf,-Inf,-Inf,-Inf,3498,3498,-2151.9,-Inf,-Inf,-Inf,-Inf,-Inf,-Inf,-Inf,-Inf
3499,3499,-2148.9,-Inf,-Inf,-Inf,-Inf,-Inf,-Inf,-Inf,-Inf,3499,3499,-2151.6,-Inf,-Inf,-Inf,-Inf,-Inf,-Inf,-Inf,-Inf,3499,3499,-2154.8,-Inf,-Inf,-Inf,-Inf,-Inf,-Inf,-Inf,-Inf
3500,3500,-2155.2,-Inf,-Inf,-Inf,-Inf,-Inf,-Inf,-Inf,-Inf,3500,3500,-2154.8,-Inf,-Inf,-Inf,-Inf,-Inf,-Inf,-Inf,-Inf,3500,3500,-2161.8,-Inf,-Inf,-Inf,-Inf,-Inf,-Inf,-Inf,-Inf
3501,3501,-2159.7,-Inf,-Inf,-Inf,-Inf,-Inf,-Inf,-Inf,-Inf,3501,3501,-2161.1,-Inf,-Inf,-Inf,-Inf,-Inf,-Inf,-Inf,-Inf,3501,3501,-2165.3,-Inf,-Inf,-Inf,-Inf,-Inf,-Inf,-Inf,-Inf
3502,3502,-2164.5,-Inf,-Inf,-Inf,-Inf,-Inf,-Inf,-Inf,-Inf,3502,3502,-2165.6,-Inf,-Inf,-Inf,-Inf,-Inf,-Inf,-Inf,-Inf,3502,3502,-2171.2,-Inf,-Inf,-Inf,-Inf,-Inf,-Inf,-Inf,-Inf
3503,3503,-2170.7,-Inf,-Inf,-Inf,-Inf,-Inf,-Inf,-Inf,-Inf,3503,3503,-2170.4,-Inf,-Inf,-Inf,-Inf,-Inf,-Inf,-Inf,-Inf,3503,3503,-2176.2,-Inf,-Inf,-Inf,-Inf,-Inf,-Inf,-Inf,-Inf
3504,3504,-2174.1,-Inf,-Inf,-Inf,-Inf,-Inf,-Inf,-Inf,-Inf,3504,3504,-2176.6,-Inf,-Inf,-Inf,-Inf,-Inf,-Inf,-Inf,-Inf,3504,3504,-2180.5,-Inf,-Inf,-Inf,-Inf,-Inf,-Inf,-Inf,-Inf
3505,3505,-2181.2,-Inf,-Inf,-Inf,-Inf,-Inf,-Inf,-Inf,-Inf,3505,3505,-2180,-Inf,-Inf,-Inf,-Inf,-Inf,-Inf,-Inf,-Inf,3505,3505,-2187.1,-Inf,-Inf,-Inf,-Inf,-Inf,-Inf,-Inf,-Inf
3506,3506,-2184.2,-Inf,-Inf,-Inf,-Inf,-Inf,-Inf,-Inf,-Inf,3506,3506,-2187.1,-Inf,-Inf,-Inf,-Inf,-Inf,-Inf,-Inf,-Inf,3506,3506,-2190.3,-Inf,-Inf,-Inf,-Inf,-Inf,-Inf,-Inf,-Inf
3507,3507,-2191,-Inf,-Inf,-Inf,-Inf,-Inf,-Inf,-Inf,-Inf,3507,3507,-2190.1,-Inf,-Inf,-Inf,-Inf,-Inf,-Inf,-Inf,-Inf,3507,3507,-2197.4,-Inf,-Inf,-Inf,-Inf,-Inf,-Inf,-Inf,-Inf
3508,3508,-2194.8,-Inf,-Inf,-Inf,-Inf,-Inf,-Inf,-Inf,-Inf,3508,3508,-2196.9,-Inf,-Inf,-Inf,-Inf,-Inf,-Inf,-Inf,-Inf,3508,3508,-2200.6,-Inf,-Inf,-Inf,-Inf,-Inf,-Inf,-Inf,-Inf
3509,3509,-2200.3,-Inf,-Inf,-Inf,-Inf,-Inf,-Inf,-Inf,-Inf,3509,3509,-2200.7,-Inf,-Inf,-Inf,-Inf,-Inf,-Inf,-Inf,-Inf,3509,3509,-2207,-Inf,-Inf,-Inf,-Inf,-Inf,-Inf,-Inf,-Inf
3510,3510,-2205.8,-Inf,-Inf,-Inf,-Inf,-Inf,-Inf,-Inf,-Inf,3510,3510,-2206.2,-Inf,-Inf,-Inf,-Inf,-Inf,-Inf,-Inf,-Inf,3510,3510,-2211.3,-Inf,-Inf,-Inf,-Inf,-Inf,-Inf,-Inf,-Inf
3511,3511,-2209.7,-Inf,-Inf,-Inf,-Inf,-Inf,-Inf,-Inf,-Inf,3511,3511,-2211.7,-Inf,-Inf,-Inf,-Inf,-Inf,-Inf,-Inf,-Inf,3511,3511,-2216.3,-Inf,-Inf,-Inf,-Inf,-Inf,-Inf,-Inf,-Inf
3512,3512,-2216.6,-Inf,-Inf,-Inf,-Inf,-Inf,-Inf,-Inf,-Inf,3512,3512,-2215.6,-Inf,-Inf,-Inf,-Inf,-Inf,-Inf,-Inf,-Inf,3512,3512,-2222.3,-Inf,-Inf,-Inf,-Inf,-Inf,-Inf,-Inf,-Inf
3513,3513,-2219.6,-Inf,-Inf,-Inf,-Inf,-Inf,-Inf,-Inf,-Inf,3513,3513,-2222.5,-Inf,-Inf,-Inf,-Inf,-Inf,-Inf,-Inf,-Inf,3513,3513,-2225.8,-Inf,-Inf,-Inf,-Inf,-Inf,-Inf,-Inf,-Inf
3514,3514,-2226.7,-Inf,-Inf,-Inf,-Inf,-Inf,-Inf,-Inf,-Inf,3514,3514,-2225.5,-Inf,-Inf,-Inf,-Inf,-Inf,-Inf,-Inf,-Inf,3514,3514,-2232.9,-Inf,-Inf,-Inf,-Inf,-Inf,-Inf,-Inf,-Inf
3515,3515,-2230,-Inf,-Inf,-Inf,-Inf,-Inf,-Inf,-Inf,-Inf,3515,3515,-2232.6,-Inf,-Inf,-Inf,-Inf,-Inf,-Inf,-Inf,-Inf,3515,3515,-2235.9,-Inf,-Inf,-Inf,-Inf,-Inf,-Inf,-Inf,-Inf
3516,3516,-2236.1,-Inf,-Inf,-Inf,-Inf,-Inf,-Inf,-Inf,-Inf,3516,3516,-2235.9,-Inf,-Inf,-Inf,-Inf,-Inf,-Inf,-Inf,-Inf,3516,3516,-2242.8,-Inf,-Inf,-Inf,-Inf,-Inf,-Inf,-Inf,-Inf
3517,3517,-2240.9,-Inf,-Inf,-Inf,-Inf,-Inf,-Inf,-Inf,-Inf,3517,3517,-2242,-Inf,-Inf,-Inf,-Inf,-Inf,-Inf,-Inf,-Inf,3517,3517,-2246.4,-Inf,-Inf,-Inf,-Inf,-Inf,-Inf,-Inf,-Inf
3518,3518,-2245.4,-Inf,-Inf,-Inf,-Inf,-Inf,-Inf,-Inf,-Inf,3518,3518,-2246.7,-Inf,-Inf,-Inf,-Inf,-Inf,-Inf,-Inf,-Inf,3518,3518,-2252.1,-Inf,-Inf,-Inf,-Inf,-Inf,-Inf,-Inf,-Inf
3519,3519,-2251.8,-Inf,-Inf,-Inf,-Inf,-Inf,-Inf,-Inf,-Inf,3519,3519,-2251.3,-Inf,-Inf,-Inf,-Inf,-Inf,-Inf,-Inf,-Inf,3519,3519,-2257.3,-Inf,-Inf,-Inf,-Inf,-Inf,-Inf,-Inf,-Inf
3520,3520,-2255.1,-Inf,-Inf,-Inf,-Inf,-Inf,-Inf,-Inf,-Inf,3520,3520,-2257.7,-Inf,-Inf,-Inf,-Inf,-Inf,-Inf,-Inf,-Inf,3520,3520,-2261.5,-Inf,-Inf,-Inf,-Inf,-Inf,-Inf,-Inf,-Inf
3521,3521,-2262.2,-Inf,-Inf,-Inf,-Inf,-Inf,-Inf,-Inf,-Inf,3521,3521,-2261,-Inf,-Inf,-Inf,-Inf,-Inf,-Inf,-Inf,-Inf,3521,3521,-2268.2,-Inf,-Inf,-Inf,-Inf,-Inf,-Inf,-Inf,-Inf
3522,3522,-2265.3,-Inf,-Inf,-Inf,-Inf,-Inf,-Inf,-Inf,-Inf,3522,3522,-2268.1,-Inf,-Inf,-Inf,-Inf,-Inf,-Inf,-Inf,-Inf,3522,3522,-2271.3,-Inf,-Inf,-Inf,-Inf,-Inf,-Inf,-Inf,-Inf
3523,3523,-2271.9,-Inf,-Inf,-Inf,-Inf,-Inf,-Inf,-Inf,-Inf,3523,3523,-2271.2,-Inf,-Inf,-Inf,-Inf,-Inf,-Inf,-Inf,-Inf,3523,3523,-2278.4,-Inf,-Inf,-Inf,-Inf,-Inf,-Inf,-Inf,-Inf
3524,3524,-2275.9,-Inf,-Inf,-Inf,-Inf,-Inf,-Inf,-Inf,-Inf,3524,3524,-2277.8,-Inf,-Inf,-Inf,-Inf,-Inf,-Inf,-Inf,-Inf,3524,3524,-2281.6,-Inf,-Inf,-Inf,-Inf,-Inf,-Inf,-Inf,-Inf
3525,3525,-2281.2,-Inf,-Inf,-Inf,-Inf,-Inf,-Inf,-Inf,-Inf,3525,3525,-2281.8,-Inf,-Inf,-Inf,-Inf,-Inf,-Inf,-Inf,-Inf,3525,3525,-2287.9,-Inf,-Inf,-Inf,-Inf,-Inf,-Inf,-Inf,-Inf
3526,3526,-2286.9,-Inf,-Inf,-Inf,-Inf,-Inf,-Inf,-Inf,-Inf,3526,3526,-2287.1,-Inf,-Inf,-Inf,-Inf,-Inf,-Inf,-Inf,-Inf,3526,3526,-2292.4,-Inf,-Inf,-Inf,-Inf,-Inf,-Inf,-Inf,-Inf
3527,3527,-2290.7,-Inf,-Inf,-Inf,-Inf,-Inf,-Inf,-Inf,-Inf,3527,3527,-2292.8,-Inf,-Inf,-Inf,-Inf,-Inf,-Inf,-Inf,-Inf,3527,3527,-2297.2,-Inf,-Inf,-Inf,-Inf,-Inf,-Inf,-Inf,-Inf
3528,3528,-2297.6,-Inf,-Inf,-Inf,-Inf,-Inf,-Inf,-Inf,-Inf,3528,3528,-2296.6,-Inf,-Inf,-Inf,-Inf,-Inf,-Inf,-Inf,-Inf,3528,3528,-2303.4,-Inf,-Inf,-Inf,-Inf,-Inf,-Inf,-Inf,-Inf
3529,3529,-2300.6,-Inf,-Inf,-Inf,-Inf,-Inf,-Inf,-Inf,-Inf,3529,3529,-2303.5,-Inf,-Inf,-Inf,-Inf,-Inf,-Inf,-Inf,-Inf,3529,3529,-2306.8,-Inf,-Inf,-Inf,-Inf,-Inf,-Inf,-Inf,-Inf
3530,3530,-2307.7,-Inf,-Inf,-Inf,-Inf,-Inf,-Inf,-Inf,-Inf,3530,3530,-2306.5,-Inf,-Inf,-Inf,-Inf,-Inf,-Inf,-Inf,-Inf,3530,3530,-2313.9,-Inf,-Inf,-Inf,-Inf,-Inf,-Inf,-Inf,-Inf
3531,3531,-2311.1,-Inf,-Inf,-Inf,-Inf,-Inf,-Inf,-Inf,-Inf,3531,3531,-2313.5,-Inf,-Inf,-Inf,-Inf,-Inf,-Inf,-Inf,-Inf,3531,3531,-2316.9,-Inf,-Inf,-Inf,-Inf,-Inf,-Inf,-Inf,-Inf
3532,3532,-2317,-Inf,-Inf,-Inf,-Inf,-Inf,-Inf,-Inf,-Inf,3532,3532,-2317,-Inf,-Inf,-Inf,-Inf,-Inf,-Inf,-Inf,-Inf,3532,3532,-2323.7,-Inf,-Inf,-Inf,-Inf,-Inf,-Inf,-Inf,-Inf
3533,3533,-2322,-Inf,-Inf,-Inf,-Inf,-Inf,-Inf,-Inf,-Inf,3533,3533,-2322.9,-Inf,-Inf,-Inf,-Inf,-Inf,-Inf,-Inf,-Inf,3533,3533,-2327.5,-Inf,-Inf,-Inf,-Inf,-Inf,-Inf,-Inf,-Inf
3534,3534,-2326.4,-Inf,-Inf,-Inf,-Inf,-Inf,-Inf,-Inf,-Inf,3534,3534,-2327.8,-Inf,-Inf,-Inf,-Inf,-Inf,-Inf,-Inf,-Inf,3534,3534,-2333,-Inf,-Inf,-Inf,-Inf,-Inf,-Inf,-Inf,-Inf
3535,3535,-2332.9,-Inf,-Inf,-Inf,-Inf,-Inf,-Inf,-Inf,-Inf,3535,3535,-2332.3,-Inf,-Inf,-Inf,-Inf,-Inf,-Inf,-Inf,-Inf,3535,3535,-2338.5,-Inf,-Inf,-Inf,-Inf,-Inf,-Inf,-Inf,-Inf
3536,3536,-2336.1,-Inf,-Inf,-Inf,-Inf,-Inf,-Inf,-Inf,-Inf,3536,3536,-2338.7,-Inf,-Inf,-Inf,-Inf,-Inf,-Inf,-Inf,-Inf,3536,3536,-2342.4,-Inf,-Inf,-Inf,-Inf,-Inf,-Inf,-Inf,-Inf
3537,3537,-2343.3,-Inf,-Inf,-Inf,-Inf,-Inf,-Inf,-Inf,-Inf,3537,3537,-2342,-Inf,-Inf,-Inf,-Inf,-Inf,-Inf,-Inf,-Inf,3537,3537,-2349.3,-Inf,-Inf,-Inf,-Inf,-Inf,-Inf,-Inf,-Inf
3538,3538,-2346.3,-Inf,-Inf,-Inf,-Inf,-Inf,-Inf,-Inf,-Inf,3538,3538,-2349.1,-Inf,-Inf,-Inf,-Inf,-Inf,-Inf,-Inf,-Inf,3538,3538,-2352.3,-Inf,-Inf,-Inf,-Inf,-Inf,-Inf,-Inf,-Inf
3539,3539,-2352.9,-Inf,-Inf,-Inf,-Inf,-Inf,-Inf,-Inf,-Inf,3539,3539,-2352.2,-Inf,-Inf,-Inf,-Inf,-Inf,-Inf,-Inf,-Inf,3539,3539,-2359.4,-Inf,-Inf,-Inf,-Inf,-Inf,-Inf,-Inf,-Inf
3540,3540,-2357,-Inf,-Inf,-Inf,-Inf,-Inf,-Inf,-Inf,-Inf,3540,3540,-2358.7,-Inf,-Inf,-Inf,-Inf,-Inf,-Inf,-Inf,-Inf,3540,3540,-2362.7,-Inf,-Inf,-Inf,-Inf,-Inf,-Inf,-Inf,-Inf
3541,3541,-2362.1,-Inf,-Inf,-Inf,-Inf,-Inf,-Inf,-Inf,-Inf,3541,3541,-2362.9,-Inf,-Inf,-Inf,-Inf,-Inf,-Inf,-Inf,-Inf,3541,3541,-2368.8,-Inf,-Inf,-Inf,-Inf,-Inf,-Inf,-Inf,-Inf
3542,3542,-2368,-Inf,-Inf,-Inf,-Inf,-Inf,-Inf,-Inf,-Inf,3542,3542,-2368,-Inf,-Inf,-Inf,-Inf,-Inf,-Inf,-Inf,-Inf,3542,3542,-2373.5,-Inf,-Inf,-Inf,-Inf,-Inf,-Inf,-Inf,-Inf
3543,3543,-2371.7,-Inf,-Inf,-Inf,-Inf,-Inf,-Inf,-Inf,-Inf,3543,3543,-2373.9,-Inf,-Inf,-Inf,-Inf,-Inf,-Inf,-Inf,-Inf,3543,3543,-2378.1,-Inf,-Inf,-Inf,-Inf,-Inf,-Inf,-Inf,-Inf
3544,3544,-2378.7,-Inf,-Inf,-Inf,-Inf,-Inf,-Inf,-Inf,-Inf,3544,3544,-2377.6,-Inf,-Inf,-Inf,-Inf,-Inf,-Inf,-Inf,-Inf,3544,3544,-2384.5,-Inf,-Inf,-Inf,-Inf,-Inf,-Inf,-Inf,-Inf
3545,3545,-2381.7,-Inf,-Inf,-Inf,-Inf,-Inf,-Inf,-Inf,-Inf,3545,3545,-2384.6,-Inf,-Inf,-Inf,-Inf,-Inf,-Inf,-Inf,-Inf,3545,3545,-2387.8,-Inf,-Inf,-Inf,-Inf,-Inf,-Inf,-Inf,-Inf
3546,3546,-2388.6,-Inf,-Inf,-Inf,-Inf,-Inf,-Inf,-Inf,-Inf,3546,3546,-2387.5,-Inf,-Inf,-Inf,-Inf,-Inf,-Inf,-Inf,-Inf,3546,3546,-2394.9,-Inf,-Inf,-Inf,-Inf,-Inf,-Inf,-Inf,-Inf
3547,3547,-2392.2,-Inf,-Inf,-Inf,-Inf,-Inf,-Inf,-Inf,-Inf,3547,3547,-2394.5,-Inf,-Inf,-Inf,-Inf,-Inf,-Inf,-Inf,-Inf,3547,3547,-2398,-Inf,-Inf,-Inf,-Inf,-Inf,-Inf,-Inf,-Inf
3548,3548,-2398,-Inf,-Inf,-Inf,-Inf,-Inf,-Inf,-Inf,-Inf,3548,3548,-2398,-Inf,-Inf,-Inf,-Inf,-Inf,-Inf,-Inf,-Inf,3548,3548,-2404.6,-Inf,-Inf,-Inf,-Inf,-Inf,-Inf,-Inf,-Inf
3549,3549,-2403.1,-Inf,-Inf,-Inf,-Inf,-Inf,-Inf,-Inf,-Inf,3549,3549,-2403.9,-Inf,-Inf,-Inf,-Inf,-Inf,-Inf,-Inf,-Inf,3549,3549,-2408.6,-Inf,-Inf,-Inf,-Inf,-Inf,-Inf,-Inf,-Inf
3550,3550,-2407.3,-Inf,-Inf,-Inf,-Inf,-Inf,-Inf,-Inf,-Inf,3550,3550,-2408.9,-Inf,-Inf,-Inf,-Inf,-Inf,-Inf,-Inf,-Inf,3550,3550,-2413.9,-Inf,-Inf,-Inf,-Inf,-Inf,-Inf,-Inf,-Inf
3551,3551,-2414,-Inf,-Inf,-Inf,-Inf,-Inf,-Inf,-Inf,-Inf,3551,3551,-2413.2,-Inf,-Inf,-Inf,-Inf,-Inf,-Inf,-Inf,-Inf,3551,3551,-2419.6,-Inf,-Inf,-Inf,-Inf,-Inf,-Inf,-Inf,-Inf
3552,3552,-2417.1,-Inf,-Inf,-Inf,-Inf,-Inf,-Inf,-Inf,-Inf,3552,3552,-2419.8,-Inf,-Inf,-Inf,-Inf,-Inf,-Inf,-Inf,-Inf,3552,3552,-2423.4,-Inf,-Inf,-Inf,-Inf,-Inf,-Inf,-Inf,-Inf
3553,3553,-2424.2,-Inf,-Inf,-Inf,-Inf,-Inf,-Inf,-Inf,-Inf,3553,3553,-2423,-Inf,-Inf,-Inf,-Inf,-Inf,-Inf,-Inf,-Inf,3553,3553,-2430.3,-Inf,-Inf,-Inf,-Inf,-Inf,-Inf,-Inf,-Inf
3554,3554,-2427.4,-Inf,-Inf,-Inf,-Inf,-Inf,-Inf,-Inf,-Inf,3554,3554,-2430.1,-Inf,-Inf,-Inf,-Inf,-Inf,-Inf,-Inf,-Inf,3554,3554,-2433.3,-Inf,-Inf,-Inf,-Inf,-Inf,-Inf,-Inf,-Inf
3555,3555,-2433.8,-Inf,-Inf,-Inf,-Inf,-Inf,-Inf,-Inf,-Inf,3555,3555,-2433.3,-Inf,-Inf,-Inf,-Inf,-Inf,-Inf,-Inf,-Inf,3555,3555,-2440.4,-Inf,-Inf,-Inf,-Inf,-Inf,-Inf,-Inf,-Inf
3556,3556,-2438.1,-Inf,-Inf,-Inf,-Inf,-Inf,-Inf,-Inf,-Inf,3556,3556,-2439.7,-Inf,-Inf,-Inf,-Inf,-Inf,-Inf,-Inf,-Inf,3556,3556,-2443.8,-Inf,-Inf,-Inf,-Inf,-Inf,-Inf,-Inf,-Inf
3557,3557,-2443.1,-Inf,-Inf,-Inf,-Inf,-Inf,-Inf,-Inf,-Inf,3557,3557,-2444,-Inf,-Inf,-Inf,-Inf,-Inf,-Inf,-Inf,-Inf,3557,3557,-2449.8,-Inf,-Inf,-Inf,-Inf,-Inf,-Inf,-Inf,-Inf
3558,3558,-2449.1,-Inf,-Inf,-Inf,-Inf,-Inf,-Inf,-Inf,-Inf,3558,3558,-2449,-Inf,-Inf,-Inf,-Inf,-Inf,-Inf,-Inf,-Inf,3558,3558,-2454.6,-Inf,-Inf,-Inf,-Inf,-Inf,-Inf,-Inf,-Inf
3559,3559,-2452.6,-Inf,-Inf,-Inf,-Inf,-Inf,-Inf,-Inf,-Inf,3559,3559,-2455,-Inf,-Inf,-Inf,-Inf,-Inf,-Inf,-Inf,-Inf,3559,3559,-2459.1,-Inf,-Inf,-Inf,-Inf,-Inf,-Inf,-Inf,-Inf
3560,3560,-2459.7,-Inf,-Inf,-Inf,-Inf,-Inf,-Inf,-Inf,-Inf,3560,3560,-2458.5,-Inf,-Inf,-Inf,-Inf,-Inf,-Inf,-Inf,-Inf,3560,3560,-2465.5,-Inf,-Inf,-Inf,-Inf,-Inf,-Inf,-Inf,-Inf
3561,3561,-2462.7,-Inf,-Inf,-Inf,-Inf,-Inf,-Inf,-Inf,-Inf,3561,3561,-2465.6,-Inf,-Inf,-Inf,-Inf,-Inf,-Inf,-Inf,-Inf,3561,3561,-2468.8,-Inf,-Inf,-Inf,-Inf,-Inf,-Inf,-Inf,-Inf
3562,3562,-2469.6,-Inf,-Inf,-Inf,-Inf,-Inf,-Inf,-Inf,-Inf,3562,3562,-2468.6,-Inf,-Inf,-Inf,-Inf,-Inf,-Inf,-Inf,-Inf,3562,3562,-2475.9,-Inf,-Inf,-Inf,-Inf,-Inf,-Inf,-Inf,-Inf
3563,3563,-2473.3,-Inf,-Inf,-Inf,-Inf,-Inf,-Inf,-Inf,-Inf,3563,3563,-2475.5,-Inf,-Inf,-Inf,-Inf,-Inf,-Inf,-Inf,-Inf,3563,3563,-2479,-Inf,-Inf,-Inf,-Inf,-Inf,-Inf,-Inf,-Inf
3564,3564,-2478.9,-Inf,-Inf,-Inf,-Inf,-Inf,-Inf,-Inf,-Inf,3564,3564,-2479.1,-Inf,-Inf,-Inf,-Inf,-Inf,-Inf,-Inf,-Inf,3564,3564,-2485.6,-Inf,-Inf,-Inf,-Inf,-Inf,-Inf,-Inf,-Inf
3565,3565,-2484.2,-Inf,-Inf,-Inf,-Inf,-Inf,-Inf,-Inf,-Inf,3565,3565,-2484.8,-Inf,-Inf,-Inf,-Inf,-Inf,-Inf,-Inf,-Inf,3565,3565,-2489.7,-Inf,-Inf,-Inf,-Inf,-Inf,-Inf,-Inf,-Inf
3566,3566,-2488.3,-Inf,-Inf,-Inf,-Inf,-Inf,-Inf,-Inf,-Inf,3566,3566,-2490,-Inf,-Inf,-Inf,-Inf,-Inf,-Inf,-Inf,-Inf,3566,3566,-2494.9,-Inf,-Inf,-Inf,-Inf,-Inf,-Inf,-Inf,-Inf
3567,3567,-2495,-Inf,-Inf,-Inf,-Inf,-Inf,-Inf,-Inf,-Inf,3567,3567,-2494.2,-Inf,-Inf,-Inf,-Inf,-Inf,-Inf,-Inf,-Inf,3567,3567,-2500.7,-Inf,-Inf,-Inf,-Inf,-Inf,-Inf,-Inf,-Inf
3568,3568,-2498.1,-Inf,-Inf,-Inf,-Inf,-Inf,-Inf,-Inf,-Inf,3568,3568,-2500.9,-Inf,-Inf,-Inf,-Inf,-Inf,-Inf,-Inf,-Inf,3568,3568,-2504.4,-Inf,-Inf,-Inf,-Inf,-Inf,-Inf,-Inf,-Inf
3569,3569,-2505.2,-Inf,-Inf,-Inf,-Inf,-Inf,-Inf,-Inf,-Inf,3569,3569,-2504,-Inf,-Inf,-Inf,-Inf,-Inf,-Inf,-Inf,-Inf,3569,3569,-2511.4,-Inf,-Inf,-Inf,-Inf,-Inf,-Inf,-Inf,-Inf
3570,3570,-2508.4,-Inf,-Inf,-Inf,-Inf,-Inf,-Inf,-Inf,-Inf,3570,3570,-2511.1,-Inf,-Inf,-Inf,-Inf,-Inf,-Inf,-Inf,-Inf,3570,3570,-2514.3,-Inf,-Inf,-Inf,-Inf,-Inf,-Inf,-Inf,-Inf
3571,3571,-2514.7,-Inf,-Inf,-Inf,-Inf,-Inf,-Inf,-Inf,-Inf,3571,3571,-2514.3,-Inf,-Inf,-Inf,-Inf,-Inf,-Inf,-Inf,-Inf,3571,3571,-2521.3,-Inf,-Inf,-Inf,-Inf,-Inf,-Inf,-Inf,-Inf
3572,3572,-2519.2,-Inf,-Inf,-Inf,-Inf,-Inf,-Inf,-Inf,-Inf,3572,3572,-2520.6,-Inf,-Inf,-Inf,-Inf,-Inf,-Inf,-Inf,-Inf,3572,3572,-2524.8,-Inf,-Inf,-Inf,-Inf,-Inf,-Inf,-Inf,-Inf
3573,3573,-2524,-Inf,-Inf,-Inf,-Inf,-Inf,-Inf,-Inf,-Inf,3573,3573,-2525.1,-Inf,-Inf,-Inf,-Inf,-Inf,-Inf,-Inf,-Inf,3573,3573,-2530.7,-Inf,-Inf,-Inf,-Inf,-Inf,-Inf,-Inf,-Inf
3574,3574,-2530.2,-Inf,-Inf,-Inf,-Inf,-Inf,-Inf,-Inf,-Inf,3574,3574,-2529.9,-Inf,-Inf,-Inf,-Inf,-Inf,-Inf,-Inf,-Inf,3574,3574,-2535.7,-Inf,-Inf,-Inf,-Inf,-Inf,-Inf,-Inf,-Inf
3575,3575,-2533.6,-Inf,-Inf,-Inf,-Inf,-Inf,-Inf,-Inf,-Inf,3575,3575,-2536.1,-Inf,-Inf,-Inf,-Inf,-Inf,-Inf,-Inf,-Inf,3575,3575,-2540,-Inf,-Inf,-Inf,-Inf,-Inf,-Inf,-Inf,-Inf
3576,3576,-2540.7,-Inf,-Inf,-Inf,-Inf,-Inf,-Inf,-Inf,-Inf,3576,3576,-2539.5,-Inf,-Inf,-Inf,-Inf,-Inf,-Inf,-Inf,-Inf,3576,3576,-2546.6,-Inf,-Inf,-Inf,-Inf,-Inf,-Inf,-Inf,-Inf
3577,3577,-2543.7,-Inf,-Inf,-Inf,-Inf,-Inf,-Inf,-Inf,-Inf,3577,3577,-2546.6,-Inf,-Inf,-Inf,-Inf,-Inf,-Inf,-Inf,-Inf,3577,3577,-2549.8,-Inf,-Inf,-Inf,-Inf,-Inf,-Inf,-Inf,-Inf
3578,3578,-2550.5,-Inf,-Inf,-Inf,-Inf,-Inf,-Inf,-Inf,-Inf,3578,3578,-2549.6,-Inf,-Inf,-Inf,-Inf,-Inf,-Inf,-Inf,-Inf,3578,3578,-2556.9,-Inf,-Inf,-Inf,-Inf,-Inf,-Inf,-Inf,-Inf
3579,3579,-2554.3,-Inf,-Inf,-Inf,-Inf,-Inf,-Inf,-Inf,-Inf,3579,3579,-2556.4,-Inf,-Inf,-Inf,-Inf,-Inf,-Inf,-Inf,-Inf,3579,3579,-2560.1,-Inf,-Inf,-Inf,-Inf,-Inf,-Inf,-Inf,-Inf
3580,3580,-2559.8,-Inf,-Inf,-Inf,-Inf,-Inf,-Inf,-Inf,-Inf,3580,3580,-2560.2,-Inf,-Inf,-Inf,-Inf,-Inf,-Inf,-Inf,-Inf,3580,3580,-2566.5,-Inf,-Inf,-Inf,-Inf,-Inf,-Inf,-Inf,-Inf
3581,3581,-2565.3,-Inf,-Inf,-Inf,-Inf,-Inf,-Inf,-Inf,-Inf,3581,3581,-2565.7,-Inf,-Inf,-Inf,-Inf,-Inf,-Inf,-Inf,-Inf,3581,3581,-2570.8,-Inf,-Inf,-Inf,-Inf,-Inf,-Inf,-Inf,-Inf
3582,3582,-2569.2,-Inf,-Inf,-Inf,-Inf,-Inf,-Inf,-Inf,-Inf,3582,3582,-2571.1,-Inf,-Inf,-Inf,-Inf,-Inf,-Inf,-Inf,-Inf,3582,3582,-2575.8,-Inf,-Inf,-Inf,-Inf,-Inf,-Inf,-Inf,-Inf
3583,3583,-2576.1,-Inf,-Inf,-Inf,-Inf,-Inf,-Inf,-Inf,-Inf,3583,3583,-2575.1,-Inf,-Inf,-Inf,-Inf,-Inf,-Inf,-Inf,-Inf,3583,3583,-2581.8,-Inf,-Inf,-Inf,-Inf,-Inf,-Inf,-Inf,-Inf
3584,3584,-2579.1,-Inf,-Inf,-Inf,-Inf,-Inf,-Inf,-Inf,-Inf,3584,3584,-2582,-Inf,-Inf,-Inf,-Inf,-Inf,-Inf,-Inf,-Inf,3584,3584,-2585.3,-Inf,-Inf,-Inf,-Inf,-Inf,-Inf,-Inf,-Inf
3585,3585,-2586.2,-Inf,-Inf,-Inf,-Inf,-Inf,-Inf,-Inf,-Inf,3585,3585,-2585,-Inf,-Inf,-Inf,-Inf,-Inf,-Inf,-Inf,-Inf,3585,3585,-2592.4,-Inf,-Inf,-Inf,-Inf,-Inf,-Inf,-Inf,-Inf
3586,3586,-2589.5,-Inf,-Inf,-Inf,-Inf,-Inf,-Inf,-Inf,-Inf,3586,3586,-2592.1,-Inf,-Inf,-Inf,-Inf,-Inf,-Inf,-Inf,-Inf,3586,3586,-2595.4,-Inf,-Inf,-Inf,-Inf,-Inf,-Inf,-Inf,-Inf
3587,3587,-2595.6,-Inf,-Inf,-Inf,-Inf,-Inf,-Inf,-Inf,-Inf,3587,3587,-2595.4,-Inf,-Inf,-Inf,-Inf,-Inf,-Inf,-Inf,-Inf,3587,3587,-2602.3,-Inf,-Inf,-Inf,-Inf,-Inf,-Inf,-Inf,-Inf
3588,3588,-2600.3,-Inf,-Inf,-Inf,-Inf,-Inf,-Inf,-Inf,-Inf,3588,3588,-2601.5,-Inf,-Inf,-Inf,-Inf,-Inf,-Inf,-Inf,-Inf,3588,3588,-2605.9,-Inf,-Inf,-Inf,-Inf,-Inf,-Inf,-Inf,-Inf
3589,3589,-2605,-Inf,-Inf,-Inf,-Inf,-Inf,-Inf,-Inf,-Inf,3589,3589,-2606.2,-Inf,-Inf,-Inf,-Inf,-Inf,-Inf,-Inf,-Inf,3589,3589,-2611.6,-Inf,-Inf,-Inf,-Inf,-Inf,-Inf,-Inf,-Inf
3590,3590,-2611.3,-Inf,-Inf,-Inf,-Inf,-Inf,-Inf,-Inf,-Inf,3590,3590,-2610.8,-Inf,-Inf,-Inf,-Inf,-Inf,-Inf,-Inf,-Inf,3590,3590,-2616.8,-Inf,-Inf,-Inf,-Inf,-Inf,-Inf,-Inf,-Inf
3591,3591,-2614.6,-Inf,-Inf,-Inf,-Inf,-Inf,-Inf,-Inf,-Inf,3591,3591,-2617.1,-Inf,-Inf,-Inf,-Inf,-Inf,-Inf,-Inf,-Inf,3591,3591,-2621,-Inf,-Inf,-Inf,-Inf,-Inf,-Inf,-Inf,-Inf
3592,3592,-2621.8,-Inf,-Inf,-Inf,-Inf,-Inf,-Inf,-Inf,-Inf,3592,3592,-2620.5,-Inf,-Inf,-Inf,-Inf,-Inf,-Inf,-Inf,-Inf,3592,3592,-2627.7,-Inf,-Inf,-Inf,-Inf,-Inf,-Inf,-Inf,-Inf
3593,3593,-2624.8,-Inf,-Inf,-Inf,-Inf,-Inf,-Inf,-Inf,-Inf,3593,3593,-2627.6,-Inf,-Inf,-Inf,-Inf,-Inf,-Inf,-Inf,-Inf,3593,3593,-2630.8,-Inf,-Inf,-Inf,-Inf,-Inf,-Inf,-Inf,-Inf
3594,3594,-2631.4,-Inf,-Inf,-Inf,-Inf,-Inf,-Inf,-Inf,-Inf,3594,3594,-2630.6,-Inf,-Inf,-Inf,-Inf,-Inf,-Inf,-Inf,-Inf,3594,3594,-2637.9,-Inf,-Inf,-Inf,-Inf,-Inf,-Inf,-Inf,-Inf
3595,3595,-2635.4,-Inf,-Inf,-Inf,-Inf,-Inf,-Inf,-Inf,-Inf,3595,3595,-2637.3,-Inf,-Inf,-Inf,-Inf,-Inf,-Inf,-Inf,-Inf,3595,3595,-2641.1,-Inf,-Inf,-Inf,-Inf,-Inf,-Inf,-Inf,-Inf
3596,3596,-2640.7,-Inf,-Inf,-Inf,-Inf,-Inf,-Inf,-Inf,-Inf,3596,3596,-2641.3,-Inf,-Inf,-Inf,-Inf,-Inf,-Inf,-Inf,-Inf,3596,3596,-2647.4,-Inf,-Inf,-Inf,-Inf,-Inf,-Inf,-Inf,-Inf
3597,3597,-2646.4,-Inf,-Inf,-Inf,-Inf,-Inf,-Inf,-Inf,-Inf,3597,3597,-2646.6,-Inf,-Inf,-Inf,-Inf,-Inf,-Inf,-Inf,-Inf,3597,3597,-2651.9,-Inf,-Inf,-Inf,-Inf,-Inf,-Inf,-Inf,-Inf
3598,3598,-2650.2,-Inf,-Inf,-Inf,-Inf,-Inf,-Inf,-Inf,-Inf,3598,3598,-2652.2,-Inf,-Inf,-Inf,-Inf,-Inf,-Inf,-Inf,-Inf,3598,3598,-2656.7,-Inf,-Inf,-Inf,-Inf,-Inf,-Inf,-Inf,-Inf
3599,3599,-2657.1,-Inf,-Inf,-Inf,-Inf,-Inf,-Inf,-Inf,-Inf,3599,3599,-2656.1,-Inf,-Inf,-Inf,-Inf,-Inf,-Inf,-Inf,-Inf,3599,3599,-2662.9,-Inf,-Inf,-Inf,-Inf,-Inf,-Inf,-Inf,-Inf
3600,3600,-Inf,-Inf,-Inf,-Inf,-Inf,-Inf,-Inf,-Inf,-Inf,3600,3600,-Inf,-Inf,-Inf,-Inf,-Inf,-Inf,-Inf,-Inf,-Inf,3600,3600,-Inf,-Inf,-Inf,-Inf,-Inf,-Inf,-Inf,-Inf,-Inf
