9999,9999,1,2,4,7.9433,15.849,31.623,63.096,125.89,251.19,9999,9999,1,2,4,7.9433,15.849,31.623,63.096,125.89,251.19,9999,9999,1,2,4,7.9433,15.849,31.623,63.096,125.89,251.19
1,1,14.673,24.744,32.453,37.195,48.465,43.036,48.653,43.272,47.417,1,1,15.868,29.139,36.539,38.347,46.178,49.1,50.664,51.844,55.275,1,1,21.137,21.975,33.329,41.306,54.466,54.881,62.553,50.773,44.373
2,2,21.523,22.953,30,36.922,45.477,40.987,49.117,39.988,41.807,2,2,28.068,17.928,24.296,33.171,48.406,43.56,47.183,39.884,36.7,2,2,13.025,24.033,34.057,40.441,51.943,55.949,63.32,50.267,38.397
3,3,17.127,16.126,28.188,36.493,49.051,42.569,48.522,37.893,39,3,3,25.043,20.972,26.644,33.342,48.459,46.234,47.32,37.557,36.328,3,3,15.204,24.291,35.248,39.266,54.328,54.543,62.952,47.524,38.531
4,4,15.933,24.309,26.854,37.332,45.605,38.424,47.946,37.498,41.927,4,4,17.412,24.403,29.925,35.111,49.627,47.127,45.699,37.776,36.103,4,4,5.7495,19.697,27.313,42.314,48.911,53.739,61.853,46.756,38.052
5,5,11.014,26.457,27.469,40.483,45.178,38.294,48.62,40.334,38.624,5,5,11.697,17.561,27.549,37.811,49.142,46.48,47.293,42.419,36.538,5,5,2.1062,17.585,26.567,46.258,54.209,54.349,62.991,48.045,37.921
6,6,11.78,20.324,28.369,39.076,48.536,41.074,46.834,38.61,42.096,6,6,13.621,19.944,27.8,39.256,49.806,47.353,45.833,37.751,37.201,6,6,-2.4784,17.357,30.16,44.445,53.405,54.953,61.807,47.104,37.992
7,7,16.175,23.695,34.966,41.065,44.865,39.781,45.641,35.754,38.489,7,7,19.375,19.175,28.403,36.829,50.537,47.96,44.16,36.809,36.516,7,7,5.2694,24.175,32.76,37.632,51.124,52.78,60.015,44.534,37.213
8,8,13.464,27.875,31.573,37.945,46.685,39.207,43.158,33.622,41.257,8,8,18.664,16.155,27.105,33.396,44.532,41.407,41.863,36.34,36.839,8,8,8.2572,22.859,31.742,40.926,50.462,51.4,57.776,43.113,37.57
9,9,9.2767,21.449,30.159,43.459,47.742,38.806,43.076,35.626,39.947,9,9,11.379,24.436,27.648,36.565,40.087,36.982,41.276,37.301,36.061,9,9,4.6187,19.829,27.88,37.17,45.591,49.542,57.401,43.686,36.922
10,10,8.4607,22.732,34.309,39.782,44.135,34.976,41.614,34.226,37.762,10,10,10.655,18.986,29.111,39.065,42.848,38.69,40.948,37.461,36.227,10,10,2.4208,17.584,33.493,43.726,48.373,48.998,56.28,42.383,37.951
11,11,11.327,16.587,32.136,40.75,42.815,34.487,40.733,35.836,41.652,11,11,14.484,23.965,30.048,38.173,45.758,41.543,40.106,38.03,36.205,11,11,4.2788,21.919,32.269,42.307,49.295,48.695,55.397,41.95,37.842
12,12,12.87,20.063,31.042,37.325,46.91,37.544,41.115,34.448,38.166,12,12,17.204,21.983,30.665,38.324,47.886,45.586,39.383,36.658,36.307,12,12,-3.7961,25.945,32.375,42.128,48.001,51.031,54.912,40.604,37.217
13,13,11.511,25.085,26.894,33.086,49.989,39.155,40.074,35.816,42.129,13,13,15.452,11.905,28.241,35.876,46.458,43.606,39.412,38.416,36.085,13,13,1.0409,28.494,27.463,42.458,50.081,50.135,54.992,40.986,37.361
14,14,8.3433,26.248,29.68,37.057,44.854,36.118,37.155,33.195,38.462,14,14,10.25,15.739,32.756,33.265,42.005,37.627,35.877,37.935,35.898,14,14,0.69671,23.581,30.157,39.258,48.42,49.874,51.379,37.476,37.139
15,15,11.742,25.294,35.1,37.119,43.775,35.204,36.802,34.705,41.762,15,15,12.229,27.662,28.657,35.602,42.335,39.777,36.737,35.238,36.801,15,15,-7.8143,18.817,30.494,36.638,46.267,48.316,51.995,36.982,37.285
16,16,14.77,24.638,27.536,35.774,38.82,32.076,38.661,34.657,38.759,16,16,16.232,27.744,28.89,35.948,40.157,36.982,37.921,34.587,36.057,16,16,3.1894,24.882,32.946,35.425,43.675,47.757,53.817,38.886,36.849
17,17,17.856,24.654,30.55,38.854,41.631,34.141,37.693,35.121,42.073,17,17,20.78,22.484,26.629,31.458,41.042,36.556,38.364,34.461,36.368,17,17,2.5265,23.311,30.788,35.363,42.674,47.972,53.875,38.693,37.414
18,18,11.65,28.038,31.003,33.795,42.53,34.59,38.179,33.021,38.622,18,18,15.988,23.815,25.947,31.652,38.859,36.059,38.329,33.468,36.068,18,18,-0.218,19.018,32.189,35.477,45.247,47.182,53.955,39.264,36.799
19,19,8.7777,19.042,28.834,34.618,41.23,34.238,37.317,34.704,41.825,19,19,7.8216,26.36,31.357,29.431,38.576,35.803,37.226,33.029,36.355,19,19,4.4054,17.282,27.074,36.178,42.287,47.92,51.224,37.668,37.589
20,20,8.5592,17.19,27.742,33.95,41.673,34.124,36.437,35.468,39.577,20,20,10.141,26.005,27.484,27.995,37.938,34.462,35.728,34.752,35.74,20,20,0.80761,21.884,29.351,39.854,43.612,47.618,52.491,37.438,37.335
21,21,17.154,20.698,26.955,36.895,42.424,34.598,38.538,34.623,42.417,21,21,21.091,24.473,27.255,34.459,38.159,35.394,37.079,33.291,36.773,21,21,0.83034,26.186,33.559,36.569,44.72,47.293,52.919,37.277,37.118
22,22,16.306,20.922,35.485,43.116,44.574,37.946,37.23,33.158,38.249,22,22,23.92,17.442,30.434,39.903,42.847,42.528,35.177,33.627,35.824,22,22,0.88632,20.277,29.429,37.626,44.416,48.37,51.466,36.302,37.292
23,23,3.0422,23.84,31.937,41.383,44.612,35.007,35.728,34.464,42.398,23,23,23.706,22.827,29.299,39.188,43.085,40.419,34.347,33.573,37.054,23,23,8.1341,23.751,29.492,40.204,48.126,47.359,49.706,36.133,37.153
24,24,14.405,18.758,31.98,40.45,44.934,35.758,35.777,33.706,39.372,24,24,20.068,27.372,25.617,36.622,41.313,35.697,33.94,33.183,35.698,24,24,7.8057,19.88,28.305,39.841,46.617,45.585,49.698,35.359,37.069
25,25,12.472,23.252,29.147,36.169,39.103,32.303,36.964,33.361,41.825,25,25,16.918,21.765,24.273,31.851,39.555,36.191,35.298,33.144,36.133,25,25,1.8503,13.885,27.713,38.903,44.164,45.492,51.213,36.138,36.955
26,26,5.3795,20.68,27.555,39.613,42.822,34.563,36.923,34.233,38.883,26,26,18.869,26.491,28.353,35.301,40.661,36.702,35.711,32.692,36.022,26,26,5.4313,20.764,29.956,37.758,45.997,45.805,51.459,36.53,36.943
27,27,22.155,18.543,27.938,39.454,39.515,33.343,37.132,33.952,42.211,27,27,25.68,29.122,24.348,44.298,41.782,35.776,34.881,32.152,36.31,27,27,0.24606,20.755,29.647,41.435,42.402,46.7,50.868,37.08,37.296
28,28,24.296,26.977,26.837,36.337,44.835,35.75,35.804,31.77,37.449,28,28,27.573,18.561,27.341,37.208,41.314,36.711,34.921,31.866,35.749,28,28,5.5371,14.886,25.964,40.316,44.552,46.254,50.625,36.483,37.197
29,29,20.65,21.59,29.621,33.451,44.098,35.72,35.725,34.463,42.527,29,29,24.145,21.571,29.613,31.298,39.097,35.415,33.893,32.371,36.468,29,29,5.1216,21.284,31.313,37.261,46.645,47.924,49.42,35.724,37.67
30,30,20.232,23.895,24.162,32.347,41.02,34.307,34.33,33.094,39.415,30,30,22.959,19.771,29.189,29.692,37.87,34.701,32.282,31.928,35.561,30,30,7.8491,18.685,25.385,30.893,45.862,47.18,48.664,34.616,36.926
31,31,19.528,18.729,25.29,33.247,42.851,34.644,34.921,34.042,42.571,31,31,22.2,22.142,30.671,29.029,39.179,35.624,33.169,33.22,36.949,31,31,1.8431,23.426,27.24,35.324,43.124,47.247,48.955,34.125,36.71
32,32,17.392,21.131,30.796,33.617,43.093,35.111,34.276,33.496,39.495,32,32,19.994,23.797,32.043,30.337,37.579,34.648,33.288,33.085,36.012,32,32,4.4089,22.122,30.528,29.871,42.201,46.341,47.609,34.238,37.562
33,33,8.8415,21.902,25.419,32.247,38.168,31.556,34.376,33.294,42.524,33,33,10.785,22.59,27.469,31.467,37.517,35.126,33.945,32.543,37.045,33,33,4.4416,19.411,30.489,33.751,43.849,47.894,49.825,34.86,37.583
34,34,6.2186,19.633,28.937,32.696,44.947,37.064,36.407,33.257,39.785,34,34,11.993,19.167,24.984,30.218,41.698,38.627,35.396,32.98,36.405,34,34,9.8802,23.476,30.053,36.051,46.823,48.477,50.589,35.349,37.52
35,35,10.553,25.758,25.103,33.39,48.156,38.308,36.252,34.365,42.08,35,35,12.379,21.522,27.217,31.771,41.863,37.849,35.132,32.946,36.723,35,35,7.9553,15.806,27.974,35.69,48.471,46.718,50.999,35.935,36.868
36,36,19.375,26.369,26.22,33.604,43.967,34.455,36.028,31.548,38.376,36,36,23.346,19.389,27.523,31.869,37.163,35.014,35.073,33.492,35.504,36,36,1.4962,20.122,26.584,35.737,44.034,45.543,49.993,35.743,37.123
37,37,20.84,24.298,23.772,35.754,42.017,34.918,35.815,34.502,41.869,37,37,23.666,25.743,22.032,30.735,37.472,35.407,34.09,35.485,37.146,37,37,8.5565,23.084,27.722,35.378,42.851,46.582,49.912,36.643,38.075
38,38,18.464,24.34,27.819,36.808,41.879,34.667,35.665,32.397,38.418,38,38,22.667,20.038,27.073,29.125,41.156,39.357,34.912,34.57,35.936,38,38,10.458,23.147,31.565,37.58,42.52,47.474,50.558,36.571,37.414
39,39,12.385,20.173,24.371,36.106,43.954,35.86,36.545,35.008,41.662,39,39,15.681,24.053,29.198,34.571,43.158,39.456,35.437,33.861,36.713,39,39,4.9802,20.594,28.402,39.314,47.043,49.239,50.951,37.153,37.45
40,40,20.276,25.858,28.765,33.797,46.144,38.402,35.847,31.965,38.27,40,40,23.724,23.312,26.067,29.693,41.943,39.454,34.72,34.214,35.942,40,40,3.0375,21.256,25.89,35.727,46.496,49.858,51.701,36.491,36.648
41,41,19.478,22.763,26.212,30.565,45.896,37.282,39.403,34.869,41.875,41,41,23.89,22.279,25.775,31.728,43.155,40.659,37.293,33.105,36.847,41,41,7.1831,18.749,28.217,34.214,46.219,50.585,53.145,39.382,37.718
42,42,16.647,22.105,28.091,35.028,42.589,34.702,37.54,32.527,38.029,42,42,19.481,20.664,25.766,32.671,35.441,35.671,36.461,31.807,35.399,42,42,4.5521,24.161,28.388,33.841,42.032,49.526,52.081,38.361,37.073
43,43,17.715,22.967,35.229,56.573,50.813,36.122,38.282,34.774,41.909,43,43,20.38,19.009,30.082,40.301,43.695,40.609,37.108,33.277,36.948,43,43,-10.183,26.626,28.89,45.25,43.43,46.506,51.878,36.288,37.535
44,44,8.2725,28.345,42.341,60.735,53.965,40.114,37.147,32.498,38.2,44,44,13.54,26.524,30.205,45.994,44.523,38.136,37.077,35.498,36.338,44,44,-8.5573,22.217,31.287,48.622,50.819,46.905,51.48,36.947,36.882
45,45,14.982,18.939,43.789,61.114,53.567,41.261,40.397,35.646,42.111,45,45,19.661,28.269,29.844,49.699,50.081,45.21,38.848,37.855,36.581,45,45,2.8389,21.312,31.642,49.026,46.812,46.387,54.081,39.418,38.081
46,46,21.003,26.678,38.456,53.56,53.183,42.411,39.245,33.502,38.582,46,46,17.597,26.798,27.144,49.764,48.943,44.514,38.106,35.758,36.205,46,46,1.6643,23.317,23.646,43.897,50.97,50.2,52.76,37.149,37.68
47,47,11.473,28.571,42.6,53.225,51.226,40.483,40.44,35.655,42.068,47,47,20.517,20.907,31.05,46.185,48.02,41.12,38.982,35.709,36.637,47,47,0.59663,21.792,31.476,42.792,46.985,49.491,53.571,38.197,37.595
48,48,10.598,23.65,29.686,45.061,47.772,39.037,39.973,34.053,38.289,48,48,18.666,16.265,27.3,43.405,44.482,40.079,38.581,35.111,35.434,48,48,0.12421,18.749,28.003,36.814,49.89,49.142,54.455,38.021,38.062
49,49,17.509,24.583,29.606,50.78,48,36.374,38.519,34.743,41.874,49,49,20.363,20.718,29.517,40.354,42.167,38.98,37.475,34.896,36.558,49,49,2.4665,20.109,21.732,42.641,47.699,48.593,53.765,39.157,37.469
50,50,11.279,23.046,32.559,44.706,46.267,39.538,44.18,35.714,39.415,50,50,17.558,22.664,25.284,38.509,52.224,49.964,43.015,36.638,35.793,50,50,2.4332,19.856,29.229,38.986,54.113,56.501,60.04,44.845,38.48
51,51,16.075,26.015,30.793,43.767,48.35,41.159,45.228,37.058,41.589,51,51,17.855,20.505,27.903,40.632,55.101,52.957,46.198,38.849,37.022,51,51,7.9437,19.155,28.048,44.118,57.643,60.993,63.059,45.308,39.052
52,52,9.093,24.019,33.095,44.958,53.893,47.111,46.032,37.477,41.941,52,52,11.685,18.276,29.39,37.153,57.018,53.454,44.576,38.957,37.784,52,52,-1.6711,20.074,26.857,43.374,61.945,61.019,60.798,43.217,38.841
53,53,16.283,26.716,29.744,38.149,56.382,50.285,49.361,39.407,41.728,53,53,15.444,20.455,30.25,37.663,60.038,56.775,49.087,41.601,37.578,53,53,2.6302,24.254,31.536,48.46,66.011,66.799,66.869,48.919,40.487
54,54,12.209,26.339,30.658,44.491,58.531,49.712,46.419,36.979,42.89,54,54,9.2908,17.446,23.693,38.291,59.18,58.805,45.264,38.165,37.585,54,54,-0.81346,23.769,26.163,40.486,63.52,67.909,61.336,45.938,38.716
55,55,13.727,24.678,33.389,43.107,50.215,42.46,43.252,38.18,39.649,55,55,16.242,22.333,31.094,39.029,41.784,41.333,43.18,40.877,36.884,55,55,1.8329,12.67,29.469,36.437,52.457,56.896,60.331,48.291,38.386
56,56,14.863,24.833,28.925,39.751,60.557,55.797,66.004,54.925,45.461,56,56,15.199,23.665,28.991,32.483,55.599,61.222,63.227,53.959,39.359,56,56,3.8167,19.6,31.573,40.734,65.445,76.032,81.446,62.118,44.537
57,57,9.3687,20.388,29.573,35.605,57.828,52.849,65.87,55.857,42.016,57,57,10.716,19.875,26.591,33.166,49.495,53.598,62.93,55.8,39.379,57,57,-2.3932,21.585,31.584,39.674,58.841,70.014,80.768,65.793,44.372
58,58,10.546,19.554,32.09,41.189,49.679,47.013,59.746,52.562,42.797,58,58,3.4008,21.949,26.403,33.804,50.209,51.097,59.086,52.155,37.887,58,58,7.4409,16.25,25.065,36.678,53.825,68.028,76.723,61.233,40.834
59,59,4.0333,23.939,32.76,45.753,47.457,46.068,56.065,46.428,39.726,59,59,5.7666,23.993,28.061,35.735,50.79,51.614,53.839,44.683,37.013,59,59,0.3189,25.226,25.184,36.708,54.104,67.47,70.845,53.484,38.092
60,60,14.99,24.774,24.554,42.759,47.637,39.267,45.047,38.418,42.295,60,60,15.745,28.212,27.442,32.541,41.455,41.223,44.27,40.022,36.746,60,60,1.4589,19.905,32.826,38.817,47.13,54.698,59.94,47.108,38.215
61,61,6.0891,28.418,29.429,40.115,44.599,37.921,49.482,39.749,38.437,61,61,6.8395,23.128,28.752,38.509,44.96,45.112,47.865,40.451,36.652,61,61,-0.21641,18.228,29.772,40.551,50.286,56.11,65.41,49.796,37.958
62,62,9.4012,12.057,28.609,45.519,47.085,39.442,47.473,39.366,42.293,62,62,12.056,16.063,25.245,36.002,44.586,43.704,47.086,39.293,37.756,62,62,0.76767,14.924,27.615,39.176,51.838,52.801,62.897,48.802,39.073
63,63,7.6145,19.097,27.554,40.69,46.423,38.906,47.718,37.784,39.22,63,63,3.0954,20.274,23.107,37.941,46.043,43.319,47.271,38.865,37.056,63,63,2.8164,15.441,32.524,41.464,56.115,55.706,64.271,48.603,38.077
64,64,2.9827,20.998,26.776,36.975,54.722,45.305,43.963,35.896,42.377,64,64,2.5663,29.005,23.723,32.995,50.045,48.428,43.329,36.29,37.1,64,64,-4.771,24.407,26.808,37.914,53.9,54.681,59.91,43.948,37.645
65,65,5.4342,21.369,27.916,34.052,47.192,38.547,42.508,33.639,38.385,65,65,2.792,29.699,26.201,35.801,41.773,40.736,40.672,34.901,36.314,65,65,-6.8468,16.738,29.367,35.341,44.28,48.498,56.267,42.702,36.899
66,66,8.5074,18.477,32.879,36.975,40.805,33.033,39.62,35.677,42.569,66,66,4.8707,24.853,27.923,36.16,41.611,39.559,38.331,35.352,36.24,66,66,-2.47,16.184,29.239,36.762,45.371,49.131,54.985,41.851,37.532
67,67,7.4934,23.001,22.802,41.285,46.01,37.024,38.617,34.43,39.11,67,67,5.6036,19.318,27.791,34.054,41.237,39.273,37.63,35.566,35.937,67,67,-5.3162,16.274,29.828,38.921,45.841,48.231,53.467,39.76,37.476
68,68,9.1102,21.092,25.146,38.257,41.597,35.643,40.552,35.748,41.803,68,68,3.5584,22.667,24.328,29.375,42.903,39.89,39.65,35.99,36.767,68,68,-2.9417,17.351,28.914,38.686,47.057,51.461,55.403,40.785,37.671
69,69,8.5738,21.628,30.003,40.094,45.487,37.367,39.479,34.922,40.063,69,69,5.8543,21.384,28.141,35.576,45.55,43.697,38.611,37.387,36.509,69,69,-6.9018,21.609,26.772,37.059,51.351,52.824,54.771,38.826,37.499
70,70,-2.7638,21.612,25.018,38.586,46.123,37.552,39.472,35.34,42.371,70,70,-1.8122,23.777,26.21,36.043,45.981,42.585,38.483,35.98,36.482,70,70,-2.136,20.868,31.394,42.109,50.199,50.188,53.264,38.404,37.681
71,71,4.0021,18.409,27.146,39.627,42.332,34.962,37.821,33.585,38.775,71,71,4.3115,21.787,26.592,37.393,40.938,37.424,36.868,35.207,36.011,71,71,3.8318,19.94,27.656,38.283,45.76,49.73,53.152,38.919,37.846
72,72,4.7293,21.715,29.066,39.238,45.004,34.991,36.982,34.568,42.237,72,72,8.1798,20.579,27.583,31.654,41.166,39.877,34.274,34.861,36.45,72,72,3.6104,17.444,34.426,40.745,50.731,49.867,50.206,37.315,37.76
73,73,4.5867,24.976,28.66,37.176,46.467,39.142,37.774,34.822,39.254,73,73,6.9833,22.488,31.832,34.433,43.453,39.855,36.425,34.215,36.174,73,73,2.3134,9.3668,30.245,40.632,48.674,49.609,52.232,38.409,37.39
74,74,7.4564,23.39,24.66,36.113,45.551,37.569,36.801,34.738,42.275,74,74,9.5739,17.368,31.342,34.491,47.424,44.267,37.063,33.915,37.169,74,74,2.5307,19.901,29.405,38.606,48.954,49.142,52.202,36.295,37.459
75,75,7.3016,21.616,29.299,32.697,44.318,36.758,37.396,34.418,38.944,75,75,8.4916,15.138,31.288,31.655,46.079,42.789,35.726,34.802,35.91,75,75,-4.0688,22.724,34.481,39.214,48.209,48.578,53.108,36.451,37.772
76,76,11.72,25.346,26.882,34.32,43.916,36.921,39.762,35.994,42.461,76,76,15.09,21.494,32.433,33.761,41.222,40.237,39.241,35.956,37.216,76,76,2.3723,23.041,34.018,41.025,48.113,53.429,55.966,39.389,38.296
77,77,12.006,20.751,28.964,35.02,49.987,40.918,42.043,35.159,39.809,77,77,15.354,15.28,26.154,36.989,48.572,49.237,41.001,36.168,36.574,77,77,-0.83794,20.39,30.057,46.094,57.227,58.192,57.488,41.396,37.698
78,78,12.957,22.197,28.159,40.291,45.666,36.891,38.26,34.528,42.232,78,78,15.681,15.296,22.617,33.012,41.704,39.263,37.96,36.173,36.91,78,78,5.8786,14.643,29.967,38.16,52.17,48.794,53.965,38.068,38.162
79,79,13.551,21.476,23.288,36.513,48.239,38.578,40.77,33.757,39.056,79,79,16.879,23.508,30.654,35.272,44.368,39.441,38.738,36.341,36.835,79,79,-5.6735,12.422,28.324,42.377,53.925,49.992,56.171,39.374,38.104
80,80,7.1924,25.871,31.618,34.818,45.752,39.501,45.33,36.168,43.856,80,80,10.944,19.659,27.043,34.904,51.596,48.733,43.941,37.282,38.014,80,80,2.3187,12.175,30.091,43.5,55.843,54.86,60.293,44.727,40.21
81,81,10.593,24.327,30.316,36.704,52.964,44.701,46.655,36.991,38.967,81,81,8.6492,18.461,26.258,33.805,56.092,52.914,45.923,37.639,37.255,81,81,-1.7165,18.411,27.168,41.68,56.709,58.089,63.094,45.968,38.447
82,82,12.481,21.618,27.055,38.745,59.703,49.141,50.662,42.582,42.738,82,82,7.4167,22.647,26.787,31.9,53.528,49.321,48.626,41.301,37.209,82,82,2.7886,20.561,32.517,43.395,59.708,60.833,64.899,49.281,39.016
83,83,21.79,23.157,27.308,34.609,59.638,50.553,55.157,45.524,40.449,83,83,24.109,20.269,30.868,32.777,47.713,48.665,52.103,45.346,36.996,83,83,9.0493,17.957,28.018,40.918,58.635,64.818,68.584,53.411,38.874
84,84,26.763,20.304,26.94,39.114,61.378,52.254,59.224,47.082,42.34,84,84,28.397,17.747,33.769,30.091,50.539,51.822,55.919,47.628,37.882,84,84,8.9544,19.935,33.195,42.164,59.679,66.629,73.156,55.426,39.398
85,85,21.271,22.825,25.577,39.128,53.93,43.903,54.228,46.906,41.088,85,85,23.8,19.682,29.476,33.481,48.54,48.119,52.003,45.774,37.151,85,85,-0.65219,19.897,31.087,45.669,59.764,61.072,70.062,55.074,40.497
86,86,15.188,19.37,31.411,38.778,47.118,41.523,52.856,43.349,44.059,86,86,26.203,31.612,29.017,33.522,46.797,48.771,50.222,43.753,39.559,86,86,6.1199,22.446,26.717,42.029,57.523,63.281,68.158,50.414,40.849
87,87,12.769,22.55,27.942,38.014,53.888,47.162,55.537,47.195,43.288,87,87,27.483,25.111,25.271,32.118,49.609,50.069,54.193,50.72,39.957,87,87,12.622,21.904,29.288,39.002,58.644,67.392,71.552,56.222,41.924
88,88,12.717,25.454,29.575,37.517,57.552,49.624,57.231,49.402,45.047,88,88,17.928,21.853,25.417,35.24,51.56,51.975,55.711,48.72,39.353,88,88,4.362,25.094,27.981,39.016,58.493,68.032,74,57.188,42.151
89,89,16.963,25.618,25.008,41.763,59.732,50.959,63.812,50.175,43.78,89,89,18.427,21.335,27.238,35.083,47.996,51.259,61.337,50.136,38.72,89,89,4.8677,15.909,31.805,44.685,60.013,67.848,78.123,60.398,43.029
90,90,9.5065,25.289,27.11,39.554,58.163,50.841,63.37,52.411,44.302,90,90,14.564,27.871,30.624,35.837,51.027,53.319,61.152,50.91,38.395,90,90,2.0138,15.322,30.389,41.901,59.293,69.073,78.818,61.753,42.842
91,91,6.674,22.969,24.126,37.437,53.756,48.907,66.41,51.815,41.887,91,91,21.529,25.565,28.336,36.088,49.322,50.452,62.389,51.518,38.16,91,91,1.8805,16.694,29.247,40.458,58.87,67.225,79.116,61.209,42.756
92,92,11.689,21.693,26.463,35.85,48.852,46.397,58.748,48.434,42.379,92,92,23.619,22.952,23.852,33.758,49.828,51.701,57.832,48.587,38.378,92,92,-1.245,20.699,27.234,40.24,54.077,68.776,76.584,57.36,40.876
93,93,19.296,22.885,24.178,34.261,46.598,47.613,60.729,47.663,39.567,93,93,19.775,20.169,27.107,38.317,49.418,52.483,60.027,47.685,38.192,93,93,1.2113,19.178,29.798,42.435,55.14,68.599,75.717,59.071,41.498
94,94,22.524,24.714,30.504,38.059,50.669,45.45,56.722,45.602,39.55,94,94,24.808,23.436,28.738,34.47,50.209,50.886,54.59,45.749,37.321,94,94,-1.8725,19.639,29.059,40.247,54.785,66.116,71.107,53.958,38.885
95,95,15.785,19.651,24.335,40.036,53.921,45.828,52.084,43.175,41.949,95,95,20.306,19.106,27.458,33.685,49.152,48.908,50.87,43.815,37.285,95,95,-1.158,20.021,30.076,41.412,58.023,64.201,67.832,51.925,38.764
96,96,15.938,22.68,27.935,33.122,54.819,45.461,52.419,45.542,39.65,96,96,18.358,22.602,27.085,29.981,47.272,46.557,51.587,47.415,37.359,96,96,-0.5707,9.7093,30.47,41.963,53.388,59.034,67.448,53.08,39.025
97,97,11.3,22.208,32.075,36.21,47.163,39.459,50.369,40.038,42.592,97,97,18.262,23.609,24.232,32.562,45.81,44.437,48.81,48.161,37.718,97,97,-3.3241,16.16,24.957,39.065,53.463,55.278,65.164,48.886,39.278
98,98,9.7709,18.519,28.958,34.137,44.737,37.436,46.933,39.208,38.488,98,98,7.4467,23.597,29.992,31.099,44.889,43.214,46.37,44.209,37.198,98,98,-4.153,16.92,27.453,35.241,50.164,51.874,62.49,48.157,38.201
99,99,6.1034,21.704,27.979,36.873,44.828,37.341,45.914,38.548,42.181,99,99,5.935,19.881,26.821,29.147,45.194,43.04,45.056,38.919,37.114,99,99,0.92666,16.647,31.355,37.867,52.74,52.945,61.447,46.646,38.606
100,100,11.144,24.628,28.01,37.899,47.032,38.977,44.641,37.469,39.303,100,100,16,27.875,30.137,34.772,46.112,41.228,43.615,38.163,36.302,100,100,3.0631,19.495,27.87,37.754,53.149,54.347,59.669,45.086,38.182
101,101,16.13,21.265,28.672,37.509,48.207,39.274,43.287,37.135,42.174,101,101,26.076,30.089,25.713,32.678,45.808,42.882,41.988,35.932,37.084,101,101,9.1018,22.404,29.883,36.187,49.418,52.025,57.168,43.199,38.388
102,102,11.221,25.434,24.563,37.99,45.115,36.801,44.448,36.639,39.584,102,102,20.09,21.06,22.613,31.597,43.591,41.892,42.94,36.342,36.364,102,102,8.6575,21.607,27.179,38.577,49.482,52.074,58.94,45.122,38.148
103,103,15.398,24.041,30.112,31.689,42.922,35.175,45.778,37.178,42.444,103,103,20.263,18.568,25.215,33.653,39.457,36.388,43.318,38.234,37.074,103,103,5.3913,14.907,26.532,38.036,48.728,50.783,59.691,44.053,38.018
104,104,20.687,27.852,28.415,36.021,41.891,35.9,46.578,38.167,39.887,104,104,27.049,26.464,24.526,31.965,37.521,38.533,45.885,37.171,36.283,104,104,10.076,25.319,28.363,38.218,47.815,47.821,61.176,44.874,38.03
105,105,15.636,23.166,28.301,35.01,43.624,35.033,41.988,36.469,43.379,105,105,26.022,24.772,23.164,27.464,38.643,36.521,40.881,35.224,38.2,105,105,5.1448,21.762,30.117,35.558,47.117,49.292,58.101,40.593,40.978
106,106,13.331,20.801,27.839,40.819,41.878,35.061,40.29,36.756,40.509,106,106,22.412,26.397,25.824,37.832,41.868,37.309,38.248,34.516,37.717,106,106,3.0689,23.472,27.268,36.545,46.664,47.556,54.278,38.539,39.229
107,107,12.027,20.225,29.87,40.627,44.605,36.729,37.573,35.426,42.246,107,107,19.287,27.268,29.301,41.943,42.044,38.643,37.371,34.353,37.208,107,107,-0.45584,20.942,27.164,33.838,47.094,49.394,53.011,38.533,37.992
108,108,15.762,28.695,32.504,48.95,49.261,39.847,36.19,35.423,38.088,108,108,12.085,25.328,32.899,44.463,46.882,42.895,35.147,36.555,36.632,108,108,-1.5993,20.5,26.661,38.538,47.447,47.801,49.231,36.264,36.896
109,109,15.072,25.676,30.513,35.805,40.136,33.542,38.853,35.551,42.334,109,109,14.878,22.139,31.949,41.05,42.123,37.667,37.115,33.954,36.245,109,109,-8.6444,16.078,29.526,34.003,47.902,48.425,52.225,37.174,37.246
110,110,1.0013,21.77,30.113,37.33,42.752,34.099,36.331,35.058,39.667,110,110,16.539,21.271,25.062,34.313,39.616,37.294,36.167,33.785,36.064,110,110,3.4707,17.053,31.953,34.634,44.065,47.885,52.3,36.994,36.55
111,111,13.465,23.825,26.141,36.644,41.691,34.45,35.909,35.453,42.283,111,111,17.712,23.697,20.616,33.63,39.299,36.147,36.306,33.432,36.502,111,111,0.1011,22.124,24.854,36.83,44.336,47.141,51.92,36.051,37.358
112,112,12.078,21.534,27.422,37.508,42.842,34.378,35.185,35.034,39.481,112,112,17.195,24.88,30.262,33.493,41.756,36.63,35.208,38.266,36.159,112,112,3.8575,18.708,31.486,34.643,44.297,46.578,51.544,35.535,36.719
113,113,8.1974,19.991,26.687,39.78,43.613,35.604,36.549,34.62,42.705,113,113,19.408,21.613,23.236,32.537,38.654,34.152,35.627,40.123,37.301,113,113,1.7615,21.169,27.813,37.904,44.653,48.976,51.502,35.848,37.793
114,114,12.204,22.351,24.176,33.65,40.704,34.528,36.035,34.361,37.977,114,114,11.742,23.195,25.828,32.617,39.943,37.245,34.805,38.738,36.152,114,114,-1.3263,24.359,31.21,36.085,43.086,47.427,50.932,35.4,37.392
115,115,6.8467,19.309,25.37,33.24,40.76,34.123,36.228,36.163,42.598,115,115,9.8673,19.168,26.391,32.482,40.44,37.722,35.345,37.594,36.381,115,115,-1.092,18.743,30.177,37.13,41.636,47.113,49.585,36.203,37.653
116,116,9.3055,17.274,30.171,35.841,42.459,35.284,36.589,35.003,39.102,116,116,7.8595,17.246,29.56,31.166,37.213,34.136,35.859,33.679,36.039,116,116,-2.0096,15.561,27.773,37.165,44.751,47.186,50.636,37.064,37.207
117,117,12.26,19.676,28.553,33.603,41.549,34.095,35.191,36.129,42.282,117,117,8.5809,18.768,26.187,30.142,38.832,34.165,34.039,35.484,36.693,117,117,3.3237,10.935,26.953,38.291,44.048,46.771,49.659,36.822,37.572
118,118,9.2202,20.794,26.476,30.951,43.013,35.276,36.184,34.308,39.419,118,118,12.443,19.461,24.294,29.644,40.959,37.943,34.915,32.952,35.834,118,118,-2.2115,8.3061,24.189,37.187,44.601,47.855,50.567,35.785,37.016
119,119,9.5215,23.798,28.912,32.935,43.473,36.002,34.898,34.512,42.344,119,119,14.927,15.971,26.866,33.326,35.095,35.176,33.72,33.011,36.88,119,119,1.1177,17.433,27.592,36.291,42.194,45.14,48.86,35.461,37.211
120,120,11.907,21.876,30.969,33.388,44.131,36.24,39.45,35.777,39.189,120,120,14.35,21.212,23.938,33.561,36.955,35.337,38.056,34.798,36.008,120,120,-3.3817,21.2,29.195,36.496,43.142,48.012,55.693,39.103,37.489
121,121,8.5949,16.417,25.935,34.161,38.128,33.939,36.664,34.405,41.731,121,121,8.3722,22.55,26.964,32.637,39.512,36.315,35.724,33.243,35.952,121,121,2.5767,19.727,29.194,36.124,40.331,45.952,51.98,36.701,37.614
122,122,11.449,25.599,25.849,33.892,43.203,35.103,40.509,37.005,38.427,122,122,13.602,24.027,26.521,32.302,36.548,36.601,40.977,37.205,35.799,122,122,4.2931,15.59,30.309,36.666,42.652,51.136,57.07,42.241,36.714
123,123,16.815,19.04,24.96,32.444,42.586,34.301,40.342,35.777,41.74,123,123,19.832,19.484,25.603,32.932,39.148,36.887,39.264,35.161,36.923,123,123,-1.8294,15.233,28.942,37.591,43.984,51.08,54.132,39.302,37.385
124,124,10.586,24.478,22.037,35.628,42.331,35.632,42.222,38.081,38.518,124,124,16.773,22.188,24.014,30.881,37.363,36.954,41.351,36.073,36.218,124,124,-7.6622,22.269,28.665,39.717,41.428,50.97,57.452,42.587,37.316
125,125,9.3175,26.01,25.946,33.811,43.029,35.478,38.987,35.352,42.057,125,125,13.122,22.382,24.336,32.212,41.611,40.256,38.662,36.305,36.916,125,125,-8.2993,18.469,26.649,35.335,41.927,47.972,54.388,40.539,37.959
126,126,15.906,21.988,24.577,32.63,43.527,36.537,38.523,34.925,38.382,126,126,17.769,23.063,31.917,31.284,41.642,39.241,37.699,36.652,36.423,126,126,0.017144,14.694,26.426,38.406,48.529,48.063,54.379,39.987,37.378
127,127,11.521,20.356,24.376,35.359,46.471,39.126,44.26,35.856,42.159,127,127,15.767,26.408,28.112,35.208,46.779,44.927,42.381,37.666,37.009,127,127,6.447,20.074,30.448,37.274,50.502,53.485,59.345,41.215,38.119
128,128,6.1644,23.082,29.245,36.012,42.01,36.692,43.367,41.262,38.604,128,128,11.363,17.062,27.713,36.497,46.396,44.62,43.775,41.081,35.764,128,128,1.497,25.791,34.529,39.375,48.736,51.796,59.064,43.629,37.416
129,129,8.6687,19.919,29.194,36.771,47.34,38.8,48.861,42.551,42.453,129,129,14.999,21.455,26.906,32.691,51.776,50.709,48.553,40.639,37.183,129,129,2.3309,14.87,32.484,42.509,54.72,58.469,64.878,46.113,38.12
130,130,15.273,20.281,31.399,38.574,48.695,40.741,49.992,42.27,39.147,130,130,13.738,19.463,27.284,32.027,46.51,46.681,49.69,42.632,36.737,130,130,3.1058,20.299,31.222,39.542,52.177,58.297,67.489,48.891,38.825
131,131,18.139,25.114,28.616,36.478,44.4,38.646,48.097,42.747,42.135,131,131,25.883,25.652,28.571,35.445,45.53,45.42,47.595,42.03,37.577,131,131,9.3647,18.127,34.541,35.891,50.198,55.123,63.92,47.794,38.768
132,132,14.547,19.462,32.05,40.468,47.642,46.948,50.4,40.575,40.58,132,132,26.192,14.652,29.76,33.478,51.685,52.019,50.285,41.378,38.107,132,132,10.229,15.665,31.283,44.444,58.225,65.148,66.53,48.908,39.703
133,133,14.294,18.669,31.631,33.967,55.246,47.126,48.28,37.718,42.378,133,133,15.413,25.685,25.902,35.931,51.346,48.103,47.761,37.991,37.128,133,133,4.83,20.366,31.254,43.294,56.123,61.861,64.073,46.028,38.878
134,134,10.716,15.251,28.408,39.277,54.025,47.925,52.692,40.343,39.659,134,134,17.514,27.37,27.523,35.984,51.496,51.748,53.632,40.002,37.328,134,134,-0.36696,17.165,30.882,44.811,58.799,65.037,69.489,51.861,39.442
135,135,7.5689,17.702,30.179,44.996,56.923,51.532,55.003,41.794,42.302,135,135,21.743,29.3,27.497,38.911,56.029,57.759,54.98,43.59,38.062,135,135,-4.1158,18.181,32.518,43.389,60.491,68.172,70.788,53.944,40.165
136,136,11.648,26.41,35.536,43.73,58.191,53.759,58.318,43.02,40.783,136,136,17.403,20.18,26.334,41.851,60.191,58.754,57.395,45.155,37.76,136,136,-2.2153,16.891,31.33,50.034,65.943,71.474,73.857,53.81,39.993
137,137,14.054,21.417,31.89,49.151,53.166,52.985,59.043,44.34,40.843,137,137,15.043,16.351,27.699,42.622,56.837,57.907,58.325,44.889,38.506,137,137,-3.4659,21.052,35.349,48.511,64.615,73.48,75.084,54.391,40.451
138,138,10.329,23.027,35.003,52.162,63.584,58.72,63.16,49.076,44.832,138,138,19.429,11.627,26.323,42.013,63.687,63.864,62.322,51.009,40.959,138,138,6.4364,21.956,34.287,51.278,67.337,77.723,79.864,60.537,44.056
139,139,6.3928,23.383,28.783,50.36,60.777,57.607,68.626,55.312,45.766,139,139,15.059,21.266,29.158,44.8,64.317,64.497,67.016,54.792,42.72,139,139,5.7889,16.01,32.284,48.594,67.476,78.537,82.195,67.663,47.624
140,140,5.7634,17.017,31.905,50.292,59.339,54.562,67.035,60.138,48.581,140,140,17.008,25.089,29.525,43.508,61.218,61.147,65.17,58.905,43.577,140,140,4.069,15.762,31.69,50.158,67.217,75.744,81.071,70.929,48.82
141,141,7.6334,19.39,37.341,43.132,63.009,56.718,71.28,61.23,49.39,141,141,16.305,19.692,29.845,43.078,60.117,60.871,68.864,60.923,44.936,141,141,4.6305,17.363,37.493,51.295,68.651,75.223,85.598,71.627,50.246
142,142,9.9502,27.512,36.049,45.496,61.059,57.129,73.083,61.414,51.289,142,142,8.4458,13.499,29.922,40.62,59.062,60.464,70.428,61.988,45.473,142,142,-0.93755,21.835,39.406,46.061,66.427,75.338,87.356,71.695,51.048
143,143,15.136,24.243,28.673,46.098,64.409,58.499,77.088,65.983,50.43,143,143,15.317,14.418,23.529,42.39,58.076,60.96,74.744,65.642,45.865,143,143,2.0697,20.19,34.687,44.935,67.088,76.019,90.35,75.629,53.924
144,144,5.6174,24.544,32.171,42.051,64.478,60.728,81.983,70.259,53.018,144,144,12.412,21.399,31.72,41.428,55.989,61.326,78.929,68.345,47.462,144,144,5.5595,21.261,32.073,43.769,66.472,78.451,94.913,78.873,57.346
145,145,8.7347,23.471,31.219,42.212,66.073,62.351,80.225,71.731,55.136,145,145,16.351,28.743,24.617,37.806,60.88,63.062,77.537,68.896,48.962,145,145,1.226,17.357,28.178,42.087,66.089,80.681,94.903,78.028,56.376
146,146,14.223,22.463,29.297,45.069,61.167,62.139,80.827,69.846,53.388,146,146,19.761,17.575,32.236,36.388,61.18,63.804,76.537,68.393,48.448,146,146,9.0796,21.528,25.129,44.418,65.64,80.832,93.87,76.092,54.974
147,147,10.245,23.556,28.825,38.729,57.33,59.209,75.55,66.747,50.137,147,147,17.58,23.117,30.846,34.813,62.07,62.684,73.61,66.729,47.59,147,147,7.2835,13.118,30.351,43.01,64.524,79.067,89.475,74.05,52.207
148,148,10.414,23.265,29.666,37.896,54.251,52.175,67.987,59.731,45.388,148,148,15.697,15.784,22.987,34.482,56.122,57.159,67.203,61.353,41.809,148,148,-0.21022,22.129,31.132,43.312,60.328,74.098,82.637,70.645,47.876
149,149,14.486,25.475,28.414,33.866,51.284,45.947,62.692,53.816,41.66,149,149,12.749,24.073,21.958,35.627,53.292,51.263,61.816,54.85,39.22,149,149,6.6796,21.719,33.524,43.812,60.439,62.489,77.991,65.633,43.995
150,150,10.225,24.819,28.151,40.894,51.754,47.098,60.952,49.022,43.403,150,150,5.3139,28.342,26.949,38.336,57.778,55.343,59.427,50.841,38.983,150,150,5.3947,18.655,30.13,49.327,62.915,64.769,77.232,60.233,41.807
151,151,13.541,23.351,33.095,34.835,54.656,48.637,60.576,48.064,40.181,151,151,16.914,23.256,26.436,36.031,58.587,56.811,58.942,49.909,39.097,151,151,-2.4064,17.594,29.672,45.651,61.723,64.373,76.575,59.542,41.886
152,152,10.213,21.299,33.917,40.261,52.977,45.536,56.644,46.077,42.92,152,152,18.383,19.105,27.514,32.328,53.758,51.55,55.11,47.772,38.39,152,152,3.274,25.06,30.516,41.335,55.758,59.584,71.475,55.031,40.204
153,153,10.085,19.228,33.718,36.66,45.958,38.854,53.294,41.359,39.829,153,153,14.073,24.008,27.709,33.937,47.635,45.666,53.251,43.783,37.109,153,153,2.4456,25.838,35.18,37.744,49.853,55.106,68.269,53.293,39.104
154,154,4.5606,22.233,25.367,36.97,48.564,40.244,57.43,41.953,42.435,154,154,10.563,19.856,28.187,35.517,46.666,44.768,54.406,40.547,37.529,154,154,-6.5588,21.119,29.152,35.597,49.692,51.966,70.263,52.89,39.094
155,155,20.44,26.12,32.133,37.802,47.382,41.539,55.654,43.838,39.92,155,155,21.058,17.439,28.137,41.858,44.33,43.119,53.311,44.861,37.105,155,155,-5.0484,24.154,35.495,40.945,50.167,55.921,69.677,53.165,38.729
156,156,15.572,24.032,29.438,39.118,47.913,43.447,56.031,44.096,42.44,156,156,20.826,20.907,30.66,40.62,46.734,46.744,53.908,45.307,37.274,156,156,-2.735,23.761,35.408,41.946,51.495,60.523,71.356,54.461,39.244
157,157,11.764,24.276,25.434,38.493,48.932,45.084,57.621,47.203,39.457,157,157,16.492,24.364,30.316,36.42,51.522,51.29,56.827,49.326,37.013,157,157,3.3681,21.042,36.871,41.661,57.205,63.305,73.786,58.343,39.517
158,158,19.674,25.139,31.872,34.934,48.207,45.581,56.691,47.259,42.792,158,158,22.933,25.529,32.71,38.062,50.78,49.95,55.419,49.763,37.585,158,158,3.5787,19.167,34.355,42.427,55.896,62.653,72.044,57.792,39.709
159,159,17.441,22.918,33.299,41.198,50.331,45.936,54.312,47.846,38.406,159,159,17.837,22.293,30.04,35.297,52.082,50.708,54.744,51.244,36.944,159,159,-1.8286,20.414,37.927,38.021,51.482,63.263,70.044,58.095,38.664
160,160,11.373,25.621,26.802,37.36,48.095,44.366,54,46.158,43.009,160,160,11.298,15.425,29.978,34.29,49.382,47.155,53.029,49.059,37.946,160,160,-2.3991,24.54,33.592,39.789,51.566,60.274,69.058,55.812,38.84
161,161,11.254,25.912,26.918,36.113,46.742,42.583,51.221,43.31,39.583,161,161,15.794,22.59,27.161,31.688,49.117,48.836,49.61,45.413,36.725,161,161,-1.8635,21.619,31.969,39.139,50.562,60.479,66.492,51.354,37.725
162,162,10.002,21.938,26.901,36.793,45.665,42.557,47.127,40.743,42.428,162,162,18.757,25.188,31.16,33.557,44.732,46.034,46.339,43.278,37.285,162,162,-0.22465,22.555,31.802,36.581,49.226,57.829,60.706,47.194,37.986
163,163,12.506,26.901,27.559,41.068,45.728,42.54,45.228,39.457,39.932,163,163,16.641,21.963,32.774,34.049,40.159,43.195,46.355,41.481,36.327,163,163,4.4967,27.432,34.721,36.677,46.546,54.563,59.612,45.416,37.532
164,164,19.049,21.495,32.389,48.226,46.368,38.634,44.209,37.091,41.761,164,164,14.965,22.157,27.846,38.921,43.815,41.184,43.575,37.272,36.567,164,164,7.2984,25.548,34.216,39.304,47.302,52.92,58.634,42.452,37.832
165,165,13.476,26.343,33.717,51.736,48.15,37.83,42.783,33.049,37.871,165,165,18.325,22.231,28.676,43.562,43.371,39.089,41.228,34.427,35.398,165,165,2.2243,24.397,32.875,40.785,47.482,51.485,55.11,39.982,37.032
166,166,12.729,26.265,28.978,43.66,44.3,36.251,38.642,35.294,41.814,166,166,11.481,23.628,30.192,44.268,45.473,38.717,37.94,33.469,36.634,166,166,-4.4584,25.922,33.211,38.005,45.032,50.365,53.824,38.572,37.34
167,167,18.709,19.846,33.011,49.579,45.478,36.357,38.824,33.294,38.295,167,167,20.794,17.587,32.058,45.919,44.97,39.394,37.591,33.862,35.5,167,167,-0.80286,20.072,31.039,38.585,44.168,48.624,53.81,38.279,36.807
168,168,11.595,18.583,36.038,49.272,45.627,37.344,37.809,35.343,41.749,168,168,14.677,19.026,29.559,41.764,43.994,40.822,37.101,33.914,36.484,168,168,-0.14278,20.593,28.605,37.998,46.017,50.612,51.612,37.588,37.344
169,169,19.258,28.046,27.797,47.909,45.102,37.205,38.135,33.883,38.516,169,169,21.698,16.937,25.435,41.132,39.61,38.177,37.995,33.87,35.472,169,169,1.5334,21.899,28.432,37.557,46.837,50.746,52.547,38.917,36.778
170,170,18.298,15.034,28.204,39.547,43.613,36.71,37.525,35.403,41.672,170,170,18.068,20.369,26.29,34.569,38.951,39.199,36.257,34.806,36.549,170,170,-0.48601,20.99,27.857,37.485,46.084,50.516,51.044,38.201,37.515
171,171,17.395,23.893,29.015,38.617,43.757,35.12,37.028,33.546,39.004,171,171,19.978,18.004,23.361,33.415,41.817,40.842,36.582,34.268,36.29,171,171,-5.3492,20.357,30.365,34.681,44.301,51.275,52.182,38.574,37.425
172,172,13.316,22.93,22.828,35.517,47.874,38.842,37.306,34.365,41.707,172,172,18.387,23.928,27.824,32.681,42.813,38.939,36.433,32.519,37.228,172,172,4.8493,18.712,21.278,35.482,47.699,51.644,52.183,38.867,37.794
173,173,11.299,22.985,25.871,38.947,43.069,35.74,39.78,33.497,38.402,173,173,18.882,25.595,27.038,32.069,41.658,40.537,38.682,33.899,36.048,173,173,1.8982,17.745,29.088,35.745,45.527,50.062,54.053,40.001,37.027
174,174,16.046,22.53,30.075,33.619,43.897,36.316,38.828,35.268,41.774,174,174,19.289,18.287,25.232,29.82,40.724,40.095,37.065,32.974,36.654,174,174,-0.78342,20.194,30.831,37.769,45.078,51.044,52.178,38.359,37.699
175,175,16.618,26.235,31.99,34.089,41.596,33.187,39.056,32.748,38.588,175,175,17.96,16.738,26.386,32.321,41.695,40.411,37.726,33.364,35.645,175,175,0.047072,19.451,34.031,40.584,46.707,49.556,53.499,38.703,36.532
176,176,16.273,19.421,24.339,37.529,44.849,37.409,35.299,34.759,41.661,176,176,17.625,23.841,28.219,33.666,41.069,38.888,34.632,32.917,36.684,176,176,-1.1641,16.975,32.816,40.104,44.907,50.025,50.973,36.152,37.747
177,177,18.273,25.238,25.541,36.679,46.236,36.512,36.36,32.32,38.747,177,177,20.868,21.286,24.938,32.878,40.881,38.619,36.209,33.807,35.929,177,177,1.8309,20.918,28.697,38.513,46.55,49.385,51.133,35.483,36.682
178,178,18.804,25.358,28.582,39.612,43.916,35.336,34.916,32.099,41.464,178,178,20.14,20.086,26.448,32.651,41.244,40.187,34.073,33.441,36.878,178,178,-4.5529,21.395,27.416,34.975,45.019,48.139,48.844,34.85,37.368
179,179,17.937,22.463,31.062,38.554,44.328,36.017,35.463,33.569,39.42,179,179,18.764,26.77,29.768,29.141,38.422,38.833,34.492,32.492,35.849,179,179,-11.632,21.309,32.554,35.431,44.647,48.797,50.321,34.575,36.89
180,180,16.564,15.802,25.883,36.847,43.912,35.797,37.83,39.83,39.605,180,180,16.729,23.032,23.099,35.537,39.189,36.82,37.28,37.524,36.446,180,180,-5.2541,22.217,30.646,37.864,48.051,48.729,53.982,39.805,38.163
181,181,9.1244,22.616,31.899,40.003,42.245,34.854,39.856,34.684,41.519,181,181,13.488,19.212,26.583,39.433,40.325,37.473,38.303,32.031,36.458,181,181,0.02833,19.385,31.165,38.702,44.83,48.001,53.638,38.67,36.699
182,182,5.9594,18.168,31.751,39.879,42.352,34.692,35.523,31.64,38.664,182,182,5.9169,19.432,28.992,41.522,42.254,39.228,33.715,31.38,35.421,182,182,-0.21619,17.778,30.905,36.749,43.347,47.434,50.636,34.465,36.549
183,183,12.558,24.122,32.998,41.217,42.941,34.702,36.83,34.191,42.25,183,183,17.782,18.576,24.151,39.877,40.975,37.348,35.833,32.851,36.775,183,183,-3.8799,16.622,30.869,36.426,47.052,48.9,51.408,36.531,37.403
184,184,7.3872,19.421,33.354,51.157,46.639,35.904,36.399,32.545,38.8,184,184,14.204,21.289,32.862,38.311,41.905,39.471,35.016,32.213,36.44,184,184,-6.6893,20.135,31.094,42.171,45.193,49.867,50.679,35.574,36.567
185,185,17.546,25.668,37.889,55.229,49.229,37.918,36.609,35.326,42.293,185,185,18.908,24.004,33.262,45.035,44.92,37.518,34.107,33.636,36.859,185,185,-0.70707,21.697,33.577,43.663,43.852,48.599,49.072,35.342,37.047
186,186,13.832,24.343,27.765,50.239,44.339,35.972,35.707,34.207,39.625,186,186,21.354,22.402,23.767,43.654,43.535,38.843,34.011,33.354,36.119,186,186,0.98434,24.895,30.179,36.375,41.794,49.052,49.238,34.763,36.979
187,187,15.248,25.356,29.157,50.419,47.636,38.629,35.313,35.036,42.054,187,187,12.456,19.096,28.323,45.052,44.623,37.949,32.854,33.457,36.785,187,187,1.172,18.45,29.486,38.426,44.419,50.45,47.665,34.645,37.509
188,188,12.748,26.693,32.87,51.166,49.242,38.873,36.348,32.601,39.247,188,188,18.082,18.267,28.31,39.931,43.84,40.545,34.718,34.821,36.204,188,188,1.0125,17.24,31.256,39.892,44.301,50.696,50.095,35.659,37.01
189,189,14.198,20.659,28.565,51.175,48.932,39.538,37.499,34.104,41.552,189,189,14.658,23.758,28.717,43.78,41.258,34.872,35.869,32.103,36.404,189,189,3.4355,20.708,31.983,40.003,46.502,47.454,50.103,35.539,37.587
190,190,8.5752,28.16,33.496,46.379,49.66,38.762,38.98,32.435,38.099,190,190,6.5789,23.243,32.084,40.132,42.842,35.726,37.978,32.564,36.065,190,190,-0.074322,15.772,25.613,36.257,46.016,46.286,53.844,37.696,37.545
191,191,15.449,27.751,32.325,45.39,48.397,38.158,34.839,35.797,42.364,191,191,11.286,21.749,24.794,43.748,43.704,36.148,33.949,32.666,37.324,191,191,4.7655,24.541,29.216,37.552,44.601,46.599,49.976,34.368,37.064
192,192,11.811,23.183,30.743,48.425,45.724,36.334,35.397,33.064,40.052,192,192,10.531,25.198,25.709,42.568,43.927,39.068,34.34,31.602,35.996,192,192,0.24179,26.668,30.951,38.471,44.609,46.223,49.991,35.36,36.796
193,193,16.188,26.854,33.14,44.856,44.835,35.77,34.615,34.034,41.659,193,193,6.9496,25.383,28.467,42.509,43.743,39.005,34.649,32.061,37.208,193,193,-6.4404,25.305,29.624,37.156,44.737,43.879,49.077,34.534,37.609
194,194,15.043,26.131,29.878,41.152,44.72,35.98,36.383,33.47,39.928,194,194,13.86,21.802,28.895,39.376,44.339,39.761,34.992,32.825,36.102,194,194,2.723,26.485,31.205,39.768,48.713,42.383,49.034,34.675,36.915
195,195,11.208,29.387,27.885,38.264,44.83,36.986,42.003,34.483,41.625,195,195,10.585,22.126,26.729,37.289,39.253,35.72,41.378,33.437,36.642,195,195,-4.0279,17.316,28.44,36.496,45.661,48.383,56.43,41.195,37.783
196,196,15.084,21.995,34.111,39.944,39.656,33.186,37.913,33.532,39.526,196,196,14.806,24.731,29.52,35.244,42.067,38.608,36.279,32.144,35.797,196,196,-5.2178,26.201,32.609,36.305,43.15,43.993,50.887,36.845,37.095
197,197,14.221,21.312,32.571,39.279,46.052,36.818,44.8,38.247,42.609,197,197,8.7741,22.551,26.992,33.251,42.716,39.004,44.571,38.902,37.112,197,197,2.2403,20.827,29.213,37.255,45.834,44.449,58.912,45.44,37.532
198,198,14.63,19.94,31.203,47.027,46.263,36.884,34.983,32.419,38.804,198,198,10.853,18.306,26.006,39.792,43.009,34.259,35.744,32.436,36.266,198,198,7.5796,17.099,26.083,39.591,47.574,45.38,50.514,34.983,36.997
199,199,10.569,24.656,30.029,42.144,45.221,35.945,33.439,34.161,42.085,199,199,8.291,18.558,21.966,32.357,40.859,36.146,32.813,33.162,36.585,199,199,4.0077,26.094,31.758,37.678,43.597,46.019,48.352,35.37,37.451
200,200,12.046,27.145,26.238,39.592,42.902,35.225,38.522,33.82,39.607,200,200,16.689,22.092,25.6,33.947,39.475,36.037,37.63,33.021,35.801,200,200,3.1962,21.33,32.256,35.621,43.217,45.753,52.37,37.971,37.061
201,201,5.3779,22.434,29.308,35.83,42.775,35.835,40.832,36.002,42.948,201,201,15.731,25.751,27.115,33.941,40.891,36.59,39.434,34.066,37.163,201,201,1.286,29.582,35.324,36.569,44.692,46.436,54.43,38.732,37.614
202,202,11.552,20.564,32.46,38.477,42.417,35.496,39.112,33.296,38.708,202,202,16.578,26.685,31.198,34.4,40.721,37.876,39.368,33.606,35.859,202,202,-1.9169,23.896,31.626,35.931,43.547,47.096,54.029,38.84,37.032
203,203,12.084,24.382,29.923,43.896,44.282,35.15,40.031,35.244,42.256,203,203,18.408,26.386,31.045,34.773,41.463,37.288,40.421,34.247,36.886,203,203,-2.7509,23.652,27.706,39.308,41.401,46.194,54.619,40.253,37.369
204,204,8.6037,24.991,29.184,40.078,44.878,35.367,38.248,33.25,39.124,204,204,12.301,27.539,31.097,35.551,40.261,37.13,38.527,33.861,35.98,204,204,-8.9072,29.52,29.53,35.582,41.975,47.244,52.947,39.339,37.111
205,205,19.867,25.381,31.875,37.576,44.177,36.45,41.975,35.387,41.093,205,205,20.249,28.131,29.495,34.956,39.913,38.48,41.789,34.916,37.617,205,205,-6.4594,31.284,32.724,37.571,42.97,47.145,56.189,41.92,37.698
206,206,16.68,26.395,28.252,35.704,38.678,34.636,41.627,35.793,40.865,206,206,20.846,26.866,28.295,36.307,40.079,37.821,41.01,35.271,36.69,206,206,3.8436,29.67,29.824,40.288,42.902,49.17,55.769,40.727,36.981
207,207,15.306,25.203,29.797,34.287,43.347,34.841,43.242,35.056,40.783,207,207,7.3867,26.452,30.438,31.668,40.164,39.149,42.411,35.439,36.179,207,207,2.1525,25.461,30.93,38.448,43.889,48.889,57.575,42.579,36.953
208,208,14.67,23.384,28.621,43.827,47.106,39.548,42.724,35.399,39.953,208,208,14.232,21.778,31.048,32.028,39.995,38.849,42.827,36.082,36.793,208,208,5.4896,22.436,31.628,37.285,44.295,48.947,57.165,43.42,37.521
209,209,12.835,28.089,23.419,45.74,43.532,36.856,42.628,35.3,41.653,209,209,12.687,26.145,25.94,36.338,45.172,43.998,43.071,35.882,37.485,209,209,-1.1417,26.029,26.856,38.351,47.092,50.765,57.274,42.052,37.812
210,210,9.004,26.023,28.164,38.898,43.885,35.296,40.431,33.775,38.454,210,210,14.593,27.498,28.686,30.797,41.258,40.862,42.235,35.746,36.402,210,210,1.9484,26.416,24.608,37.448,46.681,49.933,57.117,41.646,36.723
211,211,6.6292,24.67,29.011,38.381,44.208,36.822,42.797,35.978,41.827,211,211,11.64,23.018,26.222,32.524,39.914,38.157,42.733,37.651,36.665,211,211,-3.6374,27.765,32.029,34.941,43.952,50.848,56.14,42.197,38.142
212,212,12.698,23.169,32.617,35.437,49.59,41.892,43.611,35.342,38.03,212,212,13.212,15.618,25.654,32.158,45.815,42.858,44.114,39.297,36.187,212,212,-4.6134,22.593,32.288,36.323,48.33,51.93,57.006,45.324,37.031
213,213,20.273,21.049,30.41,41.305,50.694,41.087,45.069,37.614,41.822,213,213,19.345,21.231,29.485,39.637,48.27,44.539,45.814,39.951,37.493,213,213,2.379,24.119,34.018,43.67,57.407,54.068,59.696,46.875,37.665
214,214,14.647,27.659,30.94,36.256,49.921,40.449,44.793,36.167,38.558,214,214,16.645,23.492,29.714,36.929,46.399,41.709,45.074,40.843,36.756,214,214,1.1733,20.371,34.036,45.094,57.917,53.416,58.484,47.252,37.394
215,215,12.386,23.754,28.973,34.445,48.32,41.183,45.359,36.563,42.018,215,215,16.93,25.499,33.641,34.947,42.899,41.186,46.045,40.291,36.435,215,215,5.4389,21.017,34.753,38.886,51.291,54.917,59.829,45.748,38.149
216,216,20.762,26.035,28.247,36.344,50.684,42.928,44.038,36.526,38.262,216,216,25.877,24.235,28.556,35.754,45.37,42.679,44.861,40.121,36.065,216,216,6.3773,26.128,31.909,37.976,49.623,54.465,58.526,45.864,36.703
217,217,19.462,19.484,30.8,34.882,46.755,41.479,46.626,38.54,41.983,217,217,24.262,23.723,32.12,34.379,43.562,43.004,45.784,40.718,37.306,217,217,1.6674,25.659,26.086,39.672,49.5,54.72,60.345,45.996,37.528
218,218,7.2594,24.678,29.098,38.626,47.248,41.459,47.802,39.959,38.634,218,218,10.857,20.49,30.246,30.881,42.617,41.731,47.603,41.918,36.836,218,218,4.6812,26.546,31.232,40.429,47.412,53.511,61.77,48.203,37.744
219,219,10.149,23.11,25.301,34.929,44.662,40.644,47.605,42.497,42.617,219,219,14.28,18.836,23.764,31.253,38.93,39.765,48.461,44.085,37.558,219,219,1.432,24.051,32.33,35.763,45.502,54.311,62.189,50.538,38.158
220,220,8.8766,20.062,30.294,42.678,42.105,39.604,46.99,41.433,38.549,220,220,9.3154,27.045,29.016,33.588,44.314,41.969,47.776,44.211,36.093,220,220,8.3667,24.124,34.176,37.388,45.058,52.73,62.229,51.084,37.946
221,221,9.2418,22.144,29.056,44.686,48.242,40.355,49.115,40.679,40.009,221,221,21.228,31.004,24.346,35.01,41.865,39.889,48.678,42.831,36.279,221,221,8.4527,25.601,33.446,39.263,47.684,53.596,62.917,49.928,37.746
222,222,9.0487,27.733,33.064,41.661,45.243,40.43,48.758,40.407,41.327,222,222,20.815,26.277,32.637,38.143,45.273,43.907,47.817,42.985,36.511,222,222,3.9469,28.844,34.025,40.403,50.333,52.935,63.46,49.792,38.065
223,223,12.266,22.15,29.729,44.633,45.942,38.852,53.859,42.201,39.265,223,223,8.9889,24.797,32.602,34.056,45.42,43.831,53.509,45.604,36.81,223,223,2.9872,28.331,26.685,35.979,49.974,55.616,69.225,54.601,38.478
224,224,11.622,18.216,34.1,40.478,48.588,45.961,55.372,43.451,41.979,224,224,8.0935,23.786,23.122,35.246,44.726,47.004,53.251,44.058,37.656,224,224,4.6874,26.52,27.853,41.5,53.47,58.604,69.309,53.156,39.438
225,225,8.714,22.623,29.405,42.616,47.812,46.17,57.022,42.062,39.59,225,225,12.371,21.045,26.748,35.684,54.283,52.635,54.922,42.737,36.578,225,225,-2.0599,23.993,26.765,42.312,54.257,63.303,72.284,53.762,38.823
226,226,11.289,19.994,30.637,38.007,49.165,49.912,60.473,45.064,42.452,226,226,8.259,22.747,25.862,41.021,54.247,53.798,57.76,44.744,37.619,226,226,-0.82883,19.289,28.017,42.626,56.702,64.289,75.342,57.554,40.267
227,227,8.6512,16.474,34.336,38.196,50.132,49.333,62.193,49.261,40.229,227,227,17.241,22.292,24.896,38.528,57.657,55.925,60.043,47.592,37.013,227,227,3.4053,23.853,29.683,40.142,58.487,66.786,75.906,59.143,41.259
228,228,11.748,25.062,28.503,41.288,51.773,50.692,57.922,47.428,43.363,228,228,28.193,29.027,28.56,38.186,55.304,54.979,56.778,46.349,38.116,228,228,9.9757,24.933,30.161,46.204,58.428,66.046,73.209,55.871,40.437
229,229,13.147,19.242,25.707,38.012,54.367,50.028,57.761,48.084,42.105,229,229,26.543,24.866,24.205,35.377,54.802,53.665,56.134,47.41,37.831,229,229,13.776,28.888,37.034,45.319,57.399,64.777,72.434,55.125,39.576
230,230,8.8013,23.705,27.383,38.809,50.985,48.11,56.729,48.857,43.254,230,230,20.536,27.746,27.878,35.722,50.725,50.437,56.632,47.414,38.339,230,230,4.8524,23.327,32.214,43.024,53.985,64.401,71.643,55.541,39.778
231,231,15.154,25.263,30.579,38.168,47.108,42.484,55.483,44.752,41.471,231,231,23.634,27.539,26.768,36.293,50.066,49.995,55.22,44.611,37.331,231,231,5.8265,23.935,34.776,40.193,51.563,61.926,70.658,54.461,40.116
232,232,13.288,20.653,35.742,41.372,48.363,45.853,56.188,42.076,43.086,232,232,13.112,21.095,28.099,39.285,51.918,51.508,54.126,43.76,38.11,232,232,-1.2664,17.699,31.818,40.951,55.985,61.806,70.834,53.531,39.443
233,233,13.561,20.763,31.658,34.704,46.758,45.741,62.038,46.477,39.414,233,233,16.911,20.853,29.879,36.624,50.806,51.367,60.112,46.747,36.82,233,233,1.7872,23.356,30.951,40.48,54.634,62.503,76.124,57.794,40.689
234,234,10.716,15.464,28.757,35.058,46.031,47.527,61.161,47.085,43.372,234,234,14.427,21.444,28.368,34.31,52.111,52.377,61.527,48.717,37.127,234,234,7.7697,22.858,27.958,39.592,56.302,65.416,77.523,59.468,41.21
235,235,7.0763,23.637,36.154,40.147,49.079,48.001,61.924,47.322,39.644,235,235,18.46,29.412,28.152,39.977,51.682,51.94,60.269,48.914,37.179,235,235,6.737,23.475,30.645,36.909,56.109,67.451,76.607,59.444,40.719
236,236,14.372,29.892,33.419,41.463,50.385,49.359,63.685,48.375,42.665,236,236,24.064,25.999,27.921,38.865,52.412,53.194,62.82,49.542,37.67,236,236,5.0831,21.461,27.977,35.741,57.37,70.797,80.022,60.925,41.967
237,237,9.3582,24.442,28.285,36.914,48.814,51.093,66.366,50.216,40.232,237,237,30.262,27.268,28.683,31.567,52.205,54.614,64.484,51.168,37.214,237,237,14.683,16.227,31.827,39.565,55.075,69.132,80.689,62.348,42.655
238,238,7.4104,24.002,30.444,40.161,45.341,50.7,65.373,49.83,43.299,238,238,26.692,19.226,30.845,34.354,49.791,53.78,64.541,51.053,38.171,238,238,11.185,23.111,32.279,40.17,56.037,69.24,81.13,63.148,43.394
239,239,13.976,21.565,31.831,35.275,48.316,51.438,67.634,52.879,40.125,239,239,18.358,17.544,28.876,31.873,55.489,56.85,65.739,52.941,38.287,239,239,4.3538,21.108,31.12,38.5,59.129,70.706,83.235,65.926,45.43
240,240,9.6336,18.022,27.464,33.566,49.463,52.226,69.656,54.289,43.698,240,240,17.787,21.625,29.436,31.773,54.559,55.618,67.038,54.367,39.088,240,240,-7.0835,14.868,30.837,40.654,57.629,71.532,84.416,66.301,46.016
241,241,5.3561,21.759,26.952,33.871,48.392,54.15,69.919,56.119,40.736,241,241,2.4683,21.992,28.96,33.19,54.451,55.704,68.324,57.42,39.195,241,241,-11.948,20.183,28.156,40.51,58.888,72.307,85.509,68.905,47.459
242,242,8.0842,22.559,27.942,35.161,52.423,55.203,72.412,59.266,44.062,242,242,13.938,18.148,21.883,30.814,56.863,59.601,73.476,60.964,41.239,242,242,1.5614,19.995,31.689,43.692,62.746,77.721,90.019,73.575,51.747
243,243,9.2248,21.36,26.849,37.613,51.064,55.668,71.543,57.512,41.835,243,243,14.249,24.053,27.433,36.653,55.695,60.033,70.626,59.142,40.154,243,243,8.7479,18.89,33.366,38.606,60.856,77.5,87.914,71.163,49.444
244,244,12.734,15.5,25.982,38.136,56.418,58.51,75.389,60.9,44.926,244,244,16.387,19.928,25.545,35.785,60.203,64.292,74.367,61.229,41.689,244,244,1.9858,21.899,32.556,41.137,65.525,80.432,91.374,73.911,52.527
245,245,9.3091,16.032,26.349,39.756,50.812,58.012,71.322,59.972,43.003,245,245,8.1314,23.845,22.913,38.3,59.157,62.927,71.037,60.512,41.482,245,245,6.8134,23.362,34.758,42.108,63.493,81.188,88.948,72.034,50.352
246,246,10.942,19.953,30.022,36.451,51.327,61.955,78.095,64.63,47.411,246,246,7.8491,20.511,29.57,38.9,55.107,64.499,75.498,63.615,43.842,246,246,2.072,18.341,31.35,42.042,62.85,83.273,92.017,74.996,53.516
247,247,12.268,20.032,27.991,36.391,53.651,62.302,79.25,64.141,46.267,247,247,13.971,22.083,26.633,38.697,59.743,66.093,76.845,62.487,43.401,247,247,10.793,19.797,34.407,40.266,64.379,84.95,92.91,75.748,54.565
248,248,14.921,25.427,28.687,37.755,55.572,61.223,78.474,67.132,49.346,248,248,18.788,23.325,28.846,34.368,60.359,64.345,76.241,66.526,45.193,248,248,5.593,21.772,34.006,43.176,64.315,81.477,92.424,77.828,55.136
249,249,16.283,21.718,34.594,38.293,57.665,62.423,76.444,66.76,49.171,249,249,14.571,22.357,27.696,35.938,56.136,63.836,73.261,65.28,44.98,249,249,3.8044,21.394,35.346,40.427,61.772,82.578,89.987,75.215,52.716
250,250,14.712,25.356,29.934,42.982,52.018,65.83,79.481,66.926,49.322,250,250,17.965,19.285,31.42,33.272,54.494,65.862,77.064,65.69,44.973,250,250,3.0579,24.952,30.665,46.128,63.382,84.493,92.833,77.412,55.404
251,251,16.489,21.813,27.268,43.14,53.99,63.769,79.302,66.298,49.219,251,251,15.657,24.786,29.949,34.514,55.21,66.254,76.344,64.67,43.949,251,251,3.8686,28.295,30.216,41.857,63.984,83.713,92.891,76.307,55.061
252,252,13.669,23.919,27.901,38.253,53.346,59.352,77.536,64.976,48.733,252,252,14.123,23.472,28.047,34.146,51.291,63.826,74.077,62.59,42.867,252,252,7.9884,30.791,35.643,42.178,62.327,81.683,89.477,75.181,52.733
253,253,11.464,24.863,32.272,37.62,50.845,55.569,66.266,58.235,45.368,253,253,18.317,25.414,31.358,37.004,58.217,62.866,65.45,57.652,40.713,253,253,3.9612,24.751,27.437,40.736,63.683,77.797,81.674,69.753,47.665
254,254,9.2738,24.976,30.788,38.833,54.495,50.918,63.537,54.332,45.32,254,254,10.939,23.536,30.838,38.929,58.255,59.602,61.411,53.653,39.613,254,254,9.5547,26.233,29.696,40.916,61.69,71.162,77.208,64.308,44.385
255,255,8.7101,24.319,27.082,37.422,50.061,46.542,67.349,56.009,44.216,255,255,9.5084,24.209,29.089,36.626,47.043,49.107,65.448,54.867,39.909,255,255,9.6608,21.075,30.889,39.009,54.51,65.285,80.76,67.618,46.517
256,256,11.736,17.811,32.445,39.491,49.267,52.758,61.282,48.376,44.453,256,256,14.382,25.088,26.627,35.921,53.908,57.957,57.426,47.617,38.832,256,256,8.1736,23.541,31.01,42.394,57.951,73.809,76.314,57.969,41.44
257,257,17.634,25.04,29.191,40.354,49.801,43.37,50.891,40.668,42.262,257,257,19.855,26.367,29.845,37.635,54.118,52.737,49.453,39.588,37.89,257,257,3.744,18.852,34.594,40.806,55.772,63.851,68.027,49.066,40.24
258,258,11.025,22.178,32.644,41.143,46.101,37.412,45.403,38.597,44.143,258,258,18.53,23.264,31.976,39.057,43.752,40.491,43.529,38.073,38.284,258,258,3.1288,25.454,30.658,38.841,52.449,49.884,59.85,45.402,41.222
259,259,11.858,26.987,31.695,37.271,46.068,37.173,49.175,39.395,41.929,259,259,15.143,19.123,27.923,36.771,42.858,40.371,48.16,38.751,38.233,259,259,5.1529,24.466,32.607,41.711,51.238,52.131,63.315,47.846,40.23
260,260,13.059,25.95,29.372,44.149,50.025,39.936,53.298,40.495,43.905,260,260,8.8006,17.813,25.874,37.984,48.566,44.989,52.244,39.797,38.566,260,260,0.029629,20.529,31.306,40.355,56.173,52.79,66.821,50.023,39.914
261,261,11.985,21.154,28.308,39.396,48.07,38.484,52.185,41.267,41.65,261,261,17.631,24.558,27.823,38.469,44.031,40.858,51.032,39.327,38.43,261,261,-2.4153,19.824,34.187,40.337,50.874,49.165,65.733,51.351,40.683
262,262,9.0245,25.616,31.685,39.964,46.424,37.715,48.554,40.106,44.103,262,262,12.82,13.225,25.57,36.363,41.97,38.493,47.553,38.826,37.366,262,262,-0.3214,27.03,36.444,41.101,50.64,49.157,62.605,48.782,41.045
263,263,8.0581,23.902,27.428,46.371,48.692,39.076,44.743,38.126,42.901,263,263,6.9194,26.783,28.076,39.34,43.591,42.25,43.151,36.922,37.051,263,263,-5.6699,20.768,37.415,45.369,49.357,48.413,58.745,44.566,40.396
264,264,9.6599,20.046,29.067,37,43.707,36.296,43.274,37.053,41.474,264,264,14.371,23.064,28.675,34.845,39.424,37.587,41.596,36.653,37.86,264,264,-7.2383,27.039,31.73,41.346,47.903,48.702,57.946,43.883,39.863
265,265,14.687,30.543,29.915,36.122,43.452,36.41,42.667,37.99,43.696,265,265,14.945,23.441,27.922,35.991,41.434,37.769,40.668,36.74,38.579,265,265,-7.0311,30.003,32.311,39.857,44.342,48.178,56.601,43.46,40.398
266,266,15.625,28.733,30.844,37.009,45.008,36.394,42.472,37.015,42.143,266,266,19.653,23.396,25.174,33.82,42.881,40.425,40.374,36.558,38.267,266,266,3.91,29.278,34.453,40.114,47.572,49.713,57.606,43.226,41.149
267,267,15.981,20.798,30.631,38.98,43.136,35.136,42.457,37.844,43.364,267,267,18.791,21.237,25.555,36.285,41.555,38.759,41.688,38.093,38.068,267,267,4.6503,20.642,29.847,37.261,46.04,48.128,56.905,43.173,39.926
268,268,15.617,21.894,27.578,36.957,44.323,37.057,44.071,38.958,42.446,268,268,15.1,19.185,30.903,36.075,43.024,40.834,43.069,37.575,38.394,268,268,-4.8723,24.663,27.769,36.399,43.495,47.787,58.508,43.281,40.391
269,269,10.104,20.907,31.731,40.448,45.398,37.262,42.539,38.798,43.951,269,269,16.497,23.776,31.68,35.538,39.512,36.73,41.169,37.532,38.042,269,269,-2.5846,20.71,30.072,39.041,45.409,48.215,56.777,41.519,40.224
270,270,14.516,24.046,29.885,41.418,43.606,34.901,40.475,39.116,42.514,270,270,19.383,16.527,30.462,37.014,39.686,37.753,39.429,38.378,38.666,270,270,0.65069,21.832,24.664,36.335,43.235,48.297,55.542,42.097,41.072
271,271,9.2519,24.63,33.255,40.318,44.599,38.883,43.045,39.768,44.078,271,271,19.286,24.676,22.972,35.198,43.639,43.814,41.403,37.912,38.179,271,271,-4.9191,25.358,30.938,40.036,47.977,48.322,58.853,43.759,40.544
272,272,6.0362,26.488,29.007,39.91,44.691,39.026,47.079,40.298,43.448,272,272,10.643,25.011,30.831,39.538,48.062,46.247,46.009,40.273,38.197,272,272,-2.8494,22.723,33.431,42.435,52.36,54.651,62.862,47.378,40.769
273,273,14.396,17.421,31.295,40.867,47.217,39.245,47.533,42.159,44.218,273,273,22.803,22.469,30.248,39.913,44.803,43.474,46.813,42.387,38.302,273,273,10.144,15.278,30.787,40.623,50.893,54.357,62.802,49.428,41.216
274,274,15.666,26.24,34.482,38.554,51.667,48.371,56.557,44.744,42.871,274,274,27.923,28.223,30.335,39.476,52.808,55.846,54.032,45.54,38.6,274,274,12.514,23.915,33.477,42.62,58.987,70.741,71.117,54.561,41.09
275,275,11.236,23.348,30.864,40.029,49.912,49.154,58.027,49.946,44.897,275,275,20.962,22.702,30.194,36.99,46.711,51.236,57.4,50.586,39.292,275,275,4.1612,20.75,26.449,39.735,52.593,68.631,73.78,60.34,42.607
276,276,11.842,18.43,25.951,39.209,46.458,46.045,56.552,50.644,42.714,276,276,21.071,25.505,28.634,39.19,49.609,52.399,54.978,49.973,39.415,276,276,10.113,19.327,29.491,42.874,56.012,67.17,71.692,61.285,42.219
277,277,15.196,25.959,33.133,42.762,52.53,49.634,56.95,50.166,44.957,277,277,14.034,27.248,27.478,45.034,54.099,54.512,55.401,49.168,39.669,277,277,9.5523,25.572,24.615,44.691,58.285,67.947,71.721,59.263,42.601
278,278,16.921,28.863,30.583,38.911,54.756,48.243,57.023,48.476,43.599,278,278,18.398,27.899,28.829,45.075,50.773,53.235,54.572,47.655,38.488,278,278,1.7316,23.351,29.249,40.675,56.756,66.688,70.501,57.46,42.041
279,279,21.084,26.136,27.424,43.459,52.496,49.694,60.707,50.304,44.292,279,279,20.263,21.483,24.616,37.665,57.367,59.669,58.487,49.501,39.702,279,279,1.6007,23.834,34.658,40.2,61.057,73.155,74.549,60.913,42.328
280,280,11.66,24.705,34.053,40.906,53.179,49.912,61.542,50.709,43.463,280,280,19.983,24.002,26.654,43.851,55.445,56.432,59.085,48.575,38.858,280,280,1.274,19.651,29.52,44.505,61.034,70.32,75.317,60.974,42.959
281,281,11.064,23.308,32.536,42.374,58.023,51.746,61.632,48.276,43.843,281,281,18.714,22.058,33.733,40.39,62.588,60.326,59.871,47.766,40.145,281,281,1.4009,19.7,29.169,46.584,65.402,69.685,75.1,59.692,42.559
282,282,17.8,22.922,30.196,39.895,57.407,52.497,60.007,48.511,44.482,282,282,9.2386,23.277,28.262,38.69,62.981,62.25,58.411,49.26,40.16,282,282,4.2484,20.073,32.972,46.486,65.25,70.631,74.645,59.48,43.636
283,283,9.9674,16.246,33.733,42.098,57.516,54.849,61.205,46.908,44.687,283,283,10.748,19.492,26.082,40.323,61.617,62.97,59.275,46.703,39.661,283,283,7.1976,19.947,31.54,46.502,65.558,72.819,75.624,59.124,42.653
284,284,14.666,20.821,31.134,45.905,58.435,51.868,58.001,46.014,42.244,284,284,14.893,23.029,26.191,41.201,60.752,60.5,57.581,46.404,39.835,284,284,4.4719,22.041,34.24,47.558,63.84,71.571,74.617,56.356,42.03
285,285,16.928,26.534,33.755,41.606,60.727,54.573,60.9,46.349,43.829,285,285,19.819,15.781,28.971,40.056,60.786,59.827,60.907,47.147,39.379,285,285,2.4814,19.591,34.536,50.367,65.957,69.911,77.013,57.053,41.874
286,286,18.059,25.527,31.855,45.663,63.313,55.43,61.162,47.043,42.603,286,286,24.326,29.514,30.674,43.383,66.979,66.274,59.873,46.656,39.107,286,286,5.2791,24.469,35.002,47.555,69.25,72.358,76.17,58.505,42.367
287,287,19.431,24.592,34.238,46.757,60.864,55.935,61.363,46.013,44.725,287,287,24.016,20.032,26.454,40.372,61.683,61.304,60.528,45.899,40.114,287,287,8.5939,25.73,33.768,50.889,67.397,72.003,77.207,57.958,43.626
288,288,20.67,24.148,32.037,49.013,61.105,55.751,60.692,45.694,41.969,288,288,22.059,28.213,31.108,42.39,65.753,64.531,60.402,45.679,38.91,288,288,1.3808,21.348,33.915,52.953,67.919,73.392,77.172,57.067,41.938
289,289,23.892,29.06,29.687,52.174,62.777,55.584,59.727,44.978,44.126,289,289,25.067,22.519,27.242,45.488,60.591,60.537,58.286,44.191,38.969,289,289,4.587,26.251,32.647,52.543,67.139,71.615,74.801,56.889,42.186
290,290,24.844,22.53,34.531,50.615,56.31,52.361,56.503,42.72,42.281,290,290,28.504,26.42,27.305,43.116,58.072,57.445,56.81,43.586,38.66,290,290,6.3267,24.044,35.686,49.454,63.373,69.131,73.285,55.687,41.253
291,291,21.335,22.555,29.883,41.648,54.583,50.541,57.403,44.927,43.075,291,291,22.831,22.289,25.927,40.097,59.386,59.607,55.98,44.414,39.249,291,291,5.1921,23.808,34.059,48.678,62.929,67.769,71.658,56.632,40.863
292,292,18.672,24.262,33.606,40.579,50.973,48.357,54.868,42.295,40.707,292,292,15.65,22.214,29.459,40.145,55.467,53.709,54.353,42.927,38.236,292,292,2.7747,25.847,36.333,45.848,58.563,65.933,71.134,53.555,40.487
293,293,15.319,23.95,29.055,42.149,55.851,52.399,56.411,43.576,42.909,293,293,16.764,26.9,29.855,39.43,56.799,58.341,56.235,43.162,38.262,293,293,2.1619,23.005,33.436,50.304,62.617,71.4,72.64,54.229,40.67
294,294,17.171,21.011,33.74,44.748,58.718,54.5,59.821,45.34,41.473,294,294,17.789,19.356,27.377,38.448,58.965,60.266,58.57,47.122,39.418,294,294,1.6347,20.85,37.328,51.052,65.55,72.391,76.002,56.867,41.174
295,295,17.368,22.636,31.732,49.836,54.549,54.662,59.699,46.214,44.14,295,295,16.074,19.8,25.457,41.639,60.213,61.88,60.037,47.744,39.694,295,295,2.0652,22.897,31.976,46.748,63.598,76.625,76.267,56.183,42.281
296,296,13.899,22.956,32.401,55.694,62.854,58.223,65.148,50.383,46.193,296,296,17.471,17.446,30.269,44.183,64.071,65.251,63.608,50.929,42.457,296,296,-0.3928,21.619,35.042,50.909,68.983,77.847,80.496,61.83,45.889
297,297,13.985,23.766,32.186,52.37,62.365,57.501,67.94,58.182,48.944,297,297,15.087,27.454,31.384,46.983,63.721,63.949,66.132,57.756,44.622,297,297,-0.69135,24.053,33.779,49.164,68.524,76.968,82.681,70.06,49.36
298,298,10.775,22.906,32.499,47.844,61.433,54.923,65.815,59.166,50.393,298,298,20.595,21.145,31.516,46.789,58.71,59.448,64.932,59.969,45.476,298,298,8.9624,17.898,32.905,55.033,70.662,73.95,80.934,69.719,49.824
299,299,15.304,27.237,33.125,46.567,61.761,54.421,68.83,61.443,50.424,299,299,16.611,20.114,30.578,44.113,59.773,59.605,66.981,61.498,46.064,299,299,8.1235,17.808,34.162,53.714,68.686,73.323,82.717,69.662,49.619
300,300,9.6947,23.096,35.095,44.022,61.779,57.534,74.181,64.33,51.295,300,300,17.673,28.74,31.871,39.483,62.409,63.267,71.669,63.923,45.954,300,300,3.7902,21.286,37.465,52.009,68.914,74.729,87.324,72.466,51.831
301,301,11.982,24.448,33.333,44.053,64.353,59.896,78.997,69.439,53.453,301,301,22.964,23.822,31.845,44.251,58.535,62.377,77.235,68.211,48.268,301,301,7.3709,20.411,34.554,49.243,68.494,78.944,93.372,77.777,56.082
302,302,20.084,25.352,33.303,43.786,69.2,61.938,78.478,71.496,56.24,302,302,30.853,30.89,29.487,38.356,59.33,62.255,75.908,68.597,49.389,302,302,17.724,23.448,33.578,49.528,68.82,78.955,92.715,77.162,55.81
303,303,17.369,23.016,33.425,39.929,61.074,62.637,80.26,71.949,54.725,303,303,28.517,23.762,32.819,38.423,63.71,65.379,77.405,70.04,49.888,303,303,15.503,30.538,38.383,50.402,69.031,81.243,94.308,78.611,56.644
304,304,6.8524,23.602,33.078,43.098,61.485,61.843,79.148,68.615,52.268,304,304,22.883,25.532,27.11,36.779,61.611,63.95,76.288,68.864,49.495,304,304,5.4726,25.572,37.733,44.863,67.318,80.124,92.618,76.132,54.715
305,305,15.894,19.264,34.521,41.076,59.346,56.491,73.224,65.89,50.014,305,305,21.157,23.248,29.984,35.725,62.349,62.132,72.085,67.091,47.827,305,305,5.8553,24.743,37.471,43.288,65.233,77.536,87.852,74.023,52.143
306,306,12.779,24.054,30.839,39.403,58.471,54.896,71.974,61.838,46.196,306,306,13.323,28.452,28.822,41.252,56.282,59.929,70.317,62.719,43.981,306,306,7.9097,22.057,34.163,46.723,64.936,74.16,85.392,72.335,50.082
307,307,15.543,21.362,31.357,44.338,65.979,58.713,73.136,62.733,47.138,307,307,21.493,22.622,27.13,41.705,59.106,59.873,71.337,62.059,43.306,307,307,15.093,23.287,37.34,50.668,68.399,74.177,87.475,72.261,50.74
308,308,9.5508,21.07,35.428,44.963,70.388,62.243,69.183,59.762,47.588,308,308,23.2,16.783,26.989,42.114,62.788,62.247,67.694,58.914,43.074,308,308,10.729,23.31,33.446,50.352,69.937,75.95,84.204,69.867,48.425
309,309,16.29,20.621,28.086,42.1,64.677,54.915,64.135,53.181,43.548,309,309,14.17,20.793,28.177,41.265,60.041,57.376,63.001,54.471,41.591,309,309,4.1996,19.737,27.708,46.023,64.831,70.921,80.273,62.609,44.728
310,310,11.551,23.405,30.053,41.78,59.244,51.933,61.458,52.012,44.584,310,310,15.31,22.841,28.629,37.024,58.421,59.142,61.341,51.101,40.384,310,310,-2.1818,19.136,31.5,45.477,64.374,71.423,78.201,60.834,43.848
311,311,7.7867,23.395,29.603,43.448,65.736,55.819,62.503,48.676,41.524,311,311,20.517,25.736,30.839,35.992,55.13,53.086,58.778,49.565,38.72,311,311,-0.24782,22.718,38.759,41.453,62.574,68.845,75.553,58.781,41.926
312,312,9.3822,26.328,30.23,39.638,58.475,52.581,62.162,50.867,43.923,312,312,16.561,24.339,30.807,35.138,57.33,58.663,60.392,49.996,38.753,312,312,4.8026,23.213,35.528,42.463,64.451,70.475,75.566,60.434,41.899
313,313,10.724,24.741,30.758,40.501,54.03,51.365,67.725,55.381,42.283,313,313,12.871,14.155,28.433,38.371,53.208,56.195,65.46,54.395,39.494,313,313,2.3417,20.86,33.572,45.34,61.048,70.818,81.339,65.903,44.929
314,314,14.78,26.922,28.859,42.569,54.347,51.058,65.952,54.071,43.866,314,314,9.3738,27.725,29.26,39.325,53.84,56.184,63.049,53.944,39.007,314,314,-7.1747,21.581,34.91,46.329,61.735,70.374,77.975,63.131,43.094
315,315,12.327,23.024,26.969,41.312,51.686,49.622,62.54,53.373,41.68,315,315,21.031,24.978,25.62,40.147,52.347,54.437,61.894,54.323,38.416,315,315,5.1829,24.284,38.698,44.969,59.02,69.146,77.824,64.053,42.602
316,316,7.4453,21.817,27.298,39.638,52.132,48.359,59.194,50.104,43.63,316,316,24.758,25.333,27.211,37.292,51.028,51.938,58.04,52.473,39.174,316,316,8.4668,23.686,32.886,41.378,57.51,66.726,73.072,58.676,41.164
317,317,13.218,25.878,32.371,39.381,53.176,46.366,52.325,46.547,41.252,317,317,24.241,17.681,28.24,44.896,51.537,49.585,52.229,48.843,37.747,317,317,2.8212,24.214,32.22,44.434,55.784,60.966,67.173,55.282,39.297
318,318,14.155,23.133,32.281,43.133,49.779,44.949,52.45,44.928,43.214,318,318,19.871,30.489,29.4,39.672,53.911,50.77,52.052,47.06,37.89,318,318,1.6684,23.665,34.369,44.99,57.077,60.599,67.724,53.024,39.379
319,319,14.046,17.907,31.439,46.56,48.097,43.959,51.963,42.49,39.99,319,319,20.329,27.107,27.468,42.419,51.776,50.317,50.781,45.152,38.229,319,319,7.4551,18.917,32.917,46.707,57.048,57.989,66.742,51.777,39.398
320,320,9.3153,26.139,29.662,43.193,49.94,43.073,49.426,42.06,43.045,320,320,25.964,18.53,30.828,37.344,45.425,44.109,49.445,43.687,38.056,320,320,10.916,18.207,29.369,39.023,51.972,57.982,65.518,50.643,38.533
321,321,14.613,25.702,22.778,37.234,48.587,41.296,49.087,41.581,40.46,321,321,17.483,20.784,22.469,35.055,45.908,46.255,48.437,44.296,37.295,321,321,7.0198,17.705,30.01,39.954,51.454,57.743,65.06,50.999,39.08
322,322,18.138,22.069,23.493,38.026,48.691,41.863,47.84,41.827,42.703,322,322,21.295,23.253,27.092,36.381,51.142,50.316,47.675,44.575,37.553,322,322,0.93977,22.621,32.066,42.091,53.777,56.227,64.36,51.03,38.751
323,323,13.624,28.871,33.093,39.049,43.304,40.611,51.028,46.317,40.793,323,323,18.296,28.912,29.221,34.604,47.062,46.132,53.233,49.529,37.716,323,323,-1.3831,26.888,33.203,35.118,50.678,56.83,68.89,56.661,39.101
324,324,16.033,21.06,25.512,39.499,46.346,45.283,58.438,48.168,43.413,324,324,21.658,26.684,32.695,34.431,48.762,49.162,57.743,50.168,38.456,324,324,4.0092,26.462,32.332,40.071,48.298,59.446,73.187,58.704,40.569
325,325,14.617,20.099,28.103,38.298,50.74,51.02,58.36,49.446,41.444,325,325,21.428,22.573,30.966,34.93,50.226,50.508,58.624,51.064,39.116,325,325,7.9832,25.06,30.925,42.927,54.329,66.495,74.492,58.069,40.291
326,326,9.8019,17.139,24.818,37.527,51.342,52.183,59.388,52.655,44.459,326,326,23.847,26.251,30.557,33.049,51.291,52.283,59.177,54.08,40.212,326,326,13.705,22.429,30.52,42.258,55.02,67.128,75.37,57.824,40.763
327,327,10.804,27.058,33.447,36.921,51.074,51.055,57.701,52.137,42.697,327,327,17.502,24.291,28.621,36.025,51.266,51.386,57.676,53.804,40.329,327,327,7.9552,22.307,34.057,43.592,55.679,65.958,73.331,55.113,40.233
328,328,17.173,21.699,25.665,33.089,47.142,44.547,53.716,50.751,44.482,328,328,21.238,21.343,29.686,34.566,51.184,49.872,52.387,52.915,39.843,328,328,1.2207,26.366,35.68,41.344,53.753,62.029,68.884,53.571,40.34
329,329,13.526,21.545,31.517,41.17,46.266,39.939,55.535,49.47,41.398,329,329,20.438,21.521,28.119,35.264,47.45,46.41,54.425,51.375,38.62,329,329,5.6717,23.253,32.057,39.444,53.011,57.385,69.991,54.716,40.326
330,330,11.016,23.903,23.882,34.506,49.367,44.986,64.235,53.58,44.479,330,330,16.11,27.458,28.08,34.686,49.17,49.593,62.286,56.522,40.198,330,330,3.6004,22.897,31.083,39.191,53.885,63.833,79.455,63.732,43.859
331,331,14.978,26.3,30.567,37.257,48.626,46.183,65.269,55.084,42.558,331,331,13.265,23.796,31.575,34.399,47.081,49.529,63.862,57.741,41.128,331,331,-0.27505,22.751,35.88,36.614,53.596,65.207,80.959,66.392,45.215
332,332,13.814,26.298,29.699,36.142,51.643,48.765,66.168,56.72,45.047,332,332,16.528,22.847,28.125,36.376,56.073,55.811,65.366,59.315,42.688,332,332,-2.1018,21.394,31.232,40.858,59.262,66.013,80.763,67.856,46.469
333,333,13.252,16.966,28.558,36.502,52.157,50.94,70.666,58.707,45.841,333,333,13.031,20.482,28.343,35.408,55.722,56.508,69.225,60.056,43.143,333,333,5.9453,18.377,29.452,41.094,58.949,69.377,85.561,70.447,49.19
334,334,15.557,20.805,27.941,38.121,52.779,54.308,72.155,62.346,47.528,334,334,14.932,19.291,29.339,35.056,56.278,59.852,71.973,63.761,44.5,334,334,5.0507,17.572,28.752,43.29,60.44,76.949,89.824,73.402,51.104
335,335,12.882,20.393,24.098,37.14,52.478,57.685,76.554,64.033,47.593,335,335,16.68,20.885,21.229,33.507,56.362,61.687,74.907,65.319,45.084,335,335,2.4739,20.34,32.297,42.871,61.293,80.159,92.649,75.589,53.766
336,336,16.255,17.75,31.427,36.573,52.318,60.335,81.525,65.468,48.53,336,336,18.521,23.898,25.262,37.035,56.238,61.543,77.968,65.37,46.136,336,336,2.0113,22.017,33.513,41.228,60.097,80.177,94.269,76.169,55.012
337,337,16.582,18.634,32.469,36.231,45.654,59.459,75.743,62.028,46.291,337,337,18.024,25.567,24.84,38.467,50.837,60.103,73.636,61.423,43.205,337,337,9.2867,16.174,33.248,43.814,56.751,80.539,92.016,71.903,51.169
338,338,12.409,26.607,33.12,39.302,57.084,64.539,83.194,66.261,49.483,338,338,14.98,20.971,27.358,37.773,54.406,62.287,79.584,65.534,45.927,338,338,4.1785,18.69,26.707,45.489,64.068,82.076,98.016,77.571,57.584
339,339,7.3046,21.603,23.502,40.658,60.832,63.808,79.9,64.856,48.145,339,339,11.959,22.692,28.925,39.464,55.997,61.711,74.946,63.247,43.257,339,339,4.3961,20.741,36.858,42.766,63.271,79.135,92.031,73.92,51.942
340,340,3.9346,18.873,26.342,43.532,52.62,59.988,75.21,63.997,48.681,340,340,11.122,24.667,29.419,37.038,51.616,59.947,72.432,62.627,42.676,340,340,10.257,22.995,35.128,43.541,59.532,78.271,89.593,73.158,51.049
341,341,9.0997,23.674,23.684,40.949,50.705,60.538,79.168,63.301,47.018,341,341,7.6664,25.716,31.328,36.542,52.178,61.858,76.225,62.037,42.62,341,341,10.905,12.213,35.035,44.36,59.71,80.063,91.853,75.231,54.125
342,342,10.419,26.569,27.761,39.978,54.972,51.019,69.484,60.089,46.275,342,342,5.0715,13.87,31.671,38.036,51.606,57.033,68.234,58.564,41.093,342,342,10.991,23.868,34.3,44.181,59.305,71.845,83.675,71.955,49.355
343,343,5.3739,17.924,26.522,36.765,56.032,49.966,60.846,52.27,43.051,343,343,6.2722,21.054,32.622,39.214,55.577,57.263,58.412,52.074,39.227,343,343,3.8631,10.57,32.012,41.656,59.471,66.934,74.895,61.87,42.825
344,344,14.027,17.235,28.409,37.42,46.374,44.404,63.885,50.834,44.558,344,344,6.8475,23.513,28.648,33.472,46.526,46.508,61.008,50.433,38.633,344,344,4.6893,22.407,30.111,36.752,52.214,60.607,77.751,61.552,43.542
345,345,7.9744,19.487,24.976,37.681,50.535,53.358,62.85,47.629,42.185,345,345,6.9121,18.478,27.988,32.165,48.73,57.7,61.363,47.006,38.079,345,345,0.28997,18.86,28.573,41.205,57.819,73.853,78.869,60.48,42.68
346,346,6.8888,22.906,29.289,34.948,45.174,40.298,48.443,37.942,44.639,346,346,5.0215,22.152,23.233,32.194,42.118,45.37,47.503,38.616,38.679,346,346,0.29314,13.211,26.276,38.177,50.886,59.583,64.924,45.172,41.327
347,347,4.857,21.995,29.84,40.918,45.298,38.049,42.489,37.115,43.211,347,347,9.8566,24.146,23.916,33.47,40.376,38.514,42.635,39.33,38.101,347,347,-0.041932,19.749,27.086,35.885,49.635,48.889,57.037,44.019,40.494
348,348,7.104,19.477,27.367,36.501,47.375,39.675,43.58,38.643,45.157,348,348,7.2379,21.291,28.014,33.452,41.039,40.595,44.155,41.606,38.342,348,348,-1.8537,19.891,28.823,37.126,47.58,51.614,58.564,45.916,41.568
349,349,9.3837,20.216,29.594,36.309,44.698,39.057,44.824,38.591,43.951,349,349,15.1,23,28.404,31.347,42.401,40.646,44.717,41.956,38.368,349,349,-2.8115,20.219,27.289,35.085,43.849,53.062,59.777,46.548,41.628
350,350,13.234,24.203,30.211,35.928,45.889,39.862,44.057,37.5,42.532,350,350,15.402,19.103,26.217,33.84,40.945,40.726,44.916,41.93,37.877,350,350,-2.2507,13.381,29.463,39.087,49.454,54.05,59.798,46.071,40.819
351,351,6.6284,24.808,22.862,37.953,46.79,40.45,47.588,38.742,43.443,351,351,11.531,21.087,24.353,30.143,44.372,41.687,46.708,41.007,38.238,351,351,7.0936,20.202,22.538,39.164,48.792,53.044,61.285,47.295,40.492
352,352,12.568,26.12,28.791,39.955,47.046,39.116,45.13,38.259,42.33,352,352,7.291,19.925,26.964,38.207,42.337,40.558,44.95,42.068,38.015,352,352,7.2545,17.887,26.622,36.244,48.222,52.094,59.504,45.677,40.647
353,353,11.643,20.146,28.611,39.41,39.423,38.011,47.34,40.355,44.296,353,353,11.157,15.04,27.196,36.256,40.869,39.828,46.695,42.189,38.472,353,353,2.7972,21.422,33.778,36.212,43.441,51.44,61.66,47.479,40.951
354,354,3.2086,27.128,30.127,38.774,45.116,37.958,47.276,39.805,42.216,354,354,10.664,26.537,25.187,30.624,40.241,38.867,46.457,42.003,37.998,354,354,-3.1528,16.429,34.919,37.852,47.23,51.495,61.48,48.035,41.004
355,355,11.029,23.75,27.688,38.919,46.778,39.232,45.093,41.174,44.438,355,355,16.54,26.705,28.216,33.6,42.5,41.271,45.492,43.001,38.466,355,355,-3.077,23.386,32.379,38.643,46.5,52.645,60.426,48.746,41.413
356,356,16.239,28.159,25.568,44.261,45.545,39.291,47.977,43.061,44.263,356,356,12.26,23.659,30.657,38.927,43.809,40.613,48.904,45.932,39.276,356,356,-1.7068,17.087,32.047,34.761,49.208,53.015,63.963,53.578,41.972
357,357,13.703,27.014,24.347,41.556,47.982,43.797,56.16,45.889,44.23,357,357,7.9567,14.305,27.939,31.266,45.511,45.729,56.559,47.765,38.858,357,357,-7.7223,21.327,29.131,38.883,50.056,60.668,72.049,57.689,41.672
358,358,9.8102,21.758,26.765,39.756,48.266,47.136,57.948,46.467,42.847,358,358,17.776,22.237,27.886,35.624,56.279,54.914,57.355,47.513,38.949,358,358,-0.75249,25.447,30.359,41.532,56.877,63.045,71.64,57.209,41.431
359,359,9.4502,16.838,29.216,38.663,50.065,51.224,61.009,48.576,44.745,359,359,10.04,27.208,32.484,37.803,57.701,56.416,58.994,48.903,38.552,359,359,6.7425,24.729,36.653,43.678,59.294,68.874,75.439,59.739,42.198
360,360,11.238,22.915,27.928,38.686,51.843,53.769,60.902,48.724,42.51,360,360,-2.524,18.891,30.55,37.083,60.277,61.415,59.224,50.415,39.356,360,360,2.7757,22.505,32.633,41.181,62.504,73.537,75.147,58.442,41.61
361,361,1.4303,24.622,29.696,36.419,50.479,54.562,64.367,50.187,44.658,361,361,10.193,20.814,29.738,35.915,60.152,59.397,61.965,50.725,39.642,361,361,6.975,22.775,32.578,43.422,59.526,70.681,78.572,60.402,42.179
362,362,1.3725,21.465,25.866,39.131,49.8,48.456,59.122,51.905,44.371,362,362,11.696,24.042,30.438,34.421,55.96,55.144,57.74,52.362,39.771,362,362,9.3022,22.85,27.71,44.524,58.658,66.792,73.429,60.587,42.798
363,363,3.2484,20.254,25.813,39.855,51.143,45.379,57.669,49.83,44.725,363,363,12.069,26.496,22.438,37.636,51.898,51.809,56.942,51.311,39.753,363,363,2.6979,23.494,29.336,44.58,57.217,62.775,72.494,60.313,42.823
364,364,15.383,26.365,29.716,42.523,49.861,43.714,61.003,50.23,43.292,364,364,15.656,19.741,30.755,33.316,52.58,54.236,60.201,52.2,39.245,364,364,-0.80521,20.685,32.703,38.388,57.098,63.041,75.312,61.153,43.117
365,365,13.128,19.476,26.189,39.513,48.592,46.184,64.933,53.325,45.239,365,365,5.8442,22.864,30.035,33.092,51.662,54.573,63.903,55.683,40.634,365,365,1.8909,20.494,30.353,37.653,56.167,68.168,79.091,65.155,44.635
366,366,12.506,22.583,31.028,40.742,51.802,48.628,65.977,55.947,44.335,366,366,6.469,23.395,25.566,37.104,57.224,56.66,64.354,57.564,41.931,366,366,-0.16183,21.762,33.957,43.052,62.455,70.027,80.861,66.798,46.124
367,367,9.3191,17.576,30.567,46.983,56.833,55.01,68.78,56.789,47.871,367,367,11.719,17.565,30.204,41.928,63.266,63.313,67.521,59.304,44.227,367,367,-1.537,21.389,38.462,48.047,65.896,76.907,83.339,68.825,48.427
368,368,15.074,19.679,30.235,45.753,57.112,57.925,71.643,59.651,48.08,368,368,17.186,16.812,31.417,40.3,69.681,69.044,70.216,60.341,45.585,368,368,-2.6079,17.131,36.839,46.28,67.618,75.352,86.635,70.857,50.547
369,369,15.37,19.969,34.872,48.766,62.431,60.035,74.132,61.793,49.107,369,369,19.679,19.156,28.658,45.78,69.851,69.568,72.7,63.231,46.542,369,369,-2.2892,19.393,33.802,51.961,69.171,79.983,89.797,73.405,52.313
370,370,13.005,26.377,31.062,52.052,61.725,61.954,75.258,63.262,50.221,370,370,19.346,23.187,31.185,50.63,66.886,67.214,73.817,65.159,47.356,370,370,-4.3404,22.171,32.025,53.115,69.896,81.018,90.865,74.934,53.703
371,371,20.135,22.254,37.451,54.221,62.352,63.241,78.817,63.979,50.3,371,371,24.591,21.542,30.697,48.734,65.142,67.808,75.067,64.514,46.443,371,371,-0.14364,20.712,36.439,58.437,70.58,82.858,92.011,75.384,54.01
372,372,15.649,21.13,39.266,54.133,59.712,60.757,77.657,62.928,47.787,372,372,19.833,21.241,30.766,46.775,66.53,68.003,75.366,63.033,45.44,372,372,-1.6743,21.21,33.168,56.037,67.891,81.381,91.562,74.523,53.403
373,373,12.64,23.123,38.259,53,57.425,62.115,79.967,65.222,49.456,373,373,20.578,25.418,33.593,49.199,62.648,63.959,76.972,63.845,45.195,373,373,5.368,20.941,36.447,54.008,66.753,81.589,94.215,77.243,55.892
374,374,19.661,19.309,33.665,43.005,58.216,61.172,76.436,64.355,49.072,374,374,20.34,21.201,26.923,42.567,59.941,61.031,74.346,63.38,44.267,374,374,2.4522,23.893,38.142,48.849,66.832,77.934,91.847,75.05,53.463
375,375,21.105,24.829,31.484,42.936,52.298,62.433,78.983,64.012,48.8,375,375,24.287,27.767,29.324,37.044,53.427,62.028,76.584,63.194,43.883,375,375,0.98226,26.71,33.773,47.164,61.097,80.675,92.202,76.083,54.846
376,376,18.896,25.609,34.14,40.136,53.528,56.45,76.472,62.34,47.206,376,376,23.325,23.052,25.916,38.307,54.156,58.78,73.729,61.306,43.261,376,376,7.4709,23.003,33.521,47.629,59.757,75.126,89.731,73.414,52.292
377,377,15.493,26.51,30.372,41.179,56.563,57.559,77.102,62.484,47.661,377,377,16.631,21.449,24.308,36.184,53.561,59.078,73.928,61.347,42.765,377,377,7.2787,22.223,32.517,44.968,59.583,75.985,89.373,73.671,52.232
378,378,13.371,26.348,31.743,37.196,51.487,51.53,64.298,57.489,47.741,378,378,21.75,22.129,32.439,34.603,52.699,57.017,62.504,55.346,41.175,378,378,3.4966,24.277,32.098,41.56,58.327,72.646,78.511,66.081,46.924
379,379,8.9673,15.671,26.785,39.661,54.107,50.111,58.831,52.447,46.115,379,379,19.623,26.951,26.983,36.919,55.885,57.676,56.832,50.852,40.124,379,379,3.8735,20.641,36.449,41.181,58.528,71.136,73.407,61.731,44.415
380,380,10.003,22.296,26.173,36.777,52.005,44.962,57.164,49.177,44.33,380,380,26.266,25.322,30.428,35.924,52.823,53.469,56.004,50.308,39.556,380,380,11.385,21.771,26.104,41.492,55.92,63.251,72.223,59.068,42.817
381,381,11.833,19.209,32.523,39.802,44.278,42.981,59.076,49.624,46.574,381,381,26.564,25.223,27.488,36.609,50.986,51.721,57.336,49.041,40.756,381,381,11.902,15.137,28.648,41.74,52.78,64.034,76.97,58.71,43.98
382,382,9.219,22.381,30.383,39.797,52.571,48.824,56.245,44.934,42.818,382,382,17.571,25.63,29.305,33.65,54.676,56.503,55.139,44.152,38.521,382,382,7.0463,20.482,32.672,42.221,60.53,70.606,72.519,54.842,41.207
383,383,16.184,23.847,25.065,38.583,46.995,39.444,50.852,40.012,44.605,383,383,18.788,16.891,26.683,34.765,51.128,49.973,50.353,40.312,38.498,383,383,1.8993,15.19,28.398,42.54,53.72,57.961,65.961,51.055,40.977
384,384,14.175,23.886,23.802,36.191,44.583,39.442,50.546,40.196,42.098,384,384,17.382,29.074,27.719,32.308,49.746,47.561,49.784,40.613,38.412,384,384,2.3714,18.787,29.768,43.173,54.736,54.346,65.327,51.079,41.06
385,385,23.028,26.93,29.104,37.474,45.775,40.113,49.369,40.412,43.975,385,385,25.767,18.952,25.165,34.804,49.197,48.202,48.443,39.734,38.944,385,385,7.2488,19.435,34.732,40.697,50.447,54.72,64.689,50.739,41.176
386,386,17.037,24.636,26.836,33.208,44.775,39.092,48.275,39.352,42.175,386,386,19.43,23.275,27.128,32.954,51.131,49.427,47.72,40.277,38.414,386,386,7.2463,21.825,31.073,39.837,50.715,53.333,63.398,48.839,41.004
387,387,12.653,20.054,25.828,34.64,44.205,37.108,46.326,38.061,43.87,387,387,13.031,21.628,26.912,33.384,47.122,44.669,45.416,39.996,38.592,387,387,-0.26793,14.858,30.279,39.897,48.804,51.888,61.241,46.802,40.801
388,388,21.872,26.619,31.433,36.822,41.616,37.082,44.961,37.99,42.084,388,388,24.466,26.246,23.923,34.26,44.389,41.157,44.098,37.627,37.889,388,388,8.62,11.344,27.836,40.624,46.622,50.957,59.611,46.096,40.777
389,389,20.989,24.723,27.273,36.996,43.984,39.725,47.499,38.001,44.234,389,389,25.52,30.798,26.097,36.289,41.912,45.896,45.927,39.075,38.377,389,389,7.7446,12.872,29.584,38.741,48.75,62.454,63.401,46.433,41.135
390,390,21.682,22.017,27.762,38.113,51.832,45.584,52.204,42.061,43.102,390,390,24.404,26.099,28.549,34.157,48.762,50.155,51.515,40.717,38.245,390,390,8.024,18.626,29.256,39.948,55.704,64.44,70.445,49.743,40.946
391,391,15.911,24.55,20.865,35.102,51.438,47.693,59.093,45.081,44.332,391,391,18.206,20.956,29.262,35.417,55.109,57.914,58.31,43.402,38.283,391,391,0.042372,19.364,29.768,39.146,58.813,70.712,76.914,55.401,41.821
392,392,19.914,25.726,29.892,38.488,43.873,40.748,57.801,47.333,45.673,392,392,19.418,24.881,25.399,35.373,46.538,49.709,54.655,45.614,39.442,392,392,3.1161,20.372,33.091,39.842,52.678,64.363,72.186,57.502,42.096
393,393,14.989,18.672,28.687,37.829,48.386,41.532,50.799,47.386,46.073,393,393,15.213,24.618,28.049,39.721,45.077,46.363,48.663,46.224,39.593,393,393,6.591,21.987,31.042,42.558,54.1,61.037,65.276,53.88,41.649
394,394,19.705,25.047,29.495,38.607,50.541,43.178,53.666,51.601,44.848,394,394,22.597,23.432,27.069,35.38,48.93,50.593,52.135,48.65,39.734,394,394,7.8589,21.634,29.162,40.399,54.941,61.105,68.797,57.693,41.621
395,395,15.348,16.995,30.416,39.788,47.834,45.842,58.329,48.712,44.471,395,395,17.048,22.915,29.887,38.917,51.488,52.327,56.79,47.143,39.583,395,395,4.1633,21.274,32.369,42.204,58.414,65.941,72.896,59.35,42.71
396,396,19.646,21.382,34.485,48.665,54.437,50.126,59.214,47.174,44.917,396,396,15.933,13.636,28.913,37.902,62.31,61.146,57.673,47.079,39.788,396,396,12.627,28.86,39.115,44.665,65.793,70.598,73.351,57.644,42.085
397,397,17.736,23.337,35.615,52.763,59.109,53.423,60.774,52.281,49.996,397,397,19.634,17.796,32.519,40.151,55.723,57.616,60.78,49.986,44.181,397,397,9.7239,25.571,40.346,48.253,62.436,70.494,76.84,58.54,45.633
398,398,13.817,28.402,34.336,55.679,55.631,55.14,62.995,49.164,46.014,398,398,14.721,27.153,33.257,43.43,66.146,65.45,61.472,49.328,41.299,398,398,14.401,33.46,39.268,49.369,68.577,74.397,78.704,60.548,44.68
399,399,17.223,40.212,54.868,73.268,69.89,62.212,70.167,63.605,57.215,399,399,6.4756,33.906,56.955,72.46,72.492,72.565,68.582,62.332,53.288,399,399,16.146,24.787,43.138,61.06,69.815,76.527,81.714,66.748,59.986
400,400,29.428,52.058,54.229,62.252,55.938,58.564,55.875,59.345,62.679,400,400,19.979,36.238,56.317,60.363,65.867,58.529,56.977,62.833,66.021,400,400,16.02,36.658,40.84,50.171,50.061,58.467,58.602,47.862,48.756
401,401,33.045,34.868,33.024,6.1651,-67.509,-156.03,-376.59,-612.67,-1395.5,401,401,23.708,23.351,17.103,1.9491,-42.881,-153.35,-374.57,-610.2,-1392.1,401,401,24.191,21.268,19.344,-7.7544,-62.218,-164.92,-378.95,-624.22,-1410.7
402,402,20.749,25.55,11.204,-47.609,-175.09,-370.74,-808.94,-1286.8,-2852.2,402,402,12.523,12.748,-4.4526,-51.136,-150.46,-368.35,-806.86,-1284.3,-2848.7,402,402,15.373,11.096,-2.6534,-60.693,-169.64,-379.7,-812.69,-1298.3,-2867.1
403,403,17.781,15.093,-10.476,-101.84,-282.67,-585.45,-1242.7,-1960.9,-Inf,403,403,7.3635,2.42,-26.389,-105.98,-258.04,-583.34,-1240.6,-1958.5,-Inf,403,403,12.424,0.94754,-24.369,-115.67,-277.1,-594.45,-1244.8,-1972.4,-Inf
404,404,9.3575,4.6871,-32.237,-154.85,-390.23,-800.16,-1676.8,-2635.1,-Inf,404,404,1.7314,-8.1124,-48.149,-158.5,-365.61,-798.32,-1674.7,-2632.6,-Inf,404,404,4.08,-9.0463,-46.1,-168.11,-384.59,-809.19,-1677.6,-2646.5,-Inf
405,405,4.7299,-5.6855,-53.945,-209.78,-497.78,-1014.9,-2109.1,-Inf,-Inf,405,405,-4.561,-18.673,-69.774,-213.74,-473.15,-1013.3,-2107.1,-Inf,-Inf,405,405,1.272,-18.797,-67.712,-223.36,-492.11,-1023.9,-2111.7,-Inf,-Inf
406,406,1.0084,-16.255,-75.504,-262.25,-605.29,-1229.6,-2541.6,-Inf,-Inf,406,406,-9.1089,-29.037,-91.219,-266.07,-580.67,-1228.2,-2539.5,-Inf,-Inf,406,406,-5.5156,-28.863,-89.141,-275.73,-599.66,-1238.6,-2545.3,-Inf,-Inf
407,407,-6.4106,-26.704,-96.875,-317.5,-712.76,-1444.4,-2975.5,-Inf,-Inf,407,407,-13.482,-39.017,-112.49,-321.21,-688.14,-1443.1,-2973.4,-Inf,-Inf,407,407,-9.3517,-39.263,-110.4,-330.77,-707.23,-1453.3,-2977.3,-Inf,-Inf
408,408,-9.1837,-36.771,-118.09,-369.85,-820.18,-1659.2,-Inf,-Inf,-Inf,408,408,-20.291,-48.723,-133.65,-373.84,-795.57,-1658,-Inf,-Inf,-Inf,408,408,-15.115,-49.833,-131.56,-383.55,-814.8,-1668,-Inf,-Inf,-Inf
409,409,-16.233,-46.517,-139.25,-424.93,-927.55,-1874,-Inf,-Inf,-Inf,409,409,-23.196,-58.442,-154.82,-428.46,-902.95,-1872.8,-Inf,-Inf,-Inf,409,409,-20.142,-60.322,-152.72,-437.99,-922.38,-1882.8,-Inf,-Inf,-Inf
410,410,-19.655,-56.209,-160.43,-477.65,-1034.9,-2088.8,-Inf,-Inf,-Inf,410,410,-30.377,-68.392,-176.05,-481.78,-1010.3,-2087.6,-Inf,-Inf,-Inf,410,410,-24.5,-70.473,-173.97,-491.51,-1030,-2097.5,-Inf,-Inf,-Inf
411,411,-25.78,-66.092,-181.71,-532.15,-1142.2,-2303.6,-Inf,-Inf,-Inf,411,411,-33.621,-78.653,-197.42,-535.63,-1117.6,-2302.4,-Inf,-Inf,-Inf,411,411,-31.058,-80.265,-195.35,-545.16,-1137.5,-2312.2,-Inf,-Inf,-Inf
412,412,-30.423,-76.28,-203.14,-585.6,-1249.4,-2518.5,-Inf,-Inf,-Inf,412,412,-39.801,-89.166,-218.94,-589.79,-1224.8,-2517.2,-Inf,-Inf,-Inf,412,412,-34.225,-89.944,-216.88,-599.52,-1245,-2527,-Inf,-Inf,-Inf
413,413,-35.121,-86.746,-224.71,-639.32,-1356.6,-2733.4,-Inf,-Inf,-Inf,413,413,-44.434,-99.73,-240.59,-642.86,-1332.1,-2731.9,-Inf,-Inf,-Inf,413,413,-41.383,-99.776,-238.54,-652.42,-1352.5,-2741.8,-Inf,-Inf,-Inf
414,414,-41.371,-97.323,-246.4,-693.62,-1463.9,-2948.3,-Inf,-Inf,-Inf,414,414,-49.132,-110.06,-262.33,-697.74,-1439.3,-2946.6,-Inf,-Inf,-Inf,414,414,-44.494,-109.9,-260.29,-707.43,-1459.9,-2956.6,-Inf,-Inf,-Inf
415,415,-44.745,-107.73,-268.17,-746.57,-1571.1,-Inf,-Inf,-Inf,-Inf,415,415,-55.375,-120,-284.09,-750.24,-1546.5,-Inf,-Inf,-Inf,-Inf,415,415,-50.935,-120.32,-282.05,-759.85,-1567.3,-Inf,-Inf,-Inf,-Inf
416,416,-51.882,-117.76,-289.91,-801.54,-1678.4,-Inf,-Inf,-Inf,-Inf,416,416,-58.762,-129.69,-305.77,-805.48,-1653.8,-Inf,-Inf,-Inf,-Inf,416,416,-55.237,-130.9,-303.71,-815.1,-1674.7,-Inf,-Inf,-Inf,-Inf
417,417,-54.883,-127.48,-311.53,-853.98,-1785.6,-Inf,-Inf,-Inf,-Inf,417,417,-65.892,-139.42,-327.28,-857.82,-1761,-Inf,-Inf,-Inf,-Inf,417,417,-60.23,-141.36,-325.21,-867.48,-1782,-Inf,-Inf,-Inf,-Inf
418,418,-61.594,-137.19,-332.97,-909.24,-1892.9,-Inf,-Inf,-Inf,-Inf,418,418,-68.893,-149.41,-348.61,-912.94,-1868.3,-Inf,-Inf,-Inf,-Inf,418,418,-66.196,-151.47,-346.53,-922.49,-1889.2,-Inf,-Inf,-Inf,-Inf
419,419,-65.524,-147.1,-354.23,-961.6,-2000.2,-Inf,-Inf,-Inf,-Inf,419,419,-75.618,-159.7,-369.81,-965.61,-1975.6,-Inf,-Inf,-Inf,-Inf,419,419,-69.779,-161.23,-367.71,-975.31,-1996.5,-Inf,-Inf,-Inf,-Inf
420,420,-70.896,-157.32,-375.4,-1016.7,-2107.6,-Inf,-Inf,-Inf,-Inf,420,420,-79.526,-170.23,-390.96,-1020.2,-2083,-Inf,-Inf,-Inf,-Inf,420,420,-76.838,-170.92,-388.87,-1029.7,-2103.7,-Inf,-Inf,-Inf,-Inf
421,421,-76.469,-167.81,-396.56,-1069.4,-2215,-Inf,-Inf,-Inf,-Inf,421,421,-84.92,-180.78,-412.16,-1073.6,-2190.3,-Inf,-Inf,-Inf,-Inf,421,421,-79.812,-180.78,-410.08,-1083.3,-2210.9,-Inf,-Inf,-Inf,-Inf
422,422,-80.351,-178.38,-417.8,-1123.9,-2322.4,-Inf,-Inf,-Inf,-Inf,422,422,-90.47,-191.07,-433.48,-1127.3,-2297.8,-Inf,-Inf,-Inf,-Inf,422,422,-86.704,-190.94,-431.4,-1136.9,-2318.2,-Inf,-Inf,-Inf,-Inf
423,423,-87.247,-188.75,-439.17,-1177.4,-2429.8,-Inf,-Inf,-Inf,-Inf,423,423,-94.371,-200.97,-454.94,-1181.6,-2405.2,-Inf,-Inf,-Inf,-Inf,423,423,-90.358,-201.38,-452.88,-1191.3,-2425.4,-Inf,-Inf,-Inf,-Inf
424,424,-90.257,-198.74,-460.69,-1231,-2537.3,-Inf,-Inf,-Inf,-Inf,424,424,-101.25,-210.66,-476.54,-1234.6,-2512.7,-Inf,-Inf,-Inf,-Inf,424,424,-96.039,-211.96,-474.49,-1244.1,-2532.7,-Inf,-Inf,-Inf,-Inf
425,425,-97.31,-208.45,-482.35,-1285.4,-2644.8,-Inf,-Inf,-Inf,-Inf,425,425,-104.27,-220.41,-498.26,-1289.5,-2620.2,-Inf,-Inf,-Inf,-Inf,425,425,-101.27,-222.39,-496.22,-1299.2,-2640,-Inf,-Inf,-Inf,-Inf
426,426,-100.68,-218.17,-504.09,-1338.3,-2752.4,-Inf,-Inf,-Inf,-Inf,426,426,-111.33,-230.43,-520.02,-1342,-2727.8,-Inf,-Inf,-Inf,-Inf,426,426,-105.43,-232.46,-517.98,-1351.6,-2747.4,-Inf,-Inf,-Inf,-Inf
427,427,-106.72,-228.11,-525.85,-1393.3,-2859.9,-Inf,-Inf,-Inf,-Inf,427,427,-114.69,-240.75,-541.74,-1397.2,-2835.3,-Inf,-Inf,-Inf,-Inf,427,427,-112.13,-242.2,-539.69,-1406.8,-2854.7,-Inf,-Inf,-Inf,-Inf
428,428,-111.53,-238.36,-547.53,-1445.7,-2967.5,-Inf,-Inf,-Inf,-Inf,428,428,-120.74,-251.3,-563.33,-1449.6,-2942.9,-Inf,-Inf,-Inf,-Inf,428,428,-115.23,-251.89,-561.26,-1459.2,-2962.1,-Inf,-Inf,-Inf,-Inf
429,429,-116.05,-248.87,-569.04,-1501,-3073,-Inf,-Inf,-Inf,-Inf,429,429,-125.53,-261.83,-584.72,-1504.7,-3050.5,-Inf,-Inf,-Inf,-Inf,429,429,-122.36,-261.78,-582.64,-1514.2,-3070,-Inf,-Inf,-Inf,-Inf
430,430,-122.46,-259.44,-590.36,-1553.4,-Inf,-Inf,-Inf,-Inf,-Inf,430,430,-130.07,-272.08,-605.95,-1557.4,-Inf,-Inf,-Inf,-Inf,-Inf,430,430,-125.56,-271.97,-603.86,-1567.1,-Inf,-Inf,-Inf,-Inf,-Inf
431,431,-125.74,-269.77,-611.55,-1608.4,-Inf,-Inf,-Inf,-Inf,-Inf,431,431,-136.47,-281.95,-627.11,-1611.9,-Inf,-Inf,-Inf,-Inf,-Inf,431,431,-131.86,-282.44,-625.01,-1621.4,-Inf,-Inf,-Inf,-Inf,-Inf
432,432,-132.89,-279.72,-632.7,-1661.2,-Inf,-Inf,-Inf,-Inf,-Inf,432,432,-139.75,-291.62,-648.28,-1665.3,-Inf,-Inf,-Inf,-Inf,-Inf,432,432,-136.34,-293.02,-646.19,-1675.1,-Inf,-Inf,-Inf,-Inf,-Inf
433,433,-135.93,-289.42,-653.91,-1715.6,-Inf,-Inf,-Inf,-Inf,-Inf,433,433,-146.9,-301.4,-669.55,-1719.1,-Inf,-Inf,-Inf,-Inf,-Inf,433,433,-141.17,-303.42,-667.47,-1728.6,-Inf,-Inf,-Inf,-Inf,-Inf
434,434,-142.53,-299.15,-675.23,-1769.2,-Inf,-Inf,-Inf,-Inf,-Inf,434,434,-149.94,-311.45,-690.96,-1773.3,-Inf,-Inf,-Inf,-Inf,-Inf,434,434,-147.29,-313.44,-688.89,-1783.1,-Inf,-Inf,-Inf,-Inf,-Inf
435,435,-146.62,-309.12,-696.69,-1822.7,-Inf,-Inf,-Inf,-Inf,-Inf,435,435,-156.55,-321.8,-712.51,-1826.3,-Inf,-Inf,-Inf,-Inf,-Inf,435,435,-150.76,-323.17,-710.46,-1835.9,-Inf,-Inf,-Inf,-Inf,-Inf
436,436,-151.82,-319.41,-718.3,-1877.2,-Inf,-Inf,-Inf,-Inf,-Inf,436,436,-160.62,-332.36,-734.19,-1881.3,-Inf,-Inf,-Inf,-Inf,-Inf,436,436,-157.87,-332.87,-732.15,-1891,-Inf,-Inf,-Inf,-Inf,-Inf
437,437,-157.57,-329.94,-740.02,-1930,-Inf,-Inf,-Inf,-Inf,-Inf,437,437,-165.85,-342.88,-755.95,-1933.7,-Inf,-Inf,-Inf,-Inf,-Inf,437,437,-160.85,-342.79,-753.91,-1943.3,-Inf,-Inf,-Inf,-Inf,-Inf
438,438,-161.32,-340.49,-761.78,-1985.1,-Inf,-Inf,-Inf,-Inf,-Inf,438,438,-171.57,-353.09,-777.7,-1989,-Inf,-Inf,-Inf,-Inf,-Inf,438,438,-167.65,-353.01,-775.65,-1998.6,-Inf,-Inf,-Inf,-Inf,-Inf
439,439,-168.3,-350.79,-783.5,-2037.5,-Inf,-Inf,-Inf,-Inf,-Inf,439,439,-175.34,-362.92,-799.34,-2041.3,-Inf,-Inf,-Inf,-Inf,-Inf,439,439,-171.44,-363.51,-797.28,-2051,-Inf,-Inf,-Inf,-Inf,-Inf
440,440,-171.28,-360.7,-805.08,-2092.7,-Inf,-Inf,-Inf,-Inf,-Inf,440,440,-182.3,-372.59,-820.8,-2096.4,-Inf,-Inf,-Inf,-Inf,-Inf,440,440,-176.96,-374.08,-818.73,-2105.9,-Inf,-Inf,-Inf,-Inf,-Inf
441,441,-178.27,-370.38,-826.47,-2145.1,-Inf,-Inf,-Inf,-Inf,-Inf,441,441,-185.29,-382.39,-842.09,-2149.1,-Inf,-Inf,-Inf,-Inf,-Inf,441,441,-182.38,-384.45,-840,-2158.9,-Inf,-Inf,-Inf,-Inf,-Inf
442,442,-181.76,-380.13,-847.7,-2200.1,-Inf,-Inf,-Inf,-Inf,-Inf,442,442,-192.29,-392.47,-863.26,-2203.6,-Inf,-Inf,-Inf,-Inf,-Inf,442,442,-186.39,-394.43,-861.17,-2213.1,-Inf,-Inf,-Inf,-Inf,-Inf
443,443,-187.64,-390.14,-868.85,-2252.9,-Inf,-Inf,-Inf,-Inf,-Inf,443,443,-195.76,-402.86,-884.42,-2257.1,-Inf,-Inf,-Inf,-Inf,-Inf,443,443,-193.2,-404.13,-882.33,-2266.8,-Inf,-Inf,-Inf,-Inf,-Inf
444,444,-192.64,-400.46,-890.03,-2307.3,-Inf,-Inf,-Inf,-Inf,-Inf,444,444,-201.67,-413.43,-905.65,-2310.8,-Inf,-Inf,-Inf,-Inf,-Inf,444,444,-196.24,-413.85,-903.56,-2320.3,-Inf,-Inf,-Inf,-Inf,-Inf
445,445,-197,-411,-911.3,-2360.9,-Inf,-Inf,-Inf,-Inf,-Inf,445,445,-206.64,-423.92,-927,-2365.1,-Inf,-Inf,-Inf,-Inf,-Inf,445,445,-203.34,-423.8,-924.93,-2374.8,-Inf,-Inf,-Inf,-Inf,-Inf
446,446,-203.54,-421.54,-932.71,-2414.5,-Inf,-Inf,-Inf,-Inf,-Inf,446,446,-211.02,-434.09,-948.5,-2418,-Inf,-Inf,-Inf,-Inf,-Inf,446,446,-206.62,-434.06,-946.44,-2427.6,-Inf,-Inf,-Inf,-Inf,-Inf
447,447,-206.73,-431.8,-954.27,-2468.9,-Inf,-Inf,-Inf,-Inf,-Inf,447,447,-217.55,-443.89,-970.14,-2473,-Inf,-Inf,-Inf,-Inf,-Inf,447,447,-212.79,-444.57,-968.09,-2482.7,-Inf,-Inf,-Inf,-Inf,-Inf
448,448,-213.88,-441.67,-975.95,-2521.7,-Inf,-Inf,-Inf,-Inf,-Inf,448,448,-220.75,-453.56,-991.88,-2525.4,-Inf,-Inf,-Inf,-Inf,-Inf,448,448,-217.44,-455.13,-989.83,-2535.1,-Inf,-Inf,-Inf,-Inf,-Inf
449,449,-216.98,-451.35,-997.71,-2576.8,-Inf,-Inf,-Inf,-Inf,-Inf,449,449,-227.9,-463.39,-1013.6,-2580.7,-Inf,-Inf,-Inf,-Inf,-Inf,449,449,-222.1,-465.46,-1011.6,-2590.3,-Inf,-Inf,-Inf,-Inf,-Inf
450,450,-223.46,-461.12,-1019.5,-2629.2,-Inf,-Inf,-Inf,-Inf,-Inf,450,450,-230.99,-473.5,-1035.3,-2633.1,-Inf,-Inf,-Inf,-Inf,-Inf,450,450,-228.39,-475.4,-1033.3,-2642.8,-Inf,-Inf,-Inf,-Inf,-Inf
451,451,-227.71,-471.16,-1041.1,-2684.5,-Inf,-Inf,-Inf,-Inf,-Inf,451,451,-237.48,-483.92,-1056.9,-2688.1,-Inf,-Inf,-Inf,-Inf,-Inf,451,451,-231.74,-485.1,-1054.8,-2697.6,-Inf,-Inf,-Inf,-Inf,-Inf
452,452,-232.75,-481.51,-1062.6,-2736.9,-Inf,-Inf,-Inf,-Inf,-Inf,452,452,-241.72,-494.49,-1078.2,-2740.9,-Inf,-Inf,-Inf,-Inf,-Inf,452,452,-238.88,-494.83,-1076.1,-2750.6,-Inf,-Inf,-Inf,-Inf,-Inf
453,453,-238.67,-492.07,-1083.8,-2791.8,-Inf,-Inf,-Inf,-Inf,-Inf,453,453,-246.78,-504.96,-1099.4,-2795.3,-Inf,-Inf,-Inf,-Inf,-Inf,453,453,-241.89,-504.81,-1097.3,-2804.8,-Inf,-Inf,-Inf,-Inf,-Inf
454,454,-242.29,-502.59,-1105,-2844.7,-Inf,-Inf,-Inf,-Inf,-Inf,454,454,-252.68,-515.08,-1120.6,-2848.9,-Inf,-Inf,-Inf,-Inf,-Inf,454,454,-248.59,-515.11,-1118.5,-2858.6,-Inf,-Inf,-Inf,-Inf,-Inf
455,455,-249.33,-512.81,-1126.2,-2899,-Inf,-Inf,-Inf,-Inf,-Inf,455,455,-256.31,-524.85,-1141.8,-2902.5,-Inf,-Inf,-Inf,-Inf,-Inf,455,455,-252.53,-525.64,-1139.7,-2912,-Inf,-Inf,-Inf,-Inf,-Inf
456,456,-252.31,-522.64,-1147.4,-2952.7,-Inf,-Inf,-Inf,-Inf,-Inf,456,456,-263.34,-534.54,-1163.1,-2956.9,-Inf,-Inf,-Inf,-Inf,-Inf,456,456,-257.89,-536.19,-1161,-2966.6,-Inf,-Inf,-Inf,-Inf,-Inf
457,457,-259.22,-532.32,-1168.7,-3006.2,-Inf,-Inf,-Inf,-Inf,-Inf,457,457,-266.32,-544.39,-1184.5,-3009.7,-Inf,-Inf,-Inf,-Inf,-Inf,457,457,-263.48,-546.48,-1182.4,-3019.3,-Inf,-Inf,-Inf,-Inf,-Inf
458,458,-262.84,-542.11,-1190.3,-3060.7,-Inf,-Inf,-Inf,-Inf,-Inf,458,458,-273.24,-554.54,-1206.1,-3064.7,-Inf,-Inf,-Inf,-Inf,-Inf,458,458,-267.35,-556.38,-1204,-3074.3,-Inf,-Inf,-Inf,-Inf,-Inf
459,459,-268.57,-552.19,-1211.9,-Inf,-Inf,-Inf,-Inf,-Inf,-Inf,459,459,-276.84,-564.98,-1227.8,-Inf,-Inf,-Inf,-Inf,-Inf,-Inf,459,459,-274.25,-566.07,-1225.8,-Inf,-Inf,-Inf,-Inf,-Inf,-Inf
460,460,-273.75,-562.57,-1233.6,-Inf,-Inf,-Inf,-Inf,-Inf,-Inf,460,460,-282.59,-575.55,-1249.6,-Inf,-Inf,-Inf,-Inf,-Inf,-Inf,460,460,-277.26,-575.82,-1247.5,-Inf,-Inf,-Inf,-Inf,-Inf,-Inf
461,461,-277.95,-573.13,-1255.4,-Inf,-Inf,-Inf,-Inf,-Inf,-Inf,461,461,-287.75,-586,-1271.3,-Inf,-Inf,-Inf,-Inf,-Inf,-Inf,461,461,-284.31,-585.83,-1269.2,-Inf,-Inf,-Inf,-Inf,-Inf,-Inf
462,462,-284.62,-583.63,-1277.1,-Inf,-Inf,-Inf,-Inf,-Inf,-Inf,462,462,-291.97,-596.07,-1292.9,-Inf,-Inf,-Inf,-Inf,-Inf,-Inf,462,462,-287.69,-596.16,-1290.8,-Inf,-Inf,-Inf,-Inf,-Inf,-Inf
463,463,-287.74,-593.81,-1298.6,-Inf,-Inf,-Inf,-Inf,-Inf,-Inf,463,463,-298.62,-605.82,-1314.3,-Inf,-Inf,-Inf,-Inf,-Inf,-Inf,463,463,-293.71,-606.7,-1312.2,-Inf,-Inf,-Inf,-Inf,-Inf,-Inf
464,464,-294.87,-603.61,-1320,-Inf,-Inf,-Inf,-Inf,-Inf,-Inf,464,464,-301.75,-615.51,-1335.6,-Inf,-Inf,-Inf,-Inf,-Inf,-Inf,464,464,-298.55,-617.24,-1333.5,-Inf,-Inf,-Inf,-Inf,-Inf,-Inf
465,465,-298.04,-613.29,-1341.2,-Inf,-Inf,-Inf,-Inf,-Inf,-Inf,465,465,-308.89,-625.39,-1356.7,-Inf,-Inf,-Inf,-Inf,-Inf,-Inf,465,465,-303.05,-627.49,-1354.6,-Inf,-Inf,-Inf,-Inf,-Inf,-Inf
466,466,-304.39,-623.11,-1362.3,-Inf,-Inf,-Inf,-Inf,-Inf,-Inf,466,466,-312.05,-635.57,-1377.9,-Inf,-Inf,-Inf,-Inf,-Inf,-Inf,466,466,-309.47,-637.35,-1375.8,-Inf,-Inf,-Inf,-Inf,-Inf,-Inf
467,467,-308.81,-633.22,-1383.5,-Inf,-Inf,-Inf,-Inf,-Inf,-Inf,467,467,-318.41,-646.04,-1399.1,-Inf,-Inf,-Inf,-Inf,-Inf,-Inf,467,467,-312.74,-647.03,-1397.1,-Inf,-Inf,-Inf,-Inf,-Inf,-Inf
468,468,-313.69,-643.63,-1404.8,-Inf,-Inf,-Inf,-Inf,-Inf,-Inf,468,468,-322.82,-656.61,-1420.5,-Inf,-Inf,-Inf,-Inf,-Inf,-Inf,468,468,-319.89,-656.81,-1418.5,-Inf,-Inf,-Inf,-Inf,-Inf,-Inf
469,469,-319.77,-654.2,-1426.3,-Inf,-Inf,-Inf,-Inf,-Inf,-Inf,469,469,-327.71,-667.03,-1442.1,-Inf,-Inf,-Inf,-Inf,-Inf,-Inf,469,469,-322.94,-666.86,-1440,-Inf,-Inf,-Inf,-Inf,-Inf,-Inf
470,470,-323.27,-664.67,-1447.9,-Inf,-Inf,-Inf,-Inf,-Inf,-Inf,470,470,-333.77,-677.06,-1463.7,-Inf,-Inf,-Inf,-Inf,-Inf,-Inf,470,470,-329.52,-677.21,-1461.7,-Inf,-Inf,-Inf,-Inf,-Inf,-Inf
471,471,-330.36,-674.8,-1469.6,-Inf,-Inf,-Inf,-Inf,-Inf,-Inf,471,471,-337.29,-686.79,-1485.5,-Inf,-Inf,-Inf,-Inf,-Inf,-Inf,471,471,-333.63,-687.77,-1483.5,-Inf,-Inf,-Inf,-Inf,-Inf,-Inf
472,472,-333.34,-684.58,-1491.3,-Inf,-Inf,-Inf,-Inf,-Inf,-Inf,472,472,-344.38,-696.49,-1507.2,-Inf,-Inf,-Inf,-Inf,-Inf,-Inf,472,472,-338.82,-698.29,-1505.2,-Inf,-Inf,-Inf,-Inf,-Inf,-Inf
473,473,-340.17,-694.26,-1513.1,-Inf,-Inf,-Inf,-Inf,-Inf,-Inf,473,473,-347.35,-706.4,-1528.9,-Inf,-Inf,-Inf,-Inf,-Inf,-Inf,473,473,-344.59,-708.49,-1526.8,-Inf,-Inf,-Inf,-Inf,-Inf,-Inf
474,474,-343.92,-704.11,-1534.6,-Inf,-Inf,-Inf,-Inf,-Inf,-Inf,474,474,-354.19,-716.61,-1550.4,-Inf,-Inf,-Inf,-Inf,-Inf,-Inf,474,474,-348.32,-718.33,-1548.3,-Inf,-Inf,-Inf,-Inf,-Inf,-Inf
475,475,-349.49,-714.25,-1556.1,-Inf,-Inf,-Inf,-Inf,-Inf,-Inf,475,475,-357.93,-727.1,-1571.7,-Inf,-Inf,-Inf,-Inf,-Inf,-Inf,475,475,-355.3,-728,-1569.6,-Inf,-Inf,-Inf,-Inf,-Inf,-Inf
476,476,-354.85,-724.68,-1577.3,-Inf,-Inf,-Inf,-Inf,-Inf,-Inf,476,476,-363.51,-737.67,-1592.9,-Inf,-Inf,-Inf,-Inf,-Inf,-Inf,476,476,-358.28,-737.8,-1590.8,-Inf,-Inf,-Inf,-Inf,-Inf,-Inf
477,477,-358.9,-735.26,-1598.5,-Inf,-Inf,-Inf,-Inf,-Inf,-Inf,477,477,-368.85,-748.05,-1614,-Inf,-Inf,-Inf,-Inf,-Inf,-Inf,477,477,-365.27,-747.88,-1611.9,-Inf,-Inf,-Inf,-Inf,-Inf,-Inf
478,478,-365.69,-745.71,-1619.6,-Inf,-Inf,-Inf,-Inf,-Inf,-Inf,478,478,-372.92,-758.04,-1635.2,-Inf,-Inf,-Inf,-Inf,-Inf,-Inf,478,478,-368.77,-758.26,-1633.2,-Inf,-Inf,-Inf,-Inf,-Inf,-Inf
479,479,-368.74,-755.79,-1640.9,-Inf,-Inf,-Inf,-Inf,-Inf,-Inf,479,479,-379.69,-767.75,-1656.6,-Inf,-Inf,-Inf,-Inf,-Inf,-Inf,479,479,-374.63,-768.83,-1654.5,-Inf,-Inf,-Inf,-Inf,-Inf,-Inf
480,480,-375.85,-765.55,-1662.3,-Inf,-Inf,-Inf,-Inf,-Inf,-Inf,480,480,-382.76,-777.47,-1678.1,-Inf,-Inf,-Inf,-Inf,-Inf,-Inf,480,480,-379.65,-779.33,-1676,-Inf,-Inf,-Inf,-Inf,-Inf,-Inf
481,481,-379.11,-775.24,-1683.8,-Inf,-Inf,-Inf,-Inf,-Inf,-Inf,481,481,-389.87,-787.41,-1699.7,-Inf,-Inf,-Inf,-Inf,-Inf,-Inf,481,481,-383.99,-789.49,-1697.6,-Inf,-Inf,-Inf,-Inf,-Inf,-Inf
482,482,-385.31,-785.11,-1705.5,-Inf,-Inf,-Inf,-Inf,-Inf,-Inf,482,482,-393.11,-797.66,-1721.4,-Inf,-Inf,-Inf,-Inf,-Inf,-Inf,482,482,-390.55,-799.3,-1719.4,-Inf,-Inf,-Inf,-Inf,-Inf,-Inf
483,483,-389.92,-795.29,-1727.3,-Inf,-Inf,-Inf,-Inf,-Inf,-Inf,483,483,-399.34,-808.16,-1743.2,-Inf,-Inf,-Inf,-Inf,-Inf,-Inf,483,483,-393.73,-808.97,-1741.1,-Inf,-Inf,-Inf,-Inf,-Inf,-Inf
484,484,-394.63,-805.75,-1749,-Inf,-Inf,-Inf,-Inf,-Inf,-Inf,484,484,-403.92,-818.73,-1764.9,-Inf,-Inf,-Inf,-Inf,-Inf,-Inf,484,484,-400.88,-818.8,-1762.8,-Inf,-Inf,-Inf,-Inf,-Inf,-Inf
485,485,-400.87,-816.32,-1770.7,-Inf,-Inf,-Inf,-Inf,-Inf,-Inf,485,485,-408.65,-829.07,-1786.4,-Inf,-Inf,-Inf,-Inf,-Inf,-Inf,485,485,-403.99,-828.91,-1784.4,-Inf,-Inf,-Inf,-Inf,-Inf,-Inf
486,486,-404.25,-826.74,-1792.1,-Inf,-Inf,-Inf,-Inf,-Inf,-Inf,486,486,-414.87,-839.02,-1807.8,-Inf,-Inf,-Inf,-Inf,-Inf,-Inf,486,486,-410.45,-839.32,-1805.7,-Inf,-Inf,-Inf,-Inf,-Inf,-Inf
487,487,-411.38,-836.78,-1813.4,-Inf,-Inf,-Inf,-Inf,-Inf,-Inf,487,487,-418.27,-848.72,-1829,-Inf,-Inf,-Inf,-Inf,-Inf,-Inf,487,487,-414.73,-849.9,-1826.9,-Inf,-Inf,-Inf,-Inf,-Inf,-Inf
488,488,-414.38,-846.51,-1834.6,-Inf,-Inf,-Inf,-Inf,-Inf,-Inf,488,488,-425.4,-858.45,-1850.2,-Inf,-Inf,-Inf,-Inf,-Inf,-Inf,488,488,-419.75,-860.37,-1848.1,-Inf,-Inf,-Inf,-Inf,-Inf,-Inf
489,489,-421.11,-856.21,-1855.8,-Inf,-Inf,-Inf,-Inf,-Inf,-Inf,489,489,-428.39,-868.42,-1871.4,-Inf,-Inf,-Inf,-Inf,-Inf,-Inf,489,489,-425.69,-870.49,-1869.3,-Inf,-Inf,-Inf,-Inf,-Inf,-Inf
490,490,-425.01,-866.12,-1877,-Inf,-Inf,-Inf,-Inf,-Inf,-Inf,490,490,-435.13,-878.7,-1892.6,-Inf,-Inf,-Inf,-Inf,-Inf,-Inf,490,490,-429.29,-880.26,-1890.6,-Inf,-Inf,-Inf,-Inf,-Inf,-Inf
491,491,-430.41,-876.33,-1898.3,-Inf,-Inf,-Inf,-Inf,-Inf,-Inf,491,491,-439.02,-889.23,-1914.1,-Inf,-Inf,-Inf,-Inf,-Inf,-Inf,491,491,-436.34,-889.95,-1912,-Inf,-Inf,-Inf,-Inf,-Inf,-Inf
492,492,-435.96,-886.81,-1919.8,-Inf,-Inf,-Inf,-Inf,-Inf,-Inf,492,492,-444.44,-899.79,-1935.7,-Inf,-Inf,-Inf,-Inf,-Inf,-Inf,492,492,-439.31,-899.8,-1933.6,-Inf,-Inf,-Inf,-Inf,-Inf,-Inf
493,493,-439.86,-897.38,-1941.4,-Inf,-Inf,-Inf,-Inf,-Inf,-Inf,493,493,-449.96,-910.09,-1957.4,-Inf,-Inf,-Inf,-Inf,-Inf,-Inf,493,493,-446.22,-909.94,-1955.3,-Inf,-Inf,-Inf,-Inf,-Inf,-Inf
494,494,-446.74,-907.77,-1963.2,-Inf,-Inf,-Inf,-Inf,-Inf,-Inf,494,494,-453.88,-920,-1979.1,-Inf,-Inf,-Inf,-Inf,-Inf,-Inf,494,494,-449.85,-920.38,-1977.1,-Inf,-Inf,-Inf,-Inf,-Inf,-Inf
495,495,-449.76,-917.77,-1984.9,-Inf,-Inf,-Inf,-Inf,-Inf,-Inf,495,495,-460.75,-929.69,-2000.8,-Inf,-Inf,-Inf,-Inf,-Inf,-Inf,495,495,-455.56,-930.96,-1998.8,-Inf,-Inf,-Inf,-Inf,-Inf,-Inf
496,496,-456.82,-927.48,-2006.6,-Inf,-Inf,-Inf,-Inf,-Inf,-Inf,496,496,-463.77,-939.44,-2022.5,-Inf,-Inf,-Inf,-Inf,-Inf,-Inf,496,496,-460.76,-941.4,-2020.4,-Inf,-Inf,-Inf,-Inf,-Inf,-Inf
497,497,-460.18,-937.19,-2028.2,-Inf,-Inf,-Inf,-Inf,-Inf,-Inf,497,497,-470.84,-949.44,-2043.9,-Inf,-Inf,-Inf,-Inf,-Inf,-Inf,497,497,-464.94,-951.48,-2041.8,-Inf,-Inf,-Inf,-Inf,-Inf,-Inf
498,498,-466.24,-947.13,-2049.5,-Inf,-Inf,-Inf,-Inf,-Inf,-Inf,498,498,-474.18,-959.75,-2065.2,-Inf,-Inf,-Inf,-Inf,-Inf,-Inf,498,498,-471.63,-961.23,-2063.1,-Inf,-Inf,-Inf,-Inf,-Inf,-Inf
499,499,-471.02,-957.37,-2070.8,-Inf,-Inf,-Inf,-Inf,-Inf,-Inf,499,499,-480.26,-970.29,-2086.3,-Inf,-Inf,-Inf,-Inf,-Inf,-Inf,499,499,-474.74,-970.92,-2084.2,-Inf,-Inf,-Inf,-Inf,-Inf,-Inf
500,500,-475.57,-967.87,-2091.9,-Inf,-Inf,-Inf,-Inf,-Inf,-Inf,500,500,-485.02,-980.84,-2107.5,-Inf,-Inf,-Inf,-Inf,-Inf,-Inf,500,500,-481.87,-980.8,-2105.4,-Inf,-Inf,-Inf,-Inf,-Inf,-Inf
501,501,-481.95,-978.44,-2113.1,-Inf,-Inf,-Inf,-Inf,-Inf,-Inf,501,501,-489.59,-991.1,-2128.7,-Inf,-Inf,-Inf,-Inf,-Inf,-Inf,501,501,-485.05,-990.98,-2126.6,-Inf,-Inf,-Inf,-Inf,-Inf,-Inf
502,502,-485.24,-988.79,-2134.4,-Inf,-Inf,-Inf,-Inf,-Inf,-Inf,502,502,-495.96,-1001,-2150.1,-Inf,-Inf,-Inf,-Inf,-Inf,-Inf,502,502,-491.38,-1001.4,-2148,-Inf,-Inf,-Inf,-Inf,-Inf,-Inf
503,503,-492.39,-998.75,-2155.8,-Inf,-Inf,-Inf,-Inf,-Inf,-Inf,503,503,-499.26,-1010.7,-2171.6,-Inf,-Inf,-Inf,-Inf,-Inf,-Inf,503,503,-495.83,-1012,-2169.6,-Inf,-Inf,-Inf,-Inf,-Inf,-Inf
504,504,-495.43,-1008.4,-2177.4,-Inf,-Inf,-Inf,-Inf,-Inf,-Inf,504,504,-506.41,-1020.4,-2193.3,-Inf,-Inf,-Inf,-Inf,-Inf,-Inf,504,504,-500.68,-1022.4,-2191.2,-Inf,-Inf,-Inf,-Inf,-Inf,-Inf
505,505,-502.05,-1018.2,-2199.1,-Inf,-Inf,-Inf,-Inf,-Inf,-Inf,505,505,-509.44,-1030.5,-2215,-Inf,-Inf,-Inf,-Inf,-Inf,-Inf,505,505,-506.78,-1032.5,-2213,-Inf,-Inf,-Inf,-Inf,-Inf,-Inf
506,506,-506.11,-1028.1,-2220.9,-Inf,-Inf,-Inf,-Inf,-Inf,-Inf,506,506,-516.07,-1040.8,-2236.8,-Inf,-Inf,-Inf,-Inf,-Inf,-Inf,506,506,-510.27,-1042.2,-2234.8,-Inf,-Inf,-Inf,-Inf,-Inf,-Inf
507,507,-511.34,-1038.4,-2242.6,-Inf,-Inf,-Inf,-Inf,-Inf,-Inf,507,507,-520.11,-1051.4,-2258.5,-Inf,-Inf,-Inf,-Inf,-Inf,-Inf,507,507,-517.37,-1051.9,-2256.4,-Inf,-Inf,-Inf,-Inf,-Inf,-Inf
508,508,-517.06,-1048.9,-2264.2,-Inf,-Inf,-Inf,-Inf,-Inf,-Inf,508,508,-525.37,-1061.9,-2280,-Inf,-Inf,-Inf,-Inf,-Inf,-Inf,508,508,-520.35,-1061.8,-2277.9,-Inf,-Inf,-Inf,-Inf,-Inf,-Inf
509,509,-520.83,-1059.5,-2285.6,-Inf,-Inf,-Inf,-Inf,-Inf,-Inf,509,509,-531.06,-1072.1,-2301.3,-Inf,-Inf,-Inf,-Inf,-Inf,-Inf,509,509,-527.17,-1072,-2299.2,-Inf,-Inf,-Inf,-Inf,-Inf,-Inf
510,510,15.065,24.986,39.326,54.988,56.636,52.861,52.057,53.339,55.745,510,510,10.913,23.292,41.493,60.3,60.23,53.36,45.246,46.362,46.774,510,510,16.946,26.965,36.559,53.125,51.896,55.097,54.95,44.666,46.761
511,511,21.897,27.28,35.17,55.673,53.536,50.223,43.071,45.132,43.685,511,511,17.114,31.371,40.615,55.837,56.674,50.588,42.483,45.107,42.934,511,511,23.48,23.977,37.241,49.33,52.86,53.214,55.528,40.603,41.648
512,512,18.836,27.529,34.637,52.768,53.802,47.203,40.542,44.539,42.93,512,512,18.371,31.103,35.488,54.514,54.862,46.752,39.79,43.47,38.153,512,512,16.955,20.264,32.529,46.684,54.141,52.911,55.998,39.392,39.963
513,513,19.681,23.484,37.824,50.856,52.547,47.37,40.035,44.707,40.149,513,513,23.385,33.001,32.498,56.97,56.866,46.962,39.997,43.709,37.951,513,513,16.305,19.66,33.016,47.412,53.938,50.344,56.162,40.307,39.438
514,514,19.602,24.089,36.267,50.902,52.832,47.956,40.005,42.525,42.181,514,514,19.675,24.733,37.042,54.752,54.261,48.938,40.586,43.321,37.525,514,514,10.881,8.8135,35.662,45.247,51.769,50.64,57.927,40.677,39.116
515,515,21.397,25.073,34.681,49.112,53.34,49.874,40.114,44.106,41.221,515,515,21.29,29.117,36.325,56.414,54.53,47.947,40.267,44.522,38.101,515,515,6.9907,17.182,29.836,49.627,53.578,58.638,54.989,39.505,39.856
516,516,15.696,29.184,37.215,54.202,55.822,50.684,41.439,44.533,43.301,516,516,18.335,22.356,37.697,56.447,57.327,48.712,39.906,44.773,37.984,516,516,2.3548,18.902,31.512,51.823,54.042,60.792,56.764,40.243,39.786
517,517,16.585,29.081,37.928,51.538,53.58,48.103,40.68,45.446,40.366,517,517,19.367,24.822,37.421,55.311,56.242,47.912,41.733,42.438,36.558,517,517,7.7894,18.977,33.374,46.439,53.515,60.697,54.845,39.404,39.13
518,518,14.03,26.937,32.775,51.065,51.227,47.112,39.79,44.88,43.309,518,518,21.152,29.006,40.48,57.945,56.686,49.918,40.823,43.724,38.205,518,518,6.3096,15.88,33.404,49.244,53.889,60.647,54.749,39.058,39.126
519,519,15.712,27.677,32.429,53.388,54.115,50.56,43.062,46.508,40.126,519,519,12.081,30.951,37.679,46.496,55.035,49.16,41.062,43.578,37.91,519,519,1.5925,16.989,34.309,42.938,52.775,60.685,58.514,41.733,39.014
520,520,16.483,27.818,33.284,44.059,47.312,43.749,43.961,47.234,50.308,520,520,19.227,29.047,35.181,42.954,50.355,45.529,48.676,51.45,55.358,520,520,18.213,26.658,34.575,43.671,46.913,52.903,50.429,53.423,56.963
521,521,21.055,16.888,12.675,-22.847,-60.436,-172.89,-388.18,-625.16,-1407.5,521,521,22.065,19.539,14.647,-44.137,-59.117,-167.61,-383.66,-620.66,-1402.8,521,521,24.084,20.37,13.173,-18.242,-59.498,-163.76,-380.65,-618.72,-1401.1
522,522,11.634,6.4097,-8.6919,-76.65,-167.67,-387.61,-820.55,-1299.3,-2864.1,522,522,13.213,8.239,-6.8969,-98.6,-166.66,-382.55,-815.85,-1294.8,-2859.4,522,522,15.048,8.9721,-8.0379,-72.026,-166.88,-378.51,-812.71,-1292.8,-2857.8
523,523,9.1281,-3.2978,-30.258,-130,-274.93,-602.35,-1254.4,-1973.4,-Inf,523,523,9.9249,-1.9507,-28.532,-151.99,-274.18,-597.46,-1249.4,-1968.9,-Inf,523,523,11.836,-1.1373,-29.416,-125.43,-274.22,-593.24,-1245.7,-1967,-Inf
524,524,0.90024,-13.193,-51.954,-184.64,-382.21,-817.1,-1688.4,-2647.6,-Inf,524,524,2.0308,-12.152,-50.268,-206.6,-381.65,-812.34,-1683.6,-2643,-Inf,524,524,3.9361,-11.154,-50.957,-180.02,-381.51,-807.96,-1680,-2641.1,-Inf
525,525,17.768,30.302,36.615,49.679,53.582,53.572,49.878,51.144,51.515,525,525,11.051,23.699,33.441,48.478,52.601,51.935,51.267,53.849,56.348,525,525,17.717,28.652,34.649,47.649,55.856,63.496,67.912,56.127,59.271
526,526,25.377,23.087,32.314,42.353,58.446,56.509,55.563,52.534,46.832,526,526,30.283,33.058,31.693,47.17,57.833,54.81,53.569,56.091,41.307,526,526,25.129,24.028,33.212,47.951,64.764,67.354,74.587,56.637,43.101
527,527,16.734,21.741,34.676,48.042,51.366,53.113,54.066,51.799,43.745,527,527,31.461,23.936,33.278,53.468,55.139,50.963,53.178,55.618,41.251,527,527,20.062,25.057,34.741,44.652,56.694,68.125,72.383,54.886,42.603
528,528,19.42,22.942,34.773,45.676,56.794,59.069,60.782,63.094,47.597,528,528,22.042,29.247,39.263,51.978,57.939,57.065,58.133,60.585,44.151,528,528,15.347,26.399,33.41,50.277,63.38,76.799,80.082,60.781,45.144
529,529,10.943,22.843,37.717,49.403,63.102,63.566,60.982,61.173,47.524,529,529,15.387,26.845,38.196,53.049,62.256,61.077,59.441,60.047,42.733,529,529,7.4522,23.751,34.267,53.29,71.589,79.658,80.613,60.509,46.014
530,530,18.09,24.576,34.672,44.049,58.118,59.455,59.079,63.443,54.184,530,530,21.672,28.959,36.474,55.902,58.72,57.418,57.486,60.328,51.323,530,530,7.6952,20.444,35.093,53.532,68.377,77.754,78.871,60.464,50.885
531,531,21.435,22.927,33.351,50.114,67.239,69.75,75.508,71.548,56.893,531,531,26.951,30.36,33.319,46.375,64.939,67.263,72.417,71.57,57.893,531,531,14.876,28.075,35.965,51.98,71.2,88.023,96.823,78.555,59.705
532,532,23.635,27.516,37.047,52.251,71.892,76.14,79.213,72.485,55.738,532,532,26.678,27.318,39.079,53.472,68.863,71.013,76.111,72.489,52.408,532,532,15.981,27.736,34.82,57.524,78.403,93.569,100.98,80.076,60.209
533,533,21.289,31.763,41.296,57.13,78.557,80.214,80.032,76.4,58.56,533,533,25.083,27.89,40.229,58.142,74.095,75.635,78.719,75.572,55.169,533,533,15.089,26.51,33.368,59.387,83.738,97.039,102.63,82.823,62.516
534,534,25.387,28.294,44.539,58.676,79.014,81.077,80.745,77.062,58.854,534,534,28.014,22.619,38.912,63.218,70.032,76.024,77.069,74.941,55.058,534,534,12.468,21.175,38.544,60.594,83.873,98.937,101.89,80.233,60.499
535,535,25.176,33.944,40.542,56.906,77.679,80.476,81.869,77.058,59.265,535,535,27.016,27.879,46.844,61.06,71.911,76.671,79.052,74.652,55.378,535,535,13.829,25.448,39.762,61.045,83.623,99.498,103.35,82.838,62.945
536,536,28.867,30.374,42.105,59.778,81.955,82.068,81.726,77.657,60.789,536,536,21.831,34.187,41.137,55.154,75.4,77.323,79.722,76.659,57.679,536,536,13.625,26.945,35.807,62.332,84.444,99.202,102.91,83.931,63.972
537,537,27.155,31.48,39.546,55.724,74.999,75.801,77.643,75.619,57.362,537,537,18.354,30.535,39.601,58.329,69.012,73.04,77.107,73.006,54.332,537,537,16.546,26.411,34.363,60.802,77.859,91.935,100.46,82.703,61.74
538,538,27.138,28.272,36.48,52.747,71.37,70.816,73.971,77.543,56.076,538,538,24.562,29.591,36.839,51.628,65.481,67.206,74.597,75.987,54.465,538,538,13.378,21.511,37.716,54.125,74.092,84.221,97.313,82.15,60.21
539,539,21.067,26.925,37.124,48.51,63.905,65.709,70.078,76.466,54.751,539,539,24.367,32.12,37.264,50.346,66.446,66.08,69.384,73.015,52.352,539,539,0.94511,17.996,34.839,49.801,68.865,79.981,89.6,76.612,54.156
540,540,18.756,22.2,33.326,52.464,65.336,66.054,65.796,72.065,50.828,540,540,23.897,31.255,36,56.033,65.297,65.014,66.448,68.846,48.318,540,540,7.3212,13.818,37.558,50.297,68.892,77.703,85.741,68.817,48.274
541,541,17.434,28.536,36.699,52.982,61.077,58.777,66.657,63.638,46.965,541,541,20.35,31.257,37.033,53.246,63.311,60.704,65.325,62.273,44.376,541,541,4.2371,20.085,37.48,53.727,64.492,73.127,84.312,67.222,46.77
542,542,25.736,31.013,35.389,52.637,58.099,57.049,66.206,63.795,46.14,542,542,23.953,28.106,35.317,52.561,61.916,58.212,63.037,61.266,43.456,542,542,2.6788,27.015,33.566,50.572,63.768,72.68,83.738,67.761,46.668
543,543,25.907,28.609,33.152,45.849,55.489,57.035,65.695,60.797,45.663,543,543,23.813,30.263,32.546,46.323,58.533,55.617,64.451,59.596,42.554,543,543,6.4919,23.479,33.621,49.239,61.606,70.897,80.498,65.912,45.056
544,544,17.841,29.842,37.106,48.565,55.928,56.03,63.554,58.339,43.242,544,544,26.068,28.369,39.522,52.456,55.801,53.322,61.114,60.174,42.113,544,544,9.4163,16.579,31.411,46.155,58.555,68.83,78.805,63.539,43.732
545,545,20.737,27.275,29.189,47.371,54.042,53.806,61.555,57.84,44.158,545,545,15.546,25.026,37.985,53.788,55.143,51.848,59.378,55.572,40.799,545,545,5.284,21.994,30.489,48.611,58.654,66.56,75.954,60.596,42.394
546,546,19.374,30.089,32.441,51.316,56.44,56.201,60.365,55.2,42.553,546,546,22.78,28.869,34.559,55.142,56.031,51.285,59.234,54.479,39.828,546,546,5.6653,15.517,30.873,50.584,63.502,65.786,77.894,60.465,42.699
547,547,18.1,23.559,29.18,46.332,55.601,53.392,58.346,55.943,44.265,547,547,19.144,25.419,32.182,46.127,52.098,50.024,59.676,55.373,40.525,547,547,2.7592,18.534,33.376,49.662,61.67,66.85,77.651,59.042,42.378
548,548,11.775,21.401,32.364,44.758,56.222,54.139,57.348,57.744,42.62,548,548,10.981,17.516,30.136,44.768,54.847,52.464,58.193,56.814,40.75,548,548,4.4816,23.679,32.212,50.495,66.11,67.221,77.603,61.342,43.199
549,549,11.34,22.119,28.94,47.608,56.618,54.301,58.641,61.809,45.847,549,549,15.013,24.662,33.039,45.724,55.903,54.046,57.747,59.494,41.82,549,549,-2.407,23.531,31.553,46.077,62.136,67.142,76.946,64.051,43.946
550,550,21.721,21.473,33.631,40.655,58.863,57.267,58.432,63.92,45.637,550,550,22.848,27.412,31.686,48.411,60.45,57.333,58.976,60.446,42.585,550,550,5.8938,20.419,33.334,50.663,64.982,68.106,77.568,63.374,43.978
551,551,23.011,27.857,36.078,44.379,52.679,51.694,57.608,62.848,46.101,551,551,28.189,25.324,36.079,49.705,54.485,52.404,56.927,58.817,42.425,551,551,9.5275,22.14,32.322,51.112,63.999,69.11,76.539,62.72,43.168
552,552,19.267,30.159,34.154,44.082,50.507,50.912,56.716,62.462,44.968,552,552,28.556,25.466,29.946,49.118,52.711,50.289,56.8,59.91,42.237,552,552,7.8113,19.593,30.88,48.543,60.778,67.354,77.935,63.121,43.732
553,553,20.688,21.911,28.011,49.732,54.945,55.891,60.498,58.481,45.275,553,553,20.651,24.102,36.141,49.67,51.524,54.497,61.215,55.48,41.494,553,553,4.7452,21.392,34.144,45.205,59.943,74.809,82.449,61.692,44.497
554,554,20.664,26.186,28.976,46.095,60.402,60.15,55.748,54.297,43.073,554,554,24.103,21.785,36.179,44.757,58.174,57.241,54.875,51.946,40.611,554,554,3.7761,20.238,32.454,47.255,63.06,72.371,78.874,57.277,42.438
555,555,16.756,23.14,37.526,48.925,56.589,51.559,49.793,48.06,44.393,555,555,9.7998,28.71,38.203,50.789,55.634,49.262,49.375,48.344,41.039,555,555,4.7028,19.43,34.122,49.212,62.279,63.542,68.635,52.142,42.264
556,556,19.159,26.263,32.95,45.217,56.218,50.156,50.623,47.915,42.468,556,556,13.821,26.96,30.296,46.692,54.568,49.481,49.308,46.121,40.22,556,556,1.4069,22.618,32.552,49.408,63.661,64.855,69.57,53.14,41.992
557,557,20.198,22.416,31.233,45.344,56.677,51.715,53.574,49.076,44.63,557,557,22.329,19.915,35.557,42.9,54.508,48.144,51.455,47.889,40.983,557,557,6.9376,20.269,32.38,49.08,62.155,63.353,71.378,54.818,42.886
558,558,19.997,24.061,28.201,45.154,56.997,54.156,56.783,50.524,43.748,558,558,22.732,29.911,32.165,48.94,52.996,50.833,53.415,49.15,41.266,558,558,6.0469,17.547,32.73,49.169,65.215,67.289,73.641,55.777,43.334
559,559,23.863,29.786,30.593,46.409,56.075,56.086,56.932,55.883,45.777,559,559,27.839,28.852,31.313,40.058,55.582,54.328,56.044,52.309,41.819,559,559,9.1767,17.367,28.434,50.791,65.532,72.373,77.436,59.965,43.74
560,560,21.367,27.622,29.652,43.209,61.314,58.474,57.777,56.152,46.397,560,560,29.196,21.485,30.503,48.002,58.053,55.667,54.612,52.842,41.996,560,560,10.254,19.427,31.067,53.817,66.111,70.7,77.076,58.05,43.82
561,561,19.195,27.637,27.894,52.386,65.568,65.006,63.566,63.101,49.41,561,561,20.862,21.042,37.689,50.897,57.9,58.353,60.899,59.778,44.173,561,561,5.503,24.68,26.849,57.428,68.489,78.25,84.731,67.108,47.584
562,562,22.329,17.108,35.002,54.58,66.888,64.789,61.265,64.15,50.343,562,562,25.254,25.13,33.42,48.563,60.105,58.768,57.906,61.809,44.676,562,562,4.1206,26.055,34.959,63.865,73.522,76.437,80.414,62.58,46.012
563,563,19.344,21.527,34.402,55.162,69.506,65.681,56.907,59.922,48.654,563,563,23.934,29.831,34.528,46.852,61.616,60.639,55.122,55.705,43.124,563,563,8.4285,24.001,32.058,62.554,74.052,72.483,79.387,62.147,45.665
564,564,24.275,26.466,30.54,52.493,69.483,66.989,56.264,53.948,46.423,564,564,27.091,29.775,26.438,49.896,66.007,63.467,54.286,54.817,43.1,564,564,2.6544,24.034,32.591,60.041,73.25,74.331,78.632,59.524,44.984
565,565,19.58,27.396,29.384,48.879,65.555,62.346,54.171,56.153,45.053,565,565,21.857,26.999,31.156,46.278,61.695,57.771,53.047,54.584,42.028,565,565,3.5304,23.751,31.894,55.876,69.948,68.368,76.763,56.856,42.391
566,566,23.398,26.898,31.541,45.857,59.113,53.037,48.036,53.664,42.47,566,566,24.141,27.014,34.172,45.516,58.235,51.873,46.874,49.797,40.92,566,566,5.1397,20.97,33.302,52.961,65.643,66.649,67.57,52.22,40.542
567,567,10.599,26.749,35.2,42.277,55.799,55.229,48.253,55.232,44.972,567,567,13.236,24.984,34.68,41.122,55.283,52.47,48.202,52.44,41.068,567,567,1.2567,21.573,36.117,52.442,65.183,66.42,65.899,52.863,41.898
568,568,20.181,29.696,33.94,40.985,57.841,57.23,53.278,54.261,43.127,568,568,23.698,20.882,30.956,41.89,56.147,56.055,52.359,53.247,41.083,568,568,4.3988,23.226,31.595,52.352,64.89,67.907,73.481,56.812,41.555
569,569,22.664,26.771,34.648,46.719,60.727,59.124,57.606,55.928,45.13,569,569,24.77,22.643,35.485,47.278,58.764,57.03,55.204,53.745,42.026,569,569,3.5383,19.779,33.148,53.915,66.708,71.526,76.294,56.784,42.184
570,570,19,17.06,29.753,45.906,62.281,62.576,59.751,62.235,46.031,570,570,23.288,24.757,30.248,46.338,58.002,58.664,56.981,59.064,43.055,570,570,4.1901,23.642,34.845,53.623,65.43,73.755,80.132,61.966,43.929
571,571,11.994,27.883,33.023,45.7,58.244,57.913,60.081,65.591,48.928,571,571,18.333,30.238,32.218,44.853,57.365,56.243,58.634,63.751,44.962,571,571,5.5057,25.803,32.521,52.649,62.764,72.756,81.433,63.896,45.583
572,572,16.215,21.602,34.259,45.355,65.751,68.794,69.334,72.606,53.205,572,572,18.5,29.475,34.574,44.023,60.096,64.781,69.799,72.424,50.997,572,572,8.072,22.416,34.307,51.736,69.686,81.962,93,78.296,55.779
573,573,17.963,24.842,36.852,55.174,76.581,77.605,81.672,81.175,59.954,573,573,22.578,22.256,33.516,49.514,68.449,74.114,79.07,78.36,57.32,573,573,9.6102,25.711,36.682,57.907,78.029,94.987,104.33,85.941,64.57
574,574,15.223,22.407,41.8,59.268,83.673,84.69,87.389,84.704,64.632,574,574,17.442,27.775,38.454,53.691,75.925,79.714,82.205,84.656,63.213,574,574,14.831,32.165,37.898,57.843,82.918,100.84,105.33,87.55,65.909
575,575,20.799,33.541,46.514,67.815,83.367,85.339,89.998,85.675,65.456,575,575,13.357,33.528,42.472,55.288,76.205,80.248,84.151,86.534,65.577,575,575,23.502,32.999,38.506,62.298,87.242,103.31,108.34,89.223,68.523
576,576,22.547,36.971,49.033,59.899,81.893,84.212,89.006,86.513,65.667,576,576,17.624,28.283,40.961,64.163,73.753,79.035,83.727,83.752,62.661,576,576,21.023,34.807,41.358,61.351,86.03,102.23,108.41,88.755,68.063
577,577,27.732,34.213,46.881,68.293,82.162,84.086,89.511,85.818,65.236,577,577,14.651,28.747,40.661,62.056,75.66,80,84.512,85.289,64.18,577,577,27.818,32.78,42.097,61.686,85.017,102.86,109.3,89.392,69.066
578,578,24.78,32.732,42.748,63.388,82.826,83.996,89.66,84.462,63.959,578,578,21.1,28.275,38.875,60.454,75.955,78.449,84.014,81.826,61.058,578,578,26.314,31.929,42.437,65.828,85.488,100.55,108.47,87.428,67.049
579,579,10.822,28.239,42.872,65.351,80.641,82.931,87.067,81.179,61.702,579,579,22.402,30.58,34.066,58.32,72.789,76.134,81.96,82.55,62.007,579,579,24.405,32.264,38.656,61.616,84.271,100.29,106.5,86.444,66.2
580,580,24.922,35.279,36.24,56.036,78.245,78.323,81.402,74.325,56.44,580,580,18.068,29.185,39.922,61.177,73.483,73.416,78.186,72.886,53.043,580,580,26.976,28.818,37.24,63.186,83.348,96.34,104.27,83.245,63.046
581,581,26.655,30.436,37.658,53.829,75.594,74.777,77.248,71.899,54.204,581,581,26.631,25.702,37.177,58.654,73.29,72.133,75.721,71.098,50.598,581,581,16.492,25.277,36.832,60.353,80.542,89.711,98.199,77.928,57.3
582,582,20.407,27.556,37.067,51.341,71.429,72.181,71.688,72.505,53.72,582,582,25.866,23.468,37.427,53.852,71.593,69.331,71.235,72.493,50.584,582,582,16.205,23.917,36.782,61.468,78.118,88.82,92.341,75.966,54.739
583,583,12.321,28.296,38.473,51.483,66.618,65.749,65.76,68.742,50.357,583,583,16.932,27.88,39.686,52.895,64.505,62.302,63.377,66.716,47.594,583,583,3.0541,20.063,35.636,56.821,71.389,79.841,85.57,68.76,48.924
584,584,12.313,26.777,37.426,54.276,61.107,61.154,58.106,61.179,47.55,584,584,17.901,29.506,35.386,53.587,61.16,59.375,57.684,59.926,44.203,584,584,4.4407,22.138,33.307,54.262,68.689,75.567,76.241,60.316,44.239
585,585,14.188,30.445,31.658,50.83,64.589,62.623,59.678,61.852,46.876,585,585,24.763,22.256,37.237,61.107,67.181,62.54,59.166,57.997,43.217,585,585,6.7318,24.276,35.284,56.345,71.412,75.723,79.888,62.139,45.913
586,586,24.772,28.648,32.355,51.512,58.592,59.251,57.24,63.17,46.975,586,586,25.243,35.21,42.44,58.339,64.74,61.269,55.986,57.478,43.538,586,586,13.586,19.199,33.77,52.186,68.103,73.808,74.738,59.565,44.071
587,587,25.135,30.578,39.561,55.756,57.211,55.687,60.337,61.306,45.98,587,587,19.532,30.446,40.675,65.622,64.158,57.221,57.04,58.072,43.545,587,587,10.64,21.08,37.469,54.742,66.192,68.916,79.731,62.845,45.321
588,588,24.39,31.543,38.333,55.987,53.067,52.184,51.104,51.178,46.264,588,588,20.859,33.596,40.065,56.409,58.528,54.272,52.422,56.163,57.289,588,588,3.7389,23.252,37.75,52.39,61.817,63.974,71.116,64.53,66.54
589,589,13.599,27.506,36.402,46.212,53.864,52.222,47.504,49.455,43.17,589,589,22.148,23.887,38.86,49.363,53.325,48.289,47.183,50.939,41.884,589,589,1.8149,22.053,35.204,46.96,58.885,57.233,66.207,51.129,41.899
590,590,11.386,24.413,38.341,48.753,53.833,51.889,45.72,48.26,43.179,590,590,16.709,28.342,36.494,47.786,52.987,46.243,46.67,52.508,42.42,590,590,1.0612,27.286,33.728,45.995,55.492,56.267,64.293,48.763,42.228
591,591,11.536,29.169,26.652,45.753,58.522,57.138,51.092,47.827,44.132,591,591,19.881,30.12,34.506,49.669,53.428,48.259,50.347,51.894,42.181,591,591,-2.9205,24.16,32.541,52.011,60.521,59.723,68.774,50.346,42.078
592,592,21.102,25.435,34.656,47.904,55.63,51.159,48.975,48.136,42.554,592,592,25.075,32.388,37.856,56.44,54.715,49.339,48.231,51.096,41.859,592,592,12.383,24.053,41.005,49.527,58.316,60.251,67.216,49.03,41.469
593,593,21.416,31.146,38.849,50.272,54.535,52.433,49.345,47.99,44.626,593,593,29.422,33.702,36.713,54.649,51.877,46.616,48.977,51.621,42.526,593,593,13.401,24.854,38.643,50.655,57.715,60.029,67.733,49.685,42.251
594,594,23.024,26.503,37.696,49.309,57.489,56.208,48.476,47.09,42.478,594,594,30.69,28.19,35.357,49.791,54.414,51.911,49.286,48.643,42.622,594,594,15.862,22.729,32.66,49.386,59.978,59.976,67.355,49.148,42.267
595,595,16.15,29.489,36.967,48.824,52.271,50.728,48.237,44.799,44.42,595,595,27.323,21.348,36.243,53.481,54.264,49.523,46.958,46.737,41.991,595,595,11.498,25.22,37.194,47.851,55.54,58.682,63.891,47.249,41.77
596,596,19.738,28.664,34.945,44.303,53.929,51.504,48.001,46.717,42.661,596,596,26.378,27.857,37.229,54.794,56.405,50.617,47.189,48.978,41.974,596,596,12.043,26.747,35.964,48.603,55.273,58.158,64.373,47.265,42.248
597,597,17.594,29.404,30.928,52.87,54.452,51.959,47.167,46.671,44.358,597,597,21.929,34.195,36.532,60.948,57.851,49.326,45.89,47.7,41.939,597,597,0.45331,25.853,37.279,49.368,54.762,56.839,64.164,47.977,42.109
598,598,13.874,25.81,35.014,46.675,52.556,49.643,47.396,57.443,43.891,598,598,24.009,30.669,38.124,56.202,54.496,50.174,47.552,54.141,43.309,598,598,0.14084,22.638,37.289,47.034,55.705,60.217,65.566,52.599,43.09
599,599,-1.812,28.835,37.519,48.76,55.592,53.067,55.059,53.635,44.912,599,599,21.311,26.772,35.686,51.619,54.806,52.285,51.902,49.363,41.921,599,599,4.2127,25.121,35.503,45.124,60.709,68.423,75.945,55.642,42.135
600,600,11.979,25.511,29.358,48.587,57.447,56.8,57.463,61.253,44.764,600,600,15.846,28.81,35.783,48.303,59.675,56.634,56.424,56.63,43.024,600,600,-1.206,21.645,35.264,46.293,59.368,69.483,78.52,60.53,43.096
601,601,14.223,23.035,31.391,52.916,54.022,52.427,54.82,61.672,46.59,601,601,21.347,21.796,38.976,56.581,56.508,52.495,54.871,59.499,44.508,601,601,-2.5998,26.616,35.871,47.546,59.578,65.426,75.763,60.78,43.991
602,602,7.6262,25.958,36.062,47.706,58.211,59.22,59.914,64.626,48.052,602,602,18.218,27.429,34.935,57.276,58.672,57.043,59.528,61.918,45.481,602,602,0.95762,24.724,36.728,48.411,59.536,69.379,79.313,67.507,46.377
603,603,16.983,22.798,36.333,50.075,70.187,72.429,75.561,78.951,57.577,603,603,22.77,27.967,35.636,48.699,65.93,70.444,72.432,77.381,55.298,603,603,4.9244,26.153,35.163,49.789,72.366,89.045,97.312,81.203,58.507
604,604,18.359,26.971,41.01,58.976,77.643,82.622,85.41,85.456,65.131,604,604,22.292,25.229,36.396,51.691,70.103,80.475,81.97,83.793,62.941,604,604,15.932,27.779,37.699,55.612,80.713,102.38,106,86.821,66.18
605,605,19.989,30.794,44.487,59.437,81.877,84.687,89.904,87.039,66.395,605,605,21.824,30.562,37.334,48.355,75.88,80.639,84.86,86.791,65.724,605,605,21.882,31.988,40.689,59.636,85.728,102.39,107.68,88.425,67.646
606,606,27.815,33.726,48.286,59.906,84.257,86.776,88.842,87.738,66.877,606,606,22.664,29.37,40.841,59.826,75.53,82.11,85.245,85.798,64.563,606,606,24.95,32.464,45.52,61.511,85.296,104.48,110.35,90.437,70.123
607,607,31.333,30.2,43.114,63.217,83.474,88.142,90.801,87.805,67.02,607,607,22.087,36.36,38.28,58.703,77.636,83.962,87.43,85.868,64.256,607,607,23.271,39.847,49.384,62.029,87.449,106.72,111.1,91.145,71.105
608,608,31.313,28.917,45.333,58.435,79.332,86.106,93.19,87.378,67.063,608,608,22.127,29.494,39.452,60.013,73.597,81.043,88.118,89.934,68.91,608,608,33.963,44.967,49.751,64.805,84.042,105.08,112.22,90.907,70.926
609,609,17.015,27.093,46.358,61.51,76.333,81.792,87.156,84.866,63.46,609,609,18.007,25.192,37.38,59.818,74.792,78.055,84.511,79.336,57.77,609,609,34.387,42.552,44.097,60.88,83.871,101.84,109.13,88.933,68.71
610,610,23.788,28.354,40.722,56.929,74.48,74.374,76.962,77.542,59.107,610,610,20.359,20.455,40.936,55.512,75.77,72.94,75.056,74.978,54.588,610,610,33.168,31.289,39.208,58.612,80.094,92.727,96.733,78.952,57.678
611,611,27.276,32.463,38.936,54.473,69.235,69.398,70.011,73.911,56.934,611,611,22.984,35.078,40.901,57.619,67.996,64.953,66.807,69.908,51.887,611,611,23.747,20.565,35.877,55.072,74.587,84.18,88.112,69.939,52.157
612,612,31.849,33.875,30.291,51.19,63.154,62.207,60.976,65.615,50.137,612,612,32.462,31.498,33.36,58.483,64.667,61.569,60.561,61.734,45.093,612,612,20.306,23.37,27.373,53.459,68.623,75.728,80.521,61.767,44.236
613,613,25.486,27.221,32.62,52.708,64.617,63.535,60.872,70.108,54.758,613,613,30.513,29.068,39.741,56.755,66.392,64.26,59.091,64.648,47.58,613,613,10.288,23.079,27.931,52.46,69.103,77.631,79.712,64.683,45.552
614,614,19.25,30.451,34.194,50.729,62.033,60.442,57.478,63.816,46.896,614,614,31.293,33.726,39.898,57.26,64.929,61.165,56.138,58.718,41.005,614,614,15.174,25.122,34.123,49.219,66.059,73.71,74.548,59.099,42.198
615,615,24.305,33.062,38.08,56.054,57.304,54.906,56.132,65.629,52.745,615,615,31.277,35.536,45.83,66.435,63.952,54.329,55.779,64.086,47.827,615,615,16.854,28.785,38.466,54.554,62.576,66.451,74.567,61.22,47.684
616,616,29.394,27.283,34.42,45.391,54.354,53.363,57.26,66.162,49.678,616,616,28.753,39.484,36.877,55.497,54.775,51.244,58.664,66.317,46.978,616,616,18.494,29.799,35.827,45.505,60.501,67.211,76.868,63.41,44.858
617,617,28.783,25.987,38.036,51.113,54.533,54.301,50.843,57.519,45.002,617,617,29.636,32.517,39.212,58.857,57.535,52.797,54.2,60.193,43.421,617,617,16.003,27.711,31.275,47.942,61.117,66.107,69.474,56.012,41.524
618,618,22.723,23.132,32.923,49.411,53.92,48.611,48.345,48.366,41.281,618,618,34.047,35.455,37.291,57.453,57.769,49.898,48.441,50.05,38.021,618,618,18.821,26.392,33.534,48.559,60.976,59.657,67.528,52.064,39.361
619,619,18.774,20.602,35.138,50.889,55.688,55.154,58.029,59.973,46.795,619,619,28.494,30.257,39.096,59.26,58.74,52.128,57.466,61.129,45.083,619,619,14.965,24.245,35.849,51.524,62.632,67.24,76.817,60.905,44.116
620,620,25.831,31.923,32.294,49.359,58.685,57.91,57.444,57.701,45.653,620,620,30.553,34.711,38.021,55.126,57.813,55.051,57.534,59.75,43.388,620,620,16.887,21.27,34.022,50.804,63.526,68.691,75.157,59.08,42.674
621,621,32.162,32.311,34.306,48.644,58.714,57.023,58.649,57.734,46.474,621,621,32.062,34.46,41.327,50.703,60.041,55.681,58.59,57.943,43.393,621,621,20.72,26.574,34.25,48.823,65.336,70.133,78.045,62.34,44.205
622,622,27.684,22.429,37.323,50.627,57.545,59.784,62.144,62.356,48.488,622,622,28.66,32.417,35.458,53.311,59.666,57.734,61.653,66.119,47.459,622,622,14.683,22.507,31.045,52.111,67.94,77.579,81.283,64.999,46.942
623,623,20.957,27.093,35.107,49.772,64.62,62.383,59.193,61.005,48.098,623,623,30.871,28.38,37.19,59.223,62.522,58.986,58.363,61.522,44.42,623,623,16.014,23.671,33.02,53.946,71.406,77.786,81.688,62.63,45.984
624,624,21.412,25.9,32.814,48.675,65.245,66.365,69.528,68.943,51.796,624,624,24.657,28.294,37.884,52.767,62.004,62.206,69.436,68.535,48.912,624,624,12.143,18.69,38.284,54.427,71.359,82.69,90.74,75.678,53.865
625,625,16.178,28.956,38.372,55.71,70.444,76.237,79.372,72.429,55.386,625,625,24.068,30.638,35.148,58.77,71.496,72.854,75.237,71.438,52.13,625,625,8.8053,13.923,31.289,57.579,77.134,94.567,100.43,81.442,60.42
626,626,21.801,31.807,36.605,60.712,78.903,80.733,80.732,79.512,60.695,626,626,26.106,34.861,37.588,52.763,75.123,76.299,77.99,75.462,55.833,626,626,13.618,15.784,32.883,59.513,82.624,97.19,101.88,83.41,62.746
627,627,26.728,31.293,44.193,58.117,78.168,80.442,80.611,75.3,59.25,627,627,32.42,31.402,34.901,59.068,72.978,76.254,77.724,74.708,55.329,627,627,21.895,24.633,37.066,61.552,82.204,97.82,101.96,81.73,61.853
628,628,28.672,27.697,43.519,55.979,79.277,81.476,81.831,77.289,60.353,628,628,35.077,29.722,39.431,60.539,72.249,76.653,80.272,75.193,56.23,628,628,22.917,30.588,37.219,59.681,82.752,99.523,103.65,83.996,63.777
629,629,27.629,25.952,44.195,61.807,82.653,84.235,80.994,78.843,61.684,629,629,27.949,25.911,39.237,61.104,76.837,79.186,79.022,76.966,58.335,629,629,20.392,26.694,39.365,65.515,84.974,99.509,102.6,84.373,63.837
630,630,26.534,30.262,39.822,60.091,75.054,74.66,77.208,79.165,58.636,630,630,19.162,32.746,35.163,57.57,64.192,70.105,76.319,75.48,55.64,630,630,16.822,27.127,38.437,62.008,78.413,90.557,99.267,82.793,61.029
631,631,16.79,28.145,29.199,50.296,71.222,69.6,73.805,80.633,59.358,631,631,18.55,25.528,37.493,55.581,64.772,63.819,73.036,76.373,55.253,631,631,14.758,23.014,36.507,58.403,75.629,82.159,96.151,81.428,59.069
632,632,14.335,27.569,36.82,51.858,68.078,67.815,68.001,78.504,58.047,632,632,19.872,25.37,36.649,55.206,68.373,66.915,67.294,75.126,54.089,632,632,11.099,22.55,38.29,55.633,74.522,82.387,88.684,74.631,53.358
633,633,18.809,26.467,40.968,51.299,67.727,68.045,66.814,69.685,51.587,633,633,19.241,23.041,35.261,50.794,67.422,67.184,67.058,67.373,48.564,633,633,6.6528,12.671,35.828,58.643,73.398,81.513,88.368,72.071,51.099
634,634,8.8909,27.023,34.695,51.79,67.832,67.774,63.884,66.349,50.054,634,634,19.815,29.071,35.572,53.287,63.965,62.725,63.623,65.633,47.943,634,634,6.5573,15.902,34.374,60.199,74.083,77.069,84.639,67.934,48.578
635,635,16.112,23.933,36.257,49.983,65.891,65.67,64.198,67.884,49.88,635,635,31.631,35.92,33.567,57.54,61.228,59.647,63.656,65.121,46.728,635,635,14.768,25.237,33.598,58.913,71.855,78.194,85.602,69.863,49.165
636,636,19.032,20.385,34.593,50.032,65.812,61.544,60.883,65.048,48.982,636,636,33.141,30.666,39.232,53.382,57.865,57.091,60.548,63.009,45.018,636,636,18.593,27.173,30.667,58.101,72.266,73.895,80.11,64.441,46.46
637,637,14.69,27.119,28.46,47.602,60.261,57.918,58.639,59.367,44.806,637,637,28.359,26.821,29.538,46.302,58.45,54.775,56.468,58.195,42.206,637,637,13.439,22.571,34.501,54.961,68.222,71.518,75.538,60.614,43.389
638,638,12.41,21.931,35.17,42.061,61.081,61.756,56.804,56.026,44.593,638,638,20.289,23.418,33.768,47.64,59.533,59.11,55.678,54.812,40.927,638,638,8.4171,14.855,32.118,50.893,65.712,70.556,74.633,59.763,42.537
639,639,13.111,16.838,33.019,44.998,56.227,54.393,54.33,52.748,42.353,639,639,20.323,25.936,36.29,48.069,54.85,52.695,53.321,51.481,39.498,639,639,2.7684,23.009,29.165,49.234,62.669,65.792,71.692,58.226,41.099
640,640,14.675,23.282,31.84,42.793,54.321,51.457,54.964,50.49,43.978,640,640,22.584,20.773,34.197,48.427,56.206,49.932,53.975,50.426,38.968,640,640,4.2517,23.677,35.255,53.218,63.891,65.067,71.529,57.831,40.552
641,641,15.983,23.894,36.249,42.165,55.922,52.462,54.738,51.644,41.428,641,641,20.777,28.353,33.697,43.728,53.104,47.036,52.707,51.393,39.155,641,641,0.69693,25.224,33.976,52.135,64.741,62.667,71.142,55.812,40.614
642,642,11.22,17.759,36.538,47.822,57.82,56.863,53.506,51.683,43.407,642,642,15.831,23.014,32.081,49.133,56.223,52.998,50.408,51.151,39.133,642,642,1.6289,18.608,33.323,50.431,62.826,63.337,69.786,54.909,40.31
643,643,13.479,26.664,29.742,44.627,52.837,50.035,50.88,49.804,40.25,643,643,13.633,27.289,30.215,43.668,50.788,45.155,49.245,48.856,38.307,643,643,3.0553,21.529,30.049,45.969,56.849,59.025,68.195,54.319,39.761
644,644,8.4244,26.105,31.431,41.08,50.583,49.377,46.569,49.287,42.819,644,644,8.9904,26.035,36.992,45.493,51.655,44.275,46.654,48.856,38.014,644,644,-4.7353,20.931,34.318,43.97,56.358,57.149,62.668,49.734,38.847
645,645,11.162,29.228,36.642,51.571,54.519,51.573,47.413,48.464,40.643,645,645,16.118,25.94,38.829,57.356,56.835,47.351,46.233,47.259,37.235,645,645,1.2263,21.095,35.32,49.355,52.613,58.63,63.451,49.799,38.778
646,646,21.62,31.738,36.448,48.768,52.847,50.524,47.784,48.168,43.197,646,646,21.619,25.665,37.178,55.945,53.768,46.496,46.955,45.325,37.596,646,646,-0.26775,22.89,34.654,47.76,59.013,57.363,65.243,51.791,38.66
647,647,14.576,28.805,37.655,45.96,52.67,50.158,52.361,46.954,39.576,647,647,19.13,25.712,34.143,45.162,48.89,46.092,49.392,46.647,37.273,647,647,3.0833,23.509,35.503,46.579,54.121,60.803,66.387,52.499,38.461
648,648,14.426,30.974,39.338,47.802,55.099,52.232,52.706,47.067,43.029,648,648,12.313,26.744,31.749,50.85,52.399,47.54,49.414,46.446,37.969,648,648,4.2485,20.553,35.914,46.826,57.82,61.008,68.576,52.857,39.397
649,649,9.795,29.253,38.446,46.278,56.22,53.145,53.101,46.797,39.757,649,649,12.208,27.095,33.096,50.085,56.367,51.693,49.802,45.643,37.017,649,649,5.6239,26.127,34.92,51.316,54.003,60.456,68.065,52.735,38.523
650,650,11.581,21.791,31.662,50.349,55.953,53.421,50.534,45.644,42.909,650,650,10.223,25.756,34.888,52.776,54.948,50.712,48.238,46.992,38.179,650,650,4.2024,27.363,32.891,50.285,57.702,62.34,66.911,48.892,39.023
651,651,18.613,26.354,31.566,49.356,57.312,55.933,50.144,46.185,41.004,651,651,17.079,25.801,37.216,50.206,56.313,52.58,47.651,45.114,37.006,651,651,7.0585,25.247,34.312,48.649,57.233,61.283,66.793,48.352,38.416
652,652,20.232,21.788,32.372,49.081,54.986,52.909,45.414,46.569,42.462,652,652,23.089,28.232,40.595,57.698,56.764,50.003,44.778,45.291,37.644,652,652,11.163,16.709,30.701,48.365,54.485,58.706,62.528,45.122,38.957
653,653,18.549,29.028,35.592,44.34,54.884,53.806,43.671,44.272,39.079,653,653,22.278,26.418,35.81,48.464,51.049,48.01,42.845,45.574,36.885,653,653,13.052,25.537,30.07,43.769,54.231,59.159,61.198,45.223,38.378
654,654,23.593,25.365,28.31,41.846,52.562,51.039,43.515,45.49,42.706,654,654,17.826,22.366,29.049,47.097,50.887,47.777,42.617,43.23,37.062,654,654,6.2219,25.913,30.944,43.475,51.428,54.484,61.111,45.325,37.962
655,655,25.206,18.742,32.491,41.148,49.208,48.085,41.846,42.799,39.619,655,655,30.721,28.879,29.126,45.707,49.888,44,40.181,41.702,36.397,655,655,16.664,27.71,28.327,43.377,53.493,55.975,58.29,42.433,37.51
656,656,18.756,15.086,36.712,40.272,49.963,48.257,40.137,45.883,42.33,656,656,30.53,30.628,34.929,42.192,47.329,42.58,39.578,44.257,37.287,656,656,17.381,25.676,34.488,43.121,50.222,53.058,57.867,41.854,38.532
657,657,18.297,17.684,31.776,41.066,47.674,45.713,40.285,44.449,39.558,657,657,26.908,27.431,29.357,44.836,47.274,42.137,40.254,41.406,35.88,657,657,9.9377,25.409,31.966,41.433,49.276,51.326,58.487,42.44,37.682
658,658,17.3,26.617,29.066,39.621,45.05,42.675,39.799,45.467,42.783,658,658,18.783,24.627,28.167,42.398,48.234,42.839,40.074,43.541,36.792,658,658,12.141,24.994,32.126,37.999,49.951,52.757,57.521,42.968,37.897
659,659,16.587,28.753,33.041,38.488,48.519,45.265,39.816,46.061,40.869,659,659,22.659,29.637,30.019,40.666,47.431,42.723,39.396,41.982,36.748,659,659,6.6614,32.092,31.942,42.592,50.438,55.743,57.862,40.54,37.098
660,660,21.235,32.32,34.17,38.947,49.37,46.674,40.267,49.366,42.658,660,660,24.682,31.133,35.629,43.18,50.385,46.083,39.989,47.872,37.417,660,660,4.102,29.588,31.455,38.619,49.416,55.136,58.292,44.8,38.03
661,661,21.731,30.627,34.473,42.282,48.253,42.567,39.422,45.867,39.076,661,661,24.115,24.795,33.659,42.993,47.529,42.743,39.11,42.623,36.704,661,661,5.2603,24.617,38.412,47.156,49.881,55.03,56.39,41.466,37.823
662,662,16.613,29.091,34.403,40.364,44.88,42.838,40.222,47.414,42.642,662,662,16.477,26.938,32.058,41.019,47.796,42.094,39.858,46.142,37.095,662,662,2.9733,24.205,36.121,41.983,50.714,53.702,57.53,42.44,38.193
663,663,20.44,27.922,34.722,39.119,46.39,45.562,40.641,48.147,39.78,663,663,24.427,23.162,28.633,37.969,46.269,41.915,39.903,45.084,36.674,663,663,2.2591,19.683,36.255,43.377,51.433,54.009,56.559,42.551,38.199
664,664,22.094,26.424,32.816,38.128,48.17,47.958,40.622,47.11,45.038,664,664,24.296,28.31,32.658,39.945,45.322,41.434,40.555,47.376,39.181,664,664,3.5586,18.558,31.603,41.754,48.342,53.341,56.924,43.521,39.977
665,665,15.574,27.848,35.489,39.587,45.833,46.706,40.824,45.285,43.405,665,665,18.443,26.86,28.883,41.961,47.698,42.967,41.492,44.821,39.866,665,665,5.6653,13.968,31.221,45.65,52.248,54.84,57.324,41.914,40.16
666,666,11.851,27.378,30.983,37.593,48.243,48.363,40.834,45.531,43.052,666,666,7.8591,22.902,27.113,40.457,45.81,41.88,41.315,45.951,38.581,666,666,-1.7721,19.846,36.49,42.574,50.809,53.516,58.587,43.005,38.93
667,667,17.723,20.784,28.493,39.325,47.349,45.278,38.728,45.166,39.445,667,667,17.041,21.107,28.806,36.56,47.041,43.369,40.629,43.556,37.126,667,667,-1.4516,18.217,32.387,42.203,49.928,52.375,57.107,42.243,38.305
668,668,9.8854,24.317,27.814,41.229,47.794,45.425,41.104,49.8,42.355,668,668,7.376,23.631,33.657,39.246,47.643,40.251,43.56,49.328,38.512,668,668,-8.9335,25.932,32.381,43.782,51.853,53.611,60.28,45.813,37.696
669,669,7.009,22.889,30.936,39.386,48.088,45.461,43.401,52.806,41.145,669,669,16.642,25.027,34.493,43.875,45.038,39.41,43.362,48.162,37.904,669,669,-7.8676,12.752,35.023,40.692,52.904,54.273,59.873,47.114,38.176
670,670,6.0703,20.982,32.488,43.786,49.393,47.779,47.426,50.455,42.829,670,670,24.846,28.089,30.129,52.317,52.801,48.305,49.201,56.692,40.643,670,670,6.0603,20.271,35.325,47.051,50.657,57.531,66.543,52.848,39.126
671,671,8.8501,21.825,33.735,42.692,54.515,54.443,52.867,48.337,39.777,671,671,20.721,25.638,32.806,48.95,53.707,50.9,50.861,50.521,38.227,671,671,1.3053,16.211,29.366,47.304,54.1,62.132,71.026,54.572,39.427
672,672,20.178,23.559,37.304,48.731,53.757,52.912,55.021,56.763,44.066,672,672,15.958,26.288,30.624,51.074,54.948,52.232,53.592,56.279,40.076,672,672,-2.3991,17.696,30.556,49.529,55.385,65.483,71.864,56.965,40.652
673,673,14.608,25.487,37.388,48.62,54.521,53.571,57.134,60.969,44.117,673,673,19.09,30.521,34.069,48.423,52.162,50.494,52.901,58.863,40.626,673,673,7.5826,20.944,33.757,48.934,57.328,68.242,71.943,56.361,41.135
674,674,7.5559,24.277,29.639,45.814,54.794,53.83,53.362,61.06,45.888,674,674,28.441,29.017,32.24,45.117,53.327,49.853,51.393,59.666,41.392,674,674,13.791,20.832,31.874,49.48,59.216,68.762,69.367,55.864,40.93
675,675,13.985,23.632,31.12,44.782,53.775,52.403,49.065,59.013,44.049,675,675,27.497,28.375,30.494,48.242,51.454,48.253,48.055,57.07,40.637,675,675,11.419,21.491,29.55,46.685,59.25,61.712,66.374,52.832,40.673
676,676,19.388,26.005,32,43.912,50.853,45.783,50.832,58.921,43.385,676,676,25.215,26.999,34.09,49.594,50.413,45.519,50.526,57.249,41.469,676,676,11.261,21.656,33.972,44.695,56.336,58.018,70.159,55.25,40.417
677,677,11.009,26.921,36.075,48.001,53.697,50.366,54.911,57.324,44.217,677,677,20.771,26.592,33.081,49.278,54.555,49.686,53.138,57.563,42.068,677,677,8.2648,20.843,32.537,46.206,56.829,58.179,70.931,56.682,41.695
678,678,12.509,28.007,31.567,49.814,52.854,51.031,56.73,58.51,43.638,678,678,13.471,26.593,31.034,58.706,59.946,53.465,54.827,57.803,42.289,678,678,2.6452,21.562,33.432,52.607,57.68,60.829,74.546,57.856,42.48
679,679,26.549,30.379,36.865,55.532,57.685,54.703,55.112,56.756,45.462,679,679,19.128,22.91,37.59,57.716,58.385,53.186,54.396,57.796,42.421,679,679,5.3891,21.593,35.208,52.235,58.424,61.207,72.489,56.742,43.037
680,680,25.551,26.108,37.488,50.225,53.555,53.935,59.379,58.51,43.928,680,680,21.786,27.106,34.522,55.465,53.545,50.532,54.391,58.267,41.779,680,680,0.67183,20.701,33.24,48.406,58.833,62.395,73.269,60.38,42.606
681,681,15.136,17.186,36.517,49.354,55.544,56.309,58.9,57.763,44.981,681,681,13.565,21.356,36.356,53.348,57.502,53.224,56.53,56.075,40.463,681,681,4.6967,23.274,29.918,47.445,58.818,64.975,75.151,60.496,42.669
682,682,15.167,31.013,42.589,58.51,60.439,57.935,59.944,56.196,43.207,682,682,17.827,31.934,42.366,64.19,63.212,57.247,57.097,54.123,39.737,682,682,4.5593,18.881,35.173,54.246,59.61,64.987,74.639,57.577,41.545
683,683,16.796,33.494,41.514,59.472,56.905,54.911,57.31,52.102,43.565,683,683,24.889,34.506,41.099,58.524,61.835,54.74,55.361,50.837,38.938,683,683,6.3514,23.151,35.7,48.946,56.301,63.635,70.781,53.488,39.875
684,684,24.629,30.038,40.704,61.636,61.269,58.584,57.422,54.544,44.297,684,684,30.381,35.952,46.935,60.259,70.114,64.568,57.568,55.614,42.142,684,684,7.9881,26.981,35.117,54.066,63.222,66.682,75.368,55.421,45.011
685,685,25.928,35.794,36.976,54.031,57.29,55.838,54.822,54.007,43.912,685,685,28.501,34.497,43.174,55.103,60.867,58.517,54.553,54.307,40.526,685,685,11.04,27.507,36.208,49.26,61.406,65.666,72.796,55.842,41.324
686,686,32.038,26.535,43.322,48.463,55.196,54.312,55.179,52.957,41.461,686,686,24.473,36.783,37.881,59.201,58.291,54.485,54.99,54.232,39.165,686,686,10.781,20.765,34.837,50.75,61.75,70.422,73.79,56.228,40.2
687,687,32.731,23.714,31.78,56.741,56.345,55.146,55.717,53.665,43.601,687,687,33.436,32.165,41.7,62.224,58.871,55.628,57.014,53.249,39.241,687,687,13.318,23.995,34.335,49.741,57.381,67.72,74.099,59.074,41.022
688,688,27.685,30.33,41.365,54.529,56.681,55.034,52.127,59.327,43.688,688,688,32.156,29.1,34.701,58.07,60.788,51.521,52.342,56.288,40.539,688,688,12.562,18.755,33.383,47.436,54.953,67.403,71.479,59.783,41.103
689,689,20.55,25.856,39.707,52.517,53.105,51.579,53.163,60.398,44.878,689,689,28.064,25.209,39.938,58.356,59.872,53.541,52.622,57.847,41.363,689,689,11.573,25.82,35.43,49.635,56.156,66.924,73.725,61.29,42.112
690,690,24.062,31.803,37.445,53.272,54.603,56.24,51.768,60.584,44.926,690,690,24.496,31.586,40.831,60.663,62.385,57.781,51.189,57.054,41.131,690,690,9.0484,24.169,37.291,50.209,59.651,68.494,72.702,58.78,41.874
691,691,30.859,32.736,37.688,55.735,59.277,56.914,52.506,63.51,47.048,691,691,25.189,25.863,39.454,57.933,62.624,57.268,52.72,58.23,42.22,691,691,10.989,17.962,33.321,51.447,58.7,61.629,73.429,61.489,42.545
692,692,27.315,28.124,38.227,52.572,56.317,56.996,63.957,61.013,44.16,692,692,28.162,30.311,39.984,54.48,58.23,56.529,61.226,56.741,40.514,692,692,12.178,22.941,33.199,48.323,56.469,73.194,82.998,65.464,45.098
693,693,19.091,29.272,37.54,52.094,60.984,59.621,54.809,50.717,44.072,693,693,24.834,32.15,38.329,55.196,64.056,60.492,54.257,49.979,39.916,693,693,5.332,22.624,37.089,49.315,61.418,68.217,76.001,53.616,40.953
694,694,15.195,30.382,39.89,53.318,56.724,52.31,46.708,47.419,41.513,694,694,24.536,29.016,40.36,60.545,60.235,54.159,45.257,49.065,39.237,694,694,1.0791,13.631,31.781,51.205,57.89,59.147,62.871,46.943,40.518
695,695,20.828,30.858,37.199,53.948,55.618,52.854,45.456,47.104,43.269,695,695,19.199,25.962,36.988,60.326,62.277,53.838,44.789,48.094,39.258,695,695,3.9795,18.813,32.797,51.305,59.42,58.317,58.793,45.694,40.713
696,696,26.998,31.865,45.496,59.662,61.438,59.862,50.373,50.361,42.356,696,696,10.741,29.547,45.843,66.959,68.58,63.871,49.736,49.994,40.742,696,696,7.7661,24.081,36.089,55.077,62.521,60.723,60.786,46.997,41.206
697,697,24.026,38.964,37.359,55.554,58.48,54.917,44.758,49.547,44.056,697,697,17.661,32.905,42.553,58.423,59.81,54.372,45.488,49.238,40.542,697,697,4.7324,25.121,34.235,46.952,55.788,55.125,58.112,45.87,41.033
698,698,23.058,25.554,38.777,46.105,53.398,50.941,43.667,47.224,42.532,698,698,23.16,29.078,39.947,52.682,57.773,51.814,42.953,45.206,39.413,698,698,8.5418,23.458,32.808,46.152,58.751,58.948,60.054,45.451,41.241
699,699,24.119,23.822,35.66,42.755,52.621,51.121,43.505,46.427,43.861,699,699,21.279,27.612,32.416,45.323,54.156,50.73,43.607,45.971,39.711,699,699,6.4179,20.061,32.439,44.787,54.894,59.082,59.282,44.978,40.759
700,700,12.229,28.811,33.97,44.135,49.639,46.796,46.436,44.883,41.775,700,700,16.263,26.518,32.828,48.926,51.633,46.191,47.028,44.709,39.202,700,700,4.0023,23.49,30.718,43.17,53.906,59.314,67.181,47.071,40.429
701,701,9.9121,24.389,30.984,47.232,54.307,50.85,43.396,44.482,44.054,701,701,17.307,26.946,36.667,54.679,57.06,49.732,41.829,43.892,39.397,701,701,1.9031,22.765,36.896,47.52,55.747,59.899,61.24,42.497,40.203
702,702,20.914,27.871,36.9,50.448,48.508,46.518,39.392,45.227,41.671,702,702,22.527,31.153,38.334,52.285,51.071,46.49,40.359,42.93,39.498,702,702,1.7371,25.298,33.739,39.493,52.213,55.803,57.292,39.452,39.912
703,703,24.642,28.726,36.186,48.589,49.307,44.495,39.617,44.704,43.898,703,703,20.507,30.483,36.635,49.083,52.223,42.875,37.766,43.495,39.263,703,703,-0.31503,25.324,33.441,42.341,53.504,53.858,54.687,39.357,40.487
704,704,18.794,27.739,33.537,48.847,50.631,46.137,40.43,45.476,42.951,704,704,17.098,26.273,31.828,54.265,57.49,48.211,39.736,44.797,39.705,704,704,-1.174,20.525,33.983,46.293,53.196,54.6,55.019,40.057,40.546
705,705,21.077,28.932,35.014,50.318,55.468,55.169,55.562,54.786,44.454,705,705,22.821,34.819,40.505,52.356,57.661,55.88,53.182,49.645,39.739,705,705,5.15,25.317,28.015,48.307,59.737,68.151,76.223,54.822,41.386
706,706,20.751,32.366,33.154,43.441,57.956,58.055,56.95,61.183,44.227,706,706,22.233,29.668,32.824,48.635,58.774,56.044,54.725,57.525,40.889,706,706,-0.78024,25.496,30.555,41.111,55.052,67.884,77.715,62.238,43.052
707,707,12.73,28.067,28.447,48.942,55.814,54.113,56.121,63.565,47.347,707,707,18.649,23.255,35.72,53.842,54.044,51.574,55.034,60.39,43.271,707,707,-1.0395,24.185,28.409,46.538,55.972,65.133,77.568,62.563,43.346
708,708,17.03,29.362,38.264,48.584,59.31,58.942,59.415,66.054,48.162,708,708,15.486,28.477,41.575,58.235,58.7,54.218,56.724,64.035,45.098,708,708,-0.11642,27.43,34.064,46.41,59.132,66.166,79.656,68.876,46.895
709,709,21.641,28.157,38.73,54.344,70.533,73.763,77.656,78.007,57.607,709,709,10.34,27.652,39.821,58.015,66.349,71.37,73.862,76.616,55.003,709,709,4.7635,23.396,32.819,54.175,71.679,90.414,98.674,82.233,59.969
710,710,18.224,26.09,39.825,59.336,79.787,82.965,85.458,84.376,63.637,710,710,15.891,26.096,38.461,56.593,72.365,80.637,81.704,82.175,61.37,710,710,18.808,35.773,34.68,60.896,82.655,101.97,106.08,87.799,66.58
711,711,23.373,26.489,43.596,63.788,82.68,84.726,90.204,86.412,66.174,711,711,17.408,31.351,39.435,53.434,75.993,79.887,84.064,84.96,64.027,711,711,23.568,29.851,38.396,61.975,86.003,102.64,108.17,89.513,68.6
712,712,23.724,34.529,48.897,60.352,82.958,86.488,91.105,85.985,65.158,712,712,17.251,16.575,37.358,58.106,75.168,80.868,84.781,84.89,63.522,712,712,27.543,39.703,45.286,62.613,87.467,103.51,109.54,90.39,69.362
713,713,18.564,23.078,42.571,65.806,80.822,84.102,90.456,85.595,65.319,713,713,18.821,23.779,38.136,61.9,74.525,80.168,84.633,85.043,64.571,713,713,31.335,34.641,40.594,60.469,83.6,102.44,108.58,89.231,68.648
714,714,24.249,28.645,44.664,61.426,83.111,85.709,90.704,84.681,64.126,714,714,27.485,23.407,31.169,59.569,76.462,80.101,84.993,83.339,61.868,714,714,32.276,38.144,43.532,63.294,86.748,102.73,109.62,89.781,68.96
715,715,22.449,36.525,40.784,60.465,82.299,84.509,92.143,83.934,63.018,715,715,26.174,32.83,38.037,56.392,76.104,78.509,84.324,84.204,63.715,715,715,30.169,38.342,38.426,61.482,84.317,101.55,109.09,89.404,68.742
716,716,27.576,34.966,35.24,58.118,75.399,80.189,83.105,76.831,57.33,716,716,28.118,27.26,39.454,60.695,73.096,76.149,79.072,73.04,53.06,716,716,28.638,36.985,43.307,62.632,81.651,99.396,105.54,84.408,64.382
717,717,14.506,28.792,38.086,53.05,74.69,75.336,75.746,73.813,56.264,717,717,22.949,25.333,33.386,52.225,73.945,72.774,74.679,72.197,51.685,717,717,28.463,33.4,36.863,59.653,78.559,93.266,96.939,79.408,58.028
718,718,15.557,24.388,37.815,53.356,69.894,68.621,67.363,75.408,57.033,718,718,22.253,25.634,39.555,56.188,70.129,67.004,66.645,72.162,52.297,718,718,23.315,27.43,35.401,58.657,75.142,84.347,86.902,70.195,51.115
719,719,14.578,27.118,37.137,45.981,64.576,63.354,61.194,65.283,49.11,719,719,24.762,22.842,36.87,51.434,69.815,66.408,59.974,61.635,44.127,719,719,16.655,29.78,38.699,53.237,71.707,76.601,80.591,62.33,45.93
720,720,17,25.296,34.785,52.467,66.423,65.777,60.259,57.614,47.254,720,720,23.643,33.07,38.871,57.452,66.53,64.853,60.395,60.093,44.142,720,720,10.791,18.666,39.288,53.209,70.654,77.984,79.752,61.69,45.556
721,721,22.186,29.579,35.88,49.532,59.679,59.547,58.28,58.468,47.276,721,721,26.798,34.476,37.848,57.821,62.86,59.48,56.667,56.799,43.218,721,721,14.012,23.982,36.427,53.261,66.404,73.328,74.42,57.911,44.748
722,722,23.116,23.79,39.583,49.509,55.698,59.033,60.125,61.913,49.911,722,722,26.869,29.994,30.319,54.119,59.615,57.835,58.287,62.999,45.621,722,722,11.129,23.899,36.63,52.681,66.372,75.21,79.463,62.599,47.502
723,723,22.959,29.418,34.025,52.206,63.807,63.684,60.001,60.004,47.707,723,723,18.565,21.584,36.604,50.994,61.471,58.691,58.358,59.173,42.768,723,723,9.3206,22.568,37.443,55.258,72.734,76.023,78.401,60.779,45.778
724,724,19.355,32.247,35.765,53.608,62.329,61.823,58.788,59.509,48.835,724,724,13.149,28.472,33.951,54.22,62.629,60.277,59.629,61.038,45.607,724,724,10.858,27.159,34.27,54.605,69.637,77.509,79.132,65.631,47.692
725,725,17.978,24.35,40.387,52.822,69.508,71.509,72.327,69.348,50.881,725,725,21.663,26.336,38.575,56.344,68.2,68.096,69.252,69.53,49.691,725,725,4.1285,26.166,32.284,52.364,73.407,86.814,93.041,74.831,53.802
726,726,23.285,26.923,37.294,49.791,73.382,77.66,75.782,71.778,53.498,726,726,27.304,25.377,38.49,55.597,69.455,71.934,71.869,69.486,50.571,726,726,13.237,24.712,35.063,58.848,77.033,89.11,96.875,78.399,57.417
727,727,19.6,30.062,37.76,55.702,79.345,82.283,77.757,74.68,57.111,727,727,19.071,23.983,34.431,50.595,72.938,75.963,76.434,72.278,52.766,727,727,6.1814,16.298,36.443,56.549,82.948,95.048,99.689,80.705,60.088
728,728,17.128,30.86,39.355,56.317,78.892,82.076,77.494,73.048,56.006,728,728,23.116,27.982,38.71,56.514,72.273,75.706,73.893,71.769,52.144,728,728,6.796,28.846,38.42,61.649,81.835,94.697,98.789,78.629,58.189
729,729,20.824,26.282,44.828,57.748,78.817,82.63,80.322,76.902,59.105,729,729,26.612,28.134,37.774,61.15,74.321,78.001,77.933,74.423,55.429,729,729,12.951,29.943,34.672,59.928,83.457,97.533,101.81,82.843,62.23
730,730,18.27,24.227,41.469,61.463,79.758,80.988,80.96,76.218,59.846,730,730,19.962,32.739,37.067,63.248,73.138,76.007,77.293,71.371,53.641,730,730,8.5885,30.368,32.738,61.196,82.868,96.994,102.06,81.799,61.864
731,731,22.843,29.076,40.379,61.03,76.691,78.745,77.943,76.623,59.048,731,731,22.76,34.027,38.096,55.661,72.405,75.424,75.379,76.581,56.752,731,731,11.305,22.485,34.779,59.552,81.288,96.364,100.22,83.532,62.432
732,732,16.619,26.755,36.617,58.397,78.271,77.767,77.041,74.438,56.374,732,732,19.648,29.347,40.734,56.351,69.23,71.862,77.153,71.905,53.004,732,732,14.518,25.086,36.517,62.547,77.927,90.491,100.78,83.917,62.716
733,733,19.444,23.983,36.467,51.23,74.143,74.355,74.525,76.982,55.36,733,733,19.332,26.577,36.677,51.925,70.445,70.692,73.721,75.233,53.288,733,733,12.767,27.828,34.281,53.633,71.131,81.287,97.553,84.237,61.44
734,734,24.475,23.162,36.639,48.252,64.886,66.716,69.6,75.938,54.841,734,734,23.695,27.967,36.489,53.316,64.976,65.151,69.166,73.001,52.438,734,734,16.811,26.545,33.334,54.393,72.052,79.972,89.816,79.478,55.685
735,735,16.017,24.554,36.037,51.27,76.775,73.772,68.759,73.855,53.096,735,735,19.073,24.57,38.901,55.967,70.115,69.184,66.595,67.882,49.154,735,735,10.204,22.622,36.539,55.74,78.453,84.244,88.174,72.833,51.136
736,736,16.749,25.823,35.815,48.918,72.521,69.561,64.073,63.923,47.712,736,736,22.273,16.802,38.353,52.701,68.834,65.702,62.097,62.668,44.415,736,736,3.7569,17.282,36.549,54.841,73.611,74.948,82.484,69.347,47.533
737,737,21.863,16.971,32.798,46.737,68.146,68.568,62.643,64.043,46.351,737,737,26.469,29.998,37.439,54.996,65.091,65.208,60.981,63.245,44.458,737,737,6.7878,24.331,34.434,51.813,67.724,72.934,79.674,66.824,45.414
738,738,16.726,26.532,36.312,49.232,62.289,61.953,60.53,63.679,47.211,738,738,24.293,26.124,34.539,54.753,58.99,58.228,59.464,62.012,43.883,738,738,3.5023,26.039,36.286,50.573,64.008,70.858,77.192,66.411,45.107
739,739,16.186,25.777,31.719,44.343,60.569,62.285,60.323,61.006,45.353,739,739,17.246,27.692,34.082,51.45,59.83,59.535,58.412,61.18,43.844,739,739,3.0276,24.394,31.193,50.321,67.439,72.641,75.35,64.804,44.734
740,740,11.855,21.071,30.526,47.592,59.214,59.275,56.514,59.533,44.518,740,740,21.102,26.45,36.512,48.389,59.742,57.187,54.933,59.167,41.524,740,740,0.91346,18.07,26.358,53.338,64.708,69.287,72.601,61.263,42.306
741,741,13.357,27.826,34.166,50.627,55.01,53.535,53.805,53.018,41.136,741,741,14.235,22.916,35.539,54.947,54.714,49.543,52.651,52.818,38.607,741,741,5.495,22.575,28.759,51.617,58.883,61.672,69.419,55.722,40.158
742,742,17.385,20.483,34.243,42.332,55.725,52.199,49.996,50.937,43.007,742,742,13.187,27.975,36.243,47.057,52.554,43.42,47.993,49.092,38.251,742,742,11.118,21.932,26.719,52.925,58.049,56.648,67.053,53.076,40.165
743,743,15.357,21.305,33.882,48.786,55.863,53.842,51.635,50.013,40.679,743,743,20.986,23.848,34.059,49.825,54.828,50.162,49.508,49.492,38.295,743,743,5.6394,20.363,36.627,53.842,60.531,60.257,67.717,53.436,39.491
744,744,13.665,25.548,31.155,47.933,56.574,54.87,51.317,47.862,43.245,744,744,23.679,29.6,34.466,57.375,55.645,48.469,47.163,48.891,38.2,744,744,9.5562,19.021,35.558,50.364,60.682,60.333,67.917,53.742,39.121
745,745,19.829,26.79,35.188,49.27,55.872,53.645,51.463,49.849,40.622,745,745,21.08,30.133,30.858,45.509,53.442,50.626,48.057,49.905,37.615,745,745,5.3034,26.355,33.573,50.407,61.589,60.665,66.133,52.702,38.25
746,746,19.011,23.269,35.449,50.243,50.757,47.493,48.06,49.004,42.231,746,746,25.67,26.15,31.713,50.235,54.337,49.931,46.188,49.328,37.877,746,746,-3.576,20.663,32.173,48.41,54.09,58.628,63.075,50.037,38.477
747,747,16.862,24.968,35.201,43.795,52.74,49.511,44.044,48.389,39.724,747,747,23.795,27.801,37.827,46.922,50.111,44.804,44.636,47.941,37.295,747,747,-0.0038035,18.875,29.218,45.905,53.795,56.394,63.638,49.883,38.61
748,748,9.5774,22.678,32.195,45.649,51.235,50.373,43.022,46.997,41.984,748,748,32.018,31.983,29.439,43.123,49.862,45.218,44.926,46.755,36.923,748,748,12.994,15.977,30.356,44.599,51.937,55.174,62.796,49.517,38.666
749,749,19.582,21.828,32.748,42.558,49.296,46.093,48.321,47.108,39.487,749,749,30.882,31.063,32.707,45.699,49.565,43.373,49.147,45.188,36.879,749,749,13.005,18.144,30.53,43.188,52.17,54.026,67.134,53.773,38.567
750,750,19.668,24.864,33.523,44.038,49.838,46.684,52.959,47.035,42.41,750,750,18.296,18.457,33.725,46.34,54.852,50.756,51.219,45.856,37.41,750,750,8.1334,18.814,30.508,43.834,54.288,59.189,68.441,54.513,39.496
751,751,20.974,25.19,36.682,46.579,53.446,50.344,54.318,45.64,39.187,751,751,23.158,21.892,33.201,43.858,54.184,49.558,50.067,46.192,36.831,751,751,7.6809,24.361,33.202,46.387,54.904,60.754,68.884,54.083,38.725
752,752,19.077,28.742,35.005,42.724,54.694,53.226,53.645,47.152,42.58,752,752,23.902,26.56,36.798,43.525,54.471,50.039,49.747,45.994,37.852,752,752,8.8377,22.711,29.944,45.872,56.641,62.909,68.596,53.305,39.365
753,753,12.277,29.371,34.825,46.776,55.42,50.634,51.672,46.82,40.268,753,753,16.68,24.064,30.004,48.639,56.864,52.214,49.988,46.495,37.445,753,753,-0.25899,19.688,34.859,46.613,58.738,60.924,68.483,52.767,38.974
754,754,12.21,23.407,33.305,44.531,59.134,55.479,49.87,48.516,42.654,754,754,19.151,24.201,33.924,47.069,57.864,52.731,49.429,48.391,37.995,754,754,0.33232,20.445,32.627,46.527,56.266,60.361,67.841,51.007,39.316
755,755,18.481,28.37,33.599,42.62,55.996,51.828,47.205,47.335,40.108,755,755,16.004,28.165,29.738,52.45,54.983,50.449,45.888,45.721,37.614,755,755,6.7687,19.925,28.366,49.518,55.992,57.512,66.079,49.531,38.7
756,756,15.258,27.668,27.081,44.003,56.344,53.129,45.442,46.151,42.661,756,756,22.241,32.517,31.459,53.312,55.06,49.271,44.748,45.064,37.878,756,756,9.283,23.45,33.303,49.515,59.187,59.75,64.529,48.591,38.918
757,757,16.404,31.24,32.265,47.821,55.354,52.53,45.141,44.376,40.16,757,757,23.899,24.586,33.831,52.717,57.41,50.619,43.23,45.727,37.467,757,757,6.7287,22.161,30.713,48.782,58.614,57.594,60.207,44.827,38.391
758,758,16.719,25.804,34.864,48.814,58.099,54.196,44.683,45.654,42.993,758,758,20.58,23.787,38.827,49.072,58.499,52.099,42.749,45.382,38.585,758,758,0.99117,19.227,32.865,47.304,61.328,57.466,61.599,46.8,39.955
759,759,21.385,17.814,31.137,47.616,56.76,51.508,45.619,43.343,39.989,759,759,24.091,26.271,34.191,42.614,55.252,49.267,44.137,43.605,37.699,759,759,11.306,15.123,28.91,45.746,61.59,58.451,62.258,47.252,39.232
760,760,20.59,14.32,30.156,45.035,57.885,54.756,47.271,48.813,43.211,760,760,25.163,22.132,25.216,42.918,58.056,53.104,47.032,47.138,39.021,760,760,9.7959,15.56,28.447,43.674,57.34,59.891,64.244,49.95,40.551
761,761,20.611,18.355,34.602,43.507,57.707,55.629,47.219,51.648,42.103,761,761,23.163,23.71,33.521,41.973,58.467,55.008,46.535,47.862,39.795,761,761,0.97615,19.424,32.018,43.737,60.319,62.321,64.545,49.77,40.838
762,762,15.786,25.01,35.892,47.894,58.723,57.109,51.227,52.211,42.398,762,762,20.335,23.809,35.407,48.544,58.317,56.273,49.355,51.262,40.457,762,762,-4.305,19.134,32.052,44.929,60.077,63.276,68.346,54.765,41.988
763,763,18.398,29.604,35.125,41.336,58.06,58.036,55.066,57.553,45.986,763,763,23.488,30.312,33.788,46.598,58.824,57.119,54.125,55.612,42.279,763,763,2.4378,14.398,31.334,47.744,65.071,67.779,75.83,61.123,44.29
764,764,21.637,29.016,30.705,43.244,59.973,58.4,55.031,58.843,46.321,764,764,27.055,24.714,32.262,46.331,58.56,57.171,54.79,56.345,42.374,764,764,9.2336,24.11,33.668,44.193,67.613,71.498,75.445,60.901,44.977
765,765,14.526,22.875,32.139,44.04,65.043,67.456,61.547,68.906,52.327,765,765,21.941,25.223,31.866,44.668,67.917,67.422,60.171,65.771,48.681,765,765,8.9575,19.392,31.819,48.612,71.418,77.156,81.487,67.33,49.06
766,766,21.889,24.621,28.877,44.189,68.72,68.996,64.165,67.32,50.198,766,766,25.323,22.153,28.016,45.784,68.944,67.358,63.283,64.212,47.725,766,766,1.92,20.195,33.904,51.151,74.878,77.35,85.632,67.56,49.185
767,767,19.761,23.432,28.513,48.97,76.26,76.589,66.974,71.014,53.103,767,767,21.667,25.122,34.796,45.088,69.323,70.589,64.681,69.062,50.035,767,767,3.8396,21.526,28.37,56.633,79,81.757,89.594,72.803,52.508
768,768,11.33,22,34.392,49.365,77.533,75.158,62.426,66.544,52.39,768,768,14.121,18.914,31.522,45.515,73.475,71.882,58.884,65.13,47.478,768,768,4.0559,25.129,33.448,57.661,80.299,81.524,81.57,64.599,48.823
769,769,14.555,24.522,33.135,47.827,73.629,67.825,61.808,64.926,51.401,769,769,15.397,29.156,31.468,45.155,72.611,66.43,61.018,63.71,46.076,769,769,4.8663,27.572,31.026,54.702,80.575,77.983,84.896,68.648,49.805
770,770,14.982,24.519,32.022,44.865,73.545,66.552,58.996,62.157,48.272,770,770,20.167,24.314,33.056,47.151,74.186,66.853,59.023,56.875,41.698,770,770,2.1884,21.656,32.079,51.895,80.954,75.677,80.865,63.544,46.019
771,771,19.343,23.079,34.249,46.799,67.131,63.464,56.84,57.929,50.148,771,771,22.238,20.34,31.695,44.191,68.618,63.788,56.125,56.576,43.906,771,771,2.6953,16.585,27.572,54.581,73.61,72.644,77.204,60.722,47.661
772,772,10.192,21.665,31.492,44.102,67.465,66.125,52.597,53.599,48.705,772,772,15.072,17.968,26.248,45.926,67.929,64.912,51.73,51.909,41.657,772,772,0.93525,14.991,31.071,48.792,70.092,70.266,71.63,56.165,46.472
773,773,9.8354,22.921,26.747,42.754,68.486,69.583,52.738,51.486,47.131,773,773,14.966,23.124,30.413,42.847,64.898,65.442,52.158,50.438,40.439,773,773,1.7776,17.922,29.972,50.274,68.196,69.039,70.215,55.126,44.708
774,774,10.962,28.246,31.663,40.225,58.978,61.06,51.215,50.974,45.898,774,774,9.9669,27.866,29.588,39.177,57.961,58.942,48.743,49.616,39.816,774,774,6.2626,18.122,31.612,50.808,68.287,67.328,65.79,50.833,43.872
775,775,8.4755,24.736,32.028,39.353,54.59,50.166,45.386,50.251,46.104,775,775,12.724,26.696,27.436,37.622,55.367,49.869,45.258,47.537,39.176,775,775,1.3565,19.926,33.697,43.227,64.824,60.854,63.278,48.653,42.11
776,776,13.359,23.381,30.356,37.29,57.99,56.198,45.709,46.962,42.347,776,776,19.633,23.989,31.205,40.089,57.307,52.132,44.679,46.702,38.028,776,776,-2.8898,16.733,32.328,48.013,64.335,59.338,64.199,50.28,40.519
777,777,13.105,20.419,25.317,42.086,56.478,54.347,44.876,44.686,43.878,777,777,17.349,18.133,26.557,41.725,56.276,51.761,43.541,46.152,38.315,777,777,-2.3527,19,34.934,47.326,60.798,61.198,61.977,46.163,41.592
778,778,15.069,20.755,34.617,40.656,59.526,57.439,43.959,45.438,44.559,778,778,16.284,19.573,29.838,37.961,53.722,50.625,43.604,47.57,38.245,778,778,-3.9655,15.033,30.731,44.992,59.319,57.923,61.372,46.423,42.548
779,779,4.393,22.364,34.021,41.193,54.145,52.745,43.317,45.495,44.47,779,779,8.9274,17.067,28.704,37.722,51.43,48.214,43.726,45.898,37.978,779,779,-1.1658,18.83,32.746,44.293,57.476,59.095,63.358,47.209,41.213
780,780,18.878,25.932,31.709,40.18,49.678,47.406,42.389,44.663,42.31,780,780,17.534,20.455,31.41,36.962,49.87,46.539,41.354,45.137,37.346,780,780,-2.8235,24.815,30.541,42.268,56.933,58.11,62.013,45.581,40.609
781,781,16.371,23.112,30.251,40.831,52.871,51.281,43.697,44.751,43.329,781,781,17.718,22.488,29.717,36.485,53.107,49.729,43.062,43.302,37.484,781,781,-2.0062,24.407,28.566,44.247,55.387,57.721,63.973,46.824,40.393
782,782,24.316,21.905,32.435,39.984,52.815,50.476,50.217,46.414,42.478,782,782,27.885,22.126,28.532,37.331,55.381,50.574,47.385,44.712,37.526,782,782,8.0986,19.884,29.302,44.389,60.086,59.82,67.354,51.824,40.123
783,783,24.877,22.972,32.031,39.214,56.173,53.758,53.551,45.003,42.958,783,783,28.292,28.09,30.937,38.247,58.683,54.281,52.052,47.6,37.811,783,783,8.2701,19.577,31.906,42.267,56.185,61.567,70.627,53.825,40.011
784,784,20.391,27.136,35.505,41.876,58.742,56.519,51.856,47.341,40.72,784,784,23.164,26.226,34.234,39.88,53.97,51.31,50.26,49.873,37.599,784,784,5.1401,20.6,32.771,46.054,55.151,64.6,69.965,54.841,39.932
785,785,17.421,27.404,32.542,40.783,58.898,57.559,55.347,53.022,43.646,785,785,21.838,27.744,32.572,38.148,54.394,50.669,52.921,53.68,38.341,785,785,5.1183,27.197,31,41.085,56.8,66.972,70.69,58.205,40.378
786,786,16.378,21.542,30.025,42.343,57.063,56.292,53.274,57.431,43.383,786,786,14.346,29.217,34.104,38.326,56.315,53.499,51.566,56.593,39.622,786,786,4.8887,29.569,28.767,46.743,56.055,65.773,68.84,57.883,40.635
787,787,22.999,26.522,29.363,37.568,54.332,54.355,54.335,58.542,44.719,787,787,17.345,26.968,25.967,38.701,49.101,49.322,51.124,56.88,40.282,787,787,7.0034,27.388,33.233,46.043,55.939,65.026,69.005,57.615,40.543
788,788,18.324,26.767,33.075,36.199,52.952,51.063,47.659,55.277,42.501,788,788,25.557,26.804,30.506,38.851,50.672,46.97,47.486,54.295,38.676,788,788,10.876,21.644,34.136,46.731,56.573,58.376,65.831,53.991,40.613
789,789,15.487,20.889,29.6,39.908,54.642,50.296,50.632,53.83,43.318,789,789,27.191,30.708,33.642,37.223,48.55,44.461,49.735,52.85,38.529,789,789,12.21,21.112,32.556,45.733,57.237,58.057,66.783,54.465,39.824
790,790,15.159,20.44,32.318,40.831,49.45,46.34,52.733,54.304,41.057,790,790,21.003,19.441,30.468,40.801,48.4,46.288,51.558,52.759,39.804,790,790,8.9081,17.745,35.679,44.852,53.241,60.37,70.186,56.832,40.633
791,791,18.627,21.666,34.63,41.873,51.658,50.818,55.583,55.571,44.028,791,791,20.426,20.478,33.452,39.461,48.172,45.322,53.932,56.31,41.407,791,791,6.2844,17.725,33,42.059,53.047,62.068,70.549,57.916,40.979
792,792,19.037,20.907,31.912,37.864,53.086,53.565,57.016,56.658,43.976,792,792,19.882,27.41,30.182,39.677,51.239,49.609,55.307,55.678,41.98,792,792,5.9518,18.641,28.843,42.127,56.134,61.967,71.23,58.499,41.87
793,793,15.817,21.387,28.114,40.021,52.295,50.515,58.173,56.702,45.468,793,793,24.435,28.656,36.927,39.89,48.993,47.177,57.659,54.976,41.17,793,793,11.049,24.121,34.438,46.1,56.959,61.304,73.863,60.569,42.917
794,794,10.52,15.413,28.652,41.193,54.74,55.369,59.617,58.898,44.112,794,794,27.943,21.103,35.652,37.314,49.169,48.083,58.895,55.991,40.193,794,794,11.148,24.377,34.876,45.123,57.852,63.734,74.825,61.289,42.863
795,795,8.9371,15.807,31.875,38.226,56.139,56.48,59.422,54.888,44.403,795,795,18.377,22.84,28.352,35.107,51.136,49.232,56.939,53.928,40.006,795,795,2.4671,25.972,32.757,45.168,57.453,63.713,74.47,59.25,42.06
796,796,12.459,23.432,36.532,40.508,55.959,57.008,59.02,54.567,41.813,796,796,17.57,23.442,30.041,34.159,52.578,51.608,58.518,52.928,39.206,796,796,2.5641,21.013,32.98,47.544,58.086,64.9,74.116,58.413,41.188
797,797,14.651,21.386,32.629,39.224,53.845,54.184,56.202,49.697,43.023,797,797,23.451,19.872,30.852,36.939,51.82,51.364,54.218,50.443,37.87,797,797,7.9404,10.584,33.229,45.849,52.92,64.555,71.203,52.573,39.624
798,798,9.1596,23.347,33.156,41.494,51.064,52.312,55.913,51.904,41.262,798,798,21.936,28.913,31.04,35.514,55.746,53.679,57.597,52.4,39.056,798,798,5.7026,16.128,32.663,45.586,60.6,64.505,76.068,56.485,41.054
799,799,11.759,22.408,34.115,41.691,54.029,51.043,53.78,52.106,43.939,799,799,27.762,26.359,34.423,39.696,52.72,50.384,55.095,51.676,39.367,799,799,10.938,16.807,33.476,47.16,58.507,62.965,74.622,56.902,41.479
800,800,9.1907,22.879,28.895,44.07,55.59,55.907,56.132,52.43,41.845,800,800,19.926,27.67,32.554,38.688,52.169,53.019,54.894,50.309,38.662,800,800,3.6666,17.926,33.452,44.663,56.9,69.3,74.205,56.47,40.539
801,801,14.942,26.35,30.521,38.946,52.881,54.264,53.031,55.811,43.896,801,801,20.492,22.865,27.86,38.721,52.031,53.766,54.671,52.888,40.227,801,801,6.6854,17.959,31.519,40.167,58.942,70.648,73.872,58.529,42.165
802,802,13.449,25.438,29.447,37.986,51.758,52.252,50.741,58.753,43.402,802,802,22.026,19.543,30.506,35.444,49.833,49.279,52.201,56.359,41.748,802,802,8.1562,14.698,30.653,43.237,54.379,65.501,72.53,60.985,42.653
803,803,13.816,24.026,35.422,39.114,50.762,53.116,50.687,60.31,45.201,803,803,27.049,27.283,35.388,40.341,52.404,53.6,51.592,55.263,41.258,803,803,11.348,21.633,35.405,40.104,55.929,66.946,71.577,58.677,42.355
804,804,13.838,23.231,30.296,39.36,48.291,50.27,51.137,60.427,44.664,804,804,30.381,29.526,29.434,37.687,54.423,52.603,51.613,56.635,41.841,804,804,15.295,17.376,30.575,44.695,55.677,64.386,72.835,60.452,43.242
805,805,17.8,18.88,29.042,38.305,48.894,53.618,62.775,59.46,43.259,805,805,25.072,27.468,34.22,41.096,49.257,50.856,56.99,57.021,41.731,805,805,8.3901,21.78,32.158,44.448,56.337,72.379,82.208,62.902,43.887
806,806,18.115,24.703,34.052,41.909,60.538,61.065,56.837,52.552,43.671,806,806,22.183,29.834,35.145,42.004,59.707,58.526,53.928,50.603,40.008,806,806,5.3227,21.362,35.447,46.469,60.691,69.766,77.198,56.084,41.877
807,807,13.33,28.641,33.572,39.969,53.637,52.741,45.715,47.255,41.123,807,807,26.697,28.553,36.363,41.336,51.085,47.888,45.714,48.927,40.017,807,807,11.921,18.45,29.58,44.987,53.897,56.701,63.66,48.666,40.731
808,808,15.047,22.168,33.249,39.534,47.683,47.89,44.085,46.095,43.258,808,808,24.022,27.293,32.569,37.098,49.55,45.012,43.765,48.482,40.064,808,808,7.6019,24.228,31.055,46.531,52.511,57.216,62.617,47.248,40.72
809,809,14.932,27.085,32.154,38.318,50.505,49.329,44.286,46.116,41.276,809,809,23.765,30.62,28.045,35.016,49.357,46.695,45.259,47.951,40.573,809,809,9.6609,24.595,33.631,42.897,53.266,57.25,62.655,46.695,41.548
810,810,12.364,25.778,33.933,40.108,49.965,48.953,42.822,44.988,43.76,810,810,24.954,28.021,32.775,34.113,48.457,45.248,43.698,45.648,39.977,810,810,9.0219,23.685,33.021,43.608,51.918,57.744,62.235,46.26,41.275
811,811,20.636,26.621,32.772,38.829,49.334,47.469,43.806,45.989,41.935,811,811,21.238,24.884,29.307,39.324,47.972,44.652,43.126,45.95,39.693,811,811,6.6907,21.419,35.77,38.527,49.315,57.117,61.734,45.268,41.526
812,812,14.864,20.649,33.859,37.658,47.827,43.495,44.647,46.314,43.932,812,812,22.985,26.245,33.813,37.931,46.207,41.394,43.916,47.418,40.669,812,812,2.0708,18.565,34.455,43.335,51.528,54.58,63.115,45.988,41.405
813,813,19.734,26.676,33.188,40.22,50.2,45.599,44.029,44.707,41.605,813,813,25.277,28.996,32.685,35.77,44.819,40.522,44.259,46.418,39.731,813,813,7.9166,23.37,28.632,43.794,52.918,55.742,64.202,47.169,41.051
814,814,14.288,27.926,29.99,36.526,47.899,43.696,45.543,45.921,43.237,814,814,27.061,30.607,30.904,35.526,49.607,45.376,44.876,45.655,40.151,814,814,9.7563,23.278,32.156,39.824,51.273,55.762,63.92,46.235,40.543
815,815,25.319,26.057,30.665,38.707,47.115,45.326,45.744,46.161,41.602,815,815,28.096,26.443,31.981,37.754,47.143,43.161,43.428,46.781,40.078,815,815,3.4683,24.028,32.214,40.469,49.67,56.242,61.238,47.287,39.74
816,816,22.276,26.855,30.935,41.385,55.608,53.593,46.205,46.516,44.229,816,816,25.922,24.344,29.658,38.997,51.264,49.755,45.135,47.218,40.958,816,816,-1.5535,18.282,32.035,46.985,58.381,58.064,61.135,47.469,41.773
817,817,21.062,25.243,32.81,42.168,50.802,48.663,47.431,47.794,42.674,817,817,26.392,26.161,33.248,41.982,55.079,51.422,46.657,48.226,40.226,817,817,6.1596,21.577,30.761,46.773,56.495,58.399,62.565,48.61,41.451
818,818,22.713,27.665,33.218,40.995,50.197,49.615,45.286,46.517,44.273,818,818,28.449,29.057,35.938,37.603,51.46,48.704,44.258,48.71,41.605,818,818,12.165,24.143,31.548,43.659,53.602,59.293,62.64,48.101,42.568
819,819,22.744,21.77,31.877,40.051,52.872,50.978,44.025,48.221,42.684,819,819,25.821,25.502,28.771,35.974,52.813,48.265,45.037,49.344,40.452,819,819,9.9402,20.861,31.161,43.79,56.563,56.577,63.146,50.8,41.134
820,820,17.788,20.597,31.043,40.403,51.361,51.243,44.401,47.633,43.681,820,820,27.448,29.848,32.889,36.674,48.3,47.023,43.045,47.42,41.265,820,820,8.2412,21.777,30.276,44.059,56.838,60.955,60.448,45.631,41.431
821,821,23.013,23.915,34.414,36.828,46.208,46.708,51.902,51.39,42.24,821,821,27.706,27.938,31.863,42.891,47.755,45.64,47.992,50.495,40.634,821,821,6.4238,18.63,28.6,43.071,54.974,60.551,70.123,54.576,41.466
822,822,21.607,24.992,37.828,42.265,54.336,53.132,51.162,50.304,44.291,822,822,27.724,31.232,37.117,41.07,55.515,53.324,48.986,47.493,40.728,822,822,3.5509,19.974,37.473,41.986,60.455,65.45,71.212,53.15,42.348
823,823,21.61,27.167,33.888,40.34,61.984,61.67,54.008,51.929,42.435,823,823,24.85,30.592,27.922,37.655,62.536,60.182,52.53,49.356,40.294,823,823,5.8305,20.44,36.964,41.093,62.795,69.581,74.351,55.261,42.03
824,824,22.16,25.815,30.061,37.643,55.368,56.939,59.098,57.605,45.567,824,824,25.913,20.899,31.054,37.712,51.436,52.202,57.111,55.25,41.72,824,824,6.0239,22.644,38.966,44.459,53.233,68.988,79.927,60.761,44.172
825,825,15.576,21.54,29.673,38.799,50.235,53.601,54.708,59.927,44.29,825,825,22.257,17.282,32.181,41.468,48.3,51.207,55.136,58.779,42.417,825,825,10.702,22.148,34.984,42.72,54.708,67.213,75.024,63.467,43.857
826,826,21.297,26.593,33.066,37.918,53.039,53.631,55.135,62.381,46.909,826,826,26.55,26.875,32.219,36.751,48.988,50.194,55.527,62.783,44.394,826,826,6.2765,20.891,33.408,42.98,54.845,65.197,78.254,62.995,44.323
827,827,24.547,18.326,33.535,43.288,64.811,68.442,65.828,69.829,51.212,827,827,27.646,28.788,31.455,38.255,60.501,64.466,66.819,68.931,48.78,827,827,11.593,18.359,32.429,47.21,67.915,77.069,90.597,77.518,54.669
828,828,24.374,29.836,33.157,45.498,70.476,73.931,72.924,75.416,55.252,828,828,29.245,21.813,27.757,38.891,65.49,70.646,71.649,73.666,52.476,828,828,8.0449,20.133,36.94,49.781,72.13,88.172,96.984,80.982,59.445
829,829,18.389,33.258,36.957,50.633,78.616,80.12,79.158,76.901,57.228,829,829,22.449,25.564,36.124,42.944,72.106,75.804,75.918,74.94,54.317,829,829,3.2873,26.483,36.456,54.392,79.08,94.769,101.28,83.14,61.973
830,830,14.559,27.759,37.582,55.94,75.649,80.492,82.868,81.146,61.022,830,830,19.237,24.908,37.295,46.661,69.566,76.212,78.284,79.392,58.492,830,830,10.113,27.51,31.31,58.748,79.679,99.351,101.61,86.123,63.691
831,831,19.518,29.565,41.187,55.508,81.029,83.526,85.152,80.266,60.432,831,831,23.391,17.909,34.456,45.883,73.042,78.43,81.508,82.319,61.003,831,831,10.317,29.789,34.628,56.998,84.191,99.659,104.49,85.219,64.512
832,832,15.957,31.756,47.427,56.464,77.465,83.064,86.095,80.861,61.183,832,832,21.745,30.471,37.94,46.78,73.459,78.806,81.198,79.995,59.527,832,832,13.299,28.747,36.679,59.743,83.124,101.73,106.17,87.492,66.352
833,833,13.429,28.411,44.642,56.499,82.638,84.666,83.661,79.754,59.48,833,833,22.5,28.026,33.866,49.339,75.703,79.224,78.69,78.65,57.649,833,833,16.456,30.774,39.175,59.227,85.08,99.959,103.35,85.545,63.863
834,834,12.636,27.862,48.773,57.954,83.06,83.516,86.521,83.09,62.718,834,834,22.013,24.5,36.802,51.325,76.611,79.49,81.828,80.838,59.764,834,834,20.886,30.357,36.732,59.788,84.14,101.18,108.02,88.964,67.936
835,835,16.965,28.96,41.913,58.319,80.355,84.045,87.428,82.547,62.405,835,835,17.151,28.807,36.743,50.061,77.994,79.829,82.276,81.67,60.836,835,835,27.672,37.8,42.064,62.189,85.39,101.19,105.51,84.019,63.324
836,836,20.363,26.968,40.881,53.727,78.036,81.468,87.188,80.606,60.881,836,836,24.976,33.079,34.364,47.969,70.751,75.216,80.914,81.575,61.772,836,836,28.025,29.073,38.164,58.957,82.118,99.485,107.23,87.879,67.214
837,837,22.072,27.885,34.803,53.078,79.577,79.116,77.743,72.025,54.657,837,837,23.714,30.516,32.23,53.376,74.406,73.986,77.387,71.569,51.532,837,837,24.299,28.037,40.138,61.297,83.713,94.722,102.44,83.479,62.878
838,838,24.146,16.467,37.506,51.955,73.644,73.463,76.351,69.767,53.202,838,838,28.328,33.03,31.888,49.891,74.407,73.126,75.065,69.781,49.667,838,838,19.291,24.212,35.221,57.536,78.636,88.903,97.275,79.014,57.57
839,839,16.498,19.326,35.577,47.137,69.953,73.079,69.792,69.875,51.558,839,839,30.902,25.774,36.18,45.092,67.141,68.774,69.917,71.402,50.211,839,839,18.993,28.992,32.013,57.423,75.764,88.879,90.333,75.002,52.91
840,840,21.42,30.12,34.511,42.9,64.621,64.671,62.946,65.692,49.25,840,840,20.774,21.256,30.825,42.459,65.414,62.873,63.864,63.287,44.789,840,840,16.319,26.684,34.434,51.698,69.506,78.258,83.896,69.391,48.787
841,841,18.141,21.802,25.353,47.113,62.334,63.203,61.556,61.69,48.816,841,841,18.185,24.704,31.097,40.84,61.919,61.051,60.698,61.042,45.437,841,841,4.8978,24.574,32.976,53.086,70.436,78.684,80.977,62.051,46.895
842,842,18.482,28.886,31.232,39.358,63.104,63.047,59.7,62.51,48.367,842,842,16.239,25.188,31.665,39.686,64.426,62.922,58.296,59.563,44.193,842,842,5.292,24.434,39.38,50.872,68.547,77.199,79.706,60.673,45.44
843,843,14.677,25.292,32.969,44.367,63.75,64.675,60.917,61.397,48.104,843,843,12.293,25.82,32.611,39.342,61.489,62.163,60.672,61.313,44.211,843,843,2.804,24.69,33.67,52.451,69.205,78.262,82.082,65.053,47.011
844,844,13.299,25.713,33.85,43.031,63.617,66.888,67.759,66.242,49.933,844,844,17.687,23.496,33.259,43.385,65.972,65.512,66.32,66.614,48.602,844,844,-2.9842,24.543,36.472,51.402,70.547,82.249,89.292,71.383,51.161
845,845,17.306,25.602,37.538,47.822,73.083,74.175,71.551,67.896,50.62,845,845,21.633,25.614,35.77,51.087,70.101,69.403,68.009,66.675,48.681,845,845,-0.47414,21.924,38.736,49.869,73.321,84.736,93.065,74.13,53.237
846,846,15.814,31.024,33.41,53.807,76.886,75.302,71.01,68.631,52.269,846,846,10.673,27.689,38.291,50.181,73.285,70.569,67.432,67.415,49.479,846,846,0.73325,20.865,37.018,55.828,81.302,87.062,91.716,73.418,52.571
847,847,12.722,30.516,38.232,53.396,79.52,77.214,74.001,70.888,52.416,847,847,14.433,24.869,34.702,48.734,72.296,72.283,71.551,69.2,50.138,847,847,2.0619,21.308,32.028,55.717,83.361,90.116,95.471,77.415,55.662
848,848,22.424,27.662,43.297,51.497,79.028,79.488,74.046,70.169,52.963,848,848,17.13,27.845,38.1,51.109,73.663,74.214,69.99,66.82,48.286,848,848,12.123,25.041,39.567,51.71,80.238,89.226,94.874,76.137,54.971
849,849,22.277,27.243,46.604,54.776,81.231,82.562,76.772,72.802,55.761,849,849,19.464,33.556,44.463,53.551,76.842,77.843,74.648,70.734,52.31,849,849,10.831,23.911,31.965,56.409,83.403,95.103,98.534,78.758,57.968
850,850,13.639,32.718,40.903,50.315,81.45,81.528,77.093,71.724,55.14,850,850,23.168,29.4,33.598,50.853,76.553,76.416,74.54,69.558,51.952,850,850,11.544,24.272,36.77,60.114,81.45,92.793,98.191,78.475,57.894
851,851,13.46,21.752,41.576,58.705,78.462,82.101,79.408,76.75,59.586,851,851,17.13,22.912,35.801,57.109,72.612,76.636,76.177,74.554,56.057,851,851,4.4829,25.079,35.052,59.711,83.101,96.697,100.91,82.089,61.558
852,852,8.5132,27.131,38.756,54.773,73.992,76.442,76.082,72.442,55.206,852,852,17.449,23.236,32.578,53.038,70.048,72.885,75.004,69.403,51.624,852,852,8.5757,21.462,37.237,58.781,75.455,91.787,98.522,81.076,60.169
853,853,13.927,20.371,35.96,55.64,77.841,77.74,76.782,73.919,54.704,853,853,11.791,19.306,36.858,53.275,72.008,73.116,75.969,71.02,52.157,853,853,9.3619,14.913,36.191,57.609,77.413,87.225,100.96,84.105,62.612
854,854,13.652,20.943,33.919,43.011,68.989,69.675,72.523,79.924,57.242,854,854,17.421,21.306,33.778,43.279,65.191,65.834,72.324,77.022,54.74,854,854,-0.37253,23.438,40.027,47.652,69.465,78.623,92.181,82.556,58.575
855,855,12.446,18.765,30.704,43.367,63.836,64.947,66.051,75.446,54.684,855,855,21.043,17.541,34.465,43.706,64.797,65.489,66.197,72.231,51.977,855,855,7.9284,18.295,41.271,48.688,67.933,77.506,83.531,75.746,51.768
856,856,10.875,18.456,32.733,44.088,64.051,65.723,63.088,65.479,46.782,856,856,16.179,19.027,29.595,40.687,65.415,65.508,62.218,63.404,45.134,856,856,8.5975,12.804,37.336,47.579,68.697,76.681,81.151,69.596,47.632
857,857,18.505,24.07,33.68,43.837,59.131,59.479,61.412,62.974,46.672,857,857,24.43,25.042,32.746,37.595,60.18,58.039,59.933,62.676,44.584,857,857,8.4037,23.801,38.166,48.987,64.427,71.9,79.93,64.884,45.073
858,858,17.164,26.839,33.47,43.059,56.722,56.441,59.969,62.205,45.504,858,858,21.498,29.008,32.185,42.249,57.084,55.492,59.964,59.729,42.22,858,858,3.3094,20.182,36.549,51.413,60.549,68.9,79.342,66.619,45.215
859,859,18.745,20.621,33.128,39.333,52.804,53.344,59.076,61.044,46.043,859,859,25.508,25.536,25.239,38.84,54.551,52.147,57.594,58.914,42.649,859,859,12.019,11.987,28.1,46.079,57.936,67.916,75.669,65.299,44.038
860,860,12.702,19.156,31.775,37.723,53.179,53.081,59.33,56.818,42.567,860,860,15.412,15.386,29.259,38.829,50.63,49.178,56.603,57.552,40.884,860,860,3.677,16.412,30.455,44.26,56.256,65.532,72.749,62.3,42.494
861,861,12.596,24.034,32.073,40.175,51.856,52.063,54.859,53.246,43.414,861,861,7.5567,17.196,34.718,35.37,49.423,46.665,53.688,53.659,39.236,861,861,1.2875,21.175,27.664,46.296,54.023,57.864,70.382,57.811,40.883
862,862,13.201,21.39,35.005,40.518,52.753,48.775,53.155,51.987,42.352,862,862,15.598,28,27.508,34.863,44.827,40.319,52.584,49.546,38.24,862,862,2.4734,14.244,31.573,44.352,55.251,56.252,68.617,54.599,40.449
863,863,17.885,16.336,34.506,45.629,51.486,51.222,51.565,48.101,43.544,863,863,22.54,26.016,29.125,38.393,50.587,46.53,50.015,48.333,38.157,863,863,6.7647,13.735,29,45.799,55.717,57.74,67.058,51.653,40.576
864,864,21.631,26.286,29.98,42.342,52.65,50.64,52.148,48.541,41.835,864,864,22.177,25.48,22.895,40.63,51.379,46.546,48.53,48.334,38.891,864,864,6.6825,21.397,31.254,48.783,57.117,58.648,67.322,52.961,40.513
865,865,25.294,23.01,32.588,41.711,53.261,52.969,51.756,49.037,43.751,865,865,23.826,23.535,25.114,39.752,50.713,47.462,48.858,49.68,38.72,865,865,12.242,22.222,34.533,45.515,56.76,57.927,68.856,54.037,39.845
866,866,17.402,21.992,33.924,42.15,49.993,48.325,48.764,48.623,41.355,866,866,16.849,16.583,27.716,40.643,48.33,43.982,48.797,48.314,38.069,866,866,6.5246,20.128,32.5,41.717,52.779,57.405,67.81,53.188,39.755
867,867,16.001,23.701,31.943,39.372,48.064,47.892,45.133,47.568,43.376,867,867,14.167,20.934,29.279,36.84,46.502,42.414,44.997,47.554,37.986,867,867,6.3697,21.783,31.193,40.828,53.492,56.049,63.563,49.212,40.243
868,868,16.816,21.051,30.031,37.379,49.784,48.955,45.008,45.879,40.797,868,868,19.57,14.792,29.029,37.325,47.975,43.553,45.366,44.986,37.353,868,868,2.6452,17.479,31.686,39.212,49.778,55.843,63.365,49.928,39.031
869,869,16.696,22.519,30.904,32.673,46.391,42.782,42.96,44.403,42.794,869,869,19.708,21.045,29.901,35.651,44.594,41.921,42.994,44.115,37.594,869,869,4.1558,17.98,34.041,38.79,48.854,56.031,61.87,48.451,39.099
870,870,19.188,24.291,31.051,37.289,45.522,42.846,49.842,45.835,40.657,870,870,19.102,21.495,34.33,36.558,45.223,42.239,48.19,42.643,37.448,870,870,3.8175,17.051,32.944,40.404,49.967,57.025,68.516,51.216,39.374
871,871,15.664,22.515,27.637,37.162,47.794,48.349,51.182,45.723,43.291,871,871,16.15,22.887,30.213,36.812,44.352,42.741,46.907,44.493,37.331,871,871,7.188,12.343,32.713,43.164,51.474,60.301,68.426,49.4,39.609
872,872,7.1468,25.963,29.377,37.789,49.87,49.672,50.863,45.743,40.326,872,872,12.071,24.662,32.388,32.71,46.956,45.266,47.483,45.413,37.328,872,872,5.522,22.306,33.422,41.999,51.259,59.732,65.88,47.489,39.08
873,873,16.327,26.915,33.238,39.987,52.385,51.585,52.869,46.322,43.383,873,873,19.2,22.167,31.11,37.121,54.246,52.446,49.737,46.006,36.989,873,873,7.5851,20.009,33.03,40.226,54.709,59.676,70.782,52.686,39.574
874,874,16.152,23.718,31.238,36.737,52.944,52.177,54.38,45.945,41.336,874,874,22.61,26.113,30.723,39.013,50.354,48.47,50.79,44.933,37.522,874,874,11.624,24.42,28.763,41.713,52.832,62.318,68.819,53.308,39.858
875,875,16.44,22.409,33.1,38.113,49.652,48.95,50.317,48.191,42.913,875,875,23.457,36.711,32.725,40.268,47.612,48.585,49.956,49.855,38.557,875,875,9.4973,19.016,27.636,41.248,53.352,60.943,68.496,53.39,39.283
876,876,16.313,23.655,29.086,38.873,55.983,53.078,46.801,47.75,40.559,876,876,32.814,37.192,28.888,38.371,54.633,49.857,47.667,46.628,37.911,876,876,15.566,25.478,29.243,45.9,56.93,62.03,66.042,50.428,38.958
877,877,16.065,26.007,29.447,39.503,52.044,50.843,46.49,48.46,43.586,877,877,29.978,27.708,35.286,38.194,52.817,51.327,45.788,49.097,38.316,877,877,14.664,19.298,30.765,37.352,52.883,59.808,63.823,50.895,39.441
878,878,19.661,24.609,31.418,40.444,53.664,52.548,50.47,49.493,41.791,878,878,23.239,24.807,32.132,37.832,52.818,51.657,49.392,52.17,39.276,878,878,4.2328,24.629,28.908,47.347,59.53,65.323,68.443,51.613,40.026
879,879,18.786,24.911,34.996,39.178,54.319,54.259,53.041,50.627,43.33,879,879,16.703,26.433,35.04,36.997,52.55,48.17,49.515,51.225,38.682,879,879,0.60453,23.002,32.875,45.964,61.39,64.383,68.246,52.582,40.284
880,880,23.474,21.141,29.653,37.419,55.9,56.01,53.755,52.884,42.867,880,880,29.193,29.259,31.528,34.19,55.926,54.734,52.799,55.588,40.332,880,880,11.293,25.006,33.192,49.091,63.711,68.065,73.658,56.951,41.172
881,881,20.955,18.937,28.53,37.751,52.248,51.267,54.074,55.32,45.044,881,881,28.55,25.407,31.104,36.038,49.74,48.132,51.538,57.619,41.848,881,881,12.511,21.555,31.022,43.411,57.283,64.316,72.118,55.406,41.472
882,882,16.836,22.636,27.357,37.741,55.36,60.549,60.022,62.883,47.259,882,882,20.605,23.142,32.659,35.82,54.133,56.642,57.757,61.657,44.95,882,882,9.6124,20.539,29.452,46.537,62.818,74.644,78.008,60.935,45.475
883,883,11.452,25.87,33.46,46.282,63.425,65.373,60.502,62.367,50.897,883,883,20.768,25.372,26.705,38.862,58.213,60.577,58.989,63.682,48.913,883,883,3.8668,22.199,26.852,53.873,71.545,77.759,79.941,61.184,47.117
884,884,15.898,19.425,30.884,46.524,63.259,65.158,58.053,66.748,50.425,884,884,23.447,20.668,30.633,42.478,59.41,61.412,58.334,66.681,48.039,884,884,5.9674,23.124,33.871,52.001,67.573,75.827,77.771,63.046,46.586
885,885,17,19.929,34.476,45.724,63.394,69.365,74.276,72.146,52.478,885,885,22.87,29.943,34.014,53.607,68.299,68.266,72.709,69.75,50.4,885,885,9.0702,25.31,31.9,51.089,70.564,88.785,96.789,79.941,58.603
886,886,22.738,24.494,36.459,57.191,75.551,78.543,78.953,73.212,55.652,886,886,25.753,20.744,35.266,58.664,69.927,73.475,75.049,71.801,52.671,886,886,3.0129,20.11,30.415,58.799,80.619,93.784,99.874,80.554,59.388
887,887,21.342,17.057,35.355,57.912,78.284,80.398,78.641,76.447,58.66,887,887,25.757,22.262,34.185,50.738,74.501,75.761,78.965,72.661,53.599,887,887,12.542,24.612,32.161,60.276,80.966,96.273,102.57,84.634,63.666
888,888,15.524,24.788,42.412,58.136,79.321,82.512,78.536,75.781,58.254,888,888,20.188,19.91,34.996,60.207,73.906,77.759,77.158,73.85,54.011,888,888,17.388,25.781,35.622,60.999,82.865,97.292,100.29,83.04,61.904
889,889,24.154,30.858,40.987,54.786,76.03,79.944,81.083,76.131,58.316,889,889,27.751,33.984,33.815,57.173,71.823,75.837,78.005,74.259,54.604,889,889,17.06,25.47,35.505,59.232,81.587,98.267,102.18,82.408,61.91
890,890,22.634,26.509,42.546,60.407,81.113,81.848,80.179,77.55,60.588,890,890,26.836,27.01,36.683,57.22,74.481,77.134,76.386,76.172,57.139,890,890,12.164,18.865,37.93,61.054,82.743,97.66,100.43,82.417,61.533
891,891,15.449,28.703,38.155,58.034,77.645,79.437,76.541,75.418,56.264,891,891,20.761,25.345,32.266,53.789,72.331,74.576,76.164,71.033,53.084,891,891,-1.6954,22.848,34.149,62.218,78.988,90.144,99.831,83.563,61.91
892,892,17.414,27.038,29.427,48.694,72.911,74.491,72.8,78.055,55.931,892,892,23.047,27.245,26.619,46.494,68.851,70.951,74.939,76.175,54.473,892,892,5.9801,17.632,34.869,51.681,71.855,80.887,97.345,84.099,61.369
893,893,20.706,25.307,35.664,43.737,65.007,66.353,69.268,76.859,55.052,893,893,19.877,22.356,25.983,46.117,65.298,66.018,67.962,73.173,52.832,893,893,8.8887,20.003,35.346,49.583,67.866,78.058,87.395,78.132,54.331
894,894,15.432,27.172,32.699,44.767,66.87,68.614,64.222,73.317,51.691,894,894,16.763,19.732,33.058,44.174,66.553,67.43,63.098,69.191,48.998,894,894,6.2222,16.811,25.519,48.135,69.158,77.296,82.539,69.966,48.518
895,895,10.409,21.98,30.094,45.693,62.741,62.705,61.502,61.014,44.226,895,895,18.617,17.713,32.851,40.759,63.29,62.379,61.871,59.389,42.351,895,895,-2.6538,17.728,35.701,49.303,64.271,70.403,79.78,66.811,45.066
896,896,9.0886,24.864,32.973,42.545,54.565,58.109,60.741,62.684,46.205,896,896,17.159,21.579,33.826,43.164,57.98,57.847,60.974,61.824,43.514,896,896,0.93883,19.64,35.503,49.33,61.625,71.188,79.082,66.174,45.212
897,897,14.758,27.529,34.903,45,56.692,56.808,57.936,61.086,44.417,897,897,18.449,20.337,26.638,41.612,55.224,55.309,58.056,61.611,43.557,897,897,-6.6858,20.14,28.31,49.955,60.387,70.305,76.773,64.33,43.636
898,898,13.551,19.795,30.025,39.217,56.571,54.963,58.009,61.932,46.364,898,898,16.662,23.975,35.005,41.657,52.354,49.685,57.087,60.581,42.255,898,898,6.7299,19.919,31.033,45.815,57.422,66.899,73.189,61.107,42.585
899,899,8.8328,20.654,30.955,40.11,54.339,52.934,56.504,57.475,41.879,899,899,16.194,25.877,30.318,46.342,51.384,47.989,53.002,56.374,40.507,899,899,4.8974,22.252,29.514,49.611,58.049,63.788,71.74,59.067,41.165
900,900,15.846,20.081,30.255,43.805,51.065,50.43,53.071,51.745,42.707,900,900,20.8,25.109,33.516,47.22,53.809,49.671,51.177,50.857,38.448,900,900,6.2583,16.35,24.033,43.139,56.704,56.516,68.009,54.875,39.47
901,901,18.064,23.973,31.054,47.044,53.093,49.642,53.326,49.105,40.239,901,901,20.142,27.122,33.08,45.45,52.37,50.273,50.427,49.602,37.551,901,901,1.9617,21.212,30.65,46.383,57.325,58.443,67.367,54.056,38.962
902,902,23.062,25.823,33.204,45.391,56.142,54.159,52.532,48.591,43.009,902,902,26.164,24.332,31.897,44.08,55.921,51.644,49.301,48.185,38.2,902,902,9.0775,21.207,30.158,55.746,62.36,59.893,66.991,53.115,38.491
903,903,22.308,19.636,35.247,47.625,55.872,53.156,51.246,49.435,39.639,903,903,26.48,23.848,29.631,45.132,54.258,50.854,48.051,49.189,37.274,903,903,7.1175,24.557,31.828,55.33,60.075,60.367,67.745,54.375,38.587
904,904,12.544,15.897,31.092,48.974,53.096,51.4,46.631,47.751,43.33,904,904,15.769,23.51,32.521,43.982,50.935,48.178,46.633,47.66,38.095,904,904,4.5377,16.645,30.052,47.493,58.939,58.72,63.466,50.047,39.129
905,905,22.025,26.427,31.259,41.439,48.736,46.209,46.641,47.203,40.273,905,905,24.827,26.903,26.273,36.417,46.641,41.278,47.287,45.374,36.746,905,905,2.1283,20.355,26.95,43.314,52.63,58.086,64.28,50.688,38.543
906,906,23.587,28.515,30.639,41.616,45.934,41.898,42.825,45.459,42.606,906,906,27.318,26.636,32.458,41.784,45.1,40.871,42.809,44.099,37.233,906,906,3.5366,20.712,31.675,42.752,51.612,54.188,59.981,47.048,38.205
907,907,11.863,24.481,30.158,43.153,48.549,45.979,44.052,44.898,40.196,907,907,16.302,23.379,34.038,44.603,46.403,42.234,44.92,44.62,37.209,907,907,2.6018,18.962,28.057,42.52,51.68,54.721,61.794,51.272,38.04
908,908,8.5997,15.588,30.072,43.938,49.236,47.458,50.094,45.882,43.105,908,908,18.488,25.907,30.593,39.408,47.402,44.597,47.927,45.308,37.589,908,908,-0.6343,20.951,32.688,43.588,53.638,59.42,65.569,52.658,38.684
909,909,11.646,23.196,30.256,40.264,50.583,50.405,51.859,46.104,39.352,909,909,21.963,23.867,33.353,43.408,49.331,46.191,49.196,44.217,36.591,909,909,-1.1796,19.814,36.75,43.696,51.782,59.461,66.821,52.507,37.968
910,910,14.034,25.264,31.895,41.913,52.967,51.863,53.376,46.205,43.2,910,910,18.535,24.777,32.699,40.232,51.161,48.263,50.085,44.663,36.983,910,910,-0.12806,22.812,35.988,43.451,54.295,59.297,68.167,54.288,39.266
911,911,9.2319,22.511,30.508,40.111,54.842,54.874,54.182,45.63,40.405,911,911,14.707,24.581,25.797,42.37,55.75,53.277,49.239,44.484,36.722,911,911,-4.9784,22.323,33.594,40.888,53.026,60.743,67.953,51.099,38.773
912,912,10.68,23.509,37.094,40.389,52.373,50.52,47.732,45.031,42.746,912,912,15.055,27.22,31.307,41.204,56.853,53.959,47.261,44.274,37.282,912,912,0.43529,21.163,27.845,43.148,53.116,60.033,64.335,49.42,38.222
913,913,19.21,20.941,25.176,40.166,49.9,50.447,47.309,45.28,40.915,913,913,22.254,27.056,34.863,38.766,56.979,52.81,46.724,45.324,36.936,913,913,-3.7416,23.93,33.942,44.397,55.782,59.102,65.303,47.962,38.187
914,914,11.314,17.124,32.401,46.004,47.991,44.755,45.109,43.534,42.899,914,914,16.062,25.821,35.045,39.044,48.259,46.421,44.059,43.801,37.666,914,914,-0.29628,16.331,38.048,45.761,55.161,57.856,62.306,45.265,38.257
915,915,14.065,19.902,32.89,43.755,48.735,45.283,42.41,45.604,38.951,915,915,14.297,23.149,29.883,34.691,49.706,46.679,42.083,45.121,36.493,915,915,1.8968,20.482,32.022,38.729,52.707,55.323,60.216,45.19,37.218
916,916,10.941,22.076,31.915,40.227,49.133,46.604,41.78,49.668,42.96,916,916,17.634,24.7,28.422,38.693,47.364,44.59,41.935,49.553,38.466,916,916,2.5011,24.616,34.124,42.133,53.765,54.225,59.603,45.864,38.119
917,917,11.281,22.269,31.748,39.484,47.845,47.658,39.739,42.818,38.587,917,917,10.324,22.756,30.018,38.723,46.408,43.312,40.862,43.854,36.723,917,917,3.5453,25.738,30.877,42.146,53.713,54.972,56.402,42.575,38.15
918,918,16.264,24.956,29.856,34.736,47.685,45.944,40.987,42.831,42.152,918,918,17.202,19.787,31.873,40.151,48.466,45.011,38.896,41.164,37.112,918,918,-1.8224,15.609,30.006,40.743,49.942,54.159,55.819,41.823,38.119
919,919,21.342,20.52,33.883,39.225,46.831,42.621,40.527,44.071,38.492,919,919,24.403,19.601,35.269,37.723,47.171,43.296,40.433,43.908,37.001,919,919,6.1532,17.093,35.276,41.892,50.745,54.102,56.132,41.579,37.397
920,920,21.401,20.1,31.876,37.63,45.857,45.456,37.734,44.037,42.215,920,920,24.116,23.669,28.97,39.054,43.747,39.885,37.9,43.232,36.474,920,920,7.3052,17.249,33.37,41.518,50.959,53.945,53.855,40.895,37.835
921,921,20.6,25.798,28.455,36.791,51.575,46.808,38.029,43.69,39.031,921,921,23.859,16.162,30.052,34.344,50.952,47.06,39.122,44.565,36.719,921,921,1.022,16.61,31.179,38.644,52.476,52.282,55.281,41.099,37.329
922,922,15.693,24.517,29.343,37.994,48.557,43.384,37.15,41.378,41.812,922,922,20.014,20.568,33.075,38.91,50.061,46.228,38.705,42.043,36.83,922,922,4.3162,15.39,25.489,40.703,51.244,51.368,54.311,39.327,37.577
923,923,10.156,15.592,28.521,40.34,46.885,43.765,38.303,42.774,39.128,923,923,13.944,19.034,29.031,34.933,45.31,39.124,38.064,41.799,36.684,923,923,3.799,21.915,35.536,41.147,48.983,53.326,56.002,39.56,37.535
924,924,11.189,20.421,29.789,37.389,45.673,44.669,38.485,44.552,42.246,924,924,14.071,21.542,30.871,37.697,45.701,40.832,38.373,40.157,37.226,924,924,2.133,24.557,32.808,40.259,48.999,54.53,53.861,40.04,37.629
925,925,10.805,19.237,33.57,36.591,46.581,43.587,37.876,42.342,38.631,925,925,16.341,25.568,32.658,36.135,46.578,41.819,38.339,39.975,36.397,925,925,-2.7615,16.836,36.136,41.893,49.992,52.687,55.932,40.295,37.099
926,926,13.311,14.766,34.842,36.829,43.423,39.143,39.057,45.537,42.291,926,926,16.866,20.672,34.322,33.404,44.24,38.214,37.715,45.066,37.551,926,926,-1.9375,18.014,30.983,38.464,51.719,53.568,57.194,42.813,37.993
927,927,13.56,20.173,33.767,34.638,46.582,42.902,38.733,44.019,38.908,927,927,12.541,25.819,31.88,33.264,43.067,38.184,38.647,43.244,36.866,927,927,4.0835,18.707,34.701,42.539,50.217,48.964,56.11,41.447,37.552
928,928,13.881,18.148,31.804,34.349,45.367,42.897,39.715,43.602,42.083,928,928,17.922,27.208,32.471,32.18,41.889,35.872,39.731,40.742,36.854,928,928,4.3149,19.561,33.809,40.387,48.569,51.851,56.33,40.229,38.262
929,929,21.84,30.349,30.579,36.006,47.849,44.749,41.022,45.928,38.783,929,929,25.609,31.503,31.666,35.154,39.749,38.459,39.883,46.327,36.831,929,929,2.5515,22.9,35.702,38.039,48.537,50.132,59.779,43.278,37.795
930,930,19.343,26.182,27.04,34.649,43.671,41.779,37.198,42.937,42,930,930,20.308,24.523,26.823,37.083,44.521,40.387,38.45,40.011,36.686,930,930,-0.46655,21.626,31.913,42.196,50.593,53.272,56.031,40.529,37.479
931,931,15.469,22.478,30.383,33.775,42.646,41.317,36.126,41.697,38.365,931,931,21.892,25.935,22.216,33.636,45.162,41.152,37.513,41.106,36.803,931,931,-6.7569,16.813,32.727,38.729,47.468,55.8,54.018,38.559,37.557
932,932,19.839,24.604,28.727,34.219,45.497,45.505,37.422,43.798,39.185,932,932,22.387,29.905,29.761,34.005,43.452,38.805,39.275,42.653,36.136,932,932,-1.276,18.714,38.812,38.348,48.067,54.808,54.614,39.36,37.109
933,933,23.873,23.956,29.574,33.566,44.561,39.89,37.76,43.716,41.362,933,933,27.001,27.007,27.902,35.944,43.5,38.503,37.942,42.424,36.128,933,933,10.466,21.547,34.789,39.032,46.787,52.677,53.666,39.054,37.56
934,934,20.081,20.767,26.319,30.963,43.119,39.498,37.57,44.247,38.593,934,934,23.026,27.537,28.758,32.355,42.637,38.745,37.113,42.294,36.538,934,934,4.9411,20.593,31.785,40.351,48.396,50.223,53.921,40.521,37.281
935,935,21.707,25.071,29.136,35.263,44.524,39.825,37.551,43.394,41.939,935,935,24.892,21.942,29.26,34.65,44.116,39.509,38.254,41.958,36.72,935,935,7.7876,17.075,28.945,36.273,50.297,53.527,52.967,38.305,37.192
936,936,23.797,25.783,33.607,34.554,43.906,37.542,38.083,43.38,38.336,936,936,27.695,27.307,33.411,35.889,42.435,38.138,38.572,44.998,36.243,936,936,1.9304,16.498,30.767,39.53,48.826,52.056,54.415,39.844,37.102
937,937,24.455,23.239,29.171,38.101,43.069,40.457,36.849,43.667,41.924,937,937,28.422,24.458,30.53,32.889,44.097,37.177,36.877,40.957,36.077,937,937,5.6085,19.777,28.967,36.144,48.769,51.519,52.784,38.354,37.463
938,938,18.582,17.443,28.478,37.541,43.541,38.928,36.261,43.513,38.013,938,938,22.847,17.352,31.583,34.737,42.864,38.272,36.299,40.191,35.682,938,938,1.7626,13.822,31.414,40.113,50.85,50.119,51.635,37.023,36.462
939,939,20.892,17.399,29.675,34.069,43.223,40.534,37.715,43.636,42.288,939,939,24.009,28.061,32.48,34.988,40.745,36.329,37.165,41.293,36.486,939,939,2.0804,22.356,30.82,38.43,45.176,53.019,53.979,38.317,37.59
940,940,18.404,22.259,32.028,34.733,46.009,41.325,36.594,43.796,39.718,940,940,21.36,26.261,31.033,38.198,43.124,36.259,35.911,41.126,36.336,940,940,1.1126,22.105,31.862,39.818,51.06,53.249,50.408,36.934,37.299
941,941,22.654,19.068,32.726,34.721,46.309,43.396,37.13,43.969,42.26,941,941,23.485,21.232,35.134,37.038,44.378,40.63,37.129,40.429,37.11,941,941,4.1392,19.801,31.033,40.635,49.446,51.087,51.991,37.506,38.006
942,942,18.324,20.25,33.141,37.048,44.59,41.763,35.866,41.472,38.99,942,942,18.671,23.724,32.86,38.434,43.398,38.445,35.709,39.485,36.451,942,942,4.9222,21.879,34.376,37.836,46.662,52.322,52.143,37.217,37.068
943,943,16.927,23.303,35.838,38.172,48.402,41.063,37.857,42.691,42.354,943,943,19.764,24.613,35.047,35.089,45.472,39.887,36.714,40.61,36.925,943,943,-0.44521,20.799,30.425,39.468,51.761,50.456,53.724,38.014,36.945
944,944,11.737,22.824,32.334,42.202,52.274,44.583,38.279,43.794,39.855,944,944,15.167,25.492,34.947,38.368,49.204,40.244,37.284,41.078,36.44,944,944,0.93074,20.472,30.409,41.414,53.163,49.865,54.32,37.875,37.473
945,945,19.724,24.786,27.478,44.368,54.047,42.219,37.173,43.862,42.57,945,945,21.243,23.423,24.416,41.531,52.598,41.326,36.215,40.068,36.801,945,945,1.4181,23.304,32.612,48.117,57.863,51.038,52.984,37.856,36.855
946,946,12.5,27.079,34.441,40.01,46.746,39.541,36.58,42.676,38.51,946,946,16.794,13.451,29.932,38.35,49.106,41.497,36.489,40.15,36.337,946,946,-7.9473,18.938,29.01,42.796,51.83,50.314,54.512,38.703,36.97
947,947,8.3027,24.505,31.591,37.285,46.565,44.023,37.851,43.107,42.905,947,947,9.2799,27.874,31.594,36.604,43.653,37.667,36.141,40.831,36.389,947,947,-6.0262,10.14,26.736,43.422,48.98,50.571,53.641,39.131,37.864
948,948,17.911,20.983,29.163,35.056,43.958,41.303,36.728,43.929,39.537,948,948,21.862,21.989,33.438,39.114,43.172,38.002,36.357,41.291,36.367,948,948,0.17393,22.661,30.683,41.974,50.347,51.261,52.713,37.33,37.445
949,949,19.243,21.972,34.069,37.15,47.585,36.754,37.256,42.019,42.199,949,949,22.828,26.588,34.025,39.479,47.162,37.975,35.965,40.285,36.524,949,949,2.9189,15.581,36.92,42.126,49.17,53.53,51.975,36.915,37.339
950,950,14.487,20.529,27.383,35.561,42.389,40.706,37.848,41.839,38.74,950,950,16.926,15.192,33.889,36.228,42.373,37.232,38.208,40.448,35.972,950,950,4.7579,19.196,36.684,37.292,49.989,53.768,55.637,39.441,37.166
951,951,11.37,18.3,34.758,32.588,39.808,38.742,39.029,43.119,42.462,951,951,16.309,19.364,24.502,36.989,46.165,41.345,38.981,40.619,37.07,951,951,2.6165,20.024,33.592,40.524,52.014,52.329,55.474,39.177,36.948
952,952,15.257,25.398,31.782,33.984,42.425,38.276,39.061,43.395,38.798,952,952,21.788,22.573,27.993,33.789,43.922,40.181,39.039,40.752,36.257,952,952,-3.1647,14.069,31.908,41.535,48.385,51.187,55.751,40.105,37.214
953,953,10.565,23.263,34.328,36.675,44.965,40.258,38.544,43.235,42.757,953,953,15.089,24.521,26.917,35.099,44.21,40.432,39.591,41.613,37.438,953,953,2.5264,15.295,33.012,41.747,49.994,50.069,55.39,39.502,37.716
954,954,11.874,22.344,31.633,38.03,45.655,40.993,36.867,42.782,38.875,954,954,16.79,21.853,35.218,34.591,44.923,38.358,38.47,41.572,36.337,954,954,-1.7313,16.502,29.336,37.584,47.701,52.398,53.829,40.927,37.046
955,955,3.9687,24.202,33.088,35.543,47.074,42.746,38.681,43.968,42.695,955,955,7.1918,16.621,31.933,38.055,45.048,41.741,37.88,41.485,37.022,955,955,4.8382,19.561,29.256,36.715,48.44,53.924,55.916,39.819,37.908
956,956,12.458,27.772,32.593,37.006,42.689,40.205,37.661,43.807,39.526,956,956,11.039,23.02,29.08,31.965,44.243,41.976,38.902,41.309,36,956,956,5.4283,22.064,31.595,40.421,48.773,53.371,54.54,40.263,36.87
957,957,14.881,21.002,32.173,39.96,45.861,41.335,38.697,42.94,42.43,957,957,18.959,21.584,28.419,34.987,44.117,41.366,38.694,40.909,36.577,957,957,0.83271,22.182,30.309,40.257,49.154,55.142,57.457,41.476,37.765
958,958,14.53,22.005,31.181,37.102,44.503,42.784,37.026,43.498,39.373,958,958,14.643,26.632,32.485,33.764,43.768,37.427,38.123,40.41,36.148,958,958,-6.4379,21.116,30.956,42.031,49.094,53.62,55.141,40.84,37.217
959,959,14.243,21.286,30.878,38.065,47.203,42.604,40.785,41.884,42.322,959,959,13.575,19.785,31.703,37.681,44.298,38.473,39.981,40.073,36.719,959,959,0.071889,17.553,34.206,40.544,50.924,54.828,58.154,41.723,37.541
960,960,16.581,19.05,31.133,40.513,45.773,42.908,38.953,43.993,40.214,960,960,17.845,21.279,28.695,41.264,45.186,38.448,39.02,42.611,36.475,960,960,-6.6917,23.051,28.313,40.825,48.77,54.129,57.43,40.488,37.513
961,961,12.281,26.678,27.528,37.081,43.332,41.049,38.989,43.283,42.28,961,961,15.253,28.373,32.511,37.925,43.939,39.936,38.086,42.657,36.66,961,961,-0.12087,22.826,27.421,41.329,50.513,54.462,56.207,41.903,38.273
962,962,11.691,24.314,31.514,37.901,45.749,45.258,39.184,43.424,38.671,962,962,13.945,22.606,35.044,39.451,46.522,42.024,39.555,41.173,36.638,962,962,-2.3104,20.829,29.875,39.459,51.108,55.409,57.355,42.416,37.484
963,963,13.819,24.092,27.262,38.883,47.513,43.572,38.872,43.324,42.223,963,963,11.02,21.726,33.232,43.653,45.527,41.675,39.257,40.821,36.675,963,963,-0.92275,16.683,33.94,40.722,50.781,54.686,56.219,40.663,37.811
964,964,14.11,21.071,31.63,40.3,48.686,47.065,38.964,42.982,39.377,964,964,18.294,16.328,30.263,47.155,49.114,44.131,38.999,43.745,36.735,964,964,4.7709,13.784,28.436,42.102,49.765,56.661,56.44,40.244,37.99
965,965,12.857,14.482,28.444,42.876,49.536,46.89,38.405,43.96,41.924,965,965,15.908,22.375,31.112,42.284,48.462,44.095,37.575,41.586,36.732,965,965,0.44181,20.457,34.167,45.487,49.924,55.307,55.855,40.959,37.647
966,966,12.447,25.742,31.804,39.12,47.524,44.075,38.536,44.628,38.852,966,966,13.27,27.532,32.285,39.727,48.264,46.509,38.157,42.077,36.423,966,966,2.4681,21.717,31.267,41.255,50.662,53.264,55.55,41.501,37.222
967,967,15.853,24.972,32.204,42.452,47.84,47.062,41.212,42.597,42.326,967,967,18.093,24.31,29.108,47.421,48.65,43.843,38.243,41.612,36.732,967,967,-8.6481,18.678,25.994,40.245,50.838,51.782,56.705,41.068,37.902
968,968,15.876,21.748,34.888,45.37,48.519,45.559,40.323,42.514,38.275,968,968,15.108,23.216,32.745,53.268,51.505,45.924,40.232,41.758,35.966,968,968,-12.386,15.158,29.4,47.067,50.995,53.078,55.927,42.482,36.865
969,969,19.87,19.121,30.869,43.796,46.702,45.11,38.95,43.712,41.795,969,969,18.899,21.238,27.972,48.338,47.641,43.981,39.367,42.081,36.562,969,969,2.0071,16.138,28.201,41.391,49.495,55.387,55.032,38.922,38.016
970,970,19.864,20.739,32.295,45.962,48.624,45.695,41.92,44.39,38.735,970,970,12.657,22.686,33.324,40.832,48.336,44.24,42.002,44.11,36.262,970,970,5.5942,22.782,34.918,39.985,48.959,53.67,60.293,47.195,37.822
971,971,10.032,25.035,28.548,41.474,46.124,45.744,49.67,46.317,42.07,971,971,16.203,25.11,34.069,41.327,48.322,43.486,48.47,45.464,36.861,971,971,2.0735,20.145,32.981,39.997,50.99,59.324,67.8,53.061,38.869
972,972,5.7029,22.628,29.006,39.219,51.474,52.327,52.616,48.948,39.408,972,972,17.503,21.168,28.623,39.231,53.613,52.175,50.33,49.306,36.857,972,972,-0.39377,18.077,31.99,42.833,55.204,61.862,69.046,54.359,37.79
973,973,11.876,20.879,30.26,43.501,53.363,54.142,56.127,53.896,42.951,973,973,10.263,20.733,25.473,40.601,50.393,49.193,53.215,53.082,38.64,973,973,0.059709,23.369,34.692,45.613,56.372,67.581,72.203,57.453,39.701
974,974,13.436,21.104,34.004,44.5,53.913,55.54,55.934,57.936,41.901,974,974,17.476,26.451,30.576,37.372,50.602,52.868,53.253,56.463,39.5,974,974,-1.4405,17.461,28.324,46.554,56.149,68.513,72.174,58.583,40.232
975,975,14.887,22.459,33.188,42.713,55.319,54.9,54.028,59.195,43.445,975,975,17.638,22.397,31.831,39.122,52.278,51.598,52.371,59.039,40.602,975,975,0.9223,19.688,30.847,47.794,56.786,66.015,70.242,57.372,40.869
976,976,11.203,18.224,31.692,38.924,53.887,52.464,48.742,59.156,44.597,976,976,13.251,24.056,27.375,37.833,51.986,47.953,47.32,57.135,40.09,976,976,2.3498,22.284,32.696,45.478,56.42,59.656,66.611,55.143,40.284
977,977,20.438,22.406,31.156,40.072,50.21,50.476,50.066,57.592,41.94,977,977,22.489,22.752,28.92,41.796,48.673,44.812,49.975,55.067,39.42,977,977,1.5391,19.882,28.555,45.506,55.513,56.294,68.426,56.293,39.109
978,978,19.73,24.597,29.336,39.636,55.003,54.966,55.193,56.487,43.569,978,978,21.882,25.817,29.532,37.046,49.297,47.372,53.881,55.481,41.133,978,978,6.5974,16.831,31.215,49.47,56.726,61.66,72.741,58.85,41.533
979,979,14.579,24.257,32.364,43.933,53.666,53.406,56.089,55.622,42.285,979,979,13.157,26.232,28.679,45.172,50.537,48.314,54.635,55.663,41.542,979,979,-0.14405,17.435,32.049,51.235,55.07,61.631,72.575,59.147,41.46
980,980,21.278,18.337,32.176,42.989,54.043,51.785,55.378,57.116,44.787,980,980,22.126,17.157,30.572,37.556,50.204,49.592,54.889,55.715,41.569,980,980,4.975,20.093,32.826,45.151,56.501,63.152,71.677,58.177,41.582
981,981,15.284,27.838,28.518,39.659,54.606,54.021,57.286,56.502,42.759,981,981,17.078,21.249,28.658,37.79,47.797,48.509,55.539,55.067,40.538,981,981,5.6031,13.025,33.189,48.595,56.584,61.199,72.414,59.352,41.472
982,982,12.326,20.17,32.186,40.505,53.965,55.429,59.265,56.635,45.048,982,982,16.338,20.389,29.928,35.754,49.269,49.305,57.018,56.411,40.311,982,982,-2.7755,20.464,32.712,46.619,58.045,63.308,75.16,60.599,42.049
983,983,14.123,24.831,31.975,38.724,57.356,58.484,60.322,56.77,43.125,983,983,14.947,23.035,29.144,34.785,51.508,52.122,58.899,55.744,40.037,983,983,3.0239,15.085,26.978,45.443,57.687,65.784,74.739,60.065,41.883
984,984,16.038,26.426,31.231,36.548,53.908,56.231,59.126,53.269,43.494,984,984,17.539,29.562,31.579,35.992,51.092,52.048,58.083,50.935,38.774,984,984,4.5713,23.45,32.073,47.949,57.353,66.352,73.561,57.937,40.729
985,985,14.436,20.915,28.597,39.34,52.835,53.368,55.475,48.787,39.752,985,985,20.186,27.196,30.682,37.442,49.998,48.785,53.027,48.513,38.079,985,985,6.7603,21.891,33.001,41.996,53.755,64.169,69.427,52.886,38.746
986,986,16.038,26.246,33.41,39.892,53.878,55.157,52.76,50.279,43.263,986,986,22.611,31.152,32.733,34.224,53.799,53.588,55.159,50.157,39.069,986,986,6.4985,14.907,33.355,45.574,59.391,64.683,73.23,56.263,40.427
987,987,12.791,24.566,30.154,35.269,50.666,52.384,52.409,48.767,40.78,987,987,12.063,28.558,28.769,35.021,52.863,54.104,51.991,49.591,38.294,987,987,3.1702,20.781,33.681,46.482,58.64,66.158,70.231,56.711,39.325
988,988,13.2,20.193,34.413,38.451,55.143,58.121,49.251,51.041,43.432,988,988,17.214,22.761,30.77,37.261,56.291,57.932,48.835,48.877,38.813,988,988,-0.46897,19.193,30.86,42.852,56.615,65.385,67.383,54.069,39.743
989,989,18.533,24.685,31.294,41.019,56.447,58.628,49.433,50.543,40.186,989,989,21.179,26.166,32.163,39.815,56.994,57.791,50.013,52.344,38.421,989,989,1.7497,19.422,29.406,42.767,56.854,65.569,69.671,56.686,39.345
990,990,21.9,20.204,28.234,38.982,52.323,52.581,50.721,55.544,43.791,990,990,24.798,24.311,31.275,40.225,50.846,50.637,51.092,54.022,39.509,990,990,5.3113,16.402,29.362,42.991,56.833,63.363,71.614,61.967,41.832
991,991,26.999,22.638,33.32,39.176,56.079,57.564,48.794,56.161,42.38,991,991,30.793,29.098,32.409,42.179,54.792,55.039,48.449,53.991,40.423,991,991,9.4206,18.418,28.325,42.67,54.281,62.246,68.758,58.359,40.465
992,992,21.149,20.155,32.744,42.5,47.178,47.181,52.396,56.939,44.687,992,992,25.155,23.61,33.882,39.341,46.936,46.133,54.799,54.128,39.615,992,992,3.6884,18.121,29.661,43.676,52.885,64.373,73.065,57.802,41.005
993,993,15.929,18.051,33.565,39.814,55.249,57.996,50.012,47.839,41.084,993,993,17.934,25.624,31.836,39.157,57.993,59.956,49.496,47.083,38.521,993,993,-1.7746,14.93,32.487,43.689,60.78,72.801,70.14,52.588,39.436
994,994,16.641,21.388,33.452,40.732,49.991,47.345,41.902,43.521,42.712,994,994,15.798,24.469,34.427,43.251,48.145,44.012,40.446,43.194,38.095,994,994,3.3235,12.725,32.842,38.257,50.188,57.575,59.89,43.844,39.259
995,995,22.57,22.954,29.998,38.58,52.123,51.126,41.441,45.902,41.234,995,995,24.464,26.615,35.653,38.096,47.826,42.612,41.533,47.603,38.637,995,995,8.9531,21.522,32.806,41.569,52.274,55.395,59.577,45.527,40.247
996,996,25.282,28.143,32.952,39.834,49.305,47.522,42.047,43.777,43.309,996,996,28.372,25.884,31.847,36.187,48.758,45.246,42.975,45.708,38.762,996,996,9.9812,19.056,35.434,44.17,53.112,55.108,58.931,44.339,39.55
997,997,18.84,20.942,35.664,36.167,48.2,46.965,43.092,45.358,40.834,997,997,22.922,25.901,30.498,38.094,46.068,42.347,43.712,47.587,38.045,997,997,0.20054,14.517,32.254,40.942,52.043,54.381,61.004,45.789,39.009
998,998,17.353,24.96,33.527,36.842,46.969,46.075,43.439,44.882,43.393,998,998,21.17,25.122,30.946,34.311,43.63,42.121,42.201,47.165,38.237,998,998,2.3803,18.131,32.951,42.036,49.761,55.546,60.86,45.762,39.483
999,999,14.502,16.486,36.188,37.433,47.569,47.805,42.496,45.676,40.902,999,999,20.104,31.176,31.953,38.567,45.905,43.886,42.026,46.834,38.209,999,999,2.1822,21.373,34.016,41.914,50.476,53.93,59.454,44.741,38.693
1000,1000,9.3406,24.056,31.609,36.503,51.276,51.831,43.104,49.161,43.776,1000,1000,14.634,26.415,31.511,41.731,50.089,47.879,43.612,47.599,38.438,1000,1000,-9.1957,21.879,35.196,41.466,52.248,55.472,60.265,46.163,39.39
1001,1001,17.792,28.14,30.431,41.911,50.812,50.648,42.401,43.934,39.65,1001,1001,20.311,26.686,34.977,39.511,47.052,45.275,43.508,44.935,37.641,1001,1001,-1.2991,26.768,34.644,40.115,50.194,55.71,62.023,45.644,38.561
1002,1002,18.358,16.86,29.603,37.408,50.059,49.499,42.389,44.546,42.961,1002,1002,22.562,22.043,33.442,36.418,45.073,42.448,42.896,44.313,37.856,1002,1002,8.424,15.253,32.718,42.958,50.427,55.081,61.63,46.149,39.009
1003,1003,12.69,19.12,34.362,34.842,45.42,42.923,40.923,44.51,41.52,1003,1003,21.815,26.414,34.016,40.164,43.375,39.571,43.346,44.262,38.143,1003,1003,8.0141,16.109,27.954,40.711,49.783,50.972,61.439,44.675,39.059
1004,1004,20.522,24.76,33.782,39.949,46.759,45.013,44.628,45.809,43.738,1004,1004,29.437,27.442,34.873,40.155,45.193,40.804,43.995,45.322,38.811,1004,1004,14.271,14.646,30.652,40.997,49.991,53.759,64.002,46.028,40.014
1005,1005,15.631,23.071,26.54,40.332,46.818,42.925,41.724,44.283,40.896,1005,1005,30.38,31.465,31.923,41.697,44.219,39.53,40.775,45.319,38.407,1005,1005,14.124,19.196,27.046,37.757,52.045,55.606,59.951,42.91,39.448
1006,1006,14.4,17.695,30.733,38.399,47.311,45.591,44.545,46.134,42.996,1006,1006,25.431,35.56,28.478,36.726,43.008,39.648,41.87,47.082,39.249,1006,1006,8.3331,21.524,27.696,42.304,51.289,56.521,58.64,43.758,39.817
1007,1007,19.561,22.079,28.786,44.513,53.908,50.628,45.483,48.575,41.718,1007,1007,29.532,28.288,34.58,41.765,54.724,52.678,41.955,52,40.114,1007,1007,16.329,25.973,35.877,46.359,58.604,58.334,61.696,45.993,38.999
1008,1008,17.161,26.878,34.736,45.983,48.128,45.019,43.898,46.134,43.503,1008,1008,23.922,33.044,29.521,47.894,52.498,47.124,42.177,45.394,38.418,1008,1008,10.572,23.492,32.85,44.388,54.471,57.056,59.683,45.104,39.987
1009,1009,17.105,20.194,34.228,40.096,48.404,45.453,38.951,44.613,41.202,1009,1009,21.595,27.118,29.169,45.351,49.563,42.612,39.846,44.767,38.413,1009,1009,8.7932,25.055,30.845,36.734,49.679,54.543,57.715,44.902,40.017
1010,1010,18.63,25.129,31.2,42.151,46.333,45.842,41.895,44.794,43.044,1010,1010,21.848,26.073,32.48,43.318,46.64,44.152,40.026,45.322,38.06,1010,1010,7.2971,26.071,29.311,37.286,48.893,53.895,57.624,43.693,40.075
1011,1011,19.109,26.305,32.732,39.309,48.373,51.862,48.688,48.858,41.129,1011,1011,23.967,26.692,38.201,42.532,50.577,53.008,49.075,46.404,38.252,1011,1011,4.162,21.375,30.697,42.076,55.998,68.308,68.75,52.473,39.831
1012,1012,12.568,31.575,26.77,35.907,52.707,53.444,52.689,59.311,45.185,1012,1012,24.748,32.393,29.837,36.943,51.132,50.681,50.65,54.888,40.258,1012,1012,8.9893,21.69,29.229,37.939,51.923,64.88,70.085,56.175,40.887
1013,1013,13.685,23.51,27.191,39.126,49.927,48.583,46.649,59.207,44.615,1013,1013,19.915,27.737,26.79,33.997,50.654,48.759,46.683,52.903,40.019,1013,1013,5.3299,20.457,32.141,37.944,54.917,60.539,66.366,55.126,40.998
1014,1014,10.897,19.809,30.433,38.844,54.649,57.517,52.249,61.605,45.884,1014,1014,20.041,20.65,28.533,32.406,55.795,57.177,51.974,60.06,42.48,1014,1014,3.835,19.264,28.204,36.705,57.846,67.502,73.428,61.894,42.62
1015,1015,16.814,18.232,32.46,40.411,56.524,58.649,59.644,66.303,47.888,1015,1015,19.44,26.661,31.83,43.285,53.12,56.026,58.853,64.277,44.801,1015,1015,3.7335,22.036,30.107,39.581,59.172,68.822,79.264,68.58,46.217
1016,1016,20.705,22.168,29.879,46.375,74.056,75.522,74.058,81.177,61.104,1016,1016,23.477,23.13,33.047,44.23,68.876,71.264,72.887,79.779,58.493,1016,1016,-0.067403,25.27,30.83,51.485,73.625,87.802,96.913,83.341,60.162
1017,1017,12.929,30.184,39.555,60.192,79.97,83.226,85.761,84.151,64.426,1017,1017,16.119,26.036,36.558,52.195,74.085,79.914,81.523,82.381,62.176,1017,1017,13.119,33.684,33.343,56.179,81.029,100.9,105.74,87.969,66.687
1018,1018,25.146,30.321,41.612,59.032,80.424,83.409,90.554,85.871,65.39,1018,1018,28.051,25.228,37.425,48.001,72.074,78.443,83.19,85.548,64.798,1018,1018,21.211,33.127,33.142,58.209,84.04,101.29,107.24,89.125,67.556
1019,1019,22.627,31.31,45.629,63.04,83.681,86.691,89.818,87.829,67.434,1019,1019,26.727,29.848,36.647,53.595,75.106,81.79,85.004,86.199,65.085,1019,1019,24.46,38.939,41.715,60.696,85.767,103.59,109.76,91.478,70.738
1020,1020,26.447,23.785,43.822,61.98,81.891,88.327,90.958,89.33,69.578,1020,1020,16.64,28.332,38.09,58.109,77.745,83.686,88.414,88.46,67.555,1020,1020,19.44,35.157,44.526,63.453,86.356,106.1,111.42,92.672,72.141
1021,1021,16.363,29.775,43.825,60.388,81.282,86.223,92.713,88.462,68.522,1021,1021,15.831,25.249,34.553,59.32,78.199,81.291,87.362,89.171,69.01,1021,1021,26.584,47.209,46.751,64.057,85.249,105.05,111.53,92.442,71.953
1022,1022,17.214,29.966,42.337,62.07,76.16,81.567,87.218,85.461,63.856,1022,1022,10.061,28.043,40.474,62.403,75.636,78.524,84.174,84.225,62.735,1022,1022,30.623,41.619,44.578,64.473,82.691,101.88,109.05,90.113,69.453
1023,1023,26.206,28.637,39.774,53.982,72.553,73.069,75.403,76.66,58.342,1023,1023,14.866,24.591,34.565,55.036,72.186,69.831,74.415,74.452,53.97,1023,1023,30.304,29.353,35.13,59.72,80.562,92.272,97.155,79.652,58.361
1024,1024,24.539,26.661,34.829,51.346,70.456,68.494,68.19,74.821,56.136,1024,1024,25.951,27.237,35.832,49.508,73.231,69.726,67.199,72.498,52.217,1024,1024,16.452,26.722,33.015,58.93,77.311,84.525,88.804,71.678,51.351
1025,1025,15.95,27.171,34.287,44.395,65.292,62.891,59.466,66.088,48.695,1025,1025,24.204,22.527,33.906,49.451,68.39,64.86,58.916,60.565,42.735,1025,1025,10.186,20.387,35.043,52.098,70.4,76.731,79.51,61.148,43.405
1026,1026,13.686,22.667,35.582,43.48,63.834,61.395,58.466,54.483,44.005,1026,1026,12.671,21.488,32.007,45.371,63.497,60.963,57.783,53.766,40.352,1026,1026,0.17391,17.375,33.927,51.813,69.588,76.106,78.885,58.224,42.093
1027,1027,17.349,26.565,30.978,40.376,59.247,56.749,52.412,50.161,44.405,1027,1027,21.21,18.959,28.685,41.97,60.898,58.181,51.926,50.682,38.795,1027,1027,0.56124,18,36.059,45.157,65.117,70.276,72.092,54.904,41.135
1028,1028,20.649,25.755,36.875,48.302,56.224,56.504,54.982,51.282,41.928,1028,1028,23.939,28.485,33.957,40.027,60.456,59.658,53.498,50.599,38.457,1028,1028,9.0133,16.691,31.448,46.363,65.213,71.93,69.97,51.953,39.908
1029,1029,23.949,25.485,28.882,46.767,54.026,52.227,51.04,48.532,43.941,1029,1029,26.737,24.306,33.606,38.473,54.331,50.387,48.907,49.689,39.007,1029,1029,10.568,21.882,32.34,46.727,60.242,63.725,68.047,52.656,40.031
1030,1030,21.194,24.066,32.974,45.664,53.481,52.954,50.768,48.149,42.452,1030,1030,30.792,29.469,32.36,41.467,53.275,50.635,49.704,48.159,38.265,1030,1030,13.79,21.439,29.342,47.125,59.95,62.549,68.362,52.796,39.765
1031,1031,24.894,23.876,33.867,40.006,55.296,53.523,48.68,48.437,44.15,1031,1031,26.089,26.742,31.199,40.658,54.238,49.883,49.491,48.569,39.283,1031,1031,11.428,19.76,29.431,45.557,60.417,62.487,67.318,52.478,40.35
1032,1032,20.028,26.707,31.405,41.788,52.633,50.011,45.697,47.896,42.344,1032,1032,12.42,23.425,32.809,43.231,52.531,49.553,45.427,47.913,38.64,1032,1032,3.4361,14.278,28.914,41.27,56.671,58.053,62.74,47.983,38.944
1033,1033,14.784,25.349,32.451,40.383,54.957,55.617,54.655,51.736,45.124,1033,1033,12.269,25.507,31.115,43.119,52.828,53.128,53.13,56.539,41.344,1033,1033,1.5267,16.286,34.553,42.567,60.97,68.092,72.426,56.31,40.944
1034,1034,20.539,26.358,31.725,39.744,57.222,57.338,53.959,52.967,43.626,1034,1034,27.764,33.093,33.094,43.387,55.976,54.702,53.619,57.452,41.571,1034,1034,13.181,22.459,29.014,46.05,62.915,65.084,72.153,55.692,41.526
1035,1035,23.802,24.832,31.381,40.939,55.835,55.266,58.436,52.81,44.89,1035,1035,37.103,32.74,29.628,41.388,57.878,55.957,54.761,56.829,41.582,1035,1035,22.586,20.477,30.399,49.068,62.628,68.999,74.134,57.954,41.803
1036,1036,23.218,25.196,30.796,40.626,53.828,54.568,55.881,53.203,46.337,1036,1036,32,33.786,27.617,38.826,56.708,54.338,54.537,57.977,43.721,1036,1036,17.805,20.319,30.477,47.424,59.07,67.377,74.32,58.567,44.145
1037,1037,24.152,25.357,28.912,46.998,64.19,66.315,61.505,61.904,49.574,1037,1037,33.273,34.008,31.321,39.864,62.349,62.345,59.511,63.149,45.145,1037,1037,19.495,22.69,30.494,54.028,71.694,78.363,80.227,63.292,47.123
1038,1038,21.139,21.321,30.689,41.965,56.812,59.693,57.926,58.921,48.059,1038,1038,36.184,31.136,32.669,38.53,58.028,58.603,56.927,57.502,44.632,1038,1038,20.8,19.317,29.483,49.727,63.315,75.663,78.223,60.826,45.931
1039,1039,16.944,27.893,27.144,47.772,67.477,69.399,72.309,69.592,51.154,1039,1039,27.928,23.72,31.898,45.413,72.686,71.246,70.273,67.726,48.249,1039,1039,14.877,13.62,28.649,52.668,72.725,84.564,92.988,77.354,55.503
1040,1040,24.896,27.741,35.645,50.326,72.673,77.011,78.077,69.461,51.762,1040,1040,31.263,20.633,29.831,48.963,69.265,72.443,72.713,67.546,48.974,1040,1040,15.704,19.425,36.446,57.613,76.907,91.955,97.902,77.664,56.804
1041,1041,18.99,24.08,35.308,54.489,76.91,81.238,78.055,75.075,57.291,1041,1041,27.73,24.183,33.256,52.451,71.525,75.947,74.966,73.151,53.77,1041,1041,16.28,18.751,30.373,58.097,82.652,96.089,99.438,80.321,59.457
1042,1042,20.162,29.299,39.314,56.759,75.748,80.544,78.488,71.948,55.874,1042,1042,27.731,28.938,34.064,51.193,71.253,76.246,74.38,70.931,51.608,1042,1042,18.727,17.567,32.143,59.816,82.425,95.264,99.151,77.484,57.303
1043,1043,18.355,25.779,41.446,57.119,81.865,83.537,79.493,76.509,59.11,1043,1043,26.563,23.457,34.616,56.746,77.605,79.024,77.901,74.542,55.358,1043,1043,18.633,21.49,39.44,60.974,85.911,98.947,101.63,83.122,62.149
1044,1044,16.65,28.449,39.016,56.429,80.574,83.257,80.356,76.71,60.303,1044,1044,22.797,25.181,34.466,56.684,74.128,77.66,77.504,75.114,56.607,1044,1044,10.827,25.151,37.796,61.339,83.734,99.344,100.82,81.901,61.171
1045,1045,19.648,28.734,39.589,58.28,80.012,79.505,76.313,78.114,58.16,1045,1045,25.072,21.928,35.568,53.295,72.832,74.693,76.507,73.789,54.754,1045,1045,13.572,25.895,37.404,61.184,80.603,91.858,99,83.137,61.154
1046,1046,18.14,24.657,35.111,50.255,73.88,75.011,74.818,79.171,58.729,1046,1046,18.522,29.251,36.923,49.963,67.877,70.049,72.369,76.26,55.671,1046,1046,15.892,20.055,37.829,51.43,75.247,85.412,95.529,81.918,58.844
1047,1047,23.718,27.111,35.242,45.1,65.249,66.584,68.283,79.875,59.814,1047,1047,35.139,35.026,34.136,44.21,65.256,66.121,67.758,76.275,55.363,1047,1047,23.214,16.854,32.243,51.641,70.218,79.812,87.027,77.925,54.944
1048,1048,21.278,21.623,35.822,49.105,67.795,71.207,65.577,73.908,54.178,1048,1048,36.711,32.27,34.339,46.938,67.118,68.811,62.965,69.571,50.487,1048,1048,23.339,22.148,30.868,53.412,73.759,80.214,85.029,70.25,49.157
1049,1049,17.256,24.325,30.351,47.48,65.123,65.594,61.91,63.918,47.426,1049,1049,33.839,30.564,34.74,42.963,60.817,62.04,60.444,61.944,44.652,1049,1049,17.555,18.574,33.663,50.489,70.532,76.445,81.625,67.404,46.839
1050,1050,23.312,23.783,32.669,43.49,58.614,58.746,60.278,63.523,46.88,1050,1050,38.806,22.766,31.339,42.261,60.368,58.536,58.918,61.153,44.29,1050,1050,22.368,21.877,35.346,49.197,69.325,71.339,78.385,65.628,45.004
1051,1051,26.438,24.309,33.592,47.047,59,56.841,59.512,62.08,46.249,1051,1051,36.661,24.86,33.532,44.369,59.679,57.222,58.484,58.381,42.782,1051,1051,20.745,17.566,35.029,48.942,64.657,69.116,76.684,65.72,44.957
1052,1052,23.336,26.872,33.971,47.511,59.401,59.733,58.955,61.468,47.68,1052,1052,31.419,30.828,34.772,45.999,55.989,54.398,57.458,60.614,44.086,1052,1052,14.767,17.813,33.972,48.919,62.713,67.732,75.038,64.176,44.481
1053,1053,23.384,23.966,26.333,43.654,58.639,56.715,57.136,58.005,45.038,1053,1053,27.257,17.966,34.907,43.56,59.016,55.745,55.602,58.093,41.301,1053,1053,13.659,17.868,30.133,45.23,63.033,63.906,73.072,64.524,42.658
1054,1054,18.726,21.115,30.214,40.637,53.26,50.474,54.655,53.578,42.448,1054,1054,17.003,24.781,31.281,41.789,50.526,46.816,51.401,54.361,40.199,1054,1054,3.9374,24.976,31.656,43.857,56.702,60.741,70.045,56.534,40.625
1055,1055,16.99,22.194,32.157,43.364,56.723,55.663,52.294,54.467,43.829,1055,1055,17.527,25.987,33.496,42.957,52.668,49.642,50.321,51.388,39.035,1055,1055,8.52,15.839,30.032,42.013,56.194,62.208,67.147,53.607,39.765
1056,1056,16.73,20.643,31.903,46.074,55.48,54.417,53.021,51.692,41.928,1056,1056,33.151,31.546,33.09,40.932,50.399,47.723,49.527,51.184,39.471,1056,1056,17.082,17.462,31.63,49.221,57.666,59.508,69.016,53.354,40.68
1057,1057,15.655,24.281,33.281,44.274,56.792,55.167,52.361,52.042,44.064,1057,1057,30.959,22.973,28.655,37.29,53.433,51.672,49.867,51.342,39.471,1057,1057,14.542,12.393,29.749,45.773,56.501,61.005,67.278,52.886,40.221
1058,1058,20.249,25.99,31.595,44.979,55.301,55.072,51.652,51.473,41.19,1058,1058,10.164,18.984,33.712,38.629,54.205,50.844,48.331,52.581,39.171,1058,1058,6.7461,19.554,26.943,46.185,59.91,61.921,65.933,52.384,39.453
1059,1059,16.524,24.82,30.977,42.584,50.351,49.943,50.007,49.511,42.429,1059,1059,11.755,24.971,37.357,42.233,50.704,47.322,48.52,54.735,39.085,1059,1059,0.037374,22.011,30.209,45.429,57.186,60.076,66.645,53.729,39.241
1060,1060,15.158,21.092,28.404,42.073,52.593,51.51,47.269,50.642,40.986,1060,1060,7.0725,19.321,33.956,37.696,51.382,48.298,47.386,55.14,39.163,1060,1060,5.3702,19.074,31.493,42.218,55.827,59.798,64.905,52.866,38.621
1061,1061,16.558,24.916,29.923,37.673,56.845,55.254,45.962,47.809,40.169,1061,1061,17.06,30.105,31.24,41.659,51.042,47.55,45.755,51.086,38.251,1061,1061,6.0517,22.165,31.478,41.669,59.612,59.272,63.061,50.108,38.38
1062,1062,15.68,21.454,28.549,40.35,56.265,52.31,47.589,48.175,41.934,1062,1062,24.718,33.624,31.73,40.722,53.462,49.207,48.511,50.078,38.206,1062,1062,8.8215,17.871,29.995,42.576,55.391,59.259,65.223,52.598,39.012
1063,1063,12.991,18.769,29.216,41.42,52.903,50.872,52.715,48.284,39.989,1063,1063,30.046,31.394,26.407,37.314,48.416,45.988,50.97,49.017,37.647,1063,1063,13.209,20.045,24.935,43.869,55.097,61.436,68.271,54.746,39.427
1064,1064,18.96,25.05,30.954,38.115,51.993,52.145,52.603,47.847,42.169,1064,1064,30.61,31.247,25.731,37.877,45.578,43.618,50.506,46.893,38.131,1064,1064,14.776,19.633,32.309,39.52,50.464,62.368,69.21,55.429,39.103
1065,1065,16.926,20.568,26.174,37.672,56.605,54.071,54.091,47.762,40.324,1065,1065,25.222,29.647,32.239,39.487,56.206,53.408,52.508,49.194,38.07,1065,1065,15.066,16.076,26.732,42.946,56.086,62.725,71.279,55.731,39.802
1066,1066,18.988,24.043,28.812,40.376,55.939,54.755,54.804,48.445,43.019,1066,1066,27.253,29.844,33.586,39.564,56.189,55.916,50.877,47.916,38.36,1066,1066,3.7893,18.908,32.847,41.934,53.165,64.028,70.273,53.546,39.238
1067,1067,21.584,21.783,32.196,39.944,57.638,57.147,52.799,49.534,41.769,1067,1067,27.159,24.865,28.887,39.005,56.388,53.32,53.542,49.987,38.305,1067,1067,1.3102,17.215,31.098,43.494,55.971,63.855,71.77,56.188,39.964
1068,1068,18.887,26.393,33.4,39.532,57.67,58.2,54.287,50.349,43.849,1068,1068,24.177,26.096,32.206,40.248,57.466,55.174,54.34,51.97,38.751,1068,1068,4.8637,18.881,30.991,48.11,60.404,66.178,73.117,58.539,41.341
1069,1069,13.212,22.354,36.611,38.331,57.104,56.867,54.957,54.75,41.94,1069,1069,28.581,29.604,26.221,42.051,59.506,56.301,53.479,52.219,38.343,1069,1069,5.5264,20.653,32.697,41.178,57.416,65.368,71.998,58.048,40.069
1070,1070,12.816,21.465,36.741,42.16,52.566,52.486,52.622,53.001,43.316,1070,1070,25.791,27.212,28.878,42.121,56.37,54.192,52.988,52.24,38.101,1070,1070,5.2903,17.518,33.977,47.937,59.458,65.036,70.36,58.452,40.378
1071,1071,15.468,19.333,29.423,42.846,53.88,51.005,52.196,51.725,41.057,1071,1071,20.389,24.138,31.87,42.519,53.929,52.453,51.245,51.194,38.43,1071,1071,2.3787,20.608,32.272,45.298,55.545,62.26,70.35,57.812,39.648
1072,1072,16.411,19.996,32.403,38.749,52.088,51.182,48.345,49.424,43.188,1072,1072,22.163,26.693,30.268,38.46,51.045,48.505,48.157,48.091,37.863,1072,1072,1.2982,21.11,34.964,43.085,53.039,56.741,67.092,54.838,39.784
1073,1073,11.87,18.289,29.615,37.82,53.414,52.118,50.26,51.508,41.647,1073,1073,23.048,22.89,30.042,36.825,51.712,49.333,49.535,49.396,38.236,1073,1073,0.28123,21.336,32.037,40.868,51.886,56.969,68.706,56.058,39.671
1074,1074,13.276,20.501,28.541,40.969,54.596,53.598,52.482,51.686,43.355,1074,1074,19.798,26.498,33.946,38.459,50.855,46.302,53.719,50.436,39.11,1074,1074,10.137,17.748,34.024,40.746,52.251,61.353,72.777,58.502,40.83
1075,1075,12.886,25.544,33.71,37.817,54.185,54.833,56.727,51.843,42.158,1075,1075,14.135,26.621,32.239,38.546,51.989,50.539,54.993,52.09,39.696,1075,1075,7.5089,17.249,35.211,42.378,57.115,59.838,72.451,59.659,41.09
1076,1076,13.588,25.545,30.661,40.523,55.567,54.518,58.653,53.24,44.417,1076,1076,12.968,24.077,34.069,38.006,50.809,49.296,56.073,52.384,39.848,1076,1076,-0.31439,16.406,27.804,41.633,56.126,60.227,75.169,61.826,42.967
1077,1077,7.6747,24.343,26.97,37.557,53.636,54.271,56.108,52.373,41.721,1077,1077,22.883,29.286,30.841,36.609,48.508,47.039,54.821,52.398,39.242,1077,1077,4.0544,16.296,32.629,41.347,56.016,62.347,75.131,60.312,41.633
1078,1078,13.77,26.134,30.64,35.384,53.055,52.484,60.544,54.806,44.092,1078,1078,19.854,26.624,30.991,34.691,50.337,50.844,58.568,51.869,38.492,1078,1078,3.1896,22.667,33.816,42.334,54.92,62.707,76.534,61.644,42.334
1079,1079,11.11,25.608,29.059,37.378,51.451,54.149,59.954,56.002,42.621,1079,1079,17.161,19.764,29.916,34.926,50.37,49.564,57.758,54.544,40.695,1079,1079,-14.305,20.521,31.606,42.698,54.705,63.77,75.043,61.76,42.123
1080,1080,10.813,17.209,28.321,34.07,51.978,53.402,59.833,56.018,44.176,1080,1080,12.863,21.846,29.511,37.523,52.977,51.104,58.461,52.355,39.217,1080,1080,-4.3785,14.239,30.87,42.125,56.61,64.693,74.535,61.285,41.736
1081,1081,15.115,20.862,29.166,37.333,51.372,51.594,59.575,53.122,42.399,1081,1081,17.384,18.806,24.345,41.45,52.83,52.171,57.624,53.203,39.549,1081,1081,-1.9063,19.568,33.879,41.895,58.273,63.351,72.671,59.336,41.499
1082,1082,16.385,22.121,27.61,38.032,50.743,54.266,57.93,52.127,43.441,1082,1082,18.719,21.918,32.821,34.872,54.052,52.259,55.988,50.005,38.709,1082,1082,0.80563,15.616,33.277,39.015,54.907,63.464,71.331,57.754,40.314
1083,1083,15.874,23.279,31.265,35.697,50.482,51.666,51.375,51.252,41.062,1083,1083,18.318,22.472,32.97,38.556,48.785,48.934,51.156,49.683,38.758,1083,1083,-1.1024,21.926,31.586,38.694,51.319,60.852,65.863,50.879,39.413
1084,1084,21.122,29.553,27.998,37.654,54.917,58.243,54.294,49.797,43.863,1084,1084,23.526,27.279,32.033,36.471,53.389,56.157,55.146,51.52,39.187,1084,1084,5.5747,22.128,34.651,43.084,59.793,68.505,73.668,53.892,40.104
1085,1085,19.423,22.025,32.209,37.872,51.369,52.433,53.068,52.916,41.851,1085,1085,22.428,19.868,25.459,36.634,50.308,50.79,53.02,51.934,39.156,1085,1085,-1.9974,20.323,32.88,44.317,55.859,65.751,71.139,56.191,39.979
1086,1086,4.637,14.808,25.118,39.251,52.111,53.46,50.371,54.077,44.941,1086,1086,13.859,26.548,31.61,39.141,53.004,52.596,49.992,52.667,40.158,1086,1086,-8.7297,21.348,37.346,45.313,57.012,66.776,69.747,54.706,40.141
1087,1087,5.0607,23.904,28.509,39.396,51.411,53.385,51.26,61.429,45.823,1087,1087,17.031,26.664,34.218,35.058,49.161,50.63,53.23,57.498,41.774,1087,1087,3.0287,21.632,34.789,43.962,55.739,64.336,71.96,58.38,40.937
1088,1088,17.908,24.484,30.99,40.138,54.711,52.765,52.012,61.429,46.516,1088,1088,21.636,25.769,32.58,40.516,53.58,53.999,55.377,56.924,41.318,1088,1088,4.0484,19.734,34.369,46.603,61.129,66.664,72.936,60.76,42.139
1089,1089,16.295,23.722,29.096,36.702,53.111,53.94,51.195,59.621,48.619,1089,1089,19.197,17.427,28.325,37.297,53.18,53.598,53.45,58.494,43.456,1089,1089,-1.7572,17.78,31.438,40.19,55.282,62.714,71.296,60.847,42.773
1090,1090,10.827,18.994,30.009,40.343,56.069,55.321,55.675,59.988,50.463,1090,1090,12.048,15.019,30.393,36.839,54.852,55.848,55.501,59.974,46.118,1090,1090,-1.412,17.835,30.628,43.862,62.059,71.879,76.595,61.435,45.022
1091,1091,20.449,20.674,32.623,38.773,59.096,60.637,55.484,56.554,45.203,1091,1091,24.609,23.73,30.631,39.37,54.948,57.556,54.917,56.998,42.558,1091,1091,0.65413,18.047,34.972,45.51,62.641,70.287,74.394,58.136,42.721
1092,1092,22.526,18.098,31.542,39.733,56.759,58.038,55.313,54.491,45.724,1092,1092,32.417,24.176,32.019,39.724,55.27,54.878,54.398,56.434,42.436,1092,1092,14.385,18.386,30.525,47.539,62.757,66.989,73.494,58.582,43.194
1093,1093,23.92,17.782,31.707,38.115,54.717,55.224,55.91,59.033,44.985,1093,1093,30.215,29.724,29.69,36.139,51.297,51.572,54.673,57.766,42.792,1093,1093,12.954,20.97,33.739,43.184,59.39,67.181,73.465,58.623,42.517
1094,1094,24.181,27.307,30.617,45.484,63.686,65.178,61.877,63.472,50.034,1094,1094,37.023,32.655,29.504,41.773,65.085,64.561,59.92,62.887,46.071,1094,1094,20.488,19.5,33.209,54.409,71.475,78.436,81.087,63.915,47.636
1095,1095,26.301,13.676,27.45,44.462,60.948,63.764,58.623,63.642,48.526,1095,1095,34.475,26.403,30.114,37.656,55.777,58.104,54.931,59.497,44.64,1095,1095,15.979,19.897,33.379,48.398,64.146,78.603,80.24,62.538,45.797
1096,1096,20.985,24.756,36.189,48.054,66.177,68.938,72.281,74.403,55.589,1096,1096,26.285,26.915,35.287,49.687,64.428,65.908,69.811,71.615,53.443,1096,1096,11.649,24.613,35.432,55.33,70.379,86.854,93.423,78.887,56.602
1097,1097,10.026,27.044,35.992,56.594,69.788,76.497,78.823,71.946,55.536,1097,1097,22.865,26.719,34.856,59.076,66.786,72.491,74.848,71.643,52.382,1097,1097,8.9209,21.441,34.933,57.069,75.526,94.846,100.2,82.131,60.687
1098,1098,17.971,24.473,38.31,58.294,78.063,81.56,80.344,78.455,60.048,1098,1098,20.753,23.799,38.824,54.304,73.75,77.057,77.846,75.449,55.571,1098,1098,3.42,19.717,36.142,57.852,81.277,97.764,101.7,84.294,63.125
1099,1099,15.658,28.374,39.102,57.065,78.319,81.522,81.164,75.527,57.997,1099,1099,16.972,25.102,31.56,58.277,74.973,77.455,76.526,74.223,54.88,1099,1099,13.327,20.11,35.743,59.654,82.501,97.476,101.13,80.958,60.752
1100,1100,22.976,31.276,36.252,55.341,76.934,80.864,78.773,75.854,58.245,1100,1100,24.014,27.086,34.729,57.068,71.805,76.679,77.429,71.65,52.59,1100,1100,16.333,21.483,29.091,59.399,81.074,97.344,101.91,82.72,62.008
1101,1101,21.994,24.51,44.99,61.505,80.472,82.326,81.042,75.803,58.115,1101,1101,22.266,22.235,37.483,58.924,74.14,77.961,77.141,74.102,55.223,1101,1101,6.911,17.693,35.303,60.237,82.752,98.457,101.29,84.389,62.965
1102,1102,17.201,24.78,40.276,58.848,76.588,78.69,76.036,73.89,56.289,1102,1102,28.727,29.7,35.183,56.709,70.531,74.087,76.813,71.678,52.901,1102,1102,8.8522,15.94,33.279,63.219,78.537,91.07,99.822,84.567,62.521
1103,1103,17.575,28.908,36.679,51.493,76.595,78.878,73.154,76.404,54.923,1103,1103,27.149,26.884,32.748,46.578,71.451,74.161,74.775,73.794,53.002,1103,1103,7.9253,20.228,31.152,53.914,74.528,84.387,98.439,84.432,61.92
1104,1104,19.243,25.643,35.29,45.043,65.44,67.277,70.243,79.605,58.735,1104,1104,21.009,25.11,30.278,46.634,64.805,66.459,69.514,75.919,54.374,1104,1104,3.6051,20.72,38.475,50.156,67.652,77.367,88.862,80.032,55.958
1105,1105,18.224,23.022,34.86,45.447,65.592,67.42,64.221,74.272,53.816,1105,1105,22.469,28.184,32.925,40.969,66.492,67.189,63.861,72.358,52.495,1105,1105,9.5543,20.696,36.389,49.691,70.377,77.899,82.991,71.425,49.557
1106,1106,22.038,25.783,35.75,45.272,58.744,60.106,61.585,63.511,47.528,1106,1106,27.895,33.031,33.141,44.104,62.822,61.8,60.906,61.515,44.734,1106,1106,6.6778,21.713,34.353,51.327,65.522,71.362,79.775,66.323,46.831
1107,1107,21.173,20.839,33.595,40.994,57.79,58.626,59.465,63.082,46.768,1107,1107,25.807,27.634,30.907,39.985,60.114,58.84,59.423,61.697,44.917,1107,1107,5.0014,21.856,36.059,49.211,62.193,70.897,78.54,65.986,46.108
1108,1108,12,22.78,37.511,40.761,59.059,59.852,62.263,66.369,48.164,1108,1108,19.01,22.798,32.392,36.098,55.107,57.202,61.378,63.069,45.646,1108,1108,0.80978,21.099,34.613,47.382,64.842,73.415,81.122,69.28,47.51
1109,1109,17.334,24.139,33.212,43.618,68.314,71.015,69.857,74.576,53.061,1109,1109,19.766,29.388,34.365,43.891,62.86,66.374,68.644,73.908,51.942,1109,1109,-1.8638,21.334,36.824,47.395,71.145,81.761,92.52,79.526,56.214
1110,1110,19.404,23.836,31.678,55.164,79.692,82.127,80.963,80.597,59.868,1110,1110,23.039,28.898,32.236,49.725,72.955,78.488,77.472,77.123,55.309,1110,1110,6.8834,25.335,33.363,54.72,80.074,98.097,102.58,84.386,62.793
1111,1111,23.347,27.161,38.651,57.736,82.751,83.957,85.342,81.406,61.029,1111,1111,25.412,27.026,33.45,48.483,76.375,78.832,80.37,79.727,58.701,1111,1111,9.8223,29.318,35.47,56.719,82.607,99.127,103.98,88.307,65.743
1112,1112,17.637,28.976,43.794,61.473,83.664,86.244,90.28,84.256,64.154,1112,1112,20.134,20.329,35.166,47.137,76.749,80.911,82.1,83.626,63.454,1112,1112,15.38,32.826,40.345,59.851,86.142,102.66,107.5,88.207,67.045
1113,1113,16.956,32.864,44.116,58.11,83.069,86.486,88.42,84.967,64.703,1113,1113,22.195,27.7,37.525,57.976,75.197,80.889,84.125,83.121,62.355,1113,1113,9.7242,35.41,42.694,61.578,88.042,102.66,108.68,90.423,69.39
1114,1114,16.505,22.802,43.995,61.388,84.519,87.613,90.213,87.175,67.043,1114,1114,14.84,25.277,33.673,55.559,76.319,82.503,84.935,86.322,65.498,1114,1114,22.923,35.344,43.758,59.6,87.148,103.9,109.74,90.235,69.791
1115,1115,23.11,24.051,39.907,58.494,82.823,86.108,90.464,86.051,65.521,1115,1115,23.124,27.341,36.626,55.204,78.859,80.536,84.225,87.341,66.405,1115,1115,30.006,30.586,40.529,62.289,84.99,102.47,106.78,88.266,66.873
1116,1116,21.148,24.235,33.888,55.409,76.936,81.466,85.968,81.291,62.067,1116,1116,24.367,30.91,32.939,57.82,76.286,77.599,83.587,81.616,60.489,1116,1116,25.508,40.739,47.788,59.367,84.888,101.31,109.19,90.298,69.937
1117,1117,16.005,27.46,38.128,52.693,73.718,75.196,75.955,73.346,56.302,1117,1117,17.45,28.596,34.564,52.249,72.086,71.666,75.106,72.838,52.267,1117,1117,33.57,41.235,39.952,61.446,78.623,91.986,97.278,80.268,58.705
1118,1118,12.103,29.164,39.108,53.039,74.9,73.775,69.872,73.3,54.094,1118,1118,27.754,31.562,34.919,49.78,75.79,73.886,70.178,72.561,51.307,1118,1118,28.737,31.738,35.859,59.515,76.471,87.413,90.344,75.086,52.54
1119,1119,23.431,26.103,36.302,46.159,66.874,66.434,63.31,66.803,48.695,1119,1119,28.8,27.619,33.023,44.897,67.205,65.267,61.051,64.001,44.717,1119,1119,13.731,23.523,32.813,53.947,70.114,77.845,82.056,66.734,46.044
1120,1120,18.235,20.122,31.759,43.438,62.183,62.494,55.013,55.152,44.634,1120,1120,19.691,29.216,33.292,46.71,65.206,63.31,54.898,54.367,40.803,1120,1120,7.9626,19.811,33.686,52.195,67.059,73.127,74.216,55.677,42.218
1121,1121,28.477,23.967,31.655,44.036,64.471,64.548,59.477,52.249,44.727,1121,1121,26.883,23.475,30.695,45.248,62.558,63.332,57.731,52.185,40.104,1121,1121,13.294,21.154,29.041,51.223,68.721,75.111,77.071,58.179,42.359
1122,1122,25.458,21.135,30.769,40.093,60.021,61.069,56.821,52.543,43.18,1122,1122,24.111,27.813,24.455,39.199,64.229,61.343,54.949,51.282,39.675,1122,1122,2.6169,18.267,33.535,44.323,66.359,72.973,72.448,54.005,41.256
1123,1123,18.067,24.125,26.584,40.253,58.163,58.758,54.121,49.696,44.578,1123,1123,22.389,24.813,31.966,36.119,59.664,58.348,51.402,50.178,39.739,1123,1123,9.9213,21.35,34.729,45.715,63.498,65.258,72.213,53.518,40.928
1124,1124,14.286,23.187,31.865,41.005,55.523,53.443,52.197,50.714,42.731,1124,1124,19.408,25.135,33.986,38.138,54.941,53.536,51.197,49.831,39.407,1124,1124,8.8754,20.497,30.666,44.132,61.832,66.117,70.664,53.308,40.11
1125,1125,22.645,24.857,34.127,41.838,54.838,56.244,51.228,48.273,42.981,1125,1125,23.336,23.596,31.366,38.719,50.564,49.287,50.433,48.023,40.057,1125,1125,6.3364,18.829,30.697,46.282,60.598,62.415,69.417,52.937,40.658
1126,1126,19.207,22.392,35.875,41.744,54.176,54.304,49.494,44.337,39.513,1126,1126,23.743,21.575,33.525,41.511,55.103,52.821,47.637,45.323,37.637,1126,1126,9.9697,23.064,37.429,41.5,58.967,58.509,65.834,46.439,38.036
1127,1127,17.135,23.356,35.02,43.554,51.254,49.192,47.334,46.354,43.414,1127,1127,16.375,22.48,32.729,45.992,49.357,46.066,46.993,47.214,38.057,1127,1127,2.267,14.328,29.944,43.583,51.005,55.504,64.44,45.544,38.753
1128,1128,9.733,24.599,32.154,43.461,54.055,52.892,50.913,45.736,39.698,1128,1128,9.3813,19.127,31.314,43.098,50.963,48.36,49.721,47.058,37.316,1128,1128,-6.5881,9.2296,28.734,43.839,54.301,59.89,66.282,47.481,37.743
1129,1129,12.772,24.093,35.696,42.605,55.024,53.767,49.562,45.859,42.965,1129,1129,14.849,28.717,28.62,53.838,55.26,51.559,48.157,46.422,37.588,1129,1129,1.7074,11.728,31.112,46.997,57.783,60.828,63.954,46.137,37.811
1130,1130,12.029,20.697,35.204,44.153,53.139,53.791,49.763,45.539,40.515,1130,1130,12.802,25.59,30.857,44.397,54.508,50.336,48.987,44.846,36.816,1130,1130,4.769,13.66,30.072,43.843,57.477,61.853,65.335,46.524,38.186
1131,1131,12.868,18.229,31.85,39.949,53.797,55.537,46.543,46.434,42.101,1131,1131,18.964,18.539,30.688,46.802,52.547,50.441,46.129,45.936,36.757,1131,1131,7.1134,14.365,31.626,43.015,54.942,59.179,63.532,46.481,37.996
1132,1132,20.734,17.123,30.405,41.99,55.614,56.289,46.559,44.972,39.598,1132,1132,27.26,26.527,28.803,42.611,50.466,47.667,45.551,44.725,36.925,1132,1132,13.69,17.546,33.183,42.12,55.453,59.601,63.29,45.627,37.728
1133,1133,19.745,24.18,28.388,41.443,54.302,52.511,43.847,44.457,42,1133,1133,30.352,27.693,29.856,42.539,51.302,48.806,43.654,46.296,36.674,1133,1133,16.794,20.366,30.897,40.929,52.96,57.985,60.854,45.314,37.929
1134,1134,7.8528,13.923,31.082,36.605,52.357,48.805,45.722,45.021,39.151,1134,1134,20.821,24.413,29.747,45.384,51.411,47.925,43.818,43.915,36.739,1134,1134,10.443,18.596,30.778,42.687,55.506,60.534,63.391,45.913,37.906
1135,1135,18.218,18.86,27.069,40.894,50.465,47.873,40.841,45.052,41.753,1135,1135,20.388,26.511,31.397,37.688,48.426,44.419,41.755,44.542,36.478,1135,1135,7.4276,15.399,29.202,42.424,55.852,59.913,59.495,42.136,37.617
1136,1136,20.665,23.854,28.912,34.178,52.463,50.547,41.418,43.224,38.757,1136,1136,26.774,26.658,32.869,38.457,48.19,45.655,41.113,44.734,36.167,1136,1136,12.449,13.234,33.148,40.05,52.629,56.201,57.844,40.991,37.195
1137,1137,15.334,24.678,25.507,35.968,50.822,48.553,40.463,42.909,41.942,1137,1137,18.848,28.001,30.319,37.702,49.013,45.914,39.573,44.599,36.803,1137,1137,8.7984,14.346,28.844,40.028,51.076,55.764,55.902,40.619,37.573
1138,1138,15.275,22.162,33.602,34.277,53.333,49.618,40.383,42.563,38.983,1138,1138,14.485,20.645,26.791,34.653,48.396,45.295,40.847,45.618,36.508,1138,1138,9.5317,18.544,35.216,39.016,51.802,55.488,57.106,41.544,37.369
1139,1139,8.6254,15.654,29.894,35.622,50.548,46.347,40.68,43.958,42.076,1139,1139,16.772,21.595,31.132,33.977,46.052,43.138,40.172,44.822,36.931,1139,1139,6.0715,17.873,37.582,41.014,51.643,56.179,58.104,42.251,37.129
1140,1140,9.7248,24.056,31.396,38.603,52.028,48.291,39.722,42.571,38.425,1140,1140,26.777,27.14,34.171,38.991,46.676,42.831,40.413,44.839,36.155,1140,1140,6.7267,17.205,38.545,45.002,52.871,54.194,58.149,42.381,36.456
1141,1141,14.675,25.444,28.608,35.756,51.841,51.052,42.508,43.926,42.048,1141,1141,29.775,24.404,31.31,40.196,45.635,41.166,40.063,43.269,36.529,1141,1141,14.065,13.458,32.834,46.261,52.15,55.567,56.691,43.772,37.63
1142,1142,13.824,20.451,33.683,40.448,52.267,47.435,40.74,43.744,38.91,1142,1142,25.446,29.79,31.89,43.056,47.581,41.44,41.074,44.525,36.57,1142,1142,8.4721,18.854,31.969,46.491,54.559,55.56,57.169,44.577,37.615
1143,1143,14.404,19.46,32.89,39.654,49.84,45.071,41.585,44.312,42.074,1143,1143,27.401,31.835,27.831,43.343,46.269,41.956,41.408,43.647,36.526,1143,1143,14.994,18.621,32.342,44.874,54.876,56.982,58.254,45.151,36.999
1144,1144,12.09,23.662,29.914,39.723,49.772,44.457,40.322,44.349,39.271,1144,1144,28.056,25.058,26.234,38.85,46.543,42.356,40.177,43.604,36.411,1144,1144,12.297,19.241,34.783,44.875,54.303,54.244,55.299,43.547,37.243
1145,1145,17.506,20.828,30.933,38.131,45.785,41.856,40.081,42.985,39.232,1145,1145,26.045,23.868,28.31,38.946,48.026,41.108,41.204,45.344,36.529,1145,1145,11.394,18.381,33.622,40.254,49.899,53.846,55.576,42.113,37.707
1146,1146,19.095,22.89,29.781,36.271,50.432,49.047,40.508,43.711,41.699,1146,1146,27.723,30.161,33.727,36.7,46.71,39.29,39.847,43.494,36.841,1146,1146,14.345,19.586,26.439,39.776,50.958,55.03,55.868,41.178,37.383
1147,1147,18.807,22.291,30.734,37.868,46.973,47.069,38.485,44.764,38.749,1147,1147,23.422,30.689,30.599,39.653,45.41,41.251,37.83,43.666,36.468,1147,1147,9.7294,16.238,27.074,41.243,50.875,55.639,55.414,41.532,36.857
1148,1148,21.678,17.242,25.642,38.293,49.28,48.176,40.205,44.392,42.11,1148,1148,29.402,29.72,31.912,39.009,47.065,42.825,39.646,44.179,36.439,1148,1148,15.459,19.74,28.286,42.07,53.595,57.163,56.192,42.678,38.306
1149,1149,13.587,18.144,28.921,39.541,47.548,44.294,40.316,44.215,38.847,1149,1149,25.559,28.988,32.435,47.178,46.359,40.426,39.345,48.381,36.676,1149,1149,10.572,13.61,30.3,43.211,54.298,55.21,56.84,43.321,37.111
1150,1150,18.4,13.454,32.269,44.323,51.207,49.874,44.12,45.895,42.2,1150,1150,30.632,26.494,37.326,50.306,49.296,43.061,43.447,51.259,37.282,1150,1150,16.227,14.734,33.704,43.595,53.862,55.487,59.344,47.621,37.994
1151,1151,22.096,23.833,32.503,42.263,48.763,49.688,43.413,44.727,38.921,1151,1151,30.76,26.951,32,43.078,46.445,44.204,42.981,50.692,36.806,1151,1151,16.363,21.433,29.475,41.863,52.864,55.802,58.504,45.495,37.31
1152,1152,22.011,22.895,32.798,38.015,47.885,45.379,41.987,43.762,42.769,1152,1152,27.134,25.388,32.878,41.937,49.055,45.429,42.172,44.327,37.253,1152,1152,10.262,20.819,33.085,43.411,51.831,56.071,57.224,43.756,37.569
1153,1153,18.053,16.867,33.53,42.294,49.727,47.884,43.171,45.22,40.259,1153,1153,26.102,33.073,31.568,42.525,46.158,40.624,42.026,42.067,36.484,1153,1153,7.142,19.459,36.765,40.985,53.779,57.057,58.375,45.31,37.907
1154,1154,19.984,22.2,30.303,43.046,50.933,47.902,41.576,46.255,42.606,1154,1154,22.242,27.677,26.969,39.181,48.799,44.347,41.1,46.507,37.584,1154,1154,7.3558,15.268,35.739,38.73,53.11,56.051,57.843,44.572,38.294
1155,1155,15.764,17.825,31.169,41.049,50.21,47.88,43.641,45.86,40.11,1155,1155,23.201,27.255,28.574,40.873,48.994,43.008,42.628,49.725,37.553,1155,1155,10.108,21.272,35.292,46.437,57.532,57.489,59.023,46.341,37.912
1156,1156,19.565,24.872,28.518,39.285,50.789,50.329,44.47,47.437,42.638,1156,1156,25.588,27.87,31.998,39.276,47.389,42.245,44.536,52.293,38.296,1156,1156,9.5244,19.62,32.96,42.672,53.327,55.939,61.651,48.107,38.446
1157,1157,22.04,24.414,30.051,35.673,47.804,47.087,45.816,47.702,39.863,1157,1157,30.09,25.713,30.781,38.192,51.469,48.291,45.847,52.513,38.48,1157,1157,14.461,18.158,28.27,41.256,55.592,56.966,61.702,50.706,38.559
1158,1158,17.583,26.752,31.789,38.643,52.994,51.354,46.221,47.834,44.093,1158,1158,30.092,29.496,29.406,39.249,50.926,48.816,46.606,52.185,38.747,1158,1158,11.719,19.943,31.478,42.196,54.102,58.915,64.174,50.142,38.623
1159,1159,19.195,24.244,31.338,42.882,55.395,57.916,54.217,54.774,45.093,1159,1159,19.35,31.588,34.025,40.386,52.104,56.168,53.204,55.309,40.671,1159,1159,2.8337,12.036,30.407,44.416,60.229,68.218,74.586,59.289,43.044
1160,1160,21.643,20.404,29.888,44.197,71.167,69.955,64.061,64.618,50.099,1160,1160,19.833,31.712,26.907,41.213,69.766,68.477,62.268,60.75,43.286,1160,1160,8.1174,23.829,33.805,49.723,72.446,77.773,85.107,67.108,47.803
1161,1161,16.955,24.744,33.378,41.885,60.781,65.267,57.838,62.592,47.397,1161,1161,26.293,26.106,32.641,43.546,60.926,60.615,56.685,60.729,43.41,1161,1161,15.379,19.962,33.274,47.787,65.797,73.228,78.268,63.846,44.063
1162,1162,16.303,21.139,29.533,41.394,67.479,70.97,54.848,58.398,45.692,1162,1162,28.973,26.098,31.004,45.657,61.388,64.609,55.129,54.887,40.328,1162,1162,8.8089,19.704,33.824,43.459,66.392,71.044,76.737,61.568,43.246
1163,1163,13.458,21.261,30.467,43.2,64.622,68.583,53.44,57.358,43.607,1163,1163,29.918,31.655,34.868,39.908,60.048,63.825,52.397,56.943,41.236,1163,1163,15.506,18.211,34.346,44.1,61.112,67.635,74.868,60.597,42.331
1164,1164,9.0106,21.95,32.85,39.707,59.302,60.87,51.764,58.527,44.755,1164,1164,30.008,31.364,31.575,40.136,58.361,59.561,48.479,54.314,40.246,1164,1164,15.013,18.626,31.091,45.028,60.195,68.135,70.304,56.721,41.132
1165,1165,16.462,26.35,23.803,37.759,55.726,56.798,49.672,55.293,41.314,1165,1165,25.934,29.418,34.483,40.084,55.047,55.043,48.024,51.509,39.372,1165,1165,10.871,14.714,31.076,44.374,59.651,62.057,69.974,56.45,40.551
1166,1166,14.604,25.602,36.032,37.806,51.981,53.449,44.408,48.043,43.332,1166,1166,19.636,28.619,26.193,36.379,55.739,54.573,44.501,47.855,38.542,1166,1166,5.6007,19.148,35.923,42.681,58.053,61.714,62.485,49.616,39.49
1167,1167,16.395,16.516,28.641,40.361,52.954,50.373,43.699,48.01,41.126,1167,1167,23.356,23.486,36.103,39.751,52.427,48.983,42.955,46.387,37.507,1167,1167,8.4657,21.58,32.22,42.053,55.771,60.01,62.506,49.41,39.011
1168,1168,19.327,23.138,33.04,40.072,50.214,47.212,43.958,47.503,42.548,1168,1168,15.021,23.102,36.596,35.627,51.208,47.092,41.928,45.333,37.34,1168,1168,6.7428,16.512,36.342,40.332,53.128,55.861,59.818,47.866,38.375
1169,1169,18.143,17.466,32.932,39.023,46.177,45.838,41.863,45.518,39.868,1169,1169,18.787,17.93,32.443,38.455,46.03,42.363,40.285,44.784,37.429,1169,1169,0.85813,20.527,35.752,41.696,52.481,55.014,57.585,42.966,37.911
1170,1170,7.9453,23.24,33.521,36.241,48.199,48.097,44.457,45.399,43.427,1170,1170,13.877,20.852,34.713,33.751,45.977,44.132,43.465,44.097,37.769,1170,1170,-5.6109,19.384,30.329,40.63,50.732,56.347,62.729,46.031,39.04
1171,1171,12.965,18.205,31.034,38.837,50.822,48.512,45.712,43.66,39.692,1171,1171,17.473,19.094,33.313,39.243,48.254,46.859,44.349,42.677,37.844,1171,1171,3.5118,25.822,36.741,42.802,54.205,56.887,61.631,43.848,37.577
1172,1172,17.927,19.798,31.671,38.784,49.498,46.52,40.099,43.348,42.755,1172,1172,21.827,19,31.545,41.158,48.178,42.623,38.979,43.027,37.598,1172,1172,2.8457,16.146,29.362,43.368,52.124,56.626,57.476,42.538,38.829
1173,1173,18.234,22.06,32.471,40.456,47.028,45.014,39.346,44.741,40.694,1173,1173,18.893,25.495,31.604,36.62,46.954,44.393,38.147,43.422,37.481,1173,1173,-1.1987,20.02,29.939,36.353,47.757,55.314,54.947,40.277,38.494
1174,1174,19.961,22.407,32.287,39.061,50.75,46.02,37.097,44.538,42.307,1174,1174,22.244,25.393,30.672,37.802,48.219,44.213,36.737,42.561,38.034,1174,1174,-0.94521,14.7,26.657,42.69,54.065,55.884,53.187,38.42,38.598
1175,1175,11.918,19.92,28.856,39.727,47.505,41.391,36.951,42.285,39.687,1175,1175,17.541,25.293,33.005,37.365,48.386,40.434,37.334,41.001,37.135,1175,1175,4.2303,25.092,33.834,43.288,50.368,55.879,54.159,39.285,37.928
1176,1176,10.11,22.147,33.878,41.471,45.025,42.547,39.14,45.104,42.211,1176,1176,15.423,20.657,31.714,34.145,44.322,40.117,37.822,44.489,37.891,1176,1176,-1.3959,20.012,28.19,41.753,48.011,53.193,53.022,44.758,38.393
1177,1177,15.438,25.962,29.15,34.274,44.214,41.254,36.861,42.126,39.633,1177,1177,19.799,17.791,33.339,41.108,42.203,35.817,37.215,39.818,37.165,1177,1177,-2.0331,17.465,30.269,41.488,49.462,52.522,52.811,38.539,38.149
1178,1178,12.455,26.125,26.341,39.617,44.123,39.581,35.942,43.919,42.267,1178,1178,17.677,20.45,32.389,37.566,45.191,39.857,36.002,41.693,37.185,1178,1178,1.2591,19.558,32.644,39.654,51.654,52.835,52.177,37.798,38.23
1179,1179,15.621,23.867,36.345,39.939,45.561,41.785,36.169,44.338,39.424,1179,1179,14.553,20.944,36.919,36.349,46.438,42.357,36.746,42.519,37.304,1179,1179,1.9063,20.11,27.752,44.851,52.421,52.015,51.115,37.943,37.522
1180,1180,17.859,24.992,29.561,38.299,45.114,43.053,36.271,43.015,42.438,1180,1180,13.706,19.709,31.047,40.724,44.763,41.505,36.115,40.21,37.318,1180,1180,-2.6268,11.232,29.27,43.18,51.019,54.832,52.796,37.341,38.716
1181,1181,10.745,23.541,24.881,38.41,44.814,40.805,37.231,42.309,39.464,1181,1181,8.65,17.818,25.819,36.414,43.319,37.739,36.162,40.223,36.587,1181,1181,-2.5892,13.532,30.151,41.776,48.448,54.475,52.396,38.148,37.662
1182,1182,11.658,20.421,32.381,42.253,46.09,40.927,38.194,45.644,42.283,1182,1182,6.2398,20.601,35.145,42.853,44.294,36.364,37.358,42.305,37.716,1182,1182,5.1685,15.139,35.621,43.311,52.391,54.433,51.928,38.421,37.606
1183,1183,16.551,22.212,28.245,40.883,49.784,47.28,37.641,44.54,39.521,1183,1183,11.774,18.952,30.061,46.772,48.899,42.239,36.33,41.042,36.586,1183,1183,2.1526,13.184,33.756,42.337,52.167,56.08,54.097,39.07,37.969
1184,1184,21.937,26.685,30.122,44.724,47.766,43.827,37.618,44.567,42.346,1184,1184,17.061,21.001,33.185,48.228,48.213,43.999,38.591,41.447,37.907,1184,1184,7.0528,17.219,34.258,46.663,49.672,53.775,52.952,38.444,38.096
1185,1185,16.519,22.518,29.933,43.123,48.116,45.346,40.005,44.077,39.355,1185,1185,14.425,21.919,31.065,51.97,49.695,40.276,40.278,41.321,36.714,1185,1185,6.8669,17.911,32.4,44.259,50.76,56.338,56.541,40.373,37.8
1186,1186,5.1884,20.844,31.741,40.32,51.998,47.974,43.773,42.417,42.266,1186,1186,19.207,21.313,30.571,45.84,49.725,45.699,41.996,41.288,37.016,1186,1186,7.1134,17.457,30.077,45.151,52.301,55.862,59.478,41.667,38.22
1187,1187,12.246,16.51,29.09,42.995,50.063,48.911,41.12,46.004,40.452,1187,1187,17.035,26.171,33.006,47.041,47.68,41.709,40.84,43.685,37.293,1187,1187,-2.1066,15.247,30.519,44.571,52.613,54.336,56.963,43.436,38.145
1188,1188,13.117,23.136,25.239,35.396,50.597,48.656,41.807,45.355,40.203,1188,1188,18.671,21.095,26.493,41.884,49.96,48.667,42.026,44.235,37.302,1188,1188,2.6597,21.995,31.744,44.286,58.275,57.901,59.637,45.785,38.27
1189,1189,20.597,17.369,32.445,44.134,48.179,47.864,41.97,46.484,42.802,1189,1189,23.461,22.387,30.495,44.87,48.657,45.976,42.585,46.544,37.62,1189,1189,2.9568,19.56,30.332,43.838,49.943,54.296,60.564,48.161,39.736
1190,1190,16.175,23.97,32.128,42.993,53.808,53.159,52.314,51.729,42.411,1190,1190,20.939,24.958,31.326,51.093,52.756,51.655,52.26,55.833,40.293,1190,1190,3.2255,14.838,32.898,46.617,60.837,66.127,69.803,54.384,40.657
1191,1191,17.769,17.461,31.352,40.919,54.603,53.319,51.775,51.394,43.946,1191,1191,26.294,25.856,32.053,49.458,53.52,51.279,51.204,53.658,40.014,1191,1191,3.1551,16.479,35.646,49.11,62.057,64.181,69.518,55.909,40.652
1192,1192,11.631,15.918,36.978,44.51,53.319,53.938,55.795,52.764,42.67,1192,1192,27.251,21.852,33.369,50.12,56.676,54.14,54.665,54.09,39.969,1192,1192,11.129,20.691,27.661,46.788,62.929,66.024,73.545,58.993,41.562
1193,1193,14.992,24.407,33.389,44.09,54.328,54.27,54.944,53.022,45.772,1193,1193,29.145,21.782,37.014,50.221,55.221,51.238,52.654,57.336,42.047,1193,1193,11.972,16.021,32.294,48.652,59.464,65.375,73.702,58.868,42.491
1194,1194,20.273,22.95,34.351,44.597,64.155,66.278,61.429,61.608,49.292,1194,1194,25.085,26.973,32.059,51.196,62.958,62.783,60.138,64.15,46.231,1194,1194,1.3386,19.415,32.629,53.478,72.226,79.154,81.467,64.393,47.579
1195,1195,22.536,23.502,36.199,44.804,58.958,63.886,57.104,56.371,48.627,1195,1195,26.507,26.854,34.926,50.463,55.41,58.414,54.999,56.196,43.811,1195,1195,12.362,17.258,30.825,45.435,61.226,74.801,77.301,59.374,45.093
1196,1196,20.373,27.911,36.524,47.08,66.276,69.218,67.648,66.592,51.195,1196,1196,25.086,25.464,36.302,52.282,67.411,67.912,67.138,65.944,47.533,1196,1196,12.981,20.034,33.496,51.461,70.721,81.856,89.813,74.293,53.45
1197,1197,17.474,26.957,39.584,51.299,73.827,78.97,78.144,71.892,54.873,1197,1197,15.548,25.814,35.163,51.755,69.458,73.455,73.555,70.521,51.343,1197,1197,3.0046,18.813,34.436,55.164,77.467,91.998,98.61,79.648,58.477
1198,1198,5.7683,29.965,37.371,54.568,77.615,81.428,77.78,75.069,58.13,1198,1198,15.178,23.498,34.854,54.817,73.542,76.305,76.626,73.89,54.528,1198,1198,6.3111,19.024,33.211,60.872,81.615,96.169,100,82.604,61.822
1199,1199,7.912,27.526,43.096,57.659,76.501,79.619,79.235,74.096,57.496,1199,1199,20.408,20.595,36.519,55.591,68.429,74.226,77.477,71.676,52.992,1199,1199,4.1981,20.091,36.593,59.759,79.604,95.633,101.52,82.575,61.41
1200,1200,9.6861,27.421,43.091,56.074,79.013,83.063,81.576,76.9,59.964,1200,1200,16.959,15.055,33.209,59.116,72.315,78.352,79.375,75.106,56.472,1200,1200,13.86,20.443,33.455,60.578,83.226,99.005,102.83,85.076,63.916
1201,1201,15.091,28.072,40.659,58.956,79.451,83.56,80.159,76.927,61.52,1201,1201,13.555,18.457,36.595,57.806,74.714,78.532,77.966,77.106,57.957,1201,1201,10.688,27.14,37.795,60.33,81.19,99.845,102.09,84.071,63.485
1202,1202,11.431,27.14,41.098,59.963,77.962,79.964,76.425,78.516,58.874,1202,1202,12.062,22.226,35.321,55.795,70.28,74.534,77.838,74.793,55.867,1202,1202,7.3677,19.807,34.768,62.046,79.333,91.045,100.32,85.165,62.904
1203,1203,16.907,25.319,36.646,54.342,72.539,73.04,74.635,79.311,58.559,1203,1203,14.373,22.248,38.341,55.693,64.067,67.304,74.077,76.468,55.479,1203,1203,10.029,17.766,35.603,55.378,73.053,85.457,96.408,83.339,60.433
1204,1204,12.003,20.949,36.307,48.72,66.942,70.283,68.648,79.131,59.233,1204,1204,16.266,23.393,35.013,51.613,67.5,68.988,67.984,75.487,55.273,1204,1204,13.282,24.832,37.537,52.887,71.837,80.404,89.138,80.006,56.537
1205,1205,16.943,23.304,35.082,44.337,66.424,70.154,65.656,72.916,53.779,1205,1205,22.769,19.435,28.879,49.828,67.362,68.373,64.132,69.092,50.243,1205,1205,9.5257,19.674,37.563,50.299,70.594,79.976,84.595,70.413,49.09
1206,1206,20.066,23.231,32.829,45.991,59.221,61.609,63.906,64.672,47.158,1206,1206,22.796,20.8,29.326,49.439,64.846,62.264,62.139,62.58,45.096,1206,1206,9.7384,14.605,35.3,51.775,66.791,74.016,82.618,69.824,48.212
1207,1207,20.283,32.88,38.288,48.024,63.104,64.608,66.278,67.64,50.29,1207,1207,21.351,27.82,32.722,51.082,62.339,61.499,65.303,65.639,47.195,1207,1207,2.4988,19.188,34.234,53.193,68.211,78.432,87.971,73.119,51.383
1208,1208,22.244,28.243,36.159,46.189,64.47,67.158,64.118,66.364,49.002,1208,1208,22.877,27.442,37.044,51.088,57.493,61.543,61.349,64.969,46.454,1208,1208,5.7322,20.919,32.517,54.256,69.699,77.6,83.517,69.325,47.979
1209,1209,20.482,26.746,35.907,54.568,61.033,62.315,61.679,62.92,46.757,1209,1209,17.567,29.604,38.449,58.333,58.433,56.241,59.566,61.177,43.791,1209,1209,3.4191,23.181,35.12,52.283,64.582,72.2,80.733,66.447,45.868
1210,1210,11.165,25.104,29.995,50.134,55.385,54.773,54.482,55.872,42.852,1210,1210,23.638,30.583,35.39,48.231,53.736,53.412,51.626,55.559,40.121,1210,1210,2.0756,22.201,39.373,46.5,59.943,63.862,70.775,59.312,41.418
1211,1211,8.4188,25.809,35.811,44.249,55.97,53.592,51.499,52.714,43.347,1211,1211,24.496,24.831,34.238,46.688,54.736,49.892,50.49,50.753,38.454,1211,1211,4.0708,27.999,38.026,47.845,58.636,61.913,67.62,55.99,39.859
1212,1212,1.3378,25.178,33.32,51.249,56.857,52.639,53.828,50.629,40.839,1212,1212,13.209,27.205,32.551,53.723,55.78,49.569,51.326,50.108,38.053,1212,1212,2.9718,25.827,36.847,51.93,60.716,61.66,70.693,56.035,40.179
1213,1213,13.557,24.992,35.252,48.533,57.705,53.513,52.874,50.354,43.145,1213,1213,13.864,27.704,32.88,47.992,55.367,50.778,51.221,48.247,38.319,1213,1213,6.4274,24.08,39.613,46.664,60.759,62.554,68.035,55.139,39.905
1214,1214,15.827,24.168,34.4,45.42,57.096,56.221,50.841,48.938,40.272,1214,1214,17.834,25.282,33.632,44.495,56.521,54.567,49.908,49.393,38.181,1214,1214,1.849,20.53,34.525,50.848,61.883,62.949,67.77,55.48,39.911
1215,1215,23.027,20.57,33.231,45.726,52.498,51.239,49.776,49.485,43.487,1215,1215,24.844,32.401,35.808,56.903,54.632,49.711,47.845,48.766,38.078,1215,1215,7.7603,19.475,37.392,48.919,60.882,65.713,69.082,55.06,39.809
1216,1216,22.09,26.342,32.668,48.466,50.903,47.394,44.767,47.194,41.6,1216,1216,24.498,25.236,35.196,53.967,52.364,47.734,44.434,45.417,37.531,1216,1216,3.3557,22.283,38.203,48.222,54.826,56.062,66.142,51.047,38.927
1217,1217,23.137,27.444,32.649,43.03,50.005,47.246,45.535,48.291,42.445,1217,1217,27.384,20.745,33.659,43.933,47.015,43.9,46.319,46.83,37.665,1217,1217,9.8055,21.691,33.099,43.231,49.292,53.63,63.919,52.765,38.122
1218,1218,20.221,22.694,35.039,52.515,52.561,48.373,49.844,47.351,39.276,1218,1218,25.103,25.753,36.76,49.534,53.616,48.665,48.163,46.115,36.713,1218,1218,11.528,16.152,31.757,43.973,51.112,57.728,66.17,54.122,38.224
1219,1219,18.202,29.668,25.763,50.387,54.119,51.48,52.675,47.003,42.193,1219,1219,23.129,30.902,37.559,55.593,53.838,47.558,49.039,45.931,37.748,1219,1219,8.1229,19.216,37.178,48.774,52.022,60.523,66.863,53.968,38.7
1220,1220,18.518,27.038,37.139,44.502,52.772,52.279,52.699,48.04,39.919,1220,1220,20.914,25.672,35.615,45.263,54.419,53.552,50.218,47.537,37.473,1220,1220,-0.61476,13.93,33.729,44.89,55.151,63.026,68.507,54.483,38.132
1221,1221,22.889,28.496,34.942,43.468,57.633,56.579,52.76,46.238,42.391,1221,1221,23.304,32.6,35.912,52.581,52.688,51.295,47.587,45.39,37.535,1221,1221,2.8547,23.633,30.377,48.692,53.907,60.817,66.79,51.951,38.495
1222,1222,14.272,21.9,33.844,50.459,55.317,54.312,50.774,47.08,40.265,1222,1222,18.888,23.875,38.386,51.087,56.085,53.591,48.306,47.495,37.273,1222,1222,0.633,22.182,37.338,44.858,55.187,61.837,67.502,48.115,38.04
1223,1223,16.039,17.798,34.505,46.918,54.648,52.559,46.036,45.665,42.854,1223,1223,15.401,25.884,39.677,50.19,55.978,53.236,44.762,46.761,37.933,1223,1223,4.8057,19.373,38.364,45.609,54.195,60.047,63.982,46.809,39.02
1224,1224,2.5457,24.909,30.782,43.51,52.947,53.736,45.333,43.824,39.394,1224,1224,10.186,31.034,32.894,47.637,52.976,49.855,44.331,44.251,37.033,1224,1224,3.151,19.005,34.935,47.244,54.763,57.129,62.157,46.665,38.405
1225,1225,13.708,22.885,34.118,38.769,50.63,52.007,42.608,44.474,42.1,1225,1225,15.861,27.378,34.526,52.69,52.117,46.235,42.913,42.636,37.206,1225,1225,2.2654,18.459,31.731,44.14,52.52,55.138,59.963,44.854,38.384
1226,1226,19.854,22.463,32.815,43.452,51.866,51.714,42.369,45.356,39.109,1226,1226,18.208,28.45,32.35,52.986,51.725,45.151,41.468,43.269,37.617,1226,1226,0.91661,22.23,27.875,43.998,51.224,55.796,58.086,43.888,37.977
1227,1227,15.725,22.598,32.566,46.011,50.044,46.672,40.397,43.981,42.925,1227,1227,11.77,22.155,32.52,52.495,52.156,42.739,40.914,42.417,37.342,1227,1227,2.1344,10.822,34.498,46.036,51.001,55.829,56.836,42.126,37.789
1228,1228,17.602,25.174,33.424,44.483,51.609,49.65,39.63,44.445,38.159,1228,1228,20.042,18.041,34.211,46.947,49.628,46.159,39.096,40.621,35.862,1228,1228,3.802,17.537,34.232,44.548,52.295,57.393,55.639,41.005,37.344
1229,1229,20.452,26.926,29.579,48.118,48.394,45.7,38.431,42.014,41.323,1229,1229,24.356,21.912,36.76,52.93,50.496,45.075,38.958,39.468,36.545,1229,1229,4.9249,21.942,37.484,43.103,51.124,57.607,56.006,41.177,37.174
1230,1230,11.4,19.148,35.917,47.298,50.364,48.838,38.837,44.385,40.456,1230,1230,14.927,17.212,34.181,52.911,52.758,44.754,37.146,43.036,36.623,1230,1230,4.2616,19.448,35.138,44.631,51.981,53.898,55.235,39.267,37.658
1231,1231,12.19,24.32,34.228,47.182,53.36,50.744,39.594,43.102,39.422,1231,1231,9.8157,25.288,34.468,53.494,51.611,46.315,38.956,43.216,36.783,1231,1231,-0.75077,23.777,32.51,46.507,52.119,55.205,54.092,39.595,37.674
1232,1232,24.652,24.407,33.741,45.468,48.827,44.601,40.43,43.805,41.673,1232,1232,15.524,26.653,33.506,49.338,52.467,47.441,40.345,42.892,37.176,1232,1232,4.3536,26.564,34.585,42.361,51.255,55.253,56.856,41.373,38.333
1233,1233,24.394,26.654,36.63,49.031,50.301,48.436,42.565,43.06,38.563,1233,1233,25.361,24.921,39.418,58.714,57.534,49.893,40.992,40.992,35.357,1233,1233,7.4686,17.707,32.998,49.574,52.098,56.971,57.352,41.104,37.946
1234,1234,14.55,25.289,34.515,44.53,50.071,49.199,42.215,43.042,42.03,1234,1234,21.34,29.5,36.193,52.21,51.846,45.275,40.554,41.712,36.596,1234,1234,3.3792,21.986,29.571,43.178,52.233,56.227,56.601,41.832,37.432
1235,1235,14.841,23.126,29.886,47.172,51.619,48.449,39.743,43.799,38.98,1235,1235,21.045,26.94,32.654,50.692,53.761,47.275,40.723,44.429,36.658,1235,1235,8.1038,19.775,33.528,49.553,57.333,55.229,56.755,41.952,37.17
1236,1236,23.121,30.172,36.269,46.505,54.156,52.39,40.535,46.009,41.713,1236,1236,20.888,30.08,37.646,50.332,57.563,53.719,41.261,46.456,37.271,1236,1236,2.286,16.885,34.465,51.145,54.306,54.3,54.328,40.739,37.956
1237,1237,21.783,31.958,39.675,50.566,54.431,53.174,42.384,45.869,39.05,1237,1237,24.812,25.683,34.863,54.174,55.923,48.959,40.881,44.56,36.921,1237,1237,8.752,21.924,40.117,47.28,52.685,55.855,56.148,43.655,37.17
1238,1238,17.893,22.573,34.792,51.735,52.251,48.756,41.546,45.837,42.668,1238,1238,10.676,26.147,40.741,54.807,57.526,48.864,40.219,42.506,36.893,1238,1238,1.7347,22.662,38.941,46.694,53.097,54.987,56.524,41.357,37.537
1239,1239,16.071,26.504,35.936,49.052,52.057,49.007,40.816,43.762,39.721,1239,1239,22.072,27.486,37.641,51.954,51.725,44.571,40.617,43.817,36.229,1239,1239,2.6887,24.812,44.463,49.855,53.345,55.264,56.28,41.505,36.978
1240,1240,18.101,21.728,37.772,51.679,52.257,49.311,39.911,41.734,42.387,1240,1240,21.927,25.866,35.383,56.087,55.262,47.295,39.029,41.249,36.874,1240,1240,7.7452,31.239,36.664,45.784,51.517,53.108,54.521,40.161,36.868
1241,1241,20.513,26.494,39.646,47.402,48.046,45.887,41.38,44.573,38.427,1241,1241,19.509,30.067,38.892,56.121,52.769,46.782,40.238,41.774,35.932,1241,1241,1.5371,27.526,38.547,47.613,48.872,54.818,55.872,39.595,37.187
1242,1242,18.376,32.062,36.12,53.552,53.833,49.744,44.108,46.335,42.581,1242,1242,24.242,32.839,38.83,55.465,58.483,52.412,44.249,45.002,37.739,1242,1242,3.5169,24.807,35.543,44.809,51.828,55.581,55.05,41.565,39.215
1243,1243,20.959,30.664,35.985,47.544,48.009,44.759,41.519,44.683,38.523,1243,1243,23.392,30.683,39.609,49.091,51.633,48.635,40.356,44.455,37.275,1243,1243,-2.133,23.05,39.311,41.932,49.531,54.822,54.616,40.415,37.992
1244,1244,21.572,26.504,35.567,45.783,47.05,44.924,39.975,44.618,42.48,1244,1244,25.633,26.152,38.77,46.475,47.882,45.219,38.468,43.372,36.617,1244,1244,1.7753,21.096,37.238,42.199,47.673,53.669,54.696,39.285,37.594
1245,1245,16.12,22.973,29.892,41.081,47.393,45.992,39.904,43.456,38.721,1245,1245,15.233,25.39,35.262,52.081,51.163,45.444,41.161,43.831,36.374,1245,1245,-1.1679,18.563,34.108,45.205,48.699,53.495,55.074,40.608,37.543
1246,1246,20.309,22.498,32.797,41.823,46.501,44.855,40.79,44.528,42.555,1246,1246,22.217,27.012,36.429,48.901,49.064,43.667,39.369,41.326,36.81,1246,1246,5.2005,16.24,31.249,44.382,49.662,51.794,54.336,40.801,37.537
1247,1247,16.739,24.038,28.37,43.936,45.867,42.468,37.404,43.523,38.654,1247,1247,17.259,21.571,36.649,45.75,45.101,38.17,39.587,41.353,35.833,1247,1247,2.1383,23.789,36.849,41.409,46.284,54.006,54.768,40.047,37.107
1248,1248,20.587,27.064,35.422,43.076,46.368,44.62,37.732,43.355,42.691,1248,1248,23.523,30.171,30.388,47.714,48.446,43.3,37.573,42.009,36.846,1248,1248,5.394,19.081,28.857,40.42,49.258,53.789,53.805,40.131,37.21
1249,1249,25.836,21.669,30.461,42.826,42.534,39.137,37.822,43.23,39.394,1249,1249,27.528,25.556,32.853,44.386,45.221,40.436,37.543,41.384,35.832,1249,1249,11.85,22.039,33.743,40.225,49.639,54.172,55.106,41.383,37.078
1250,1250,22.581,20.656,30.09,41.191,41.797,37.738,38.054,44.873,42.008,1250,1250,25.73,21.679,31.291,40.109,44.156,40.982,38.186,41.191,36.293,1250,1250,12.695,21.414,31.98,40.158,45.82,53.205,53.964,40.802,37.728
1251,1251,18.115,24.324,35.193,40.16,44.069,39.906,38.294,42.64,38.997,1251,1251,19.352,21.137,35.835,39.46,43.254,39.544,39.275,40.759,36.447,1251,1251,5.9945,13.878,35.619,41.608,47.326,52.798,54.904,42.477,37.86
1252,1252,12.555,24.544,33.211,39.857,40.502,39.487,37.72,46.163,43.477,1252,1252,13.691,17.948,30.7,40.145,39.116,34.614,38.068,41.068,36.931,1252,1252,-0.55761,25.71,33.159,42.307,48.189,52.681,53.68,39.389,38.084
1253,1253,12.66,21.295,35.8,37.077,42.145,37.535,38.659,42.458,40.229,1253,1253,18.003,25.706,31.76,38.188,38.439,32.756,37.155,42.228,37.405,1253,1253,-1.5029,26.839,37.685,38.111,48.567,53.72,55.692,40.497,38.308
1254,1254,20.15,25.58,32.909,39.419,40.288,39.291,38.302,43.333,43.017,1254,1254,23,25.117,32.294,36.022,40.1,36.343,38.726,42.658,37.774,1254,1254,6.541,20.15,33.224,37.229,46.644,55.373,56.132,41.044,38.532
1255,1255,22.009,19.299,30.059,35.247,41.716,38.567,38.612,44.403,40.697,1255,1255,24.949,26.614,34.483,40.304,43.494,35.109,39.589,42.215,36.805,1255,1255,9.2854,19.105,36.379,40.338,48.311,56.406,56.468,42.507,38.396
1256,1256,16.468,25.509,30.629,40.474,44.812,44.409,39.93,42.312,42.889,1256,1256,14.04,25.339,31.609,43.138,47.106,41.777,39.59,40.609,37.643,1256,1256,7.8467,23.675,36.526,40.239,46.984,56.086,58.756,43.478,38.615
1257,1257,15.942,22.595,33.002,38.113,47.27,40.881,38.249,45.087,39.895,1257,1257,15.003,23.823,29.303,39.942,43.806,40.157,39.66,41.241,36.556,1257,1257,2.1275,22.619,35.747,40.849,49.767,54.314,57.585,42.85,38.54
1258,1258,13.658,19.212,31.995,42.581,45.13,45.171,40.281,42.319,42.492,1258,1258,19.218,24.347,38.047,42.26,44.596,41.56,40.47,39.888,37.111,1258,1258,-1.9608,19.149,40.125,41.282,47.051,53.435,58.437,43.858,37.771
1259,1259,17.281,23.948,31.895,45.447,48.374,43.796,38.148,42.919,40.248,1259,1259,19.746,23.726,35.205,45.017,46.309,42.039,39.415,40.412,35.917,1259,1259,-7.5977,21.339,31.057,42.756,49.946,54.758,56.804,41.405,37.471
1260,1260,8.1898,22.75,35.817,40.199,43.843,41.773,39.107,43.469,42.19,1260,1260,13.447,22.399,34.753,43.884,46.342,41.854,40.078,40.814,36.38,1260,1260,-7.7716,10.99,32.395,32.892,47.446,51.867,55.615,43.173,38.119
1261,1261,12.448,20.598,36.483,40.604,44.956,42.515,40.267,42.8,39.715,1261,1261,11.793,25.435,32.734,39.504,44.315,39.716,40.65,42.109,36.538,1261,1261,4.381,16.459,32.164,38.743,50.107,54.539,57.487,43.358,37.501
1262,1262,17.251,21.298,35.042,36.322,44.463,40.684,39.562,42.072,41.899,1262,1262,17.94,22.952,30.825,38.895,48.366,44.18,39.721,41.732,37.105,1262,1262,4.499,17.666,31.491,39.921,49.699,55.737,56.937,43.112,38.135
1263,1263,12.606,23.686,29.528,45.359,46.685,41.665,41.133,43.257,40.433,1263,1263,15.09,24.164,31.885,42.854,45.395,41.154,39.466,41.549,37.413,1263,1263,-2.4267,20.716,31.361,44.272,49.945,55.16,58.408,43.377,38.235
1264,1264,12.378,24.038,33.913,41.087,47.807,45.747,38.327,44.292,42.556,1264,1264,15.698,20.963,30.171,45.334,47.386,43.642,38.585,41.719,37.466,1264,1264,3.9527,16.545,34.236,40.489,50.626,57.29,55.105,40.978,38.754
1265,1265,16.648,18.062,33.754,41.683,49.557,48.9,39.419,43.174,39.038,1265,1265,20.143,23.011,31.594,45.142,46.471,42.964,40.585,40.398,35.658,1265,1265,1.2152,13.665,33.227,39.448,48.249,56.009,57.159,42.703,38.07
1266,1266,4.2186,17.907,28.036,37.774,46.65,45.71,39.363,43.699,41.878,1266,1266,15.958,18.795,28.514,38.184,45.934,44.267,39.567,40.349,36.32,1266,1266,7.8943,14.977,31.439,40.345,48.981,55.048,54.987,40.72,37.511
1267,1267,10.503,20.181,32.698,40.493,49.929,49.491,39.419,43.306,39.163,1267,1267,12.746,19.307,26.976,36.062,45.387,43.075,39.672,41.907,35.931,1267,1267,5.8397,19.755,28.915,39.086,49.431,54.587,57.602,43.385,37.712
1268,1268,15.054,16.399,32.69,35.037,47.059,45.217,40.235,44.615,41.811,1268,1268,16.782,19.295,30.574,37.312,49.533,47.062,39.551,43.082,36.507,1268,1268,-4.8872,18.813,31.145,40.609,49.966,55.468,57.675,42.377,37.337
1269,1269,16.548,23.487,32.547,37.23,47.627,46.734,40.752,44.002,38.834,1269,1269,20.645,17.893,32.881,38.507,46.086,43.777,40.69,42.691,36.306,1269,1269,-0.72466,15.93,28.599,39.901,50.879,55.589,57.546,44.657,37.223
1270,1270,19.789,21.486,28.525,39.825,45.496,43.461,40.143,45.543,41.699,1270,1270,24.396,27.865,29.832,37.271,45.723,44.14,40.828,42.199,37.259,1270,1270,3.8236,10.965,28.454,39.122,52.097,55.309,58.704,43.992,37.506
1271,1271,19.634,17.685,29.779,38.692,48.92,48.218,42.829,45.475,38.343,1271,1271,21.709,22.779,34.411,40.123,44.149,43.941,44.2,42.255,36.443,1271,1271,2.9053,17.559,30.335,38.321,51.697,56.689,61.529,47.596,37.211
1272,1272,21.15,27.348,29.717,37.492,44.775,46.634,48.842,45.189,41.454,1272,1272,24.119,27.472,29.928,41.467,46.985,45.533,51.154,43.602,36.686,1272,1272,3.5585,13.217,32.243,39.015,49.332,58.73,69.24,53.915,38.756
1273,1273,19.259,10.948,32.068,40.064,50.47,53.326,52.461,45.526,40.447,1273,1273,23.99,20.185,28.2,38.706,53.552,52.468,50.765,44.18,36.744,1273,1273,6.102,15.006,26.184,39.196,53.171,60.735,70.999,54.31,38.716
1274,1274,18.91,20.584,34.218,38.247,50.885,52.4,53.654,47.122,39.251,1274,1274,23.708,25.383,30.09,40.507,53.002,53.249,51.142,46.672,36.782,1274,1274,6.1474,19.392,29.097,38.729,52.787,63.594,71.88,55.862,38.977
1275,1275,20.198,23.362,29.468,39.288,53.864,55.975,54.792,49.432,42.113,1275,1275,24.718,24.429,34.369,42.669,55.944,55.882,54.216,49.178,37.549,1275,1275,1.8536,18.245,30.849,46.284,56.107,64.184,73.656,59.65,40.434
1276,1276,17.603,21.522,29.842,39.646,53.042,54.054,54.151,51.751,39.725,1276,1276,20.068,26.948,31.78,41.129,54.543,55.698,52.124,51.2,37.232,1276,1276,1.5897,14.627,25.805,47.179,57.567,65.35,70.887,58.219,39.318
1277,1277,18.542,21.998,34.863,39.461,51.528,52.992,52.379,53.165,42.706,1277,1277,21.506,24.89,27.022,38.587,55.227,53.529,52.726,53.991,37.735,1277,1277,3.7158,19.456,31.651,46.332,55.556,65.914,68.249,58.09,39.268
1278,1278,16.461,21.017,31.782,39.915,53.003,54.122,52.456,55.138,40.682,1278,1278,20.347,21.891,28.585,42.017,52.876,52.043,50.61,54.879,38.643,1278,1278,8.2757,18.764,32.544,44.83,55.227,61.484,68.664,59.93,39.455
1279,1279,15.113,23.739,30.976,36.894,52.018,52.534,48.33,51.25,41.965,1279,1279,19.647,22.207,26.284,39,48.23,46.697,47.595,49.875,37.016,1279,1279,2.0548,16.907,33.504,41.169,53,56.423,65.96,54.486,38.817
1280,1280,14.307,25.802,28.967,40.413,51.054,51.266,52.144,55.942,41.345,1280,1280,13.263,21.694,29.822,37.71,46.096,42.377,52.24,53.566,39.315,1280,1280,2.6496,16.234,31.559,40.946,49.762,57.274,70.518,60.203,40.295
1281,1281,8.2071,19.658,30.141,39.379,52.595,52.024,52.633,52.569,42.896,1281,1281,13.741,23.819,30.779,35.535,51.563,49.674,54.316,50.893,39.487,1281,1281,-7.9139,11.83,31.562,43.78,54.084,60.537,72.409,60.573,40.985
1282,1282,13.225,24.925,30.424,41.601,52.329,54.083,56.743,53.624,41.546,1282,1282,19.45,29.347,30.463,38.608,50.268,49.814,55.42,52.178,39.949,1282,1282,4.8526,23.438,32.791,43.978,55.894,60.637,74.794,61.744,41.549
1283,1283,15.728,20.894,36.28,41.415,53.603,56.03,56.593,54.518,43.708,1283,1283,21.474,22.439,32.13,38.282,51.097,51.073,54.839,54.183,40.657,1283,1283,5.4691,15.296,34.323,42.893,57.357,61.882,74.173,60.454,41.13
1284,1284,11.539,22.977,27.161,43.205,53.821,54.712,58.471,56.018,41.85,1284,1284,14.187,18.797,28.756,39.256,51.767,49.564,58.768,54.381,39.761,1284,1284,0.30439,21.575,34.007,46.412,59.345,60.85,73.847,61.126,41.562
1285,1285,12.987,23.826,36.485,42.058,53.71,56.18,61.496,58.3,44.668,1285,1285,15.591,21.795,30.03,36.726,54.497,54.497,58.306,55.91,40.306,1285,1285,-0.054047,19,28.023,45.515,58.219,64.645,75.817,63.528,42.956
1286,1286,16.437,25.251,38.645,42.974,53.6,54.36,60.475,57.356,43.337,1286,1286,21.923,22.011,22.766,39.663,52.058,51.995,58.26,55.844,40.052,1286,1286,0.17579,17.523,33.452,42.076,57.622,62.701,74.16,61.475,41.638
1287,1287,20.411,27.848,35.868,44.786,53.406,55.999,59.62,54.226,43.54,1287,1287,22.003,30.394,27.151,36.216,48.657,51.36,57.489,53.162,38.658,1287,1287,-2.1397,21.355,31.698,46.225,57.61,63.34,72.999,59.826,40.961
1288,1288,14.706,25.715,33.057,46.31,50.351,52.208,54.032,50.115,40.25,1288,1288,20.139,29.566,31.795,39.124,52.27,51.139,54.574,48.029,37.681,1288,1288,5.943,22.856,30.154,43.433,54.813,65.422,69.308,56.571,39.213
1289,1289,12.474,22.006,32.616,38.429,50.323,53.552,52.417,48.891,42.646,1289,1289,15.824,29.704,26.805,35.593,47.993,49.06,50.685,48.207,38.216,1289,1289,1.8944,15.814,30.947,39.199,51.955,62.559,67.672,53.129,39.03
1290,1290,21.137,21.795,29.326,39.538,50.556,52.188,52.207,50.95,39.773,1290,1290,23.837,28.991,28.127,34.185,53.008,51.061,51.681,49.214,37.927,1290,1290,-2.882,14.363,29.445,46.549,61.547,64.848,71.289,56.914,39.412
1291,1291,21.401,17.735,27.084,36.145,48.55,50.312,51.561,50.421,43.163,1291,1291,24.887,17.489,32.461,37.313,51.571,50.014,50.211,49.873,38.417,1291,1291,-11.245,19.52,31.954,43.707,54.6,62.623,68.84,56.224,39.815
1292,1292,15.138,24.82,33.622,40.314,51.663,51.573,47.372,52.603,41.572,1292,1292,16.51,18.905,30.655,33.37,50.638,49.977,48.064,49.931,38.354,1292,1292,1.21,17.623,31.368,42.541,56.519,61.947,67.191,55.268,38.783
1293,1293,8.8527,23.483,32.518,41.171,51.021,52.161,49.81,52.885,42.715,1293,1293,14.713,24.413,31.409,37.923,48.094,47.868,51.979,50.527,38.991,1293,1293,7.297,15.941,32.574,43.42,55.725,64.075,69.676,57.066,40.147
1294,1294,9.9921,25.2,31.29,40.536,52.722,54.437,48.953,56.287,41.902,1294,1294,16.925,25.044,33.176,37.494,52.393,53.392,48.431,53.357,39.481,1294,1294,8.4222,20.369,29.428,38.983,56.555,62.863,67.942,57.996,39.606
1295,1295,18.867,21.934,32.905,38.747,52.357,53.077,49.221,59.184,44.441,1295,1295,19.796,26.39,34.818,37.612,52.491,51.289,50.156,55.916,40.622,1295,1295,2.2826,17.609,32.544,43.83,52.682,58.9,70.924,60.949,41.144
1296,1296,18.434,27.155,30.691,40.156,45.7,46.379,51.075,62.339,45.251,1296,1296,22.055,30.115,30.726,38.131,48.045,46.129,54.55,57.397,40.799,1296,1296,5.6876,17.403,32.03,42.112,53.562,60.659,73.94,62.142,41.95
1297,1297,23.477,25.597,26.915,38.72,48.554,53.492,58.038,57.475,44.488,1297,1297,27.405,27.202,29.563,41.042,52.118,54.487,56.754,53.327,39.623,1297,1297,7.8326,22.838,33.979,44.221,54.909,72.761,75.102,58.378,40.602
1298,1298,25.439,24.076,31.519,43.665,52.68,55.318,47.791,48.171,40.986,1298,1298,28.89,25.923,33.642,38.094,51.601,52.851,46.708,45.784,38.324,1298,1298,8.4661,16.209,31.649,44.964,58.2,65.543,70.017,50.912,38.917
1299,1299,21.431,24.21,34.287,40.473,48.57,46.392,39.038,43.142,43.124,1299,1299,23.897,30.734,33.281,36.234,48.352,43.491,38.648,42.633,38.801,1299,1299,7.5351,18.022,31.702,43.947,52.775,56.148,56.157,40.599,39.907
1300,1300,13.977,20.89,30.663,39.569,47.294,43.577,39.883,44.32,42.369,1300,1300,19.388,26.071,29.748,36.806,45.72,44.58,38.952,42.547,38.188,1300,1300,2.9413,22.698,28.345,46.205,52.684,57.958,58.628,41.405,39.846
1301,1301,21.8,19.048,34.448,38.827,45.705,46.228,40.189,46.094,44.65,1301,1301,26.72,18.771,32.153,42.381,46.893,44.816,38.357,43.718,39.004,1301,1301,5.5569,14.636,28.194,46.537,50.58,57.186,58.096,42.483,39.717
1302,1302,23.227,15.833,27.429,38.339,48.567,47.597,38.378,44.973,41.926,1302,1302,26.813,22.739,30.526,38.634,47.954,46.578,38.82,43.701,38.505,1302,1302,7.5989,21.923,36.245,47.576,52.076,58.538,58.149,42.55,39.094
1303,1303,19.466,22.603,34.083,39.59,48.176,45.762,40.362,45.743,43.121,1303,1303,25.403,24.592,28.098,42.025,46.091,41.248,38.689,43.581,39.31,1303,1303,4.8481,16.768,36.629,50.64,51.061,56.826,56.337,40.333,39.967
1304,1304,22.19,19.684,30.54,42.284,48.788,45.987,39.55,44.26,40.417,1304,1304,26.489,20.035,32.31,44.687,45.648,42.792,39.108,43.74,38.744,1304,1304,8.388,12.51,31.455,47.748,50.237,57.084,58.625,42.03,39.717
1305,1305,18.293,24.851,32.439,39.67,47.393,46.082,38.553,47.235,43.199,1305,1305,20.746,22.202,29.785,44.822,46.887,41.765,37.281,46.481,39.044,1305,1305,2.304,17.651,35.089,47.137,50.592,55.654,56.96,41.385,40.025
1306,1306,22.936,18.986,29.357,42.574,46.448,44.895,38.394,45.763,41.531,1306,1306,25.653,21.485,32.381,40.37,46.843,41.892,38.727,44.67,38.63,1306,1306,7.8754,14.406,32.576,47.786,48.36,54.879,55.953,41.459,39.677
1307,1307,16.305,24.702,28.331,46.893,47.494,44.059,39.688,49.572,43.504,1307,1307,19.883,17.847,31.434,39.747,46.547,43.733,40.566,46.931,39.41,1307,1307,0.56435,20.839,37.955,49.012,50.366,54.235,57.696,45.988,39.481
1308,1308,15.752,28.309,32.429,41.616,46.464,44.125,40.903,48.341,40.839,1308,1308,15.597,30.236,32.797,46.502,47.96,41.243,38.667,44.834,38.75,1308,1308,-0.81066,21.021,37.135,49.995,51.432,53.376,59.073,42.65,39.399
1309,1309,18.211,22.181,33.097,51.259,53.215,49.412,40.725,49.779,43.169,1309,1309,24.322,32,36.485,54.931,53.699,47.136,41.005,47.36,39.215,1309,1309,5.7796,20.233,37.427,48.89,53.609,55.489,55.945,41.621,39.108
1310,1310,19.343,24.051,33.736,49.94,50.762,47.87,44.455,48.637,40.787,1310,1310,18.72,26.926,38.2,51.744,53.419,47.388,41.598,46.601,38.187,1310,1310,3.6996,18.635,27.874,51.202,53.046,54.716,60.671,44.964,38.754
1311,1311,20.188,21.859,31.388,46.306,49.938,46.658,46.443,52.219,43.914,1311,1311,25.031,29.452,33.152,48.749,51.507,48.611,41.645,49.957,39.532,1311,1311,6.721,18.974,31.453,53.335,53.266,55.33,63.198,46.514,40.008
1312,1312,18.669,24.783,33.726,43.993,49.159,48.833,50.025,59.672,43.934,1312,1312,22.686,25.077,33.905,47.648,49.737,47.722,46.465,52.762,39.6,1312,1312,6.5922,18.194,32.055,53.372,53.217,62.88,69.444,54.256,40.463
1313,1313,11.878,25.253,34.113,47.725,53.281,54.44,49.858,60.211,46.127,1313,1313,10.269,27.502,36.426,56.457,56.35,52.802,49.096,54.185,40.534,1313,1313,2.3908,13.21,32.101,52.494,60.174,65.521,69.329,53.84,40.448
1314,1314,13.234,20.879,32.909,46.513,53.805,56.599,51.876,60.011,44.378,1314,1314,13.805,30.193,35.924,51.396,54.73,56.634,51.204,56.426,40.203,1314,1314,-3.326,16.408,28.875,46.903,56.951,72.303,71.69,54.834,39.787
1315,1315,20.521,24.885,33.919,46.674,51.606,52.876,56.543,59.211,44.727,1315,1315,18.919,26.003,33.822,50.075,53.153,52.387,53.262,56.786,41.118,1315,1315,5.7412,18.446,37.908,46.684,54.804,68.18,78.284,61.565,42.453
1316,1316,17.047,23.556,33.196,41.15,49.23,50.703,50.935,62.025,46.064,1316,1316,15.925,17.206,34.473,50.699,52.114,51.083,51.503,57.702,42.014,1316,1316,9.0598,21.51,34.413,49.798,53.583,63.211,71.884,62.049,42.706
1317,1317,12.256,26.227,39.436,48.689,49.676,48.213,53.713,63.439,45.911,1317,1317,16.608,18.63,34.481,53.006,54.669,50.958,52.699,60.368,43.316,1317,1317,9.0254,24.827,34.431,49.712,53.467,62.701,73.515,62.93,42.679
1318,1318,11.697,26.253,38.632,48.664,54.566,56.141,58.448,62.989,46.734,1318,1318,17.916,31.086,38.062,57.414,56.511,55.512,57.995,61.62,43.758,1318,1318,3.1637,18.879,36.505,50.077,54.433,64.113,78.358,67.956,46.004
1319,1319,15.231,28.129,35.157,44.943,66.237,70.715,68.115,71.679,52.775,1319,1319,23.831,30.237,36.344,57.342,62.4,66.283,67.838,74.677,52.557,1319,1319,7.4627,21.679,28.978,50.385,70.191,81.552,90.34,78.921,55.434
1320,1320,22.223,23.81,37.822,58.747,80.261,82.163,81.489,80.568,59.733,1320,1320,27.228,28.437,37.911,55.713,73.71,78.601,78.609,78.269,57.098,1320,1320,8.7256,23.257,32.852,56.885,78.615,96.836,103.46,86.345,64.322
1321,1321,22.412,28.951,37.53,58.637,83.245,84.724,86.425,81.897,61.778,1321,1321,25.697,25.958,37.983,47.754,76.247,78.864,81.032,81.609,60.588,1321,1321,3.4758,25.431,34.455,59.381,84.159,98.662,104.12,88.577,66.35
1322,1322,19.552,30.866,44.173,63.732,81.888,85.118,88.098,83.677,63.075,1322,1322,18.547,23.75,37.161,51.284,75.777,80.772,82.243,84.626,64.033,1322,1322,16.917,25.005,36.863,60.016,85.637,101.99,106.68,87.478,65.962
1323,1323,14.855,33.739,47.988,61.312,83.14,85.653,87.281,84.448,64.64,1323,1323,9.7575,26.073,35.044,54.863,76.84,80.549,82.203,81.347,60.724,1323,1323,22.829,30.604,38.954,61.033,84.675,100.82,106.88,89.755,67.87
1324,1324,16.604,31.703,42.037,61.336,84.038,86.435,85.764,82.277,63.365,1324,1324,11.963,19.037,32.643,58.242,77.879,81.187,81.873,82.951,62.428,1324,1324,26.301,29.387,33.411,60.188,86.075,102.07,105.78,87.008,65.766
1325,1325,17.525,29.862,44.924,60.567,83.587,85.731,88.207,82.816,63.161,1325,1325,22.311,21.582,36.56,54.684,77.419,80.762,84.701,79.067,59.043,1325,1325,25.178,28.161,40.323,63.291,85.472,101.45,109.13,91.254,70.143
1326,1326,16.477,33.827,39.656,63.079,82.679,84.757,89.523,80.956,62.403,1326,1326,24.016,26.941,38.012,56.792,78.116,79.452,81.642,82.646,62.419,1326,1326,27.926,33.132,38.095,62.406,85.566,100.47,105.96,85.397,64.841
1327,1327,19.817,20.335,38.065,56.62,81.088,81.941,85.269,79.146,60.483,1327,1327,17.461,27.697,37.266,62.234,79.432,78.47,81.421,77.513,57.848,1327,1327,25.608,28.417,40.182,60.539,84.041,97.732,108.13,88.57,68.337
1328,1328,23.154,19.473,33.731,55.926,75.35,77.872,75.401,74.636,56.993,1328,1328,22.025,25.609,33.957,52.071,74.322,74.441,74.505,72.675,52.771,1328,1328,24.453,27.43,31.57,60.162,79.893,91.612,97.888,78.976,58.395
1329,1329,16.21,21.596,35.335,52.187,73.943,73.659,70.408,74.407,55.743,1329,1329,18.549,26.972,34.409,50.414,73.977,73.584,71.896,74.634,54.162,1329,1329,22.123,22.68,33.444,60.286,78.19,88.793,91.2,77.024,54.659
1330,1330,15.601,24.142,38.817,45.841,65.78,66.425,64.439,69.783,52.213,1330,1330,20.725,27.09,37.557,43.795,68.249,67.862,63.506,70.049,49.223,1330,1330,19.317,18.24,36.636,54.3,71.876,80.397,85.035,68.258,48.855
1331,1331,19.299,24.03,38.559,41.256,63.327,64.789,57.456,57.761,46.459,1331,1331,19.557,21.89,30.675,44.433,63.221,61.178,57.425,56.493,42.662,1331,1331,12.811,21.695,40.871,52.049,69.209,74.138,77.963,60.227,44.915
1332,1332,13.487,24.152,36.167,45.467,64.973,65.687,59.329,55.419,45.933,1332,1332,17.474,24.377,33.217,47.397,67.916,66.039,57.444,53.851,41.442,1332,1332,10.308,19.263,39.713,53.475,70.121,75.175,77.477,61.316,44.087
1333,1333,18.771,21.729,37.281,46.23,61.366,62.569,58.061,57.442,45.787,1333,1333,21.952,22.31,36.116,44.548,65.252,65.295,57.203,57.201,43.119,1333,1333,1.5544,21.295,42.037,52.487,65.259,73.751,75.538,60.57,44.164
1334,1334,18.578,19.587,35.651,42,57.943,57.944,56.115,60.822,48.991,1334,1334,23.486,27.548,33.014,42.894,56.924,55.949,54.838,63.016,45.777,1334,1334,4.6308,18.073,36.538,48.617,63.54,66.704,74.428,61.492,45.26
1335,1335,23.37,28.069,37.729,47.311,62.237,64.894,64.033,68.901,51.879,1335,1335,26.828,31.591,33.274,41.442,59.257,60.753,60.616,66.067,49.097,1335,1335,10.92,22.338,32.131,51.52,67.287,78.987,84.764,70.03,48.976
1336,1336,27.831,29.134,35.52,44.054,61.43,57.452,59.245,62.756,48.788,1336,1336,31.759,30.16,34.149,41.523,58.964,55.778,59.171,57.602,42.731,1336,1336,18.179,24.052,35.057,53.316,70.677,69.01,78.399,63.665,45.098
1337,1337,19.151,23.268,35.975,48.797,59.175,59.479,60.031,60.371,47.205,1337,1337,25.023,26.374,30.814,42.203,58.523,56.653,59.46,58.63,43.113,1337,1337,10.692,23.582,40.898,50.347,67.755,71.351,78.106,64.509,45.427
1338,1338,17.383,20.041,33.424,48.07,60.878,61.276,61.31,57.819,48.283,1338,1338,21.824,19.89,35.392,44.595,58.741,57.184,59.269,55.267,43.081,1338,1338,7.1415,14.86,37.585,50.678,65.901,70.988,75.83,61.144,45.079
1339,1339,15.494,24.949,34.686,45.513,64.107,64.53,60.69,54.322,45.237,1339,1339,11.591,22.162,39.783,45.809,59.459,59.227,57.647,55.781,41.571,1339,1339,4.2213,22.644,41.88,53.038,64.272,69.281,73.7,58.464,42.983
1340,1340,15.577,24.577,38.705,49.969,59.397,60.017,55.164,51.429,46.125,1340,1340,18.549,22.306,35.73,45.457,57.171,56.867,52.445,50.371,40.792,1340,1340,6.3053,33.265,46.468,55.616,62.92,63.568,70.824,55.249,43.041
1341,1341,16.384,22.193,35.64,49.106,53.79,54.686,56.196,53.122,43.103,1341,1341,16.957,18.439,34.405,48.649,55.574,53.342,56.108,52.294,39.936,1341,1341,4.2209,31.49,47.747,52.856,63.327,65.78,74.338,56.374,41.075
1342,1342,24.316,24.727,35.219,46.261,56.527,55.638,53.647,51.003,46.301,1342,1342,27.973,30.358,33.896,42.421,54.378,53.06,51.821,51.158,39.999,1342,1342,4.0397,25.494,42.214,48.215,59.529,63.883,70.347,55.73,42.231
1343,1343,24.419,22.64,35.266,47.54,57.33,58.412,53.207,49.783,45.649,1343,1343,25.94,27.635,39.498,42.27,57.904,57.667,52.426,51.242,41.055,1343,1343,3.178,18.763,34.169,48.12,61.135,69.143,71.675,56.353,43.515
1344,1344,14.424,19.966,36.376,47.227,54.114,56.63,54.438,52.169,45.521,1344,1344,17.208,24.176,40.741,43.035,54.01,52.21,52.402,51.119,41.046,1344,1344,4.3173,22.253,42.435,49.5,60.182,65.066,70.57,57.571,42.07
1345,1345,14.744,23.97,35.637,42.24,56.086,58.285,51.817,58.965,45.452,1345,1345,14.879,23.77,37.054,47.888,57.155,56.88,52.632,56.656,42.058,1345,1345,3.7891,26.189,44.739,51.406,57.904,68.44,72.52,61.962,43.533
1346,1346,19.375,24.874,38.197,47.564,55.722,57.489,51.884,57.996,47.623,1346,1346,23.839,26.762,39.748,54.791,57.701,55.791,50.782,54.732,42.793,1346,1346,6.2639,25.777,44.282,50.184,60.982,68.768,72.211,60.426,44.708
1347,1347,21.754,23.392,35.171,47.965,58.439,60.146,51.279,60.204,47.06,1347,1347,33.228,33.08,37.723,50.662,56.873,58.611,50.623,55.791,42.454,1347,1347,18.216,22.79,36.285,50.041,60.572,69.228,71.718,58.685,43.67
1348,1348,16.59,21.637,32.121,47.65,57.097,56.197,53.874,55.443,46.503,1348,1348,35.735,33.862,37.078,45.959,54.406,53.296,54.403,52.274,41.788,1348,1348,19.86,23.859,42.678,49.774,59.244,65.517,74.455,59.148,43.579
1349,1349,21.011,22.888,36.138,43.428,56.324,59.291,52.775,52.41,44.686,1349,1349,32.136,32.568,38.662,42.591,58.496,58.827,51.607,50.546,40.9,1349,1349,12.874,19.417,34.948,48.46,61.081,72.983,73.053,56.523,42.954
1350,1350,19.534,24.232,34.899,46.184,52.504,51.273,41.418,46.542,46.176,1350,1350,30.314,28.392,33.955,47.929,52.786,50.794,42.759,46.862,41.347,1350,1350,11.217,20.992,37.177,48.561,56.062,59.096,59.907,45.94,42.807
1351,1351,20.085,27.46,36.672,45.734,53.518,50.161,41.079,44.847,46.942,1351,1351,25.652,26.685,36.154,47.879,52.29,49.043,40.372,46.486,42.353,1351,1351,8.4124,20.926,38.043,47.254,57.191,58.229,57.05,42.291,44.444
1352,1352,12.643,23.03,35.574,51.266,54.157,51.574,40.738,48.193,46.387,1352,1352,27.598,31.375,36.987,53.247,55,48.521,40.377,48.172,41.847,1352,1352,7.1417,20.636,39.498,48.769,56.938,57.587,55.924,42.418,43.31
1353,1353,11.528,28.446,36.92,47.009,52.972,53.926,43.041,46.653,45.863,1353,1353,32.15,30.992,38.335,49.724,52.785,49.876,42.36,50.469,41.815,1353,1353,16.635,25.178,40.126,50.667,55.544,56.587,57.179,45.888,43.762
1354,1354,18.235,30.652,39.285,59.022,59.406,54.799,43.805,49.568,48.335,1354,1354,26.371,32.226,39.885,56.084,55.2,49.89,44.246,50.773,43.192,1354,1354,10.379,26.347,45.751,52.997,60.665,57.225,59.87,48.135,45.691
1355,1355,26.2,26.205,37.154,56.936,56.612,52.815,44.644,49.103,48.135,1355,1355,35.137,27.482,38.267,58.114,56.886,49.352,44.088,51.364,44.276,1355,1355,18.964,29.579,48.09,58.098,62.113,58.138,61.088,48.695,46.193
1356,1356,21.724,21.334,36.805,54.557,59.276,55.051,43.383,49.545,47.64,1356,1356,33.794,28.399,35.849,58.872,60.171,53.333,44.117,49.646,42.412,1356,1356,17.241,25.319,44.682,58.545,60.664,57.895,59.082,45.268,44.772
1357,1357,18.815,24.969,38.566,56.963,59.551,53.638,44.169,51.768,49.277,1357,1357,29.911,29.097,39.35,54.736,57.342,51.16,43.198,50.925,44.091,1357,1357,16.271,28.757,45.73,57.082,65.226,57.344,57.666,45.321,45.696
1358,1358,11.724,31.929,43.963,52.58,57.276,54.201,42.109,50.653,49.897,1358,1358,25.987,35.358,38.018,53.956,56.305,49.71,41.664,50.199,44.781,1358,1358,9.6004,32.818,51.563,59.677,64.558,57.2,56.781,43.181,47.52
1359,1359,12.737,24.998,38.561,53.979,56.018,51.617,41.992,48.94,50.268,1359,1359,29.756,31.989,42.488,57.399,56.585,49.264,41.947,47.559,45.833,1359,1359,14.155,31.644,50.153,56.271,62.35,57.235,58.264,44.901,47.205
1360,1360,15.14,28.787,38.913,54.47,56.179,52.095,44.366,46.715,49.709,1360,1360,22.318,27.702,42.011,59.564,58.435,53.685,43.097,48.288,46.553,1360,1360,8.741,29.577,49.298,56.91,61.714,56.939,58.673,43.955,48.067
1361,1361,21.464,22.63,39.503,54.162,53.571,49.289,44.036,48.613,47.17,1361,1361,27.07,30.097,41.056,54.49,54.752,48.412,43.564,51.466,43.507,1361,1361,14.126,29.528,45.251,55.001,60.853,57.283,62.244,46.286,44.48
1362,1362,18.552,27.762,37.414,54.541,57.921,52.341,43.476,47.668,47.147,1362,1362,21.154,25.06,36.032,51.706,55.487,49.103,43.39,48.953,42.794,1362,1362,3.1092,23.337,43.731,55.473,61.479,55.249,61.302,46.302,45.084
1363,1363,22.771,25.347,36.715,49.882,56.328,55.599,46.516,48.364,49.644,1363,1363,16.052,26.053,33.484,46.964,53.606,50.377,45.747,49.708,43.634,1363,1363,1.1286,25.547,39.419,54.141,55.996,61.272,65.339,49.789,46.422
1364,1364,22.424,24.813,36.767,55.772,62.908,61.977,51.342,52.304,52.109,1364,1364,20.796,25.877,37.523,53.465,61.926,61.358,49.915,52.154,45.035,1364,1364,8.6186,19.602,37.21,52.55,61.815,71.54,71.429,54.692,48.432
1365,1365,14.802,19.275,37.988,56.844,60.223,60.128,60.022,57.188,49.944,1365,1365,21.372,31.116,38.753,57.888,61.226,58.082,57.711,56.357,44.71,1365,1365,3.8933,22.397,34.85,55.83,66.136,71.836,79.045,60.215,47.313
1366,1366,9.2809,27.936,33.77,52.975,57.217,55.415,51.819,60.582,48.298,1366,1366,21.644,24.672,41.436,57.211,55.477,49.626,50.858,56.465,43.168,1366,1366,3.4969,23.5,38.772,53.815,61.971,64.317,71.362,60.341,45.454
1367,1367,18.229,28.085,41.582,52.564,58.943,60.298,57.863,62.318,48.318,1367,1367,23.148,21.922,38.383,57.971,58.076,58.286,57.282,60.433,44.532,1367,1367,6.653,24.822,39.395,53.998,62.243,70.694,79.411,66.382,46.838
1368,1368,19.514,25.091,39.303,47.631,58.466,63.438,67.634,71.606,52.676,1368,1368,15.709,27.204,33.402,44.705,57.348,62.103,66.085,72.063,50.993,1368,1368,-0.53856,25.384,37.368,48.343,64.32,79.724,89.43,78.065,55.343
1369,1369,15.482,24.482,38.43,55.91,76.425,78.038,79.969,81.135,60.52,1369,1369,20.362,27.168,32.437,49.891,71.402,74.496,78.013,77.736,56.377,1369,1369,6.5367,25.363,38.078,53.566,75.783,92.462,102.77,86.495,64.422
1370,1370,19.595,30.921,38.001,59.349,81.713,85.14,86.549,83.521,63.666,1370,1370,24.094,29.186,33.581,49.666,74.482,80.295,82.224,81.9,60.801,1370,1370,5.4952,33.792,40.473,58.496,83.784,101.11,105.85,89.986,67.676
1371,1371,13.71,27.254,43.207,59.638,81.652,84.221,85.493,83.669,62.703,1371,1371,25.142,21.754,33.893,48.847,73.309,78.4,81.877,83.518,63.361,1371,1371,21.719,28.4,35.645,58.503,83.669,100.17,105.63,88.537,66.676
1372,1372,9.9052,28.24,47.63,57.838,80.034,83.634,84.096,81.799,61.684,1372,1372,23.922,29.744,35.395,51.382,75.121,79.39,81.212,80.866,60.245,1372,1372,27.013,34.444,35.742,60.278,84.897,101.06,106.69,89.945,68.172
1373,1373,8.9811,28.359,39.961,53.578,80.103,81.872,82.412,79.085,59.801,1373,1373,18.615,29.02,35.07,51.161,76.077,77.788,78.348,79.156,58.736,1373,1373,24.822,32.615,30.605,60.05,84.31,98.689,101.02,86.52,63.774
1374,1374,11.763,26.873,36.858,57.28,78.056,79.947,81.289,77.671,58.718,1374,1374,13.298,19.395,36.134,50.36,74.86,76.498,78.053,76.876,56.719,1374,1374,15.258,28.951,37.207,59.904,79.109,95.443,102.22,85.298,63.745
1375,1375,10.617,27.969,38.336,57.328,77.755,78.999,78.725,76.226,57.725,1375,1375,22.841,28.01,32.729,49.891,68.254,73.233,74.186,74.066,53.831,1375,1375,20.268,27.035,32.722,62.782,79.306,94.249,99.481,82.886,60.768
1376,1376,14.784,18.645,37.868,54.444,76.434,78.293,75.754,73.742,55.179,1376,1376,19.036,29.371,38.588,52.595,74.107,74.566,71.961,73.093,53.195,1376,1376,15.191,22.507,31.353,58.588,78.974,91.427,94.948,76.871,55.391
1377,1377,15.049,25.885,34.184,54.876,71.392,73.171,72.369,70.283,51.449,1377,1377,10.841,21.719,34.898,49.495,69.043,70.024,67.846,70.952,51.161,1377,1377,-1.5273,22.127,28.554,55.079,75.141,85.06,91.276,74.346,52.758
1378,1378,21.654,24.507,32.858,52.224,64.683,67.717,69.126,69.484,50.006,1378,1378,15.829,28.35,41.227,54.001,59.482,63.401,65.728,67.808,48.748,1378,1378,3.7293,21.379,31.493,52.898,69.255,86.577,89.593,73.142,51.704
1379,1379,21.499,25.312,33.497,47.541,63.115,66.775,66.753,66.739,48.723,1379,1379,14.836,27.055,32.96,53.607,59.144,61.187,61.864,64.856,46.576,1379,1379,-2.9971,20.801,29.962,50.741,69.113,84.937,86.557,70.255,49.294
1380,1380,18.393,20.362,33.441,48.411,61.41,61.97,63.852,59.126,47.511,1380,1380,22.036,25.449,34.879,40.969,58.968,59.147,56.924,56.851,40.927,1380,1380,6.5483,19.247,33.226,45.086,66.499,73.27,83.503,66.292,47.104
1381,1381,15.686,20.222,29.25,44.859,59.516,63.055,62.763,58.633,47.497,1381,1381,22.822,18.476,29.09,43.479,57.902,57.046,58.736,55.515,40.734,1381,1381,4.3518,20.473,29.738,42.355,64.866,73.912,84.206,67.182,47.637
1382,1382,12.524,20.54,33.923,42.153,54.825,58.124,56.791,55.125,45.687,1382,1382,18.519,15.32,26.744,44.659,54.943,55.612,51.631,51.464,39.305,1382,1382,8.3831,20.544,31.042,40.621,60.528,70.422,78.051,62.205,44.755
1383,1383,14.949,11.638,34.3,40.5,69.411,70.028,60.51,57.627,46.932,1383,1383,20.85,18.743,30.428,45.965,68.982,67.591,56.846,54.291,40.627,1383,1383,6.5888,15.186,29.643,44.292,71.105,80.171,83.08,65.928,46.722
1384,1384,7.4562,16.233,34.715,39.055,59.522,67.66,61.507,55.902,48.074,1384,1384,20.155,19.695,30.45,41.832,54.776,60.815,55.999,54.749,41.005,1384,1384,1.8534,23.159,31.705,42.602,65.153,80.32,83.692,66.137,47.715
1385,1385,11.824,21.65,29.216,43.222,59.657,64.678,61.952,57.396,49.835,1385,1385,11.748,23.919,28.129,45.311,55.908,58.957,58.572,54.903,43.091,1385,1385,7.823,23.823,26.988,45.272,63.355,78.412,84.507,68.714,49.868
1386,1386,11.32,24.14,31.905,41.512,61.388,63.265,61.301,58.932,46.54,1386,1386,18.718,24.42,29.186,43.203,55.983,56.873,58.295,56.573,41.35,1386,1386,-0.85133,21.252,37.819,48.725,62.548,75.563,85.113,66.733,47.121
1387,1387,9.9006,30.908,39.452,43.807,58.231,58.88,59.955,57.403,47.347,1387,1387,15.677,26.619,34.488,48.682,61.473,59.967,57.318,53.368,40.533,1387,1387,2.433,21.634,39.963,46.124,64.933,76.363,81.825,62.552,45.112
1388,1388,18.087,26.714,37.58,40.126,52.449,52.647,44.355,49.24,45.483,1388,1388,19.268,25.173,33.347,39.674,51.284,50.779,41.818,47.93,39.79,1388,1388,-5.2752,24.492,42.015,43.908,54.263,60.961,66.148,51.018,43.314
1389,1389,14.427,23.018,40.718,40.504,52.105,50.806,40.423,48.591,46.206,1389,1389,12.389,24.505,37.955,39.242,49.468,47.752,40.998,44.342,39.595,1389,1389,-1.8772,21.253,39.387,43.508,55.187,58.388,57.826,43.555,42.913
1390,1390,18.073,20.324,37.822,39.307,47.129,48.985,41.272,49.257,45.325,1390,1390,22.803,24.879,34.113,42.147,48.46,45.719,40.769,47.78,39.429,1390,1390,2.708,22.202,34.595,41.623,54.238,56.664,59.88,48.972,43.167
1391,1391,12.172,24.143,37.221,43.245,49.387,49.272,42.189,49.79,46.607,1391,1391,19.666,26.992,29.944,43.892,49.611,46.719,42.346,45.913,39.687,1391,1391,3.2506,23.052,29.41,41.243,53.139,59.983,61.238,47.493,43.218
1392,1392,12.929,21.818,34.519,42.344,49.652,47.819,44.727,51.925,45.489,1392,1392,15.09,24.84,29.738,44.765,50.484,50.142,44.275,47.863,39.314,1392,1392,5.9907,16.16,34.252,39.471,57.02,63.048,64,51.168,42.691
1393,1393,15.079,21.676,26.744,43.445,53.562,54.967,48.278,53.409,46.978,1393,1393,18.087,27,31.579,40.042,52.883,53.045,47.865,51.372,40.931,1393,1393,-0.5284,19.427,30.97,40.836,57.315,64.077,68.549,52.879,44.089
1394,1394,5.4113,23.206,33.204,45.55,52.585,55.866,45.098,51.168,44.555,1394,1394,20.606,24.9,32.247,42.354,54.065,53.71,44.845,47.049,39.105,1394,1394,-3.0858,19.914,33.13,44.425,56.143,60.97,65.149,50.517,42.748
1395,1395,1.841,27.252,33.793,41.739,49.289,51.21,42.737,50.645,46.421,1395,1395,22.87,28.263,33.315,37.473,49.438,47.464,42.831,48.293,39.61,1395,1395,3.4371,23.168,37.581,42.647,53.919,59.183,63.707,49.212,42.808
1396,1396,3.4396,28.433,35.921,47.483,49.308,49.201,42.214,49.354,44.89,1396,1396,28.43,29.4,34.234,43.197,47.648,46.59,41.685,46.786,39.425,1396,1396,11.715,16.038,33.388,44.666,53.442,59.737,60.994,47.038,42.642
1397,1397,7.289,21.323,29.489,40.927,48.658,47.901,41.901,48.989,47.538,1397,1397,24.476,27.825,29.892,39.724,48.821,45.856,40.114,45.528,40.512,1397,1397,11.25,20.711,30.67,44.547,53.412,58.144,59.398,44.978,43.956
1398,1398,19.557,26.629,32.642,40.695,53.828,52.258,44.032,49.672,47.07,1398,1398,25.829,25.756,29.055,40.665,49.856,48.864,43.281,46.344,40.46,1398,1398,6.013,16.81,30.028,44.126,55.977,61.052,64.102,48.409,44.357
1399,1399,17.872,24.909,32.989,44.962,57.446,62.222,61.533,54.434,46.033,1399,1399,23.535,26.514,33.049,46.372,57.661,59.239,57.744,51.326,40.438,1399,1399,9.8126,15.432,34.369,44.798,64.595,76.418,83.031,65.672,46.221
1400,1400,17.878,23.169,30.93,44.112,57.191,60.667,68.394,65.478,49.1,1400,1400,14.479,29.716,32.197,45.461,62.151,62.55,64.459,62.807,45.003,1400,1400,10.411,20.796,35.126,47.935,65.352,78.553,90.827,73.044,52.313
1401,1401,22.011,22.888,32.25,43.241,59.702,63.138,63.899,64.427,48.779,1401,1401,26.25,26.78,27.351,40.303,64.638,64.126,64.628,63.043,45.42,1401,1401,-1.2264,18.75,33.412,49.91,68.226,79.77,87.372,72.333,50.885
1402,1402,14.959,21.469,31.287,42.762,66.494,67.083,67.658,63.755,49.245,1402,1402,21.492,24.633,26.995,41.518,67.365,66.82,65.983,61.873,44.648,1402,1402,2.639,18.885,34.03,52.431,73.212,83.052,87.673,67.601,47.555
1403,1403,14.902,28.67,37.049,49.919,71.846,72.069,69.426,65.705,49.923,1403,1403,21.771,33.575,36.996,45.883,70.913,71.179,67.401,62.859,44.907,1403,1403,6.6491,20.306,30.645,56.62,77.156,85.871,90.542,68.584,49.273
1404,1404,22.276,29.697,31.12,50.292,66.129,67.709,66.741,64.301,49.61,1404,1404,26.374,27.841,28.582,43.567,65.297,64.656,65.229,62.375,45.497,1404,1404,12.89,17.665,35.519,52.122,70.081,80.303,88.573,68.595,49.128
1405,1405,23.499,26.147,32.757,45.506,66.031,65.315,66.324,63.586,48.57,1405,1405,12.344,25.202,33.028,43.096,67.89,65.582,65.477,62.091,45.443,1405,1405,4.6022,16.374,32.35,52.596,70.769,80.359,87.005,68.019,48.486
1406,1406,24.513,26.904,34.338,42.176,63.672,64.19,63.561,60.097,46.922,1406,1406,13.452,21.995,32.256,40.803,65.347,64.419,60.484,58.958,42.478,1406,1406,3.2891,23.043,27.899,47.217,67.923,75.591,82.159,66.286,45.935
1407,1407,24.225,25.61,33.855,39.526,59.639,61.482,57.46,58.591,45.548,1407,1407,26.398,21.515,31.083,39.234,63.394,62.39,56.08,55.194,41.232,1407,1407,4.6044,22.993,26.919,50.272,65.893,71.615,75.399,60.484,42.61
1408,1408,23.432,26.281,35.184,42.921,62.902,63.085,57.598,60.24,47.394,1408,1408,26.561,28.471,27.703,42.064,60.312,58.113,57.138,56.588,42.227,1408,1408,2.5232,15.514,32.572,53.488,69.324,75.531,76.265,61.589,43.594
1409,1409,20.314,27.347,32.928,42.194,65.249,64.13,59.251,57.556,48.773,1409,1409,15.269,26.524,31.462,39.186,65.488,63.323,56.428,56.771,43.072,1409,1409,6.2198,15.324,33.834,49.56,67.782,72.465,76.918,62.002,47.128
1410,1410,23.158,20.589,37.504,49.817,63.765,63.141,57.853,59.282,46.821,1410,1410,21.36,26.356,33.434,41.558,60.905,58.859,55.317,58.974,42.103,1410,1410,9.2692,24.868,35.712,49.03,67.552,74.73,75.051,60.792,42.76
1411,1411,13.56,25.769,39.533,45.574,62.1,61.736,56.037,55.968,45.073,1411,1411,22.553,27.38,32.428,41.174,63.738,63.013,53.253,55.441,40.893,1411,1411,-0.016822,24.238,41.866,46.123,66.823,68.62,72.451,59.808,42.386
1412,1412,27.02,23.937,41.115,45.439,59.879,61.311,53.472,55.81,45.3,1412,1412,27.638,36.283,34.483,45.655,56.991,55.602,51.538,54.727,40.468,1412,1412,16.168,28.373,45.587,48.245,65.96,68.779,71.513,57.718,42.585
1413,1413,24.03,24.464,37.671,47.447,58.84,59.438,55.181,54.625,43.132,1413,1413,26.829,26.356,37.541,45.095,56.528,54.825,52.28,53.309,39.917,1413,1413,14.187,32.263,50.899,52.166,63.055,67.411,71.745,58.52,42.23
1414,1414,10.667,19.723,36.849,42.581,56.383,55.573,54.71,52.642,45.019,1414,1414,23.841,23.47,31.039,44.782,56.105,54.838,54.042,50.429,39.511,1414,1414,6.9081,30.282,51.523,48.906,61.575,64.419,72.328,58.438,42.21
1415,1415,17.99,31.307,30.885,49.157,58.248,58.711,57.485,55.075,44.026,1415,1415,28.909,20.251,40.268,48.824,56.512,52.254,55.907,53.576,40.63,1415,1415,15.265,19.605,43.271,45.471,62.757,66.131,73.432,60.881,42.164
1416,1416,19.129,19.065,39.292,43.834,57.067,59.921,56.31,54.88,44.037,1416,1416,26.16,26.941,32.508,45.856,56.735,56.998,54.879,53.528,40.629,1416,1416,11.945,20.852,36.281,45.665,60.416,64.296,74.778,61.948,42.358
1417,1417,19.589,22.963,31.978,45.504,55.181,56.685,58.329,57.411,45.064,1417,1417,26.536,30.745,37.403,47.979,57.125,55.936,58.889,58.122,42.861,1417,1417,8.0974,24.104,42.803,51.744,63.737,68.826,77.345,62.901,44.013
1418,1418,27.214,27.034,37.474,46.37,59.247,60.471,61.65,56.446,46.18,1418,1418,32.444,36.671,33.659,40.376,56.968,57.831,60.11,57.037,42.173,1418,1418,18.424,25.465,39.1,46.735,63.634,68.516,77.059,62.804,44.043
1419,1419,24.556,27.959,35.482,47.662,56.401,57.892,60.9,57.511,45.6,1419,1419,33.848,31.904,33.871,45.987,59.053,59.365,60.741,58.638,42.745,1419,1419,20.172,24.577,35.036,47.421,63.772,70.474,76.143,62.169,43.452
1420,1420,15.192,29.211,37.857,48.071,61.857,64.468,63.749,62.354,49.826,1420,1420,29.135,22.604,32.696,46.284,62.127,62.184,61.185,65.632,47.744,1420,1420,13.122,23.206,41.02,51.592,68.283,77.227,80.745,65.093,47.474
1421,1421,14.997,24.963,39.622,52.293,62.312,64.086,60.944,58.752,46.962,1421,1421,25.047,24.128,37.326,51.43,59.487,60.274,59.345,57.414,43.59,1421,1421,12.098,22.701,35.567,51.381,66.668,75.387,78.412,61.457,45.183
1422,1422,20.172,27.933,38.02,55.779,62.905,65.798,66.675,65.594,50.186,1422,1422,20.673,24.287,36.345,53.855,65.875,65.789,66.081,65.819,47.051,1422,1422,10.302,22.69,34.484,54.479,71.419,81.63,88.368,75.209,53.519
1423,1423,19.141,26.782,36.982,49.759,70.133,75.003,77.746,72.691,54.296,1423,1423,24.119,29.793,35.655,50.511,67.368,70.514,73.128,71.623,52.812,1423,1423,11.728,21.03,39.571,54.85,74.298,91.492,98.373,81.254,59.358
1424,1424,21.882,30.22,38.382,56.856,78.245,81.322,77.3,73.895,57.813,1424,1424,28.38,24.907,35.529,53.41,74.556,76.576,75.092,74.146,55.291,1424,1424,11.753,26.435,41.929,58.685,82.237,95.794,99.08,81.342,60.209
1425,1425,18.692,23.193,38.465,56.08,76.254,82.01,79.769,75.301,58.884,1425,1425,24.474,29.865,39.631,49.044,72.138,76.485,77.283,73.749,54.832,1425,1425,8.6888,28.537,45.727,58.36,81.461,98.608,102.39,83.434,63.083
1426,1426,12.187,32.885,39.994,56.535,82.564,84.742,81.793,78.218,60.882,1426,1426,24.401,31.162,34.293,58.511,74.008,78.25,79.802,76.244,57.879,1426,1426,10.789,24.132,44.183,60.096,84.462,100.32,103.79,84.755,64.092
1427,1427,21.19,27.27,41.297,58.57,82.852,84.73,81.673,78.879,62.614,1427,1427,28.005,20.614,39.83,54.693,77.094,79.315,77.028,77.703,59.393,1427,1427,15.614,24.64,38.11,65.862,85.142,98.9,101.81,84.316,62.589
1428,1428,21.244,28.356,38.581,55.095,75.623,77.204,77.049,80.87,60.312,1428,1428,22.074,19.137,40.212,56.008,69.011,72.72,76.486,76.328,57.01,1428,1428,12.628,25.997,38.577,60.176,80.407,91.698,100.72,84.448,63.006
1429,1429,12.431,23.937,39.326,48.493,70.634,70.315,71.502,81.521,60.878,1429,1429,18.372,24.377,32.891,51.589,66.034,67.365,73.085,79.683,58.928,1429,1429,13.646,31.215,44.924,51.208,73.766,80.145,95.425,83.066,60.439
1430,1430,16.975,20.285,40.979,55.774,66.736,68.837,66.334,78.552,59.596,1430,1430,18.211,29.99,37.196,53.5,67.701,68.781,65.093,75.426,55.134,1430,1430,12.287,28.345,48.699,50.469,70.21,80.208,83.232,73.705,52.272
1431,1431,20.004,27.844,40.381,57.653,67.222,68.086,63.877,65.802,48.006,1431,1431,25.296,32.306,40.871,54.214,67.01,66.534,62.384,63.311,45.658,1431,1431,12.249,28.467,46.114,53.785,70.877,76.447,82.525,68.941,47.401
1432,1432,22.109,26.385,38.336,57.937,60.56,58.252,62.01,63.842,47.639,1432,1432,20.024,30.111,39.59,52.361,61.641,58.384,60.445,63.395,44.939,1432,1432,8.6962,24.623,37.646,51.939,67.377,71.983,80.241,66.071,45.58
1433,1433,16.876,24.863,39.536,60.905,60.39,58.121,59.323,61.397,46.261,1433,1433,24.066,32.671,39.968,53.989,58.707,54.436,59.119,62.645,44.716,1433,1433,4.1587,23.049,40.674,53.221,61.224,68.541,76.495,65.91,45.295
1434,1434,19.058,28.202,34.267,53.131,57.552,56.866,58.39,60.11,45.709,1434,1434,25.885,31.516,31.451,46.522,56.424,54.039,56.87,59.548,43.127,1434,1434,5.8409,21.165,40.424,47.819,57.73,68.035,73.372,64.918,43.899
1435,1435,16.5,27.619,35.478,49.635,54.634,52.767,58.809,58.87,44.166,1435,1435,22.515,30.569,34.221,44.712,52.504,50.379,55.834,56.754,41.558,1435,1435,-4.1618,25.952,41.402,48.967,59.039,66.363,72.274,62.973,43.569
1436,1436,19.977,22.137,34.487,50.302,53.336,53.47,54.471,54.148,44.778,1436,1436,20.255,25.609,35.254,43.51,50.792,48.148,51.974,53.859,41.058,1436,1436,-0.35789,25.683,39.869,44.055,55.437,58.365,69.938,59.11,42.885
1437,1437,19.913,28.258,38.625,50.655,51.507,50.426,52.927,49.84,41.727,1437,1437,23.296,26.266,28.8,46.338,51.161,49.569,50.831,49.625,39.948,1437,1437,7.8461,21.085,36.197,44.945,54.607,58.572,67.671,55.301,41.54
1438,1438,15.58,27.183,32.31,50.632,55.748,53.358,51.532,49.935,43.561,1438,1438,28.556,24.243,33.63,48.474,54.792,50.99,50.92,49.673,40.123,1438,1438,15.732,19.288,38.62,49.168,57.861,60.396,68.842,54.973,41.533
1439,1439,22.559,31.382,35.256,52.862,58.545,56.697,51.68,49.647,42.58,1439,1439,27.729,28.013,36.006,47.025,56.8,52.619,48.609,49.356,40.267,1439,1439,17.631,24.879,39.743,55.196,61.651,62.098,67.601,54.347,41.995
1440,1440,25.765,22.922,41.312,53.886,60.468,59.407,52.351,50.568,45.686,1440,1440,20.633,25.505,35.862,51.096,60.929,56.162,49.114,49.969,41.576,1440,1440,13.005,29.272,43.38,56.835,62.338,61.515,67.31,53.909,43.748
1441,1441,16.995,23.248,38.919,49.996,58.649,56.268,47.183,48.764,41.257,1441,1441,13.136,28.839,35.31,45.328,55.947,50.569,47.669,48.817,39.803,1441,1441,4.5916,30.182,40.459,52.178,58.147,59.22,65.812,52.331,41.032
1442,1442,13.459,22.788,37.34,46.861,52.899,50.014,44.534,48.189,43.902,1442,1442,14.077,31.54,37.34,56.1,54.788,49.092,44.641,49.01,40.418,1442,1442,0.47148,25.51,40.45,48.977,53.153,57.423,62.463,49.758,41.625
1443,1443,11.287,29.836,33.166,47.078,51.502,51.784,43.863,45.825,41.662,1443,1443,28.212,34.546,41.517,56.273,55.341,49.684,44.346,47.726,40.083,1443,1443,12.69,27.164,42.181,45.314,51.863,55.431,60.661,47.487,41.14
1444,1444,19.557,31.282,33.441,43.152,52.43,51.066,46.89,46.88,41.702,1444,1444,30.068,36.341,39.663,46.162,51.008,47.989,46.095,48.915,40.421,1444,1444,14.266,23.722,42.329,46.743,51.97,58.345,65.619,52.922,40.94
1445,1445,24.01,23.703,38.807,49.696,54.583,55.181,52.457,51.207,44.266,1445,1445,34.038,31.222,41.175,51.348,55.241,54.787,49.367,49.457,39.97,1445,1445,13.795,19.826,40.289,49.968,54.056,67.19,69.285,54.697,41.183
1446,1446,20.476,25.04,35.327,50.564,56.495,57.639,57.312,53.686,42.972,1446,1446,27.788,26.489,39.572,51.592,56.704,57.308,54.508,52.641,40.373,1446,1446,2.2677,19.039,37.739,47.392,58.022,71.232,77.582,58.255,41.494
1447,1447,18.607,28.43,32.551,47.991,56.245,55.894,53.243,58.597,45.322,1447,1447,25.084,19.773,25.591,49.307,51.783,54.462,53.27,55.18,41.141,1447,1447,7.8612,23.904,38.751,41.681,54.255,66.242,74.987,63.539,43.692
1448,1448,14.443,22.283,37.866,47.646,56.078,53.846,51.014,60.109,44.542,1448,1448,17.163,28.937,38.977,47.152,53.775,52.812,51.571,56.332,42.106,1448,1448,1.2374,23.238,45.288,44.96,56.184,64.371,71.125,58.742,42.678
1449,1449,17.311,27.416,35.754,47.091,56.23,55.893,55.757,61.111,46.283,1449,1449,20.402,26.176,31.165,49.304,57.766,56.912,54.144,58.065,42.793,1449,1449,1.6096,20.769,41.478,46.646,58.999,63.968,75.021,63.178,44.178
1450,1450,18.99,22.756,33.275,49.223,54.735,57.494,59.118,65.096,47.32,1450,1450,24.219,29.376,37.684,48.822,55.774,56.437,57.478,63.762,45.555,1450,1450,7.232,17.375,41.4,44.315,57.792,70.817,79.272,70.078,47.524
1451,1451,17.903,27.973,33.776,50.375,72.071,74.296,73.797,75.282,54.977,1451,1451,20.332,28.401,35.92,53.885,65.624,69.708,71.082,73.658,52.458,1451,1451,4.098,21.188,39.647,48.851,71.883,87.038,94.922,81.024,57.63
1452,1452,17.116,27.454,41.316,56.511,79.839,82.018,82.015,80.728,61.077,1452,1452,16.221,28.691,39.926,54.754,72.561,78.19,79.408,79.03,57.756,1452,1452,2.5418,28.772,42.686,57.431,79.727,98.172,104.29,87.933,66.191
1453,1453,20.372,30.249,40.04,57.197,81.226,84.346,87.114,83.321,63.177,1453,1453,23.323,29.324,39.121,52.809,75.27,79.575,81.116,81.158,60.615,1453,1453,11.889,27.558,42.423,58.238,84.142,100.41,104.75,88.744,66.13
1454,1454,20.133,33.66,46.623,62.069,84.811,85.742,88.943,84.358,64.154,1454,1454,22.653,22.837,35.859,51.278,76.812,80.593,81.935,82.204,61.948,1454,1454,17.06,32.656,42.026,59.004,86.585,102.72,108.13,89.301,68.232
1455,1455,23.583,30.562,40.734,58.425,82.843,85.295,88.778,82.084,62.23,1455,1455,24.705,21.659,36.368,50.102,78.204,80.69,82.504,81.331,61.017,1455,1455,20.257,34.118,41.931,59.005,85.093,102.09,107.26,87.774,66.299
1456,1456,10.235,35.165,46.904,60.116,82.287,85.586,88.226,83.556,64.249,1456,1456,18.241,23.771,38.534,55.208,74.046,80.739,82.34,84.006,63.675,1456,1456,21.066,32.942,45.346,59.231,84.736,102.34,108.09,89.701,68.623
1457,1457,18.256,35.438,40.994,60.848,82.815,85.24,90.197,82.57,62.491,1457,1457,22.401,27.048,41.24,57.542,75.969,80.035,83.223,81.311,61.373,1457,1457,22.08,35.8,47.822,62.158,85.591,101.86,107.88,87.175,66.231
1458,1458,18.501,34.345,41.466,57.622,80.13,81.662,87.196,80.138,61.564,1458,1458,23.803,28.394,37.211,54.137,76.342,76.186,80.618,81.017,61.178,1458,1458,21.581,29.108,40.607,57.53,84.227,98.499,107.3,87.41,66.987
1459,1459,19.625,27.388,36.058,52.94,77.895,77.972,76.178,73.782,55.876,1459,1459,18.134,24.159,34.433,57.572,78.329,76.237,74.114,71.505,52.224,1459,1459,22.75,32.128,37.621,56.836,82.449,95.306,99.927,81.616,60.651
1460,1460,17.362,26.839,38.96,49.374,72.747,75.197,75.076,70.46,54.273,1460,1460,17.803,16.474,37.894,50.604,75.424,74.557,74.765,69.234,49.847,1460,1460,24.01,27.719,43.101,55.719,78.999,89.954,96.154,79.281,57.526
1461,1461,22.378,29.819,35.452,50.496,66.386,68.721,67.205,67.766,50.962,1461,1461,21.82,26.839,38.234,52.669,65.935,65.827,66.641,69.678,48.986,1461,1461,12.14,26.952,38.519,56.09,71.535,82.419,88.469,74.133,51.972
1462,1462,20.016,24.581,35.218,49.69,65.057,64.283,61.051,63.994,48.179,1462,1462,19.994,28.671,37.118,49.473,66.583,63.693,61.162,62.711,43.859,1462,1462,9.5244,23.433,34.239,52.114,69.678,76.01,81.007,68.037,47.194
1463,1463,15.92,21.655,31.818,45.889,59.395,59.971,52.415,54.113,45.197,1463,1463,13.961,24.981,31.266,47.068,64.949,62.343,53.11,52.155,40.913,1463,1463,9.2616,19.802,37.786,51.942,65.877,72.384,71.633,54.056,42.147
1464,1464,21.127,25.266,38.458,56.336,64.896,63.527,55.94,50.662,43.521,1464,1464,25.563,32.362,38.849,59.032,67.121,64.307,54.862,49.788,39.146,1464,1464,10.697,22.911,35.977,54.082,68.422,74.325,74.561,54.814,41.982
1465,1465,22.646,32.758,39.902,55.985,57.69,57.149,52.485,48.825,44.528,1465,1465,21.584,28.253,39.01,59.023,61.829,59.905,49.936,50.135,39.65,1465,1465,11.719,26.311,35.821,51.394,63.492,68.978,68.508,52.547,41.455
1466,1466,20.142,29.246,33.719,51.817,59.933,59.169,52.943,49.377,41.766,1466,1466,20.394,27.779,31.295,48.255,64.289,61.28,49.06,50.494,38.629,1466,1466,7.5765,23.877,32.809,46.675,64.974,69.317,68.092,51.576,40.305
1467,1467,11.82,28.342,36.471,49.285,55.188,52.463,50.574,48.1,43.771,1467,1467,19.159,29.838,33.502,49.216,56.095,51.717,48.431,49.154,38.44,1467,1467,4.1859,27.918,35.484,42.957,59.878,62.78,65.894,51.199,40.57
1468,1468,13.27,28.09,33.882,42.683,55.199,53.602,50.531,48.689,41.921,1468,1468,22.463,29.268,30.26,53.95,57.226,53.704,48.338,47.087,38.201,1468,1468,3.2317,20.977,37.332,47.53,62.233,63.196,67.56,52.114,40.211
1469,1469,20.428,32.083,39.137,49.544,55.167,54.131,45.031,47.229,43.057,1469,1469,17.778,28.583,30.612,49.433,54.949,52.029,45.8,46.578,37.731,1469,1469,-1.3158,23.257,34.427,45.341,58.082,60.418,64.799,50.602,39.669
1470,1470,28.93,26.431,34.429,43.455,52.753,52.658,44.354,44.354,40.638,1470,1470,32.696,30.857,33.605,46.407,54.343,50.253,44.301,44.675,36.772,1470,1470,9.8225,23.422,36.094,42.814,57.593,60.124,61.88,46.608,39.039
1471,1471,30.193,24.19,38.862,44.749,50.651,48.007,42.029,45.78,42.986,1471,1471,32.992,23.254,35.547,53.974,52.05,46.088,41.059,43.938,37.215,1471,1471,7.9023,21.477,32.761,42.839,51.385,58.068,58.417,43.166,39.077
1472,1472,21.5,22.765,38.065,39.376,50.868,52.946,45.94,43.7,39.914,1472,1472,24.953,29.857,37.824,45.34,50.986,50.504,45.877,46.383,37.486,1472,1472,6.715,17.116,33.72,41.756,52.914,59.304,61.803,45.746,39
1473,1473,19.455,20.332,33.512,41.341,57.754,58.185,47.446,43.779,42.747,1473,1473,19.876,30.878,34.244,46.285,54.539,53.076,45.11,44.188,37.303,1473,1473,7.0467,21.953,32.989,42.763,55.573,59.893,62.707,42.451,38.996
1474,1474,19.219,28.721,33.925,41.677,55.687,55.384,48.068,45.758,41.16,1474,1474,16.547,23.601,34.749,44.168,51.056,50.454,46.567,44.528,38.179,1474,1474,3.4116,17.968,35.914,42.541,55.486,60.41,64.261,45.932,40.642
1475,1475,22.571,24.406,29.012,40.783,52.933,54.169,46.336,45.69,43.36,1475,1475,29.977,26.97,30.911,43.307,52.252,50.916,45.27,45.058,37.953,1475,1475,8.8205,23.3,32.304,40.245,54.245,59.121,62.889,45.692,40.115
1476,1476,23.284,20.683,28.649,41.34,55.445,56.869,45.856,44.418,40.93,1476,1476,30.2,21.11,33.937,40.001,52.342,51.267,45.685,42.803,38.309,1476,1476,12.756,21.365,38.883,42.586,55.995,59.461,63.048,46.437,40.649
1477,1477,16.23,26.068,32.084,38.998,55.017,56.109,45.682,44.796,44.231,1477,1477,22.741,20.409,31.598,44.398,51.366,50.475,43.939,44.742,42.073,1477,1477,10.43,20.647,34.341,42.033,55.437,59.868,60.354,46.748,43.833
1478,1478,20.781,26.874,30.216,39.276,54.965,54.49,45.322,46.726,40.869,1478,1478,24.643,27.538,31.859,38.581,53.682,51.773,44.467,47.457,37.037,1478,1478,9.1557,16.258,32.27,40.817,55.722,59.742,61.222,48.314,39.414
1479,1479,12.12,21.126,30.545,37.717,52.619,52.826,43.871,47.448,42.794,1479,1479,25.835,23.936,31.544,46.143,52.447,47.762,44.59,46.835,38.072,1479,1479,11.356,23.929,32.458,40.517,54.338,58.467,60.94,48.423,39.008
1480,1480,16.484,21.219,31.697,41.167,55.202,55.535,45.616,47.847,41.265,1480,1480,25.882,29.873,32.661,43.848,55.088,53.374,44.918,48.102,37.93,1480,1480,11.085,19.91,29.492,43.711,57.269,62.045,62.817,50.528,40.404
1481,1481,14.009,25.619,32.704,39.486,61.586,63.84,49.482,53.237,44.232,1481,1481,26.879,31.074,31.969,46.013,59.609,61.332,48.778,51.755,39.059,1481,1481,11.4,22.161,29.802,44.717,64.498,67.234,67.654,56.421,41.663
1482,1482,14.327,24.306,30.145,42.844,59.277,60.659,50.518,59.016,44.284,1482,1482,27.05,34.93,35.998,45.11,60.709,60.036,49.213,58.91,42.07,1482,1482,12.188,27.062,35.072,47.628,63.468,69.827,71.162,58.915,41.678
1483,1483,16.684,29.535,33.518,44.381,72.68,75.807,59.393,61.237,46.435,1483,1483,31.94,35.276,33.237,45.815,70.746,73.511,57.896,61.332,43.318,1483,1483,17.054,25.902,33.533,45.21,71.169,76.232,80.933,65.02,44.788
1484,1484,23.717,26.517,31.492,43.384,67.814,68.369,52.067,59.323,46.559,1484,1484,31.282,30.535,35.045,44.659,64.612,65.167,49.59,56.222,41.99,1484,1484,16.912,24.571,35.634,45.236,62.828,63.79,70.672,58.895,41.734
1485,1485,25.874,25.547,35.469,49.928,55.031,50.767,50.389,58.733,47.666,1485,1485,19.819,30.183,34.867,52.686,53.115,47.603,49.713,55.625,42.649,1485,1485,9.5869,21.174,36.617,45.261,54.503,60.583,67.69,55.443,42.272
1486,1486,16.432,30.591,33.263,47,53.359,53.584,52.557,55.3,44.797,1486,1486,22.787,25.792,30.226,42.293,57.324,55.095,53.034,54.931,41.124,1486,1486,8.7137,21.791,36.18,43.658,59.432,63.112,70.054,58.107,42.272
1487,1487,18.407,31.138,37.213,42.479,59.945,56.635,57.421,64.15,50.044,1487,1487,21.232,23.199,37.541,48.176,61.502,58.489,57.388,65.775,50.268,1487,1487,6.6188,21.233,38.19,48.991,70.069,68.83,76.609,64.398,46.607
1488,1488,17.354,28.103,36.968,45.011,58.449,58.733,55.634,62.16,48.698,1488,1488,26.423,28.515,33.104,50.916,59.79,57.981,54.847,61.138,45.495,1488,1488,4.1687,16.675,29.859,48.05,61.836,68.181,73.991,62.765,44.354
1489,1489,20.783,22.116,34.492,42.679,59.766,59.305,54.699,63.358,52.81,1489,1489,25.098,21.434,30.994,51.022,59.481,58.065,53.475,61.577,49.027,1489,1489,13.306,13.585,33.979,47.091,57.419,66.68,71.533,61.512,48.419
1490,1490,19.716,20.333,35.496,46.088,58.424,57.889,53.967,63.597,51.451,1490,1490,21.542,30.445,38.003,47.414,55.968,54.43,53.781,58.627,46.937,1490,1490,12.269,17.851,33.686,47.539,61.834,66.807,71.222,61.95,47.278
1491,1491,20.524,18.87,33.98,44.147,56.573,56.433,49.624,59.172,48.486,1491,1491,17.755,24.72,31.532,42.384,52.565,50.184,49.849,53.581,43.73,1491,1491,10.669,25.811,32.422,45.79,57.084,60.539,67.626,58.231,44.41
1492,1492,23.191,24.989,29.062,41.516,53.216,52.278,50.273,56.75,46.111,1492,1492,21.657,30.589,32.042,41.109,51.307,49.235,51.045,53.722,41.937,1492,1492,12.12,24.974,38.012,44.751,56.056,58.692,69.013,56.846,42.169
1493,1493,20.176,23.662,28.194,38.755,52.193,53.16,54.032,53.574,41.477,1493,1493,20.798,23.672,28.135,45.322,50.908,49.191,54.17,56.179,40.588,1493,1493,11.926,20.749,33.62,44.794,54.52,60.32,72.43,60.187,41.263
1494,1494,11.117,22.288,28.767,42.011,52.661,54.077,55.346,52.592,44.686,1494,1494,8.074,22.667,34.397,50.851,52.494,49.717,55.338,55.62,40.63,1494,1494,4.021,23.423,33.301,44.301,56.125,60.36,73.386,61.026,42.187
1495,1495,16.162,19.732,30.299,42.006,55.124,54.765,56.505,54.204,43.546,1495,1495,15.687,29.756,32.19,52.88,55.1,51.566,57.817,54.496,40.853,1495,1495,9.2976,18.178,26.899,44.429,56.253,61.502,74.568,62.388,42.594
1496,1496,23.403,28.744,30.642,43.056,51.962,50.917,57.468,55.672,44.427,1496,1496,29.525,28.029,32.796,51.159,55.022,50.485,56.499,56.366,41.51,1496,1496,13.698,20.387,34.026,47.845,57.863,62.02,75.102,60.945,42.276
1497,1497,18.066,25.872,31.706,47.671,54.719,53.679,59.12,56.534,42.945,1497,1497,28.17,23.41,32.612,52.223,53.772,50.246,57.58,55.796,40.143,1497,1497,12.339,26.821,32.263,46.953,55.588,61.951,74.128,61.202,42.517
1498,1498,12.461,22.453,37.844,45.601,52.307,55.052,61.389,57.48,44.718,1498,1498,21.843,34.064,32.037,50.856,53.607,51.882,59.011,55.736,39.954,1498,1498,10.661,27.434,35.709,45.666,56.831,64.951,77.06,63.626,43.414
1499,1499,23.377,28.214,29.665,45.458,56.022,57.381,60.977,55.96,43.199,1499,1499,30.257,31.214,33.062,43.229,50.917,50.3,59.631,55.628,40.341,1499,1499,15.808,23.461,34.95,42.451,58.346,65.141,74.414,61.196,42.045
1500,1500,22.431,23.429,31.872,43.798,53.672,56.077,61.071,54.661,44.114,1500,1500,26.762,30.579,33.02,52.821,52.341,49.367,57.542,54.564,39.883,1500,1500,12.499,23.643,34.83,45.002,56.142,64.293,72.861,59.852,41.739
1501,1501,17.14,28.662,32.149,41.107,53.779,53.896,56.056,49.951,41.598,1501,1501,32.837,22.385,32.642,46.525,50.006,49.513,53.358,48.997,38.903,1501,1501,15.528,20.855,33.573,43.743,53.304,64.869,71.07,56,40.273
1502,1502,17.685,24.343,33.58,43.136,52.496,53.886,55.845,53.07,44.04,1502,1502,32.836,29.882,32.94,42.487,50.933,51.05,57.059,52.485,39.983,1502,1502,15.1,25.556,32.404,46.063,60.239,65.459,73.437,57.117,41.14
1503,1503,20.378,18.17,33.288,44.041,55.919,56.372,56.876,51.589,42.991,1503,1503,23.549,25.851,36.939,43.57,53.896,53.902,54.942,50.505,39.329,1503,1503,4.8253,27.615,32.32,42.974,57.402,65.192,72.676,56.232,41.273
1504,1504,18.213,23.766,30.076,42.657,52.887,53.575,55.365,53.028,44.148,1504,1504,28.801,28.292,33.062,43.757,54.987,53.798,54.45,53.181,40.137,1504,1504,9.4872,28.468,32.774,45.219,60.41,68.692,74.934,61.287,42.14
1505,1505,15.554,28.001,31.497,37.739,54.564,57.882,55.647,51.819,42.32,1505,1505,25.982,31.113,32.466,42.141,54.007,56.665,54.743,51.596,39.874,1505,1505,8.7215,29.92,36.689,48.954,58.884,68.515,73.255,61.014,41.624
1506,1506,19.969,20.329,30.742,36.005,53.919,57.566,52.383,57.724,44.352,1506,1506,28.042,23.99,26.837,36.487,56.325,58.097,52.555,56.199,41.554,1506,1506,11.997,25.005,34.473,44.823,57.965,69.539,71.611,62.393,42.477
1507,1507,17.764,25.198,33.269,40.487,52.233,55.623,51.652,59.766,44.695,1507,1507,20.328,20.678,32.123,36.211,53.987,56.425,53.589,57.824,42.629,1507,1507,3.7907,25.967,34.712,46.608,58.537,70.508,73.025,62.172,43.12
1508,1508,17.498,27.316,32.346,39.025,55.399,60.899,52.09,60.845,46.3,1508,1508,23.763,19.282,28.782,39.008,55.963,60.745,52.306,56.934,42.371,1508,1508,9.3997,23.832,34.473,44.02,60.192,69.373,72.512,61.171,43.046
1509,1509,13.458,22.25,33.285,41.085,52.193,52.014,55.633,61.547,45.321,1509,1509,14.611,19.47,30.164,41.087,50.274,49.369,56.049,58.735,43.713,1509,1509,2.3238,13.501,32.823,43.888,56.428,61.801,76.413,65.57,44.637
1510,1510,8.6082,25.871,31.427,42.049,54.723,60.18,61.933,58.331,45.105,1510,1510,17.401,21.495,29.971,41.552,55.471,58.584,61.822,53.551,42.38,1510,1510,10.34,16.593,30.179,44.34,59.282,74.544,84.371,61.567,43.836
1511,1511,15.159,26.179,23.623,39.839,55.591,58.24,50.313,51.142,44.144,1511,1511,28.951,29.396,34.544,42.571,59.033,57.117,47.97,50.838,41.685,1511,1511,14.076,18.846,28.373,47.786,62.184,64.586,70.828,53.493,41.85
1512,1512,8.6828,28.784,31.732,44.102,49.348,44.971,43.427,49.192,44.508,1512,1512,25.422,21.775,32.314,53.95,52.272,44.928,42.236,50.168,41.953,1512,1512,8.9188,19.292,31.463,47.043,55.868,56.288,56.86,46.446,41.635
1513,1513,16.611,26.024,28.18,40.656,48.006,48.043,43.147,52.108,44.006,1513,1513,22.715,24.159,33.439,43.405,47.688,44.724,42.793,49.743,42.53,1513,1513,10.303,20.834,29.631,40.657,50.824,54.776,58.953,47.973,41.983
1514,1514,17.798,19.156,28.488,38.856,47.324,45.156,41.188,53.516,45.909,1514,1514,17.638,24.514,29.333,42.284,45.846,40.998,40.742,49.104,43.705,1514,1514,5.9714,23.151,34.384,38.662,48.496,53.611,57.409,45.047,42.785
1515,1515,16.767,25.192,31.8,44.134,46.808,43.309,40.071,48.721,42.381,1515,1515,13.512,21.963,33.873,43.08,49.57,45.385,38.669,49.46,40.941,1515,1515,-10.101,22.572,34.244,39.073,51.274,53.533,56.23,43.038,40.752
1516,1516,14.886,23.225,31.381,46.418,45.988,44.005,41.1,46.875,43.673,1516,1516,16.057,26.282,36.389,49.369,48.997,43.45,39.509,48.112,40.753,1516,1516,6.4107,25.676,36.788,43.205,52.241,54.486,57.173,44.49,41.509
1517,1517,22.175,25.012,35.802,46.902,49.514,47.936,41.191,44.568,42.542,1517,1517,21.271,25.618,34.758,50.809,49.62,43.709,40.617,43.881,42.051,1517,1517,1.5323,18.453,31.924,42.976,48.176,54.854,57.846,43.589,41.241
1518,1518,22.327,30.448,35.057,46.69,50.678,48.894,42.47,46.044,43.86,1518,1518,16.024,28.949,35.724,53.435,55.516,47.982,41.666,46.399,41.919,1518,1518,1.0128,22.944,33.525,44.38,51.951,55.003,58.646,44.669,41.395
1519,1519,16.493,32.083,40.137,54.691,52.712,47.031,41.643,45.372,42.451,1519,1519,16.178,22.498,40.188,54.123,57.024,46.376,41.152,47.407,41.563,1519,1519,3.8233,19.785,35.195,50.212,54.727,55.103,58.576,44.346,41.558
1520,1520,14.004,26.292,33.774,47.078,52.043,49.268,41.295,45.486,43.818,1520,1520,26.479,26.654,36.959,53.745,52.23,44.498,42.357,46.581,41.555,1520,1520,7.289,16.337,31.522,44.213,53.114,54.238,58.971,43.887,40.951
1521,1521,12.529,24.351,36.041,51.833,53.396,48.814,44.724,46.485,42.389,1521,1521,25.091,30.758,39.234,56.516,56.252,50.395,44.573,48.308,41.694,1521,1521,5.3578,18.008,32.359,44.905,52.14,55.193,62.115,45.351,41.237
1522,1522,16.42,27.997,38.262,59.562,57.235,51.627,45.933,46.841,43.998,1522,1522,30.781,29.66,39.756,63.506,61.679,51.515,44.869,48.51,41.446,1522,1522,13.72,21.861,35.13,49.193,56.276,57.463,61.421,46.427,40.963
1523,1523,23.668,30.821,37.226,50.487,59.529,59.493,55.316,53.585,43.603,1523,1523,24.795,31.253,38.969,55.088,57.333,56.158,55.002,53.547,42.3,1523,1523,12.099,20.678,33.478,47.599,62.548,71.509,76.93,56.79,42.036
1524,1524,27.318,23.413,37.958,56.696,60.345,60.645,58.348,56.376,44.371,1524,1524,25.583,30.592,39.032,56.581,59.602,57.286,54.705,53.036,42.421,1524,1524,15.214,19.742,33.747,45.418,61.185,70.576,79.004,58.714,42.054
1525,1525,21.881,27.185,29.27,49.286,56.732,58.097,54.219,61.541,46.129,1525,1525,23.592,29.191,34.23,41.976,53.521,54.778,53.51,60.144,44.868,1525,1525,12.422,19.061,31.83,45.328,62.635,67.535,74.251,60.915,43.3
1526,1526,19.047,22.777,34.431,47.198,57.131,59.55,56.379,61.942,47.106,1526,1526,21.524,27.001,37.317,53.515,57.983,58.016,55.749,58.742,44.113,1526,1526,9.5495,14.848,31.777,47.08,63.548,69.885,74.527,63.32,44.328
1527,1527,22.178,20.293,32.631,46.427,58.524,61.531,63.643,67.034,50.092,1527,1527,34.311,32.755,33.021,47.201,60.778,61.088,60.409,65.754,48.534,1527,1527,19.194,23.631,31.129,48.378,63.7,71.944,84.18,71.007,49.377
1528,1528,21.904,23.37,34.002,50.391,72.937,76.488,76.477,77.403,56.97,1528,1528,34.478,27.812,33.599,49.549,67.809,72.768,74.204,75.139,54.899,1528,1528,21.092,25.438,31.282,50.481,74.089,89.844,98.342,84.568,61.608
1529,1529,19.641,25.747,42.94,56.532,82.104,84.049,84.548,81.304,61.78,1529,1529,29,26.208,35.657,52.438,72.704,79.29,80.815,79.408,58.423,1529,1529,18.786,22.406,35.821,58.452,82.162,98.874,104.95,88.109,65.617
1530,1530,11.962,30.6,41.032,59.769,81.539,85.023,89.831,84.818,64.73,1530,1530,26.006,29.209,33.962,49.316,74.611,80.03,82.901,84.18,64.318,1530,1530,20.526,31.634,37.635,62.468,84.174,101.62,106.41,88.584,66.666
1531,1531,10.132,33.231,48.404,63.873,85.203,88.128,91.853,86.159,66.531,1531,1531,29.609,25.147,35.118,53.473,77.655,81.999,84.592,84.766,64.235,1531,1531,26.791,34.658,43.302,62.915,87.455,103.78,109.23,90.131,68.978
1532,1532,23.437,30.602,44.087,64.987,81.449,85.589,91.35,85.241,65.521,1532,1532,30.058,28.313,36.776,60.391,75.006,80.382,84.551,86.606,66.435,1532,1532,25.412,32.245,40.675,60.205,85.16,102.86,108.81,89.954,68.618
1533,1533,20.693,30.126,45.384,61.065,84.829,86.707,90.427,84.593,64.316,1533,1533,28.456,30.659,41.214,56.659,78.599,81.224,83.85,83.309,62.963,1533,1533,32.294,36.047,43.353,61.307,85.385,102.74,108.68,90.853,69.217
1534,1534,23.322,28.017,38.978,60.347,82.289,84.225,88.809,81.694,62.37,1534,1534,17.462,22.993,39.537,53.859,78.524,79.312,82.218,83.456,63.656,1534,1534,31.55,34.084,39.799,61.923,84.614,100.53,106.06,86.724,65.386
1535,1535,23.706,28.33,31.318,56.007,81.04,82.211,86.158,76.594,58.772,1535,1535,22.587,22.403,36.608,60.704,77.96,76.894,79.442,73.543,54.218,1535,1535,25.342,31.161,39.01,61.434,85.942,98.004,107.4,87.442,66.961
1536,1536,22.436,31.386,41.428,56.783,80.66,84.471,78.748,76.52,59.758,1536,1536,18.737,26.29,37.675,56.829,76.307,79.007,77.291,76.215,56.886,1536,1536,17.169,21.116,38.408,61.326,83.751,96.571,100.74,81.863,61.11
1537,1537,25.559,31.812,42.539,58.615,79.81,83.124,78.497,74.202,57.935,1537,1537,33.658,33.694,38.503,54.286,76.152,78.448,76.383,75.732,55.403,1537,1537,21.846,28.466,35.675,62.154,82.965,95.532,98.997,79.717,58.862
1538,1538,26.783,27.72,41.537,54.908,80.76,83.464,79.314,75.106,58.801,1538,1538,34.374,26.546,36.927,57.626,73.769,77.241,77.108,75.685,56.522,1538,1538,24.75,29.527,40.358,59.575,83.632,97.814,101.47,83.963,62.364
1539,1539,18.976,27.082,41.651,59.097,80.37,83.324,81.206,77.04,60.988,1539,1539,28.08,26.798,36.069,56.854,76.738,77.943,76.732,77.858,58.809,1539,1539,15.137,25.394,35.77,61.245,83.428,98.34,100.83,82.664,61.988
1540,1540,20.966,29.877,38.696,58.225,79.55,77.841,78.072,76.375,57.853,1540,1540,23.247,27.053,38.145,55.561,71.986,73.409,75.566,73.486,55.345,1540,1540,6.8768,24.36,35.343,62.937,80.86,91.777,97.349,81.362,59.917
1541,1541,26.711,25.958,37.77,58.482,74.05,76.595,74.901,79.245,57.301,1541,1541,24.785,24.604,37.377,55.232,69.32,71.554,74.294,75.706,54.906,1541,1541,17.977,21.393,36.09,59.649,75.704,87.956,98.078,84.353,61.769
1542,1542,23.062,26.754,33.947,49.696,67.955,69.979,69.331,78.733,58.576,1542,1542,19.588,23.385,35.613,48.193,70.936,70.853,69.1,75.418,55.244,1542,1542,11.881,17.902,34.458,56.933,70.385,78.915,90.454,80.314,57.166
1543,1543,17.186,24.266,31.513,47.529,66.652,69.626,65.766,73.921,54.476,1543,1543,24.978,31.039,27.267,47.871,67.593,69.344,64.382,68.824,49.533,1543,1543,14.513,19.102,37.955,50.026,70.335,78.524,84.665,73.175,50.571
1544,1544,21.404,23.059,32.402,43.648,65.011,66.19,63.909,65.346,47.537,1544,1544,24.518,33.092,35.333,42.829,66.896,66.882,63.792,63.184,44.859,1544,1544,13.96,19.706,34.961,52.796,69.547,73.908,82.895,70.594,48.198
1545,1545,27.264,24.78,31.197,38.638,57.53,61.542,61.289,61.991,47.025,1545,1545,28.553,32.536,34.056,42.744,60.64,62.168,61.849,61.958,44.002,1545,1545,14.483,23.967,36.013,51.614,64.802,73.13,80.037,67.847,46.364
1546,1546,21.076,23.383,31.109,45.281,58.43,58.124,60.843,61.414,45.351,1546,1546,27.975,23.159,33.538,42.429,59.76,59.055,59.137,63.116,44.604,1546,1546,13.584,20.984,31.599,51.431,64.348,68.192,77.241,67.115,45.404
1547,1547,23.611,29.192,31.017,43.76,55.354,56.472,59.754,60.289,45.988,1547,1547,28.859,28.414,29.096,41.231,54.736,53.996,58.6,60.381,43.134,1547,1547,2.3,22.677,34.752,47.44,59.687,67.952,75.846,66.139,44.469
1548,1548,26.941,27.107,34.976,41.473,53.661,56.018,58.79,58.064,43.342,1548,1548,28.851,30.241,31.511,40.88,57.242,55.872,56.991,57.794,41.568,1548,1548,4.4124,19.959,29.962,46.568,58.034,65.801,73.318,63.378,42.788
1549,1549,24.883,28.279,34.071,43.748,58.431,58.932,57.383,54.136,44.005,1549,1549,26.54,24.305,33.294,39.551,55.931,56.101,56.965,55.531,40.392,1549,1549,13.255,18.531,31.392,46.463,57.924,66.926,74.765,61.456,42.19
1550,1550,24.577,26.211,34.284,43.251,56.857,57.734,57.367,53.97,41.76,1550,1550,27.647,27.937,33.228,43.622,57.08,55.14,57.266,55.835,40.898,1550,1550,15.89,23.599,32.485,48.201,62.222,68.923,75.001,61.214,42.172
1551,1551,25.946,25.467,31.71,43.421,61.349,63.66,57.324,53.747,44.064,1551,1551,24.572,28.366,34.364,46.271,59.853,57.589,56.425,55.365,39.659,1551,1551,11.87,30.028,36.819,54.238,66.251,68.343,74.624,61.998,42.304
1552,1552,19.047,26.25,35.9,44.048,57.794,56.628,56.957,54.119,42.353,1552,1552,22.781,22.614,34.095,43.716,57.753,56.566,54.251,54.57,39.976,1552,1552,12.687,26.079,35.386,52.068,63.535,66.869,73.584,60.184,41.931
1553,1553,13.891,18.354,36.183,46.183,55.745,56.426,57.302,54.08,45.324,1553,1553,17.792,24,37.768,41.185,55.35,53.897,55.434,55.629,40.823,1553,1553,2.9528,22.568,36.52,50.969,64.898,69.231,73.845,59.223,41.592
1554,1554,12.661,25.165,32.032,47.811,55.64,55.568,55.958,55.105,44.132,1554,1554,26.568,31.111,34.486,43.033,54.412,54.253,55.925,56.268,41.17,1554,1554,11.114,26.513,36.639,48.532,62.066,67.185,73.228,59.689,42.463
1555,1555,19.048,23.017,30.531,43.569,57.937,57.34,56.972,55.882,45.867,1555,1555,33.891,27.151,35.078,40.215,57.38,55.583,56.997,56.276,41.7,1555,1555,19.704,27.15,33.924,46.522,61.857,64.882,75.953,62.64,43.824
1556,1556,22.732,25.1,31.356,36.957,57.578,60.596,60.209,60.86,46.751,1556,1556,33.467,29.15,35.152,44.999,53.193,55.36,59.348,60.322,44.905,1556,1556,20.317,24.432,34.498,46.677,62.729,73.61,78.582,63.707,44.722
1557,1557,22.585,22.676,28.718,45.408,63.033,65.566,62.7,59.71,48.183,1557,1557,29.515,26.164,26.493,42.843,64.334,65.275,60.932,59.007,43.592,1557,1557,15.122,24.716,37.016,54.049,71.28,76.969,81.39,65.553,46.597
1558,1558,22.491,28.546,30.644,46.309,64.208,66.681,61.903,59.307,48.475,1558,1558,27.297,22.819,31.408,48.386,62.895,64.207,60.22,60.406,45.323,1558,1558,13.662,21.611,35.149,52.499,67.127,78.774,80.915,64.913,47.652
1559,1559,16.837,23.745,37.794,48.214,68.35,72.704,72.624,69.202,50.947,1559,1559,22.737,27.141,31.215,50.302,69.946,70.589,70.625,69.716,49.679,1559,1559,9.6508,22.565,34.745,50.554,73.577,86.344,92.227,77.34,54.874
1560,1560,16.77,22.913,40.707,53.236,73.267,79.829,77.141,67.043,51.926,1560,1560,18.482,28.569,35.972,50.041,68.688,74.233,71.522,66.369,48.329,1560,1560,3.8972,24.837,29.246,60.788,78.256,92.13,96.839,76.756,55.968
1561,1561,23.138,25.123,39.436,53.301,78.983,82.653,77.046,71.575,53.826,1561,1561,22.645,26.01,37.718,53.674,72.601,76.315,73.787,69.83,50.497,1561,1561,3.4135,26.444,37.336,60.664,83.198,94.539,97.757,79.039,57.727
1562,1562,19.418,22.531,42.874,57.981,79.218,83.088,78.703,72.731,54.668,1562,1562,24.542,24.454,36.663,55.805,75.839,78.732,74.352,71.298,51.724,1562,1562,9.1551,20.102,35.419,57.401,82.838,95.209,98.561,77.746,57.509
1563,1563,17.288,22.562,40.645,56.32,79.866,82.142,80.105,73.672,57.612,1563,1563,25.574,30.306,33.669,56.288,76.997,78.522,77.044,72.489,53.697,1563,1563,13.459,24.129,37.253,58.939,82.976,97.938,101.62,82.483,61.569
1564,1564,26.483,30.728,42.699,56.572,83.603,84.911,80.905,77.995,59.979,1564,1564,27.578,31.085,35.247,58.204,76.131,78.835,77.705,76.366,57.297,1564,1564,8.7442,25.325,37.015,60.069,83.759,98.326,100.87,83.167,61.905
1565,1565,25.876,26.78,43.235,58.575,77.386,79.669,77.423,76.685,56.747,1565,1565,26.922,26.356,37.693,56.128,73.761,76.048,76.412,74.674,54.706,1565,1565,7.3749,24.78,38.042,60.414,78.675,90.416,99.325,83.257,61.041
1566,1566,16.746,28.117,33.098,51.649,72.753,75.877,73.362,76.721,55.417,1566,1566,21.277,19.993,30.11,49.354,69.411,71.929,73.769,73.631,53.655,1566,1566,11.891,15.787,35.5,53.168,74.321,81.989,96.943,84.971,61.736
1567,1567,3.654,20.426,33.19,48.166,65.863,68.491,69.241,75.403,54.445,1567,1567,22.801,31.858,37.402,48.244,64.293,65.91,67.943,72.383,52.236,1567,1567,13.41,25.395,37.655,51.872,67.383,78.01,88.848,79.941,55.393
1568,1568,10.408,22.55,33.923,46.756,66.044,68.171,64.813,72.045,49.365,1568,1568,24.116,23.762,34.104,45.474,65.711,67.206,64.829,65.646,46.407,1568,1568,2.8157,25.207,37.221,48.986,68.485,77.662,83.993,73.145,50.172
1569,1569,15.552,26.08,27.089,40.844,63.516,65.87,62.332,61.743,45.831,1569,1569,9.8863,20.542,28.412,41.473,64.504,65.476,60.348,60.811,43.94,1569,1569,7.617,21.641,36.431,46.166,62.616,73.11,81.011,68.397,46.535
1570,1570,18.42,25.392,32.248,40.433,61.8,64.41,62.669,63.147,46.474,1570,1570,26.743,26.611,29.028,45.331,62.81,65.829,59.958,58.91,43.184,1570,1570,5.3209,22.335,32.853,48.278,66.612,72.583,79.106,67.419,46.112
1571,1571,23.018,28.361,32.067,43.991,58.548,60.32,62.728,62.797,46.439,1571,1571,32.766,26.756,29.687,46.406,60.981,60.152,61.092,60.063,43.626,1571,1571,14.48,21.731,28.441,47.798,61.715,67.746,80.441,68.089,46.489
1572,1572,20.525,25.429,33.049,42.585,57.597,60.84,62.391,59.645,44.802,1572,1572,29.902,30.929,32.238,45.806,57.68,57.481,60.693,57.55,41.855,1572,1572,15.502,15.303,30.571,44.518,59.62,71.388,79.66,65.022,44.74
1573,1573,10.731,23.254,34.983,49.185,58.988,59.998,62.164,57.751,43.128,1573,1573,21.653,16.331,27.348,46.013,57.469,55.786,59.606,57.509,41.989,1573,1573,8.1122,20.543,32.884,47.219,59.531,65.114,77.169,64.945,44.307
1574,1574,12.954,22.612,32.617,43.075,53.457,54.89,61.306,55.224,44.256,1574,1574,14.141,24.399,31.096,45.448,53.806,55.372,57.424,53.966,41.619,1574,1574,6.5208,19.64,31.612,44.967,58.238,63.057,72.068,61.806,43.066
1575,1575,11.559,25.636,28.775,37.207,54.588,55.1,55.072,51.393,42.543,1575,1575,17.433,24.9,28.385,40.607,51.538,51.394,52.713,51.803,41.09,1575,1575,1.3743,16.597,31.105,46.002,54.617,59.965,69.927,57.37,42.379
1576,1576,12.929,23.55,35.469,37.91,54.374,53.463,50.432,50.576,43.719,1576,1576,12.489,26.04,32.566,40.864,51.493,49.244,49.266,49.535,41.001,1576,1576,-1.1334,21.225,34.229,44.658,59.471,58.643,65.249,52.659,41.724
1577,1577,14.525,21.97,30.181,40.361,52.225,52.496,51.346,48.863,42.519,1577,1577,15.742,24.145,30.493,40.898,51.64,47.554,49.53,47.907,41.648,1577,1577,2.7715,19.814,33.804,44.572,59.608,58.72,67.188,54.398,41.792
1578,1578,16.451,18.557,31.789,39.622,58.767,58.453,50.97,49.449,43.781,1578,1578,8.189,26.712,27.527,39.058,51.504,50.464,48.854,47.806,41.206,1578,1578,4.4468,19.651,32.467,50.381,63.359,60.041,66.36,53.444,42.11
1579,1579,15.735,27.699,32.582,42.023,52.244,54.035,50.698,49.034,41.508,1579,1579,21.849,24.942,29.71,40.831,52.581,50.543,48.239,49.235,40.967,1579,1579,3.3781,16.549,31.073,45.652,55.77,57.644,67.403,52.995,41.67
1580,1580,18.382,26.46,31.812,41.55,54.988,58.089,52.635,48.857,43.748,1580,1580,22.866,20.41,26.269,41.297,51.782,49.458,49.316,49.493,40.45,1580,1580,4.4853,16.033,30.503,48.439,58.506,60.037,68.721,54.945,41.745
1581,1581,22.757,22.657,30.513,43.768,54.57,52.858,48.285,47.69,42.479,1581,1581,25.463,21.341,25.669,44.997,51.176,49.589,48.945,48.475,40.033,1581,1581,-0.35443,16.479,29.184,45.015,56.61,56.933,65.714,53.069,41.364
1582,1582,19.325,20.072,31.01,39.834,55.347,56.454,47.479,48.45,43.973,1582,1582,23.972,26.708,29.969,43.262,51.385,48.831,47.126,49.012,40.708,1582,1582,2.4712,16.128,28.14,41.404,53.359,56.028,65.082,50.706,42.17
1583,1583,16.682,25.833,35.55,43.886,52.16,51.47,46.735,47.844,41.684,1583,1583,19.349,21.459,33.92,51.075,51.493,46.645,45.333,48.487,40.317,1583,1583,5.0576,18.279,26.11,41.155,52.611,55.957,62.999,49.372,40.548
1584,1584,21.388,26.008,34.731,46.075,54.622,56.278,51.979,52.306,44.241,1584,1584,19.894,20.15,36.775,45.246,52.378,53.657,50.01,50.669,40.557,1584,1584,9.1738,25.44,34.648,43.738,55.199,69.526,71.523,57.009,42.843
1585,1585,15.844,25.289,35.197,42.166,54.102,58.462,57.552,57.911,43.485,1585,1585,6.6592,22.314,32.524,41.416,57.306,56.416,55.099,54.852,41.612,1585,1585,3.6426,16.147,33.698,38.998,58.849,68.731,76.082,58.176,41.856
1586,1586,10.634,29.67,34.958,40.89,52.289,54.295,55.247,63.308,48.636,1586,1586,12.861,21.445,32.398,37.145,53.001,52.965,52.233,59.166,45.046,1586,1586,3.672,12.052,30.774,45.814,54.86,64.88,71.336,60.789,43.723
1587,1587,15.136,27.623,30.433,43.67,60.724,61.395,56.933,62.513,50.717,1587,1587,16.992,23.891,29.98,42.633,60.31,60.423,55.542,60.256,48.221,1587,1587,5.9418,24.876,39.431,47.954,61.477,68.206,75.101,62.801,47.579
1588,1588,17.032,35.739,41.083,46.514,63.627,68.413,60.558,65.035,54.581,1588,1588,14.205,29.564,30.661,47.248,64.239,65.964,57.51,63.62,52.715,1588,1588,19.415,36.031,44.767,48.461,63.794,69.663,81.11,69.559,51.611
1589,1589,28.042,35.923,38.342,47.713,71.145,74.117,71.788,75.505,57.384,1589,1589,17.012,29.137,35.075,43.493,66.293,69.897,71.311,75.088,55.827,1589,1589,23.698,34.492,38.285,50.805,71.13,86.056,95.483,83.187,59.986
1590,1590,22.565,29.78,43.004,54.315,78.444,81.118,81.895,80.254,61.335,1590,1590,19.583,32.745,37.998,49.141,71.985,77.074,78.949,77.444,57.414,1590,1590,16.944,26.293,35.265,55.6,80.814,95.527,102.08,84.72,63.226
1591,1591,22.384,29.125,41.766,61.052,80.867,84.159,87.129,84.091,64.151,1591,1591,25.662,30.571,35.064,51.981,73.59,79.219,81.479,81.379,61.421,1591,1591,22.998,28.406,34.622,59.458,82.109,100.81,104.84,88.786,66.114
1592,1592,15.417,25.822,44.691,63.154,84.184,85.819,88.964,84.379,65.17,1592,1592,21.906,31.013,30.555,53.747,75.611,80.704,82.378,85.935,65.993,1592,1592,25.044,32.608,38.406,59.881,86.784,102.74,107.51,88.873,67.71
1593,1593,16.475,29.967,46.53,59.636,82.634,85.348,88.677,84.637,64.745,1593,1593,19.663,25.722,37.515,56.363,76.855,80.163,82.793,82.238,61.527,1593,1593,27.806,34.834,40.211,59.795,85.4,101.45,107.06,90.047,68.071
1594,1594,20.086,26.494,45.109,60.559,82.373,85.597,87.94,83.429,63.574,1594,1594,17.367,22.389,35.936,55.444,74.507,80.932,83.212,84.691,64.242,1594,1594,28.497,30.505,34.037,59.079,85.019,102.28,107.23,88.099,67.2
1595,1595,20.151,32.549,45.881,59.45,83.762,86.658,90.447,85.335,65.31,1595,1595,18.92,20.267,37.682,55.67,74.809,80.977,83.476,84.471,63.967,1595,1595,25.056,31.411,41.058,62.946,87.133,102.67,108.25,89.719,68.223
1596,1596,20.754,34.16,38.068,60.344,82.404,84.054,89.909,81.942,62.418,1596,1596,14.582,25.412,32.366,53.885,75.549,78.146,82.282,83.972,64.443,1596,1596,28.006,30.499,37.911,60.118,85.936,100.7,107.61,87.559,67.159
1597,1597,18.327,25.027,34.897,57.499,82.95,82.073,81.84,76.133,58.564,1597,1597,19.086,28.169,36.806,58.469,81.542,80.049,76.934,74.522,55.578,1597,1597,25.842,33.01,40.405,62.21,85.711,97.618,104.08,84.431,63.425
1598,1598,23.878,24.656,38.863,53.117,74.924,75.148,74.714,73.007,55.765,1598,1598,19.865,24.074,33.168,50.301,73.821,72.88,74.37,72.467,52.451,1598,1598,24.73,28.923,34.736,56.522,79.613,90.702,95.916,79.504,57.708
1599,1599,18.058,23.65,36.356,49.531,70.663,72.686,69.807,71.243,53.544,1599,1599,23.04,27.308,36.663,46.086,70.307,69.379,68.631,70.126,49.663,1599,1599,18.018,22.135,34.404,58.392,77.249,89.076,90.961,75.932,54.12
1600,1600,16.523,21.563,35.186,48.54,68.01,68.175,66.941,68.465,52.536,1600,1600,29.253,23.004,33.323,43.887,67.7,66.102,65.185,65.542,47.693,1600,1600,12.229,23.971,36.549,54.097,70.401,78.878,87.813,73.614,51.928
1601,1601,20.389,21.164,34.719,50.578,64.912,67.503,67.683,69.961,54.949,1601,1601,25.097,25.491,36.52,45.289,65.551,64.681,63.288,67.264,52.017,1601,1601,16.756,23.624,36.508,58.991,69.984,82.139,88.7,74.008,53.197
1602,1602,27.857,37.765,37.344,39.795,52.553,52.259,47.563,53.949,54.74,1602,1602,24.446,23.52,21.576,33.311,49.615,50.926,41.941,47.4,48.751,1602,1602,19.411,35.672,37.599,43.699,58.366,59.359,62.927,54.155,45.917
1603,1603,26.524,26.026,17.534,-11.337,-67.337,-160.44,-383.75,-620.42,-1403.2,1603,1603,24.241,16.459,2.7255,-31.168,-65.924,-164.04,-389.32,-636.03,-1410,1603,1603,23.768,23.355,15.476,-11.277,-61.728,-162.96,-369.75,-617.41,-1416.5
1604,1604,10.369,16.215,-3.9946,-66.153,-174.9,-375.43,-816.52,-1294.6,-2859.9,1604,1604,12.376,5.7972,-18.46,-86.189,-173.15,-378.76,-821.63,-1310.1,-2866.7,1604,1604,13.374,13.082,-6.4915,-64.144,-169.23,-377.86,-801.86,-1291.4,-2871.9
1605,1605,7.2113,6.4287,-25.502,-119.24,-282.45,-590.4,-1248.7,-1968.7,-Inf,1605,1605,9.532,-4.6534,-39.633,-138.61,-280.38,-593.47,-1254.1,-1984.2,-Inf,1605,1605,11.035,3.088,-28.161,-119.18,-276.68,-592.72,-1234.7,-1965.4,-Inf
1606,1606,1.3877,-3.4869,-47.167,-173.33,-389.96,-805.35,-1682.3,-2642.8,-Inf,1606,1606,2.3193,-15.293,-60.794,-193.86,-387.62,-808.18,-1688.1,-2658.3,-Inf,1606,1606,1.9744,-6.7226,-49.919,-171.58,-384.09,-807.56,-1668.8,-2639.5,-Inf
1607,1607,-7.4058,-13.53,-68.918,-227.24,-497.42,-1020.3,-2116.5,-Inf,-Inf,1607,1607,-1.632,-25.588,-82.029,-246.24,-494.87,-1022.9,-2121.9,-Inf,-Inf,1607,1607,-0.72591,-16.496,-71.652,-226.84,-491.45,-1022.4,-2102.3,-Inf,-Inf
1608,1608,-8.8336,-23.884,-90.673,-280.52,-604.84,-1235.2,-2549,-Inf,-Inf,1608,1608,-7.658,-35.491,-103.39,-301.26,-602.15,-1237.6,-2554.1,-Inf,-Inf,1608,1608,-7.1795,-26.57,-93.258,-279.23,-598.76,-1237.1,-2534.4,-Inf,-Inf
1609,1609,-16.144,-34.448,-112.33,-335.23,-712.21,-1450,-2981.3,-Inf,-Inf,1609,1609,-12.216,-45.183,-124.9,-354.07,-709.46,-1452.3,-2986.8,-Inf,-Inf,1609,1609,-11.553,-36.962,-114.68,-334.22,-706.04,-1451.9,-2967.4,-Inf,-Inf
1610,1610,-19.997,-44.96,-133.82,-387.85,-819.54,-1664.9,-Inf,-Inf,-Inf,1610,1610,-17.072,-54.931,-146.55,-408.47,-816.79,-1667.1,-Inf,-Inf,-Inf,1610,1610,-16.871,-47.53,-135.93,-387.07,-813.28,-1666.6,-Inf,-Inf,-Inf
1611,1611,-25.402,-55.151,-155.13,-443.04,-926.82,-1879.7,-Inf,-Inf,-Inf,1611,1611,-23.179,-64.933,-168.29,-462.04,-924.16,-1881.8,-Inf,-Inf,-Inf,1611,1611,-22.337,-58.023,-157.09,-441.42,-920.52,-1881.3,-Inf,-Inf,-Inf
1612,1612,-30.843,-64.972,-176.31,-495.38,-1034.1,-2094.4,-Inf,-Inf,-Inf,1612,1612,-26.622,-75.246,-190.05,-515.64,-1031.6,-2096.6,-Inf,-Inf,-Inf,1612,1612,-26.351,-68.181,-178.26,-495.05,-1027.7,-2096,-Inf,-Inf,-Inf
1613,1613,-34.975,-74.649,-197.47,-550.58,-1141.3,-2309.2,-Inf,-Inf,-Inf,1613,1613,-33.754,-85.786,-211.74,-570.05,-1139,-2311.4,-Inf,-Inf,-Inf,1613,1613,-33.171,-77.979,-199.51,-548.59,-1135,-2310.7,-Inf,-Inf,-Inf
1614,1614,-41.65,-84.456,-218.68,-603.11,-1248.5,-2523.9,-Inf,-Inf,-Inf,1614,1614,-36.726,-96.329,-233.26,-622.91,-1246.5,-2526.3,-Inf,-Inf,-Inf,1614,1614,-36.196,-87.657,-220.9,-603.06,-1242.2,-2525.5,-Inf,-Inf,-Inf
1615,1615,-44.777,-94.549,-240.01,-657.87,-1355.8,-2738.6,-Inf,-Inf,-Inf,1615,1615,-43.498,-106.59,-254.59,-677.95,-1354,-2741.1,-Inf,-Inf,-Inf,1615,1615,-43.283,-97.485,-242.43,-655.87,-1349.5,-2740.2,-Inf,-Inf,-Inf
1616,1616,-51.898,-104.94,-261.5,-711.01,-1463,-2953.4,-Inf,-Inf,-Inf,1616,1616,-47.344,-116.47,-275.79,-730.35,-1461.5,-2956,-Inf,-Inf,-Inf,1616,1616,-46.602,-107.6,-264.09,-710.94,-1456.8,-2954.9,-Inf,-Inf,-Inf
1617,1617,-55.097,-115.51,-283.12,-765.04,-1570.3,-Inf,-Inf,-Inf,-Inf,1617,1617,-52.806,-126.15,-296.94,-785.6,-1569.1,-Inf,-Inf,-Inf,-Inf,1617,1617,-52.697,-118.02,-285.85,-763.32,-1564.1,-Inf,-Inf,-Inf,-Inf
1618,1618,-61.384,-126,-304.84,-819.02,-1677.6,-Inf,-Inf,-Inf,-Inf,1618,1618,-58.281,-135.92,-318.14,-837.99,-1676.7,-Inf,-Inf,-Inf,-Inf,1618,1618,-57.441,-128.59,-307.6,-818.58,-1671.5,-Inf,-Inf,-Inf,-Inf
1619,1619,-65.889,-136.15,-326.61,-872.24,-1784.9,-Inf,-Inf,-Inf,-Inf,1619,1619,-62.242,-145.95,-339.45,-892.98,-1784.2,-Inf,-Inf,-Inf,-Inf,1619,1619,-62.022,-139.06,-329.26,-870.99,-1778.9,-Inf,-Inf,-Inf,-Inf
1620,1620,-70.685,-145.94,-348.32,-927,-1892.2,-Inf,-Inf,-Inf,-Inf,1620,1620,-69.086,-156.3,-360.91,-945.84,-1891.8,-Inf,-Inf,-Inf,-Inf,1620,1620,-68.377,-149.18,-350.75,-925.94,-1886.3,-Inf,-Inf,-Inf,-Inf
1621,1621,-76.844,-155.62,-369.87,-979.59,-1999.6,-Inf,-Inf,-Inf,-Inf,1621,1621,-72.118,-166.85,-382.51,-1000.2,-1999.4,-Inf,-Inf,-Inf,-Inf,1621,1621,-71.688,-158.95,-372.06,-978.84,-1993.8,-Inf,-Inf,-Inf,-Inf
1622,1622,-80.288,-165.45,-391.24,-1034.8,-2107,-Inf,-Inf,-Inf,-Inf,1622,1622,-79.199,-177.38,-404.22,-1053.8,-2106.9,-Inf,-Inf,-Inf,-Inf,1622,1622,-78.834,-168.63,-393.24,-1033.1,-2101.3,-Inf,-Inf,-Inf,-Inf
1623,1623,-87.401,-175.58,-412.46,-1087.1,-2214.5,-Inf,-Inf,-Inf,-Inf,1623,1623,-82.514,-187.6,-425.99,-1107.4,-2214.4,-Inf,-Inf,-Inf,-Inf,1623,1623,-81.861,-178.48,-414.4,-1086.8,-2208.8,-Inf,-Inf,-Inf,-Inf
1624,1624,-90.388,-186,-433.61,-1142.3,-2322,-Inf,-Inf,-Inf,-Inf,1624,1624,-88.631,-197.44,-447.71,-1161.8,-2321.9,-Inf,-Inf,-Inf,-Inf,1624,1624,-88.505,-188.64,-435.61,-1140.3,-2316.3,-Inf,-Inf,-Inf,-Inf
1625,1625,-97.171,-196.58,-454.8,-1194.9,-2429.5,-Inf,-Inf,-Inf,-Inf,1625,1625,-93.345,-207.12,-469.29,-1214.6,-2429.3,-Inf,-Inf,-Inf,-Inf,1625,1625,-92.528,-199.08,-456.94,-1194.8,-2423.9,-Inf,-Inf,-Inf,-Inf
1626,1626,-100.99,-207.04,-476.08,-1249.6,-2537,-Inf,-Inf,-Inf,-Inf,1626,1626,-97.953,-216.91,-490.69,-1269.7,-2536.7,-Inf,-Inf,-Inf,-Inf,1626,1626,-97.802,-209.66,-478.42,-1247.6,-2531.5,-Inf,-Inf,-Inf,-Inf
1627,1627,-106.48,-217.14,-497.51,-1302.8,-2644.6,-Inf,-Inf,-Inf,-Inf,1627,1627,-104.28,-226.98,-511.93,-1322.1,-2644,-Inf,-Inf,-Inf,-Inf,1627,1627,-103.48,-220.1,-500.04,-1302.7,-2639.1,-Inf,-Inf,-Inf,-Inf
1628,1628,-111.93,-226.91,-519.08,-1356.7,-2752.2,-Inf,-Inf,-Inf,-Inf,1628,1628,-107.61,-237.35,-533.09,-1377.3,-2751.3,-Inf,-Inf,-Inf,-Inf,1628,1628,-107.28,-230.17,-521.77,-1355.1,-2746.6,-Inf,-Inf,-Inf,-Inf
1629,1629,-115.91,-236.59,-540.78,-1410.8,-2859.8,-Inf,-Inf,-Inf,-Inf,1629,1629,-114.75,-247.92,-554.26,-1429.8,-2858.5,-Inf,-Inf,-Inf,-Inf,1629,1629,-114.23,-239.91,-543.54,-1410.3,-2854.2,-Inf,-Inf,-Inf,-Inf
1630,1630,-122.74,-246.45,-562.54,-1464,-2967.3,-Inf,-Inf,-Inf,-Inf,1630,1630,-117.77,-258.42,-575.53,-1484.7,-2965.7,-Inf,-Inf,-Inf,-Inf,1630,1630,-117.22,-249.6,-565.24,-1462.7,-2961.7,-Inf,-Inf,-Inf,-Inf
1631,1631,-125.78,-256.61,-584.28,-1518.8,-3073,-Inf,-Inf,-Inf,-Inf,1631,1631,-124.44,-268.6,-596.93,-1537.6,-3073,-Inf,-Inf,-Inf,-Inf,1631,1631,-124.24,-259.49,-586.8,-1517.7,-3070,-Inf,-Inf,-Inf,-Inf
1632,1632,-132.87,-267.06,-605.9,-1571.3,-Inf,-Inf,-Inf,-Inf,-Inf,1632,1632,-128.43,-278.41,-618.48,-1591.9,-Inf,-Inf,-Inf,-Inf,-Inf,1632,1632,-127.68,-269.68,-608.17,-1570.6,-Inf,-Inf,-Inf,-Inf,-Inf
1633,1633,-136.17,-277.64,-627.34,-1626.5,-Inf,-Inf,-Inf,-Inf,-Inf,1633,1633,-133.73,-288.09,-640.16,-1645.6,-Inf,-Inf,-Inf,-Inf,-Inf,1633,1633,-133.62,-280.14,-629.39,-1624.8,-Inf,-Inf,-Inf,-Inf,-Inf
1634,1634,-142.31,-288.07,-648.6,-1678.9,-Inf,-Inf,-Inf,-Inf,-Inf,1634,1634,-139.39,-297.9,-661.91,-1699.1,-Inf,-Inf,-Inf,-Inf,-Inf,1634,1634,-138.55,-290.72,-650.55,-1678.6,-Inf,-Inf,-Inf,-Inf,-Inf
1635,1635,-146.99,-298.13,-669.77,-1734,-Inf,-Inf,-Inf,-Inf,-Inf,1635,1635,-143.21,-308.01,-683.66,-1753.6,-Inf,-Inf,-Inf,-Inf,-Inf,1635,1635,-142.97,-301.13,-671.73,-1732,-Inf,-Inf,-Inf,-Inf,-Inf
1636,1636,-151.62,-307.88,-690.93,-1786.6,-Inf,-Inf,-Inf,-Inf,-Inf,1636,1636,-150.14,-318.41,-705.31,-1806.4,-Inf,-Inf,-Inf,-Inf,-Inf,1636,1636,-149.46,-311.15,-693.01,-1786.6,-Inf,-Inf,-Inf,-Inf,-Inf
1637,1637,-157.93,-317.57,-712.17,-1841.3,-Inf,-Inf,-Inf,-Inf,-Inf,1637,1637,-153.14,-328.98,-726.78,-1861.5,-Inf,-Inf,-Inf,-Inf,-Inf,1637,1637,-152.68,-320.88,-714.44,-1839.3,-Inf,-Inf,-Inf,-Inf,-Inf
1638,1638,-161.27,-327.46,-733.54,-1894.6,-Inf,-Inf,-Inf,-Inf,-Inf,1638,1638,-160.16,-339.46,-748.07,-1913.8,-Inf,-Inf,-Inf,-Inf,-Inf,1638,1638,-159.84,-330.58,-736.01,-1894.5,-Inf,-Inf,-Inf,-Inf,-Inf
1639,1639,-168.42,-337.65,-755.06,-1948.5,-Inf,-Inf,-Inf,-Inf,-Inf,1639,1639,-163.59,-349.6,-769.24,-1969.1,-Inf,-Inf,-Inf,-Inf,-Inf,1639,1639,-162.91,-340.49,-757.7,-1946.8,-Inf,-Inf,-Inf,-Inf,-Inf
1640,1640,-171.43,-348.12,-776.72,-2002.6,-Inf,-Inf,-Inf,-Inf,-Inf,1640,1640,-169.55,-359.38,-790.4,-2021.5,-Inf,-Inf,-Inf,-Inf,-Inf,1640,1640,-169.44,-350.72,-779.46,-2002,-Inf,-Inf,-Inf,-Inf,-Inf
1641,1641,-178.11,-358.7,-798.46,-2055.7,-Inf,-Inf,-Inf,-Inf,-Inf,1641,1641,-174.45,-369.06,-811.62,-2076.4,-Inf,-Inf,-Inf,-Inf,-Inf,1641,1641,-173.62,-361.2,-801.2,-2054.5,-Inf,-Inf,-Inf,-Inf,-Inf
1642,1642,-182.08,-369.1,-820.22,-2110.5,-Inf,-Inf,-Inf,-Inf,-Inf,1642,1642,-178.9,-378.9,-832.97,-2129.4,-Inf,-Inf,-Inf,-Inf,-Inf,1642,1642,-178.73,-371.78,-822.83,-2109.4,-Inf,-Inf,-Inf,-Inf,-Inf
1643,1643,-187.41,-379.12,-841.9,-2163.1,-Inf,-Inf,-Inf,-Inf,-Inf,1643,1643,-185.37,-389.04,-854.47,-2183.6,-Inf,-Inf,-Inf,-Inf,-Inf,1643,1643,-184.58,-382.15,-844.27,-2162.4,-Inf,-Inf,-Inf,-Inf,-Inf
1644,1644,-193.03,-388.84,-863.4,-2218.3,-Inf,-Inf,-Inf,-Inf,-Inf,1644,1644,-188.6,-399.47,-876.1,-2237.4,-Inf,-Inf,-Inf,-Inf,-Inf,1644,1644,-188.25,-392.14,-865.53,-2216.6,-Inf,-Inf,-Inf,-Inf,-Inf
1645,1645,-196.87,-398.55,-884.73,-2270.6,-Inf,-Inf,-Inf,-Inf,-Inf,1645,1645,-195.76,-410.04,-897.84,-2290.8,-Inf,-Inf,-Inf,-Inf,-Inf,1645,1645,-195.27,-401.85,-886.7,-2270.4,-Inf,-Inf,-Inf,-Inf,-Inf
1646,1646,-203.8,-408.47,-905.92,-2325.8,-Inf,-Inf,-Inf,-Inf,-Inf,1646,1646,-198.82,-420.5,-919.6,-2345.4,-Inf,-Inf,-Inf,-Inf,-Inf,1646,1646,-198.25,-411.56,-907.86,-2323.7,-Inf,-Inf,-Inf,-Inf,-Inf
1647,1647,-206.8,-418.69,-927.07,-2378.4,-Inf,-Inf,-Inf,-Inf,-Inf,1647,1647,-205.37,-430.59,-941.29,-2398.1,-Inf,-Inf,-Inf,-Inf,-Inf,1647,1647,-205.19,-421.51,-929.1,-2378.4,-Inf,-Inf,-Inf,-Inf,-Inf
1648,1648,-213.83,-429.19,-948.28,-2433,-Inf,-Inf,-Inf,-Inf,-Inf,1648,1648,-209.53,-440.35,-962.83,-2453.2,-Inf,-Inf,-Inf,-Inf,-Inf,1648,1648,-208.76,-431.76,-950.47,-2431.1,-Inf,-Inf,-Inf,-Inf,-Inf
1649,1649,-217.24,-439.76,-969.6,-2486.3,-Inf,-Inf,-Inf,-Inf,-Inf,1649,1649,-214.66,-450.03,-984.18,-2505.6,-Inf,-Inf,-Inf,-Inf,-Inf,1649,1649,-214.55,-442.27,-971.99,-2486.2,-Inf,-Inf,-Inf,-Inf,-Inf
1650,1650,-223.23,-450.12,-991.06,-2540.2,-Inf,-Inf,-Inf,-Inf,-Inf,1650,1650,-220.49,-459.9,-1005.4,-2560.8,-Inf,-Inf,-Inf,-Inf,-Inf,1650,1650,-219.65,-452.83,-993.64,-2538.6,-Inf,-Inf,-Inf,-Inf,-Inf
1651,1651,-228.1,-460.1,-1012.7,-2594.3,-Inf,-Inf,-Inf,-Inf,-Inf,1651,1651,-224.18,-470.08,-1026.5,-2613.3,-Inf,-Inf,-Inf,-Inf,-Inf,1651,1651,-223.92,-463.17,-1015.4,-2593.8,-Inf,-Inf,-Inf,-Inf,-Inf
1652,1652,-232.57,-469.81,-1034.4,-2647.4,-Inf,-Inf,-Inf,-Inf,-Inf,1652,1652,-231.18,-480.53,-1047.7,-2668.1,-Inf,-Inf,-Inf,-Inf,-Inf,1652,1652,-230.54,-473.12,-1037.1,-2646.3,-Inf,-Inf,-Inf,-Inf,-Inf
1653,1653,-239.02,-479.53,-1056.2,-2702.3,-Inf,-Inf,-Inf,-Inf,-Inf,1653,1653,-234.16,-491.11,-1069,-2721.1,-Inf,-Inf,-Inf,-Inf,-Inf,1653,1653,-233.68,-482.81,-1058.8,-2701.1,-Inf,-Inf,-Inf,-Inf,-Inf
1654,1654,-242.27,-489.48,-1077.9,-2754.8,-Inf,-Inf,-Inf,-Inf,-Inf,1654,1654,-241.12,-501.53,-1090.5,-2775.3,-Inf,-Inf,-Inf,-Inf,-Inf,1654,1654,-240.83,-492.54,-1080.3,-2754.1,-Inf,-Inf,-Inf,-Inf,-Inf
1655,1655,-249.42,-499.74,-1099.4,-2810,-Inf,-Inf,-Inf,-Inf,-Inf,1655,1655,-244.66,-511.58,-1112.1,-2829.1,-Inf,-Inf,-Inf,-Inf,-Inf,1655,1655,-243.97,-502.52,-1101.7,-2808.3,-Inf,-Inf,-Inf,-Inf,-Inf
1656,1656,-252.48,-510.25,-1120.8,-2862.4,-Inf,-Inf,-Inf,-Inf,-Inf,1656,1656,-250.48,-521.31,-1133.8,-2882.5,-Inf,-Inf,-Inf,-Inf,-Inf,1656,1656,-250.37,-512.81,-1122.9,-2862.1,-Inf,-Inf,-Inf,-Inf,-Inf
1657,1657,-259.04,-520.81,-1142.1,-2917.5,-Inf,-Inf,-Inf,-Inf,-Inf,1657,1657,-255.56,-531.01,-1155.5,-2937.1,-Inf,-Inf,-Inf,-Inf,-Inf,1657,1657,-254.72,-523.33,-1144,-2915.5,-Inf,-Inf,-Inf,-Inf,-Inf
1658,1658,-263.18,-531.14,-1163.2,-2970.2,-Inf,-Inf,-Inf,-Inf,-Inf,1658,1658,-259.84,-540.91,-1177.3,-2989.8,-Inf,-Inf,-Inf,-Inf,-Inf,1658,1658,-259.66,-533.89,-1165.2,-2970.1,-Inf,-Inf,-Inf,-Inf,-Inf
1659,1659,-268.34,-541.08,-1184.4,-3024.7,-Inf,-Inf,-Inf,-Inf,-Inf,1659,1659,-266.45,-551.11,-1198.9,-3045,-Inf,-Inf,-Inf,-Inf,-Inf,1659,1659,-265.68,-544.19,-1186.5,-3022.8,-Inf,-Inf,-Inf,-Inf,-Inf
1660,1660,-274.14,-550.77,-1205.7,-3079,-Inf,-Inf,-Inf,-Inf,-Inf,1660,1660,-269.6,-561.59,-1220.3,-Inf,-Inf,-Inf,-Inf,-Inf,-Inf,1660,1660,-269.23,-554.09,-1208,-3079,-Inf,-Inf,-Inf,-Inf,-Inf
1661,1661,-277.84,-560.51,-1227.1,-Inf,-Inf,-Inf,-Inf,-Inf,-Inf,1661,1661,-276.75,-572.17,-1241.5,-Inf,-Inf,-Inf,-Inf,-Inf,-Inf,1661,1661,-276.3,-563.78,-1229.6,-Inf,-Inf,-Inf,-Inf,-Inf,-Inf
1662,1662,-284.84,-570.49,-1248.6,-Inf,-Inf,-Inf,-Inf,-Inf,-Inf,1662,1662,-279.88,-582.56,-1262.7,-Inf,-Inf,-Inf,-Inf,-Inf,-Inf,1662,1662,-279.28,-573.53,-1251.3,-Inf,-Inf,-Inf,-Inf,-Inf,-Inf
1663,1663,-287.82,-580.79,-1270.3,-Inf,-Inf,-Inf,-Inf,-Inf,-Inf,1663,1663,-286.3,-592.56,-1283.9,-Inf,-Inf,-Inf,-Inf,-Inf,-Inf,1663,1663,-286.14,-583.54,-1273.1,-Inf,-Inf,-Inf,-Inf,-Inf,-Inf
1664,1664,-294.79,-591.32,-1292.1,-Inf,-Inf,-Inf,-Inf,-Inf,-Inf,1664,1664,-290.63,-602.28,-1305.1,-Inf,-Inf,-Inf,-Inf,-Inf,-Inf,1664,1664,-289.84,-593.86,-1294.8,-Inf,-Inf,-Inf,-Inf,-Inf,-Inf
1665,1665,-298.32,-601.87,-1313.8,-Inf,-Inf,-Inf,-Inf,-Inf,-Inf,1665,1665,-295.59,-611.99,-1326.5,-Inf,-Inf,-Inf,-Inf,-Inf,-Inf,1665,1665,-295.47,-604.4,-1316.4,-Inf,-Inf,-Inf,-Inf,-Inf,-Inf
1666,1666,-304.15,-612.16,-1335.5,-Inf,-Inf,-Inf,-Inf,-Inf,-Inf,1666,1666,-301.59,-621.92,-1348,-Inf,-Inf,-Inf,-Inf,-Inf,-Inf,1666,1666,-300.76,-614.94,-1337.8,-Inf,-Inf,-Inf,-Inf,-Inf,-Inf
1667,1667,-309.2,-622.06,-1356.9,-Inf,-Inf,-Inf,-Inf,-Inf,-Inf,1667,1667,-305.15,-632.16,-1369.7,-Inf,-Inf,-Inf,-Inf,-Inf,-Inf,1667,1667,-304.87,-625.2,-1359,-Inf,-Inf,-Inf,-Inf,-Inf,-Inf
1668,1668,-313.51,-631.74,-1378.2,-Inf,-Inf,-Inf,-Inf,-Inf,-Inf,1668,1668,-312.22,-642.66,-1391.5,-Inf,-Inf,-Inf,-Inf,-Inf,-Inf,1668,1668,-311.61,-635.07,-1380.2,-Inf,-Inf,-Inf,-Inf,-Inf,-Inf
1669,1669,-320.1,-641.5,-1399.4,-Inf,-Inf,-Inf,-Inf,-Inf,-Inf,1669,1669,-315.19,-653.22,-1413.2,-Inf,-Inf,-Inf,-Inf,-Inf,-Inf,1669,1669,-314.69,-644.75,-1401.3,-Inf,-Inf,-Inf,-Inf,-Inf,-Inf
1670,1670,-323.27,-651.51,-1420.5,-Inf,-Inf,-Inf,-Inf,-Inf,-Inf,1670,1670,-322.07,-663.58,-1434.9,-Inf,-Inf,-Inf,-Inf,-Inf,-Inf,1670,1670,-321.81,-654.52,-1422.6,-Inf,-Inf,-Inf,-Inf,-Inf,-Inf
1671,1671,-330.42,-661.84,-1441.8,-Inf,-Inf,-Inf,-Inf,-Inf,-Inf,1671,1671,-325.75,-673.55,-1456.4,-Inf,-Inf,-Inf,-Inf,-Inf,-Inf,1671,1671,-325.03,-664.56,-1444,-Inf,-Inf,-Inf,-Inf,-Inf,-Inf
1672,1672,-333.54,-672.38,-1463.1,-Inf,-Inf,-Inf,-Inf,-Inf,-Inf,1672,1672,-331.4,-683.25,-1477.7,-Inf,-Inf,-Inf,-Inf,-Inf,-Inf,1672,1672,-331.29,-674.91,-1465.6,-Inf,-Inf,-Inf,-Inf,-Inf,-Inf
1673,1673,-339.97,-682.92,-1484.6,-Inf,-Inf,-Inf,-Inf,-Inf,-Inf,1673,1673,-336.66,-692.97,-1498.8,-Inf,-Inf,-Inf,-Inf,-Inf,-Inf,1673,1673,-335.82,-685.46,-1487.3,-Inf,-Inf,-Inf,-Inf,-Inf,-Inf
1674,1674,-344.28,-693.17,-1506.3,-Inf,-Inf,-Inf,-Inf,-Inf,-Inf,1674,1674,-340.8,-702.93,-1520,-Inf,-Inf,-Inf,-Inf,-Inf,-Inf,1674,1674,-340.6,-695.99,-1509,-Inf,-Inf,-Inf,-Inf,-Inf,-Inf
1675,1675,-349.27,-703.03,-1528,-Inf,-Inf,-Inf,-Inf,-Inf,-Inf,1675,1675,-347.52,-713.2,-1541.2,-Inf,-Inf,-Inf,-Inf,-Inf,-Inf,1675,1675,-346.78,-706.2,-1530.8,-Inf,-Inf,-Inf,-Inf,-Inf,-Inf
1676,1676,-355.24,-712.71,-1549.8,-Inf,-Inf,-Inf,-Inf,-Inf,-Inf,1676,1676,-350.61,-723.72,-1562.5,-Inf,-Inf,-Inf,-Inf,-Inf,-Inf,1676,1676,-350.21,-716.04,-1552.4,-Inf,-Inf,-Inf,-Inf,-Inf,-Inf
1677,1677,-358.82,-722.49,-1571.5,-Inf,-Inf,-Inf,-Inf,-Inf,-Inf,1677,1677,-357.73,-734.28,-1584,-Inf,-Inf,-Inf,-Inf,-Inf,-Inf,1677,1677,-357.33,-725.72,-1573.9,-Inf,-Inf,-Inf,-Inf,-Inf,-Inf
1678,1678,-365.88,-732.53,-1593,-Inf,-Inf,-Inf,-Inf,-Inf,-Inf,1678,1678,-360.94,-744.6,-1605.7,-Inf,-Inf,-Inf,-Inf,-Inf,-Inf,1678,1678,-360.32,-735.51,-1595.1,-Inf,-Inf,-Inf,-Inf,-Inf,-Inf
1679,1679,-368.85,-742.89,-1614.3,-Inf,-Inf,-Inf,-Inf,-Inf,-Inf,1679,1679,-367.23,-754.52,-1627.4,-Inf,-Inf,-Inf,-Inf,-Inf,-Inf,1679,1679,-367.08,-745.58,-1616.3,-Inf,-Inf,-Inf,-Inf,-Inf,-Inf
1680,1680,-375.74,-753.45,-1635.5,-Inf,-Inf,-Inf,-Inf,-Inf,-Inf,1680,1680,-371.73,-764.21,-1649.1,-Inf,-Inf,-Inf,-Inf,-Inf,-Inf,1680,1680,-370.93,-755.96,-1637.5,-Inf,-Inf,-Inf,-Inf,-Inf,-Inf
1681,1681,-379.4,-763.97,-1656.7,-Inf,-Inf,-Inf,-Inf,-Inf,-Inf,1681,1681,-376.53,-773.95,-1670.9,-Inf,-Inf,-Inf,-Inf,-Inf,-Inf,1681,1681,-376.39,-766.53,-1658.7,-Inf,-Inf,-Inf,-Inf,-Inf,-Inf
1682,1682,-385.08,-774.17,-1677.9,-Inf,-Inf,-Inf,-Inf,-Inf,-Inf,1682,1682,-382.68,-783.95,-1692.4,-Inf,-Inf,-Inf,-Inf,-Inf,-Inf,1682,1682,-381.87,-777.03,-1680,-Inf,-Inf,-Inf,-Inf,-Inf,-Inf
1683,1683,-390.31,-784,-1699.2,-Inf,-Inf,-Inf,-Inf,-Inf,-Inf,1683,1683,-386.13,-794.25,-1713.8,-Inf,-Inf,-Inf,-Inf,-Inf,-Inf,1683,1683,-385.83,-787.2,-1701.6,-Inf,-Inf,-Inf,-Inf,-Inf,-Inf
1684,1684,-394.47,-793.68,-1720.6,-Inf,-Inf,-Inf,-Inf,-Inf,-Inf,1684,1684,-393.24,-804.78,-1735,-Inf,-Inf,-Inf,-Inf,-Inf,-Inf,1684,1684,-392.67,-797.01,-1723.2,-Inf,-Inf,-Inf,-Inf,-Inf,-Inf
1685,1685,-401.17,-803.48,-1742.2,-Inf,-Inf,-Inf,-Inf,-Inf,-Inf,1685,1685,-396.23,-815.33,-1756.1,-Inf,-Inf,-Inf,-Inf,-Inf,-Inf,1685,1685,-395.7,-806.69,-1744.9,-Inf,-Inf,-Inf,-Inf,-Inf,-Inf
1686,1686,-404.27,-813.56,-1763.9,-Inf,-Inf,-Inf,-Inf,-Inf,-Inf,1686,1686,-403.01,-825.61,-1777.3,-Inf,-Inf,-Inf,-Inf,-Inf,-Inf,1686,1686,-402.78,-816.51,-1766.7,-Inf,-Inf,-Inf,-Inf,-Inf,-Inf
1687,1687,-411.4,-823.94,-1785.7,-Inf,-Inf,-Inf,-Inf,-Inf,-Inf,1687,1687,-406.83,-835.5,-1798.6,-Inf,-Inf,-Inf,-Inf,-Inf,-Inf,1687,1687,-406.1,-826.61,-1788.4,-Inf,-Inf,-Inf,-Inf,-Inf,-Inf
1688,1688,-414.6,-834.51,-1807.4,-Inf,-Inf,-Inf,-Inf,-Inf,-Inf,1688,1688,-412.33,-845.18,-1820,-Inf,-Inf,-Inf,-Inf,-Inf,-Inf,1688,1688,-412.22,-837.02,-1809.9,-Inf,-Inf,-Inf,-Inf,-Inf,-Inf
1689,1689,-420.9,-845.01,-1829,-Inf,-Inf,-Inf,-Inf,-Inf,-Inf,1689,1689,-417.77,-854.94,-1841.6,-Inf,-Inf,-Inf,-Inf,-Inf,-Inf,1689,1689,-416.93,-847.59,-1831.3,-Inf,-Inf,-Inf,-Inf,-Inf,-Inf
1690,1690,-425.38,-855.17,-1850.4,-Inf,-Inf,-Inf,-Inf,-Inf,-Inf,1690,1690,-421.75,-864.97,-1863.3,-Inf,-Inf,-Inf,-Inf,-Inf,-Inf,1690,1690,-421.54,-858.07,-1852.5,-Inf,-Inf,-Inf,-Inf,-Inf,-Inf
1691,1691,-430.2,-864.97,-1871.7,-Inf,-Inf,-Inf,-Inf,-Inf,-Inf,1691,1691,-428.58,-875.3,-1885.1,-Inf,-Inf,-Inf,-Inf,-Inf,-Inf,1691,1691,-427.87,-868.2,-1873.6,-Inf,-Inf,-Inf,-Inf,-Inf,-Inf
1692,1692,-436.33,-874.65,-1892.8,-Inf,-Inf,-Inf,-Inf,-Inf,-Inf,1692,1692,-431.62,-885.85,-1906.8,-Inf,-Inf,-Inf,-Inf,-Inf,-Inf,1692,1692,-431.2,-877.98,-1894.8,-Inf,-Inf,-Inf,-Inf,-Inf,-Inf
1693,1693,-439.8,-884.47,-1914,-Inf,-Inf,-Inf,-Inf,-Inf,-Inf,1693,1693,-438.71,-896.38,-1928.4,-Inf,-Inf,-Inf,-Inf,-Inf,-Inf,1693,1693,-438.34,-887.66,-1916.1,-Inf,-Inf,-Inf,-Inf,-Inf,-Inf
1694,1694,-446.9,-894.59,-1935.3,-Inf,-Inf,-Inf,-Inf,-Inf,-Inf,1694,1694,-442.01,-906.62,-1949.9,-Inf,-Inf,-Inf,-Inf,-Inf,-Inf,1694,1694,-441.36,-897.5,-1937.6,-Inf,-Inf,-Inf,-Inf,-Inf,-Inf
1695,1695,-449.89,-905,-1956.7,-Inf,-Inf,-Inf,-Inf,-Inf,-Inf,1695,1695,-448.15,-916.47,-1971.1,-Inf,-Inf,-Inf,-Inf,-Inf,-Inf,1695,1695,-448.02,-907.65,-1959.2,-Inf,-Inf,-Inf,-Inf,-Inf,-Inf
1696,1696,-456.69,-915.58,-1978.2,-Inf,-Inf,-Inf,-Inf,-Inf,-Inf,1696,1696,-452.83,-926.15,-1992.3,-Inf,-Inf,-Inf,-Inf,-Inf,-Inf,1696,1696,-452.02,-918.08,-1980.9,-Inf,-Inf,-Inf,-Inf,-Inf,-Inf
1697,1697,-460.48,-926.05,-1999.9,-Inf,-Inf,-Inf,-Inf,-Inf,-Inf,1697,1697,-457.47,-935.93,-2013.5,-Inf,-Inf,-Inf,-Inf,-Inf,-Inf,1697,1697,-457.32,-928.66,-2002.6,-Inf,-Inf,-Inf,-Inf,-Inf,-Inf
1698,1698,-466,-936.17,-2021.6,-Inf,-Inf,-Inf,-Inf,-Inf,-Inf,1698,1698,-463.78,-945.99,-2034.7,-Inf,-Inf,-Inf,-Inf,-Inf,-Inf,1698,1698,-462.97,-939.1,-2024.4,-Inf,-Inf,-Inf,-Inf,-Inf,-Inf
1699,1699,-471.42,-945.94,-2043.4,-Inf,-Inf,-Inf,-Inf,-Inf,-Inf,1699,1699,-467.12,-956.35,-2056.1,-Inf,-Inf,-Inf,-Inf,-Inf,-Inf,1699,1699,-466.79,-949.19,-2045.9,-Inf,-Inf,-Inf,-Inf,-Inf,-Inf
1700,1700,-475.42,-955.62,-2065,-Inf,-Inf,-Inf,-Inf,-Inf,-Inf,1700,1700,-474.26,-966.92,-2077.6,-Inf,-Inf,-Inf,-Inf,-Inf,-Inf,1700,1700,-473.72,-958.94,-2067.4,-Inf,-Inf,-Inf,-Inf,-Inf,-Inf
1701,1701,-482.24,-965.47,-2086.5,-Inf,-Inf,-Inf,-Inf,-Inf,-Inf,1701,1701,-477.27,-977.43,-2099.3,-Inf,-Inf,-Inf,-Inf,-Inf,-Inf,1701,1701,-476.72,-968.63,-2088.6,-Inf,-Inf,-Inf,-Inf,-Inf,-Inf
1702,1702,-485.28,-975.62,-2107.8,-Inf,-Inf,-Inf,-Inf,-Inf,-Inf,1702,1702,-483.95,-987.62,-2121,-Inf,-Inf,-Inf,-Inf,-Inf,-Inf,1702,1702,-483.75,-978.51,-2109.8,-Inf,-Inf,-Inf,-Inf,-Inf,-Inf
1703,1703,-492.38,-986.06,-2129,-Inf,-Inf,-Inf,-Inf,-Inf,-Inf,1703,1703,-487.93,-997.44,-2142.8,-Inf,-Inf,-Inf,-Inf,-Inf,-Inf,1703,1703,-487.17,-988.68,-2130.9,-Inf,-Inf,-Inf,-Inf,-Inf,-Inf
1704,1704,-495.66,-996.64,-2150.1,-Inf,-Inf,-Inf,-Inf,-Inf,-Inf,1704,1704,-493.25,-1007.1,-2164.4,-Inf,-Inf,-Inf,-Inf,-Inf,-Inf,1704,1704,-493.14,-999.14,-2152.2,-Inf,-Inf,-Inf,-Inf,-Inf,-Inf
1705,1705,-501.82,-1007.1,-2171.4,-Inf,-Inf,-Inf,-Inf,-Inf,-Inf,1705,1705,-498.87,-1016.9,-2185.9,-Inf,-Inf,-Inf,-Inf,-Inf,-Inf,1705,1705,-498.03,-1009.7,-2173.6,-Inf,-Inf,-Inf,-Inf,-Inf,-Inf
1706,1706,-506.48,-1017.2,-2192.7,-Inf,-Inf,-Inf,-Inf,-Inf,-Inf,1706,1706,-502.72,-1027,-2207.3,-Inf,-Inf,-Inf,-Inf,-Inf,-Inf,1706,1706,-502.48,-1020.1,-2195.1,-Inf,-Inf,-Inf,-Inf,-Inf,-Inf
1707,1707,-511.14,-1026.9,-2214.2,-Inf,-Inf,-Inf,-Inf,-Inf,-Inf,1707,1707,-509.64,-1037.4,-2228.5,-Inf,-Inf,-Inf,-Inf,-Inf,-Inf,1707,1707,-508.95,-1030.2,-2216.8,-Inf,-Inf,-Inf,-Inf,-Inf,-Inf
1708,1708,-517.43,-1036.6,-2235.8,-Inf,-Inf,-Inf,-Inf,-Inf,-Inf,1708,1708,-512.64,-1048,-2249.6,-Inf,-Inf,-Inf,-Inf,-Inf,-Inf,1708,1708,-512.19,-1039.9,-2238.6,-Inf,-Inf,-Inf,-Inf,-Inf,-Inf
1709,1709,-520.78,-1046.5,-2257.6,-Inf,-Inf,-Inf,-Inf,-Inf,-Inf,1709,1709,-519.68,-1058.5,-2270.8,-Inf,-Inf,-Inf,-Inf,-Inf,-Inf,1709,1709,-519.34,-1049.6,-2260.3,-Inf,-Inf,-Inf,-Inf,-Inf,-Inf
1710,1710,-527.92,-1056.7,-2279.3,-Inf,-Inf,-Inf,-Inf,-Inf,-Inf,1710,1710,-523.08,-1068.6,-2292.1,-Inf,-Inf,-Inf,-Inf,-Inf,-Inf,1710,1710,-522.41,-1059.5,-2282,-Inf,-Inf,-Inf,-Inf,-Inf,-Inf
1711,1711,-530.93,-1067.1,-2301,-Inf,-Inf,-Inf,-Inf,-Inf,-Inf,1711,1711,-529.07,-1078.4,-2313.6,-Inf,-Inf,-Inf,-Inf,-Inf,-Inf,1711,1711,-528.96,-1069.7,-2303.4,-Inf,-Inf,-Inf,-Inf,-Inf,-Inf
1712,1712,-537.63,-1077.7,-2322.6,-Inf,-Inf,-Inf,-Inf,-Inf,-Inf,1712,1712,-533.94,-1088.1,-2335.2,-Inf,-Inf,-Inf,-Inf,-Inf,-Inf,1712,1712,-533.11,-1080.2,-2324.7,-Inf,-Inf,-Inf,-Inf,-Inf,-Inf
1713,1713,-541.57,-1088.1,-2343.9,-Inf,-Inf,-Inf,-Inf,-Inf,-Inf,1713,1713,-538.41,-1097.9,-2356.9,-Inf,-Inf,-Inf,-Inf,-Inf,-Inf,1713,1713,-538.25,-1090.8,-2345.9,-Inf,-Inf,-Inf,-Inf,-Inf,-Inf
1714,1714,-546.93,-1098.1,-2365.1,-Inf,-Inf,-Inf,-Inf,-Inf,-Inf,1714,1714,-544.86,-1108,-2378.7,-Inf,-Inf,-Inf,-Inf,-Inf,-Inf,1714,1714,-544.07,-1101.2,-2367.1,-Inf,-Inf,-Inf,-Inf,-Inf,-Inf
1715,1715,-552.52,-1107.9,-2386.3,-Inf,-Inf,-Inf,-Inf,-Inf,-Inf,1715,1715,-548.11,-1118.5,-2400.4,-Inf,-Inf,-Inf,-Inf,-Inf,-Inf,1715,1715,-547.76,-1111.2,-2388.3,-Inf,-Inf,-Inf,-Inf,-Inf,-Inf
1716,1716,-556.39,-1117.6,-2407.5,-Inf,-Inf,-Inf,-Inf,-Inf,-Inf,1716,1716,-555.26,-1129,-2422,-Inf,-Inf,-Inf,-Inf,-Inf,-Inf,1716,1716,-554.77,-1120.9,-2409.6,-Inf,-Inf,-Inf,-Inf,-Inf,-Inf
1717,1717,-563.29,-1127.5,-2428.8,-Inf,-Inf,-Inf,-Inf,-Inf,-Inf,1717,1717,-558.32,-1139.5,-2443.4,-Inf,-Inf,-Inf,-Inf,-Inf,-Inf,1717,1717,-557.75,-1130.6,-2431.1,-Inf,-Inf,-Inf,-Inf,-Inf,-Inf
1718,1718,-566.3,-1137.7,-2450.2,-Inf,-Inf,-Inf,-Inf,-Inf,-Inf,1718,1718,-564.89,-1149.6,-2464.6,-Inf,-Inf,-Inf,-Inf,-Inf,-Inf,1718,1718,-564.71,-1140.5,-2452.7,-Inf,-Inf,-Inf,-Inf,-Inf,-Inf
1719,1719,-573.34,-1148.2,-2471.8,-Inf,-Inf,-Inf,-Inf,-Inf,-Inf,1719,1719,-569.02,-1159.4,-2485.8,-Inf,-Inf,-Inf,-Inf,-Inf,-Inf,1719,1719,-568.25,-1150.8,-2474.5,-Inf,-Inf,-Inf,-Inf,-Inf,-Inf
1720,1720,-576.73,-1158.8,-2493.5,-Inf,-Inf,-Inf,-Inf,-Inf,-Inf,1720,1720,-574.18,-1169.1,-2506.9,-Inf,-Inf,-Inf,-Inf,-Inf,-Inf,1720,1720,-574.06,-1161.3,-2496.2,-Inf,-Inf,-Inf,-Inf,-Inf,-Inf
1721,1721,-582.75,-1169.1,-2515.2,-Inf,-Inf,-Inf,-Inf,-Inf,-Inf,1721,1721,-579.98,-1178.9,-2528.2,-Inf,-Inf,-Inf,-Inf,-Inf,-Inf,1721,1721,-579.14,-1171.8,-2517.9,-Inf,-Inf,-Inf,-Inf,-Inf,-Inf
1722,1722,-587.59,-1179.1,-2537,-Inf,-Inf,-Inf,-Inf,-Inf,-Inf,1722,1722,-583.69,-1189.1,-2549.6,-Inf,-Inf,-Inf,-Inf,-Inf,-Inf,1722,1722,-583.43,-1182.2,-2539.5,-Inf,-Inf,-Inf,-Inf,-Inf,-Inf
1723,1723,-592.08,-1188.8,-2558.6,-Inf,-Inf,-Inf,-Inf,-Inf,-Inf,1723,1723,-590.68,-1199.5,-2571.2,-Inf,-Inf,-Inf,-Inf,-Inf,-Inf,1723,1723,-590.03,-1192.1,-2560.8,-Inf,-Inf,-Inf,-Inf,-Inf,-Inf
1724,1724,-598.51,-1198.6,-2580,-Inf,-Inf,-Inf,-Inf,-Inf,-Inf,1724,1724,-593.66,-1210.1,-2592.9,-Inf,-Inf,-Inf,-Inf,-Inf,-Inf,1724,1724,-593.19,-1201.8,-2582.1,-Inf,-Inf,-Inf,-Inf,-Inf,-Inf
1725,1725,-601.77,-1208.5,-2601.3,-Inf,-Inf,-Inf,-Inf,-Inf,-Inf,1725,1725,-600.63,-1220.5,-2614.6,-Inf,-Inf,-Inf,-Inf,-Inf,-Inf,1725,1725,-600.34,-1211.6,-2603.2,-Inf,-Inf,-Inf,-Inf,-Inf,-Inf
1726,1726,-608.93,-1218.7,-2622.4,-Inf,-Inf,-Inf,-Inf,-Inf,-Inf,1726,1726,-604.16,-1230.6,-2636.4,-Inf,-Inf,-Inf,-Inf,-Inf,-Inf,1726,1726,-603.47,-1221.5,-2624.4,-Inf,-Inf,-Inf,-Inf,-Inf,-Inf
1727,1727,-611.98,-1229.2,-2643.6,-Inf,-Inf,-Inf,-Inf,-Inf,-Inf,1727,1727,-610,-1240.3,-2658,-Inf,-Inf,-Inf,-Inf,-Inf,-Inf,1727,1727,-609.88,-1231.8,-2645.7,-Inf,-Inf,-Inf,-Inf,-Inf,-Inf
1728,1728,-618.56,-1239.8,-2664.8,-Inf,-Inf,-Inf,-Inf,-Inf,-Inf,1728,1728,-615.04,-1250,-2679.5,-Inf,-Inf,-Inf,-Inf,-Inf,-Inf,1728,1728,-614.21,-1242.3,-2667.1,-Inf,-Inf,-Inf,-Inf,-Inf,-Inf
1729,1729,-622.67,-1250.2,-2686.2,-Inf,-Inf,-Inf,-Inf,-Inf,-Inf,1729,1729,-619.36,-1259.9,-2700.7,-Inf,-Inf,-Inf,-Inf,-Inf,-Inf,1729,1729,-619.18,-1252.9,-2688.7,-Inf,-Inf,-Inf,-Inf,-Inf,-Inf
1730,1730,-627.85,-1260.1,-2707.8,-Inf,-Inf,-Inf,-Inf,-Inf,-Inf,1730,1730,-625.94,-1270.1,-2721.9,-Inf,-Inf,-Inf,-Inf,-Inf,-Inf,1730,1730,-625.17,-1263.2,-2710.4,-Inf,-Inf,-Inf,-Inf,-Inf,-Inf
1731,1731,-633.63,-1269.8,-2729.4,-Inf,-Inf,-Inf,-Inf,-Inf,-Inf,1731,1731,-629.11,-1280.6,-2743.1,-Inf,-Inf,-Inf,-Inf,-Inf,-Inf,1731,1731,-628.74,-1273.1,-2732.2,-Inf,-Inf,-Inf,-Inf,-Inf,-Inf
1732,1732,-637.35,-1279.5,-2751.2,-Inf,-Inf,-Inf,-Inf,-Inf,-Inf,1732,1732,-636.26,-1291.2,-2764.3,-Inf,-Inf,-Inf,-Inf,-Inf,-Inf,1732,1732,-635.8,-1282.8,-2753.9,-Inf,-Inf,-Inf,-Inf,-Inf,-Inf
1733,1733,-644.34,-1289.5,-2772.9,-Inf,-Inf,-Inf,-Inf,-Inf,-Inf,1733,1733,-639.38,-1301.6,-2785.7,-Inf,-Inf,-Inf,-Inf,-Inf,-Inf,1733,1733,-638.78,-1292.6,-2775.5,-Inf,-Inf,-Inf,-Inf,-Inf,-Inf
1734,1734,-647.32,-1299.8,-2794.6,-Inf,-Inf,-Inf,-Inf,-Inf,-Inf,1734,1734,-645.82,-1311.6,-2807.2,-Inf,-Inf,-Inf,-Inf,-Inf,-Inf,1734,1734,-645.66,-1302.6,-2796.9,-Inf,-Inf,-Inf,-Inf,-Inf,-Inf
1735,1735,-654.3,-1310.3,-2816.1,-Inf,-Inf,-Inf,-Inf,-Inf,-Inf,1735,1735,-650.12,-1321.3,-2828.8,-Inf,-Inf,-Inf,-Inf,-Inf,-Inf,1735,1735,-649.33,-1312.9,-2818.2,-Inf,-Inf,-Inf,-Inf,-Inf,-Inf
1736,1736,-657.81,-1320.9,-2837.4,-Inf,-Inf,-Inf,-Inf,-Inf,-Inf,1736,1736,-655.11,-1331,-2850.5,-Inf,-Inf,-Inf,-Inf,-Inf,-Inf,1736,1736,-654.99,-1323.4,-2839.4,-Inf,-Inf,-Inf,-Inf,-Inf,-Inf
1737,1737,-663.67,-1331.2,-2858.6,-Inf,-Inf,-Inf,-Inf,-Inf,-Inf,1737,1737,-661.08,-1340.9,-2872.3,-Inf,-Inf,-Inf,-Inf,-Inf,-Inf,1737,1737,-660.25,-1333.9,-2860.5,-Inf,-Inf,-Inf,-Inf,-Inf,-Inf
1738,1738,-668.69,-1341.1,-2879.7,-Inf,-Inf,-Inf,-Inf,-Inf,-Inf,1738,1738,-664.66,-1351.2,-2894,-Inf,-Inf,-Inf,-Inf,-Inf,-Inf,1738,1738,-664.38,-1344.2,-2881.8,-Inf,-Inf,-Inf,-Inf,-Inf,-Inf
1739,1739,-673.03,-1350.8,-2900.9,-Inf,-Inf,-Inf,-Inf,-Inf,-Inf,1739,1739,-671.72,-1361.7,-2915.5,-Inf,-Inf,-Inf,-Inf,-Inf,-Inf,1739,1739,-671.1,-1354.1,-2903.2,-Inf,-Inf,-Inf,-Inf,-Inf,-Inf
1740,1740,-679.59,-1360.5,-2922.3,-Inf,-Inf,-Inf,-Inf,-Inf,-Inf,1740,1740,-674.69,-1372.2,-2936.9,-Inf,-Inf,-Inf,-Inf,-Inf,-Inf,1740,1740,-674.19,-1363.8,-2924.7,-Inf,-Inf,-Inf,-Inf,-Inf,-Inf
1741,1741,-682.77,-1370.5,-2943.8,-Inf,-Inf,-Inf,-Inf,-Inf,-Inf,1741,1741,-681.59,-1382.6,-2958.1,-Inf,-Inf,-Inf,-Inf,-Inf,-Inf,1741,1741,-681.32,-1373.5,-2946.3,-Inf,-Inf,-Inf,-Inf,-Inf,-Inf
1742,1742,-689.92,-1380.8,-2965.4,-Inf,-Inf,-Inf,-Inf,-Inf,-Inf,1742,1742,-685.24,-1392.6,-2979.2,-Inf,-Inf,-Inf,-Inf,-Inf,-Inf,1742,1742,-684.53,-1383.6,-2968.1,-Inf,-Inf,-Inf,-Inf,-Inf,-Inf
1743,1743,-693.03,-1391.4,-2987.1,-Inf,-Inf,-Inf,-Inf,-Inf,-Inf,1743,1743,-690.92,-1402.3,-3000.4,-Inf,-Inf,-Inf,-Inf,-Inf,-Inf,1743,1743,-690.81,-1393.9,-2989.9,-Inf,-Inf,-Inf,-Inf,-Inf,-Inf
1744,1744,-699.49,-1401.9,-3008.9,-Inf,-Inf,-Inf,-Inf,-Inf,-Inf,1744,1744,-696.15,-1412,-3021.7,-Inf,-Inf,-Inf,-Inf,-Inf,-Inf,1744,1744,-695.31,-1404.5,-3011.5,-Inf,-Inf,-Inf,-Inf,-Inf,-Inf
1745,1745,-703.77,-1412.2,-3030.6,-Inf,-Inf,-Inf,-Inf,-Inf,-Inf,1745,1745,-700.31,-1421.9,-3043.2,-Inf,-Inf,-Inf,-Inf,-Inf,-Inf,1745,1745,-700.12,-1415,-3033,-Inf,-Inf,-Inf,-Inf,-Inf,-Inf
1746,1746,-708.79,-1422.1,-3052.1,-Inf,-Inf,-Inf,-Inf,-Inf,-Inf,1746,1746,-707.01,-1432.2,-3064.7,-Inf,-Inf,-Inf,-Inf,-Inf,-Inf,1746,1746,-706.27,-1425.2,-3054.3,-Inf,-Inf,-Inf,-Inf,-Inf,-Inf
1747,1747,-714.73,-1431.7,-3073.5,-Inf,-Inf,-Inf,-Inf,-Inf,-Inf,1747,1747,-710.11,-1442.7,-3085,-Inf,-Inf,-Inf,-Inf,-Inf,-Inf,1747,1747,-709.72,-1435.1,-3075.5,-Inf,-Inf,-Inf,-Inf,-Inf,-Inf
1748,1748,-718.33,-1441.5,-Inf,-Inf,-Inf,-Inf,-Inf,-Inf,-Inf,1748,1748,-717.24,-1453.3,-Inf,-Inf,-Inf,-Inf,-Inf,-Inf,-Inf,1748,1748,-716.83,-1444.7,-Inf,-Inf,-Inf,-Inf,-Inf,-Inf,-Inf
1749,1749,-725.38,-1451.5,-Inf,-Inf,-Inf,-Inf,-Inf,-Inf,-Inf,1749,1749,-720.44,-1463.6,-Inf,-Inf,-Inf,-Inf,-Inf,-Inf,-Inf,1749,1749,-719.81,-1454.5,-Inf,-Inf,-Inf,-Inf,-Inf,-Inf,-Inf
1750,1750,-728.35,-1461.9,-Inf,-Inf,-Inf,-Inf,-Inf,-Inf,-Inf,1750,1750,-726.74,-1473.6,-Inf,-Inf,-Inf,-Inf,-Inf,-Inf,-Inf,1750,1750,-726.6,-1464.6,-Inf,-Inf,-Inf,-Inf,-Inf,-Inf,-Inf
1751,1751,-735.26,-1472.4,-Inf,-Inf,-Inf,-Inf,-Inf,-Inf,-Inf,1751,1751,-731.22,-1483.2,-Inf,-Inf,-Inf,-Inf,-Inf,-Inf,-Inf,1751,1751,-730.42,-1475,-Inf,-Inf,-Inf,-Inf,-Inf,-Inf,-Inf
1752,1752,-738.89,-1483,-Inf,-Inf,-Inf,-Inf,-Inf,-Inf,-Inf,1752,1752,-736.05,-1493,-Inf,-Inf,-Inf,-Inf,-Inf,-Inf,-Inf,1752,1752,-735.91,-1485.5,-Inf,-Inf,-Inf,-Inf,-Inf,-Inf,-Inf
1753,1753,-744.59,-1493.2,-Inf,-Inf,-Inf,-Inf,-Inf,-Inf,-Inf,1753,1753,-742.17,-1503,-Inf,-Inf,-Inf,-Inf,-Inf,-Inf,-Inf,1753,1753,-741.35,-1496,-Inf,-Inf,-Inf,-Inf,-Inf,-Inf,-Inf
1754,1754,-749.8,-1503,-Inf,-Inf,-Inf,-Inf,-Inf,-Inf,-Inf,1754,1754,-745.64,-1513.3,-Inf,-Inf,-Inf,-Inf,-Inf,-Inf,-Inf,1754,1754,-745.34,-1506.2,-Inf,-Inf,-Inf,-Inf,-Inf,-Inf,-Inf
1755,1755,-753.98,-1512.7,-Inf,-Inf,-Inf,-Inf,-Inf,-Inf,-Inf,1755,1755,-752.75,-1523.8,-Inf,-Inf,-Inf,-Inf,-Inf,-Inf,-Inf,1755,1755,-752.17,-1516,-Inf,-Inf,-Inf,-Inf,-Inf,-Inf,-Inf
1756,1756,-760.67,-1522.5,-Inf,-Inf,-Inf,-Inf,-Inf,-Inf,-Inf,1756,1756,-755.73,-1534.3,-Inf,-Inf,-Inf,-Inf,-Inf,-Inf,-Inf,1756,1756,-755.21,-1525.7,-Inf,-Inf,-Inf,-Inf,-Inf,-Inf,-Inf
1757,1757,-763.78,-1532.6,-Inf,-Inf,-Inf,-Inf,-Inf,-Inf,-Inf,1757,1757,-762.53,-1544.6,-Inf,-Inf,-Inf,-Inf,-Inf,-Inf,-Inf,1757,1757,-762.3,-1535.5,-Inf,-Inf,-Inf,-Inf,-Inf,-Inf,-Inf
1758,1758,-770.91,-1542.9,-Inf,-Inf,-Inf,-Inf,-Inf,-Inf,-Inf,1758,1758,-766.33,-1554.5,-Inf,-Inf,-Inf,-Inf,-Inf,-Inf,-Inf,1758,1758,-765.59,-1545.6,-Inf,-Inf,-Inf,-Inf,-Inf,-Inf,-Inf
1759,1759,-774.09,-1553.5,-Inf,-Inf,-Inf,-Inf,-Inf,-Inf,-Inf,1759,1759,-771.84,-1564.2,-Inf,-Inf,-Inf,-Inf,-Inf,-Inf,-Inf,1759,1759,-771.74,-1556,-Inf,-Inf,-Inf,-Inf,-Inf,-Inf,-Inf
1760,1760,-780.42,-1564,-Inf,-Inf,-Inf,-Inf,-Inf,-Inf,-Inf,1760,1760,-777.26,-1574,-Inf,-Inf,-Inf,-Inf,-Inf,-Inf,-Inf,1760,1760,-776.42,-1566.6,-Inf,-Inf,-Inf,-Inf,-Inf,-Inf,-Inf
1761,1761,-784.87,-1574.2,-Inf,-Inf,-Inf,-Inf,-Inf,-Inf,-Inf,1761,1761,-781.27,-1584,-Inf,-Inf,-Inf,-Inf,-Inf,-Inf,-Inf,1761,1761,-781.05,-1577.1,-Inf,-Inf,-Inf,-Inf,-Inf,-Inf,-Inf
1762,1762,-789.72,-1584,-Inf,-Inf,-Inf,-Inf,-Inf,-Inf,-Inf,1762,1762,-788.08,-1594.3,-Inf,-Inf,-Inf,-Inf,-Inf,-Inf,-Inf,1762,1762,-787.36,-1587.2,-Inf,-Inf,-Inf,-Inf,-Inf,-Inf,-Inf
1763,1763,-795.82,-1593.7,-Inf,-Inf,-Inf,-Inf,-Inf,-Inf,-Inf,1763,1763,-791.12,-1604.8,-Inf,-Inf,-Inf,-Inf,-Inf,-Inf,-Inf,1763,1763,-790.7,-1597,-Inf,-Inf,-Inf,-Inf,-Inf,-Inf,-Inf
1764,1764,-799.31,-1603.5,-Inf,-Inf,-Inf,-Inf,-Inf,-Inf,-Inf,1764,1764,-798.22,-1615.4,-Inf,-Inf,-Inf,-Inf,-Inf,-Inf,-Inf,1764,1764,-797.84,-1606.7,-Inf,-Inf,-Inf,-Inf,-Inf,-Inf,-Inf
1765,1765,-806.41,-1613.6,-Inf,-Inf,-Inf,-Inf,-Inf,-Inf,-Inf,1765,1765,-801.5,-1625.6,-Inf,-Inf,-Inf,-Inf,-Inf,-Inf,-Inf,1765,1765,-800.86,-1616.5,-Inf,-Inf,-Inf,-Inf,-Inf,-Inf,-Inf
1766,1766,-809.39,-1624,-Inf,-Inf,-Inf,-Inf,-Inf,-Inf,-Inf,1766,1766,-807.67,-1635.5,-Inf,-Inf,-Inf,-Inf,-Inf,-Inf,-Inf,1766,1766,-807.54,-1626.7,-Inf,-Inf,-Inf,-Inf,-Inf,-Inf,-Inf
1767,1767,-816.2,-1634.6,-Inf,-Inf,-Inf,-Inf,-Inf,-Inf,-Inf,1767,1767,-812.32,-1645.2,-Inf,-Inf,-Inf,-Inf,-Inf,-Inf,-Inf,1767,1767,-811.51,-1637.1,-Inf,-Inf,-Inf,-Inf,-Inf,-Inf,-Inf
1768,1768,-819.98,-1645.1,-Inf,-Inf,-Inf,-Inf,-Inf,-Inf,-Inf,1768,1768,-816.98,-1655,-Inf,-Inf,-Inf,-Inf,-Inf,-Inf,-Inf,1768,1768,-816.84,-1647.7,-Inf,-Inf,-Inf,-Inf,-Inf,-Inf,-Inf
1769,1769,-825.52,-1655.2,-Inf,-Inf,-Inf,-Inf,-Inf,-Inf,-Inf,1769,1769,-823.27,-1665,-Inf,-Inf,-Inf,-Inf,-Inf,-Inf,-Inf,1769,1769,-822.46,-1658.1,-Inf,-Inf,-Inf,-Inf,-Inf,-Inf,-Inf
1770,1770,-830.91,-1665,-Inf,-Inf,-Inf,-Inf,-Inf,-Inf,-Inf,1770,1770,-826.63,-1675.4,-Inf,-Inf,-Inf,-Inf,-Inf,-Inf,-Inf,1770,1770,-826.3,-1668.2,-Inf,-Inf,-Inf,-Inf,-Inf,-Inf,-Inf
1771,1771,-834.94,-1674.7,-Inf,-Inf,-Inf,-Inf,-Inf,-Inf,-Inf,1771,1771,-833.76,-1685.9,-Inf,-Inf,-Inf,-Inf,-Inf,-Inf,-Inf,1771,1771,-833.22,-1678,-Inf,-Inf,-Inf,-Inf,-Inf,-Inf,-Inf
1772,1772,-841.73,-1684.5,-Inf,-Inf,-Inf,-Inf,-Inf,-Inf,-Inf,1772,1772,-836.77,-1696.4,-Inf,-Inf,-Inf,-Inf,-Inf,-Inf,-Inf,1772,1772,-836.22,-1687.7,-Inf,-Inf,-Inf,-Inf,-Inf,-Inf,-Inf
1773,1773,-844.79,-1694.6,-Inf,-Inf,-Inf,-Inf,-Inf,-Inf,-Inf,1773,1773,-843.47,-1706.6,-Inf,-Inf,-Inf,-Inf,-Inf,-Inf,-Inf,1773,1773,-843.26,-1697.5,-Inf,-Inf,-Inf,-Inf,-Inf,-Inf,-Inf
1774,1774,-851.89,-1705.1,-Inf,-Inf,-Inf,-Inf,-Inf,-Inf,-Inf,1774,1774,-847.42,-1716.5,-Inf,-Inf,-Inf,-Inf,-Inf,-Inf,-Inf,1774,1774,-846.66,-1707.7,-Inf,-Inf,-Inf,-Inf,-Inf,-Inf,-Inf
1775,1775,-855.16,-1715.6,-Inf,-Inf,-Inf,-Inf,-Inf,-Inf,-Inf,1775,1775,-852.77,-1726.1,-Inf,-Inf,-Inf,-Inf,-Inf,-Inf,-Inf,1775,1775,-852.66,-1718.1,-Inf,-Inf,-Inf,-Inf,-Inf,-Inf,-Inf
1776,1776,-861.34,-1726.1,-Inf,-Inf,-Inf,-Inf,-Inf,-Inf,-Inf,1776,1776,-858.36,-1735.9,-Inf,-Inf,-Inf,-Inf,-Inf,-Inf,-Inf,1776,1776,-857.52,-1728.7,-Inf,-Inf,-Inf,-Inf,-Inf,-Inf,-Inf
1777,1777,-865.97,-1736.2,-Inf,-Inf,-Inf,-Inf,-Inf,-Inf,-Inf,1777,1777,-862.23,-1746,-Inf,-Inf,-Inf,-Inf,-Inf,-Inf,-Inf,1777,1777,-862,-1739.1,-Inf,-Inf,-Inf,-Inf,-Inf,-Inf,-Inf
1778,1778,-870.66,-1745.9,-Inf,-Inf,-Inf,-Inf,-Inf,-Inf,-Inf,1778,1778,-869.14,-1756.4,-Inf,-Inf,-Inf,-Inf,-Inf,-Inf,-Inf,1778,1778,-868.45,-1749.2,-Inf,-Inf,-Inf,-Inf,-Inf,-Inf,-Inf
1779,1779,-876.92,-1755.6,-Inf,-Inf,-Inf,-Inf,-Inf,-Inf,-Inf,1779,1779,-872.14,-1767,-Inf,-Inf,-Inf,-Inf,-Inf,-Inf,-Inf,1779,1779,-871.7,-1758.9,-Inf,-Inf,-Inf,-Inf,-Inf,-Inf,-Inf
1780,1780,-880.29,-1765.5,-Inf,-Inf,-Inf,-Inf,-Inf,-Inf,-Inf,1780,1780,-879.19,-1777.5,-Inf,-Inf,-Inf,-Inf,-Inf,-Inf,-Inf,1780,1780,-878.85,-1768.6,-Inf,-Inf,-Inf,-Inf,-Inf,-Inf,-Inf
1781,1781,-887.42,-1775.7,-Inf,-Inf,-Inf,-Inf,-Inf,-Inf,-Inf,1781,1781,-882.57,-1787.6,-Inf,-Inf,-Inf,-Inf,-Inf,-Inf,-Inf,1781,1781,-881.91,-1778.5,-Inf,-Inf,-Inf,-Inf,-Inf,-Inf,-Inf
1782,1782,-890.43,-1786.1,-Inf,-Inf,-Inf,-Inf,-Inf,-Inf,-Inf,1782,1782,-888.59,-1797.4,-Inf,-Inf,-Inf,-Inf,-Inf,-Inf,-Inf,1782,1782,-888.47,-1788.7,-Inf,-Inf,-Inf,-Inf,-Inf,-Inf,-Inf
1783,1783,-897.14,-1796.7,-Inf,-Inf,-Inf,-Inf,-Inf,-Inf,-Inf,1783,1783,-893.43,-1807.1,-Inf,-Inf,-Inf,-Inf,-Inf,-Inf,-Inf,1783,1783,-892.6,-1799.2,-Inf,-Inf,-Inf,-Inf,-Inf,-Inf,-Inf
1784,1784,-901.07,-1807.1,-Inf,-Inf,-Inf,-Inf,-Inf,-Inf,-Inf,1784,1784,-897.93,-1816.9,-Inf,-Inf,-Inf,-Inf,-Inf,-Inf,-Inf,1784,1784,-897.77,-1809.8,-Inf,-Inf,-Inf,-Inf,-Inf,-Inf,-Inf
1785,1785,-906.44,-1817.2,-Inf,-Inf,-Inf,-Inf,-Inf,-Inf,-Inf,1785,1785,-904.35,-1827.1,-Inf,-Inf,-Inf,-Inf,-Inf,-Inf,-Inf,1785,1785,-903.56,-1820.2,-Inf,-Inf,-Inf,-Inf,-Inf,-Inf,-Inf
1786,1786,-912.01,-1826.9,-Inf,-Inf,-Inf,-Inf,-Inf,-Inf,-Inf,1786,1786,-907.62,-1837.5,-Inf,-Inf,-Inf,-Inf,-Inf,-Inf,-Inf,1786,1786,-907.27,-1830.2,-Inf,-Inf,-Inf,-Inf,-Inf,-Inf,-Inf
1787,1787,-915.9,-1836.6,-Inf,-Inf,-Inf,-Inf,-Inf,-Inf,-Inf,1787,1787,-914.77,-1848,-Inf,-Inf,-Inf,-Inf,-Inf,-Inf,-Inf,1787,1787,-914.27,-1839.9,-Inf,-Inf,-Inf,-Inf,-Inf,-Inf,-Inf
1788,1788,-922.79,-1846.5,-Inf,-Inf,-Inf,-Inf,-Inf,-Inf,-Inf,1788,1788,-917.82,-1858.5,-Inf,-Inf,-Inf,-Inf,-Inf,-Inf,-Inf,1788,1788,-917.25,-1849.6,-Inf,-Inf,-Inf,-Inf,-Inf,-Inf,-Inf
1789,1789,-925.8,-1856.7,-Inf,-Inf,-Inf,-Inf,-Inf,-Inf,-Inf,1789,1789,-924.4,-1868.6,-Inf,-Inf,-Inf,-Inf,-Inf,-Inf,-Inf,1789,1789,-924.22,-1859.5,-Inf,-Inf,-Inf,-Inf,-Inf,-Inf,-Inf
1790,1790,-932.86,-1867.2,-Inf,-Inf,-Inf,-Inf,-Inf,-Inf,-Inf,1790,1790,-928.51,-1878.4,-Inf,-Inf,-Inf,-Inf,-Inf,-Inf,-Inf,1790,1790,-927.74,-1869.8,-Inf,-Inf,-Inf,-Inf,-Inf,-Inf,-Inf
1791,1791,-936.23,-1877.8,-Inf,-Inf,-Inf,-Inf,-Inf,-Inf,-Inf,1791,1791,-933.7,-1888.1,-Inf,-Inf,-Inf,-Inf,-Inf,-Inf,-Inf,1791,1791,-933.58,-1880.3,-Inf,-Inf,-Inf,-Inf,-Inf,-Inf,-Inf
1792,1792,-942.27,-1888.1,-Inf,-Inf,-Inf,-Inf,-Inf,-Inf,-Inf,1792,1792,-939.47,-1897.9,-Inf,-Inf,-Inf,-Inf,-Inf,-Inf,-Inf,1792,1792,-938.63,-1890.8,-Inf,-Inf,-Inf,-Inf,-Inf,-Inf,-Inf
1793,1793,-947.07,-1898.2,-Inf,-Inf,-Inf,-Inf,-Inf,-Inf,-Inf,1793,1793,-943.2,-1908.1,-Inf,-Inf,-Inf,-Inf,-Inf,-Inf,-Inf,1793,1793,-942.94,-1901.2,-Inf,-Inf,-Inf,-Inf,-Inf,-Inf,-Inf
1794,1794,-951.6,-1907.9,-Inf,-Inf,-Inf,-Inf,-Inf,-Inf,-Inf,1794,1794,-950.18,-1918.5,-Inf,-Inf,-Inf,-Inf,-Inf,-Inf,-Inf,1794,1794,-949.53,-1911.2,-Inf,-Inf,-Inf,-Inf,-Inf,-Inf,-Inf
1795,1795,-958,-1917.6,-Inf,-Inf,-Inf,-Inf,-Inf,-Inf,-Inf,1795,1795,-953.16,-1929.1,-Inf,-Inf,-Inf,-Inf,-Inf,-Inf,-Inf,1795,1795,-952.69,-1920.9,-Inf,-Inf,-Inf,-Inf,-Inf,-Inf,-Inf
1796,1796,-961.28,-1927.5,-Inf,-Inf,-Inf,-Inf,-Inf,-Inf,-Inf,1796,1796,-960.15,-1939.5,-Inf,-Inf,-Inf,-Inf,-Inf,-Inf,-Inf,1796,1796,-959.84,-1930.6,-Inf,-Inf,-Inf,-Inf,-Inf,-Inf,-Inf
1797,1797,-968.43,-1937.7,-Inf,-Inf,-Inf,-Inf,-Inf,-Inf,-Inf,1797,1797,-963.65,-1949.6,-Inf,-Inf,-Inf,-Inf,-Inf,-Inf,-Inf,1797,1797,-962.96,-1940.5,-Inf,-Inf,-Inf,-Inf,-Inf,-Inf,-Inf
1798,1798,-971.48,-1948.2,-Inf,-Inf,-Inf,-Inf,-Inf,-Inf,-Inf,1798,1798,-969.52,-1959.4,-Inf,-Inf,-Inf,-Inf,-Inf,-Inf,-Inf,1798,1798,-969.4,-1950.8,-Inf,-Inf,-Inf,-Inf,-Inf,-Inf,-Inf
1799,1799,-978.08,-1958.8,-Inf,-Inf,-Inf,-Inf,-Inf,-Inf,-Inf,1799,1799,-974.53,-1969.1,-Inf,-Inf,-Inf,-Inf,-Inf,-Inf,-Inf,1799,1799,-973.7,-1961.3,-Inf,-Inf,-Inf,-Inf,-Inf,-Inf,-Inf
1800,1800,-982.16,-1969.2,-Inf,-Inf,-Inf,-Inf,-Inf,-Inf,-Inf,1800,1800,-978.87,-1978.9,-Inf,-Inf,-Inf,-Inf,-Inf,-Inf,-Inf,1800,1800,-978.7,-1971.9,-Inf,-Inf,-Inf,-Inf,-Inf,-Inf,-Inf
1801,1801,-987.37,-1979.1,-Inf,-Inf,-Inf,-Inf,-Inf,-Inf,-Inf,1801,1801,-985.43,-1989.1,-Inf,-Inf,-Inf,-Inf,-Inf,-Inf,-Inf,1801,1801,-984.66,-1982.2,-Inf,-Inf,-Inf,-Inf,-Inf,-Inf,-Inf
1802,1802,-993.11,-1988.8,-Inf,-Inf,-Inf,-Inf,-Inf,-Inf,-Inf,1802,1802,-988.62,-1999.6,-Inf,-Inf,-Inf,-Inf,-Inf,-Inf,-Inf,1802,1802,-988.25,-1992.1,-Inf,-Inf,-Inf,-Inf,-Inf,-Inf,-Inf
1803,1803,-996.87,-1998.6,-Inf,-Inf,-Inf,-Inf,-Inf,-Inf,-Inf,1803,1803,-995.77,-2010.2,-Inf,-Inf,-Inf,-Inf,-Inf,-Inf,-Inf,1803,1803,-995.3,-2001.8,-Inf,-Inf,-Inf,-Inf,-Inf,-Inf,-Inf
1804,1804,-1003.8,-2008.5,-Inf,-Inf,-Inf,-Inf,-Inf,-Inf,-Inf,1804,1804,-998.87,-2020.6,-Inf,-Inf,-Inf,-Inf,-Inf,-Inf,-Inf,1804,1804,-998.28,-2011.6,-Inf,-Inf,-Inf,-Inf,-Inf,-Inf,-Inf
1805,1805,-1006.8,-2018.8,-Inf,-Inf,-Inf,-Inf,-Inf,-Inf,-Inf,1805,1805,-1005.3,-2030.6,-Inf,-Inf,-Inf,-Inf,-Inf,-Inf,-Inf,1805,1805,-1005.2,-2021.6,-Inf,-Inf,-Inf,-Inf,-Inf,-Inf,-Inf
1806,1806,-1013.8,-2029.3,-Inf,-Inf,-Inf,-Inf,-Inf,-Inf,-Inf,1806,1806,-1009.6,-2040.3,-Inf,-Inf,-Inf,-Inf,-Inf,-Inf,-Inf,1806,1806,-1008.8,-2031.9,-Inf,-Inf,-Inf,-Inf,-Inf,-Inf,-Inf
1807,1807,-1017.3,-2039.9,-Inf,-Inf,-Inf,-Inf,-Inf,-Inf,-Inf,1807,1807,-1014.6,-2050,-Inf,-Inf,-Inf,-Inf,-Inf,-Inf,-Inf,1807,1807,-1014.5,-2042.4,-Inf,-Inf,-Inf,-Inf,-Inf,-Inf,-Inf
1808,1808,-1023.2,-2050.2,-Inf,-Inf,-Inf,-Inf,-Inf,-Inf,-Inf,1808,1808,-1020.6,-2060,-Inf,-Inf,-Inf,-Inf,-Inf,-Inf,-Inf,1808,1808,-1019.7,-2052.9,-Inf,-Inf,-Inf,-Inf,-Inf,-Inf,-Inf
1809,1809,-1028.2,-2060.1,-Inf,-Inf,-Inf,-Inf,-Inf,-Inf,-Inf,1809,1809,-1024.2,-2070.2,-Inf,-Inf,-Inf,-Inf,-Inf,-Inf,-Inf,1809,1809,-1023.9,-2063.2,-Inf,-Inf,-Inf,-Inf,-Inf,-Inf,-Inf
1810,1810,-1032.5,-2069.8,-Inf,-Inf,-Inf,-Inf,-Inf,-Inf,-Inf,1810,1810,-1031.2,-2080.7,-Inf,-Inf,-Inf,-Inf,-Inf,-Inf,-Inf,1810,1810,-1030.6,-2073.1,-Inf,-Inf,-Inf,-Inf,-Inf,-Inf,-Inf
1811,1811,-1039.1,-2079.5,-Inf,-Inf,-Inf,-Inf,-Inf,-Inf,-Inf,1811,1811,-1034.2,-2091.2,-Inf,-Inf,-Inf,-Inf,-Inf,-Inf,-Inf,1811,1811,-1033.7,-2082.8,-Inf,-Inf,-Inf,-Inf,-Inf,-Inf,-Inf
1812,1812,-1042.3,-2089.5,-Inf,-Inf,-Inf,-Inf,-Inf,-Inf,-Inf,1812,1812,-1041.1,-2101.6,-Inf,-Inf,-Inf,-Inf,-Inf,-Inf,-Inf,1812,1812,-1040.8,-2092.6,-Inf,-Inf,-Inf,-Inf,-Inf,-Inf,-Inf
1813,1813,-1049.4,-2099.8,-Inf,-Inf,-Inf,-Inf,-Inf,-Inf,-Inf,1813,1813,-1044.7,-2111.6,-Inf,-Inf,-Inf,-Inf,-Inf,-Inf,-Inf,1813,1813,-1044,-2102.6,-Inf,-Inf,-Inf,-Inf,-Inf,-Inf,-Inf
1814,1814,-1052.5,-2110.4,-Inf,-Inf,-Inf,-Inf,-Inf,-Inf,-Inf,1814,1814,-1050.4,-2121.3,-Inf,-Inf,-Inf,-Inf,-Inf,-Inf,-Inf,1814,1814,-1050.3,-2112.9,-Inf,-Inf,-Inf,-Inf,-Inf,-Inf,-Inf
1815,1815,-1059,-2120.9,-Inf,-Inf,-Inf,-Inf,-Inf,-Inf,-Inf,1815,1815,-1055.6,-2131,-Inf,-Inf,-Inf,-Inf,-Inf,-Inf,-Inf,1815,1815,-1054.8,-2123.5,-Inf,-Inf,-Inf,-Inf,-Inf,-Inf,-Inf
1816,1816,-1063.3,-2131.2,-Inf,-Inf,-Inf,-Inf,-Inf,-Inf,-Inf,1816,1816,-1059.8,-2141,-Inf,-Inf,-Inf,-Inf,-Inf,-Inf,-Inf,1816,1816,-1059.6,-2134,-Inf,-Inf,-Inf,-Inf,-Inf,-Inf,-Inf
1817,1817,-1068.3,-2141.1,-Inf,-Inf,-Inf,-Inf,-Inf,-Inf,-Inf,1817,1817,-1066.5,-2151.2,-Inf,-Inf,-Inf,-Inf,-Inf,-Inf,-Inf,1817,1817,-1065.8,-2144.2,-Inf,-Inf,-Inf,-Inf,-Inf,-Inf,-Inf
1818,1818,-1074.2,-2150.8,-Inf,-Inf,-Inf,-Inf,-Inf,-Inf,-Inf,1818,1818,-1069.6,-2161.7,-Inf,-Inf,-Inf,-Inf,-Inf,-Inf,-Inf,1818,1818,-1069.2,-2154.1,-Inf,-Inf,-Inf,-Inf,-Inf,-Inf,-Inf
1819,1819,-1077.8,-2160.5,-Inf,-Inf,-Inf,-Inf,-Inf,-Inf,-Inf,1819,1819,-1076.8,-2172.3,-Inf,-Inf,-Inf,-Inf,-Inf,-Inf,-Inf,1819,1819,-1076.3,-2163.8,-Inf,-Inf,-Inf,-Inf,-Inf,-Inf,-Inf
1820,1820,-1084.9,-2170.6,-Inf,-Inf,-Inf,-Inf,-Inf,-Inf,-Inf,1820,1820,-1079.9,-2182.6,-Inf,-Inf,-Inf,-Inf,-Inf,-Inf,-Inf,1820,1820,-1079.3,-2173.6,-Inf,-Inf,-Inf,-Inf,-Inf,-Inf,-Inf
1821,1821,-1087.9,-2180.9,-Inf,-Inf,-Inf,-Inf,-Inf,-Inf,-Inf,1821,1821,-1086.3,-2192.6,-Inf,-Inf,-Inf,-Inf,-Inf,-Inf,-Inf,1821,1821,-1086.1,-2183.6,-Inf,-Inf,-Inf,-Inf,-Inf,-Inf,-Inf
1822,1822,-1094.8,-2191.4,-Inf,-Inf,-Inf,-Inf,-Inf,-Inf,-Inf,1822,1822,-1090.7,-2202.3,-Inf,-Inf,-Inf,-Inf,-Inf,-Inf,-Inf,1822,1822,-1089.9,-2194,-Inf,-Inf,-Inf,-Inf,-Inf,-Inf,-Inf
1823,1823,-1098.4,-2202,-Inf,-Inf,-Inf,-Inf,-Inf,-Inf,-Inf,1823,1823,-1095.6,-2212,-Inf,-Inf,-Inf,-Inf,-Inf,-Inf,-Inf,1823,1823,-1095.4,-2204.5,-Inf,-Inf,-Inf,-Inf,-Inf,-Inf,-Inf
1824,1824,-1104.1,-2212.2,-Inf,-Inf,-Inf,-Inf,-Inf,-Inf,-Inf,1824,1824,-1101.7,-2222,-Inf,-Inf,-Inf,-Inf,-Inf,-Inf,-Inf,1824,1824,-1100.8,-2215,-Inf,-Inf,-Inf,-Inf,-Inf,-Inf,-Inf
1825,1825,-1109.3,-2222.1,-Inf,-Inf,-Inf,-Inf,-Inf,-Inf,-Inf,1825,1825,-1105.1,-2232.3,-Inf,-Inf,-Inf,-Inf,-Inf,-Inf,-Inf,1825,1825,-1104.9,-2225.2,-Inf,-Inf,-Inf,-Inf,-Inf,-Inf,-Inf
1826,1826,-1113.5,-2231.7,-Inf,-Inf,-Inf,-Inf,-Inf,-Inf,-Inf,1826,1826,-1112.2,-2242.8,-Inf,-Inf,-Inf,-Inf,-Inf,-Inf,-Inf,1826,1826,-1111.7,-2235.1,-Inf,-Inf,-Inf,-Inf,-Inf,-Inf,-Inf
1827,1827,-1120.2,-2241.5,-Inf,-Inf,-Inf,-Inf,-Inf,-Inf,-Inf,1827,1827,-1115.2,-2253.3,-Inf,-Inf,-Inf,-Inf,-Inf,-Inf,-Inf,1827,1827,-1114.7,-2244.7,-Inf,-Inf,-Inf,-Inf,-Inf,-Inf,-Inf
1828,1828,-1123.3,-2251.6,-Inf,-Inf,-Inf,-Inf,-Inf,-Inf,-Inf,1828,1828,-1122,-2263.6,-Inf,-Inf,-Inf,-Inf,-Inf,-Inf,-Inf,1828,1828,-1121.8,-2254.5,-Inf,-Inf,-Inf,-Inf,-Inf,-Inf,-Inf
1829,1829,-1130.4,-2261.9,-Inf,-Inf,-Inf,-Inf,-Inf,-Inf,-Inf,1829,1829,-1125.8,-2273.6,-Inf,-Inf,-Inf,-Inf,-Inf,-Inf,-Inf,1829,1829,-1125.1,-2264.6,-Inf,-Inf,-Inf,-Inf,-Inf,-Inf,-Inf
1830,1830,-1133.6,-2272.5,-Inf,-Inf,-Inf,-Inf,-Inf,-Inf,-Inf,1830,1830,-1131.4,-2283.2,-Inf,-Inf,-Inf,-Inf,-Inf,-Inf,-Inf,1830,1830,-1131.3,-2275,-Inf,-Inf,-Inf,-Inf,-Inf,-Inf,-Inf
1831,1831,-1139.9,-2283,-Inf,-Inf,-Inf,-Inf,-Inf,-Inf,-Inf,1831,1831,-1136.7,-2293,-Inf,-Inf,-Inf,-Inf,-Inf,-Inf,-Inf,1831,1831,-1135.9,-2285.6,-Inf,-Inf,-Inf,-Inf,-Inf,-Inf,-Inf
1832,1832,-1144.4,-2293.2,-Inf,-Inf,-Inf,-Inf,-Inf,-Inf,-Inf,1832,1832,-1140.8,-2303,-Inf,-Inf,-Inf,-Inf,-Inf,-Inf,-Inf,1832,1832,-1140.6,-2296.1,-Inf,-Inf,-Inf,-Inf,-Inf,-Inf,-Inf
1833,1833,-1149.2,-2303,-Inf,-Inf,-Inf,-Inf,-Inf,-Inf,-Inf,1833,1833,-1147.6,-2313.3,-Inf,-Inf,-Inf,-Inf,-Inf,-Inf,-Inf,1833,1833,-1146.9,-2306.2,-Inf,-Inf,-Inf,-Inf,-Inf,-Inf,-Inf
1834,1834,-1155.3,-2312.7,-Inf,-Inf,-Inf,-Inf,-Inf,-Inf,-Inf,1834,1834,-1150.6,-2323.8,-Inf,-Inf,-Inf,-Inf,-Inf,-Inf,-Inf,1834,1834,-1150.2,-2316,-Inf,-Inf,-Inf,-Inf,-Inf,-Inf,-Inf
1835,1835,-1158.8,-2322.5,-Inf,-Inf,-Inf,-Inf,-Inf,-Inf,-Inf,1835,1835,-1157.7,-2334.4,-Inf,-Inf,-Inf,-Inf,-Inf,-Inf,-Inf,1835,1835,-1157.3,-2325.7,-Inf,-Inf,-Inf,-Inf,-Inf,-Inf,-Inf
1836,1836,-1165.9,-2332.6,-Inf,-Inf,-Inf,-Inf,-Inf,-Inf,-Inf,1836,1836,-1161,-2344.7,-Inf,-Inf,-Inf,-Inf,-Inf,-Inf,-Inf,1836,1836,-1160.4,-2335.5,-Inf,-Inf,-Inf,-Inf,-Inf,-Inf,-Inf
1837,1837,-1168.9,-2343,-Inf,-Inf,-Inf,-Inf,-Inf,-Inf,-Inf,1837,1837,-1167.2,-2354.5,-Inf,-Inf,-Inf,-Inf,-Inf,-Inf,-Inf,1837,1837,-1167.1,-2345.7,-Inf,-Inf,-Inf,-Inf,-Inf,-Inf,-Inf
1838,1838,-1175.7,-2353.6,-Inf,-Inf,-Inf,-Inf,-Inf,-Inf,-Inf,1838,1838,-1171.8,-2364.2,-Inf,-Inf,-Inf,-Inf,-Inf,-Inf,-Inf,1838,1838,-1171,-2356.1,-Inf,-Inf,-Inf,-Inf,-Inf,-Inf,-Inf
1839,1839,-1179.5,-2364.1,-Inf,-Inf,-Inf,-Inf,-Inf,-Inf,-Inf,1839,1839,-1176.5,-2374,-Inf,-Inf,-Inf,-Inf,-Inf,-Inf,-Inf,1839,1839,-1176.4,-2366.7,-Inf,-Inf,-Inf,-Inf,-Inf,-Inf,-Inf
1840,1840,-1185,-2374.2,-Inf,-Inf,-Inf,-Inf,-Inf,-Inf,-Inf,1840,1840,-1182.8,-2384,-Inf,-Inf,-Inf,-Inf,-Inf,-Inf,-Inf,1840,1840,-1181.9,-2377.1,-Inf,-Inf,-Inf,-Inf,-Inf,-Inf,-Inf
1841,1841,-1190.4,-2384,-Inf,-Inf,-Inf,-Inf,-Inf,-Inf,-Inf,1841,1841,-1186.1,-2394.4,-Inf,-Inf,-Inf,-Inf,-Inf,-Inf,-Inf,1841,1841,-1185.8,-2387.2,-Inf,-Inf,-Inf,-Inf,-Inf,-Inf,-Inf
1842,1842,-1194.5,-2393.7,-Inf,-Inf,-Inf,-Inf,-Inf,-Inf,-Inf,1842,1842,-1193.3,-2404.9,-Inf,-Inf,-Inf,-Inf,-Inf,-Inf,-Inf,1842,1842,-1192.7,-2397,-Inf,-Inf,-Inf,-Inf,-Inf,-Inf,-Inf
1843,1843,-1201.2,-2403.5,-Inf,-Inf,-Inf,-Inf,-Inf,-Inf,-Inf,1843,1843,-1196.3,-2415.4,-Inf,-Inf,-Inf,-Inf,-Inf,-Inf,-Inf,1843,1843,-1195.7,-2406.7,-Inf,-Inf,-Inf,-Inf,-Inf,-Inf,-Inf
1844,1844,-1204.3,-2413.6,-Inf,-Inf,-Inf,-Inf,-Inf,-Inf,-Inf,1844,1844,-1203,-2425.7,-Inf,-Inf,-Inf,-Inf,-Inf,-Inf,-Inf,1844,1844,-1202.8,-2416.5,-Inf,-Inf,-Inf,-Inf,-Inf,-Inf,-Inf
1845,1845,-1211.4,-2424.1,-Inf,-Inf,-Inf,-Inf,-Inf,-Inf,-Inf,1845,1845,-1206.9,-2435.5,-Inf,-Inf,-Inf,-Inf,-Inf,-Inf,-Inf,1845,1845,-1206.2,-2426.7,-Inf,-Inf,-Inf,-Inf,-Inf,-Inf,-Inf
1846,1846,-1214.7,-2434.6,-Inf,-Inf,-Inf,-Inf,-Inf,-Inf,-Inf,1846,1846,-1212.3,-2445.2,-Inf,-Inf,-Inf,-Inf,-Inf,-Inf,-Inf,1846,1846,-1212.2,-2437.1,-Inf,-Inf,-Inf,-Inf,-Inf,-Inf,-Inf
1847,1847,-1220.9,-2445.1,-Inf,-Inf,-Inf,-Inf,-Inf,-Inf,-Inf,1847,1847,-1217.9,-2455,-Inf,-Inf,-Inf,-Inf,-Inf,-Inf,-Inf,1847,1847,-1217,-2447.7,-Inf,-Inf,-Inf,-Inf,-Inf,-Inf,-Inf
1848,1848,-1225.5,-2455.2,-Inf,-Inf,-Inf,-Inf,-Inf,-Inf,-Inf,1848,1848,-1221.7,-2465,-Inf,-Inf,-Inf,-Inf,-Inf,-Inf,-Inf,1848,1848,-1221.5,-2458.2,-Inf,-Inf,-Inf,-Inf,-Inf,-Inf,-Inf
1849,1849,-1230.2,-2465,-Inf,-Inf,-Inf,-Inf,-Inf,-Inf,-Inf,1849,1849,-1228.6,-2475.4,-Inf,-Inf,-Inf,-Inf,-Inf,-Inf,-Inf,1849,1849,-1227.9,-2468.2,-Inf,-Inf,-Inf,-Inf,-Inf,-Inf,-Inf
1850,1850,-1236.4,-2474.7,-Inf,-Inf,-Inf,-Inf,-Inf,-Inf,-Inf,1850,1850,-1231.6,-2486,-Inf,-Inf,-Inf,-Inf,-Inf,-Inf,-Inf,1850,1850,-1231.2,-2478,-Inf,-Inf,-Inf,-Inf,-Inf,-Inf,-Inf
1851,1851,-1239.8,-2484.5,-Inf,-Inf,-Inf,-Inf,-Inf,-Inf,-Inf,1851,1851,-1238.7,-2496.5,-Inf,-Inf,-Inf,-Inf,-Inf,-Inf,-Inf,1851,1851,-1238.4,-2487.7,-Inf,-Inf,-Inf,-Inf,-Inf,-Inf,-Inf
1852,1852,-1246.9,-2494.7,-Inf,-Inf,-Inf,-Inf,-Inf,-Inf,-Inf,1852,1852,-1242.1,-2506.7,-Inf,-Inf,-Inf,-Inf,-Inf,-Inf,-Inf,1852,1852,-1241.4,-2497.5,-Inf,-Inf,-Inf,-Inf,-Inf,-Inf,-Inf
1853,1853,-1249.9,-2505.1,-Inf,-Inf,-Inf,-Inf,-Inf,-Inf,-Inf,1853,1853,-1248.1,-2516.5,-Inf,-Inf,-Inf,-Inf,-Inf,-Inf,-Inf,1853,1853,-1248,-2507.7,-Inf,-Inf,-Inf,-Inf,-Inf,-Inf,-Inf
1854,1854,-1256.7,-2515.7,-Inf,-Inf,-Inf,-Inf,-Inf,-Inf,-Inf,1854,1854,-1252.9,-2526.1,-Inf,-Inf,-Inf,-Inf,-Inf,-Inf,-Inf,1854,1854,-1252.1,-2518.2,-Inf,-Inf,-Inf,-Inf,-Inf,-Inf,-Inf
1855,1855,-1260.6,-2526.1,-Inf,-Inf,-Inf,-Inf,-Inf,-Inf,-Inf,1855,1855,-1257.4,-2536,-Inf,-Inf,-Inf,-Inf,-Inf,-Inf,-Inf,1855,1855,-1257.3,-2528.8,-Inf,-Inf,-Inf,-Inf,-Inf,-Inf,-Inf
1856,1856,-1266,-2536.2,-Inf,-Inf,-Inf,-Inf,-Inf,-Inf,-Inf,1856,1856,-1263.8,-2546.1,-Inf,-Inf,-Inf,-Inf,-Inf,-Inf,-Inf,1856,1856,-1263.1,-2539.2,-Inf,-Inf,-Inf,-Inf,-Inf,-Inf,-Inf
1857,1857,-1271.5,-2545.9,-Inf,-Inf,-Inf,-Inf,-Inf,-Inf,-Inf,1857,1857,-1267.1,-2556.5,-Inf,-Inf,-Inf,-Inf,-Inf,-Inf,-Inf,1857,1857,-1266.8,-2549.2,-Inf,-Inf,-Inf,-Inf,-Inf,-Inf,-Inf
1858,1858,-1275.4,-2555.6,-Inf,-Inf,-Inf,-Inf,-Inf,-Inf,-Inf,1858,1858,-1274.3,-2567,-Inf,-Inf,-Inf,-Inf,-Inf,-Inf,-Inf,1858,1858,-1273.8,-2558.9,-Inf,-Inf,-Inf,-Inf,-Inf,-Inf,-Inf
1859,1859,-1282.3,-2565.5,-Inf,-Inf,-Inf,-Inf,-Inf,-Inf,-Inf,1859,1859,-1277.3,-2577.5,-Inf,-Inf,-Inf,-Inf,-Inf,-Inf,-Inf,1859,1859,-1276.7,-2568.6,-Inf,-Inf,-Inf,-Inf,-Inf,-Inf,-Inf
1860,1860,-1285.3,-2575.7,-Inf,-Inf,-Inf,-Inf,-Inf,-Inf,-Inf,1860,1860,-1283.9,-2587.7,-Inf,-Inf,-Inf,-Inf,-Inf,-Inf,-Inf,1860,1860,-1283.7,-2578.6,-Inf,-Inf,-Inf,-Inf,-Inf,-Inf,-Inf
1861,1861,-1292.4,-2586.2,-Inf,-Inf,-Inf,-Inf,-Inf,-Inf,-Inf,1861,1861,-1288,-2597.4,-Inf,-Inf,-Inf,-Inf,-Inf,-Inf,-Inf,1861,1861,-1287.2,-2588.8,-Inf,-Inf,-Inf,-Inf,-Inf,-Inf,-Inf
1862,1862,-1295.7,-2596.8,-Inf,-Inf,-Inf,-Inf,-Inf,-Inf,-Inf,1862,1862,-1293.2,-2607.1,-Inf,-Inf,-Inf,-Inf,-Inf,-Inf,-Inf,1862,1862,-1293.1,-2599.3,-Inf,-Inf,-Inf,-Inf,-Inf,-Inf,-Inf
1863,1863,-1301.8,-2607.2,-Inf,-Inf,-Inf,-Inf,-Inf,-Inf,-Inf,1863,1863,-1299,-2617,-Inf,-Inf,-Inf,-Inf,-Inf,-Inf,-Inf,1863,1863,-1298.1,-2609.8,-Inf,-Inf,-Inf,-Inf,-Inf,-Inf,-Inf
1864,1864,-1306.6,-2617.2,-Inf,-Inf,-Inf,-Inf,-Inf,-Inf,-Inf,1864,1864,-1302.7,-2627.1,-Inf,-Inf,-Inf,-Inf,-Inf,-Inf,-Inf,1864,1864,-1302.5,-2620.2,-Inf,-Inf,-Inf,-Inf,-Inf,-Inf,-Inf
1865,1865,-1311.1,-2626.9,-Inf,-Inf,-Inf,-Inf,-Inf,-Inf,-Inf,1865,1865,-1309.7,-2637.5,-Inf,-Inf,-Inf,-Inf,-Inf,-Inf,-Inf,1865,1865,-1309,-2630.2,-Inf,-Inf,-Inf,-Inf,-Inf,-Inf,-Inf
1866,1866,-1317.5,-2636.6,-Inf,-Inf,-Inf,-Inf,-Inf,-Inf,-Inf,1866,1866,-1312.7,-2648.1,-Inf,-Inf,-Inf,-Inf,-Inf,-Inf,-Inf,1866,1866,-1312.2,-2639.9,-Inf,-Inf,-Inf,-Inf,-Inf,-Inf,-Inf
1867,1867,-1320.8,-2646.5,-Inf,-Inf,-Inf,-Inf,-Inf,-Inf,-Inf,1867,1867,-1319.7,-2658.6,-Inf,-Inf,-Inf,-Inf,-Inf,-Inf,-Inf,1867,1867,-1319.4,-2649.6,-Inf,-Inf,-Inf,-Inf,-Inf,-Inf,-Inf
1868,1868,-1327.9,-2656.8,-Inf,-Inf,-Inf,-Inf,-Inf,-Inf,-Inf,1868,1868,-1323.1,-2668.7,-Inf,-Inf,-Inf,-Inf,-Inf,-Inf,-Inf,1868,1868,-1322.5,-2659.6,-Inf,-Inf,-Inf,-Inf,-Inf,-Inf,-Inf
1869,1869,-1331,-2667.2,-Inf,-Inf,-Inf,-Inf,-Inf,-Inf,-Inf,1869,1869,-1329,-2678.4,-Inf,-Inf,-Inf,-Inf,-Inf,-Inf,-Inf,1869,1869,-1328.9,-2669.8,-Inf,-Inf,-Inf,-Inf,-Inf,-Inf,-Inf
1870,1870,-1337.6,-2677.8,-Inf,-Inf,-Inf,-Inf,-Inf,-Inf,-Inf,1870,1870,-1334,-2688.1,-Inf,-Inf,-Inf,-Inf,-Inf,-Inf,-Inf,1870,1870,-1333.2,-2680.3,-Inf,-Inf,-Inf,-Inf,-Inf,-Inf,-Inf
1871,1871,-1341.6,-2688.2,-Inf,-Inf,-Inf,-Inf,-Inf,-Inf,-Inf,1871,1871,-1338.4,-2698,-Inf,-Inf,-Inf,-Inf,-Inf,-Inf,-Inf,1871,1871,-1338.2,-2690.9,-Inf,-Inf,-Inf,-Inf,-Inf,-Inf,-Inf
1872,1872,-1346.9,-2698.2,-Inf,-Inf,-Inf,-Inf,-Inf,-Inf,-Inf,1872,1872,-1344.9,-2708.1,-Inf,-Inf,-Inf,-Inf,-Inf,-Inf,-Inf,1872,1872,-1344.2,-2701.2,-Inf,-Inf,-Inf,-Inf,-Inf,-Inf,-Inf
1873,1873,-1352.6,-2707.9,-Inf,-Inf,-Inf,-Inf,-Inf,-Inf,-Inf,1873,1873,-1348.1,-2718.6,-Inf,-Inf,-Inf,-Inf,-Inf,-Inf,-Inf,1873,1873,-1347.8,-2711.2,-Inf,-Inf,-Inf,-Inf,-Inf,-Inf,-Inf
1874,1874,-1356.4,-2717.6,-Inf,-Inf,-Inf,-Inf,-Inf,-Inf,-Inf,1874,1874,-1355.3,-2729.2,-Inf,-Inf,-Inf,-Inf,-Inf,-Inf,-Inf,1874,1874,-1354.8,-2720.9,-Inf,-Inf,-Inf,-Inf,-Inf,-Inf,-Inf
1875,1875,-1363.3,-2727.5,-Inf,-Inf,-Inf,-Inf,-Inf,-Inf,-Inf,1875,1875,-1358.4,-2739.6,-Inf,-Inf,-Inf,-Inf,-Inf,-Inf,-Inf,1875,1875,-1357.8,-2730.6,-Inf,-Inf,-Inf,-Inf,-Inf,-Inf,-Inf
1876,1876,-1366.3,-2737.8,-Inf,-Inf,-Inf,-Inf,-Inf,-Inf,-Inf,1876,1876,-1364.9,-2749.6,-Inf,-Inf,-Inf,-Inf,-Inf,-Inf,-Inf,1876,1876,-1364.7,-2740.6,-Inf,-Inf,-Inf,-Inf,-Inf,-Inf,-Inf
1877,1877,-1373.3,-2748.3,-Inf,-Inf,-Inf,-Inf,-Inf,-Inf,-Inf,1877,1877,-1369.1,-2759.4,-Inf,-Inf,-Inf,-Inf,-Inf,-Inf,-Inf,1877,1877,-1368.3,-2750.9,-Inf,-Inf,-Inf,-Inf,-Inf,-Inf,-Inf
1878,1878,-1376.8,-2758.9,-Inf,-Inf,-Inf,-Inf,-Inf,-Inf,-Inf,1878,1878,-1374.1,-2769.1,-Inf,-Inf,-Inf,-Inf,-Inf,-Inf,-Inf,1878,1878,-1374,-2761.4,-Inf,-Inf,-Inf,-Inf,-Inf,-Inf,-Inf
1879,1879,-1382.7,-2769.2,-Inf,-Inf,-Inf,-Inf,-Inf,-Inf,-Inf,1879,1879,-1380.1,-2779,-Inf,-Inf,-Inf,-Inf,-Inf,-Inf,-Inf,1879,1879,-1379.2,-2771.9,-Inf,-Inf,-Inf,-Inf,-Inf,-Inf,-Inf
1880,1880,-1387.7,-2779.1,-Inf,-Inf,-Inf,-Inf,-Inf,-Inf,-Inf,1880,1880,-1383.7,-2789.2,-Inf,-Inf,-Inf,-Inf,-Inf,-Inf,-Inf,1880,1880,-1383.4,-2782.2,-Inf,-Inf,-Inf,-Inf,-Inf,-Inf,-Inf
1881,1881,-1392.1,-2788.8,-Inf,-Inf,-Inf,-Inf,-Inf,-Inf,-Inf,1881,1881,-1390.7,-2799.7,-Inf,-Inf,-Inf,-Inf,-Inf,-Inf,-Inf,1881,1881,-1390.1,-2792.2,-Inf,-Inf,-Inf,-Inf,-Inf,-Inf,-Inf
1882,1882,-1398.6,-2798.6,-Inf,-Inf,-Inf,-Inf,-Inf,-Inf,-Inf,1882,1882,-1393.7,-2810.2,-Inf,-Inf,-Inf,-Inf,-Inf,-Inf,-Inf,1882,1882,-1393.2,-2801.8,-Inf,-Inf,-Inf,-Inf,-Inf,-Inf,-Inf
1883,1883,-1401.8,-2808.6,-Inf,-Inf,-Inf,-Inf,-Inf,-Inf,-Inf,1883,1883,-1400.6,-2820.6,-Inf,-Inf,-Inf,-Inf,-Inf,-Inf,-Inf,1883,1883,-1400.3,-2811.6,-Inf,-Inf,-Inf,-Inf,-Inf,-Inf,-Inf
1884,1884,-1408.9,-2818.8,-Inf,-Inf,-Inf,-Inf,-Inf,-Inf,-Inf,1884,1884,-1404.2,-2830.6,-Inf,-Inf,-Inf,-Inf,-Inf,-Inf,-Inf,1884,1884,-1403.5,-2821.6,-Inf,-Inf,-Inf,-Inf,-Inf,-Inf,-Inf
1885,1885,-1412,-2829.4,-Inf,-Inf,-Inf,-Inf,-Inf,-Inf,-Inf,1885,1885,-1410,-2840.3,-Inf,-Inf,-Inf,-Inf,-Inf,-Inf,-Inf,1885,1885,-1409.8,-2831.9,-Inf,-Inf,-Inf,-Inf,-Inf,-Inf,-Inf
1886,1886,-1418.5,-2839.9,-Inf,-Inf,-Inf,-Inf,-Inf,-Inf,-Inf,1886,1886,-1415.1,-2850,-Inf,-Inf,-Inf,-Inf,-Inf,-Inf,-Inf,1886,1886,-1414.3,-2842.5,-Inf,-Inf,-Inf,-Inf,-Inf,-Inf,-Inf
1887,1887,-1422.7,-2850.2,-Inf,-Inf,-Inf,-Inf,-Inf,-Inf,-Inf,1887,1887,-1419.3,-2860,-Inf,-Inf,-Inf,-Inf,-Inf,-Inf,-Inf,1887,1887,-1419.1,-2853,-Inf,-Inf,-Inf,-Inf,-Inf,-Inf,-Inf
1888,1888,-1427.8,-2860.1,-Inf,-Inf,-Inf,-Inf,-Inf,-Inf,-Inf,1888,1888,-1426,-2870.2,-Inf,-Inf,-Inf,-Inf,-Inf,-Inf,-Inf,1888,1888,-1425.2,-2863.3,-Inf,-Inf,-Inf,-Inf,-Inf,-Inf,-Inf
1889,1889,-1433.7,-2869.8,-Inf,-Inf,-Inf,-Inf,-Inf,-Inf,-Inf,1889,1889,-1429.1,-2880.7,-Inf,-Inf,-Inf,-Inf,-Inf,-Inf,-Inf,1889,1889,-1428.7,-2873.1,-Inf,-Inf,-Inf,-Inf,-Inf,-Inf,-Inf
1890,1890,-1437.3,-2879.6,-Inf,-Inf,-Inf,-Inf,-Inf,-Inf,-Inf,1890,1890,-1436.3,-2891.3,-Inf,-Inf,-Inf,-Inf,-Inf,-Inf,-Inf,1890,1890,-1435.8,-2882.8,-Inf,-Inf,-Inf,-Inf,-Inf,-Inf,-Inf
1891,1891,-1444.4,-2889.6,-Inf,-Inf,-Inf,-Inf,-Inf,-Inf,-Inf,1891,1891,-1439.4,-2901.6,-Inf,-Inf,-Inf,-Inf,-Inf,-Inf,-Inf,1891,1891,-1438.8,-2892.6,-Inf,-Inf,-Inf,-Inf,-Inf,-Inf,-Inf
1892,1892,-1447.4,-2899.9,-Inf,-Inf,-Inf,-Inf,-Inf,-Inf,-Inf,1892,1892,-1445.8,-2911.6,-Inf,-Inf,-Inf,-Inf,-Inf,-Inf,-Inf,1892,1892,-1445.6,-2902.6,-Inf,-Inf,-Inf,-Inf,-Inf,-Inf,-Inf
1893,1893,-1454.3,-2910.4,-Inf,-Inf,-Inf,-Inf,-Inf,-Inf,-Inf,1893,1893,-1450.2,-2921.3,-Inf,-Inf,-Inf,-Inf,-Inf,-Inf,-Inf,1893,1893,-1449.4,-2913,-Inf,-Inf,-Inf,-Inf,-Inf,-Inf,-Inf
1894,1894,-1457.9,-2921,-Inf,-Inf,-Inf,-Inf,-Inf,-Inf,-Inf,1894,1894,-1455.1,-2931,-Inf,-Inf,-Inf,-Inf,-Inf,-Inf,-Inf,1894,1894,-1454.9,-2923.5,-Inf,-Inf,-Inf,-Inf,-Inf,-Inf,-Inf
1895,1895,-1463.6,-2931.2,-Inf,-Inf,-Inf,-Inf,-Inf,-Inf,-Inf,1895,1895,-1461.2,-2941,-Inf,-Inf,-Inf,-Inf,-Inf,-Inf,-Inf,1895,1895,-1460.3,-2934,-Inf,-Inf,-Inf,-Inf,-Inf,-Inf,-Inf
1896,1896,-1468.8,-2941.1,-Inf,-Inf,-Inf,-Inf,-Inf,-Inf,-Inf,1896,1896,-1464.7,-2951.3,-Inf,-Inf,-Inf,-Inf,-Inf,-Inf,-Inf,1896,1896,-1464.4,-2944.3,-Inf,-Inf,-Inf,-Inf,-Inf,-Inf,-Inf
1897,1897,-1473,-2950.8,-Inf,-Inf,-Inf,-Inf,-Inf,-Inf,-Inf,1897,1897,-1471.8,-2961.8,-Inf,-Inf,-Inf,-Inf,-Inf,-Inf,-Inf,1897,1897,-1471.2,-2954.1,-Inf,-Inf,-Inf,-Inf,-Inf,-Inf,-Inf
1898,1898,-1479.7,-2960.5,-Inf,-Inf,-Inf,-Inf,-Inf,-Inf,-Inf,1898,1898,-1474.7,-2972.3,-Inf,-Inf,-Inf,-Inf,-Inf,-Inf,-Inf,1898,1898,-1474.2,-2963.8,-Inf,-Inf,-Inf,-Inf,-Inf,-Inf,-Inf
1899,1899,-1482.8,-2970.6,-Inf,-Inf,-Inf,-Inf,-Inf,-Inf,-Inf,1899,1899,-1481.6,-2982.7,-Inf,-Inf,-Inf,-Inf,-Inf,-Inf,-Inf,1899,1899,-1481.3,-2973.6,-Inf,-Inf,-Inf,-Inf,-Inf,-Inf,-Inf
1900,1900,-1489.9,-2980.9,-Inf,-Inf,-Inf,-Inf,-Inf,-Inf,-Inf,1900,1900,-1485.3,-2992.6,-Inf,-Inf,-Inf,-Inf,-Inf,-Inf,-Inf,1900,1900,-1484.6,-2983.6,-Inf,-Inf,-Inf,-Inf,-Inf,-Inf,-Inf
1901,1901,-1493.1,-2991.5,-Inf,-Inf,-Inf,-Inf,-Inf,-Inf,-Inf,1901,1901,-1490.9,-3002.3,-Inf,-Inf,-Inf,-Inf,-Inf,-Inf,-Inf,1901,1901,-1490.8,-2994,-Inf,-Inf,-Inf,-Inf,-Inf,-Inf,-Inf
1902,1902,-1499.5,-3002,-Inf,-Inf,-Inf,-Inf,-Inf,-Inf,-Inf,1902,1902,-1496.2,-3012,-Inf,-Inf,-Inf,-Inf,-Inf,-Inf,-Inf,1902,1902,-1495.4,-3004.6,-Inf,-Inf,-Inf,-Inf,-Inf,-Inf,-Inf
1903,1903,-1503.8,-3012.2,-Inf,-Inf,-Inf,-Inf,-Inf,-Inf,-Inf,1903,1903,-1500.3,-3022,-Inf,-Inf,-Inf,-Inf,-Inf,-Inf,-Inf,1903,1903,-1500.1,-3015.1,-Inf,-Inf,-Inf,-Inf,-Inf,-Inf,-Inf
1904,1904,-1508.8,-3022.1,-Inf,-Inf,-Inf,-Inf,-Inf,-Inf,-Inf,1904,1904,-1507.1,-3032.3,-Inf,-Inf,-Inf,-Inf,-Inf,-Inf,-Inf,1904,1904,-1506.3,-3025.3,-Inf,-Inf,-Inf,-Inf,-Inf,-Inf,-Inf
1905,1905,-1514.8,-3031.7,-Inf,-Inf,-Inf,-Inf,-Inf,-Inf,-Inf,1905,1905,-1510.1,-3042.8,-Inf,-Inf,-Inf,-Inf,-Inf,-Inf,-Inf,1905,1905,-1509.7,-3035.1,-Inf,-Inf,-Inf,-Inf,-Inf,-Inf,-Inf
1906,1906,-1518.3,-3041.5,-Inf,-Inf,-Inf,-Inf,-Inf,-Inf,-Inf,1906,1906,-1517.2,-3053.4,-Inf,-Inf,-Inf,-Inf,-Inf,-Inf,-Inf,1906,1906,-1516.9,-3044.7,-Inf,-Inf,-Inf,-Inf,-Inf,-Inf,-Inf
1907,1907,-1525.4,-3051.6,-Inf,-Inf,-Inf,-Inf,-Inf,-Inf,-Inf,1907,1907,-1520.5,-3063.7,-Inf,-Inf,-Inf,-Inf,-Inf,-Inf,-Inf,1907,1907,-1519.9,-3054.6,-Inf,-Inf,-Inf,-Inf,-Inf,-Inf,-Inf
1908,1908,-1528.4,-3062,-Inf,-Inf,-Inf,-Inf,-Inf,-Inf,-Inf,1908,1908,-1526.7,-3073.5,-Inf,-Inf,-Inf,-Inf,-Inf,-Inf,-Inf,1908,1908,-1526.6,-3064.7,-Inf,-Inf,-Inf,-Inf,-Inf,-Inf,-Inf
1909,1909,-1535.2,-3072.6,-Inf,-Inf,-Inf,-Inf,-Inf,-Inf,-Inf,1909,1909,-1531.3,-3083.2,-Inf,-Inf,-Inf,-Inf,-Inf,-Inf,-Inf,1909,1909,-1530.5,-3075.1,-Inf,-Inf,-Inf,-Inf,-Inf,-Inf,-Inf
1910,1910,14.707,22.775,28.379,47.66,72.586,72.234,63.185,57.656,51.647,1910,1910,14.636,24.847,32.768,48.009,69.617,66.036,65.182,59.512,61.064,1910,1910,17.5,29.316,35.813,45.411,65.324,69.599,72.935,60.43,57.337
1911,1911,20.992,27.369,33.27,47.646,70.322,70.838,66.666,58.811,47.384,1911,1911,24.291,22.292,33.553,48.974,73.051,71.663,66.888,53.694,40.954,1911,1911,24.099,26.315,34.857,46.396,67.293,71.937,73.964,56.146,41.203
1912,1912,11.794,27.741,34.304,48.435,72.134,72.091,71.239,60.534,48.483,1912,1912,21.212,17.448,31.311,49.321,69.508,70.111,70.29,63.681,66.177,1912,1912,16.937,22.954,35.878,46.971,63.141,71.865,75.277,60.523,60.67
1913,1913,13.643,15.85,36.208,51.087,70.684,70.523,74.058,62.212,45.815,1913,1913,13.57,20.954,37.4,48.834,71.312,68.399,72.654,58.057,41.988,1913,1913,9.0685,21.265,32.25,45.921,62.899,73.635,82.232,64.133,45.301
1914,1914,13.873,20.679,28.747,53.23,67.257,66.634,71.701,61.731,46.091,1914,1914,15.788,25.113,36.395,48.049,71.211,67.852,71.816,59.754,42.185,1914,1914,6.8655,19.059,38.044,49.192,63.94,69.756,80.168,64.53,44.692
1915,1915,9.277,21.777,35.333,48.073,62.5,63.571,72.565,64.193,45.725,1915,1915,13.804,26.385,32.392,48.76,73.126,68.47,71.888,61.9,43.24,1915,1915,1.4985,17.286,37.179,50.065,65.534,70.478,80.419,65.794,45.137
1916,1916,9.1398,21.044,36.866,48.953,63.998,63.034,70.361,63.629,46.098,1916,1916,18.057,19.924,31.18,48.863,64.824,61.562,70.856,60.128,41.57,1916,1916,0.95068,22.416,36.918,51.68,61.549,67.592,80.216,66.255,45.218
1917,1917,4.8148,18.272,33.468,43.045,66.344,67.237,76.165,66.297,46.416,1917,1917,8.2991,23.497,29.849,45.819,66.875,63.339,73.522,63.442,42.342,1917,1917,5.7181,18.22,31.957,46.639,62.996,71.693,83.247,68.826,47.107
1918,1918,9.7876,24.049,27.237,44.3,65.174,68.241,75.825,68.665,48.149,1918,1918,15.745,22.874,28.531,44.99,62.106,64.806,75.585,65.569,44.992,1918,1918,9.8027,15.448,34.838,43.056,61.858,74.416,85.912,71.175,48.853
1919,1919,14.729,23.902,31.389,43.76,62.449,66.861,77.348,71.256,49.401,1919,1919,17.552,17.6,34.284,43.24,64.28,65.493,76.047,67.684,46.052,1919,1919,3.4038,18.304,30.023,44.105,62.907,76.436,86.777,70.764,48.892
1920,1920,6.5521,19.801,29.767,45.966,64.989,67.905,79.94,73.032,51.147,1920,1920,15.345,27.983,32.136,47.186,63.116,67.265,79.814,70.419,48.062,1920,1920,1.795,18.843,30.006,46.363,61.681,79.216,91.352,75.741,53.437
1921,1921,9.3386,19.423,33.735,47.355,69.771,71.508,82.931,77.68,53.781,1921,1921,16.767,22.549,30.017,46.796,64.068,67.485,78.554,74.055,49.652,1921,1921,-1.3546,21.97,33.069,45.875,62.933,81.454,92.333,78.135,54.818
1922,1922,8.2281,27.075,37.155,44.558,64.049,69.668,83.075,78.39,54.246,1922,1922,14.947,23.408,30.446,48.847,59.982,66.659,80.777,74.817,50.917,1922,1922,3.3729,19.064,34.46,49.124,62.684,78.837,90.837,79.131,55.719
1923,1923,4.6837,19.79,35.866,43.924,64.448,68.448,82.248,78.603,53.663,1923,1923,11.866,19.877,30.463,49.45,61.729,65.534,80.477,74.761,50.216,1923,1923,5.3122,25.26,35.333,45.622,63.171,77.978,89.832,77.817,54.597
1924,1924,8.3323,24.856,37.185,42.443,63.913,65.465,79.371,74.83,51.113,1924,1924,11.248,21.856,35.307,46.788,61.647,62.472,78.951,74.04,48.945,1924,1924,6.7286,26.168,40.471,43.035,61.69,73.894,87.19,73.383,50.963
1925,1925,12.416,20.547,37.638,43.495,69.281,68.31,75.114,73.881,49.861,1925,1925,13.817,21.509,36.119,49.679,66.839,63.742,76.326,68.37,45.863,1925,1925,8.0694,24.172,43.009,46.089,64.621,70.471,84.937,70.723,48.596
1926,1926,5.865,24.892,38.309,47.952,73.169,71.465,72.719,67.951,47.115,1926,1926,2.5311,20.62,36.933,50.234,69.857,66.705,73.683,63.097,43.97,1926,1926,2.295,22.918,36.412,50.052,67.851,68.398,81.141,66.402,45.619
1927,1927,11.069,25.401,38.842,45.598,64.468,64.649,71.558,65.254,45.022,1927,1927,11.866,23.514,35.61,51.542,64.721,61.56,71.519,61.919,43.492,1927,1927,2.3913,21.777,43.913,50.103,63.221,66.734,80.137,65.542,45.453
1928,1928,1.1425,16.2,32.321,45.751,60.178,63.274,71.63,64.984,46.495,1928,1928,15.822,25.9,32.94,49.258,63.375,61.349,71.698,61.898,43.851,1928,1928,2.0962,26.308,39.534,48.68,61.15,68.619,81.045,66.244,45.97
1929,1929,4.2735,25.48,34.773,46.033,58.84,62.912,71.212,65.384,44.901,1929,1929,12.681,24.963,37.022,46.204,65.545,62.372,70.523,62.806,43.115,1929,1929,-3.1813,21.632,42.449,48.82,62.972,69.637,79.783,65.203,45.346
1930,1930,14.435,21.397,33.528,43.264,58.515,59.221,69.898,63.789,46.083,1930,1930,19.99,24.919,30.078,49.284,62.672,59.586,67.341,61.236,42.289,1930,1930,2.225,15.601,32.195,45.707,59.124,66.267,79.575,65.138,44.93
1931,1931,15.95,20.75,35.124,44.668,65.896,65.191,64.49,59.38,43.353,1931,1931,10.914,26.931,36.549,50.147,68.298,64.365,66.051,58.178,40.979,1931,1931,0.50088,25.869,39.378,47.076,61.93,67.637,74.767,59.817,42.862
1932,1932,8.7319,22.603,29.462,47.12,72.219,71.505,66.73,58.897,44.584,1932,1932,13.614,24.257,34.755,50.101,69.328,66.282,66.272,55.522,40.768,1932,1932,5.0358,28.18,35.798,45.119,65.585,69.427,75.85,58.206,42.243
1933,1933,8.6488,18.872,31.933,47.07,70.463,71.462,67.345,58.96,42.825,1933,1933,10.357,21.665,34.631,50.34,67.621,67.489,67.278,55.258,40.176,1933,1933,-1.6042,18.783,32.424,47.174,65.668,73.776,74.552,57.212,41.488
1934,1934,9.0662,25.384,33.301,49.52,79.393,78.615,71.2,61.317,46.367,1934,1934,17.932,22.715,36.4,54.361,71.234,70.96,69.977,58.543,42.094,1934,1934,4.009,20.052,30.895,46.912,66.777,72.138,81.574,64.811,45.775
1935,1935,18.033,20.897,28.337,48.817,70.544,71.278,70.266,62.653,45.887,1935,1935,19.067,19.685,33.017,54.533,71.155,68.499,71.321,60.874,44.44,1935,1935,-0.49828,21.195,35.223,49.002,66.696,72.381,81.334,64.775,45.971
1936,1936,16.536,24.743,34.145,50.402,76.713,76.644,70.871,64.545,52.91,1936,1936,15.038,25.354,35.608,55.06,71.807,70.499,71.361,70.469,53.231,1936,1936,-1.2999,26.868,33.756,46.252,67.245,71.855,83.219,67.13,48.335
1937,1937,14.34,24.528,34.743,52.215,70.719,71.336,72.187,64.222,49.897,1937,1937,13.191,17.248,38.657,58.2,69.425,66.865,71.146,61.54,48.402,1937,1937,-2.3946,20.13,32.136,49.829,66.362,74.041,81.458,65.373,48.064
1938,1938,10.986,23.818,33.837,53.595,70.89,71.983,71.302,61.814,49.244,1938,1938,10.776,24.728,34.142,56.587,69.81,68.407,70.486,61.283,46.066,1938,1938,6.0668,17.765,32.446,50.176,63.995,71.158,81.099,63.703,46.621
1939,1939,12.143,11.691,38.894,51.119,71.391,70.372,66.771,61.084,47.652,1939,1939,20.728,25.073,34.195,56.137,69.793,68.099,68.061,60.439,44.487,1939,1939,9.4806,20.21,36.035,51.743,65.037,73.282,77.657,62.372,45.142
1940,1940,14.419,24.366,36.193,45.494,64.21,63.044,64.969,58.862,44.714,1940,1940,26.627,27.955,37.013,48.064,66.943,64.058,65.931,56.87,41.75,1940,1940,13.808,16.068,31.583,51.965,64.234,70.602,74.694,58.518,43.164
1941,1941,17.879,22.515,31.427,44.602,62.671,62.347,60.267,56.056,44.541,1941,1941,22.11,20.828,35.476,44.738,65.39,63.925,61.737,53.006,40.379,1941,1941,11.108,23.92,31.232,46.071,62.585,68.811,71.269,56.1,42.226
1942,1942,16.671,17.492,32.769,36.296,56.313,57.458,58.047,55.32,41.308,1942,1942,25.203,23.098,30.088,37.447,57.226,55.079,59.232,52.67,38.858,1942,1942,5.4674,19.256,27.976,43.744,55.477,64.867,69.842,54.198,39.918
1943,1943,16.956,23.748,30.808,38.502,60.511,61.126,58.437,55.744,43.585,1943,1943,20.548,19.261,31.894,41.58,57.455,57.699,58.55,51.518,38.58,1943,1943,3.1184,17.586,29.549,40.197,53.999,63.963,69.379,53.637,40.791
1944,1944,9.3214,26.37,24.345,39.33,56.225,56.024,56.931,56.594,41.928,1944,1944,11.698,21.087,28.17,36.493,57.941,55.698,55.589,50.92,38.411,1944,1944,8.4289,19.497,30.534,38.011,54.377,60.798,66.997,51.899,39.808
1945,1945,14.026,25.446,29.579,37.619,56.13,55.324,54.178,55.258,43.839,1945,1945,18.092,23.382,29.853,37.723,56.621,53.264,55.091,51.527,38.388,1945,1945,-4.2581,17.808,32.716,36.438,49.068,60.211,65.656,50.494,38.808
1946,1946,1.8727,23.864,32.483,35.687,56.491,55.487,55.622,54.457,41.568,1946,1946,16.508,21.927,32.036,38.355,53.214,52.153,56.522,50.581,37.364,1946,1946,-4.4566,17.657,29.5,36.941,49.675,60.047,66.704,51.464,38.361
1947,1947,10.482,17.694,29.576,38.28,53.693,54.314,54.619,55.168,44.109,1947,1947,14.985,23.474,23.539,33.232,51.204,50.967,54.02,51.22,38.688,1947,1947,-2.7391,21.215,29.493,37.043,49.425,58.288,65.991,51.934,39.392
1948,1948,11.975,20.326,23.682,40.265,57.325,54.2,56.773,53.63,41.615,1948,1948,18.115,26.766,28.547,41.16,54.756,53.04,55.595,50.85,37.958,1948,1948,4.8115,21.213,30.732,40.212,52.918,61.246,67.724,53.444,39.131
1949,1949,7.1875,24.386,30.476,35.899,53.681,51.765,54.24,55.577,43.533,1949,1949,13.765,20.944,26.811,38.543,52.509,52.555,55.35,50.441,37.942,1949,1949,1.7931,13.407,25.847,34.552,50.713,62.179,65.859,52.233,39.375
1950,1950,15.641,21.521,28.967,39.4,56.234,54.415,54.272,54.349,41.728,1950,1950,18.983,20.39,31.257,40.763,54.63,51.725,53.657,51.647,37.971,1950,1950,6.2915,12.083,29.168,37.735,48.987,58.462,65.657,53.459,38.88
1951,1951,14.177,22.671,26.98,42.455,55.809,54.375,55.92,54.907,43.586,1951,1951,15.714,19.626,33.2,40.266,52.023,50.88,54.737,51.073,37.689,1951,1951,2.4763,14.617,30.893,36.944,48.65,58.299,66.599,53.294,38.943
1952,1952,7.164,22.804,26.487,39.605,54.831,52.942,55.137,55.981,42.008,1952,1952,16.361,26.714,33.592,38.325,53.016,51.631,54.983,52.886,38.283,1952,1952,8.1505,16.766,33.78,38.317,47.477,58.038,66.344,53.52,38.751
1953,1953,15.104,14.648,31.49,39.941,54.881,53.922,55.704,54.68,44.252,1953,1953,15.829,21.924,35.306,45.851,52.305,50.752,56.361,51.655,39.097,1953,1953,1.2043,22.813,34.723,39.467,49.145,57.673,67.028,53.301,39.177
1954,1954,9.3238,20.253,31.487,41.624,58.03,54.971,55.563,52.259,41.06,1954,1954,15.229,17.527,33.554,42.632,59.312,55.966,57.744,51.696,38.387,1954,1954,1.1968,15.088,31.025,40.353,52.033,58.354,65.951,52.234,38.749
1955,1955,11.154,25.964,32.451,40.874,53.038,51.414,57.481,54.017,44.274,1955,1955,18.609,22.197,28.926,41.363,53.574,51.879,56.056,50.732,38.329,1955,1955,1.6321,20.432,32.43,38.208,47.31,57.918,67.606,52.307,39.108
1956,1956,16.122,27.221,25.442,41.53,55.561,56.285,54.253,54.886,41.436,1956,1956,17.439,21.599,33.483,46.188,53.429,53.717,56.894,50.924,38.789,1956,1956,6.9453,19.366,31.01,40.328,51.966,58.517,66.792,52.101,38.869
1957,1957,16.583,16.105,30.063,37.525,54.788,53.606,57.238,54.836,43.56,1957,1957,14.176,18.516,29.04,42.529,56.551,54.652,58.097,58.145,41.293,1957,1957,0.041303,19.235,32.836,40.447,51.595,58.511,67.378,52.654,39.449
1958,1958,9.7725,22.18,33.243,41.045,52.098,55.686,67.409,55.998,42.856,1958,1958,20.527,20.407,33.631,42.445,54.6,55.207,69.181,58.812,41.546,1958,1958,9.4374,25.071,36.533,43.162,52.496,61.78,77.044,60.499,42.362
1959,1959,12.414,19.966,36.338,44.949,60.375,60.714,68.494,57.48,44.871,1959,1959,20.426,25.361,33.392,44.507,58.987,58.408,68.886,56.42,39.823,1959,1959,7.1702,25.191,40.047,43.94,56.718,66.598,80.419,62.525,43.511
1960,1960,13.321,23.44,37.401,41.092,61.555,63.953,68.572,57.463,41.961,1960,1960,25.121,29.155,40.17,44.084,61.092,62.205,69.294,55.79,39.876,1960,1960,15.328,24.428,35.372,45.337,61.186,68.503,79.374,63.09,43.4
1961,1961,19.609,25.258,29.291,46.769,68.688,68.942,70.845,60.049,45.285,1961,1961,20.419,22.453,35.069,44.708,65.868,64.833,70.561,58.086,40.985,1961,1961,9.8639,18.941,34.388,41.577,63.111,71.341,78.493,61.339,43.177
1962,1962,16.299,19.111,32.329,45.824,64.343,66.243,71.212,61.876,43.426,1962,1962,25.099,19.665,34.466,48.61,60.244,62.171,72.362,60.242,41.792,1962,1962,8.7334,18.968,32.755,46.296,61.91,70.704,81.371,65.708,45.688
1963,1963,5.9955,25.592,33.165,45.143,64.799,65.674,67.722,63.184,45.404,1963,1963,21.789,23.571,32.261,45.507,66.889,65.22,67.07,61.057,41.837,1963,1963,6.1154,24.927,37.159,45.265,60.351,70.394,78.715,65.203,44.641
1964,1964,9.3528,23.699,39.6,49.238,67.169,68.797,66.473,65.912,45.937,1964,1964,10.452,22.836,37.663,44.574,63.108,62.908,67.592,62.53,43.426,1964,1964,7.6595,22.189,40.225,49.425,65.181,71.864,76.724,63.263,44.349
1965,1965,15.615,28.687,37.255,46.017,66.059,65.605,66.101,64.451,45.974,1965,1965,8.8409,23.437,37.63,45.373,64.102,61.499,66.125,62.002,42.762,1965,1965,5.7274,29.471,42.897,45.63,62.742,66.645,74.493,62.241,43.469
1966,1966,15.746,21.401,30.672,45.138,62.74,62.323,71.843,69.918,48.346,1966,1966,16.779,19.533,29.636,45.395,61.266,60.166,73.199,67.382,47.542,1966,1966,4.4997,21.215,35.798,44.123,61.468,66.926,80.187,69.563,47.42
1967,1967,17.562,21.392,25.97,42.288,57.044,62.32,78.028,73.64,52.438,1967,1967,19.011,20.062,33.073,42.729,58.993,61.56,78.741,73.347,51.624,1967,1967,4.6992,17.854,34.534,44.175,60.609,70.481,88.332,76.052,53.754
1968,1968,10.292,30.358,31.791,43.188,66.441,69.378,81.015,77.672,54.94,1968,1968,21.588,27.639,32.328,44.002,65.391,64.119,78.946,74.728,53.408,1968,1968,9.9221,19.142,32.781,47.051,63.498,72.643,90.777,77.927,55.736
1969,1969,10.301,25.488,33.026,46.008,64.937,69.017,84.048,77.933,55.617,1969,1969,24.759,21.316,25.805,45.284,64.49,65.82,81.231,75.435,54.159,1969,1969,11.736,17.927,35.911,47.646,63.891,75.699,93.001,79.657,57.493
1970,1970,15.981,15.702,32.197,42.977,65.603,71.2,87.979,83.501,59.489,1970,1970,12.81,13.026,30.281,43.697,63.551,69.597,85.771,78.908,56.189,1970,1970,1.7865,20.738,35.573,45.217,65.471,78.838,94.7,81.358,58.79
1971,1971,13,25.62,32.511,45.462,68.257,73.446,88.826,85.482,61.308,1971,1971,10.67,16.899,29.928,45.946,70.447,72.364,88.144,80.972,57.878,1971,1971,4.4675,14.183,35.199,47.858,66.899,82.634,98.1,85.292,62.146
1972,1972,13.168,23.791,30.096,40.674,65.809,76.632,90.049,84.51,60.607,1972,1972,22.09,24.984,32.896,43.058,67.024,74.099,88.805,80.405,57.67,1972,1972,4.4145,25.043,31.065,42.268,65.392,88.314,97.894,84.179,61.093
1973,1973,14.65,19.919,29.379,39.914,67.96,78.509,88.779,82.599,59.014,1973,1973,21.159,26.75,32.879,42.709,66.946,75.756,86.893,77.956,55.602,1973,1973,9.4034,21.919,36.259,43.201,65.998,89.41,97.231,83.582,60.627
1974,1974,10.913,26.294,31.479,42.903,68.154,70.331,77.982,67.632,50.07,1974,1974,12.412,26.594,27.883,42.887,67.785,69.63,78.227,66.422,49.39,1974,1974,12.435,24.693,37.36,47.917,63.718,80.871,89.088,74.526,70.936
1975,1975,17.598,23.575,33.289,41.656,68.552,70.339,75.516,66.836,47.194,1975,1975,22.74,25.274,34.922,39.6,61.667,68.772,74.14,62.531,42.673,1975,1975,18.186,19.578,39.461,38.702,58.801,78.17,85.011,69.351,47.403
1976,1976,17.688,22.124,31.588,38.001,63.319,73.672,74.973,64.602,46.902,1976,1976,25.395,27.571,30.562,41.361,59.101,67.68,72.429,60.79,41.494,1976,1976,13.293,25.275,33.806,43.584,64.888,83.424,86.096,67.268,46.46
1977,1977,12.159,18.504,36.194,42.929,65.667,70.779,71.753,63.604,44.875,1977,1977,22.96,26.378,37.33,41.735,63.696,65.086,70.432,59.649,41.101,1977,1977,2.2086,20.659,40.82,45.254,64.093,78.84,81.927,65.047,44.292
1978,1978,4.8329,24.065,31.094,39.363,66.952,71.588,68.869,62.627,45.972,1978,1978,7.864,16.909,37.302,39.459,60.349,59.963,66.071,57.823,40.725,1978,1978,-3.6754,17.433,36.859,41.415,61.993,71.276,76.535,63.78,43.35
1979,1979,8.7099,24.516,29.976,41.686,62.406,65.25,66.118,64.009,47.473,1979,1979,20.064,26.147,33.339,42.801,61.343,61.497,64.813,59.825,48.853,1979,1979,6.48,20.942,36.42,43.835,59.928,67.888,77.791,65.517,46.029
1980,1980,14.768,26.818,29.219,40.034,69.995,70.949,70.677,72.555,57.187,1980,1980,24.645,25.543,36.496,40.559,64.34,65.351,67.87,65.063,53.041,1980,1980,11.358,25.636,41.353,42.342,62.347,71.315,75.846,64.986,49.404
1981,1981,15.104,26.019,31.06,43.271,74.689,74.284,65.504,66.052,50.365,1981,1981,18.462,24.275,34.914,44.459,68.183,66.667,65.289,61.595,47.159,1981,1981,6.9436,24.139,39.562,42.652,66.338,73.383,73.508,59.76,44.032
1982,1982,5.2472,20.665,33.83,42.869,69.37,69.743,61.299,56.699,42.661,1982,1982,18.725,25.79,35.719,42.501,64.961,63.761,60.716,53.543,39.21,1982,1982,10.81,19.007,40.202,44.587,61.718,68.778,71.85,56.25,40.154
1983,1983,15.305,26.017,28.427,38.098,63.416,61.141,60.097,56.849,43.827,1983,1983,21.528,15.669,30.884,42.558,61.358,58.762,58.538,54.521,39.75,1983,1983,4.5501,20.954,36.589,41.867,56.774,64.814,69.733,56.526,40.752
1984,1984,5.7352,20.564,25.122,45.156,65.651,65.874,62.442,57.234,41.562,1984,1984,15.916,23.329,32.562,47.736,66.584,63.908,64.151,53.105,39.203,1984,1984,-0.86229,23.54,31.664,44.861,60.871,66.613,69.153,54.994,39.92
1985,1985,12.02,14.149,29.472,47.779,63.885,67.805,63.729,58.803,45.147,1985,1985,17.521,26.349,32.305,48.25,63.215,64.638,65.499,55.011,40.655,1985,1985,4.0323,21.499,28.425,42.936,60.767,67.455,71.674,56.944,41.047
1986,1986,9.9246,21.623,30.068,51.49,68.792,68.088,67.152,60.276,43.59,1986,1986,14.703,24.978,33.344,50.676,65.937,64.699,68.581,54.98,40.097,1986,1986,2.6065,22.632,31.811,47.508,64.077,69.947,74.307,58.113,40.654
1987,1987,8.8846,25.384,32.259,50.544,66.488,68.074,65.766,58.291,44.478,1987,1987,9.7604,25.864,34.307,50.233,62.259,65.229,65.734,52.569,39.255,1987,1987,-3.9035,19.908,33.034,46.211,59.552,69.162,73.544,56.599,40.666
1988,1988,7.3938,20.873,30.341,52.259,68.204,70.519,68.616,59.229,43.667,1988,1988,17.722,20.595,34.078,53.99,71.339,70.831,70.595,55.22,39.792,1988,1988,5.3308,18.26,31.307,46.396,67.458,73.735,75.775,57.873,41.286
1989,1989,4.5536,21.142,38.577,54.711,71.54,72.964,70.51,63.793,46.925,1989,1989,17.563,20.846,34.257,52.461,67.236,67.208,70.76,58.176,41.682,1989,1989,3.3098,14.963,39.954,50.964,62.044,72.477,79.476,64.124,44.198
1990,1990,4.4936,24.195,35.723,54.333,67.728,68.971,71.215,64.55,46.167,1990,1990,18.572,26.15,31.994,50.522,66.89,65.802,69.745,61.876,43.375,1990,1990,-1.1505,21.036,39.375,53.847,64.05,74.454,79.678,66.867,45.268
1991,1991,11.051,24.608,34.645,53.276,67.987,69.696,70.826,65.206,46.558,1991,1991,25.616,24.602,36.659,50.893,65.11,65.163,71.215,60.615,42.231,1991,1991,10.335,16.99,38.709,50.041,62.789,72.12,78.761,65.959,44.669
1992,1992,11.367,20.685,33.574,47.845,66.11,66.29,70.114,63.655,45.063,1992,1992,25.866,22.085,34.191,44.997,70.732,67.068,70.245,61.228,42.324,1992,1992,9.4631,22.266,37.885,45.848,62.921,67.728,79.027,65.43,44.775
1993,1993,7.3812,19.572,30.042,44.428,69.681,69.809,72.5,66.937,47.219,1993,1993,22.534,20.582,36.427,43.918,65.636,62.94,72.433,62.489,42.76,1993,1993,9.1866,21.676,36.548,45.122,62.347,71.374,81.443,66.221,45.091
1994,1994,14.926,24.683,33.79,44.681,67.734,71.024,75.874,69.001,48.985,1994,1994,21.878,26.131,39.498,44.346,63.443,65.369,76.014,66.297,45.362,1994,1994,2.0375,19.099,38.705,43.722,62.905,75.028,86.164,71.654,49.574
1995,1995,13.775,21.742,35.401,42.483,69.445,71.258,78.946,72.084,50.608,1995,1995,16.197,30.697,38.234,48.428,64.399,67.53,77.756,68.782,46.579,1995,1995,6.5701,12.807,36.265,44.925,64.36,78.471,89.078,73.41,51.143
1996,1996,14.967,24.753,35.73,43.462,68.172,70.269,81.656,75.223,53.107,1996,1996,17.376,26.419,30.526,42.889,68.066,68.683,78.441,72.425,50.421,1996,1996,6.9653,19.561,35.915,47.221,65.835,82.667,91.43,74.962,52.729
1997,1997,9.1362,20.877,32.812,44.608,69.145,72.067,82.981,79.882,56.942,1997,1997,19.771,17.141,35.172,45.371,71.77,70.914,81.468,75.801,52.417,1997,1997,9.0057,14.508,34.788,49.024,69.289,84.115,91.974,78.773,55.681
1998,1998,8.997,20.087,34.909,44.957,72.157,72.485,83.63,81.71,58.357,1998,1998,15.191,22.127,28.016,50.274,68.297,68.467,81.701,76.099,54.305,1998,1998,5.7449,16.652,35.234,45.909,68.508,81.535,92.453,80.691,57.664
1999,1999,13.821,23.648,33.895,46.725,71.142,72.544,83.279,78.205,55.867,1999,1999,18.904,24.546,32.546,46.781,71.905,70.695,80.634,74.945,52.792,1999,1999,8.5496,19.291,32.608,47.811,67.957,77.931,91.465,79.681,56.71
2000,2000,12.654,15.464,33.172,49.047,73.6,73.314,78.814,76.109,54.109,2000,2000,9.8229,24.99,37.187,47.762,68.993,67.441,77.601,72.236,50.986,2000,2000,11.292,22.467,35.162,48.909,67.655,74.979,88.323,76.136,53.441
2001,2001,10.407,23.386,35.186,51.315,68.997,70.828,76.786,69.808,49.895,2001,2001,17.851,24.264,34.822,50.713,75.555,73.137,74.748,66.935,46.452,2001,2001,5.9454,11.098,35.197,50.663,67.605,74.126,85.051,71.222,49.537
2002,2002,9.1851,26.488,38.693,51.95,78.102,77.928,75.008,67.786,48.078,2002,2002,16.046,23.433,34.475,52.334,75.982,73.607,75.466,64.951,47.333,2002,2002,-5.7928,24.231,36.074,50.121,69.293,74.669,85.442,69.817,50.286
2003,2003,13.69,16.219,36.448,52.536,71.743,71.416,74.402,65.123,47.611,2003,2003,12.487,18.409,32.886,55.766,72.065,68.548,73.81,63.997,45.876,2003,2003,7.1701,25.122,36.497,53.929,67.66,74.747,81.837,66.178,48.084
2004,2004,13.223,25.623,37.527,53.38,69.92,71.69,72,65.777,48.276,2004,2004,13.708,17.057,34.641,56.006,69.467,67.615,73.176,63.72,45.721,2004,2004,7.8869,16.115,38.152,52.645,68.624,75.425,82.56,65.988,47.751
2005,2005,10.963,25.803,34.573,51.986,71.242,71.835,70.679,64.915,50.046,2005,2005,8.0861,22.406,32.076,54.35,71.074,71.463,67.319,61.876,46.131,2005,2005,3.4122,21.327,34.82,47.996,70.008,76.722,78.049,63.989,49.294
2006,2006,11.706,17.545,32.607,47.658,68.008,66.388,66.015,62.504,48.919,2006,2006,7.7385,20.266,30.83,47.943,69.654,67.495,66.177,60.197,43.689,2006,2006,1.4234,20.424,37.326,46.527,63.512,70.56,76.309,62.928,46.966
2007,2007,12.524,26.225,32.853,47.196,65.367,64.146,69.383,63.145,46.796,2007,2007,16.003,24.155,31.898,42.968,65.606,61.982,67.15,59.28,42.367,2007,2007,-0.74844,22.316,36.476,47.64,62.951,69.486,80.601,65.196,45.183
2008,2008,7.2456,24.2,34.308,48.471,62.655,64.013,69.577,66.501,51.712,2008,2008,12.306,26.738,32.867,42.496,60.367,60.053,68.46,58.841,45.803,2008,2008,5.9426,19.39,32.391,41.048,60.548,68.2,79.93,64.356,47.19
2009,2009,15.839,20.077,34.677,45.4,60.792,60.961,70.141,66.964,50.92,2009,2009,14.193,26.912,33.899,43.337,60.575,60.315,69.724,62.029,46.221,2009,2009,5.1634,19.237,34.682,42.53,60.742,68.63,80.645,64.933,46.703
2010,2010,10.718,22.136,33.127,47.143,62.718,64.959,67.37,60.461,45.477,2010,2010,16.348,23.76,34.864,46.246,64.665,62.702,68.157,58.631,42.456,2010,2010,2.8207,10.506,32.423,41.682,60.153,68.74,78.266,61.856,44.556
2011,2011,13.664,24.282,29.334,42.876,67.066,68.219,67.091,60.742,47.775,2011,2011,10.534,22.212,34.461,40.755,60.25,59.752,66.82,60.266,43.509,2011,2011,2.6893,13.468,22.725,43.266,60.344,68.504,77.538,61.961,45.244
2012,2012,13.71,24.035,29.101,44.153,60.938,60.643,62.191,62.054,49.266,2012,2012,21.625,18.284,35.163,44.435,61.934,61.252,64.098,61.302,45.829,2012,2012,8.1012,16.77,30.303,42.283,60.442,65.913,72.716,59.836,46.211
2013,2013,13.327,25.126,32.042,44.754,62.288,64.246,62.78,62.029,50.771,2013,2013,19.803,20.99,33.188,46.152,59.35,58.564,63.879,61.332,47.3,2013,2013,8.2931,23.135,36.283,43.971,58.138,64.998,72.931,60.479,46.669
2014,2014,12.193,25.091,30.129,42.458,56.346,58.078,59.181,58.802,45.898,2014,2014,17.59,22.758,33.171,47.189,61.29,59.288,58.821,57.91,44.262,2014,2014,3.5268,17.012,29.82,42.141,56.337,63.301,70.079,57.7,43.386
2015,2015,13.869,20.548,33.687,41.268,56.086,56.119,58.935,58.749,46.155,2015,2015,19.85,27.245,33.265,42.675,59.747,57.933,58.823,58.013,42.666,2015,2015,7.8202,20.359,27.751,42.057,55.493,63.028,70.219,57.178,41.721
2016,2016,12.016,20.982,29.719,40.524,61.21,59.764,58.405,57.633,44.01,2016,2016,15.224,25.07,35.717,45.413,62.78,59.848,57.824,56.134,40.802,2016,2016,2.9326,19.969,33.178,40.135,59.396,63.745,66.872,54.609,40.491
2017,2017,4.556,17.739,30.318,42.358,54.462,52.655,55.803,55.419,44.065,2017,2017,13.303,22.51,33.79,42.087,54.343,53.025,56.108,52.486,39.578,2017,2017,4.8412,24.015,32.543,39.714,54.822,62.62,67.304,53.88,39.984
2018,2018,5.5357,20.6,28.887,39.282,52.055,53.717,56.344,55.368,41.958,2018,2018,4.0493,23.276,36.039,41.661,54.598,55.933,55.869,50.786,38.776,2018,2018,0.83771,25.308,33.658,38.875,56.173,63.239,67.269,53.385,39.665
2019,2019,9.8789,27.101,31.066,37.99,56.486,57.132,55.715,54.938,43.561,2019,2019,6.3864,20.257,31.501,40.842,57.461,58.669,58.265,51.577,38.185,2019,2019,0.95394,21.129,30.669,40.143,56.568,62.747,67.437,52.898,39.898
2020,2020,12.61,25.236,24.121,40.574,62.057,62.397,55.769,55.376,42.096,2020,2020,13.076,19.417,35.913,40.896,58.618,58.972,56.098,51.834,37.953,2020,2020,7.5471,22.557,28.879,38.655,55.4,64.153,69.38,54.483,39.271
2021,2021,6.6316,24.977,28.361,38.841,52.58,54.699,57.743,55.294,43.663,2021,2021,19.478,24.051,27.776,38.961,55.606,55.354,57.694,52.774,38.716,2021,2021,4.7332,20.66,29.692,40.31,53.468,62.581,69.489,54.885,39.428
2022,2022,4.5516,21.094,26.577,35.966,55.842,56.63,56.247,53.974,41.177,2022,2022,18.162,28.11,31.776,41.512,52.54,52.702,57.329,50.893,37.963,2022,2022,5.3013,22.272,30.447,38.995,50.733,60.041,66.529,53.1,38.359
2023,2023,9.9175,19.993,26.595,46.13,54.196,57.48,56.913,54.726,43.457,2023,2023,17.63,27.818,29.217,40.101,54.371,54.04,54.984,52.417,38.466,2023,2023,-3.9562,18.139,28.257,38.589,52.468,62.454,67.328,54.036,39.646
2024,2024,15.633,20.567,25.646,51.379,57.515,56.256,58.55,54.732,41.133,2024,2024,16.324,21.937,29.279,44.283,58.607,56.28,56.26,51.512,37.979,2024,2024,3.0525,19.463,30.725,45.222,52.071,62.669,68.781,55.822,39.309
2025,2025,15.944,21.286,27.221,48.132,54.763,54.572,59.52,56.094,41.279,2025,2025,14.935,23.873,31.9,41.693,54.15,54.105,59.092,54.737,38.655,2025,2025,2.8682,15.38,28.025,37.994,50.722,63.002,69.354,55.754,38.715
2026,2026,10.432,22.466,26.936,38.852,58.271,62.339,63.461,59.451,43.886,2026,2026,14.886,23.203,29.598,39.733,58.206,60.459,63.967,57.331,39.418,2026,2026,4.1415,18.433,31.131,39.564,57.167,70.004,71.938,58.987,40.591
2027,2027,3.6421,18.295,27.682,40.842,60.666,62.615,66.092,62.757,42.982,2027,2027,13.729,21.221,34.124,41.416,61.093,59.955,66.802,59.903,40.505,2027,2027,5.4292,14.682,31.787,40.995,61.251,69.655,74.501,60.08,40.873
2028,2028,10.487,24.514,33.222,41.197,61.032,61.097,65.792,62.283,44.834,2028,2028,15.663,19.009,32.126,41.222,60.259,59.071,63.998,59.19,41.055,2028,2028,-2.2167,14.1,33.154,44.252,60.071,65.047,74.437,62.456,41.776
2029,2029,16.789,24.361,27.252,40.017,58.723,59.994,65.252,63.774,44.163,2029,2029,22.229,20.259,34.99,38.073,59.757,60.931,65.061,60.478,41.933,2029,2029,-2.5279,14.153,29.676,38.586,59.93,71.867,74.252,62.309,41.6
2030,2030,8.7689,23.61,28.844,44.106,56.319,60.679,67.827,62.89,44.923,2030,2030,22.78,23.725,34.683,39.908,54.667,57.415,66.812,60.129,41.501,2030,2030,5.9696,21.018,36.541,40.178,53.621,68.688,75.213,63.247,42.193
2031,2031,12.263,17.299,26.833,42.619,60.629,62.624,63.575,56.474,41.561,2031,2031,17.579,24.193,30.409,36.785,56.9,56.247,63.71,54.208,38.319,2031,2031,3.212,20.6,30.275,41.109,55.035,64.894,73.159,58.275,40.182
2032,2032,14.331,23.416,30.329,41.233,66.157,66.515,66.479,62.254,45.084,2032,2032,24.652,22.611,27.412,40.115,59.491,61.078,67.26,58.886,40.847,2032,2032,1.694,13.633,24.987,40.238,58.108,68.59,76.976,63.151,42.218
2033,2033,12.758,18.427,32.341,40.009,62.075,60.713,64.224,59.118,44.019,2033,2033,18.93,27.707,35.481,43.448,62.736,61.891,61.994,55.538,39.687,2033,2033,0.9962,17.305,36.737,39.848,57.655,66.64,74.487,59.693,41.272
2034,2034,11.306,21.144,32.185,39.187,59.537,59.977,63.877,59.464,44.529,2034,2034,25.32,28.412,32.112,39.611,64.241,62.449,65.555,58.121,41.197,2034,2034,8.9449,20.982,33.483,40.536,57.23,65.863,74.27,60.808,41.974
2035,2035,11.643,18.643,36.307,40.352,65.058,64.588,68.463,61.404,43.847,2035,2035,18.844,19.315,30.156,39.279,63.304,62.734,69.568,58.588,40.824,2035,2035,5.1825,18.389,32.13,40.873,58.003,68.358,81.772,68.035,46.645
2036,2036,16.536,27.251,30.137,42.438,63.964,66.875,70.823,63.169,46.063,2036,2036,15.029,18.455,32.2,39.447,64.733,64.415,69.642,60.379,41.753,2036,2036,-5.9271,20.269,34.58,34.737,57.736,70.051,81.192,67.525,46.178
2037,2037,9.2191,18.953,29.105,44.367,64.535,67.611,71.733,65.859,46.005,2037,2037,20.617,16.593,26.731,40.744,67.184,66.423,70.121,63.48,43.658,2037,2037,4.6159,22.01,33.329,38.787,61.817,73.207,80.546,66.791,46.294
2038,2038,13.527,18.2,29.913,49.081,65.247,67.916,70.139,64.27,46.223,2038,2038,20.561,18.104,34.57,41.864,64.542,65.337,68.522,61.476,43.294,2038,2038,5.5989,21.099,34.894,42.495,61.268,72.421,79.188,65.406,45.098
2039,2039,6.2694,23.479,30.834,43.944,66.002,68.042,69.249,65.672,46.129,2039,2039,21.001,24.179,27.403,44.195,62.53,63.258,67.958,63.11,43.145,2039,2039,8.4664,19.231,32.918,40.346,60.858,70.865,76.98,64.158,44.512
2040,2040,3.646,22.278,31.777,38.892,63.187,65.185,63.763,63.827,46.123,2040,2040,21.871,23.62,27.272,43.706,64.404,63.5,63.467,60.788,42.811,2040,2040,10.425,25.119,35.548,40.841,63.949,67.99,73.915,62.516,43.495
2041,2041,9.4914,22.222,28.46,46.217,59.902,61.608,68.645,66.027,46.302,2041,2041,11.407,22.464,29.549,43.481,58.32,60.227,70.983,63.802,44.322,2041,2041,6.3917,19.75,31.149,45.272,61.363,67.089,77.912,66.921,45.761
2042,2042,6.5306,20.376,30.377,40.783,58.169,60.725,75.352,74.119,52.85,2042,2042,12.934,11.943,30.032,37.348,59.91,62.867,77.816,72.342,50.964,2042,2042,3.7086,18.916,31.399,43.736,61.625,70.667,85.168,74.047,51.686
2043,2043,8.6936,22.294,30.388,40.382,63.917,68.745,80.27,78.248,55.632,2043,2043,12.346,19.688,28.852,40.978,62.79,63.791,80.049,77.339,55.489,2043,2043,6.118,16.427,30.139,46.172,63.206,72.575,89.241,77.741,55.575
2044,2044,7.9726,25.673,32.687,42.653,65.45,67.407,81.286,78.399,56.111,2044,2044,10.522,26.091,30.396,40.232,65.315,65.315,79.809,77.032,55.506,2044,2044,7.9941,20.346,27.914,45.592,62.505,74.299,90.059,78.359,56.107
2045,2045,3.2981,26.379,33.758,42.45,68.559,72.246,85.433,83.116,59.249,2045,2045,14.027,22.561,29.025,44.182,63.886,69.524,83.953,78.817,57.047,2045,2045,5.6083,21.304,29.524,43.978,65.355,78.058,93.106,81.895,58.889
2046,2046,8.7644,21.276,29.565,39.838,67.463,73.042,88.489,84.865,61.181,2046,2046,13.698,17.115,31.998,39.303,66.468,73.091,87.533,80.683,57.55,2046,2046,-4.1194,19.105,29.471,43.075,64.632,81.18,96.905,84.533,61.289
2047,2047,10.598,23.806,27.98,41.934,69.724,76.992,88.899,84.654,60.964,2047,2047,10.943,20.99,33.15,39.61,66.237,74.705,88.407,79.441,57.358,2047,2047,2.9736,14.006,33.535,41.121,62.928,87.894,97.801,83.526,60.745
2048,2048,17.316,26.095,30.145,40.58,66.175,76.733,88.543,81.906,59.279,2048,2048,16.151,25.151,31.624,37.077,67.06,74.061,88.006,78.082,56.163,2048,2048,7.8049,18.466,29.929,41.056,64.049,89.449,98.018,83.73,61.262
2049,2049,15.575,27.951,29.913,39.901,62.67,75.698,86.814,74.481,53.408,2049,2049,10.489,16.456,34.241,38.118,58.926,74.736,84.072,72.188,50.669,2049,2049,7.9466,19.675,32.518,38.124,62.41,88.319,94.58,77.697,55.793
2050,2050,15.488,29.455,30.276,41.407,64.89,71.739,80.187,71.47,50.441,2050,2050,17.062,23.05,33.418,41.83,63.134,69.58,78.746,68.044,46.801,2050,2050,2.9628,24.002,29.383,40.669,63.207,82.477,90.053,74.289,51.928
2051,2051,12.58,24.789,27.386,38.153,62.467,69.839,76.219,66.453,47.584,2051,2051,16.983,17.204,31.101,39.766,60.366,70.206,73.765,62.639,42.658,2051,2051,2.6258,16.686,28.526,39.072,58.085,83.772,87.806,71.489,48.58
2052,2052,7.1582,24.585,33.573,43.093,62.422,67.835,72.752,62.161,45.418,2052,2052,6.8018,23.737,34.846,44.509,57.963,65.244,71.553,59.257,41.028,2052,2052,-5.9924,19.232,36.739,40.076,56.991,78.748,83.341,63.827,43.936
2053,2053,5.5224,27.488,29.585,40.915,61.546,68.01,72.666,62.692,44.427,2053,2053,11.617,26.275,28.032,41.079,62.056,65.289,70.294,59.556,40.614,2053,2053,0.99047,14.352,34.58,40.649,57.786,79.605,82.471,66.143,44.95
2054,2054,9.848,27.009,24.518,36.56,58.536,63.668,64.31,59.448,44.364,2054,2054,13.806,23.669,24.579,37.866,56.717,57.794,64.925,54.37,39.103,2054,2054,-2.0362,15.687,34.724,40.99,55.551,70.823,72.014,58.982,41.241
2055,2055,4.6263,26.887,29.422,39.36,60.836,64.457,56.15,56.873,42.984,2055,2055,12.868,25.294,32.527,37.175,54.659,54.541,58.64,53.314,40.897,2055,2055,2.662,20.236,34.169,36.736,54.298,65.333,68.2,55.059,40.626
2056,2056,6.1202,22.892,29.857,43.305,59.525,62.213,56.75,56.749,43.379,2056,2056,11.935,20.641,31.364,47.101,57.414,56.977,56.841,52.171,38.44,2056,2056,-3.5356,16.269,32.839,36.518,51.267,62.592,65.814,55.445,39.387
2057,2057,10.23,25.534,35.883,50.07,53.297,54.049,65.353,56.197,42.354,2057,2057,12.339,25.681,29.558,48.765,53.956,55.062,67.233,51.02,38.585,2057,2057,2.1885,16.111,31.131,40.848,51.318,63.199,72.785,53.912,39.654
2058,2058,10.162,25.086,36.345,48.757,62.235,66.507,60.514,54.238,44.216,2058,2058,15.813,28.02,34.843,49.575,59.403,59.217,64.627,50.945,38.93,2058,2058,-1.0677,20.513,32.024,42.463,58.775,68.975,68.722,54.028,39.829
2059,2059,17.691,25.084,30.235,40.775,55.384,55.586,56.194,54.994,41.26,2059,2059,21.497,24.049,30.487,43.145,53.675,53.144,54.685,50.511,37.898,2059,2059,3.3353,17.016,30.4,38.657,50.108,58.654,65.956,52.285,38.516
2060,2060,14.8,23.902,28.932,42.687,49.253,48.744,55.872,54.277,43.184,2060,2060,16.347,23.541,30.233,47.636,54.362,53.197,55.32,49.622,37.695,2060,2060,4.3325,23.26,30.772,39.634,51.678,59.493,64.263,50.79,38.412
2061,2061,9.4442,19.725,30.936,44.181,53.288,52.904,53.408,54.025,41.523,2061,2061,11.223,19.754,35.088,46.378,54.3,54.698,53.589,50.188,38.116,2061,2061,5.4987,23.218,34.479,39.205,50.78,59.724,64.365,51.846,39.003
2062,2062,10.577,21.021,30.625,45.144,50.379,50.791,53.697,52.224,43.586,2062,2062,7.6652,22.286,31.906,42.689,53.065,52.698,54.09,48.589,38.293,2062,2062,-5.3379,23.662,28.55,39.329,49.241,59.965,64.877,51.553,39.508
2063,2063,11.912,21.917,27.882,40.578,53.961,54.794,54.206,53.629,41.82,2063,2063,13.028,21.896,30.808,39.975,54.165,54.631,53.547,49.84,37.86,2063,2063,0.54336,19.703,31.797,38.309,48.705,60.075,64.268,51.278,38.276
2064,2064,7.5474,19.342,34.183,38.18,50.519,52.85,49.988,51.882,43.488,2064,2064,14.201,24.806,33.733,45.256,52.701,52.127,52.534,49.297,37.815,2064,2064,-1.9037,22.996,31.897,38.057,49.604,56.444,61.948,50.422,39.415
2065,2065,9.3382,21.912,31.919,37.662,51.972,53.368,53.185,52.77,40.749,2065,2065,10.775,25.281,30.976,42.517,51.947,50.555,53.924,49.381,37.769,2065,2065,-0.82669,27.284,32.286,38.44,48.414,56.621,64.01,51.038,38.34
2066,2066,-2.0362,17.755,28.824,41.849,53.051,54.795,53.289,54.29,43.042,2066,2066,8.3135,25.536,34.162,35.99,49.145,48.496,53.949,51.331,38.371,2066,2066,6.0741,26.43,36.452,34.821,47.215,55.48,63.268,50.551,38.547
2067,2067,5.5356,21.379,28.899,41.061,51.951,52.361,54.146,54.207,41.366,2067,2067,12.78,21.235,31.057,44.99,51.423,50.079,52.223,50,37.744,2067,2067,-3.4756,16.158,28.563,35.234,46.907,57.211,64.013,50.763,38.395
2068,2068,9.6999,24.838,30.565,39.54,51.429,50.949,52.449,54.059,40.572,2068,2068,10.952,16.99,27.217,38.191,52.939,49.784,53.375,49.494,37.233,2068,2068,-4.6167,18.93,32.151,38.688,49.237,55.677,63.145,50.099,38.299
2069,2069,4.8899,23.039,31.547,41.867,50.835,51.945,53.889,52.266,43.252,2069,2069,9.498,23.246,34.794,39.26,51.643,50.392,54.181,48.647,38.071,2069,2069,4.3964,22.126,28.733,37.399,45.35,54.117,64.118,50.366,38.42
2070,2070,4.5265,23.087,26.228,38.565,48.406,47.914,53.373,53.108,41.279,2070,2070,7.5895,23.731,33.173,39.118,48.677,48.451,53.426,49.526,37.409,2070,2070,4.0086,21.554,28.72,35.998,44.757,54.866,65.219,52.391,38.532
2071,2071,5.6978,23.901,29.212,43.239,49.742,47.607,52.484,53.884,43.453,2071,2071,11.592,25.387,31.019,41.49,52.12,49.821,53.086,50.46,38.532,2071,2071,-3.3116,13.989,32.069,36.484,47.849,53.895,63.49,51.274,39.148
2072,2072,9.8542,22.325,25.805,43.196,51.471,52.466,53.251,55.045,41.596,2072,2072,14.332,20.872,32.304,41.456,49.958,47.832,53.778,51.372,37.601,2072,2072,6.0442,21.717,33.293,36.23,47.614,54.387,64.729,52.187,39.027
2073,2073,11.175,23.571,28.067,34.407,51.886,51.653,53.95,52.816,43.47,2073,2073,12.395,22.59,24.016,42.389,52.014,51.17,52.275,49.205,37.813,2073,2073,5.3997,24.318,26.09,37.517,47.099,57.613,64.692,52.049,38.679
2074,2074,13.359,24.35,28.737,36.398,52.197,52.254,54.063,53.374,41.35,2074,2074,17.352,23.964,29.18,35.178,51.951,52.018,56.369,53.841,38.259,2074,2074,1.2229,20.671,27.21,36.449,45.843,55.999,67.017,54.836,39.054
2075,2075,15.474,24.551,29.955,41.271,48.508,50.103,54.858,53.768,43.968,2075,2075,17.954,21.997,32.179,39.794,54.166,51.613,56.484,54.446,38.939,2075,2075,6.5386,22.912,26.903,35.846,45.673,55.775,65.59,54.699,39.42
2076,2076,14.413,18.09,28.484,37.984,51.163,54.019,55.3,54.549,41.848,2076,2076,16.767,25.065,32.756,38.865,51.98,49.935,54.728,54.61,38.951,2076,2076,0.63891,24.306,32.131,37.163,48.137,59.759,66.91,56.099,39.941
2077,2077,16.638,22.494,30.088,39.773,49.604,52.168,54.258,56.026,44.058,2077,2077,19.873,19.33,32.174,43.468,54.136,51.589,56.493,53.755,39.57,2077,2077,3.3563,24.084,30.681,41.358,48.071,61.583,68.734,57.179,41.057
2078,2078,15.245,19.951,33.729,50.04,54.85,56.506,54.301,55.5,41.579,2078,2078,19.142,27.481,30.974,53.358,55.745,52.472,53.973,52.9,38.739,2078,2078,0.97578,22.084,32.516,49.743,50.413,58.535,65.697,55.045,39.184
2079,2079,13.631,20.021,31.235,47.542,52.657,53.493,56.058,52.962,43.783,2079,2079,18.369,25.192,31.248,48.59,53.237,52.299,58.106,51.845,38.832,2079,2079,3.8815,23.521,32.823,47.202,49.19,60.35,66.831,54.01,40.014
2080,2080,13.608,20.258,30.656,46.637,49.837,51.448,58.095,55.061,42.596,2080,2080,18.821,22.247,33.951,49.38,57.816,55.307,57.481,50.792,38.155,2080,2080,5.3328,25.567,36.216,46.823,49.104,59.605,69.024,54.81,39.771
2081,2081,12.809,26.552,27.787,43.277,53.894,54.481,59.012,54.258,44.433,2081,2081,15.16,22.74,31.016,43.807,52.238,52.3,58.843,52.641,39.291,2081,2081,3.8943,18.313,32.943,41.917,49.972,59.182,67.782,53.851,40.018
2082,2082,7.0533,17.611,31.649,37.446,55.59,57.267,63.962,58.968,43.076,2082,2082,8.1479,21.867,27.786,39.85,53.773,53.895,64.148,56.807,40.343,2082,2082,5.3438,21.71,27.798,41.586,52.711,60.916,75.158,60.539,42.077
2083,2083,10.781,17.686,28.179,40.341,59.993,62.613,69.408,62.79,45.29,2083,2083,14.185,21.04,30.236,42.517,58.744,59.457,65.76,59.976,42.136,2083,2083,5.588,26.037,31.431,40.388,57.043,67.219,80.834,68.169,46.336
2084,2084,13.867,22.279,27.52,43.98,61.094,64.94,71.31,64.15,44.961,2084,2084,21.632,25.661,26.726,43.941,60.558,64.046,72.085,61.997,43.314,2084,2084,4.3321,26.137,35.431,38.562,58.361,69.752,81.405,68.218,46.545
2085,2085,9.3401,15.454,29.016,47.796,65.429,69.094,70.508,66.541,47.89,2085,2085,19.362,26.8,30.063,47.045,64.932,67.129,70.721,62.841,44.124,2085,2085,0.37792,23.244,32.471,40.638,63.78,71.718,81.796,68.849,47.621
2086,2086,11.512,19.672,30.185,47.172,66.032,69.762,70.312,66.323,46.168,2086,2086,18.408,21.932,29.021,44.751,63.37,65.038,69.156,61.758,42.734,2086,2086,-9.0625,24.768,27.49,42.021,62.607,70.657,78.751,65.713,45.498
2087,2087,1.261,22.781,29.679,48.471,63.543,66.469,67.855,66.371,46.979,2087,2087,13.417,19.123,30.968,44.893,62.68,63.378,66.923,62.035,42.377,2087,2087,-7.081,17.32,27.223,40.113,61.286,68.51,75.186,64.133,44.053
2088,2088,10.923,21.526,31.178,43.449,62.056,64.366,63.433,63.759,44.706,2088,2088,16.713,17.146,29.78,45.267,63.231,63.322,65.031,60.224,41.407,2088,2088,-4.8403,12.466,29.951,40.586,60.984,65.917,73.659,61.495,42.382
2089,2089,4.5304,23.094,32.348,41.8,62.065,64.867,70.769,65.533,46.142,2089,2089,7.1997,24.695,29.368,41.225,62.826,63.701,72.538,62.777,43.085,2089,2089,-4.618,21.827,34.927,43.135,63.541,67.915,79.282,67.102,45.539
2090,2090,7.2739,23.019,28.93,43.054,61.339,65.012,77.765,71.105,49.475,2090,2090,0.67097,19.868,34.262,44.517,63.199,63.7,79.342,68.686,48.356,2090,2090,-9.193,24.495,28.329,43.039,59.55,72.167,86.305,73.481,51.011
2091,2091,12.602,20.954,26.955,42.916,62.245,66.697,80.026,74.457,52.342,2091,2091,14.857,21.718,28.379,42.555,60.73,63.404,81.497,71.831,50.514,2091,2091,-6.5636,18.722,30.629,45.689,63.744,73.69,88.994,77.007,53.926
2092,2092,11.2,21.417,24.818,44.064,61.181,66.958,82.94,75.986,53.625,2092,2092,15.246,21.309,26.901,41.292,63.645,65.814,82.137,73.324,51.935,2092,2092,2.1037,22.515,31.134,42.889,60.885,74.372,90.971,77.875,54.853
2093,2093,10.302,19.121,26.265,45.076,65.057,70.372,84.025,76.645,54.566,2093,2093,2.486,17.891,27.213,45.7,63.136,67.183,82.287,74.285,53.246,2093,2093,5.5219,22.64,30.888,45.367,64.66,77.806,93.177,80.668,57.595
2094,2094,8.5353,25.19,26.121,39.856,65.995,70.639,88.725,80.72,57.44,2094,2094,16.094,18.05,30.752,43.045,69.44,72.121,86.782,77.082,54.573,2094,2094,5.1369,19.961,28.373,44.141,62.725,81.572,95.232,80.937,58.204
2095,2095,15.128,18.647,29.538,41.049,66.487,71.459,90.064,81.958,58.682,2095,2095,19.547,17.423,28.244,46.677,66.463,72.088,87.434,78.23,55.689,2095,2095,6.9673,20.362,30.335,42.417,63.433,82.917,96.623,82.559,59.7
2096,2096,9.9319,21.643,28.473,46.627,74.569,77.964,89.641,81.449,58.486,2096,2096,12.47,18.119,28.788,50.361,71.394,74.582,86.838,76.873,54.277,2096,2096,2.5586,17.284,31.807,45.433,67.835,87.233,97.662,83.245,60.185
2097,2097,11.468,20.056,33.793,47.426,79.958,79.922,88.493,81.207,57.992,2097,2097,7.848,18.647,31.971,50.181,73.304,74.781,86.234,75.946,53.175,2097,2097,2.6092,15.504,28.942,43.35,68.156,83.351,95.604,81.907,58.803
2098,2098,7.3872,24.01,33.683,49.218,78.394,80.731,85.342,76.205,54.589,2098,2098,15.346,21.742,33.12,56.51,69.766,74.299,80.948,72.772,51.787,2098,2098,4.7815,20.04,29.941,50.312,68.227,87.4,92.539,77.499,55.303
2099,2099,14.641,22.953,32.579,55.655,77.554,79.272,82.386,72.08,51.592,2099,2099,19.773,20.048,29.604,55.123,77.888,78.497,82.805,71.432,49.72,2099,2099,3.2531,21.916,30.804,48.517,72.801,88.742,90.478,74.193,51.801
2100,2100,16.675,18.314,34.95,56.593,74.311,77.563,77.919,67.974,49.021,2100,2100,13.563,25.151,33.987,57.329,73.697,72.929,76.494,66.779,46.263,2100,2100,5.6693,27.755,36.595,47.588,70.722,82.714,86.457,70.926,48.965
2101,2101,10.396,21.037,34.466,51.602,75.015,77.669,76.737,69.881,50.431,2101,2101,15.465,15.369,34.79,55.691,73.049,75.573,76.885,67.952,46.812,2101,2101,1.4558,23.961,32.541,53.603,69.724,86.386,87.921,72.439,49.793
2102,2102,18.05,24.559,34.189,52.972,73.642,75.13,75.48,69.419,50.949,2102,2102,12.153,25.503,34.74,51.097,73.772,73.181,74.683,67.044,48.544,2102,2102,8.9025,28.912,34.416,52.765,68.847,80.958,83.678,71.2,48.99
2103,2103,5.7367,21.18,27.075,45.305,70.347,72.499,70.091,65.926,48.01,2103,2103,11.601,27.096,34.049,49.816,71.714,69.885,70.478,63.957,44.639,2103,2103,9.2155,23.57,37.329,46.449,65.112,77.35,80.907,66.538,45.441
2104,2104,9.7131,20.108,30.123,44.322,63.502,66.131,67.415,61.533,44.733,2104,2104,14.802,27.866,27.268,43.635,63.838,62.376,65.476,56.572,40.286,2104,2104,3.1266,21.089,33.548,45.79,59.413,72.346,76.705,62.904,43.031
2105,2105,10.037,21.991,26.904,40.222,63.238,65.49,64.868,59.775,44.798,2105,2105,16.703,22.878,27.384,47.639,62.974,62.657,64.628,55.673,39.326,2105,2105,3.7169,20.099,28.823,40.407,59.772,72.05,74.518,61.118,41.412
2106,2106,12.624,22.892,30.549,40.19,64.735,66.844,62.547,58.44,42.47,2106,2106,14.867,19.321,26.477,38.715,60.774,59.984,62.356,54.258,38.262,2106,2106,3.1121,19.659,27.402,40.043,59.063,67.058,70.843,58.084,39.488
2107,2107,11.393,19.198,29.085,41.367,60.473,63.475,66.302,56.281,43.823,2107,2107,16.198,21.691,28.81,44.751,58.279,57.946,67.131,52.56,38.634,2107,2107,0.039613,17.989,32.204,40.804,56.534,67.028,72.07,57.215,39.769
2108,2108,9.489,17.319,28.524,39.889,57.13,60.68,58.811,55.627,41.698,2108,2108,12.676,21.99,30.835,44.347,57.055,57.053,60.79,52.158,38.276,2108,2108,4.7157,18.706,30.425,44.381,55.069,66.425,70.561,55.74,38.807
2109,2109,13.095,27.372,28.698,38.794,59.354,60.878,54.028,56.025,42.73,2109,2109,17.793,23.26,28.73,38.615,59.732,58.218,56.246,49.895,37.638,2109,2109,-2.0247,20.442,33.749,41.086,52.288,59.788,65.005,54.166,39.026
2110,2110,14.307,23.011,25.663,36.003,55.461,57.548,54.098,54.334,42.341,2110,2110,18.149,21.904,31.315,35.277,56.645,55.035,53.769,50.063,37.494,2110,2110,2.2801,17.408,31.255,36.895,51.049,55.997,65.164,52.692,38.657
2111,2111,11.085,22.967,30.827,37.978,52.325,53.266,53.658,53.542,41.006,2111,2111,19.194,26.539,22.584,39.462,51.328,52.451,54.839,49.919,37.264,2111,2111,2.4509,22.85,24.411,37.404,46.751,58.219,66.579,54.606,39.026
2112,2112,12.339,24.812,30.241,42.486,53.19,55.15,52.572,52.598,42.434,2112,2112,14.557,24.07,30.506,43.342,56.57,55.371,53.959,49.65,37.712,2112,2112,4.1552,18.845,30.489,38.657,46.842,58.477,63.509,52.576,39.226
2113,2113,14.559,22.225,31.035,41.017,55.05,56.787,54.135,53.338,41.003,2113,2113,11.668,17.218,33.385,42.371,55.624,55.995,54.688,49.079,37.524,2113,2113,5.5163,23.768,26.536,38.17,47.589,57.648,65.828,53.827,38.915
2114,2114,8.6392,20.153,30.782,43.612,52.732,51.358,53.124,55.383,42.769,2114,2114,16.469,19.519,30.39,42.184,49.365,49.241,54.293,50.966,37.67,2114,2114,1.8682,19.417,30.817,36.289,48.715,58.168,63.927,51.85,39.246
2115,2115,10.039,23.674,30.98,41.07,49.491,48.403,52.397,54.195,42.094,2115,2115,13.581,22.71,32.714,44.538,49.407,49.303,53.421,50.926,38.379,2115,2115,2.9437,16.174,27.217,37.351,48.016,56.378,65.278,52.929,38.788
2116,2116,6.608,19.644,31.547,34.91,50.409,50.86,51.877,53.476,43.07,2116,2116,10.86,14.734,31.671,38.565,49.494,50.518,52.837,49.625,38.238,2116,2116,1.5352,18.667,32.735,40.564,48.103,55.784,62.088,50.181,38.363
2117,2117,13.34,16.441,28.179,40.301,56.316,55.798,51.917,53.309,41.896,2117,2117,13.401,20.838,31.683,37.952,49.512,48.851,52.861,48.876,37.773,2117,2117,5.4609,22.163,31.507,37.696,46.588,56.03,63.08,51.127,38.503
2118,2118,11.704,22.008,30.389,39.941,53.319,55.97,58.947,53.569,43.597,2118,2118,16.597,19.416,28.097,38.498,48.959,50.645,58.236,49.358,37.807,2118,2118,3.9844,21.89,32.146,36.687,48.947,59.795,65.795,52.286,38.79
2119,2119,9.0993,26.602,32.11,40.15,55.498,57.931,59.595,52.86,41.366,2119,2119,13.52,14.332,28.653,39.214,55.704,54.511,59.023,50.648,38.963,2119,2119,4.5605,23.303,33.751,39.605,52.104,63.239,67.62,52.84,38.866
2120,2120,10.586,21.367,31.019,38.436,52.271,53.183,56.151,57.828,44.799,2120,2120,15.98,20.754,32.491,40.067,53.706,52.976,55.151,53.108,39.927,2120,2120,0.31771,20.211,31.575,38.802,48.69,56.978,65.228,53.467,39.114
2121,2121,13.74,25.334,23.72,37.826,54.716,55.857,56.625,55.467,41.045,2121,2121,13.334,21.428,34.603,40.11,57.119,55.983,56.375,50.941,37.324,2121,2121,8.3572,18.834,29.995,40.541,49.141,58.294,66.534,54.317,38.502
2122,2122,8.9594,17.495,30.499,40.642,56.92,56.143,58.66,57.12,44.279,2122,2122,12.507,19.79,34.709,40.615,60.388,58.213,58.678,53.778,38.818,2122,2122,1.9603,19.384,36.641,40.044,51.154,59.368,67.451,55.283,39.139
2123,2123,6.92,24.99,30.626,45.44,68.222,70.508,63.381,58.08,42.831,2123,2123,8.5776,25.339,29.948,47.376,69.765,66.948,63.999,53.149,38.878,2123,2123,-1.9704,21.549,34.269,44.777,63.86,68.531,70.272,57.059,39.481
2124,2124,8.662,24.895,32.242,44.618,73.311,76.32,68.577,61.462,45.844,2124,2124,7.6442,20.486,33.589,52.045,71.78,71.353,67.111,54.4,39.816,2124,2124,7.592,16.474,28.899,45.423,66.606,71.308,74.585,57.224,40.675
2125,2125,12.288,21.306,36.656,49.127,74.331,76.784,68.731,61.205,44.848,2125,2125,13.441,21.821,33.13,53.205,72.797,73.328,71.069,55.985,40.73,2125,2125,5.8648,20.652,29.365,48.464,67.311,73.988,78.425,60.231,42.239
2126,2126,13.633,23.268,32.789,54.14,75.368,77.239,69.191,60.553,45.734,2126,2126,21.926,20.609,36.2,57.439,76.212,73.607,69.727,54.692,40.347,2126,2126,6.5951,24.461,32.699,50.001,71.839,77.489,78.285,59.792,42.606
2127,2127,14.103,26.424,36.018,53.025,77.093,76.228,71.506,62.363,45.111,2127,2127,24.471,30.026,35.207,53.761,72.829,71.174,72.012,57.471,41.531,2127,2127,6.7882,18.097,33.377,49.956,68.6,77.565,78.364,60.376,42.117
2128,2128,21.034,21.974,34.792,53.347,71.765,74.048,69.744,61.242,45.827,2128,2128,27.369,26.831,35.438,53.779,72.733,72.111,69.257,55.634,40.921,2128,2128,3.5482,14.356,29.781,51.155,68.623,76.467,76.741,59.51,42.418
2129,2129,13.294,21.77,31.386,53.209,71.553,73.508,68.833,59.265,43.807,2129,2129,17.481,24.993,30.202,55.231,71.798,70.833,67.582,54.275,40.359,2129,2129,3.4469,25.94,34.246,54.54,67.459,72.7,74.375,57.665,40.658
2130,2130,12.964,21.713,27.673,50.275,65.13,66.68,64.203,56.199,44.915,2130,2130,8.5372,29.296,32.927,53.68,70.272,68.861,62.753,54.86,40.908,2130,2130,-1.0945,21.901,26.279,47.58,66.334,70.549,72.117,55.244,40.566
2131,2131,16.281,25.626,28.662,39.61,61.256,63.299,58.973,55.328,41.666,2131,2131,21.954,23.251,30.711,41.565,63.466,60.299,57.887,51.186,37.977,2131,2131,5.1221,18.68,29.916,40.916,59.694,66.002,67.255,54.423,38.82
2132,2132,13.647,21.538,31.054,39.234,59.451,61.78,57.627,54.131,43.989,2132,2132,21.966,21.492,29.531,41.681,62.741,60.398,58.97,50.336,38.107,2132,2132,1.8987,18.653,34.486,38.413,56.221,62.946,67.672,54.462,39.36
2133,2133,12.664,19.018,29.136,38.807,57.472,60.33,57.017,54.833,40.683,2133,2133,5.3653,22.228,32.681,36.865,58.455,57.228,57.121,50.856,37.639,2133,2133,-1.8576,20.108,34.677,42.222,54.202,60.905,67.151,55.364,39.111
2134,2134,3.2854,17.269,29.661,41.484,55.727,55.829,55.098,53.984,43.933,2134,2134,7.2928,17.972,29.113,41.034,54.65,53.081,56.611,50.462,37.891,2134,2134,-6.2521,17.074,29.004,44.675,52.593,58.56,64.178,53.321,39.08
2135,2135,13.637,22.981,28.079,41.69,55.889,55.231,53.306,53.012,41.403,2135,2135,18.044,25.447,28.041,43.241,56.875,54.368,54.295,50.338,36.806,2135,2135,-1.9481,17.641,29.744,42.274,50.425,58.821,65.053,53.334,37.336
2136,2136,18.259,23.599,31.318,37.12,55.608,55.838,54.692,53.014,43.729,2136,2136,19.514,21.781,33.685,37.846,53.538,51.359,54.184,50.198,38.357,2136,2136,5.8337,21.057,32.355,39.511,50.766,60.264,64.424,51.887,38.688
2137,2137,14.53,22.024,26.723,39.222,52.016,52.933,52.841,54.508,41.709,2137,2137,16.26,24.244,29.428,43.306,50.219,48.848,53.135,50.019,37.346,2137,2137,3.3165,23.344,33.873,34.406,45.589,56.831,64.93,52.867,37.831
2138,2138,8.2899,19.042,27.79,43.336,54.552,54.617,55.38,52.478,43.225,2138,2138,15.816,25.739,30.986,40.869,52.989,52.144,54.38,49.493,37.511,2138,2138,6.929,20.805,28.097,36.443,49.705,58.501,66.386,53.395,39.082
2139,2139,14.524,20.46,26.812,36.844,54.335,55.816,54.606,54.319,41.014,2139,2139,21.271,21.259,28.406,39.314,51.735,50.422,54.218,51.129,37.577,2139,2139,1.9104,16.338,29.314,38.592,48.22,61.972,66.541,54.117,38.077
2140,2140,10.591,18.388,28.555,40.512,50.86,51.039,53.17,54.541,42.91,2140,2140,16.272,26.338,29.445,44.557,52.998,52.266,52.912,49.333,37.416,2140,2140,-3.1381,23.261,33.018,36.024,47.226,57.78,64.176,51.706,38.129
2141,2141,16.905,21.473,26.769,37.369,52.047,50.782,53.384,52.743,40.617,2141,2141,23.265,17.45,30.681,43.597,51.924,51.259,53.521,48.751,37.092,2141,2141,4.1507,17.022,29.664,41.566,48.872,56.05,64.459,52.392,37.788
2142,2142,15.564,16.416,22.373,40.425,50.691,52.405,55.177,53.546,43.264,2142,2142,18.467,25.563,25.234,38.195,52.812,50.532,55.173,49.683,37.234,2142,2142,9.6829,20.973,32.643,39.992,46.073,57.142,66.102,52.251,38.987
2143,2143,4.558,17.992,19.391,34.6,48.35,48.02,54.716,53.894,41.11,2143,2143,10.62,18.375,29.304,41.633,51.62,50.835,54.155,50.148,37.228,2143,2143,4.2399,15.665,29.97,35.865,45.58,56.465,66.744,53.682,38.154
2144,2144,12.533,24.583,25.36,38.743,49.514,50.404,53.228,52.67,42.567,2144,2144,16.389,24.297,33.119,42.625,50.858,50.769,51.746,49.256,38.094,2144,2144,3.9453,17.318,28.687,38.459,48.828,57.169,62.296,50.934,38.029
2145,2145,16.207,17.323,27.138,38.313,55.643,56.21,53.75,52.471,41.445,2145,2145,17.335,21.375,31.316,39.471,57.519,55.519,53.647,48.479,37.163,2145,2145,-2.4811,15.686,28.441,35.759,50.844,58.548,64.388,51.158,38.288
2146,2146,9.3947,25.001,26.368,40.673,54.385,55.461,53.272,51.646,42.916,2146,2146,11.698,19.376,30.379,37.528,52.935,52.639,53.135,48.037,37.622,2146,2146,0.32279,22.901,33.497,37.482,47.007,56.804,64.319,50.643,38.503
2147,2147,12.011,24.332,28.587,38.915,54.495,54.863,52.025,52.906,40.509,2147,2147,15.859,19.904,27.86,40.807,49.549,46.894,53.356,48.651,37.343,2147,2147,3.7704,23.664,33.509,33.261,48.73,54.014,63.224,51.919,37.531
2148,2148,5.2346,17.943,28.327,38.643,47.943,46.593,54.271,52.854,42.836,2148,2148,10.391,22.485,30.498,39.714,51.73,49.441,53.911,48.174,37.14,2148,2148,8.984,18.297,29.813,38.138,48.186,55.113,65.351,52.106,38.032
2149,2149,14.881,17.088,30.086,43.48,48.831,49.981,54.039,52.956,40.95,2149,2149,16.903,15.467,28.768,38.189,51.001,50.965,54.618,49.832,37.283,2149,2149,2.017,22.298,30.456,37.489,48.181,58.415,65.599,53.125,38.291
2150,2150,16.686,15.671,28.943,42.399,50.552,49.245,54.259,53.303,45.68,2150,2150,20.38,22.203,32.314,41.754,52.148,50.234,54.948,48.417,39.7,2150,2150,5.9595,19.608,30.109,43.591,47.438,55.693,66.092,54.505,42.687
2151,2151,7.1824,12.949,28.714,41.82,50.562,51.192,52.677,53.604,40.695,2151,2151,14.322,17.708,26.862,43.795,52.958,52.53,52.216,49.796,37.443,2151,2151,4.6731,20.601,29.444,44.107,50.338,57.144,64.023,51.334,38.524
2152,2152,5.1981,18.661,27.194,40.417,53.415,54.892,52.8,54.536,42.911,2152,2152,6.3222,21.531,32.673,41.441,54.218,51.568,52.235,50.074,37.734,2152,2152,-8.654,17.95,32.023,40.68,51.087,58.461,63.556,51.341,37.889
2153,2153,10.661,21.92,30.24,42.244,51.69,52.508,60.787,71.224,54.314,2153,2153,10.766,19.91,30.847,39.8,53.38,51.899,58.529,66.879,51.076,2153,2153,1.9935,16.793,29.209,39.333,51.827,59.795,69.51,62.807,45.427
2154,2154,12.909,13.937,32.355,43.134,53.699,54.632,55.776,65.778,51.439,2154,2154,12.498,21.148,32.319,43.003,54.619,53.256,56.435,62.293,48.725,2154,2154,4.3385,15.894,30.498,39.454,50.249,58.528,65.147,55.061,42.911
2155,2155,15.988,24.438,31.893,39.336,50.291,50.94,55.263,68.467,55.246,2155,2155,8.8665,17.597,31.455,39.428,50.44,50.665,58.148,59.338,48.243,2155,2155,-0.12677,20.45,31.634,40.792,49.165,60.04,67.83,58.866,45.121
2156,2156,9.3968,26.587,30.717,40.13,49.417,49.677,54.723,54.234,41.168,2156,2156,15.036,15.769,31.181,41.591,51.095,51.176,58.564,51.074,37.999,2156,2156,6.7312,20.894,29.511,38.072,46.603,59.909,70.839,57.744,39.654
2157,2157,10.101,20.06,32.798,39.5,48.988,52.4,56.45,55.194,43.561,2157,2157,14.062,20.037,36.765,41.518,53.842,54.583,59.807,56.222,39.24,2157,2157,7.5724,16.161,35.236,36.089,51.358,61.831,70.975,59.319,40.195
2158,2158,9.1064,23.993,28.278,40.816,58.389,60.748,54.968,54.795,41.188,2158,2158,13.49,18.119,37.036,40.503,57.636,58.237,56.966,52.898,38.463,2158,2158,-2.433,22.794,34.685,38.509,57.284,61.586,67.163,56.136,38.989
2159,2159,13.536,18.934,29.783,39.371,61.731,64.499,54.091,54.892,44.366,2159,2159,13.521,21.745,33.09,41.97,65.585,66.255,56.629,53.01,39.439,2159,2159,-1.1874,21.319,29.053,42.186,65.189,69.2,67.255,55.797,40.328
2160,2160,9.679,24.862,30.406,44.012,66.046,64.576,58.33,55.386,41.792,2160,2160,15.628,23.238,29.813,41.598,69.694,67.729,58.925,50.901,38.512,2160,2160,1.7422,19.545,33.091,47.406,70.042,69.489,68.522,54.718,38.872
2161,2161,9.6239,22.008,31.193,41.301,63.449,60.692,56.107,55.113,43.524,2161,2161,16.517,22.977,29.55,43.556,65.738,61.555,58.435,52.929,38.471,2161,2161,6.3329,25.551,35.747,45.586,63.164,59.595,69.06,57.616,39.617
2162,2162,4.0606,23.665,30.697,41.332,53.621,52.453,55.449,55.351,41.467,2162,2162,9.6467,21.689,32.76,41.889,59.504,55.528,55.538,51.222,37.837,2162,2162,8.0215,26.617,28.399,50.203,64.167,57.993,66.42,54.05,38.329
2163,2163,0.62557,21.171,26.312,38.979,52.853,52.422,52.75,52.036,43.219,2163,2163,13.547,19.188,29.46,39.723,49.892,48.761,55.225,50.374,37.361,2163,2163,5.7602,26.386,31.029,41.307,55.31,58.928,66.961,53.288,38.611
2164,2164,10.226,18.967,27.854,37.162,50.794,50.865,55.04,52.979,41.636,2164,2164,10.679,26.632,28.77,38.959,52.649,50.029,53.497,48.677,37.657,2164,2164,5.5984,21.171,29.99,40.785,50.593,54.759,65.459,53.471,38.2
2165,2165,11.826,26.617,31.819,39.259,53.913,55.585,54.703,53.015,43.77,2165,2165,5.9581,20.79,30.055,40.574,56.622,54.595,54.291,49.641,38.001,2165,2165,-0.99286,16.983,29.026,37.32,52.283,56.01,64.873,52.84,38.611
2166,2166,12.49,27.733,31.015,40.543,52.035,54.235,51.576,53.953,40.458,2166,2166,20.664,30.475,31.677,41.045,52.659,51.649,53.057,49.2,36.857,2166,2166,7.7019,20.971,30.347,37.007,51.102,56.393,63.262,51.502,37.615
2167,2167,15.971,24.204,26.118,41.588,51.823,51.56,51.223,54.322,43.557,2167,2167,25.419,25.88,27.474,39.486,54.84,52.268,53.427,49.622,37.575,2167,2167,6.386,22.682,28.331,38.075,50.624,56.789,63.577,52.551,38.129
2168,2168,17.5,23.951,24.853,37.447,48.549,49.806,52.358,53.446,41.825,2168,2168,24.672,22.037,28.453,42.395,48.868,46.983,53.891,49.589,37.629,2168,2168,4.9213,21.356,28.32,38.945,47.686,54.32,63.455,51.332,38.275
2169,2169,10.715,22.29,27.395,39.817,51.07,51.781,53.511,52.152,43.593,2169,2169,17.061,23.855,28.867,41.386,47.947,48.017,56.205,49.799,37.743,2169,2169,4.7853,23.071,27.96,39.6,46.936,56.254,66.634,54.53,38.542
2170,2170,13.085,19.748,26.085,41.118,50.599,49.598,54.465,53.325,41.161,2170,2170,11.998,18.652,23.337,37.172,49.755,47.9,52.614,49.338,36.662,2170,2170,5.3939,25.516,29.797,37.87,45.943,55.189,64.262,51.672,37.903
2171,2171,16.052,21.767,27.542,34.434,47.64,47.056,51.955,53.142,43.771,2171,2171,20.103,21.898,29.984,40.651,49.252,47.945,51.082,49.107,37.62,2171,2171,5.9671,19.785,30.566,37.341,45.149,54.578,63.79,51.302,37.906
2172,2172,11.313,24.688,31.853,38.025,49.835,50.974,53.268,56.613,42.193,2172,2172,16.11,27.357,27.705,43.018,49.54,48.226,52.322,50.525,38.45,2172,2172,4.7024,22.507,34.212,34.096,46.222,54.439,63.173,51.083,38.194
2173,2173,4.6629,17.278,28.731,36.74,50.204,51.207,54.558,54.285,44.263,2173,2173,5.6327,26.429,22.754,39.342,46.812,49.124,53.706,49.291,38.102,2173,2173,3.5635,18.74,30.965,39.285,46.958,55.807,65.163,52.085,38.525
2174,2174,9.4908,25.547,24.842,36.956,50.902,52.021,52.577,52.417,41.341,2174,2174,1.9423,21.524,30.086,38.262,48.643,47.363,51.722,50.39,37.8,2174,2174,-0.020526,18.418,29.043,41.377,45.739,56.636,64.712,53.108,38.323
2175,2175,9.1456,22.023,29.204,38.536,50.831,53.325,52.495,53.691,43.723,2175,2175,8.7819,23.348,27.736,40.742,51.295,50.165,54.071,48.93,38.392,2175,2175,-4.2104,22.922,28.018,40.135,45.446,54.602,62.579,51.39,38.829
2176,2176,14.587,20.98,29.263,39.291,52.318,56.116,52.629,54.133,41.933,2176,2176,15.568,16.378,31.748,40.552,52.137,51.661,53.465,50.137,38.27,2176,2176,-12.472,22.295,30.117,40.648,46.012,55.643,63.607,52.557,38.3
2177,2177,12.976,19.678,26.787,38.354,49.143,50.38,53.824,52.904,43.613,2177,2177,11.275,20.731,29.697,40.111,52.842,51.371,53.522,49.795,37.522,2177,2177,-5.8474,19.965,24.377,36.527,48.118,54.673,65.065,52.34,38.63
2178,2178,8.4415,20.774,30.989,40.806,48.342,48.611,53.142,53.625,42.119,2178,2178,19.754,27.367,28.709,41.973,48.993,48.969,51.913,48.648,37.217,2178,2178,4.389,17.741,26.942,37.163,47.25,55.261,62.538,51.123,38.356
2179,2179,10.683,24.05,28.818,38.828,50.298,51.91,55.374,54.015,43.462,2179,2179,25.46,26.725,31.809,40.322,52.708,51.513,54.32,50.111,37.574,2179,2179,10.093,22.666,30.086,40.048,47.697,58.392,65.809,53.356,38.418
2180,2180,13.313,20.959,29.888,33.101,51.318,52.531,54.517,53.621,42.503,2180,2180,22.379,20.119,32.386,38.656,49.685,48.745,55.807,49.678,37.106,2180,2180,2.7616,21.991,29.82,36.49,45.735,56.347,65.588,53.128,38.135
2181,2181,18.105,24.751,31.295,36.62,52.945,55.275,52.836,53.803,43.628,2181,2181,29.546,20.025,25.324,38.948,53.648,52.137,51.636,49.041,37.445,2181,2181,9.7032,13.031,30.55,39.923,48.29,54.81,62.898,51.438,38.155
2182,2182,15.792,16.322,33.392,38.343,56.312,56.289,54.242,52.577,41.107,2182,2182,24.081,17.364,30.037,41.894,55.882,54.047,54.197,48.643,37.653,2182,2182,0.094411,10.483,29.18,41.447,48.382,56.009,63.881,51.146,38.103
2183,2183,11.526,20.034,29.286,40.683,58.133,58.055,53.763,52.445,43.589,2183,2183,17.885,17.408,31.073,44.324,54.675,53.776,53.321,49.065,37.973,2183,2183,6.3812,17.231,28.41,41.879,54.994,58.144,63.327,50.706,38.193
2184,2184,12.655,17.424,29.848,40.93,60.449,61.006,52.744,52.407,41.093,2184,2184,19.111,18.476,29.702,43.524,58.515,55.483,54.048,49.328,37.426,2184,2184,4.7501,21.001,33.872,40.258,53.49,57.444,62.212,50.826,37.763
2185,2185,11.851,17.647,28.86,40.337,53.887,54.294,53.208,53.633,43.081,2185,2185,17.433,17.757,31.196,41.857,54.867,51.825,53.753,49.557,37.688,2185,2185,5.5154,17.914,28.527,38.36,55.435,56.869,63.181,51.304,38.292
2186,2186,10.858,20.651,30.215,47.245,58.019,59.392,51.887,52.991,40.543,2186,2186,7.8155,21.939,30.863,43.992,56.434,55.14,52.49,49.578,36.958,2186,2186,7.6648,18.645,32.086,43.618,57.027,56.987,63.893,51.992,38.058
2187,2187,1.1817,19.821,29.963,46.096,57.831,58.154,54.751,53.083,43.612,2187,2187,11.21,18.159,29.818,43.369,57.746,56.219,55.08,50.072,37.665,2187,2187,-1.3123,20.121,31.966,43.758,60.622,59.263,65.731,54.132,38.537
2188,2188,8.7936,22.061,29.24,43.208,60.661,61.679,54.798,53.672,40.426,2188,2188,15.69,14.24,32.076,41.898,66.593,62.516,56.053,49.98,37.589,2188,2188,1.3031,22.052,32.824,47.584,67.732,66.235,65.802,52.583,38.848
2189,2189,13.836,24.459,30.892,43.33,64.781,60.496,57.45,54.296,43.232,2189,2189,18.072,20.505,31.542,45.02,67.947,64.542,58.13,50.775,37.908,2189,2189,1.9115,21.917,30.089,51.2,71.079,66.607,68.227,55.372,39.058
2190,2190,14.253,21.156,28.77,43.321,60.792,58.532,57.7,54.509,41.332,2190,2190,19.71,25.866,28.396,44.331,63.289,59.032,59.534,52.202,38.602,2190,2190,3.0534,16.794,26.835,44.56,65.893,62.179,67.19,55.329,39.208
2191,2191,8.0449,19.751,33.872,40.1,58.574,56.347,59.596,57.091,43.458,2191,2191,15.772,23.786,27.796,44.038,63.504,58.539,60.008,55.064,38.565,2191,2191,6.6619,21.005,30.599,45.354,64.688,59.159,69.365,58.265,39.808
2192,2192,11.251,20.757,30.566,41.371,60.81,60.266,64.191,60.803,42.933,2192,2192,19.837,23.566,27.629,45.242,67.164,61.965,62.38,57.609,41.396,2192,2192,7.6116,15.343,32.104,49.506,70.237,67.528,73.982,62.42,41.837
2193,2193,11.863,25.064,26.221,40.74,64.761,65.104,70.981,66.362,46.149,2193,2193,18.418,23.572,29.726,42.308,68.497,63.645,67.674,61.297,42.525,2193,2193,9.3024,10.895,30.891,45.391,69.182,66.517,77.282,64.664,43.922
2194,2194,14.311,20.839,23.518,43.294,66.982,66.211,69.017,65.125,44.921,2194,2194,19.204,16.543,32.949,43.779,68.959,67.358,67.362,62.287,42.682,2194,2194,-1.5352,11.004,25.446,43.604,68.158,68.292,75.047,64.943,43.199
2195,2195,12.268,23.27,27.489,41.633,71.312,69.534,75.317,69.209,48.975,2195,2195,15.319,21.281,31.493,42.502,71.957,68.357,75.386,69.145,48.455,2195,2195,-4.3048,15.526,27.315,44.155,66.441,71.937,81.492,68.446,46.308
2196,2196,15.683,25.11,30.217,43.072,64.128,67.954,75.95,75.151,53.947,2196,2196,19.082,22.031,28.636,42.936,65.858,66.052,74.981,73.46,53.454,2196,2196,-0.45908,11.029,27.919,43.553,62.604,77.292,82.443,70.845,47.805
2197,2197,12.22,23.49,28.508,42.289,68.192,70.511,74.991,72.493,51.096,2197,2197,18.977,16.705,24.101,43.507,64.827,67.787,75.651,71.643,50.951,2197,2197,6.2441,15.786,28.18,43.135,63.902,80.094,83.953,74.199,50.303
2198,2198,7.4902,27.406,28.828,44.277,66.181,63.861,72.377,62.722,45.237,2198,2198,15.908,24.756,28.826,42.088,62.666,66.67,73.007,63.57,43.22,2198,2198,-0.21886,14.863,26.75,44.623,62.514,72.956,81.336,69.168,46.659
2199,2199,11.933,23.683,26.635,41.222,66.554,68.377,71.123,65.28,46.998,2199,2199,19.084,27.643,31.194,40.951,60.295,64.194,70.649,64.241,45.157,2199,2199,6.7413,19.675,30.691,42.555,61.149,75.63,81.741,68.059,45.171
2200,2200,14.948,21.593,26.441,40.458,65.958,68.555,70.4,63.778,46.113,2200,2200,13.459,22.403,29.09,43.402,68.912,66.514,69.905,61.583,42.124,2200,2200,2.6006,17.26,31.773,43.956,65.209,76.489,79.759,64.805,43.11
2201,2201,10.204,22.645,30.365,42.483,65.544,65.587,68.695,63.144,43.486,2201,2201,17.857,26.785,29.929,45.558,68.585,62.202,67.161,58.362,39.466,2201,2201,7.2901,25.328,27.709,45.336,68.839,73.29,75.7,61.672,41.267
2202,2202,12.448,21.829,28.467,43.059,65.87,64.042,63.789,59.77,44.948,2202,2202,21.78,22.209,28.406,43.887,65.184,60.314,66.003,56.925,39.348,2202,2202,3.7583,20.407,27.389,46.716,66.53,71.416,73.48,59.53,40.563
2203,2203,18.355,23.562,29.307,43.097,63.816,68.028,62.221,58.987,42.946,2203,2203,24.642,17.303,27.997,46.198,62.8,59.441,62.285,60.771,41.66,2203,2203,9.4069,22.967,31.083,47.47,62.339,67.275,73.024,61.09,40.932
2204,2204,11.46,18.622,26.805,43.895,64.128,66.704,60.732,62.984,45.533,2204,2204,19.329,26.512,29.918,47.138,64.043,60.576,60.661,62.109,42.579,2204,2204,-1.9529,23.416,31.286,46.345,61.977,65.173,70.972,60.37,40.802
2205,2205,9.8158,17.677,26.956,47.651,59.113,60.969,59.646,66.198,46.622,2205,2205,17.416,25.975,30.62,50.058,60.99,56.613,60.931,66.053,45.337,2205,2205,4.5801,16.864,31.179,46.277,59.843,63.907,71.297,62.845,41.265
2206,2206,9.4431,16.088,26.329,43.477,58.957,63.833,60.75,66.918,47.612,2206,2206,16.375,24.555,33.185,43.848,59.579,58.611,62.383,63.557,43.614,2206,2206,5.9728,17.895,29.719,43.727,54.67,60.916,74.969,65.511,43.288
2207,2207,13.718,24.301,32.566,45.546,59.817,63.199,60.565,64.032,47.395,2207,2207,16.421,24.14,32.986,44.718,57.053,57.105,65.272,64.064,46.294,2207,2207,-2.6004,26.448,33.768,43.226,55.827,60.673,77.119,67.817,44.82
2208,2208,4.4263,23.252,28.087,46.305,63.033,64.956,66.043,69.477,49.579,2208,2208,16.431,26.323,32.144,52.328,60.589,62.354,68.893,70.34,48.688,2208,2208,6.1508,16.296,32.49,47.103,57.072,65.577,77.772,68.768,45.568
2209,2209,10.359,24.386,30.452,50.704,64.991,66.347,69.192,73.31,53.478,2209,2209,19.59,26.685,34.596,51.359,63.883,61.209,69.87,73.977,53.573,2209,2209,4.7916,22.614,30.126,49.925,64.805,67.134,80.649,71.712,48.106
2210,2210,9.1762,24.537,30.245,46.588,62.84,65.041,72.079,72.104,53.927,2210,2210,16.751,25.933,31.569,47.365,63.87,62.677,73.25,73.319,53.663,2210,2210,0.59954,21.853,29.523,47.919,62.941,71.674,81.198,73.48,49.431
2211,2211,12.434,24.266,30.797,48.354,61.393,64.506,71.89,72.749,55.312,2211,2211,18.929,23.361,29.284,48.098,64.638,63.579,72.779,73.175,55.429,2211,2211,1.5966,28.66,36.307,44.9,63.588,71.242,82.223,71.829,49.536
2212,2212,11.935,24.257,33.65,46.267,59.59,62.567,68.676,70.714,53.41,2212,2212,16.951,27.955,34.395,51.776,66.675,64.924,71.338,75.501,55.482,2212,2212,-5.0386,24.909,26.095,45.595,61.467,69.104,78.447,70.547,49.18
2213,2213,11.495,29.356,33.004,47.227,58.704,61.161,66.984,74.603,58.122,2213,2213,13.101,16.385,37.11,44.544,60.215,61.045,70.813,78.468,59.854,2213,2213,3.5052,28.019,33.986,40.948,61.375,66.971,79.592,74.975,51.419
2214,2214,14.013,21.271,26.571,43.604,59.886,62.152,72.132,76.391,60.998,2214,2214,6.8599,23.497,32.097,43.797,61.573,60.04,73.924,80.391,61.465,2214,2214,-4.8006,25.058,28.385,43.814,60.627,66.424,82.964,73.72,52.134
2215,2215,14.1,23.711,31.93,43.765,61.63,64.685,77.153,76.551,58.822,2215,2215,9.5143,25.815,28.036,45.073,63.581,63.107,77.099,78.831,60.071,2215,2215,0.097641,20.836,29.05,45.314,59.159,70.766,86.776,74.606,54.272
2216,2216,14.558,26.931,29.662,44.461,64.05,67.219,80.174,85.395,69.677,2216,2216,12.866,23.048,35.435,45.829,62.516,64.636,81.498,86.141,69.564,2216,2216,5.6876,22.338,32.87,44.597,62.864,71.404,89.542,82.668,62.812
2217,2217,10.935,19.213,26.076,46.787,64.963,67.713,85.156,88.963,72.802,2217,2217,14.454,17.962,30.14,42.769,63.27,65.092,83.92,90.325,73.616,2217,2217,8.4652,22.631,33.573,44.783,60.413,73.86,93.109,82.113,64
2218,2218,13.382,26.09,37.837,42.289,66.671,71.23,85.977,93.048,76.72,2218,2218,11.4,21.013,32.484,43.778,69.009,72.122,83.814,87.823,71.207,2218,2218,4.1504,29.176,33.757,46.034,63.432,79.611,93.854,84.904,66.015
2219,2219,21.292,27.944,30.299,39.743,67.562,73.197,88.929,84.476,62.105,2219,2219,5.2635,21.043,27.383,44.665,67.132,71.66,86.405,79.31,57.447,2219,2219,5.1271,23.673,29.878,46.764,63.348,81.515,97.771,83.985,61.37
2220,2220,18.367,21.28,30.088,41.75,68.862,77.299,89.941,83.81,61.09,2220,2220,7.8696,21.105,25.045,41.308,61.677,73.582,88.402,80.064,57.843,2220,2220,3.9311,23.635,28.474,42.391,64.915,87.576,98.371,84.111,61.335
2221,2221,14.677,28.299,30.927,42.508,68.246,77.149,92.488,82.995,60.31,2221,2221,10.631,17.733,27.779,38.89,66.699,74.591,90.353,79.494,57.556,2221,2221,6.9336,21.999,27.189,41.676,62.742,88.365,99.179,84.879,62.47
2222,2222,12.039,23.832,31.351,38.138,63.428,74.811,87.831,75.242,53.943,2222,2222,7.7331,18.245,30.999,37.601,60.355,73.24,87.104,72.435,51.028,2222,2222,13.085,23.351,32.759,41.542,60.935,86.942,96.704,79.352,57.501
2223,2223,13.578,28.623,27.164,42.475,68.001,70.54,83.457,67.581,49.046,2223,2223,4.1719,22.042,34.023,42.545,70.568,70.605,82.51,65.464,46.043,2223,2223,11.572,28.339,31.145,40.216,62.639,80.843,93.653,72.67,52.316
2224,2224,5.2012,25.14,26.672,39.174,61.65,70.806,80.76,64.833,47.626,2224,2224,11.487,23.64,29.964,42.146,64.382,67.413,79.977,63.145,44.448,2224,2224,7.7651,26.832,36.881,44.727,61.893,82.535,91.69,69.011,49.233
2225,2225,8.9923,26.492,26.399,44.023,63.313,70.222,76.936,62.275,45.426,2225,2225,12.384,18.189,28.298,43.472,66.649,66.953,74.639,59.705,41.64,2225,2225,4.0247,28.191,37.29,45.201,59.996,81.314,87.725,66.095,45.3
2226,2226,12.294,25.542,28.068,42.035,66.84,68.79,68.574,59.803,45.017,2226,2226,21.865,22.188,28.976,41.703,65.543,65.083,67.88,55.479,39.875,2226,2226,1.9414,31.724,32.202,42.788,58.594,72.433,77.722,60.339,41.671
2227,2227,10.828,27.171,30.37,39.809,63.206,64.309,59.28,57.732,42.801,2227,2227,25.437,20.662,33.105,44.897,60.429,60.671,60.924,54.623,39.199,2227,2227,10.038,26.134,34.81,40.705,58.309,66.495,70.961,57.641,40.028
2228,2228,6.3532,20.985,31.574,43.582,63.035,65.165,60.67,57.811,44.191,2228,2228,19.505,19.287,28.719,42.751,65.24,65.767,61.772,55.684,39.921,2228,2228,6.8818,28.818,31.311,43.261,60.761,68.33,68.832,55.979,39.955
2229,2229,10.124,23.734,31.044,46.342,67.748,70.88,64.627,57.794,43.112,2229,2229,17.893,21.609,29.864,50.212,69.449,68.268,64.253,53.267,39.24,2229,2229,0.12857,24.365,30.588,43.895,62.265,67.595,71.691,56.544,39.876
2230,2230,12.84,16.351,33.228,46.524,66.656,67.771,67.058,56.617,44.134,2230,2230,16.249,20.703,32.076,48.496,68.068,66.144,67.851,52.977,38.877,2230,2230,3.8151,26.62,32.265,48.49,63.1,70.591,74.407,57.593,40.426
2231,2231,11.289,13.027,32.875,47.576,69.665,73.121,65.228,55.625,42.069,2231,2231,14.931,22.967,29.637,47.228,66.742,69.454,66.245,51.502,38.479,2231,2231,1.7499,17.351,30.521,47.161,61.336,70.08,72.443,55.667,39.648
2232,2232,15.094,17.054,34.274,50.023,69.052,70.717,67.891,57.705,44.258,2232,2232,15.144,25.583,33.363,50.534,76.29,75.13,69.87,53.176,39.378,2232,2232,4.2448,14.704,30.092,47.492,69.336,73.19,74.261,57.669,40.335
2233,2233,11.013,26.899,29.364,51.612,73.818,75.358,69.04,61.433,44.945,2233,2233,16.761,21.245,32.415,52.76,72.541,71.325,71.715,57.771,41.328,2233,2233,-0.68871,16.001,31.07,47.532,65.355,73.288,76.733,63.279,42.77
2234,2234,6.7327,21.499,28.989,51.206,66.794,69.224,69.129,64.867,46.565,2234,2234,8.4151,24.198,32.253,48.087,68.557,66.59,69.855,61.178,42.507,2234,2234,0.94264,17.36,29.352,51.425,63.832,72.67,78.082,66.784,44.739
2235,2235,8.3791,20.853,32.54,51.62,69.315,70.857,70.001,67.006,46.592,2235,2235,17.621,24.701,35.555,48.832,71.88,68.962,70.056,63.243,42.585,2235,2235,1.1278,18.979,32.056,45.496,64.217,71.123,78.02,66.413,44.817
2236,2236,4.4234,25.025,30.276,44.434,62.584,67.049,69.886,68.255,49.208,2236,2236,10.818,17.348,33.272,45.249,65.984,64.569,70.248,63.971,44.424,2236,2236,-5.3616,18.087,28.895,46.321,59.694,69.012,77.257,65.999,44.479
2237,2237,5.618,23.135,30.209,43.088,66.945,70.163,73.718,69.273,49.463,2237,2237,14.931,24.986,29.459,46.15,66.321,65.063,72.39,65.721,45.279,2237,2237,0.40425,25.912,32.1,48.179,62.949,74.124,81.716,69.388,47.113
2238,2238,11.027,26.183,31.367,46.367,65.869,69.079,77.44,71.363,51.549,2238,2238,13.168,20.171,32.367,48.435,68.863,68.467,75.829,69.013,47.627,2238,2238,3.3221,29.334,37.054,49.128,64.864,76.685,85.936,71.103,49.499
2239,2239,14.33,23.445,32.465,46.013,71.018,72.258,79.937,75.253,54.687,2239,2239,13.157,26.706,32.03,47.875,68.658,69.821,78.289,70.868,51.531,2239,2239,-1.4692,26.218,32.317,48.968,66.097,81.679,88.307,74.891,53.002
2240,2240,11.765,17.793,27.51,45.732,72.209,74.332,81.408,77.807,56.399,2240,2240,14.762,23.632,30.867,46.095,68.501,72.063,79.658,75.928,54.175,2240,2240,8.1514,19.539,30.34,44.672,65.597,84.393,91.832,79.668,56.386
2241,2241,11.97,28.504,34.608,44.401,75.17,75.291,84.493,77.802,56.271,2241,2241,20.006,23.085,33.773,42.405,71.858,72.531,81.51,75.518,54.05,2241,2241,9.0336,19.735,31.344,41.301,64.981,83.092,89.713,79.018,55.578
2242,2242,18.023,24.496,32.332,42.906,66.238,68.212,83.185,77.526,55.132,2242,2242,22.553,24.869,30.344,40.247,65.178,64.734,81.041,74.648,52.544,2242,2242,9.667,19.523,32.632,46.076,63.271,74.298,89.076,79.582,55.678
2243,2243,16.957,24.217,27.477,43.468,64.982,65.844,79.196,73.811,52.163,2243,2243,21.736,17.746,28.117,40.332,65.653,66.091,78.967,70.112,49.298,2243,2243,10.784,27.277,34.914,48.783,62.759,71.974,89.235,77.599,54.422
2244,2244,14.435,19.858,29.04,45.646,66.902,67.893,76.23,68.933,47.946,2244,2244,19.918,19.843,29.816,46.341,70.557,67.497,75.902,65.632,45.793,2244,2244,6.7917,25.215,31.395,54.143,68.016,71.949,83.315,69.307,47.867
2245,2245,10.311,20.457,28.552,43.08,67.295,69.547,73.408,67.642,48.148,2245,2245,9.2789,23.518,31.612,46.274,71.951,68.504,74.246,64.872,46.224,2245,2245,0.48737,21.086,30.468,52.997,67.57,70.323,81.58,69.385,48.559
2246,2246,5.5816,21.489,30.75,43.221,63.451,65.42,69.246,62.955,45.906,2246,2246,18.785,28.703,26.57,44.15,67.657,65.403,69.758,61.828,43.87,2246,2246,3.3897,26.493,34.315,49.441,65.178,66.174,79.368,66.038,46.17
2247,2247,2.0084,24.604,30.443,45.326,70.256,73.809,69.646,62.52,45.905,2247,2247,14.668,23.632,31.048,48.522,68.599,68.967,69.173,59.267,41.839,2247,2247,-5.7854,26.949,31.677,44.953,65.533,72.725,78.384,64.8,44.879
2248,2248,15.537,22.103,30.822,46.909,73.044,74.616,70.565,62.273,45.211,2248,2248,19.24,25.582,33.995,47.613,73.991,72.732,71.301,60.053,41.985,2248,2248,4.0614,19.747,31.591,46.873,66.498,73.384,80.581,64.034,44.187
2249,2249,14.29,26.038,36.275,52.116,75.697,77.467,71.654,66.837,48.361,2249,2249,21.07,24.765,33.248,54.209,74.822,74.982,73.252,62.825,44.061,2249,2249,9.2145,24.482,34.099,46.174,70.271,77.484,81.319,67.755,46.966
2250,2250,7.4757,29.846,39.679,53.783,75.61,77.439,73.133,68.091,48.18,2250,2250,20.403,24.618,30.64,53.402,72.753,71.359,74.746,64.041,45.181,2250,2250,2.4519,19.686,34.052,50.622,69.267,78.284,83.785,68.8,48.09
2251,2251,-0.52203,26.93,34.83,55.243,74.345,75.762,71.944,66.989,48.865,2251,2251,13.739,22.041,36.224,53.292,74.095,72.797,72.599,64.573,46.218,2251,2251,-4.1274,22.653,28.094,49,68.016,75.92,83.175,68.916,48.291
2252,2252,8.4033,23.482,34.733,53.343,76.044,77.781,72.425,65.172,46.609,2252,2252,9.8099,20.851,32.766,56.629,71.281,73.244,72.513,62.698,44.684,2252,2252,3.1911,18.09,29.222,51.129,68.435,77.121,82.112,67.346,47.107
2253,2253,4.0402,25.923,33.309,50.094,67.203,68.713,69.29,62.244,46.114,2253,2253,14.633,22.285,32.42,52.319,70.635,68.292,68.39,60.493,43.738,2253,2253,6.0755,24.406,34.796,51.737,66.206,73.987,76.23,62.095,44.267
2254,2254,11.767,24.15,31.817,47.418,66.274,67.545,67.134,58.057,43.329,2254,2254,16.02,23.697,30.328,45.072,66.585,65.649,65.425,55.181,40.108,2254,2254,-0.72188,19.45,33.451,44.681,62.244,70.043,75,60.697,42.321
2255,2255,11.052,18.529,28.682,42.118,63.488,65.682,62.479,56.769,44.628,2255,2255,15.602,20.959,29.688,43.619,65.474,64.021,61.747,54.536,39.647,2255,2255,0.055335,21.926,27.545,38.831,54.689,65.199,71.024,58.447,40.718
2256,2256,10.901,24.394,29.544,41.34,60.223,62.012,60.143,57.626,42.306,2256,2256,15.743,22.059,33.703,39.586,60.228,58.79,60.92,53.123,38.946,2256,2256,6.1972,23.294,25.915,39.185,56.415,63.553,69.136,57.076,39.922
2257,2257,10.304,26.794,29.147,38.774,60.561,62.992,58.386,56.472,44.172,2257,2257,15.277,17.974,28.188,35.691,61.272,59.141,59.315,51.86,38.465,2257,2257,-1.4412,17.55,28.449,40.213,56.493,64.522,69.337,57.108,39.946
2258,2258,9.0519,20.723,29.829,36.176,56.605,58.995,55.793,55.294,41.072,2258,2258,14.861,23.234,30.579,39.742,61.714,58.496,57.444,52.854,38.609,2258,2258,1.9036,13.656,32.913,40.528,55.251,61.257,67.186,57.283,38.969
2259,2259,13.677,20.659,32.627,37.237,57.21,59.229,55.739,53.485,43.962,2259,2259,21.889,25.612,28.465,40.247,56.272,54.585,56.484,51.801,38.406,2259,2259,9.966,20.158,23.567,41.757,53.96,60.516,66.061,55.028,38.913
2260,2260,9.6508,23.544,30.868,39.522,53.485,52.411,54.899,63.942,49.325,2260,2260,15.926,26.454,33.993,41.385,53.67,51.967,53.382,56.601,45.082,2260,2260,6.9073,24.22,31.399,36.95,47.328,56.562,66.025,56.935,43.071
2261,2261,4.1122,26.376,29.798,38.27,54.742,56.701,52.772,54.238,45.156,2261,2261,7.9069,22.204,31.298,38.233,54.375,53.941,52.632,50.148,39.6,2261,2261,4.4419,17.726,34.27,36.587,47.56,58.916,64.015,54.236,39.329
2262,2262,3.8286,15.073,27.962,33.612,52.059,54.124,54.191,63.798,51.53,2262,2262,0.79891,27.41,32.43,39.842,52.112,51.805,52.925,50.892,44.027,2262,2262,4.6257,23.997,35.723,34.523,47.775,60.175,64.759,54.584,43.56
2263,2263,13.037,23.399,31.865,40.361,51.739,52.128,53.857,53.21,43.638,2263,2263,11.303,29.026,27.648,36.565,53.22,52.123,54.187,48.903,38.199,2263,2263,3.8187,31.682,32.122,35.7,50.308,60.241,65.126,52.512,38.422
2264,2264,5.6307,20.863,27.082,37.613,50.941,49.384,51.513,52.002,41.487,2264,2264,5.3284,20.133,29.218,36.481,53.483,51.536,52.144,48.497,37.605,2264,2264,3.6914,22.406,31.89,33.96,46.232,57.691,62.233,50.51,38.418
2265,2265,8.0468,22.693,28.298,36.898,52.125,52.181,52.213,52.213,42.922,2265,2265,10.182,17.813,27.756,40.477,52.232,51.959,54.224,48.736,37.879,2265,2265,8.8896,18.802,34.281,38.284,46.4,58.425,63.618,51.644,38.912
2266,2266,4.5674,23.169,28.81,35.211,52.979,52.41,52.081,51.283,40.317,2266,2266,10.317,20.225,31.898,41.404,54.083,51.807,51.844,49.283,37.291,2266,2266,-0.15959,18.527,27.875,34.832,47.754,57.929,62.781,51.527,37.188
2267,2267,6.624,26.334,25.279,38.94,53.779,54.895,52.245,53.094,43.048,2267,2267,13.787,22.707,31.831,36.54,51.614,53.011,53.442,49.561,37.663,2267,2267,0.18594,22.866,32.454,41.82,49.624,57.345,64.171,52.518,38.49
2268,2268,8.6092,23.949,31.071,37.886,51.122,54.962,52.944,51.975,41.101,2268,2268,18.74,12.625,26.195,37.009,52.831,51.362,53.571,48.452,37.091,2268,2268,4.2591,24.652,34.697,36.094,46.125,55.885,64.694,52.502,38.093
2269,2269,7.7313,22.712,25.768,38.968,51.016,51.894,53.861,52.519,42.981,2269,2269,19.056,22.64,27.906,38.712,47.781,47.538,53.351,49.943,37.845,2269,2269,4.2597,19.019,36.113,37.76,45.377,55.405,63.665,50.864,38.507
2270,2270,8.8231,23.621,33.006,40.254,49.864,51.428,53.321,52.643,40.708,2270,2270,12.609,16.017,27.79,38.858,47.795,47.563,53.262,48.554,37.575,2270,2270,-5.1175,14.754,31.175,38.092,46.796,53.854,63.856,51.951,38.269
2271,2271,4.0723,23.416,28.354,39.173,50.347,51.414,52.975,52.211,42.802,2271,2271,10.231,21.876,32.071,39.659,48.968,48.552,53.933,49.802,37.461,2271,2271,-2.5873,24.349,30.844,40.134,44.928,55.687,64.439,52.487,38.567
2272,2272,10.435,24.605,27.965,39.454,52.225,55.147,51.8,53.242,41.029,2272,2272,14.07,20.277,31.414,38.913,52.183,52.004,52.599,49.462,36.889,2272,2272,-0.49097,31.278,32.721,40.612,49.001,56.702,62.153,51.53,37.501
2273,2273,12.602,20.796,30.122,37.679,49.906,51.266,52.13,52.888,43.103,2273,2273,20.318,26.205,32.158,40.791,52.76,50.908,53.951,48.986,37.457,2273,2273,-1.4459,25.932,29.986,39.923,48.396,58.332,64.93,53.116,38.125
2274,2274,12.698,24.29,28.506,38.008,47.964,47.071,50.805,53.023,41.448,2274,2274,15.836,21.576,29.068,39.223,49.583,48.95,52.11,49.917,37.615,2274,2274,1.7237,29.589,37.541,39.16,44.904,55.419,61.993,50.628,37.089
2275,2275,14.291,23.647,29.679,37.005,47.839,49.147,52.572,55.641,43.516,2275,2275,17.615,25.296,28.284,40.429,46.864,48.162,53.469,49.613,37.087,2275,2275,-0.21061,30.447,35.425,36.573,42.687,55.165,63.228,51.715,38.684
2276,2276,9.8904,22.922,29.052,35.233,48.636,47.532,55.388,52.162,41.045,2276,2276,22.456,24.514,31.462,41.387,45.306,46.051,55.109,49.584,36.849,2276,2276,5.7987,32.637,38.588,37.643,45.68,56.82,65.868,50.723,38.019
2277,2277,13.278,23.965,28.11,40.902,49.257,48.882,52.761,53.216,43.179,2277,2277,20.289,25.558,27.833,46.596,50.425,48.475,51.803,49.6,38.172,2277,2277,8.7092,28.825,39.144,35.978,47.089,54.51,62.007,50.971,38.431
2278,2278,8.4104,22.432,31.332,40.289,49.554,47.284,53.266,54.201,40.701,2278,2278,16.817,22.277,32.677,41.38,49.073,47.532,53.412,49.756,37.037,2278,2278,3.6279,24.872,35.042,34.751,46.31,55.935,64.651,52.365,38.275
2279,2279,12.063,18.243,27.607,32.358,48.142,49.467,53.689,52.643,43.168,2279,2279,16.82,17.06,25.09,40.557,47.882,49.234,55.212,49.201,37.921,2279,2279,6.7162,23.844,31.731,36.623,45.854,55.023,65.025,53.096,38.818
2280,2280,7.8161,24.465,30.488,39.984,49.459,47.93,53.943,52.193,40.344,2280,2280,9.3753,21.815,31.486,38.902,47.016,48.156,54.258,49.702,37.333,2280,2280,9.7829,21.546,32.953,35.403,44.63,55.421,64.651,52.885,37.43
2281,2281,2.7076,27.073,33.171,41.387,47.55,49.2,52.217,53.761,41.203,2281,2281,18.093,24.867,32.062,38.933,48.404,48.04,54.16,49.196,37.643,2281,2281,8.9792,27.115,32.302,36.892,46.181,52.856,63.844,51.902,38.117
2282,2282,-0.20218,24.754,31.928,38.369,49.213,49.975,51.558,52.662,42.485,2282,2282,7.5784,20.16,33.064,38.193,48.791,49.242,51.359,47.911,37.323,2282,2282,6.2166,25.527,36.954,37.077,48.026,55.152,61.796,50.095,38.049
2283,2283,7.8014,23.974,31.762,43.299,48.525,45.45,52.783,52.766,39.967,2283,2283,11.207,24.095,30.341,40.716,48.973,48.238,53.632,50.096,37.726,2283,2283,-3.8535,22.608,31.021,35.67,44.681,53.091,61.574,50.078,38.018
2284,2284,8.4644,24.547,32.707,45.905,48.844,46.251,53.417,52.992,42.601,2284,2284,14.455,23.652,30.296,43.56,49.411,47.505,53.436,49.818,37.293,2284,2284,-0.67626,20.285,29.852,36.716,42.739,53.86,63.167,51.819,38.116
2285,2285,6.0227,26.079,30.739,48.786,52.443,52.363,54.208,51.944,39.949,2285,2285,20.085,23.91,32.587,44.155,49.124,47.651,54.911,49.073,37.471,2285,2285,3.5978,20.583,29.004,36.765,45.553,55.138,63.53,50.738,37.414
2286,2286,15.551,27.136,30.954,39.92,48.85,50.342,52.815,52.1,42.285,2286,2286,15.654,24.762,30.819,39.374,48.474,47.182,53.395,50.305,37.808,2286,2286,-4.7199,18.289,28.193,36.191,44.707,52.033,62.989,51.977,37.891
2287,2287,12.089,28.681,33.183,44.82,49.408,51.14,53.57,53.472,40.952,2287,2287,11.735,22.089,31.104,40.647,46.987,47.557,53.497,50.719,37.819,2287,2287,4.1058,22.445,30.319,34.264,41.319,55.539,63.994,51.913,38.563
2288,2288,13.149,23.978,29.107,44.115,48.831,46.654,52.386,52.843,43.565,2288,2288,13.494,21.934,35.115,41.722,47.538,47.206,53.62,49.151,37.811,2288,2288,5.6498,18.073,34.575,35.754,44.12,56.367,62.754,50.288,38.142
2289,2289,6.6363,25.04,31.541,42.459,49.566,49.851,54.121,51.807,40.8,2289,2289,2.7163,26.169,26.63,43.678,51.207,49.184,53.811,49.093,37.697,2289,2289,2.4342,16.802,31.171,37.871,42.76,56.111,64.858,52.487,38.193
2290,2290,9.0737,28.938,31.614,49.272,52.317,49.365,52.734,52.867,43.471,2290,2290,12.438,20.63,29.668,46.325,50.068,47.574,52.912,49.834,37.825,2290,2290,-4.9221,25.121,29.94,41.208,44.776,55.484,64.065,51.741,38.277
2291,2291,15.492,26.138,35.81,58.287,56.22,52.812,53.583,53.69,41.824,2291,2291,19.659,29.019,36.096,52.924,55.671,53.072,53.086,48.858,38.062,2291,2291,4.5341,21.691,32.946,48.513,48.268,56.733,64.054,52.19,38.177
2292,2292,23.586,24.836,38.124,59.895,60.905,55.271,54.482,55.155,44.078,2292,2292,16.045,28.886,32.706,55.813,56.013,50.755,54.055,50.012,38.13,2292,2292,4.5476,14.24,32.296,44.952,47.801,57.01,63.715,51.536,37.785
2293,2293,23.077,27.387,32.76,58.117,58.466,50.332,53.097,53.041,41.136,2293,2293,24.144,22.87,30.618,54.516,55.803,48.902,54.18,49.95,37.182,2293,2293,11.809,19.956,27.276,42.72,46.694,58.209,64.625,53.149,38.091
2294,2294,22.736,24.632,34.475,59.742,59.076,53.537,53.774,52.559,43.631,2294,2294,22.52,27.911,35.683,54.718,56.157,53.332,52.654,50.145,38.602,2294,2294,6.5113,18.399,33.595,42.932,45.535,57.304,63.229,51.797,38.557
2295,2295,13.213,24.107,29.059,47.287,55.072,54.95,54.729,52.829,42.323,2295,2295,22.426,29.004,30.708,49.247,52.806,50.209,54.381,50.855,38.251,2295,2295,3.9672,17.914,27.852,39.16,46.492,58.162,64.295,52.454,38.348
2296,2296,14.928,23.971,33.166,40.796,51.247,53.126,51.112,59.857,46.673,2296,2296,24.115,26.711,32.773,41.58,52.256,50.775,51.391,53.621,43.628,2296,2296,9.4793,27.193,31.038,37.377,45.416,57.65,62.724,53.06,40.057
2297,2297,15.447,24.726,27.671,35.302,51.476,51.745,52.173,62.84,51.949,2297,2297,22.788,26.842,28.516,40.13,52.929,52.036,53.683,55.754,46.551,2297,2297,3.9141,25.653,34.215,38.156,46.417,54.06,61.161,52.906,43.163
2298,2298,12.969,23.49,30.962,39.317,50.958,53.733,53.994,59.78,52.438,2298,2298,13.01,26.596,32.77,38.455,52.815,51.115,54.205,57.882,48.923,2298,2298,9.6445,19.289,28.18,38.526,47.176,57.137,64.23,54.94,47.234
2299,2299,11.795,22.647,29.431,44.574,50.647,50.01,52.667,52.801,41.757,2299,2299,14.362,19.386,30.545,42.113,53.579,51.809,52.275,50.548,38.767,2299,2299,6.0374,18.502,31.605,37.893,47.645,58.736,64.297,52.161,38.777
2300,2300,3.0877,22.929,30.628,44.014,49.233,49.036,52.287,54.51,43.114,2300,2300,14.043,19.373,33.583,42.416,53.018,51.035,52.577,49.368,37.998,2300,2300,3.9587,26.918,35.834,35.747,47.537,56.559,63.291,52.041,38.381
2301,2301,8.2567,25.686,30.362,38.194,54.866,54.894,53.964,53.428,40.859,2301,2301,16.934,25.986,24.396,38.236,53.163,52.574,52.056,48.91,37.234,2301,2301,-0.035427,22.104,33.082,39.235,46.887,57.906,63.742,51.639,38.221
2302,2302,6.6816,27.538,27.999,39.136,51.677,51.226,51.607,52.901,43.955,2302,2302,13.12,23.045,31.528,41.043,55.007,54.055,52.927,50.098,37.879,2302,2302,-3.5858,15.644,29.334,39.244,48.923,57.302,62.616,51.915,37.67
2303,2303,15.694,27.87,29.737,37.656,53.109,52.223,50.486,52.093,40.967,2303,2303,16.241,13.796,25.979,41.239,55.836,53.307,51.191,49.441,37.264,2303,2303,0.89395,22.539,32.233,34.323,47.4,56.053,61.232,51.285,37.478
2304,2304,9.9877,24.079,27.554,38.467,52.659,51.306,53.812,54.173,43.965,2304,2304,15.661,19.044,32.233,40.23,52.588,50.753,54.62,49.206,38.29,2304,2304,4.0289,19.969,34.105,39.636,49.575,57.169,63.987,51.711,38.955
2305,2305,16.077,26.687,26.688,41.417,53.152,54.378,54.081,52.544,41.485,2305,2305,22.528,23.335,27.383,40.544,52.951,52.102,54.597,48.776,37.165,2305,2305,2.1073,25.721,31.445,39.222,48.556,55.25,65.501,52.805,37.832
2306,2306,14.545,22.833,27.82,41.47,54.723,57.542,53.532,52.928,43.704,2306,2306,20.691,28.547,26.511,38.979,48.666,49.272,53.193,49.364,37.776,2306,2306,4.284,25.629,30.046,33.819,47.523,55.071,63.797,51.9,38.205
2307,2307,17.195,19.469,30.279,46.18,54.546,54.337,53.485,62.09,45.225,2307,2307,16.926,17.87,30.733,44.41,52.417,51.536,52.634,53.154,39.427,2307,2307,1.9046,15.901,27.233,41.897,49.113,54.899,63.291,54.756,38.714
2308,2308,12.708,26.549,32.054,45.509,54.328,54.225,53.944,55.565,44.069,2308,2308,10.214,21.687,27.554,41.01,52.198,48.965,53.954,51.859,38.686,2308,2308,1.8602,21.262,30.755,42.73,51.322,56.528,63.806,53.064,38.168
2309,2309,20.202,27.567,28.83,45.769,56.083,56.131,53.607,54.039,40.819,2309,2309,22.22,17.723,27.692,47.357,55.519,54.638,53.681,48.596,37.502,2309,2309,2.8052,15.865,28.997,45.715,54.161,57.5,63.087,51.532,37.82
2310,2310,16.739,27.815,31.582,40.615,53.756,55.184,52.225,53.863,43.038,2310,2310,19.837,25.726,29.943,43.285,54.836,53.113,53.828,50.023,37.873,2310,2310,6.7786,20.13,30.372,42.992,50.562,56.143,63.19,51.483,37.768
2311,2311,12.82,20.399,31.275,44.224,54.809,54.875,53.229,53.643,40.586,2311,2311,19.532,22.587,31.932,45.726,56.212,53.307,52.829,49.295,37.398,2311,2311,3.4673,20.814,30.334,42.116,52.35,57.442,63.872,52.727,38.181
2312,2312,11.019,19.952,29.936,42.838,51.671,49.96,54.509,54.478,43.174,2312,2312,20.293,21.534,30.043,43.796,55.265,51.779,54.299,49.73,37.803,2312,2312,4.7279,26.293,27.248,41.269,53.5,58.286,65.586,53.232,38.382
2313,2313,10.033,20.678,31.212,36.782,53.303,56.03,53.923,52.481,40.167,2313,2313,12.661,23.02,26.759,43.18,56.636,51.161,55.538,49.917,37.599,2313,2313,0.59786,23.596,26.498,39.685,56.374,56.765,63.492,52.469,37.899
2314,2314,10.549,22.143,30.947,39.007,53.548,55.025,55.71,54.42,43.302,2314,2314,14.046,25.664,30.963,40.959,52.611,51.197,55.199,49.544,37.322,2314,2314,4.0105,18.381,29.692,38.99,51.764,60.243,64.848,52.891,38.696
2315,2315,6.4257,19.901,27.9,38.316,56.285,58.772,55.866,53.838,41.631,2315,2315,10.343,20.886,32.331,38.84,56.135,56.407,55.194,50.553,37.606,2315,2315,1.7223,16.613,31.286,41.945,53.107,59.026,65.647,53.275,38.623
2316,2316,9.8263,24.398,28.743,39.819,54.106,58.244,56.405,53.221,43.179,2316,2316,5.223,21.754,29.726,41.586,55.083,54.692,56.681,50.677,37.885,2316,2316,3.6429,14.769,28.802,42.921,56.793,59.6,65.657,54.645,38.524
2317,2317,12.161,17.742,32.248,38.958,57.908,61.507,61.338,56.817,42.909,2317,2317,13.86,19.203,30.73,37.091,58.401,56.472,58.56,51.025,38.26,2317,2317,-2.4635,15.195,30.795,43.367,56.265,65.469,68.245,55.195,39.534
2318,2318,5.1225,22.11,16.45,39.404,53.951,60.402,62.278,54.539,43.889,2318,2318,11.42,14.518,25.877,41.638,56.238,54.315,60.833,51.111,38.294,2318,2318,5.7036,25.001,30.993,45.137,57.219,70.034,71.461,55.547,39.071
2319,2319,9.3279,18.574,28.152,40.116,58.348,58.697,62.033,57.028,41.893,2319,2319,13.547,12.545,22.724,43.271,57.025,56.602,60.02,52.384,37.394,2319,2319,0.39813,24.87,30.017,37.975,56.699,68.115,72.172,57.62,39.712
2320,2320,4.8178,20.769,23.708,42.664,58.565,59.311,64.242,57.619,43.56,2320,2320,9.2542,23.225,30.509,41.188,56.73,60.876,65.493,55.089,38.967,2320,2320,-1.9933,18.744,32.329,39.712,55.436,71.061,75.808,60.273,40.842
2321,2321,10.359,21.886,29.106,38.662,55.816,60.694,64.113,56.529,42.5,2321,2321,9.7738,20.201,32.552,36.71,52.648,58.951,65.295,55.011,39.14,2321,2321,0.082901,17.862,28.867,39.202,54.602,67.393,75.066,60.813,41.302
2322,2322,10.992,24.054,29.681,39.222,53.755,57.941,66.059,58.917,44.25,2322,2322,15.568,21.983,30.062,38.352,55.043,58.703,64.521,55.646,38.785,2322,2322,-2.6336,15.001,28.409,38.428,53.808,68.279,72.668,59.754,40.347
2323,2323,10.239,21.708,24.84,37.138,55.739,58.749,64.793,60.327,43.46,2323,2323,6.8774,19.737,24.869,38.171,52.222,56.512,63.797,57.777,39.967,2323,2323,5.047,24.015,32.379,41.238,51.412,63.654,72.955,60.879,41.374
2324,2324,2.4441,17.87,30.388,42.435,59.325,61.428,65.977,62.036,43.513,2324,2324,12.826,20.543,27.17,39.511,52.915,55.011,65.175,58.408,40.435,2324,2324,0.98487,17.018,27.87,41.137,57.766,64.651,77.066,66.149,44.013
2325,2325,12.992,26.719,33.563,43.724,57.074,58.785,64.771,59.743,43.888,2325,2325,10.067,19.54,31.698,42.038,58.146,60.764,64.781,56.865,39.611,2325,2325,4.982,23.17,33.585,40.619,55.47,68.536,73.26,60.814,40.981
2326,2326,9.2665,21.505,28.882,48.049,59.121,59.529,63.215,56.541,42.107,2326,2326,7.7878,21.349,23.577,42.231,59.728,58.539,60.658,54.09,38.678,2326,2326,0.30914,17.536,33.912,43.501,52.25,62.304,69.43,57.227,39.966
2327,2327,12.017,20.568,29.765,38.408,54.441,55.816,60.222,58.463,44.443,2327,2327,9.8784,19.097,29.603,41.516,58.308,56.575,58.161,54.807,39.612,2327,2327,0.61939,21.837,32.874,41.579,52.03,60.72,67.789,57.241,40.246
2328,2328,11.056,13.863,31.133,34.524,53.163,55.281,57.697,55.634,41.729,2328,2328,12.444,18.472,27.728,36.898,58.028,55.732,59.473,53.776,39.146,2328,2328,1.243,18.125,32.692,40.593,53.344,57.816,68.465,56.238,39.507
2329,2329,7.3057,20.471,20.647,36.411,55.113,56.342,56.936,55.119,43.887,2329,2329,7.6852,18.844,26.267,40.635,56.545,54.491,57.915,52.557,39.731,2329,2329,2.4805,23.419,28.962,41.802,57.449,58.48,68.071,55.786,40.684
2330,2330,9.1677,20.767,25.009,41.79,52.671,53.806,56.953,54.511,42.348,2330,2330,15.549,21.091,28.806,42.076,58.643,57.605,57.015,52.963,39.221,2330,2330,-0.84013,24.418,34.084,38.747,55.457,58.262,65.525,52.974,39.381
2331,2331,11.308,25.464,26.981,39.428,50.271,50.122,54.956,54.739,44.246,2331,2331,14.474,24.429,29.569,42.422,54.843,52.65,55.748,51.129,38.931,2331,2331,-0.51107,22.355,32.378,40.723,55.246,57.395,66.249,53.058,39.425
2332,2332,9.3249,21.059,28.517,41.515,54.814,56.354,55.82,54.946,41.858,2332,2332,12.531,22.32,28.447,40.357,56.912,56.186,56.855,50.782,37.776,2332,2332,4.6602,14.353,30.869,38.328,53.218,56.666,65.403,53.628,38.561
2333,2333,11.977,24.123,26.161,39.861,53.959,53.521,57.366,53.738,43.179,2333,2333,15.766,24.919,28.82,38.327,48.213,50.397,57.508,51.099,38.431,2333,2333,5.1634,21.481,28.936,38.431,54.032,57.859,67.317,54.066,39.059
2334,2334,16.012,17.784,26.946,39.129,54.892,58.002,63.486,60.012,43.805,2334,2334,19.381,22.252,27.527,42.469,53.636,55.462,64.131,57.261,41.478,2334,2334,-1.4167,20.475,31.811,38.034,53.315,62.979,75.298,63.794,42.712
2335,2335,13.361,28.613,29.527,43.407,61.459,64.203,69.17,60.772,45.021,2335,2335,20.867,21.334,29.256,43.501,62.688,61.632,69.658,58.05,41.185,2335,2335,-2.432,19.245,30.928,40.89,58.758,67.033,82.264,68.625,47.014
2336,2336,10.963,24.574,29.649,44.966,64.365,67.533,70.69,61.636,43.926,2336,2336,20.718,24.071,29.136,43.326,62.512,63.891,68.886,58.942,41.263,2336,2336,2.3569,20.811,28.655,41.491,60.268,70.291,79.997,67.875,45.936
2337,2337,3.345,20.317,31.604,45.686,64.058,67.675,70.173,65.528,46.205,2337,2337,10.471,25.005,29.525,41.646,65.836,66.434,69.448,62.911,43.615,2337,2337,3.8363,17.387,28.706,41.734,62.293,71.506,80.761,68.554,46.77
2338,2338,11.642,23.77,30.532,48.728,65.601,69.5,70.971,66.453,46.439,2338,2338,8.5921,22.916,31.55,43.572,66.159,66.907,69.461,62.828,43.174,2338,2338,0.58426,15.311,30.505,40.958,63.087,71.702,77.875,67.237,45.338
2339,2339,12.036,25.77,26.556,47.51,65.481,68.123,67.876,67.397,47.417,2339,2339,19.751,24.757,31.863,44.546,65.142,65.815,66.911,65.662,45.749,2339,2339,5.4952,19.538,27.614,43.065,63.686,71.186,77.159,66.236,45.577
2340,2340,14.189,19.906,34.302,49.225,61.292,65.51,64.706,63.36,44.771,2340,2340,25.896,20.523,33.289,44.6,62.061,63.615,62.947,63.078,43.802,2340,2340,11.116,27.056,29.997,45.555,63.544,68.055,72.917,62.218,43.231
2341,2341,9.6489,20.704,30.937,46.453,66.371,66.733,71.404,69.751,49.303,2341,2341,24.241,21.218,29.397,45.389,63.803,64.165,72.974,67.206,48.135,2341,2341,8.3235,16.718,27.302,46.953,65.179,70.246,79.251,71.386,48.318
2342,2342,13.358,24.763,34.109,47.412,66.307,68.956,77.952,73.785,52.004,2342,2342,16.621,21.924,26.249,44.993,63.983,65.16,79.162,72.877,51.826,2342,2342,5.3904,15.885,27.987,49.12,63.962,70.1,87.54,77.765,53.922
2343,2343,9.4147,24.899,31.033,47.908,69.683,72.721,81.468,77.612,55.364,2343,2343,7.9655,20.749,28.812,49.613,67.192,67.395,79.255,74.436,53.852,2343,2343,2.0417,13.818,33.386,49.327,67.53,72.956,89.289,78.82,55.535
2344,2344,9.3045,18.962,33.754,49.788,68.729,71.738,84.033,77.887,55.857,2344,2344,11.92,19.079,32.012,46.912,68.519,69.846,80.561,75.036,54.38,2344,2344,-0.40907,18.854,32.452,49.855,67.011,75.599,92.407,81.809,58.292
2345,2345,18.372,18.334,34.243,55.695,70.684,74.678,87.97,83.597,59.818,2345,2345,24.884,25.524,35.082,52,70.625,72.788,85.37,78.656,55.88,2345,2345,7.0358,18.93,31.487,51.416,66.864,79.285,94.509,83.869,60.154
2346,2346,15.415,26.236,33.287,52.976,71.518,74.978,88.492,84.504,61.639,2346,2346,23.286,21.892,33.06,52.558,72.873,75,86.456,80.76,57.568,2346,2346,4.1945,19.428,29.561,52.708,70.017,81.343,96.995,85.968,62.215
2347,2347,4.7804,21.919,37.595,49.948,71.524,77.256,88.464,84.642,61.144,2347,2347,13.485,16.084,34.281,54.737,74.024,75.809,88.093,79.717,58.215,2347,2347,-2.5671,16.798,32.958,48.048,69.028,87.063,97.127,84.865,61.327
2348,2348,16.603,23.957,32.863,47.881,68.151,77.039,88.072,81.395,58.806,2348,2348,12.107,25.299,38.537,51.997,74.701,76.502,87.049,77.671,55.81,2348,2348,11.786,23.348,32.461,50.175,70.312,89.021,96.952,84.213,61.076
2349,2349,10.509,18.491,31.691,44.153,68.141,73.713,81.928,74.973,57.213,2349,2349,21.098,22.833,35.174,46.664,67.353,72.557,81.231,72.528,53.525,2349,2349,16.813,23.189,34.655,48.656,65.816,84.935,89.695,75.765,53.811
2350,2350,6.3026,24.472,34.592,47.989,66.494,71.709,78.65,76.946,59.391,2350,2350,19.281,25.559,38.938,54.061,71.694,70.858,77.456,76.718,57.409,2350,2350,14.795,22.696,39.632,51.789,68.898,79.929,86.998,74.644,52.597
2351,2351,15.845,30.282,38.457,53.116,67.506,72.011,78.539,74.492,54.984,2351,2351,22.156,25.436,39.137,61.232,71.312,69.644,75.789,70.135,50.484,2351,2351,7.692,29.03,33.88,51.721,69.97,82.569,87.795,73.647,51.197
2352,2352,18.366,27.318,34.832,52.319,71.415,72.724,78.697,75.693,55.463,2352,2352,18.532,26.909,41.022,57.196,65.991,69.943,79.738,72.658,52.365,2352,2352,14.757,24.448,39.105,50.333,69.685,82.259,90.258,77.128,54.582
2353,2353,17.708,25.508,32.35,46.633,70.805,75.094,82.285,77.702,56.984,2353,2353,17.847,28.253,31.102,52.331,68.459,72.702,81.349,75.518,54.625,2353,2353,15.771,22.397,33.353,50.73,68.597,85.401,90.551,78.669,55.931
2354,2354,11.142,24.631,30.145,45.809,74.296,76.095,81.035,77.326,55.814,2354,2354,14.992,24.893,30.256,44.309,65.336,67.986,81.341,75.444,53.804,2354,2354,9.3832,15.469,31.058,44.363,64.239,79.703,90.76,81.648,57.902
2355,2355,15.299,24.657,32.877,43.119,68.149,68.705,78.839,74.431,52.654,2355,2355,20.754,23.625,29.271,43.548,66.647,66.348,76.986,71.055,49.43,2355,2355,3.0159,15.173,32.492,45.523,64.467,73.317,86.649,76.443,52.872
2356,2356,15.312,20.759,29.318,45.748,70.597,71.099,77.149,69.434,49.001,2356,2356,16.308,21.434,32.39,46.365,71.189,70.482,76.027,66.337,47.451,2356,2356,6.2485,16.154,28.464,50.471,66.551,73.727,83.951,73.071,50.027
2357,2357,13.775,25.952,31.982,41.129,68.555,69.251,74.525,66.545,48.623,2357,2357,9.3117,17.509,31.928,45.611,69.286,67.563,73.001,64.679,46.701,2357,2357,5.0926,19.876,34.11,54.331,67.998,73.531,82.086,69.724,48.902
2358,2358,12.43,24.377,24.075,46.204,68.876,70.067,73.093,71.216,51.294,2358,2358,12.295,20.591,28.932,44.894,69.485,68.715,71.722,68.235,49.138,2358,2358,1.8156,19.432,32.108,50.888,66.835,71.349,81.482,71.288,49.048
2359,2359,10.131,21.127,29.439,46.268,62.022,63.696,70.057,69.988,50.543,2359,2359,13.16,23.475,26.658,44.467,59.896,59.601,68.502,66.878,48.744,2359,2359,-2.0852,26.106,30.813,47.271,60.864,69.539,78.372,69.037,46.575
2360,2360,8.0436,21.622,31.198,47.352,59.131,61.132,66.626,66.324,47.359,2360,2360,6.8694,28.627,32.785,44.717,62.156,62.633,68.168,65.384,46.082,2360,2360,-7.6497,20.709,32.675,41.635,58.016,71.128,77.418,66.128,44.912
2361,2361,11.656,20.881,34.81,41.429,61.082,62.441,66.778,63.608,46.092,2361,2361,-0.45752,21.415,30.34,44.494,60.435,61.09,66.018,64.384,45.411,2361,2361,1.1841,19.427,30.134,41.103,55.666,69.383,78.382,67.06,45.032
2362,2362,11.652,21.059,31.994,44.476,57.448,59.872,69.407,62.719,44.026,2362,2362,3.2992,15.907,32.876,42.835,60.214,62.232,66.516,60.393,42.172,2362,2362,-0.63192,19.58,27.31,40.645,55.301,68.667,79.552,65.097,44.21
2363,2363,11.758,24.942,32.788,46.954,65.104,68.157,69.058,63.947,45.296,2363,2363,10.525,15.869,29.407,43.673,60.172,61.561,68.362,61.603,42.709,2363,2363,-1.5959,23.877,29.996,39.742,58.578,67.776,79.437,65.042,44.71
2364,2364,8.6466,20.386,29.062,48.665,62.35,65.011,70.703,64.876,45.76,2364,2364,12.416,21.082,26.545,39.914,58.106,62.078,69.258,63.297,43.985,2364,2364,1.5718,16.878,29.057,38.823,57.24,68.88,81.816,66.852,46.561
2365,2365,5.0242,20.424,29.778,47.665,60.839,63.709,66.764,62.28,45.968,2365,2365,19.14,20.671,32.359,42.573,60.73,62.837,68.779,61.371,43.382,2365,2365,2.2187,21.831,26.983,40.625,58.124,66.836,77.719,63.64,44.424
2366,2366,12.412,21.971,27.153,46.317,62.873,67.347,64.156,58.274,43.579,2366,2366,14.61,26.3,32.161,44.922,61.232,62.08,65.113,57.21,40.821,2366,2366,-4.5208,18.978,27.236,38.785,54.997,65.199,73.944,59.029,41.862
2367,2367,11.133,21.407,28.812,43.393,60.363,63.702,60.883,55.381,43.326,2367,2367,5.052,22.45,28.886,41.573,59.725,59.65,62.568,53.621,39.694,2367,2367,4.2161,17.112,29.599,39.14,53.849,63.057,71.982,56.586,40.425
2368,2368,12.737,20.935,28.681,40.964,60.914,63.824,58.56,54.565,43.665,2368,2368,2.2735,21.209,32.66,42.038,58.977,57.041,59.399,52.888,39.206,2368,2368,10.366,13.376,24.715,39.868,53.15,60.652,69.359,56.84,39.965
2369,2369,16.154,25.06,33.601,44.606,55.998,57.421,61.278,55.74,41.636,2369,2369,17.55,22.117,30.857,40.445,52.417,53.341,61.7,54.985,39.445,2369,2369,6.047,17.259,28.145,39.139,50.952,61.267,70.492,58.048,40.278
2370,2370,11.058,26.121,31.59,41.383,59.036,63.472,68.145,60.291,44.783,2370,2370,20.948,15.958,30.194,43.03,59.99,60.03,66.097,58.96,41.703,2370,2370,5.0162,18.473,27.517,38.01,54.314,67.007,79.18,67.509,45.231
2371,2371,11.699,12.048,33.093,44.282,64.227,67.439,71.592,64.132,44.87,2371,2371,11.056,23.518,31.498,42.523,63.512,64.918,70.919,61.578,42.787,2371,2371,3.157,18.96,28.579,41.276,60.57,70.575,80.584,68.357,46.072
2372,2372,9.3188,21.779,30.053,50.412,65.374,69.714,72.09,66.703,47.226,2372,2372,8.1601,18.833,31.338,44.648,62.5,65.486,71.582,64.154,44.556,2372,2372,1.1447,16.824,31.721,40.776,61.177,70.945,81.384,69.271,47.417
2373,2373,8.6315,27.352,28.042,49.134,65.476,69.618,70.026,66.095,45.57,2373,2373,13.767,24.138,32.215,43.712,62.794,65.205,69.36,62.991,42.778,2373,2373,5.2492,22.051,27.679,41.914,62.826,69.659,79.106,67.466,45.271
2374,2374,2.1814,14.832,29.853,50.842,64.807,67.954,67.358,65.662,46.578,2374,2374,17.011,19.534,26.809,43.274,62.695,64.638,67.054,62.744,42.844,2374,2374,-1.4558,17.315,25.742,40.478,61.934,69.081,74.33,64.159,43.264
2375,2375,3.6221,17.69,25.292,44.14,63.724,66.433,64.729,63.411,44.68,2375,2375,7.859,24.63,31.984,40.897,64.579,65.512,64.573,60.968,41.978,2375,2375,4.4485,20.124,32.003,39.844,63.547,68.29,73.456,63.376,42.333
2376,2376,9.5927,24.317,31.686,44.742,65.735,68.482,70.21,66.237,47.029,2376,2376,9.8922,23.381,31.143,41.657,68.509,68.33,70.543,62.863,43.058,2376,2376,3.5317,21.375,28.487,42.907,65.429,69.644,78.181,68.098,45.964
2377,2377,11.44,19.612,30.293,50.86,77.126,80.727,76.349,71.524,49.817,2377,2377,17.331,18.01,32.424,55.317,73.059,75.972,76.533,68.575,47.871,2377,2377,6.6216,20.957,29.218,50.735,65.02,73.112,85.943,74.555,51.461
2378,2378,7.6762,20.325,32.756,52.1,77.045,77.989,78.615,73.878,52.501,2378,2378,7.6105,14.659,33.473,54.419,70.091,71.776,79.034,72.235,51.37,2378,2378,2.2013,19.41,27.538,50.715,68.838,73.892,86.157,76.968,52.92
2379,2379,12.729,21.243,33.216,53.944,82.214,84.346,82.584,75.837,53.859,2379,2379,9.4368,22.042,35.557,58.617,76.732,76.978,81.024,73.756,51.8,2379,2379,4.2275,15.377,30.887,52.684,69.535,77.096,89.671,79.374,55.215
2380,2380,12.732,25.401,33.571,57.653,77.64,79.637,84.363,78.569,56.093,2380,2380,11.027,14.229,34.299,58.569,76.26,75.806,82.978,75.966,53.438,2380,2380,3.6045,17.608,28.269,53.774,71.266,78.982,93.397,81.037,58.124
2381,2381,17.356,24.84,37.078,55.799,72.399,76.347,86.913,82.681,59.571,2381,2381,11.046,23.059,35.666,54.689,76.807,77.042,86.465,78.153,55.998,2381,2381,7.1404,18.718,31.474,54.561,71.208,80.976,95.654,84.04,60.366
2382,2382,17.198,20.507,30.877,54.552,74.013,78.59,88.894,83.139,60.195,2382,2382,15.713,20.374,33.207,55.295,73.034,73.675,85.519,78.106,56.515,2382,2382,3.2616,22.036,31.787,52.804,70.147,81.475,96.598,86.416,62.559
2383,2383,7.9325,15.919,34.086,53.838,72.303,77.63,89.652,84.089,60.661,2383,2383,19.258,18.673,35.703,54.938,73.327,76.174,88.321,78.66,56.26,2383,2383,10.107,21.668,32.375,52.927,69.076,87.579,97.3,85.137,61.672
2384,2384,6.1144,21.329,29.686,50.088,64.312,75.126,87.033,79.534,57.177,2384,2384,21.073,19.011,34.491,53.543,72.441,74.35,87,77.123,54.696,2384,2384,5.9922,18.589,36.49,50.848,66.399,87.973,96.211,83.715,60.436
2385,2385,16.19,24.54,25.329,45.645,64.101,73.588,82.907,71.631,50.848,2385,2385,21.881,13.531,27.923,47.776,64.213,74.686,83.314,70.963,49.093,2385,2385,10.782,23.319,30.725,47.362,63.911,88.04,91.38,76.771,52.972
2386,2386,14.094,23.346,29.259,44.888,63.964,70.278,80.625,69.014,49.223,2386,2386,19.814,19.333,30.62,52.38,65.808,69.64,79.005,67.185,46.176,2386,2386,12.125,16.072,32.322,49.253,64.098,80.092,87.661,73.448,50.494
2387,2387,9.2021,22.437,28.87,44.515,67.821,74.025,77.441,67.025,47.516,2387,2387,13.364,19.273,28.862,46.252,63.238,70.047,74.608,63.852,42.727,2387,2387,9.3229,20.091,31.88,47.652,60.04,84.123,87.705,71.581,48.602
2388,2388,6.0625,19.391,26.526,39.974,61.594,69.404,72.969,65.265,46.704,2388,2388,6.4869,19.437,28.16,42.439,62.722,65.27,71.353,62.116,42.017,2388,2388,0.18682,19.208,32.166,43.418,58.452,80.069,82.566,69.717,46.346
2389,2389,8.2652,21.485,29.496,43.309,63.896,70.159,71.028,64.309,44.87,2389,2389,9.8705,21.576,30.518,41.705,62.688,64.342,70.734,59.985,40.749,2389,2389,3.5521,16.594,32.348,41.87,59.253,77.862,82.281,69.333,46.563
2390,2390,7.957,23.747,32.741,41.152,61.028,65.578,65.632,58.765,44.67,2390,2390,16.728,22.216,35.157,43.407,56.533,56.54,62.871,54.76,38.417,2390,2390,5.0529,17.114,31.53,41.973,56.448,70.022,72.944,61.74,40.914
2391,2391,10.921,23.478,30.785,38.4,60.035,65.401,62.905,57.397,41.74,2391,2391,14.927,25.544,30.512,39.298,53.242,55.572,60.858,53.453,37.841,2391,2391,4.6453,16.939,29.571,39.415,55.92,64.629,70.082,58.411,39.772
2392,2392,11.108,19.37,23.961,39.416,55.316,56.942,58.006,54.493,44.204,2392,2392,16.493,23.96,26.439,39.627,51.948,52.576,59.689,52.816,38.359,2392,2392,5.5165,17.494,28.981,37.044,50.24,58.484,67.741,56.829,39.399
2393,2393,14.774,18.942,26.147,39.588,57.629,62.859,65.042,53.829,41.327,2393,2393,17.178,19.155,27.552,45.08,57.766,58.416,69.142,51.151,37.305,2393,2393,3.1411,21.373,30.328,40.528,58.314,67.757,70.579,55.035,38.8
2394,2394,9.021,19.438,31.802,39.329,63.432,65.398,55.698,52.476,43.076,2394,2394,14.796,19.983,29.054,47.223,60.949,57.196,56.675,49.598,37.686,2394,2394,1.7504,18.824,26.971,42.008,55.691,60.899,67.083,54.913,39.246
2395,2395,9.6894,22.866,31.008,42.864,57.507,57.629,53.847,54.773,40.927,2395,2395,14.434,19.828,26.376,44.505,58.857,57.854,54.545,49.559,37.166,2395,2395,1.697,18.867,27.253,45.692,50.834,56.983,64.685,53.111,38.39
2396,2396,4.6777,19.62,27.618,42.748,54.592,55.013,54.054,53.86,43.317,2396,2396,5.3304,16.879,18.293,42.437,53.709,50.819,54.637,49.626,37.89,2396,2396,5.8131,17.473,32.106,45.712,53.15,56.16,64.606,52.606,38.387
2397,2397,1.7861,23.16,24.394,40.071,55.954,58.879,55.372,53.015,41.216,2397,2397,4.8877,21.459,29.488,43.654,53.261,53.142,55.797,49.182,37.379,2397,2397,-8.337,19.697,30.724,41.568,56.574,56.709,65.158,53.096,38.759
2398,2398,10.941,12.969,28.589,38.473,57.149,60.117,54.877,53.481,43.307,2398,2398,7.9229,25.816,30.78,41.278,56.319,54.969,56.242,50.387,38.128,2398,2398,0.14468,20.198,25.146,42.184,52.432,58.011,65.67,53.05,39.426
2399,2399,6.4786,21.974,28.24,39.416,55.443,54.007,53.345,54.012,40.364,2399,2399,14.473,21.201,28.966,40.543,54.233,53.303,53.556,51.649,37.981,2399,2399,4.2679,20.043,31.009,34.182,50.078,56.781,62.884,54.12,38.539
2400,2400,8.3861,18.784,32.465,36.941,59.151,60.068,55.618,53.801,43.478,2400,2400,16.391,26.437,32.927,36.942,56.327,56.864,54.899,49.783,37.608,2400,2400,-1.4261,18.93,30.802,39.446,51.752,58.215,65.439,53.803,38.796
2401,2401,11.751,7.6613,25.046,35.76,54.014,58.22,55.452,54.15,40.321,2401,2401,20.948,15.912,32.243,37.819,54.525,54.133,56.698,50.018,37.418,2401,2401,1.4267,18.856,28.767,39.217,51.801,59.474,66.947,55.004,38.273
2402,2402,8.6679,20.882,27.23,39.095,55.734,56.07,55.608,53.424,43.234,2402,2402,13.739,20.8,30.025,40.942,55.567,53.928,54.662,50.531,38.216,2402,2402,-1.8108,20.215,26.255,39.805,52.826,58.143,65.708,52.198,38.654
2403,2403,15.475,21.637,29.642,41.444,54.739,53.943,52.329,53.612,41.146,2403,2403,16.333,22.905,27.767,45.491,56.499,55.187,52.716,50.508,38.055,2403,2403,1.1974,22.09,31.484,38.485,51.506,57.365,62.641,51.482,38.511
2404,2404,10.092,22.374,30.025,43.358,55.437,56.883,54.322,54.451,43.479,2404,2404,13.607,23.371,29.63,39.393,49.469,49.817,56.576,50.53,38.017,2404,2404,-6.1316,17.884,29.89,42.053,52.543,60.211,65.757,53.682,39.113
2405,2405,15.043,21.218,31.796,41.494,62.75,65.303,58.579,53.173,41.907,2405,2405,15.594,21.282,34.611,44.754,56.855,56.197,61.634,51.542,38.579,2405,2405,4.6928,22.046,28.867,43.926,57.753,65.474,68.473,54.781,39.115
2406,2406,12.66,25.674,34.452,38.684,61.915,65.73,59.48,55.633,44.116,2406,2406,17.531,21.104,31.322,39.659,58.141,58.915,62.924,53.222,39.015,2406,2406,6.4798,21.374,27.897,42.526,56.19,62.124,69.303,57.165,39.906
2407,2407,8.5826,28.074,32.059,42.626,61.237,62.103,58.186,54.237,40.805,2407,2407,6.7671,26.914,33.289,43.406,58.898,56.085,57.085,51.312,37.642,2407,2407,4.5803,15.574,29.465,42.421,57.556,61.054,66.595,53.797,39.029
2408,2408,10.762,21.511,25.328,38.12,53.584,57.211,56.343,55.087,43.063,2408,2408,17.191,22.776,28.497,34.4,49.462,51.754,57.37,50.876,37.917,2408,2408,-5.591,18.26,29.479,35.048,50.839,60.566,66.113,55.189,38.647
2409,2409,9.999,18.469,27.746,36.011,59.008,58.714,59.913,57.476,43.011,2409,2409,20.699,18.572,30.186,39.534,61.79,59.739,58.798,53.818,38.434,2409,2409,-1.7084,16.559,28.984,39.757,53.446,61.729,68.254,58.046,39.019
2410,2410,11.911,24.654,31.022,46.366,67.513,70.764,63.932,58.238,42.554,2410,2410,18.81,18.559,28.554,47.646,68.749,66.927,63.775,53.347,38.983,2410,2410,3.449,20.275,29.868,43.677,63.914,69.678,70.189,57.956,40.174
2411,2411,7.6678,20.11,32.321,46.175,74.795,77.894,68.929,60.381,45.118,2411,2411,16.094,24.409,30.009,50.923,70.799,71.527,66.573,54.627,40.351,2411,2411,4.9937,20.717,28.473,47.865,66.245,70.207,74.733,58.165,41.304
2412,2412,0.020845,24.538,36.198,49.146,77.007,80.573,68.013,61.328,44.358,2412,2412,14.78,26.045,34.69,55.302,73.402,73.219,69.369,56.64,40.359,2412,2412,2.506,19.99,29.673,49.531,67.998,73.962,75.845,60.028,41.7
2413,2413,11.366,15.979,32.204,52.717,78.145,78.103,68.327,60.22,45.188,2413,2413,9.6991,27.005,32.918,56.275,74.366,73.756,67.356,55.566,39.823,2413,2413,3.8095,17.005,28.02,48.788,68.789,72.32,75.091,59.131,41.402
2414,2414,16.357,24.673,39.011,52.904,79.26,82.003,69.407,61.321,43.818,2414,2414,17.296,20.823,33.653,55.945,74.727,74.823,69.712,54.658,40.065,2414,2414,2.2483,20.048,31.419,52.606,68.036,74.678,77.758,59.627,41.508
2415,2415,16.932,22.525,34.297,57.762,73.295,75.457,68.115,59.143,45.901,2415,2415,13.267,28.65,34.74,56.539,76.302,75.108,70.513,55.545,41.165,2415,2415,-3.2206,21.724,30.364,49.88,69.664,74.335,77.354,59.043,41.839
2416,2416,10.368,24.826,34.278,52.035,72.633,77.105,66.068,56.006,42.259,2416,2416,22.141,25.792,31.417,58.125,69.646,70.844,66.609,52.217,39.228,2416,2416,4.3871,14.932,29.588,53.406,67.64,73.82,72.96,57.823,40.396
2417,2417,9.9036,24.017,31.155,48.661,63.002,63.645,63.523,56.972,44.495,2417,2417,17.413,22.609,30.612,53.704,66.834,64.692,64.194,53.256,39.642,2417,2417,5.7769,21.927,32.034,56.185,65.706,71.975,72.966,57.287,39.986
2418,2418,12.699,19.803,33.935,49.352,66.288,69.271,62.454,59.112,43.164,2418,2418,16.218,15.483,29.644,49.608,67.657,66.627,62.939,54.776,40.199,2418,2418,-1.9848,19.77,31.328,48.848,63.411,69.586,71.309,57.541,40.842
2419,2419,11.806,22.613,30.109,53.167,69.494,73.41,63.406,59.096,44.779,2419,2419,18.09,18.442,34.372,53.794,71.643,71.524,66.293,54.854,39.821,2419,2419,-0.27811,27.237,31.57,46.69,65.011,68.005,71.597,59.118,40.386
2420,2420,6.346,23.666,27.889,54.027,65.09,69.24,68.127,59.918,43.564,2420,2420,13.827,23.647,35.385,55.465,66.605,65.672,69.158,55.09,39.818,2420,2420,2.9204,21.506,33.712,45.54,65.364,73.444,76.949,61.184,41.657
2421,2421,19.642,29.932,37.321,53.609,73.167,75.833,70.576,62.05,46.579,2421,2421,14.552,30.564,35.834,57.245,72.337,73.264,70.823,57.149,41.734,2421,2421,-0.018201,21.437,33.585,53.064,67.22,75.137,77.559,60.674,42.84
2422,2422,18.773,26.838,39.18,55.756,72.909,73.269,70.249,67.04,47.584,2422,2422,21.498,27.974,40.074,53.94,71.179,71.303,70.492,64.637,45.678,2422,2422,-0.43541,20.283,30.112,50.56,68.536,75.047,79.597,68.891,46.383
2423,2423,12.974,27.738,33.825,52.585,66.725,70.805,70.463,69.693,50.392,2423,2423,11.833,23.832,34.234,49.488,65.967,65.267,68.626,65.355,45.05,2423,2423,-0.51864,21.819,30.287,51.052,65.712,72.929,78.69,67.96,46.181
2424,2424,15.355,22.867,34.613,49.703,68.369,71.929,71.535,70.237,50.499,2424,2424,12.93,20.683,36.911,50.088,69.85,68.771,72.208,65.31,45.168,2424,2424,4.4122,17.135,30.636,50.797,66.134,72.429,76.64,69.353,46.801
2425,2425,0.14218,22.881,35,47.553,66.487,69.964,73.289,71.126,52.182,2425,2425,15.867,22.811,32.208,46.424,65.508,66.104,70.843,65.399,46.649,2425,2425,3.3627,22.947,31.378,49.019,65.077,72.425,80.673,68.584,46.983
2426,2426,-3.3137,22.042,31.371,46.201,67.956,72.518,77.121,72.855,53.363,2426,2426,16.529,22.331,31.696,46.113,65.825,66.934,75.479,69.578,49.367,2426,2426,4.6646,22.292,31.495,49.622,64.96,77.066,85.268,72.002,49.567
2427,2427,9.1723,19.967,29.557,45.627,68.131,71.174,79.117,73.98,54.215,2427,2427,17.162,22.433,34.417,46.715,66.375,68.374,78.274,70.958,51.069,2427,2427,6.734,8.9127,28.134,45.197,65.325,79.341,87.871,74.326,52.281
2428,2428,11.082,18.519,32.407,48.405,70.47,74.06,81.007,79.007,56.894,2428,2428,16.535,25.218,36.762,52.684,62.681,70.363,79.061,73.583,52.704,2428,2428,7.8365,21.244,27.44,45.904,65.33,83.724,89.937,78.45,54.988
2429,2429,13.638,22.994,30.115,49.1,69.878,71.26,82.464,78.067,56.584,2429,2429,16.336,25.778,28.909,46.538,64.716,68.954,80.481,75.837,53.754,2429,2429,2.8385,17.504,31.222,48.947,66.305,81.091,89.777,78.869,55.07
2430,2430,10.287,20.445,29.897,43.934,69.577,72.194,81.22,77.662,55.139,2430,2430,20.756,22.957,31.63,48.719,64.71,66.572,79.3,74.607,52.574,2430,2430,4.2475,11.453,35.372,44.586,64.852,77.409,89.972,80.12,56.486
2431,2431,12.632,17.223,28.027,41.934,63.61,66.563,78.217,75.968,54.215,2431,2431,24.143,26.235,28.11,38.578,58.326,61.914,75.364,70.44,49.377,2431,2431,9.3416,17.655,31.859,43.617,60.681,71.678,86.993,77.488,53.548
2432,2432,19.038,23.219,31.055,45.71,66.519,68.047,74.999,68.373,47.687,2432,2432,23.439,19.441,28.007,46.616,66.05,64.588,74.503,64.986,45.43,2432,2432,9.8,16.234,29.714,51.037,66.133,68.787,81.521,69.434,46.998
2433,2433,8.9572,22.277,28.778,46.029,65.472,67.973,73.131,65.63,47.318,2433,2433,21.938,20.717,29.005,46.657,70.096,67.92,74.063,64.304,45.55,2433,2433,4.4285,22.474,25.193,53.737,66.526,68.82,81.661,67.894,46.568
2434,2434,10.02,26.611,29.771,46.039,62.937,65.871,71.387,65.35,46.706,2434,2434,20.007,22.406,35.469,46.908,70.01,67.999,72.255,62.97,45.139,2434,2434,2.2005,19.069,29.637,50.405,65.256,67.021,80.108,67.975,47.078
2435,2435,11.565,23.244,32.989,41.767,60.135,64.724,65.914,60.583,46.851,2435,2435,18.474,15.43,24.885,41.541,60.456,58.329,65.947,61.771,43.716,2435,2435,-0.44048,19.886,28.969,45.349,61.262,64.258,76.848,64.78,45.108
2436,2436,14.408,22.827,31.259,43.985,56.256,57.336,61.894,62.668,49.813,2436,2436,13.834,21.8,31.475,45.913,57.84,56.884,61.723,65.609,51.53,2436,2436,2.3081,21.446,31.434,48.639,59.968,60.559,71.068,62.32,44.889
2437,2437,16.807,24.814,31.041,49.464,58.259,59.923,58.553,61.344,52.891,2437,2437,12.405,25.84,34.428,48.263,60.056,61.226,58.829,62.665,50.554,2437,2437,9.6664,20.137,35.368,44.391,55.614,61.576,66.541,57.126,45.657
2438,2438,13.478,27.089,30.864,51.152,56.093,59.088,68.414,67.253,57.52,2438,2438,9.0094,22.574,40.059,54.125,58.718,57.719,65.33,65.407,58.138,2438,2438,16.481,23.399,36.438,46.449,55.756,63.297,79.177,65.478,54.267
2439,2439,15.787,23.554,35.942,45.279,58.621,61.981,68.71,62.932,45.516,2439,2439,21.238,17.793,33.392,52.653,57.491,58.767,67.601,60.246,41.983,2439,2439,19.719,27.51,32.819,44.064,56.952,65.679,79.336,64.528,44.475
2440,2440,3.7971,21.317,34.575,44.758,62.655,66.06,70.086,63.219,47.509,2440,2440,23.152,26.001,33.977,50.599,60.351,61.916,68.051,61.506,45.764,2440,2440,15.21,21.979,33.097,42.163,59.504,68.393,79.518,64.653,44.989
2441,2441,12.627,23.827,37.787,49.668,62.443,66.13,68.547,63.7,53.284,2441,2441,14.261,28.115,33.748,49.718,60.437,61.553,67.805,64.587,52.368,2441,2441,0.1914,31.717,38.637,46.77,59.007,66.914,77.536,63.464,48.906
2442,2442,10.906,22.344,33.046,48.877,66.422,67.686,65.218,64.025,49.916,2442,2442,20.233,22.873,37.123,46.056,59.185,60.293,66.526,59.349,47.034,2442,2442,12.894,28.232,37.489,45.359,59.361,65.147,75.161,60.259,44.118
2443,2443,13.587,23.531,23.941,46.685,60.396,62.981,61.072,58.244,45.567,2443,2443,20.547,26.676,26.101,49.184,60.426,61.026,63.119,55.113,42.66,2443,2443,18.643,23.884,31.654,39.119,55.481,63.225,71.589,57.003,41.109
2444,2444,6.5774,24.383,30.901,47.145,61.805,64.684,58.541,59.883,45.12,2444,2444,14.49,22.36,32.246,47.723,59.458,58.964,60.031,63.1,45.341,2444,2444,8.1862,18.559,30.368,39.316,55.222,62.218,69.673,57.43,40.772
2445,2445,11.205,21.415,33.792,43.693,55.445,58.594,56.991,54.858,43.35,2445,2445,13.848,21.416,30.66,53.905,58.121,55.651,57.165,51.945,38.939,2445,2445,1.5693,20.352,32.109,44.238,52.648,60.105,68.095,56.333,39.32
2446,2446,13.048,20.491,31.147,48.41,57.175,59.074,54.168,54.566,41.928,2446,2446,15.073,29.188,36.623,56.181,59.801,57.306,57.49,53.516,39.987,2446,2446,9.7306,17.634,28.715,47.534,52.018,57.879,66.83,55.451,38.946
2447,2447,19.355,30.86,31.669,49.019,57.177,59.546,52.437,54.048,43.654,2447,2447,19.467,34.861,41.478,50.466,59.018,58.737,54.126,57.333,42.498,2447,2447,9.4839,17.317,32.977,44.369,49.897,56.682,64.428,53.949,38.882
2448,2448,18.781,20.927,34.238,44.915,52.152,52.831,52.392,53.614,41.444,2448,2448,20.569,28.74,38.461,49.366,55.909,52.85,55.11,49.954,37.954,2448,2448,7.0426,16.786,30.668,42.592,48.876,55.699,64.266,53.524,37.884
2449,2449,11.866,22.012,36.885,51.793,57.555,55.434,54.191,54.668,43.251,2449,2449,22.182,33.595,40.405,51.822,59.744,58.957,54.094,49.99,38.338,2449,2449,8.3143,22.485,33.886,43.442,50.907,54.977,62.412,50.416,38.413
2450,2450,16.799,29.132,38.374,48.251,55.688,56.79,55.375,55.228,42.386,2450,2450,24.227,33.955,43.275,56.933,59.036,56.631,54.324,51.991,40.203,2450,2450,4.7264,26.746,34.335,44.823,50.682,55.08,63.446,51.529,39.521
2451,2451,26.11,26.706,35.098,51.084,55.621,55.958,53.372,53.89,41.808,2451,2451,19.602,27.757,41.542,57.628,60.294,57.962,53.267,51.021,39.113,2451,2451,0.83242,17.191,32.66,44.569,48.465,56.563,63.539,52.508,38.907
2452,2452,22.945,26.233,33.246,46.185,51.096,51.222,51.231,53.186,42.54,2452,2452,17.625,27.718,34.641,53.585,53.375,50.272,52.553,49.251,38.029,2452,2452,-0.099348,19.905,29.37,41.377,47.688,54.937,62.093,51.497,38.516
2453,2453,12.483,26.762,32.784,44.919,52.298,48.933,51.171,53.051,39.579,2453,2453,16.839,29.617,32.766,48.641,51.015,50.564,52.587,49.38,37.3,2453,2453,-2.7558,23.891,29.349,38.241,45.586,53.718,62.58,51.863,37.786
2454,2454,17.578,22.369,32.082,52.281,53.056,50.612,52.387,53.017,42.888,2454,2454,12.588,23.984,33.496,53.116,54.743,51.35,53.285,48.809,38.601,2454,2454,6.1762,20.46,29.768,44.916,48.852,56.045,63.464,51.957,38.319
2455,2455,22.081,26.785,34.781,53.632,54.325,51.155,52.163,50.781,40.73,2455,2455,23.173,27.238,36.696,57.049,58.25,51.066,52.421,49.89,38.48,2455,2455,-1.7215,18.404,33.787,47.248,49.533,56.237,61.87,50.497,38.056
2456,2456,18.136,31.176,32.816,49.626,53.86,55.248,52.861,52.615,43.428,2456,2456,21.575,24.833,38.586,56.819,58.668,55.025,53.137,50.582,39.178,2456,2456,0.18421,22.699,31.103,45.377,49.325,55.444,62.367,51.377,39.371
2457,2457,16.831,28.094,30.877,47.714,54.262,55.077,54.443,52.101,41.615,2457,2457,15.809,24.59,37.785,57.275,57.619,53.098,56.242,50.862,38.619,2457,2457,3.2647,18.61,28.279,47.303,47.622,53.745,64.538,51.11,38.224
2458,2458,17.103,25.986,33.025,53.357,53.838,50.398,54.964,52.537,43.358,2458,2458,19.38,21.512,37.53,57.68,55.098,53.396,55.267,49.161,37.712,2458,2458,-7.5669,15.774,31.635,45.957,48.39,54.487,63.942,51.837,38.282
2459,2459,10.462,20.767,31.566,48.048,53.874,51.836,52.099,53.395,41.209,2459,2459,14.774,26.611,41.845,57.529,60.525,56.559,52.874,48.678,38.13,2459,2459,-0.50906,14.757,33.261,44.546,49.171,52.947,62.24,50.764,38.39
2460,2460,17.764,26.277,35.305,58.921,57.893,54.393,52.509,52.882,43.677,2460,2460,17.809,29.396,41.912,60.567,59.944,54.234,53.702,53.384,40.315,2460,2460,2.724,26.194,33.403,49.706,49.736,54.905,62.686,51.396,38.591
2461,2461,14.564,26.266,42.947,61.054,59.897,57.212,53.892,64.387,48.456,2461,2461,21.872,25.411,46.334,57.147,62.052,57.986,55.981,65.105,48.102,2461,2461,5.913,17.031,32.448,44.99,54.314,59.01,63.74,55.288,41.487
2462,2462,20.141,31.392,39.923,58.563,59.079,57.392,54.121,57.653,44.954,2462,2462,22.921,30.233,41.044,57.203,58.112,54.345,54.722,54.847,40.924,2462,2462,4.047,19.709,31.556,44.819,50.23,57.449,64.032,54.178,39.764
2463,2463,27.272,28.972,36.87,55.85,56.853,49.86,54.596,53.634,41.644,2463,2463,29.861,30.334,39.363,57.032,57.751,50.645,53.37,50.384,38.112,2463,2463,13.973,14.311,30.04,46.101,47.172,53.361,63.756,51.264,37.707
2464,2464,23.237,28.789,35.981,54.549,55.387,52.856,54.704,52.554,43.601,2464,2464,26.879,31.124,33.833,52.774,56.932,51.991,54.69,49.19,38.195,2464,2464,9.0025,21.411,30.727,40.517,49.456,55.903,64.691,52.004,38.638
2465,2465,22.115,24.892,35.091,57.323,57.75,51.463,52.166,52.766,41.293,2465,2465,18.182,28.695,36.918,54.514,57.536,50.846,54.481,50.789,38.454,2465,2465,0.70179,20.563,31.38,40.919,44.746,55.292,62.972,52.878,38.163
2466,2466,16.548,28.222,33.277,46.16,55.32,56.608,54.35,55.088,43.781,2466,2466,17.41,26.36,34.646,50.73,53.245,52.404,54.421,50.587,38.5,2466,2466,4.3868,21.838,33.226,39.958,49.626,60.423,65.826,53.519,39.077
2467,2467,10.098,24.297,34.372,52.316,56.238,57.291,54.386,53.634,41.464,2467,2467,22.679,26.539,33.849,44.417,55.544,54.314,55.66,49.82,37.658,2467,2467,11.25,15.776,28.926,36.088,50.438,58.997,65.097,53.616,38.451
2468,2468,18.595,22.52,33.645,47.365,53.699,55.841,54.778,53.62,44.233,2468,2468,21.146,27.607,37.004,49.352,55.745,53.544,55.691,50.561,38.067,2468,2468,6.2675,21.672,33.005,40.764,51.761,58.869,65.104,52.133,38.492
2469,2469,18.917,23.336,29.498,44.19,51.892,53.845,56.138,53.183,41.831,2469,2469,13.425,22.066,34.448,51.116,55.97,54.237,56.371,49.348,37.055,2469,2469,0.7717,19.09,30.285,40.845,50.353,59.124,64.76,52.891,38.252
2470,2470,15.805,21.047,33.297,48.941,56.203,60.529,60.183,55.573,43.841,2470,2470,14.534,21.19,33.176,52.649,57.899,57.148,58.137,50.434,39.208,2470,2470,7.3476,16.083,35.903,43.34,53.588,62.934,66.828,53.029,38.8
2471,2471,14.772,24.624,30.559,47.265,65.818,65.314,55.967,52.208,40.823,2471,2471,11.476,21.023,35.668,47.849,59.572,59.523,56.403,49.484,37.654,2471,2471,3.8479,20.422,28.895,44.244,58.577,66.22,67.203,53.703,38.546
2472,2472,18.685,26.831,32.03,53.486,65.721,67.756,57.678,52.985,43.798,2472,2472,13.092,27.059,34.104,52.082,59.681,58.714,57.746,50.981,39.059,2472,2472,-5.9521,14.868,32.181,42.591,57.876,65.336,66.383,52.928,39.167
2473,2473,17.01,22.803,30.718,51.16,68.011,71.536,63.645,55.983,41.912,2473,2473,14.249,25.902,33.969,50.446,72.052,71.164,64.407,51.342,38.569,2473,2473,-2.0126,18.429,34.84,43.85,63.537,67.05,71.096,56.446,39.065
2474,2474,11.962,22.524,32.51,46.641,70.157,73.375,63.391,55.899,44.181,2474,2474,11.169,26.138,32.734,49.723,67.284,67.648,65.848,52.151,38.523,2474,2474,1.851,21.218,31.058,46.432,62.279,69.42,71.714,56.527,39.492
2475,2475,11.353,23.081,30.78,48.138,65.391,70.236,67.131,58.747,42.881,2475,2475,16.795,22.53,36.369,46.523,67.722,66.384,68.466,52.698,38.8,2475,2475,4.2102,20.585,32.056,46.855,63.261,70.675,74.498,58.406,40.259
2476,2476,1.2307,22.774,36.185,51.391,70.69,72.514,68.381,60.229,45.583,2476,2476,18.086,26.181,33.865,52.948,71.302,68.575,70.142,55.616,41.225,2476,2476,8.219,17.865,30.125,49.93,63.85,72.371,75.603,59.386,41.985
2477,2477,10.502,22.48,30.642,47.856,73.297,74.3,68.419,63.981,45.67,2477,2477,19.998,26.069,32.529,54.346,75.904,75.168,70.942,60.758,42.881,2477,2477,5.0498,19.024,31.956,49.73,69.405,75.045,75.948,66.152,43.933
2478,2478,13.537,24.914,33.115,50.824,70.38,73.256,69.766,66.697,47.808,2478,2478,23.362,29.773,32.052,51.227,72.886,70.741,70.543,64.286,44.723,2478,2478,5.3762,18.167,30.793,47.587,65.206,73.846,78.253,68.176,45.933
2479,2479,8.3439,25.78,33.302,52.451,72.298,74.683,67.949,69.877,49.362,2479,2479,25.98,24.598,34.697,48.97,71.921,70.677,69.17,63.515,44.201,2479,2479,8.2864,23.135,30.586,47.387,64.393,71.96,77.153,68.96,45.928
2480,2480,12.386,21.123,33.288,44.189,65.444,69.612,71.683,69.945,50.832,2480,2480,24.714,25.536,34.291,48.786,66.995,65.584,70.957,64.024,44.92,2480,2480,4.0219,25.698,29.745,46.398,61.466,70.282,78.429,66.932,45.72
2481,2481,12.031,24.98,26.595,45.613,67.271,71.467,73.618,69.473,49.407,2481,2481,24.347,20.962,30.293,45.58,68.908,68.557,73.504,65.856,45.641,2481,2481,2.6259,19.36,28.004,44.524,62.739,73.469,82.853,71.446,48.422
2482,2482,8.9531,23.277,32.139,41.4,65.563,70.726,77.275,73.027,52.586,2482,2482,17.636,22.68,30.842,47.484,68.12,69.204,75.763,69.86,48.689,2482,2482,-2.8571,21.523,33.943,47.423,65.152,76.695,87.586,73.521,51.388
2483,2483,12.521,26.18,30.726,44.773,68.629,71.979,77.832,77.739,56.038,2483,2483,15.023,11.113,26.626,44.116,68.458,70.839,79.364,73.066,52.83,2483,2483,-9.8406,19.002,27.817,44.617,66.339,81.828,91.124,77.798,54.979
2484,2484,8.3328,16.193,32.391,43.148,69.246,73.89,80.603,79.464,57.012,2484,2484,15.043,21.99,30.429,48.282,67.409,70.486,81.891,75.705,53.199,2484,2484,4.9736,13.899,32.308,44.353,67.246,80.825,91.926,80.876,57.331
2485,2485,6.5378,19.255,29.591,45.737,68.929,72.719,82.319,80.14,57.494,2485,2485,14.399,20.306,31.785,43.065,65.976,68.601,80.961,75.804,53.009,2485,2485,4.4158,18.285,29.594,42.014,65.348,80,91.076,80.582,56.818
2486,2486,3.5102,22.565,29.666,44.185,65.445,70.351,80.966,78.9,55.825,2486,2486,12.276,19.065,28.397,44.724,61.946,64.073,78.525,73.013,50.866,2486,2486,-1.444,17.79,27.832,42.504,59.393,75.719,87.995,78.224,54.203
2487,2487,9.3402,23.305,29.63,43.902,61,64.81,79.114,76.503,52.882,2487,2487,14.466,17.988,31.536,41.932,58.589,60.971,79.557,71.758,49.801,2487,2487,3.671,19.244,28.562,43.484,56.854,69.14,90.428,79.31,56.094
2488,2488,9.0585,19.705,23.158,46.012,65.151,67.257,78.673,69.092,48.426,2488,2488,19.44,21.5,30.956,42.55,65.459,65.604,74.348,65.055,45.171,2488,2488,0.39608,13.939,28.399,51.129,63.289,70.565,84.507,70.949,48.87
2489,2489,8.7939,18.499,26.41,45.472,63.294,63.942,75.337,67.14,46.889,2489,2489,17.267,27.168,29.595,43.856,63.792,63.537,74.574,64.631,45.446,2489,2489,6.4867,15.742,30.644,51.804,62.435,69.274,82.79,70.003,47.774
2490,2490,13.714,14.689,33.939,45.954,62.04,64.477,74.819,65.41,46.75,2490,2490,25.571,24.205,32.596,46.839,64.464,63.286,74.334,63.693,44.255,2490,2490,12.266,11.371,31.65,47.096,61.651,68.487,82.252,69.261,47.315
2491,2491,5.9726,15.376,28.087,40.395,58.74,62.239,69.315,62.612,44.263,2491,2491,17.201,22.444,27.318,41.403,54.759,56.201,69.117,62.389,42.313,2491,2491,6.2794,20.744,29.8,45.415,57.394,65.889,79.606,68.634,46.107
2492,2492,4.58,14.333,30.239,41.377,61.188,62.287,69.034,62.606,45.798,2492,2492,9.4331,18.621,25.221,43.366,63.374,62.415,68.654,59.34,41.33,2492,2492,4.9185,23.437,29.177,43.928,57.634,69.164,78.561,65.255,43.942
2493,2493,12.767,16.183,30.387,44.226,64.976,67.585,67.854,61.544,44.304,2493,2493,4.8943,16.809,31.113,36.63,58.178,58.408,66.298,57.408,40.55,2493,2493,-0.61089,21.297,24.668,41.649,57.271,69.856,76.489,62.881,42.204
2494,2494,5.2456,12.773,27.032,42.177,59.518,59.553,63.929,60.227,44.072,2494,2494,12,11.066,29.887,42.515,54.501,55.677,62.94,57.506,41.715,2494,2494,3.2393,22.354,28.911,38.47,55.154,61.572,71.641,59.86,42.134
2495,2495,12.979,23.798,32.42,43.84,59.164,62.417,69.901,60.594,44.043,2495,2495,10.864,15.545,29.975,41.242,54.944,60.526,68.938,57.108,40.976,2495,2495,2.5456,16.372,28.98,40.209,54.792,66.123,80.256,64.401,43.684
2496,2496,4.3854,24.818,33.736,45.61,56.824,59.177,68.95,60.699,43.175,2496,2496,14.552,18.02,25.129,40.109,55.986,60.666,67.608,57.385,40.491,2496,2496,-3.334,19.142,27.355,39.696,56.358,65.533,78.374,64.629,43.943
2497,2497,9.441,20.141,29.07,46.994,67.563,69.778,71.185,62.468,44.893,2497,2497,18.719,16.212,30.323,42.129,65.487,65.869,70.058,59.482,42.399,2497,2497,1.642,17.868,32.269,40.606,61.927,69.31,80.499,65.423,44.992
2498,2498,12.97,20.633,31.818,45.444,69.481,69.606,66.784,59.1,42.986,2498,2498,10.13,18.447,30.304,42.257,61.167,63.104,65.593,58.851,42.203,2498,2498,3.7065,15.757,32.815,41.881,61.855,67.397,76.167,63.151,43.76
2499,2499,12.549,23.128,28.285,41.651,67.033,67.578,66.56,58.504,44.542,2499,2499,12.351,20.377,31.231,38.75,60.907,61.419,67.139,57.411,41.218,2499,2499,3.8399,21.135,32.371,44.581,58.903,66.247,75.937,60.235,42.195
2500,2500,13.941,17.864,28.145,41.338,62.865,65.441,62.544,56.531,43.007,2500,2500,19.101,17.553,27.526,42.558,60.562,61.273,61.503,53.034,40.215,2500,2500,2.5006,16.589,31.937,40.235,55.986,64.081,71.415,57.187,41.124
2501,2501,4.856,19.555,27.494,39.292,62.27,65.16,57.988,55.513,44.083,2501,2501,12.74,20.398,27.804,36.362,58.961,59.27,60.018,52.42,39.204,2501,2501,1.4608,23.934,34.389,37.348,52.169,61.699,68.643,55.077,39.512
2502,2502,1.1172,17.527,28.562,40.159,54.135,58.373,56.321,53.722,40.823,2502,2502,3.3958,22.084,29.171,37.545,55.777,55.857,58.426,51.539,38.65,2502,2502,-0.034344,17.096,32.812,33.479,47.782,61.594,67.042,53.071,39.388
2503,2503,15.336,15.34,30.135,39.106,52.254,56.264,54.855,53.006,43.169,2503,2503,17.113,20.758,28.432,38.795,52.823,52.064,57.083,50.39,38.187,2503,2503,0.32858,18.783,30.264,34.544,47.368,59.396,66.593,54.246,39.215
2504,2504,14.587,18.364,29.809,33.711,52.907,54.394,52.798,53.332,40.909,2504,2504,19.661,19.946,29.666,39.507,52.263,51.726,54.327,50.022,37.135,2504,2504,4.9041,17.954,27.776,33.894,47.145,56.397,64.007,52.389,37.43
2505,2505,15.517,21.55,30.042,37.733,49.483,50.227,52.922,52.985,44.064,2505,2505,14.338,16.243,31.95,37.992,50.891,49.034,53.09,48.765,37.571,2505,2505,-0.13796,16.938,30.47,36.142,46.348,57.184,62.998,50.89,37.852
2506,2506,9.0881,24.635,26.129,36.459,52.72,54.922,54.78,52.57,41.97,2506,2506,12.892,19.272,31.657,39.426,50.434,50.465,53.946,49.018,37.603,2506,2506,4.764,16.942,30.999,33.667,47.473,58.389,64.293,50.991,37.814
2507,2507,12.131,17.406,27.419,35.891,50.945,52.632,53.972,51.105,43.726,2507,2507,14.295,16.268,24.678,39.066,50.36,47.379,53.024,48.532,37.234,2507,2507,7.2706,13.935,31.779,35.254,46.591,53.857,64.004,52.137,38.533
2508,2508,9.5219,19.748,23.969,37.832,51.247,51.894,51.505,53.05,40.269,2508,2508,17.199,18.002,32.31,35.761,48.701,50.999,51.699,48.633,37.118,2508,2508,2.673,18.621,33.198,33.373,44.956,55.14,62.857,52.039,37.733
2509,2509,8.5408,15.51,27.131,37.78,49.851,53.182,53.579,53.317,44.079,2509,2509,16.222,15.349,26.191,37.084,53.057,52.463,53.667,47.616,37.946,2509,2509,-5.6345,17.58,32.345,36.181,46.402,57.805,62.982,51.262,38.201
2510,2510,8.4066,20.184,24.07,37.941,52.136,54.545,51.493,53.175,41.944,2510,2510,12.642,18.633,26.864,38.577,49.412,49.149,53.702,50.656,38.721,2510,2510,0.37598,15.865,29.813,36.374,46.215,56.562,62.532,51.812,38.129
2511,2511,11.637,23.891,25.701,37.183,53.722,56.59,51.236,53.467,43.243,2511,2511,13.282,19.276,29.12,33.332,53.47,53.545,53.699,51.327,38.188,2511,2511,5.0084,20.412,32.176,38.324,46.967,56.394,63.402,52.962,38.138
2512,2512,6.6211,14.754,27.799,35.324,51.093,54.455,52.632,53.356,41.667,2512,2512,16.957,19.457,24.404,37.325,51.65,51.908,53.677,48.995,37.773,2512,2512,-5.5722,20.682,26.002,37.935,46.551,56.122,63.203,52.03,37.292
2513,2513,9.5575,11.112,28.787,38.237,51.778,54.336,52.415,52.732,42.785,2513,2513,15.543,23.253,28.127,38.334,55.206,54.938,54.581,49.904,37.44,2513,2513,-3.3227,17.904,31.318,38.384,50.305,58.172,63.352,52.842,38.798
2514,2514,5.9288,10.119,29.515,35.025,51.352,52.913,55.877,52.387,40.105,2514,2514,15.56,19.755,27.888,40.39,54.15,52.963,55.435,49.523,37.494,2514,2514,-8.7076,17.231,29.583,35.329,48.935,60.288,65.406,54.066,38.206
2515,2515,-2.2182,15.58,28.522,42.5,54.219,59.28,53.996,53.171,43.309,2515,2515,16.659,24.997,30.581,43.442,53.408,52.836,53.909,50.462,38.065,2515,2515,0.46483,24.204,28.696,40.149,49.331,61.119,65.6,54.56,38.547
2516,2516,4.9223,15.2,30.117,41.576,55.759,58.228,54.74,53.842,41.74,2516,2516,18.695,20.978,32.778,44.374,54.107,54.286,55.375,50.413,37.506,2516,2516,2.0655,15.429,30.643,40.553,50.895,62.684,64.954,55.379,37.849
2517,2517,6.5373,23.489,32.491,42.231,55.342,59.482,56.598,55.411,43.821,2517,2517,14.915,22.87,27.828,40.763,57.667,57.778,55.569,50.93,38.408,2517,2517,-4.4942,19.011,27.883,40.558,52.823,61.704,66.991,55.177,38.295
2518,2518,10.142,17.249,31.914,38.884,57.38,59.817,55.663,55.163,41.48,2518,2518,12.114,15.514,29.663,43.601,56.404,56.587,55.87,52.061,38.41,2518,2518,-3.8953,19.701,32.579,36.517,52.251,59.441,66.363,55.035,38.279
2519,2519,10.901,21.057,27.062,34.228,56.051,59.656,58.439,55.846,44.036,2519,2519,16.145,18.598,28.309,41.231,58.727,57.035,57.98,52.657,38.929,2519,2519,3.8099,23.437,30.026,40.005,52.478,61.865,68.732,57.034,39.414
2520,2520,5.2335,24.432,28.719,43.1,67.247,70.018,58.256,54.839,42.153,2520,2520,19.042,22.291,25.936,45.304,63.352,63.745,58.459,51.199,37.913,2520,2520,6.8353,16.597,27.564,42.764,59.919,65.657,66.828,53.165,39.087
2521,2521,8.0073,19.632,26.708,39.009,59.986,63.467,58.745,53.993,43.842,2521,2521,16.513,18.924,26.106,39.16,53.671,56.65,59.691,51.282,38.241,2521,2521,5.213,15.744,30.632,42.664,52.799,63.325,67.155,53.69,39.175
2522,2522,13.984,17.931,27.804,46.008,64.695,68.11,61.012,53.768,41.519,2522,2522,14.275,23.708,29.525,44.132,66.548,67.059,62.963,49.994,38.032,2522,2522,3.1097,17.499,25.713,41.064,60.35,64.96,69.197,54.338,38.244
2523,2523,6.8118,18.736,31.958,43.439,68.044,71.948,64.948,55.055,44.013,2523,2523,15.129,24.829,33.005,47.022,67.289,69.047,64.733,51.57,38.815,2523,2523,4.7502,21.788,32.263,44.346,62.055,66.574,71.559,55.699,39.779
2524,2524,10.928,25.366,34.645,48.102,73.433,76.725,65.894,60.964,43.499,2524,2524,20.054,24.211,29.384,50.688,67.707,68.333,65.89,56.106,40.107,2524,2524,3.9476,24.247,32.979,47.463,64.768,70.53,75.065,62.934,42.407
2525,2525,3.7522,24.967,34.525,51.044,70.782,74.653,70.476,60.345,44.827,2525,2525,16.261,22.67,28.512,52.024,68.891,70.586,69.8,57.924,41.387,2525,2525,2.1575,20.003,34.74,47.968,63.117,71.281,82,68.301,46.819
2526,2526,7.8965,19.691,34.477,53.455,72.585,76.055,72.148,63.04,44.862,2526,2526,9.1211,25.858,35.931,52.591,73.315,73.936,72.673,59.471,42.019,2526,2526,0.67515,26.295,31.526,46.533,67.852,75.242,80.575,67.154,45.519
2527,2527,11.446,21.459,34.62,52.633,72.1,75.991,72.633,65.078,47.289,2527,2527,19.529,20.862,31.538,55.593,68.581,69.402,72.78,62.152,43.996,2527,2527,6.8139,22.765,30.208,48.852,66.46,73.299,81.935,69.051,47.073
2528,2528,7.8431,23.085,32.787,57.964,70.342,72.594,74.558,65.086,46.837,2528,2528,19.35,22.042,33.462,54.825,72.391,70.066,73.725,62.853,44.126,2528,2528,9.1115,20.824,30.283,54.094,65.139,75.679,83.105,70.383,48.35
2529,2529,14.33,26.031,30.844,53.722,67.611,70.891,72.175,65.999,47.693,2529,2529,18.359,22.117,31.791,52.539,67.033,67.372,72.823,64.705,44.788,2529,2529,7.9257,16.662,25.44,51.939,62.836,74.47,79.447,67.512,45.761
2530,2530,12.852,23.282,28.225,46.497,69.653,72.722,71.157,66.947,46.709,2530,2530,21.876,25.085,28.873,51.722,68.59,68.416,70.981,64.014,44.143,2530,2530,10.67,21.592,27.438,49.559,64.381,72.665,80.885,69.482,46.841
2531,2531,11.315,14.574,33.487,44.642,67.413,70.819,74.366,69.444,49.663,2531,2531,9.6561,21.849,31.11,44.563,64.468,65.633,74.333,64.329,44.485,2531,2531,4.8194,20.97,32.557,45.78,64.41,72.058,81.057,69.592,47.213
2532,2532,10.768,17.442,28.866,45.925,68.352,72.827,77.291,70.995,49.983,2532,2532,17.96,22.219,27.347,43.686,68.957,67.429,78.649,66.759,48.073,2532,2532,3.4544,20.886,29.187,45.054,65.649,76.543,87.513,75.854,52.594
2533,2533,12.758,22.111,29.513,44.804,65.187,72.436,80.473,74.048,52.385,2533,2533,12.755,18.416,30.87,41.133,68.114,69.424,81.248,72.132,50.58,2533,2533,1.9679,12.453,31.871,46.11,63.861,78.384,92.286,78.334,55.678
2534,2534,10.744,22.844,26.703,47.116,71.054,75.305,84.313,76.201,55.102,2534,2534,18.356,22.56,29.112,44.733,70.354,72.466,83.537,75.252,53.432,2534,2534,8.3471,21.865,32.062,42.621,65.724,82.231,94.124,80.973,57.739
2535,2535,10.353,20.194,32.348,47.019,72.264,76.559,85.116,80.014,57.389,2535,2535,22.175,20.738,31.467,41.787,69.534,72.698,85.706,76.955,54.407,2535,2535,12.529,19.891,33.798,46.585,67.379,83.546,95.364,83.544,59.736
2536,2536,12.216,21.793,31.494,47.46,73.854,77.741,86.654,80.708,57.665,2536,2536,22.47,17.802,33.57,44.663,67.704,71.726,85.269,77.542,55.113,2536,2536,9.5687,17.429,33.848,46.682,66.221,82.956,95.212,82.892,59.303
2537,2537,13.913,22.482,32.137,47.193,72.729,75.721,88.069,81.413,58.222,2537,2537,21.199,22.851,32.803,44.44,71.313,73.784,86.733,76.524,55.065,2537,2537,3.4128,19.246,29.644,43.216,66.995,81.393,96.612,84.165,61.056
2538,2538,17.488,26.54,30.549,43.897,65.742,73.565,89.436,81.42,58.541,2538,2538,14.591,25.595,34.9,46.323,66.841,71.241,86.821,77.814,54.885,2538,2538,8.1635,26.182,33.127,43.187,62.994,80.808,97.48,86.071,62.414
2539,2539,15.743,27.495,35.946,45.561,66.35,73.167,89.027,81.385,58.195,2539,2539,13.016,28.461,34.582,45.312,69.591,71.942,86.807,77.725,55.39,2539,2539,5.0295,20.764,29.795,47.367,65.159,81.71,97.301,84.863,61.663
2540,2540,17.412,24.695,36.247,52.741,66.935,74.393,90.444,81.509,58.2,2540,2540,13.093,21.919,34.256,51.511,62.146,71.931,87.373,77.644,54.926,2540,2540,-0.55345,17.091,30.023,51.205,64.284,85.44,98.697,85.527,62.681
2541,2541,16.419,27.823,33.883,50.953,66.929,74.382,86.918,76.558,54.091,2541,2541,13.012,26.246,31.305,50.771,64.75,73.767,84,74.836,52.521,2541,2541,3.2213,21.209,29.993,49.062,64.903,88.173,95.472,83.068,59.342
2542,2542,11.623,26.791,39.804,53.738,64.725,73.519,84.07,71.441,50.957,2542,2542,6.9627,27.489,32,50.134,63.433,71.465,81.806,69.887,48.187,2542,2542,11.397,15.614,31.941,47.249,62.123,85.306,90.557,75.301,52.299
2543,2543,10.908,29.396,39.246,49.336,65.28,70.302,78.527,68.624,47.984,2543,2543,17.516,29.503,34.214,49.205,63.079,67.158,77.567,65.109,44.743,2543,2543,10.738,18.423,23.968,46.446,62.451,81.849,89.95,72.206,49.183
2544,2544,8.9394,19.978,38.04,52.099,61.955,69.861,75.698,64.603,46.898,2544,2544,22.959,26.304,35.127,50.076,63.003,68.253,72.875,60.87,42.277,2544,2544,6.6253,16.315,31.985,45.123,61.56,81.886,87.593,68.033,46.33
2545,2545,14.142,25.108,34.207,49.911,65.947,68.357,70.304,61.36,44.215,2545,2545,18.383,24.375,28.7,47.264,68.604,68.124,70.166,58.683,40.708,2545,2545,5.1717,18.22,30.261,46.566,59.752,79.211,80.588,66.242,43.856
2546,2546,9.038,25.791,30.222,47.58,62.487,68.842,70.883,63.017,45.858,2546,2546,19.991,21.156,28.058,46.657,63.99,64.949,69.505,59.024,41.671,2546,2546,7.193,20.541,32.945,40.207,58.752,78.843,81.825,67.837,45.277
2547,2547,9.3343,26.012,34.776,47.533,62.673,64.708,68.739,58.95,42.896,2547,2547,10.219,27.019,34.083,48.038,63.771,63.483,66.86,56.914,40.081,2547,2547,-0.22758,26.842,33.035,40.306,59.87,71.824,80.143,66.846,45.141
2548,2548,13.143,21.181,31.449,45.744,61.206,64.647,69.721,59.247,44.775,2548,2548,16.462,20.495,26.627,39.627,63.615,63.347,67.724,55.786,40.599,2548,2548,0.018377,23.185,25.796,39.603,59.002,70.75,79.647,64.308,44.065
2549,2549,4.8246,17.701,30.918,44.827,64.803,68.253,69.48,59.119,42.892,2549,2549,17.059,21.696,31.794,41.093,66.244,65.648,69.836,56.776,40.002,2549,2549,5.6689,21.613,30.201,39.585,57.251,67.56,79.186,64.296,43.885
2550,2550,7.2026,27.222,30.013,44.876,62.186,66.049,70.293,57.944,44.518,2550,2550,18.852,24.506,34.112,42.971,63.592,63.216,72.214,55.644,40.426,2550,2550,6.201,24.877,32.183,44.038,59.545,68.715,79.802,64.998,44.265
2551,2551,16.218,21.761,31.905,47.003,64.651,67.641,66.861,55.993,41.58,2551,2551,19.715,22.289,26.744,41.436,64.245,64.264,66.877,55.262,40.287,2551,2551,6.8232,25.648,32.094,41.516,60.288,68.79,75.691,63.047,42.949
2552,2552,10.244,26.887,29.608,47.006,63.914,64.647,64.82,55.716,43.866,2552,2552,16.214,21.647,33.024,43.607,61.976,62.392,63.768,54.427,39.835,2552,2552,6.8663,11.963,33.098,42.846,60.69,65.933,72.675,60.669,41.375
2553,2553,9.6965,20.627,30.043,45.238,61.261,63.817,61.898,54.17,41.716,2553,2553,11.98,24.261,30.127,44.412,58.675,60.219,62.218,53.025,39.424,2553,2553,1.1617,21.391,31.143,41.102,55.801,61.491,71.25,58.115,40.854
2554,2554,10.03,23.363,30.524,45.801,61.647,62.516,59.368,54.125,43.995,2554,2554,18.526,23.798,30.106,45.261,59.986,59.298,59.271,52.191,38.298,2554,2554,1.2688,17.75,26.679,42.64,55.058,62.595,68.712,55.957,39.652
2555,2555,16.149,29.524,28.078,44.715,59.469,60.503,55.807,55.007,42.152,2555,2555,16.134,26.914,30.24,47.783,58.815,57.139,57.279,51.535,37.94,2555,2555,4.4267,19.09,25.557,41.466,54.015,58.195,66.932,54.952,38.778
2556,2556,10.735,25.254,29.357,45.875,59.583,62.574,54.756,53.841,43.95,2556,2556,11.671,25.006,32.384,45.382,61.225,58.629,56.144,51.211,38.346,2556,2556,0.99863,21.926,29.744,45.557,56.274,59.908,65.302,54.576,39.395
2557,2557,9.3195,26.547,25.053,41.761,58.738,61.44,56.661,63.449,48.328,2557,2557,8.9107,26.188,28.531,44.968,59.325,56.48,56.971,61.938,45.566,2557,2557,5.5473,18.027,30.189,46.871,57.463,60.527,67.143,58.25,40.635
2558,2558,12.881,25.209,29.37,40.357,56.018,58.14,52.733,53.678,43.665,2558,2558,3.779,21.787,29.188,42.709,60.48,54.552,52.472,50.084,37.98,2558,2558,8.0673,18.046,22.012,42.093,56.694,59.391,62.131,51.539,38.967
2559,2559,8.8909,16.776,29.454,39.34,55.989,58.677,53.857,52.4,41.867,2559,2559,11.748,19.1,28.211,42.659,62.129,58.062,53.696,50.049,37.708,2559,2559,5.4033,20.193,25.445,41.673,54.786,60.842,64.569,52.963,38.886
2560,2560,4.4266,22.695,25.935,39.403,58.705,58.832,54.69,51.697,43.729,2560,2560,9.4908,6.5493,28.699,42.344,59.354,56.451,55.192,49.114,37.722,2560,2560,1.8016,12.466,28.861,41.842,56.535,59.811,64.62,52.647,38.56
2561,2561,9.5371,19.379,29.116,36.087,54.369,57.323,57.058,55.054,42.019,2561,2561,18.564,14.616,32.429,37.646,57.667,53.562,57.381,50.829,38.16,2561,2561,-3.7626,15.991,26.418,37.249,55.461,60.549,65.996,53.851,38.655
2562,2562,10.969,18.446,22.94,38.421,60.873,64.184,60.888,56.88,44.355,2562,2562,14.006,13.913,28.738,40.89,57.986,55.994,60.734,51.863,38.063,2562,2562,-5.313,20.042,26.555,41.013,58.668,66.695,69.422,55.433,39.624
2563,2563,13.839,23.188,27.088,41.381,60.658,63.267,61.884,56.548,42.022,2563,2563,16.72,17.412,28.031,43.912,64.723,61.408,60.985,52.798,38.429,2563,2563,3.5227,21.067,24.939,44.275,62.739,68.814,70.802,57.034,38.864
2564,2564,6.987,16.243,26.295,39.596,63.801,63.413,64.357,58.234,44.472,2564,2564,14.364,18.509,29.701,42.112,64.445,61.502,65.616,53.996,39.053,2564,2564,0.26543,15.678,31.536,44.41,63.499,71.097,73.473,57.455,40.444
2565,2565,8.8829,21.966,30.084,40.836,66.096,64.392,63.387,56.254,42.138,2565,2565,18.699,22.181,27.941,37.967,62.035,61.245,65.462,54.31,38.733,2565,2565,1.088,19.642,32.085,42.929,63.77,71.335,74.788,58.865,40.095
2566,2566,13.801,24.019,26.515,43.556,67.494,63.942,64.389,58.075,44.976,2566,2566,23.469,17.328,30.756,39.6,64.044,62.259,64.486,56.169,39.753,2566,2566,6.8722,15.316,31.658,42.572,66.613,72.023,73.021,61.469,41.565
2567,2567,11.115,22,28.107,44.291,69.602,68.822,66.04,59.637,43.658,2567,2567,22.563,25.587,28.05,41.101,66.636,65.976,65.797,56.304,39.8,2567,2567,2.0795,16.399,28.873,43.272,64.43,72.104,74.419,60.274,41.249
2568,2568,11.542,21.151,30.469,47.092,71.959,72.537,66.033,60.767,45.206,2568,2568,20.126,19.049,29.432,49.132,70.279,69.992,68.138,58.085,40.645,2568,2568,2.7676,19.868,32.376,46.8,67.595,72.13,76.012,63.422,42.871
2569,2569,2.0831,15.419,31.138,47.882,71.789,71.294,68.65,61.84,44.488,2569,2569,19.019,23.205,31.931,51.732,69.76,68.471,68.542,58.66,41.718,2569,2569,3.6491,21.123,30.103,47.478,68.777,70.872,76.367,63.618,43.004
2570,2570,-5.4796,20.301,36.112,50.061,76.131,76.452,69.781,60.816,45.166,2570,2570,15.627,23.686,38.254,52.223,71.055,69.337,68.514,59.13,41.689,2570,2570,0.98853,17.073,29.959,46.629,71.242,73.042,75.227,60.284,42.265
2571,2571,7.5155,19.759,35.126,48.747,68.514,71.326,67.651,61.038,44.637,2571,2571,24.421,17.235,31.637,51.307,70.082,69.461,66.031,55.379,40.901,2571,2571,7.2585,22.663,34.086,46.854,66.995,71.876,74.611,59.562,42.417
2572,2572,7.1804,25.051,29.188,49.757,75.162,77.856,67.919,60.619,45.187,2572,2572,20.764,21.91,32.393,55.371,74.957,73.913,68.693,56.364,41.693,2572,2572,8.9954,21.701,32.596,50.13,70.091,72.901,77.437,61,42.399
2573,2573,5.4305,24.68,30.801,52.236,69.59,71.755,68.954,59.847,43.728,2573,2573,6.0374,19.388,30.926,56.531,73.853,69.199,68.31,54.65,40.991,2573,2573,0.85892,23.072,32.321,52.482,65.701,71.871,74.981,58.48,41.012
2574,2574,6.8838,22.893,29.869,53.021,72.386,76.845,66.41,58.201,44.648,2574,2574,2.9577,19.083,34.302,54.032,67.747,67.332,69.727,53.42,40.258,2574,2574,1.7926,18.718,32.976,51.52,68.933,72.528,75.883,58.329,41.224
2575,2575,6.9533,22.115,33.021,57.625,70.027,72.623,64.62,57.86,42.852,2575,2575,14.812,25.401,31.542,58.482,74.466,72.338,68.193,54.085,40.212,2575,2575,8.3743,17.287,29.881,52.755,69.4,70.477,72.609,57.718,40.494
2576,2576,9.0952,21.449,32.509,52.666,69.211,70.008,66.7,59.179,44.751,2576,2576,14.253,22.566,33.095,51.642,72.381,71.536,68.295,53.757,40.637,2576,2576,-0.43113,14.559,30.828,49.233,73.313,71.969,75.593,59.066,41.13
2577,2577,1.7798,18.287,30.299,51.977,69.825,73.212,67.265,59.796,43.612,2577,2577,15.402,18.297,30.724,52.959,71.779,69.665,68.218,54.534,40.626,2577,2577,-0.045414,15.536,30.559,48.998,65.269,72.395,75.614,57.708,40.718
2578,2578,7.6935,24.936,31.032,52.27,70.911,74.098,69.055,61.778,45.142,2578,2578,19.301,22.459,33.136,54.249,74.164,73.707,70.689,55.839,40.54,2578,2578,10.986,20.072,32.703,51.823,69.588,74.618,76.027,59.883,41.624
2579,2579,9.1357,23.758,35.289,51.302,74.722,76.224,69.432,64.198,46.038,2579,2579,9.0428,22.084,32.421,50.946,75.136,73.727,70.79,60.635,42.582,2579,2579,5.7623,26.58,37.48,47.49,69.052,73.408,76.612,66.459,44.195
2580,2580,7.3728,17.855,36.586,49.14,70.344,73.947,68.857,66.298,47.119,2580,2580,11.18,26.141,35.511,48.342,71.359,69.038,69.454,63.584,43.698,2580,2580,-2.7141,20.206,36.094,48.523,64.395,72.887,77.832,69.481,46.008
2581,2581,3.4368,24.648,32.499,46.853,70.041,73.694,68.437,69.828,49.732,2581,2581,18.304,17.662,39.301,46.761,73.544,72.581,67.759,63.039,44.669,2581,2581,-1.4724,21.214,28.866,46.623,65.184,71.693,76.477,69.267,45.997
2582,2582,11.72,18.851,31.296,46.264,67.69,71.102,71.847,69.104,50.133,2582,2582,12.086,24.117,30.76,48.303,67.371,66.259,72.74,64.644,45.622,2582,2582,-1.2945,19.817,34.07,45.123,63.388,71.567,80.215,67.931,46.365
2583,2583,13.076,20.321,38.393,49.002,65.586,70.927,74.145,71.4,51.665,2583,2583,16.236,26.404,35.227,50.849,69.182,69.591,73.28,67.627,47.582,2583,2583,1.8958,20.693,34.23,47.084,64.99,76.237,82.386,70.568,48.329
2584,2584,14.873,24.852,36.492,52.213,68.72,71.484,78.977,73.621,53.729,2584,2584,22.119,23.93,33.844,51.228,66.535,67.925,78.285,70.413,50.871,2584,2584,9.105,21.312,32.902,45.242,64.472,78.38,87.727,72.704,51.242
2585,2585,14.353,25.749,32.916,45.731,71.539,74.072,80.525,76.408,55.91,2585,2585,14.942,21.008,27.273,48.284,69.277,71.943,78.818,73.32,53.508,2585,2585,5.2507,18.125,35.393,42.965,65.888,83.887,89.838,77.647,54.612
2586,2586,6.2546,24.997,29.229,44.523,72.965,76.101,81.04,77.502,56.999,2586,2586,14.335,17.255,31.149,46.642,70.55,73.126,80.002,75.94,54.722,2586,2586,3.7763,19.511,33.403,44.64,66.213,83.751,90.342,79.006,55.599
2587,2587,11.465,24.715,27.819,42.416,70.639,71.76,82.727,77.917,56.325,2587,2587,16.896,27.78,30.341,41.731,66.571,67.475,79.79,74.599,53.393,2587,2587,8.8926,22.74,34.673,45.104,62.732,77.361,91.429,81.788,58.071
2588,2588,17.17,23.471,32.191,40.361,62.247,64.38,79.288,75.696,54.023,2588,2588,15.052,18.002,28.722,40.405,61.373,63.135,78.029,70.649,51.633,2588,2588,9.6513,24.121,30.805,44.747,61.565,70.703,87.373,77.276,53.723
2589,2589,12.365,23.23,28.035,44.386,67.998,68.903,76.39,69.97,49.488,2589,2589,8.207,14.323,31.535,45.689,67.366,67.443,75.013,66.446,47.253,2589,2589,7.9451,27.595,34.199,52.094,67.811,70.345,83.766,72.067,49.895
2590,2590,11.475,12.811,29.12,45.202,65.658,68.511,75.307,67.692,47.437,2590,2590,13.136,20.475,32.666,44.921,68.729,66.362,73.231,64.028,46.343,2590,2590,3.5791,18.516,32.627,52.665,65.739,69.836,83.323,69.949,49.301
2591,2591,13.995,17.678,29.734,46.881,65.789,68.578,72.078,66.68,47.682,2591,2591,8.076,23.087,32.639,46.147,66.984,63.178,72.011,63.404,45.055,2591,2591,-6.1873,20.045,33.234,53.869,66.325,67.976,80.26,69.018,47.394
2592,2592,11.648,20.491,28.798,43.414,58.377,61.519,66.29,60.86,44.57,2592,2592,7.529,28.751,33.222,43.971,60.317,58.207,65.188,59.314,42.364,2592,2592,-2.4064,15.831,29.687,44.198,59.741,64.38,78.258,66.59,46.05
2593,2593,8.9102,20.931,29.584,42.684,56.463,60.143,61.192,56.865,43.92,2593,2593,9.297,27.541,33.919,40.723,59.257,58.407,62.957,56.832,40.267,2593,2593,2.172,20.516,33.796,46.114,58.936,61.758,72.298,59.928,42.002
2594,2594,4.4342,17.766,27.409,38.538,51.818,53.629,59.172,55.703,42.418,2594,2594,11.586,17.813,30.526,43.178,55.72,56.482,58.342,55.677,39.445,2594,2594,3.7405,14.316,32.812,40.326,52.273,60.474,70.123,58.758,39.577
2595,2595,2.0396,26.14,31.77,41.439,54.489,58.354,67.303,59.474,44.146,2595,2595,11.401,23.266,26.106,42.988,57.492,59.686,67.381,56.168,39.916,2595,2595,2.1982,17.18,31.421,44.681,53.381,64.984,77.921,64.673,43.624
2596,2596,6.0299,19.968,32.819,46.389,55.332,60.822,68.88,60.992,42.968,2596,2596,14.309,24.435,31.158,40.105,55.484,59.003,66.684,56.537,39.573,2596,2596,-0.36721,17.961,28.081,40.056,56.048,65.665,78.332,64.191,43.404
2597,2597,7.1002,24.229,28.082,45.771,61.273,62.939,69.743,60.746,45.118,2597,2597,7.0395,21.195,31.487,40.546,59.739,60.126,68.341,57.774,41.448,2597,2597,-8.2683,15.066,31.518,42.609,59.888,66.964,79.888,65.796,44.945
2598,2598,7.5276,25.347,32.521,48.287,62.539,64.32,67.058,56.135,42.491,2598,2598,4.94,24.351,29.849,50.469,64.167,63.174,66.48,55.518,40.399,2598,2598,3.1641,15.014,33.776,39.758,57.311,66.867,75.613,62.613,42.53
2599,2599,13.667,23.885,30.705,46.796,62.411,62.448,64.777,56.323,43.788,2599,2599,9.8662,25.467,35.406,42.032,61.423,62.178,64.992,54.433,39.38,2599,2599,4.295,18.439,28.557,42.261,58.441,65.631,74.84,62.315,42.401
2600,2600,16.916,25.604,29.707,42.129,56.832,59.311,61.757,56.378,42.578,2600,2600,10.152,24.412,33.273,44.37,53.813,57.2,61.598,53.923,39.239,2600,2600,0.76526,14.904,28.325,39.338,53.147,62.195,70.143,58.687,39.981
2601,2601,10.596,21.415,33.664,39.353,59.624,65.129,60.626,54.506,44.009,2601,2601,15.552,22.571,30.496,41.194,58.448,58.946,60.426,51.926,39.151,2601,2601,4.0058,17.565,31.176,41.626,52.513,61.388,70.016,55.465,40.4
2602,2602,11.387,19.49,34.475,39.952,56.55,60.885,58.834,55.804,41.706,2602,2602,11.023,21.33,32.799,47.538,58.007,56.785,58.029,51.872,38.209,2602,2602,3.8607,20.075,35.892,41.705,51.403,59.715,67.043,55.797,38.553
2603,2603,4.9927,20.813,31.369,42.97,54.511,58.859,56.572,54.258,43.575,2603,2603,13.423,21.608,28.865,41.474,56.211,56.181,57.768,51.94,38.758,2603,2603,1.8398,19.681,30.928,37.529,50.581,59.484,66.193,54.936,38.867
2604,2604,9.6414,21.655,31.865,40.752,53.547,58.228,54.148,52.546,41.672,2604,2604,6.6545,17.951,31.664,43.325,53.112,52.896,54.384,51.81,38.113,2604,2604,5.2668,17.993,34.562,38.995,47.323,58.899,64.084,53.87,38.345
2605,2605,8.9693,22.237,32.745,43.469,53.833,54.119,53.505,53.092,43.429,2605,2605,14.397,27.638,37.102,47.326,53.07,51.206,55.352,57.711,41.548,2605,2605,6.3336,22.037,33.196,40.107,50.726,56.195,64.745,53.778,38.575
2606,2606,12.922,27.593,32.024,51.004,53.807,53.999,51.399,52.085,42.161,2606,2606,13.912,27.396,35.08,50.086,54.079,52.041,52.534,51.552,38.057,2606,2606,7.1943,18.338,35.444,41.563,48.887,55.198,61.532,51.931,37.639
2607,2607,14.179,20.563,32.486,47.305,51.543,50.497,52.832,54.213,42.879,2607,2607,15.691,24.752,31.322,48.911,50.43,47.871,52.782,53.852,39.615,2607,2607,0.76054,14.308,34.976,40.38,47.253,54.324,63.401,52.821,38.179
2608,2608,12.522,14.532,26.351,42.515,47.674,48.904,53.03,55.335,43.18,2608,2608,10.858,17.625,35.555,43.949,51.072,48.932,54.711,59.91,42.854,2608,2608,2.259,15.842,37.094,40.486,47.892,53.588,64.217,53.681,38.394
2609,2609,11.867,20.712,33.059,39.046,46.839,48.9,52.264,58.835,45.18,2609,2609,13.452,20.927,27.254,45.023,51.958,50.911,52.177,58.342,42.071,2609,2609,-0.33164,20.069,32.225,41.71,47.177,56.679,63.152,53.537,38.65
2610,2610,12.956,17.211,29.656,43.826,51.176,51.025,51.649,52.604,41.476,2610,2610,21.676,18.179,32.525,43.39,49.118,50.132,53.422,48.665,37.156,2610,2610,1.7925,22.036,31.874,41.056,47.629,57.7,62.79,50.586,37.202
2611,2611,12.361,28.669,30.709,46.286,48.572,47.857,53.804,53.027,42.956,2611,2611,17.887,23.56,31.84,43.792,51.901,51.772,53.999,49.059,37.46,2611,2611,-5.2578,21.38,34.999,39.198,43.512,55.755,64.464,52.036,38.01
2612,2612,15.083,19.15,31.096,38.058,50.288,52.381,53.152,54.295,40.215,2612,2612,7.828,21.234,30.067,41.749,50.63,50.24,53.542,47.728,36.773,2612,2612,0.85034,15.352,33.53,37.92,45.001,54.494,63.343,52.22,37.941
2613,2613,8.8545,16.285,29.507,37.845,46.263,48.496,53.309,55.067,42.881,2613,2613,9.3924,19.911,30.823,41.347,49.999,49.842,53.486,49.241,37.29,2613,2613,0.56663,22.354,33.499,37.505,46.887,54.301,63.055,52.697,37.795
2614,2614,6.26,11.589,26.695,39.518,46.541,47.057,51.34,53.928,40.974,2614,2614,11.02,24.697,27.6,36.107,51.173,50.897,54.07,50.33,37.671,2614,2614,-3.4638,18.522,31.558,33.888,44.41,54.21,63.667,53.126,37.848
2615,2615,8.1702,20.135,31.979,38.397,47.309,47.505,52.757,52.983,43.009,2615,2615,10.959,11.539,30.981,38.338,50.755,49.064,54.218,49.448,38.03,2615,2615,0.58889,17.957,29.192,35.788,44.433,56.058,63.56,53.113,37.913
2616,2616,3.7499,22.334,26.566,34.773,48.382,48.975,51.916,52.595,40.485,2616,2616,6.1039,20.204,29.203,36.274,46.716,49.079,54.701,49.165,37.262,2616,2616,-2.704,21.977,33.126,36.014,43.405,56.707,62.521,51.123,37.445
2617,2617,8.5798,20.256,25.184,35.758,45.729,49.562,51.447,52.109,42.77,2617,2617,13.943,20.953,33.777,37.586,47.235,47.805,52.652,49.411,37.331,2617,2617,1.0526,20.681,27.73,36.567,43.237,55.85,63.625,52.858,38.538
2618,2618,9.0855,18.34,27.619,37.495,48.155,50.621,53.602,54.038,40.871,2618,2618,14.618,13.345,31.173,38.057,48.573,50.003,55.113,50.338,37.539,2618,2618,7.5928,19.11,30.188,36.9,46.485,59.183,65.005,54.352,37.94
2619,2619,7.5519,15.765,29.644,35.34,50.247,52.364,54.233,54.884,43.688,2619,2619,11.541,21.069,29.082,35.772,51.347,52.791,54.651,50.152,37.707,2619,2619,8.3699,23.411,30.92,38.651,45.943,58.005,65.173,54.674,38.603
2620,2620,7.3338,22.009,28.883,38.251,48.017,53.628,55.232,54.158,40.711,2620,2620,12.145,24.903,30.154,37.411,52.774,53.051,55.384,51.116,37.665,2620,2620,4.9754,17.262,34.119,37.79,47.663,59.721,65.46,54.812,37.87
2621,2621,5.7787,24.884,27.313,39.884,53.446,56.882,55.706,53.357,41.898,2621,2621,12.018,21.24,22.014,36.593,56.63,55.35,55.092,52.753,38.464,2621,2621,0.43484,17.663,31.56,38.144,48.037,58.828,65.741,54.269,38.251
2622,2622,2.2487,22.088,24.377,36.973,50.66,53.295,56.337,53.668,42.398,2622,2622,9.6248,23.354,31.383,38.588,51.042,51.084,56.649,51.578,38.047,2622,2622,3.2484,19.854,31.883,39.952,47.251,59.057,67.971,56.267,38.967
2623,2623,7.5502,24.451,29.136,38.818,51.832,54.151,54.481,53.904,40.47,2623,2623,16.584,20.671,30.821,42.263,53.895,53.854,56.134,52.381,38.513,2623,2623,-8.2928,21.828,28.074,37.364,46.707,58.081,66.647,55.738,38.885
2624,2624,6.0494,26.939,31.039,38.393,50.555,52.644,55.38,52.867,42.862,2624,2624,5.1259,24.042,29.897,37.75,54.198,53.52,58.049,50.219,37.799,2624,2624,-10.716,22.118,33.704,37.217,45.134,57.368,67.223,54.765,39.009
2625,2625,3.9368,12.805,26.449,40.384,50.27,51.479,57.307,53.27,40.944,2625,2625,1.5782,25.276,29.26,38.862,50.145,51.603,58.897,50.702,37.36,2625,2625,1.2048,20.761,30.979,38.971,44.334,58.548,68.111,55.577,38.938
2626,2626,14.067,22.761,21.75,39.912,53.38,58.021,58.074,54.089,43.182,2626,2626,17.727,23.351,30.633,39.163,53.64,54.794,58.74,50.043,38.184,2626,2626,3.1803,16.812,30.545,34.095,48.417,58.433,67.314,54.144,38.565
2627,2627,15.846,15.088,30.015,37.592,53.153,54.722,60.772,54.579,41.102,2627,2627,18.132,18.009,28.035,36.464,55.505,54.601,62.295,52.594,38.282,2627,2627,3.8334,20.945,34.098,36.069,49.894,61.122,73.457,59.739,40.572
2628,2628,14.481,23.675,30.549,39.067,59.102,61.861,67.364,58.057,44.479,2628,2628,13.877,18.833,34.637,39.451,63.424,62.315,66.809,56.136,40.206,2628,2628,-2.0591,17.461,36.728,36.514,53.999,66.127,78.187,65.386,44.042
2629,2629,16.06,12.665,27.939,40.69,59.557,62.886,70.148,59.971,43.235,2629,2629,10.299,20.333,34.516,42.739,58.041,60.543,69.611,57.867,40.08,2629,2629,2.7136,23.63,38.337,36.427,55.79,65.542,81.623,67.702,46.317
2630,2630,6.8217,22.752,31.635,44.145,63.436,67.524,70.876,61.205,44.636,2630,2630,10.775,22.561,29.924,43.156,62.769,63.946,70.038,58.383,40.945,2630,2630,3.7673,26.32,37.132,40.551,59.392,71.221,80.758,68.157,46.339
2631,2631,6.9143,22.56,30.256,45.703,64.529,68.41,71.288,61.737,43.458,2631,2631,14.115,18.977,30.9,44.348,61.166,62.746,70.083,58.998,41.584,2631,2631,-8.6181,18.752,31.034,42.833,60.806,71.707,80.723,67.299,45.813
2632,2632,8.6372,27.249,32.93,44.293,65.109,68.536,67.088,61.764,44.951,2632,2632,13.591,20.873,27.751,41.886,62.242,63.958,66.561,60.685,41.768,2632,2632,-4.4514,19.16,31.874,36.619,59.748,69.415,77.168,65.725,44.136
2633,2633,10.991,22.173,25.571,43.284,64.143,66.875,65.916,64.051,44.561,2633,2633,7.3352,20.604,27.791,42.51,63.312,64.595,67.399,60.508,41.582,2633,2633,1.9926,21.69,31.378,39.974,61.369,68.992,76.02,64.842,43.503
2634,2634,6.3589,18.994,30.004,42.78,61.028,63.165,64.456,60.827,45.277,2634,2634,14.289,22.794,30.182,43.91,65.463,65.846,65.505,58.835,41.689,2634,2634,-0.95644,24.185,32.945,43.479,61.218,67.611,75.181,64.385,43.401
2635,2635,15.996,20.264,31.868,42.756,59.204,62.869,72.19,66.754,46.945,2635,2635,20.589,18.492,30.714,41.719,60.853,62.562,73.627,64.329,45.439,2635,2635,6.7999,23.996,30.304,44.695,61.009,68.085,80.8,72.416,48.654
2636,2636,15.147,24.193,25.601,42.754,59.183,64.195,77.729,72.548,51.559,2636,2636,18.265,24.077,31.84,43.318,58.597,62.045,78.416,70.878,50.921,2636,2636,-2.2689,17.46,32.216,45.287,61.124,69.96,86.553,77.163,53.343
2637,2637,7.9931,16.108,31.047,45.635,66.401,68.816,81.682,76.003,54.245,2637,2637,18.057,20.779,30.886,47.674,64.518,65.73,80.112,73.212,52.054,2637,2637,-3.7536,15.008,35.153,45.408,61.36,72.574,89.677,79.55,56.156
2638,2638,14.402,26.237,33.608,44.329,64.321,67.895,84.472,77.198,55.447,2638,2638,16.8,24.459,28.431,44.722,67.16,68.513,80.866,74,53.507,2638,2638,5.9208,17.289,32.558,47.03,61.839,75.312,91.717,81.063,57.444
2639,2639,11.966,18.479,31.502,41.307,68.684,73.41,85.839,80.788,57.323,2639,2639,9.4038,18.508,28.327,42.172,69.143,72.008,85.045,76.806,54.505,2639,2639,1.6127,19.353,31.071,43.972,63.751,78.636,95.248,83.228,60.031
2640,2640,12.579,25.964,32.906,41.441,68.643,74.589,90.847,84.167,61.3,2640,2640,12.735,18.531,28.521,43.142,65.204,73.516,89.141,80.015,57.609,2640,2640,1.6004,18.917,32.916,42.155,63.974,83.722,98.091,86.262,62.925
2641,2641,11.358,16.88,32.384,42.058,68.38,78.344,89.412,83.408,60.243,2641,2641,18.001,21.7,31.749,46.396,60.411,74.568,88.835,79.272,57.187,2641,2641,9.1724,18.259,31.405,41.558,64.752,87.942,96.998,85.42,61.398
2642,2642,13.584,16.637,27.916,44.475,63.96,75.971,89.028,80.88,57.896,2642,2642,14.044,24.927,33.134,45.523,64.898,75.466,87.1,77.064,54.914,2642,2642,1.7756,17.649,28.293,42.462,65.034,90.269,96.987,84.218,60.924
2643,2643,13.842,28.228,33.076,42.648,61.018,73.694,83.97,70.682,49.954,2643,2643,8.6449,19.944,28.805,41.508,61.832,72.552,81.774,70.169,48.261,2643,2643,5.8123,18.167,33.882,42.418,61.48,86.579,91.442,77.106,53.891
2644,2644,18.12,19.129,29.779,40.669,62.341,71.458,79.364,65.731,48.101,2644,2644,13.023,23.32,28.857,43.461,63.705,74.335,79.79,65.105,44.616,2644,2644,10.155,23.028,33.555,42.334,61.69,85.597,89.777,71.892,49.376
2645,2645,13.749,22.317,28.327,40.635,63.493,69.874,74.057,64.659,46.129,2645,2645,10.353,26.029,29.112,43.073,64.994,70.926,73.925,61.639,42.536,2645,2645,7.8357,23.093,32.256,41.053,61.966,81.716,84.479,68.627,46.359
2646,2646,12.914,19.754,31.604,42.1,64.521,70.075,71.397,62.559,45.937,2646,2646,9.5029,15.336,34.008,42.259,61.581,68.547,71.44,60.073,41.434,2646,2646,9.1894,19.02,32.632,42.315,60.955,82.611,84.135,69.392,46.65
2647,2647,9.8462,24.384,30.091,43.92,61.985,70.59,70.487,60.526,43.751,2647,2647,13.414,17.598,29.175,45.574,61.274,65.779,69.337,57.287,39.541,2647,2647,4.7926,14.401,31.425,41.754,61.018,79.477,80.155,64.77,43.274
2648,2648,13.11,19.676,33.746,42.869,63.222,66.883,65.281,59.789,44.793,2648,2648,22.116,26.982,28.44,43.492,62.364,62.76,63.188,56.241,39.86,2648,2648,8.5202,22.21,28.634,39.653,57.638,73.246,73,62.425,41.443
2649,2649,15.763,22.785,32.309,39.711,61.202,65.269,57.521,55.67,42.799,2649,2649,22.882,16.096,30.896,44.461,58.92,60.043,57.5,52.1,37.78,2649,2649,5.5717,23.936,33.503,41.211,57.176,67.064,67.112,57.216,38.992
2650,2650,7.4922,21.289,30.884,41.791,58.701,62.326,54.845,56.856,44.174,2650,2650,17.255,18.435,30.907,41.157,58.014,58.307,55.193,53.044,38.76,2650,2650,0.23405,21.636,32.204,41.19,55.851,62.536,65.97,56.573,39.468
2651,2651,1.0414,21.303,30.582,38.038,55.183,60.72,66.825,55.965,41.744,2651,2651,16.117,23.081,30.459,43.848,53.916,56.344,66.6,52.671,38.239,2651,2651,3.6364,21.946,31.024,40.128,50.57,64.453,73.81,56.079,39.385
2652,2652,13.242,8.5179,30.102,44.162,62.656,67.376,60.95,52.387,43.327,2652,2652,17.109,23.196,31.182,42.223,58.782,60.426,62.417,51.432,37.59,2652,2652,7.7138,16.723,32.855,41.844,56.824,71.249,69.606,53.615,37.984
2653,2653,10.181,15.745,33.274,42.937,56.285,60.193,52.694,53.764,40.539,2653,2653,17.41,26.154,29.252,42.996,54.425,55.116,53.162,51.549,37.852,2653,2653,-0.12145,19.477,33.858,40.534,50.098,59.236,63.76,53.458,37.619
2654,2654,11.311,19.928,29.922,41.279,56.55,56.447,52.975,51.702,43.064,2654,2654,12.609,26.084,30.222,41.541,52.781,51.43,54.287,50.062,37.756,2654,2654,-4.8943,21.99,31.149,37.144,48.678,58.451,64.923,54.302,38.479
2655,2655,8.9251,20.448,29.892,41.319,51.793,52.682,51.747,53.822,42.065,2655,2655,10.319,27.71,26.568,42.209,51.038,50.092,51.384,50.683,38.682,2655,2655,3.2121,16.126,30.408,40.453,47.641,57.32,62.356,52.085,38.737
2656,2656,15.022,21.553,30.297,41.215,59.573,59.973,53.129,54.039,43.067,2656,2656,18.015,23.095,30.075,40.435,55.988,55.825,52.949,49.752,37.616,2656,2656,0.062034,22.478,31.451,43.577,52.194,58.363,63.097,53.469,38.114
2657,2657,11.386,24.555,28.911,43.563,60.55,64.062,54.336,53.579,41.033,2657,2657,17.295,25.033,28.685,43.384,51.593,53.334,54.707,49.347,38.296,2657,2657,3.4222,25.298,31.626,41.312,50.163,56.813,64.219,52.433,37.996
2658,2658,9.9186,16.895,27.775,45.085,53.41,56.157,50.892,52.55,43.382,2658,2658,17.756,26.481,34.117,44.536,52.136,51.781,53.302,50.701,37.901,2658,2658,1.4807,22.73,30.213,40.569,50.302,57.658,64.215,54.256,38.667
2659,2659,8.7766,19.63,29.722,41.766,54.859,54.228,54.859,67.489,60.906,2659,2659,19.012,24.466,28.514,41.778,51.362,50.212,57.612,73.814,61.721,2659,2659,-1.7662,21.005,31.58,43.152,54.848,59.394,68.459,66.241,57.828
2660,2660,6.5156,24.381,25.77,43.225,55.674,54.666,57.449,58.184,48.665,2660,2660,6.3835,19.833,26.711,42.089,59.608,55.06,57.118,60.227,45.628,2660,2660,-0.68466,23.767,33.232,41.232,58.012,61.882,66.057,55.139,45.334
2661,2661,2.1806,18.981,28.887,42.884,61.384,61.804,59.811,56.88,42.27,2661,2661,6.8874,25.443,31.77,42.675,62.396,56.178,56.697,50.75,37.875,2661,2661,2.4543,19.904,35.009,43.357,61.21,61.902,65.568,54.738,38.835
2662,2662,9.3505,21.752,31.175,43.511,59.071,59.3,60.188,58.41,45.733,2662,2662,14.248,21.758,31.16,40.749,59.759,56.571,59.54,54.46,40.96,2662,2662,0.49057,26.625,33.121,44.766,59.523,64.754,71.212,58.085,40.375
2663,2663,6.8389,25.148,29.579,42.724,63.164,64.127,64.843,61.224,44.492,2663,2663,13.09,19.561,33.891,37.986,58.907,60.482,66.542,57.742,42.211,2663,2663,8.2588,21.686,33.476,41.574,59.725,69.895,74.52,61.891,41.464
2664,2664,9.3089,16.097,30.274,40.045,62.146,59.944,66.401,59.488,43.415,2664,2664,16.642,21.463,35.058,39.06,55.346,56.933,66.506,57.301,39.288,2664,2664,9.3717,22.071,28.032,38.949,58.673,68.858,74.984,62.797,41.773
2665,2665,5.0649,17.06,30.787,41.284,60.553,58.965,64.186,60.77,45.419,2665,2665,14.395,23.933,26.17,39.371,55.143,55.587,63.766,58.835,41.488,2665,2665,4.0234,15.066,28.884,40.297,58.145,67.84,73.785,63.49,42.133
2666,2666,-5.1042,14.889,30.507,42.433,63.287,62.254,67.411,64.34,44.277,2666,2666,5.3028,21.14,32.17,42.783,62.276,60.088,67.007,61.399,42.598,2666,2666,-1.8548,19.546,30.205,43.351,62.433,64.887,77.345,67.648,44.74
2667,2667,4.0896,25.179,29.664,40.828,62.541,62.133,64.067,59.165,44.482,2667,2667,9.4029,21.918,30.454,43.786,64.231,63.423,65.386,57.037,39.742,2667,2667,-6.5917,17.566,31.814,41.197,62.979,68.468,73.306,60.863,41.382
2668,2668,9.8072,20.114,33.307,40.064,57.78,57.651,62.708,58.905,42.122,2668,2668,10.234,24.702,30.327,40.118,58.993,57.499,59.512,54.868,38.999,2668,2668,-3.7058,17.579,30.656,43.143,56.128,60.342,70.203,58.707,40.407
2669,2669,16.862,22.53,33.054,38.88,52.125,53.35,58.006,54.735,43.074,2669,2669,16.66,18.479,34.603,43.716,59.027,56.34,60.405,53.06,38.495,2669,2669,1.5541,22,31.845,46.781,59.913,58.576,67.738,56.875,39.983
2670,2670,14.114,20.415,33.344,47.825,58.795,61.831,59.462,54.773,41.503,2670,2670,18.34,25.366,30.97,44.21,59.408,55.754,60.639,52.656,38.809,2670,2670,5.7371,17.533,32.829,43.905,61.006,65.615,69.241,57.03,39.808
2671,2671,4.272,22.134,31.45,43.341,57.248,61.481,60.487,54.903,43.641,2671,2671,17.34,29.878,31.132,47.583,56.554,56.804,64.113,54.392,38.877,2671,2671,2.3847,18.699,31.693,42.621,55.123,63.09,71.498,57.121,39.773
2672,2672,2.6254,20.787,32.856,39.739,52.369,53.743,55.038,54.839,41.181,2672,2672,16.597,22.54,28.895,44.847,55.966,55.388,55.322,51.9,38.699,2672,2672,4.9482,12.501,32.997,42.674,56.613,56.258,63.515,53.956,38.744
2673,2673,7.9876,21.634,31.102,44.022,59.045,62.258,57.278,56.898,44.782,2673,2673,11.085,20.66,34.237,43.646,52.189,52.872,58.933,55.913,41.856,2673,2673,4.0122,21.822,32.475,42.545,55.896,59.269,67.931,57.4,39.988
2674,2674,11.48,20.371,25.465,44.385,59.995,61.675,56.434,55.084,41.073,2674,2674,15.697,20.54,30.13,43.394,55.813,56.236,55.615,52.43,38.68,2674,2674,2.3419,22.873,26.123,41.405,55.636,60.354,65.259,55.214,38.284
2675,2675,12.099,25.737,31.092,48.932,60.179,64.37,57.159,56.429,43.639,2675,2675,22.301,20.557,32.601,48.317,59.359,58.745,58.766,52.793,38.475,2675,2675,9.4925,20.291,26.715,44.38,55.729,61.567,68.616,58.769,39.304
2676,2676,4.7718,21.392,29.048,48.708,62.388,65.341,61.455,57.321,42.776,2676,2676,20.969,27.093,28.551,46.784,69.188,66.443,62.419,53.383,38.167,2676,2676,9.0735,20.878,26.221,43.73,62.536,67.173,71.217,59.102,40.042
2677,2677,4.7453,12.478,30.982,52.539,66.1,69.28,63.541,59.064,44.844,2677,2677,16.136,24.981,33.318,52.655,70.378,67.945,63.994,53.13,38.819,2677,2677,3.773,18.147,32.908,48.698,66.151,67.947,73.222,60.347,40.543
2678,2678,8.6781,16.325,33.634,50.353,69.86,70.238,65.963,58.551,43.592,2678,2678,21.878,22.744,34.761,52.879,69.299,67.854,65.526,55.295,39.559,2678,2678,7.2958,17.424,33.991,45.859,62.726,70.461,73.168,57.509,40.71
2679,2679,14.658,21.591,36.571,52.254,78.851,80.617,68.016,61.131,46.016,2679,2679,23.188,30.244,38.534,53.128,71.135,70.749,68.776,55.142,40.661,2679,2679,7.6634,22.071,36.88,50.59,68.944,72.039,75.339,59.343,41.015
2680,2680,21.487,22.326,33.416,55.099,71.92,75.273,68.323,59.923,44.368,2680,2680,25.76,29.043,31.642,58.079,71.893,70.223,69.43,54.748,40.387,2680,2680,3.7821,15.979,35.645,48.031,66.929,72.537,75.076,57.388,40.735
2681,2681,17.056,21.548,32.551,52.355,73.758,74.601,69.296,57.947,44.948,2681,2681,17.008,29.029,34.67,55.87,75.037,73.14,69.404,53.566,40.381,2681,2681,1.6571,25.253,33.45,50.376,71.303,73.859,76.143,58.605,41.699
2682,2682,13.623,21.181,36.751,54.009,76.063,74.362,68.188,59.74,44.488,2682,2682,17.857,27.258,37.649,58.603,67.895,69.064,69.352,55.852,40.934,2682,2682,-0.29342,17.185,34.29,52.15,64.509,72.277,77.46,58.661,41.066
2683,2683,17.045,25.021,30.044,54.558,75.462,78.458,66.556,57.054,44.367,2683,2683,14.302,29.921,32.475,57.519,70.59,72.005,67.057,53.091,40.331,2683,2683,-0.024813,17.746,34.939,48.4,66.856,73.235,73.344,57.489,40.906
2684,2684,17.208,23.63,32.121,48.86,66.469,68.015,64.756,56.135,42.48,2684,2684,12.457,27.386,33.673,53.203,68.681,67.288,64.994,53.742,39.163,2684,2684,-0.058487,21.659,35.406,53.271,64.326,71.693,72.695,57.352,39.769
2685,2685,14.616,27.852,31.017,49.897,62.154,64.544,58.955,55.862,43.914,2685,2685,18.496,29.423,34.233,50.494,69.061,66.187,59.477,52.642,39.338,2685,2685,3.2065,15.542,32.917,49.292,63.333,70.673,68.846,55.227,39.477
2686,2686,9.8032,21.829,35.738,52.694,59.504,62.76,56.523,53.406,41.509,2686,2686,18.017,25.518,29.067,49.449,62.957,60.546,58.964,49.909,37.993,2686,2686,-2.6392,17.968,29.727,43.252,57.238,62.635,67.278,54.125,38.449
2687,2687,5.7653,24.714,34.669,51.454,59.874,63.478,55.982,53.804,43.858,2687,2687,10.737,24.168,33.763,50.719,60.498,59.283,57.213,50.478,38.297,2687,2687,-2.6807,22.428,31.804,45.222,56.326,63.446,67.136,55.256,38.954
2688,2688,16.661,24.722,33.498,49.67,62.233,62.529,56.55,53.89,41.464,2688,2688,15.828,23.213,32.048,46.301,61.519,60.465,57.5,50.033,37.93,2688,2688,-2.5082,19.504,33.143,44.835,62.002,64.02,67.387,56.07,38.82
2689,2689,11.385,21.854,31.059,45.383,59.838,61.415,56.801,52.631,44.034,2689,2689,8.5303,21.545,34.562,49.329,61.838,60.4,57.592,49.717,38.419,2689,2689,0.66603,23.247,30.997,44.12,57.844,63.695,66.77,54.963,39.33
2690,2690,16.205,25.902,33.945,42.881,58.933,60.901,55.495,54.019,42.162,2690,2690,8.839,27.027,32.374,47.206,63.113,62.582,57.521,50.864,38.519,2690,2690,4.0821,18.046,30.15,43.917,62.499,62.993,66.716,55.987,39.307
2691,2691,10.487,22.067,28.515,52.233,63.578,65.305,57.8,54.138,44.536,2691,2691,19.18,26.15,33.741,53.22,65.387,64.098,59.755,51.15,38.636,2691,2691,1.7165,11.753,28.923,47.972,68.07,66.876,68.917,57.517,39.788
2692,2692,9.5584,23.26,27.862,50.313,63.718,61.996,56.006,54.894,41.542,2692,2692,18.911,23.201,29.079,47.332,66.634,63.685,58.596,52.347,38.438,2692,2692,4.2112,14.241,28.808,45.087,65.617,62.943,67.893,57.174,39.274
2693,2693,9.0063,17.979,30.722,43.741,60.373,60.909,60.9,54.968,43.514,2693,2693,18.798,26.561,30.406,44.37,67.767,62.471,61.322,52.729,39.27,2693,2693,6.4811,17.872,32.311,40.233,62.06,65.454,72.094,60.311,40.874
2694,2694,8.0842,23.499,29.309,48.403,64.138,63.594,61.764,59.485,43.03,2694,2694,12.6,19.803,30.658,47.344,73.146,70.237,61.739,55.367,40.421,2694,2694,-5.716,21.662,34.415,46.969,63.435,67.109,69.703,60.476,41.168
2695,2695,6.5826,18.536,29.035,45.81,68.897,70.958,65.208,62.247,45.931,2695,2695,22.199,18.426,33.076,43.91,70.664,69.023,65.044,58.97,42.802,2695,2695,5.0984,16.478,30.503,43.966,61.623,68.05,71.969,60.601,42.318
2696,2696,6.726,17.042,29.876,46.519,68.715,70.235,69.866,66.642,46.26,2696,2696,24.425,26.091,28.875,46.754,67.861,67.186,69.293,62.829,43.7,2696,2696,5.1627,19.271,30.721,43.898,63.481,71.528,77.985,67.61,44.897
2697,2697,6.8799,25.205,28.562,45.994,61.954,64.391,67.881,62.677,46.261,2697,2697,11.653,27.412,30.196,49.08,61.82,62.732,67.533,61.301,43.569,2697,2697,-6.4126,22.555,34.941,43.101,58.185,71.796,75.95,66.288,44.098
2698,2698,11.139,24.139,34.22,45.575,66.247,67.161,74.816,65.729,47.135,2698,2698,11.847,22.928,29.145,45.142,61.36,65.917,75.459,65.315,44.325,2698,2698,2.1121,18.47,31.261,41.681,58.852,76.111,81.604,72.293,48.262
2699,2699,17.207,24.411,26.309,41.264,65.337,63.768,70.641,63.959,46.515,2699,2699,16.792,21.861,27.445,41.8,63.899,63.086,73.058,62.283,43.465,2699,2699,3.6628,19.317,31.286,41.838,60.565,70.749,83.531,72.655,49.001
2700,2700,19.274,16.715,26.566,40.371,61.753,63.944,65.795,61.901,45.803,2700,2700,13.81,20.686,31.06,41.922,59.254,59.248,65.472,57.811,41,2700,2700,-2.3512,21.93,28.707,37.784,58.234,68.94,76.25,64.271,42.567
2701,2701,11.27,21.153,30.729,42.013,63.192,66.297,67.777,63.524,46.636,2701,2701,15.594,24.73,26.873,44.261,63.244,62.404,66.696,60.626,41.951,2701,2701,3.8925,17.384,30.192,45.144,61.9,70.784,76.175,66.266,44.177
2702,2702,14.691,20.662,27.861,38.881,65.896,67.8,69.551,63.125,45.145,2702,2702,21.476,26.969,29.479,43.495,66.035,63.502,69.061,61.016,42.875,2702,2702,8.7967,15.568,26.829,45.997,62.863,71.799,77.816,67.219,45.063
2703,2703,5.7885,20.48,25.867,41.494,65.864,67.995,65.84,59.709,44.77,2703,2703,15.97,23.449,26.603,43.816,67.417,64.509,63.36,57.291,40.7,2703,2703,3.2201,16.421,32.535,43.187,63.749,69.057,71.026,60.315,41.573
2704,2704,10.11,22.972,32.321,46.096,64.783,67.578,58.271,55.768,41.485,2704,2704,14.718,22.655,31.779,44.7,63.805,62.087,59.017,52.41,39.086,2704,2704,2.974,16.88,28.009,43.131,61.795,63.902,67.408,55.888,39.325
2705,2705,5.5154,22.218,29.095,46.447,67.602,69.242,59.49,56.172,43.456,2705,2705,10.408,26.87,32.646,44.986,67.371,65.617,63.19,53.898,39.96,2705,2705,3.1515,19.342,28.429,42.673,63.77,64.273,71.445,58.619,41.077
2706,2706,11.856,26.361,30.228,39.518,65.203,65.629,57.901,54.909,41.501,2706,2706,10.973,22.047,26.008,44.942,62.992,59.093,59.292,52.418,38.991,2706,2706,-2.0159,15.788,33.551,48.716,62.593,60.924,68.42,56.349,40.289
2707,2707,10.302,24.345,27.113,45.06,65.228,66.472,56.183,55.658,42.253,2707,2707,15.306,23.369,33.613,45.873,65.387,62.532,57.544,51.528,38.879,2707,2707,6.7836,24.143,30.511,42.961,61.345,61.239,66.774,55.733,39.193
2708,2708,12.379,25.915,31.767,45.888,59.671,61.708,56.225,56.069,43.753,2708,2708,20.367,23.112,28.05,47.168,62.896,60.319,57.305,50.115,38.052,2708,2708,4.9073,23.925,27.821,44.155,64.982,59.484,66.196,54.068,38.924
2709,2709,15.496,23.346,26.172,44.981,59.359,61.385,54.98,53.524,40.747,2709,2709,21.684,15.206,27.399,45.242,59.151,55.035,55.424,50.543,37.874,2709,2709,3.599,20.504,33.635,43.089,63.343,59.438,64.949,53.497,37.736
2710,2710,13.957,15.186,30.963,43.361,58.642,60.75,53.294,54.13,43.211,2710,2710,21.974,17.839,30.739,44.484,58.973,58.568,53.127,48.554,38.322,2710,2710,7.3908,13.096,25.53,42.304,57.192,57.928,64.315,53.173,37.958
2711,2711,8.7269,21.049,32.86,46.656,57.765,60.431,53.406,54.012,41.638,2711,2711,26.074,23.239,34.183,55.772,59.473,57.305,55.316,50.039,38.214,2711,2711,7.5467,22.299,30.015,43.783,53.904,57.289,64.816,54.073,38.228
2712,2712,14.552,25.527,37.193,47.268,55.621,57.063,53.584,54.627,43.295,2712,2712,21.219,25.36,37.045,49.403,55.357,54.256,54.639,51.037,38.182,2712,2712,7.1604,17.397,25.991,41.69,52.771,56.409,63.736,52.554,38.384
2713,2713,7.2673,24.89,29.648,38.981,52.421,53.579,54.428,54.392,40.909,2713,2713,13.222,22.756,26.43,42.393,51.919,50.802,53.977,50.031,37.971,2713,2713,5.5281,24.872,32.752,41.368,53.743,57.451,64.23,53.305,38.141
2714,2714,10.047,16.585,30.378,42.574,55.658,58.922,54.045,54.461,43.015,2714,2714,16.42,19.956,26.873,43.876,57.761,55.512,54.352,49.016,38.102,2714,2714,3.1179,21.979,28.858,37.869,54.245,58.506,64.412,52.397,38.207
2715,2715,8.2803,21.043,32.709,48.768,56.447,59.349,52.225,52.967,42.05,2715,2715,14.888,23.848,27.674,44.711,56.459,58.187,52.917,50.33,38.009,2715,2715,-1.4142,19.279,27.605,43.006,52.461,57.907,63.602,52.036,38.315
2716,2716,12.804,17.984,34.543,51.735,54.327,55.673,54.422,53.281,43.679,2716,2716,21.095,25.922,34.22,47.547,56.743,54.615,54.687,50.315,38.352,2716,2716,5.6721,15.292,28.545,39.739,52.413,55.766,63.73,52.676,38.736
2717,2717,14.485,26.77,36.245,50.516,56.162,57.323,54.599,54.925,42.34,2717,2717,25.334,27.57,36.139,45.665,55.617,54.333,55.198,51.733,38.477,2717,2717,10.386,23.796,33.295,40.079,54.304,56.377,65.079,55.84,38.902
2718,2718,11.236,29.582,34.518,50.821,58.152,57.72,54.998,53.482,43.272,2718,2718,18.777,24.949,30.043,40.036,56.272,56.006,55.785,50.784,38.211,2718,2718,4.727,26.931,30.539,39.34,54.564,59.967,65.142,54.896,38.823
2719,2719,12.302,21.286,33.369,47.725,59.61,59.88,54.868,55.264,41.869,2719,2719,6.8873,23.403,27.296,43.958,55.129,53.484,55.021,52.592,38.699,2719,2719,4.4764,14.725,27.556,40.608,57.015,58.38,66.932,56.631,39.223
2720,2720,12.148,22.829,31.62,47.459,59.818,60.862,55.524,55.36,43.486,2720,2720,3.0723,15.985,32.316,43.786,54.11,53.364,55.46,51.628,39.15,2720,2720,0.76766,18.91,29.806,38.01,53.742,59.964,65.833,56.35,39.118
2721,2721,12.63,23.077,25.758,41.535,56.225,58.421,54.212,55.324,43.081,2721,2721,13.777,23.866,33.588,41.285,55.409,55.596,55.033,54.012,39.619,2721,2721,3.3958,14.823,29.794,37.622,54.531,60.792,65.088,54.783,38.738
2722,2722,8.1234,18.924,23.657,39.173,59.007,60.184,56.469,55.457,44.299,2722,2722,10.078,25.602,29.458,40.92,59.571,58.563,56.455,51.793,38.655,2722,2722,3.1601,19.02,29.454,37.037,54.164,62.687,66.538,56.989,39.022
2723,2723,8.5465,19.742,25.497,40.34,55.536,55.62,57.885,55.954,42.843,2723,2723,9.1952,21.896,31.1,38.951,58.266,57.071,59.787,53.574,39.339,2723,2723,5.8842,18.318,27.093,39.329,54.037,62.739,69.122,56.838,39.519
2724,2724,13.355,20.447,28.71,40.404,57.156,58.599,57.794,55.808,43.757,2724,2724,12.635,22.619,29.887,40.652,57.861,57.74,57.476,53.905,38.929,2724,2724,5.2494,21.016,27.384,36.192,52.796,62.296,67.784,56.846,39.151
2725,2725,13.08,13.312,30.017,38.646,53.318,55.334,58.207,54.688,40.461,2725,2725,12.75,25.281,30.077,39.631,56.04,55.58,57.94,52.17,38.448,2725,2725,4.3471,22.386,25.965,37.628,53.266,59.937,68.498,55.032,38.639
2726,2726,17.306,21.632,28.224,37.844,56.448,56.716,54.786,53.863,43.572,2726,2726,19.042,19.364,29.32,44.294,59.057,57.288,55.655,50.347,38.456,2726,2726,4.3193,15.245,28.578,39.345,55.967,60.262,65.467,53.696,38.348
2727,2727,7.7233,20.325,26.185,38.308,53.574,54.844,55.347,53.148,41.823,2727,2727,14.107,22.992,30.97,40.055,58.44,56.837,56.869,48.9,37.715,2727,2727,1.7393,18.214,27.537,37.91,48.056,59.184,65.707,53.525,38.367
2728,2728,9.8763,23.3,27.426,40.791,56.082,58.757,56.724,53.897,43.697,2728,2728,21.959,23.64,32.34,40.745,58.473,57.474,57.525,51.209,38.809,2728,2728,3.0185,19.548,28.217,39.336,54.152,59.981,66.186,56.733,38.31
2729,2729,15.71,21.757,27.652,40.393,53.907,56,58.604,56.618,42.197,2729,2729,21.281,25.098,30.513,40.752,56.317,56.019,61.31,55.689,39.401,2729,2729,0.017298,21.749,28.398,38.695,56.577,61.656,70.855,60.579,40.098
2730,2730,13.31,24.455,23.411,41.413,53.802,56.789,54.69,53.135,42.719,2730,2730,17.791,21.07,30.866,42.186,56.365,54.065,53.436,49.619,37.695,2730,2730,1.8266,18.698,31.217,38.195,53.207,57.121,62.813,53.302,38.685
2731,2731,13.333,22.085,28.387,41.068,54.599,57.189,54.019,53.702,41.449,2731,2731,12.64,27.091,28.718,39.68,54.525,53.991,53.046,50.35,38.155,2731,2731,6.1793,20.56,32.249,34.599,50.174,59.102,63.733,52.661,38.054
2732,2732,3.2896,23.634,31.383,39.809,52.611,55.603,52.79,53.552,43.781,2732,2732,15.96,21.903,32.113,37.715,55.288,55.443,52.342,49.214,38.039,2732,2732,4.1531,20.503,28.835,37.57,49.522,57.597,62.191,52,38.535
2733,2733,1.3034,23.926,26.114,37.479,51.472,53.704,51.851,52.839,41.301,2733,2733,14.543,22.029,30.978,42.098,54.6,54.546,52.82,48.506,37.54,2733,2733,-6.182,19.955,29.858,35.083,48.666,55.622,63.283,53.695,37.843
2734,2734,8.5544,21.474,31.87,40.12,54.433,57.919,55.522,52.849,43.383,2734,2734,18.776,20.298,30.026,40.472,55.22,54.187,55.731,49.345,38.242,2734,2734,5.088,18.729,32.615,38.945,50.954,57.088,65.334,53.749,38.958
2735,2735,6.0866,20.312,27.964,40.893,52.668,56.237,56.153,53.778,41.538,2735,2735,13.209,17.52,28.093,40.102,56.735,57.091,54.561,49.619,37.178,2735,2735,4.1009,18.455,32.831,40.017,54.23,58.106,65.974,55.068,38.349
2736,2736,8.7278,18.682,32.053,40.558,55.469,60.013,55.769,54.207,43.108,2736,2736,19.02,27.671,27.736,42.87,59.692,59.212,56.535,49.459,38.331,2736,2736,5.6643,18.889,29.573,41.494,55.302,59.307,66.091,54.861,38.406
2737,2737,9.7096,14.589,28.585,42.722,55.25,57.638,56.242,55.97,43.83,2737,2737,22.578,23.961,32.528,39.2,52.901,51.772,56.129,52.376,39.25,2737,2737,7.8539,16.476,30.653,39.968,56.395,59.348,65.811,53.375,41.352
2738,2738,7.656,26.998,28.213,37.827,54.613,58.878,57.249,56.174,44.798,2738,2738,10.746,23.754,31.047,44.813,55.304,56.198,58.025,50.816,39.422,2738,2738,4.1337,21.207,31.412,37.158,53.539,60.583,65.942,54.703,40.029
2739,2739,7.6465,26.779,33.012,48.294,68.304,70.95,56.8,52.519,41.152,2739,2739,13.487,21.198,33.211,48.541,63.011,63.896,56.35,48.568,37.642,2739,2739,6.0692,21.575,30.104,45.342,60.025,65.408,65.022,52.837,38.607
2740,2740,9.6899,19.532,30.656,45.368,65.969,69.34,57.727,54.069,43.636,2740,2740,13.494,22.843,26.712,46.207,61.758,60.866,57.52,50.075,38.799,2740,2740,3.5785,17.288,25.579,40.107,58.881,65.183,65.228,54.304,38.59
2741,2741,9.8497,17.534,30.662,46.183,64.309,67.69,64.152,55.673,41.741,2741,2741,10.521,26.325,28.654,47.222,65.784,64.761,66.608,52.794,39.249,2741,2741,-0.92547,20.732,31.341,40.5,59.954,65.751,69.92,57.33,39.279
2742,2742,6.0726,17.03,32.588,49.759,70.004,71.527,62.995,57.264,44.217,2742,2742,9.8512,23.422,29.677,51.929,68.653,68.689,66.666,51.414,38.435,2742,2742,2.91,20.35,29.395,45.553,62.712,68.562,71.499,56.843,39.525
2743,2743,9.5507,22.357,31.768,48.811,64.911,69.237,65.99,58.534,42.694,2743,2743,17.609,21.071,28.756,50.015,66.464,65.497,67.914,53.717,39.377,2743,2743,5.5104,21.244,32.033,46.293,65.059,71.344,74.313,56.76,39.727
2744,2744,13.173,24.952,33.616,52.602,69.299,73.05,67.647,60.011,44.751,2744,2744,15.615,20.264,31.843,53.764,72.399,71.982,69.039,54.461,39.86,2744,2744,4.7492,9.7044,27.443,48.545,64.065,71.677,75.171,58.508,40.97
2745,2745,8.881,22.754,26.961,47.019,70.399,74.251,67.763,60.129,44.183,2745,2745,16.507,23.422,33.37,50.851,72.53,70.669,68.817,58.347,41.265,2745,2745,3.8696,13.464,23.42,45.08,65.609,73.319,77.812,66.096,44.238
2746,2746,1.8664,19.768,31.687,49.516,69.541,71.947,69.978,64.983,46.629,2746,2746,20.362,22.468,31.957,52.34,68.595,68.133,72.33,61.76,42.73,2746,2746,-4.2005,17.431,29.842,51.689,66.844,74.345,78.502,68.265,45.165
2747,2747,9.6094,23.948,35.781,47.436,69.77,71.405,70.14,67.661,47.2,2747,2747,16.973,19.69,34.552,49.477,72.588,70.946,69.752,64.225,43.377,2747,2747,-1.444,18.698,28.621,46.483,64.395,71.906,76.594,66.363,44.423
2748,2748,9.5034,21.137,32.031,46.399,65.246,69.452,69.123,67.365,48.877,2748,2748,17.047,22.08,33.592,46.354,66.691,66.099,69.54,62.578,43.882,2748,2748,4.0396,9.8763,32.178,46.393,62.338,69.36,75.261,68.044,45.317
2749,2749,6.3322,22.019,32.839,46.095,67.051,69.85,72.352,68.087,48.894,2749,2749,14.426,17.287,27.789,45.42,67.033,66.344,72.184,64.737,44.581,2749,2749,-1.0266,21.356,32.819,44.766,61.07,73.155,82.427,70.316,47.655
2750,2750,13.078,29.326,30.908,45.925,67.577,71.842,75.295,70.694,50.037,2750,2750,11.957,19.954,28.54,44.558,68.737,68.834,74.554,67.994,46.8,2750,2750,2.0953,14.844,31.81,47.058,63.451,76.108,85.329,72.496,49.467
2751,2751,12.036,24.397,31.517,42.678,67.819,71.533,78.838,73.73,54.532,2751,2751,16.508,20.89,26.572,47.841,66.967,69.786,78.275,70.731,51.122,2751,2751,4.3134,16.657,25.343,46.158,64.134,80.63,90.378,76.834,54.445
2752,2752,11.473,27.488,28.935,43.189,69.701,72.275,80.573,78.151,55.676,2752,2752,4.9503,26.844,30.715,42.668,69.449,72.199,80.2,72.763,51.86,2752,2752,0.8592,22.974,28.805,45.871,64.521,82.643,90.629,79.86,56.409
2753,2753,15.809,27.758,32.367,47.573,71.005,72.261,81.606,78.094,56.174,2753,2753,14.131,18.111,33.125,45.549,65.921,68.484,80.081,75.785,53.937,2753,2753,3.131,19.37,25.009,44.632,65.199,82.353,91.429,82.514,58.404
2754,2754,14.695,26.039,35.102,54.801,65.954,67.342,78.663,76.948,55.087,2754,2754,19.739,26.547,30.04,47.132,68.017,66.647,78.993,73.952,52.08,2754,2754,10.407,17.875,27.94,46.581,60.797,73.697,88.993,80.817,56.263
2755,2755,14.269,19.053,36.469,52.152,60.677,61.619,77.802,74.607,52.922,2755,2755,17.602,28.083,32.53,51.989,61.831,61.697,75.966,69.777,49.301,2755,2755,6.1453,26.004,33.181,45.318,58.588,68.116,87.37,78.763,54.607
2756,2756,12.712,22.152,33.55,52.352,65.699,66.687,75.493,67.381,47.422,2756,2756,21.141,19.711,33.579,52.457,69.145,67.388,73.696,64.36,44.938,2756,2756,8.955,22.913,28.105,51.049,64.533,67.027,83.262,72.864,49.581
2757,2757,16.176,22.38,27.613,43.655,64.057,65.87,72.12,66.787,47.277,2757,2757,11.592,23.709,27.658,46.895,67.308,66.197,74.434,63.171,45.083,2757,2757,6.4645,24.569,29.19,52.763,63.324,67.047,82.92,70.292,48.014
2758,2758,8.2736,21.107,32.717,43.737,61.391,63.774,72.232,63.906,46.065,2758,2758,9.0059,22.726,27.231,44.541,64.935,64.481,71.322,61.631,43.85,2758,2758,5.5553,22.469,30.638,51.371,62.056,66.744,81.207,68.259,46.896
2759,2759,15.5,19.639,31.002,43.806,56.207,60.769,68.564,60.814,45.361,2759,2759,12.21,25.184,30.868,40.314,56.453,57.26,67.515,59.529,41.676,2759,2759,9.1541,20.707,28.774,46.279,58.09,64.27,78.511,66.682,45.057
2760,2760,9.5441,26.503,30.885,50.888,55.33,55.522,64.842,57.115,41.815,2760,2760,13.932,19.471,31.436,42.169,52.729,53.154,64.931,55.309,39.824,2760,2760,3.0898,19.442,25.824,41.792,52.827,59.416,73.431,60.682,41.366
2761,2761,8.2692,25.597,29.525,43.907,54.239,56.539,59.285,54.36,43.379,2761,2761,14.399,21.55,28.406,42.9,54.774,54.752,61.121,51.293,38.968,2761,2761,-0.99087,22.385,29.649,38.191,54.919,60.194,68.961,55.103,39.519
2762,2762,7.0716,24.348,29.724,43.134,55.166,57.161,65.944,58.138,42.88,2762,2762,18.67,12.466,30.851,42.953,57.229,57.917,65.567,55.337,39.881,2762,2762,-2.2788,12.073,26.148,40.25,53.289,61.108,75.479,62.114,42.229
2763,2763,13.463,24.605,29.346,46.764,57.156,61.753,69.418,58.973,44.851,2763,2763,18.578,8.8609,29.33,39.653,59.28,61.842,66.557,55.957,40.346,2763,2763,2.5006,22.496,27.557,38.334,53.846,63.851,78.238,65.315,44.041
2764,2764,15.537,25.55,31.854,40.932,59.225,61.37,67.725,59.433,43.232,2764,2764,14.868,19.294,34.553,42.098,59.99,61.413,69.843,56.543,40.007,2764,2764,2.5163,24.4,30.905,41.403,56.049,66.612,79.235,65.899,44.444
2765,2765,14.184,20.794,28.53,45.148,60.999,64.295,69.928,60.563,46.145,2765,2765,12.763,12.325,31.879,41.463,61.301,62.063,69.906,59.069,42.941,2765,2765,2.2308,20.019,35.289,39.81,57.475,68.616,79.595,64.464,44.841
2766,2766,8.6475,28.203,36.4,58.196,61.196,63.548,67.155,64.794,49.483,2766,2766,13.214,27.072,34.208,56.271,63.7,62.264,66.751,62.601,45.942,2766,2766,6.5528,17.412,31.455,49.022,56.44,68.2,76.783,63.728,46.957
2767,2767,11.468,31.416,36.344,54.845,64.488,65.091,65.792,61.31,46.907,2767,2767,24.61,26.324,33.424,52.112,62.188,63.187,64.823,58.015,42.749,2767,2767,11.66,19.235,28.338,43.841,57.881,67.645,73.973,62.019,44.521
2768,2768,16.944,30.354,37.68,48.949,58.921,61.444,61.616,57.902,46.826,2768,2768,18.792,20.761,32.323,46.64,60.945,60.861,62.596,57.124,42.834,2768,2768,6.1346,19.225,32.448,43.672,55.785,64.44,72.049,59.097,44.856
2769,2769,15.601,27.861,34.921,45.615,60.85,65.279,61.607,56.579,45.054,2769,2769,7.1658,21.857,32.732,48.063,59.919,61.52,62.231,53.988,41.081,2769,2769,6.8804,21.728,32.607,43.271,57.138,65.959,71.418,57.254,41.908
2770,2770,11.317,33.429,34.167,47.115,66.844,69.392,59.713,57.437,43.66,2770,2770,14.725,23.419,32.476,49.699,64.372,63.136,59.179,54.307,40.054,2770,2770,9.0288,28.607,31.325,45.396,59.505,67.724,69.354,58.108,40.503
2771,2771,16.333,24.132,30.521,48.706,67.098,70.874,61.49,56.381,44.364,2771,2771,11.548,29.086,33.175,48.978,64.764,66.916,61.855,53.685,40.126,2771,2771,1.6392,20.396,33.011,44.806,59.547,67.015,68.778,56.473,40.452
2772,2772,11.01,23.583,38.268,55.717,65.556,68.284,63.691,58.919,44.672,2772,2772,9.8028,22.377,37.419,54.076,71.971,70.64,66.465,54.777,39.965,2772,2772,5.6658,19.201,34.963,46.326,63.923,69.631,72.624,57.889,40.732
2773,2773,12.439,20.135,37.842,51.501,67.671,69.066,67.362,61.193,45.041,2773,2773,14.409,27.058,35.896,55.346,67.975,66.027,67.854,54.17,40.096,2773,2773,-0.11071,20.87,30.645,45.572,61.703,71.221,74.846,60.429,41.736
2774,2774,13.459,28.828,37.248,56.63,68.459,70.382,67.664,60.261,44.725,2774,2774,15.871,21.143,31.002,51.865,69.735,69.565,69.187,55.828,40.676,2774,2774,1.7634,21.291,32.536,48.841,66.486,74.091,74.947,59.65,41.716
2775,2775,16.792,24.873,35.237,49.317,72.549,73.784,69.155,65.154,47.098,2775,2775,10.264,23.144,37.151,49.108,73.792,74.347,70.329,60.508,43.745,2775,2775,2.1545,14.126,29.902,49.096,68.821,75.724,78.003,65.368,44.136
2776,2776,12.516,25.798,35.108,52.639,70.363,73.061,69.654,68.392,47.683,2776,2776,12.807,26.581,31.043,53.119,70.423,68.78,68.898,63.163,45.443,2776,2776,0.71617,19.045,31.024,49.362,65.783,73.914,78.229,67.601,45.756
2777,2777,16.577,19.863,35.425,48.761,69.311,72.211,69.397,69.619,49.983,2777,2777,17.739,22.878,37.868,49.963,72.362,71.518,68.978,63.589,44.99,2777,2777,2.376,19.328,28.501,47.064,63.755,72.816,77.455,69.457,46.363
2778,2778,14.319,22.403,32.803,45.943,68.65,73.344,72.161,69.071,50.238,2778,2778,19.271,19.206,30.757,40.619,65.858,66.279,71.761,63.296,45.087,2778,2778,4.6308,20.502,31.221,43.057,58.26,71.646,79.14,68.43,46.252
2779,2779,11.44,27.289,32.349,45.622,67.321,71.446,74.626,69.258,50.918,2779,2779,21.343,19.332,33.177,45.028,69.164,69.124,76.51,66.091,46.959,2779,2779,2.2202,21.444,27.481,45.33,62.639,73.327,83.312,71.373,48.818
2780,2780,11.712,19.076,28.72,47.294,67.849,73.23,80.578,71.509,50.78,2780,2780,20.309,21.133,31.183,50.609,66.465,68.53,80.242,67.951,47.757,2780,2780,2.3006,21.473,27.581,47.358,64.982,76.314,89.299,73.982,51.336
2781,2781,10.072,24.095,35.513,47.66,73.175,75.904,83.547,73.629,52.831,2781,2781,21.044,17.845,32.047,48.914,69.385,71.167,81.071,70.298,49.407,2781,2781,5.2,21.292,33.116,43.434,64.824,80.794,93.021,75.909,53.367
2782,2782,18.221,25.001,31.514,45.363,71.202,75.436,85.041,77.2,54.685,2782,2782,12.939,18.862,32.444,44.051,68.489,73.317,85.139,75.046,52.389,2782,2782,2.7278,22.222,33.428,43.186,65.231,83.591,93.122,79.498,55.929
2783,2783,15.218,23.867,31.548,41.995,68.464,74.283,85.757,79.627,56.429,2783,2783,18.051,24.676,27.548,45.104,70.555,74.768,84.6,74.57,52.548,2783,2783,8.7688,24.59,32.609,45.393,65.666,85.316,94.092,81.175,57.615
2784,2784,13.615,22.373,29.908,43.816,75.324,78.541,87.365,80.681,56.948,2784,2784,15.121,24.728,32.534,48.457,71.228,74.659,84.065,75,52.38,2784,2784,6.4141,18.668,28.249,47.589,66.298,84.87,92.876,81.398,57.315
2785,2785,13.427,24.89,30.436,43.709,64.212,71.636,82.945,76.095,53.866,2785,2785,10.587,25.547,30.268,41.23,63.856,69.277,82.102,71.798,51.462,2785,2785,4.4269,18.447,31.266,45.1,61.787,80.695,90.607,78.101,54.898
2786,2786,11.432,23.425,28.965,45.388,64.191,70.318,82.969,75.049,52.946,2786,2786,7.2819,23.989,33.313,42.317,66.964,70.35,83.394,69.715,49.702,2786,2786,3.7111,23.408,24.984,43.754,61.722,78.283,90.435,74.926,52.597
2787,2787,16.046,26.463,31.342,44.996,64.601,70.225,79.414,69.128,49.425,2787,2787,15.905,26.225,34.571,45.712,68.075,70.8,81.969,66.243,47.588,2787,2787,-0.78704,23.503,28.961,47.812,64.844,79.205,87.615,71.338,49.833
2788,2788,11.452,26.719,36.847,48.097,64.946,70.077,75.366,67.346,47.47,2788,2788,18.146,27.55,35.066,48.829,62.744,65.463,79.837,64.95,46.741,2788,2788,-0.48687,16.193,31.827,50.843,63.834,72.407,86.627,69.802,49.079
2789,2789,11.246,22.326,31.018,47.185,65.985,66.585,73.527,66.27,47.115,2789,2789,13.337,22.28,34.88,50.43,67.335,66.448,76.59,64.519,45.128,2789,2789,1.0866,22.19,31.056,51.778,62.895,71.273,85.418,70.483,48.715
2790,2790,10.329,26.575,32.284,48.833,62.107,64.391,72.245,66.246,47.711,2790,2790,19.009,24.54,31.842,51.245,61.924,63.856,74.31,63.666,45,2790,2790,4.9327,21.729,32.569,47.175,59.602,72.296,82.038,69.108,46.891
2791,2791,15.576,22.906,36.319,47.734,59.993,64.954,70.039,64.612,46.627,2791,2791,15.036,27.606,31.215,47.118,66.4,65.764,70.485,61.49,43.272,2791,2791,6.8712,22.879,34.552,42.93,59.802,66.896,77.413,64.481,43.731
2792,2792,12.088,21.991,33.207,50.29,61.871,64.068,67.378,60.579,43.775,2792,2792,1.1521,23.527,34.654,46.889,66.339,66.582,67.517,57.22,40.339,2792,2792,-0.67814,25.804,33.942,41.193,60.653,72.208,76.524,63.306,42.085
2793,2793,14.438,21.329,31.029,48.898,60.36,64.745,67.249,62.287,45.05,2793,2793,12.565,20.817,32.834,52.272,60.242,61.221,65.636,59.797,42.139,2793,2793,1.5068,22.316,29.892,44.26,58.35,69.273,77.414,63.62,43.21
2794,2794,10.813,24.239,32.368,48.738,62.145,65.887,69.577,62.094,45.56,2794,2794,21.158,26.25,29.57,50.04,57.192,60.04,69.804,58.711,41.664,2794,2794,3.6986,22.655,31.764,44.55,57.115,70.118,79.131,65.197,44.573
2795,2795,12.088,24.09,30.695,49.976,62.304,65.117,69.795,62.186,44.831,2795,2795,16.754,27.727,33.246,48.983,60.516,62.645,69.556,57.517,41.743,2795,2795,3.4493,20.388,24.108,44.802,58.846,67.933,78.951,65.581,44.625
2796,2796,4.655,24.826,33.589,43.499,61.838,66.699,69.171,61.769,45.567,2796,2796,15.947,25.226,29.848,44.892,64.438,62.876,69.536,58.774,43.434,2796,2796,4.8294,15.114,28.996,45.69,60.48,68.088,77.915,66.001,45.49
2797,2797,11.924,15.951,33.43,43.864,62.806,66.054,68.688,60.297,44.47,2797,2797,11.311,22.042,31.313,42.966,66.417,65.981,67.096,58.555,43.077,2797,2797,1.6641,21.305,28.787,37.032,60.273,68.389,77.191,64.462,44.414
2798,2798,11.567,25.409,29.059,39.665,63.208,66.802,65.015,60.746,45.189,2798,2798,20.012,21.812,27.135,44.687,62.283,61.945,66.786,58.522,42.176,2798,2798,-7.424,18.777,24.989,41.511,57.445,67.199,75.786,62.973,43.962
2799,2799,7.5011,22.749,30.432,39.96,64.148,66.179,63.61,59.306,43.503,2799,2799,14.531,27.007,33.183,42.274,65.136,64.416,65.85,56.223,41.889,2799,2799,1.3465,22.091,27.877,41.338,61.072,65.459,74.676,60.549,42.913
2800,2800,11.716,24.908,34.12,53.354,62.746,64.277,63.302,59.533,44.804,2800,2800,20.541,25.649,31.14,48.392,62.561,63.17,64.142,56.837,40.94,2800,2800,5.0203,26.269,32.408,42.781,58.152,64.624,72.017,59.348,41.466
2801,2801,20.524,27.211,34.617,56.75,60.085,60.746,60.84,56.088,43.237,2801,2801,27.147,27.299,38.248,56.267,60.991,58.224,59.855,54.909,40.117,2801,2801,5.1592,22.788,31.156,44.899,59.866,61.436,69.832,57.183,41.482
2802,2802,15.964,18.699,37.172,52.779,59.458,61.357,59.449,55.087,44.359,2802,2802,21.17,31.293,29.754,50.492,63.092,61.777,58.676,53.948,40.061,2802,2802,-0.7512,24.077,30.183,48.17,57.407,62.603,70.777,59.149,41.218
2803,2803,10.788,22.69,32.961,48.107,60.479,60.899,56.243,54.869,41.708,2803,2803,14.706,22.042,31.62,42.948,61.542,58.55,56.361,53.908,39.404,2803,2803,-0.84109,20.106,29.569,46.213,60.796,60.859,68.336,56.618,39.696
2804,2804,19.757,27.142,33.862,48.628,57.489,58.554,56.399,54.829,43.481,2804,2804,21.772,24.985,33.01,45.159,58.276,56.565,57.31,52.113,38.89,2804,2804,5.2185,14.087,26.128,46.19,58.563,62.451,66.871,56.128,39.895
2805,2805,15.035,27.432,37.388,50.146,60.167,61.18,56.655,55.583,42.63,2805,2805,17.781,22.756,35.907,50.284,60.923,56.321,56.134,51.902,39.281,2805,2805,3.2237,16.546,30.014,47.101,60.678,59.266,65.665,53.819,39.739
2806,2806,11.2,25.739,34.229,50.24,58.819,63.014,55.081,54.704,43.543,2806,2806,23.171,22.595,37.242,49.838,61.333,58.219,57.354,52.711,39.052,2806,2806,9.2032,23.572,31.368,45.835,57.263,62.564,66.886,56.46,39.256
2807,2807,10.402,22.744,30.789,52.213,64.164,65.869,56.795,56.283,41.919,2807,2807,10.952,22.561,30.455,48.177,61.867,61.327,56.781,53.828,38.664,2807,2807,3.7325,17.197,31.336,52.321,61.38,62.958,67.52,57.107,39.035
2808,2808,7.576,21.583,34.063,49.909,62.589,61.162,57.373,55.359,44.476,2808,2808,4.9035,25.982,30.359,49.234,65.002,63.357,58.026,54.077,39.895,2808,2808,2.1175,22.248,30.714,47.966,61.636,63.678,67.699,56.843,40.501
2809,2809,5.9075,24.49,36.39,52.844,59.125,61.737,57.806,56.798,42.428,2809,2809,5.3051,25.401,36.013,51.075,62.175,60.779,59.509,55.531,40.147,2809,2809,-1.4438,24.171,33.316,46.564,59.232,63.489,70.483,59.244,40.635
2810,2810,12.489,24.523,33.573,48.141,61.549,66.15,62,57.091,44.414,2810,2810,25.454,31.821,32.514,48.799,61.28,61.499,60.574,54.393,39.811,2810,2810,6.48,18.43,27.154,46.641,60.321,68.244,70.894,59.813,41.293
2811,2811,6.0249,24.322,33.942,50.478,60.139,67.306,64.579,59.283,43.41,2811,2811,23.811,29.385,34.578,51.253,60.431,61.516,62.024,55.948,39.63,2811,2811,3.2344,26.903,30.896,52.216,59.905,69.913,73.087,60.655,40.95
2812,2812,7.3275,26.684,31.707,47.06,65.79,71.741,65.32,58.423,44.38,2812,2812,16.754,14.016,32.293,47.478,62.081,65.331,63.491,55.537,39.666,2812,2812,-4.5848,17.986,26.42,46.282,61.799,72.873,73.988,60.524,41.149
2813,2813,2.0202,24.353,31.668,47.108,67.428,71.966,66.676,58.649,43.111,2813,2813,9.7133,18.208,29.601,46.063,63.327,65.783,67.242,55.607,39.838,2813,2813,-1.4911,13.871,22.116,44.81,63.86,72.6,75.87,62.327,41.572
2814,2814,2.8236,11.744,29.145,49.903,66.84,69.165,66.342,61.775,45.882,2814,2814,10.667,16.555,28.849,46.696,62.785,65.609,67.057,60.143,41.987,2814,2814,-0.91705,17.042,28.107,42.379,62.806,75.802,78.094,65.433,43.836
2815,2815,2.9877,25.155,30.742,49.072,61.454,65.927,69.868,65.81,46.202,2815,2815,16.868,25.4,33.316,42.765,65.071,65.239,69.224,62.734,43.432,2815,2815,7.5405,20.329,29.283,43.24,59.193,71.065,79.847,69.067,46.457
2816,2816,5.8841,23.778,32.391,51.933,64.55,68.32,73.201,65.046,47.146,2816,2816,17.45,25.578,27.94,50.203,63.833,65.337,71.129,63.114,44.642,2816,2816,2.2171,21.167,30.602,41.429,59.257,70.657,80.497,69.059,46.681
2817,2817,6.3569,20.755,32.642,48.997,66.312,71.355,72.331,68.483,52.213,2817,2817,15.464,19.783,30.286,45.334,64.234,66.711,71.014,66.124,52.232,2817,2817,7.1561,23.5,31.025,42.287,63.618,72.705,81.487,70.17,49.229
2818,2818,11.373,16.678,29.643,47.986,65.579,70.163,70.568,66.164,47.813,2818,2818,10.537,17.634,31.455,46.106,63.731,65.713,69.762,65.175,44.973,2818,2818,2.7469,20.047,29.467,44.193,63.909,72.411,79.61,69.032,46.705
2819,2819,6.8273,22.237,28.641,44.468,65.391,70.375,68,67.18,47.049,2819,2819,4.8634,18.208,28.844,43.513,63.448,66.708,67.242,63.758,45.009,2819,2819,1.2207,18.321,33.877,43.771,64.776,73.663,78.627,67.644,46.799
2820,2820,13.98,18.603,28.206,44.977,65.119,66.612,68.945,63.886,46.761,2820,2820,11.2,18.237,31.126,43.019,65.558,67.069,68.804,61.016,43.501,2820,2820,-8.6789,20.868,32.839,45.154,64.224,69.871,76.378,66.244,45.116
2821,2821,9.3093,19.117,28.992,43.905,63.944,64.843,73.844,69.439,48.959,2821,2821,12.11,20.883,28.027,42.023,65.461,65.845,74.402,65.61,46.567,2821,2821,2.7247,21.712,30.227,45.73,63.445,70.813,82.84,74.351,50.566
2822,2822,11.471,20.879,30.358,43.783,61.085,65.599,78.273,72.992,52.681,2822,2822,15.249,20.829,28.607,42.955,61.499,63.637,78.684,72.564,52.396,2822,2822,7.4474,20.66,33.048,43.212,60.787,71.232,87.258,78.788,54.556
2823,2823,7.8578,21.964,31.961,43.53,68.652,72.19,81.242,76.751,55.247,2823,2823,16.271,26.642,33.346,43.997,64.07,66.307,79.051,75.592,54.765,2823,2823,2.4832,22.29,29.13,44.6,62.65,74.017,90.094,79.998,56.644
2824,2824,12.129,16.917,29.491,40.744,70.484,74.876,80.06,78.589,56.363,2824,2824,18.97,22.125,31.051,41.176,64.92,67.459,81.355,76.77,55.517,2824,2824,7.3796,21.451,25.046,47.274,63.736,75.256,89.06,80.14,56.5
2825,2825,8.4054,25.923,30.093,40.79,68.141,72.827,86.494,84.259,61.097,2825,2825,7.4803,21.886,26.771,42.222,63.821,70.902,85.362,79.969,58.301,2825,2825,-1.1509,20.885,28.649,45.901,64.433,79.855,95.621,84.258,60.759
2826,2826,14.126,19.294,27.005,41.445,70.8,77.066,88.058,85.262,61.588,2826,2826,10.19,21.979,33.43,41.521,63.085,71.445,87.039,80.73,59.563,2826,2826,2.7511,17.634,29.72,45.51,64.463,81.708,96.158,85.272,61.923
2827,2827,12.813,24.636,30.02,44.254,66.104,77.361,88.919,84.804,61.275,2827,2827,1.9379,21.114,32.919,42.225,63.148,74.261,89.082,80.062,58.207,2827,2827,6.3163,25.706,31.964,44.658,64.02,86.052,97.847,85.117,61.636
2828,2828,3.0202,26.59,33.204,43.354,66.455,75.51,86.757,79.06,55.484,2828,2828,8.2179,20.554,34.82,45.587,63.99,71.947,85.55,74.043,52.112,2828,2828,7.1322,29.15,30.541,43.97,60.06,85.52,95.296,82.682,59.357
2829,2829,11.878,23.518,32.735,45.979,67.211,72.959,84.128,71.341,51.205,2829,2829,13.852,18.162,37.008,47.236,68.196,71.558,83.553,68.956,48.221,2829,2829,12.52,25.188,35.378,45.486,63.288,83.411,91.418,74.99,52.651
2830,2830,16.223,26.962,27.785,42.996,66.751,70.628,78.594,66.25,49.79,2830,2830,11.607,22.451,29.555,43.495,64.83,67.345,78.444,64.063,47.649,2830,2830,12.74,15.155,35.597,41.08,60.76,77.862,88.084,70.444,48.941
2831,2831,11.346,28.011,30.808,40.691,66.087,69.869,71.854,66.891,50.539,2831,2831,14.238,22.771,30.063,46.486,63.579,64.107,69.614,61.261,46.369,2831,2831,-0.81704,20.45,33.047,42.223,59.003,74.086,81.307,67.406,45.8
2832,2832,14.884,22.567,31.518,44.801,59.338,65.671,71.498,67.087,57.826,2832,2832,14.622,14.029,31.986,51.06,65.063,64.502,68.031,66.515,57.058,2832,2832,-3.2331,24.106,37.71,47.286,57.825,76.567,81.589,66.104,54.098
2833,2833,12.079,27.386,37.744,45.972,57.94,62.16,59.686,61.581,52.725,2833,2833,19.633,22.192,40.412,52.139,60.248,60.864,59.769,61.904,51.937,2833,2833,16.487,31.468,38.746,47.769,56.101,67.13,70.551,59.834,48.048
2834,2834,29.949,42.176,51.79,59.563,65.1,64.511,64.474,66.475,70.235,2834,2834,27.055,41.253,50.532,58.251,63.368,63.879,64.08,67.652,71.103,2834,2834,23.257,33.917,42.479,50.324,54.178,57.704,59.131,58.674,62.403
2835,2835,32.621,30.552,28.69,4.3635,-43.153,-148.86,-367.24,-605.63,-1387.7,2835,2835,31.745,30.46,26.884,3.184,-44.984,-149.35,-367.8,-604.81,-1387,2835,2835,26,21.928,19.23,-5.0157,-53.362,-158.23,-372.95,-612.83,-1395.9
2836,2836,21.647,20.172,6.9661,-50.35,-150.55,-363.8,-799.3,-1279.7,-2844.4,2836,2836,21.106,20.273,5.163,-51.602,-152.38,-364.28,-799.9,-1278.9,-2843.7,2836,2836,17.372,11.094,-2.7485,-59.225,-160.8,-373.03,-805.03,-1286.9,-2852.6
2837,2837,16.121,10.61,-14.183,-102.98,-257.89,-578.72,-1232.4,-1953.9,-Inf,2837,2837,16.405,10.691,-15.976,-104.18,-259.73,-579.18,-1233.2,-1953.1,-Inf,2837,2837,11.251,0.98275,-23.989,-112.25,-268.19,-587.81,-1238.3,-1961,-Inf
2838,2838,11.519,0.19087,-35.342,-158.16,-365.2,-793.6,-1666.7,-2628,-Inf,2838,2838,11.2,0.36324,-37.143,-159.39,-367.03,-794.04,-1667.5,-2627.2,-Inf,2838,2838,6.4226,-9.7328,-45.147,-167.17,-375.54,-802.55,-1672.6,-2635.1,-Inf
2839,2839,3.8907,-10.331,-56.579,-210.5,-472.47,-1008.5,-2099.8,-Inf,-Inf,2839,2839,3.8133,-10.108,-58.399,-211.72,-474.3,-1008.9,-2100.3,-Inf,-Inf,2839,2839,0.50237,-20.263,-66.313,-219.65,-482.84,-1017.3,-2105.5,-Inf,-Inf
2840,2840,1.2358,-20.88,-77.945,-265.7,-579.71,-1223.3,-2531.9,-Inf,-Inf,2840,2840,1.4616,-20.667,-79.79,-266.89,-581.55,-1223.7,-2532.5,-Inf,-Inf,2840,2840,-4.4765,-30.48,-87.562,-274.89,-590.11,-1232,-2537.6,-Inf,-Inf
2841,2841,-4.983,-31.249,-99.459,-318.23,-686.94,-1438.1,-2965.2,-Inf,-Inf,2841,2841,-5.6647,-31.099,-101.33,-319.47,-688.78,-1438.5,-2966,-Inf,-Inf,2841,2841,-8.6727,-40.346,-108.94,-327.24,-697.35,-1446.7,-2971.1,-Inf,-Inf
2842,2842,-9.8831,-41.226,-121.11,-372.99,-794.17,-1652.8,-Inf,-Inf,-Inf,2842,2842,-9.3559,-41.156,-123,-374.16,-796.01,-1653.2,-Inf,-Inf,-Inf,2842,2842,-15.477,-50.025,-130.47,-382.34,-804.58,-1661.4,-Inf,-Inf,-Inf
2843,2843,-14.212,-50.93,-142.85,-426.13,-901.41,-1867.6,-Inf,-Inf,-Inf,2843,2843,-14.83,-50.894,-144.75,-427.39,-903.24,-1867.9,-Inf,-Inf,-Inf,2843,2843,-18.453,-59.805,-152.14,-435.03,-911.81,-1876.1,-Inf,-Inf,-Inf
2844,2844,-20.775,-60.649,-164.61,-480.16,-1008.7,-2082.3,-Inf,-Inf,-Inf,2844,2844,-20.293,-60.589,-166.51,-481.33,-1010.5,-2082.6,-Inf,-Inf,-Inf,2844,2844,-25.592,-69.862,-173.89,-489.57,-1019,-2090.9,-Inf,-Inf,-Inf
2845,2845,-23.99,-70.602,-186.29,-534.14,-1115.9,-2297,-Inf,-Inf,-Inf,2845,2845,-24.314,-70.482,-188.16,-535.4,-1117.8,-2297.4,-Inf,-Inf,-Inf,2845,2845,-28.853,-80.224,-195.64,-542.99,-1126.3,-2305.6,-Inf,-Inf,-Inf
2846,2846,-31.126,-80.865,-207.81,-587.36,-1223.2,-2511.7,-Inf,-Inf,-Inf,2846,2846,-31.092,-80.682,-209.65,-588.54,-1225.1,-2512.1,-Inf,-Inf,-Inf,2846,2846,-35.03,-90.785,-217.31,-596.73,-1233.6,-2520.3,-Inf,-Inf,-Inf
2847,2847,-34.219,-91.378,-229.14,-642.12,-1330.6,-2726.4,-Inf,-Inf,-Inf,2847,2847,-34.166,-91.156,-230.95,-643.37,-1332.4,-2726.8,-Inf,-Inf,-Inf,2847,2847,-39.668,-101.3,-238.8,-651,-1340.9,-2735.1,-Inf,-Inf,-Inf
2848,2848,-40.748,-101.94,-250.33,-694.71,-1437.9,-2941.1,-Inf,-Inf,-Inf,2848,2848,-41.265,-101.73,-252.13,-695.91,-1439.8,-2941.5,-Inf,-Inf,-Inf,2848,2848,-44.352,-111.49,-260.12,-703.98,-1448.2,-2949.9,-Inf,-Inf,-Inf
2849,2849,-44.922,-112.27,-271.48,-749.91,-1545.3,-Inf,-Inf,-Inf,-Inf,2849,2849,-44.526,-112.13,-273.28,-751.13,-1547.2,-Inf,-Inf,-Inf,-Inf,2849,2849,-50.611,-121.32,-281.3,-758.93,-1555.6,-Inf,-Inf,-Inf,-Inf
2850,2850,-50.043,-122.2,-292.69,-802.25,-1652.8,-Inf,-Inf,-Inf,-Inf,2850,2850,-50.726,-122.14,-294.5,-803.47,-1654.6,-Inf,-Inf,-Inf,-Inf,2850,2850,-53.987,-130.99,-302.45,-811.38,-1663,-Inf,-Inf,-Inf,-Inf
2851,2851,-55.882,-131.9,-314,-857.43,-1760.2,-Inf,-Inf,-Inf,-Inf,2851,2851,-55.338,-131.86,-315.84,-858.62,-1762.1,-Inf,-Inf,-Inf,-Inf,2851,2851,-61.12,-140.8,-323.66,-866.63,-1770.4,-Inf,-Inf,-Inf,-Inf
2852,2852,-59.557,-141.63,-335.46,-909.99,-1867.8,-Inf,-Inf,-Inf,-Inf,2852,2852,-60.036,-141.57,-337.32,-911.24,-1869.6,-Inf,-Inf,-Inf,-Inf,2852,2852,-64.123,-150.89,-344.99,-918.99,-1877.9,-Inf,-Inf,-Inf,-Inf
2853,2853,-66.572,-151.62,-357.06,-964.7,-1975.3,-Inf,-Inf,-Inf,-Inf,2853,2853,-66.286,-151.49,-358.95,-965.88,-1977.1,-Inf,-Inf,-Inf,-Inf,2853,2853,-70.838,-161.28,-366.47,-974.06,-1985.4,-Inf,-Inf,-Inf,-Inf
2854,2854,-69.548,-161.91,-378.78,-1017.9,-2082.8,-Inf,-Inf,-Inf,-Inf,2854,2854,-69.667,-161.72,-380.68,-1019.2,-2084.7,-Inf,-Inf,-Inf,-Inf,2854,2854,-74.761,-171.85,-388.09,-1026.8,-2092.9,-Inf,-Inf,-Inf,-Inf
2855,2855,-76.501,-172.44,-400.55,-1071.9,-2190.4,-Inf,-Inf,-Inf,-Inf,2855,2855,-76.799,-172.22,-402.44,-1073,-2192.2,-Inf,-Inf,-Inf,-Inf,2855,2855,-80.14,-182.34,-409.81,-1081.3,-2200.5,-Inf,-Inf,-Inf,-Inf
2856,2856,-80.056,-182.99,-422.27,-1125.9,-2298,-Inf,-Inf,-Inf,-Inf,2856,2856,-79.8,-182.79,-424.15,-1127.2,-2299.8,-Inf,-Inf,-Inf,-Inf,2856,2856,-85.706,-192.49,-431.58,-1134.8,-2308.1,-Inf,-Inf,-Inf,-Inf
2857,2857,-85.855,-193.28,-443.85,-1179.1,-2405.6,-Inf,-Inf,-Inf,-Inf,2857,2857,-86.522,-193.15,-445.7,-1180.3,-2407.4,-Inf,-Inf,-Inf,-Inf,2857,2857,-89.594,-202.29,-453.29,-1188.4,-2415.7,-Inf,-Inf,-Inf,-Inf
2858,2858,-90.95,-203.18,-465.24,-1233.9,-2513.1,-Inf,-Inf,-Inf,-Inf,2858,2858,-90.434,-203.12,-467.06,-1235.1,-2515,-Inf,-Inf,-Inf,-Inf,2858,2858,-96.486,-211.96,-474.85,-1242.8,-2523.2,-Inf,-Inf,-Inf,-Inf
2859,2859,-95.224,-212.86,-486.48,-1286.4,-2620.7,-Inf,-Inf,-Inf,-Inf,2859,2859,-95.825,-212.83,-488.28,-1287.6,-2622.5,-Inf,-Inf,-Inf,-Inf,2859,2859,-99.497,-221.8,-496.23,-1295.7,-2630.8,-Inf,-Inf,-Inf,-Inf
2860,2860,-101.84,-222.62,-507.63,-1341.7,-2728.2,-Inf,-Inf,-Inf,-Inf,2860,2860,-101.38,-222.55,-509.43,-1342.9,-2730,-Inf,-Inf,-Inf,-Inf,2860,2860,-106.55,-231.92,-517.45,-1350.7,-2738.3,-Inf,-Inf,-Inf,-Inf
2861,2861,-104.99,-232.64,-528.81,-1394,-2835.6,-Inf,-Inf,-Inf,-Inf,2861,2861,-105.28,-232.5,-530.61,-1395.2,-2837.5,-Inf,-Inf,-Inf,-Inf,2861,2861,-109.92,-242.34,-538.6,-1403.1,-2845.8,-Inf,-Inf,-Inf,-Inf
2862,2862,-112.13,-242.96,-550.08,-1449.2,-2943.1,-Inf,-Inf,-Inf,-Inf,2862,2862,-112.16,-242.77,-551.9,-1450.3,-2944.9,-Inf,-Inf,-Inf,-Inf,2862,2862,-115.96,-252.91,-559.78,-1458.4,-2953.3,-Inf,-Inf,-Inf,-Inf
2863,2863,-115.27,-253.51,-571.48,-1501.8,-3050.4,-Inf,-Inf,-Inf,-Inf,2863,2863,-115.18,-253.28,-573.33,-1503,-3052.3,-Inf,-Inf,-Inf,-Inf,2863,2863,-120.77,-263.38,-581.06,-1510.7,-3060.7,-Inf,-Inf,-Inf,-Inf
2864,2864,-121.68,-264.04,-593.03,-1556.4,-Inf,-Inf,-Inf,-Inf,-Inf,2864,2864,-122.23,-263.85,-594.91,-1557.6,-Inf,-Inf,-Inf,-Inf,-Inf,2864,2864,-125.29,-273.49,-602.48,-1565.8,-Inf,-Inf,-Inf,-Inf,-Inf
2865,2865,-126.02,-274.29,-614.72,-1609.7,-Inf,-Inf,-Inf,-Inf,-Inf,2865,2865,-125.6,-274.17,-616.61,-1610.9,-Inf,-Inf,-Inf,-Inf,-Inf,2865,2865,-131.7,-283.25,-624.05,-1618.6,-Inf,-Inf,-Inf,-Inf,-Inf
2866,2866,-130.97,-284.15,-636.47,-1663.6,-Inf,-Inf,-Inf,-Inf,-Inf,2866,2866,-131.65,-284.1,-638.37,-1664.8,-Inf,-Inf,-Inf,-Inf,-Inf,2866,2866,-134.98,-292.94,-645.75,-1673,-Inf,-Inf,-Inf,-Inf,-Inf
2867,2867,-136.98,-293.83,-658.22,-1717.7,-Inf,-Inf,-Inf,-Inf,-Inf,2867,2867,-136.44,-293.79,-660.11,-1719,-Inf,-Inf,-Inf,-Inf,-Inf,2867,2867,-142.13,-302.8,-667.51,-1726.5,-Inf,-Inf,-Inf,-Inf,-Inf
2868,2868,-140.53,-303.61,-679.86,-1770.8,-Inf,-Inf,-Inf,-Inf,-Inf,2868,2868,-140.98,-303.53,-681.72,-1772,-Inf,-Inf,-Inf,-Inf,-Inf,2868,2868,-145.17,-312.95,-689.25,-1780.2,-Inf,-Inf,-Inf,-Inf,-Inf
2869,2869,-147.61,-313.66,-701.33,-1825.6,-Inf,-Inf,-Inf,-Inf,-Inf,2869,2869,-147.37,-313.52,-703.16,-1826.9,-Inf,-Inf,-Inf,-Inf,-Inf,2869,2869,-151.77,-323.4,-710.87,-1834.5,-Inf,-Inf,-Inf,-Inf,-Inf
2870,2870,-150.58,-324.02,-722.61,-1878.2,-Inf,-Inf,-Inf,-Inf,-Inf,2870,2870,-150.66,-323.82,-724.42,-1879.4,-Inf,-Inf,-Inf,-Inf,-Inf,2870,2870,-155.85,-333.98,-732.32,-1887.4,-Inf,-Inf,-Inf,-Inf,-Inf
2871,2871,-157.45,-334.57,-743.79,-1933.4,-Inf,-Inf,-Inf,-Inf,-Inf,2871,2871,-157.81,-334.35,-745.58,-1934.6,-Inf,-Inf,-Inf,-Inf,-Inf,2871,2871,-161.07,-344.41,-753.59,-1942.5,-Inf,-Inf,-Inf,-Inf,-Inf
2872,2872,-161.14,-345.09,-764.94,-1985.7,-Inf,-Inf,-Inf,-Inf,-Inf,2872,2872,-160.85,-344.9,-766.74,-1987,-Inf,-Inf,-Inf,-Inf,-Inf,2872,2872,-166.81,-354.48,-774.75,-1994.9,-Inf,-Inf,-Inf,-Inf,-Inf
2873,2873,-166.78,-355.29,-786.17,-2040.9,-Inf,-Inf,-Inf,-Inf,-Inf,2873,2873,-167.46,-355.18,-787.99,-2042.1,-Inf,-Inf,-Inf,-Inf,-Inf,2873,2873,-170.56,-364.22,-795.91,-2050.1,-Inf,-Inf,-Inf,-Inf,-Inf
2874,2874,-172.06,-365.12,-807.52,-2093.5,-Inf,-Inf,-Inf,-Inf,-Inf,2874,2874,-171.53,-365.08,-809.37,-2094.8,-Inf,-Inf,-Inf,-Inf,-Inf,2874,2874,-177.53,-373.91,-817.15,-2102.5,-Inf,-Inf,-Inf,-Inf,-Inf
2875,2875,-176.18,-374.8,-829.02,-2148.1,-Inf,-Inf,-Inf,-Inf,-Inf,2875,2875,-176.75,-374.76,-830.89,-2149.3,-Inf,-Inf,-Inf,-Inf,-Inf,2875,2875,-180.52,-383.8,-838.52,-2157.5,-Inf,-Inf,-Inf,-Inf,-Inf
2876,2876,-182.91,-384.6,-850.66,-2201.5,-Inf,-Inf,-Inf,-Inf,-Inf,2876,2876,-182.48,-384.52,-852.55,-2202.7,-Inf,-Inf,-Inf,-Inf,-Inf,2876,2876,-187.51,-393.99,-860.04,-2210.3,-Inf,-Inf,-Inf,-Inf,-Inf
2877,2877,-185.99,-394.69,-872.4,-2255.3,-Inf,-Inf,-Inf,-Inf,-Inf,2877,2877,-186.24,-394.54,-874.3,-2256.5,-Inf,-Inf,-Inf,-Inf,-Inf,2877,2877,-191,-404.46,-881.69,-2264.7,-Inf,-Inf,-Inf,-Inf,-Inf
2878,2878,-193.12,-405.07,-894.16,-2309.5,-Inf,-Inf,-Inf,-Inf,-Inf,2878,2878,-193.21,-404.87,-896.05,-2310.7,-Inf,-Inf,-Inf,-Inf,-Inf,2878,2878,-196.89,-415.04,-903.43,-2318.3,-Inf,-Inf,-Inf,-Inf,-Inf
2879,2879,-196.33,-415.64,-915.85,-2362.5,-Inf,-Inf,-Inf,-Inf,-Inf,2879,2879,-196.2,-415.41,-917.72,-2363.7,-Inf,-Inf,-Inf,-Inf,-Inf,2879,2879,-201.88,-425.44,-925.19,-2371.9,-Inf,-Inf,-Inf,-Inf,-Inf
2880,2880,-202.6,-426.13,-937.39,-2417.4,-Inf,-Inf,-Inf,-Inf,-Inf,2880,2880,-203.2,-425.95,-939.23,-2418.7,-Inf,-Inf,-Inf,-Inf,-Inf,2880,2880,-206.24,-435.46,-946.87,-2426.3,-Inf,-Inf,-Inf,-Inf,-Inf
2881,2881,-207.12,-436.29,-958.73,-2469.9,-Inf,-Inf,-Inf,-Inf,-Inf,2881,2881,-206.67,-436.19,-960.54,-2471.1,-Inf,-Inf,-Inf,-Inf,-Inf,2881,2881,-212.78,-445.19,-968.38,-2479.1,-Inf,-Inf,-Inf,-Inf,-Inf
2882,2882,-211.91,-446.09,-979.94,-2525.2,-Inf,-Inf,-Inf,-Inf,-Inf,2882,2882,-212.57,-446.05,-981.73,-2526.4,-Inf,-Inf,-Inf,-Inf,-Inf,2882,2882,-215.97,-454.89,-989.71,-2534.2,-Inf,-Inf,-Inf,-Inf,-Inf
2883,2883,-218.08,-455.77,-1001.1,-2577.5,-Inf,-Inf,-Inf,-Inf,-Inf,2883,2883,-217.55,-455.73,-1002.9,-2578.7,-Inf,-Inf,-Inf,-Inf,-Inf,2883,2883,-223.13,-464.81,-1010.9,-2586.6,-Inf,-Inf,-Inf,-Inf,-Inf
2884,2884,-221.51,-465.6,-1022.3,-2632.6,-Inf,-Inf,-Inf,-Inf,-Inf,2884,2884,-221.92,-465.51,-1024.1,-2633.8,-Inf,-Inf,-Inf,-Inf,-Inf,2884,2884,-226.22,-475.03,-1032.1,-2641.9,-Inf,-Inf,-Inf,-Inf,-Inf
2885,2885,-228.63,-475.72,-1043.6,-2685.3,-Inf,-Inf,-Inf,-Inf,-Inf,2885,2885,-228.46,-475.56,-1045.4,-2686.5,-Inf,-Inf,-Inf,-Inf,-Inf,2885,2885,-232.7,-485.52,-1053.3,-2694.3,-Inf,-Inf,-Inf,-Inf,-Inf
2886,2886,-231.62,-486.13,-1065,-2739.8,-Inf,-Inf,-Inf,-Inf,-Inf,2886,2886,-231.65,-485.92,-1066.9,-2741,-Inf,-Inf,-Inf,-Inf,-Inf,2886,2886,-236.95,-496.1,-1074.6,-2749.2,-Inf,-Inf,-Inf,-Inf,-Inf
2887,2887,-238.39,-496.7,-1086.6,-2793.2,-Inf,-Inf,-Inf,-Inf,-Inf,2887,2887,-238.81,-496.48,-1088.5,-2794.5,-Inf,-Inf,-Inf,-Inf,-Inf,2887,2887,-242,-506.46,-1096,-2802.1,-Inf,-Inf,-Inf,-Inf,-Inf
2888,2888,-242.23,-507.17,-1108.3,-2847,-Inf,-Inf,-Inf,-Inf,-Inf,2888,2888,-241.9,-506.99,-1110.2,-2848.2,-Inf,-Inf,-Inf,-Inf,-Inf,2888,2888,-247.91,-516.45,-1117.6,-2856.4,-Inf,-Inf,-Inf,-Inf,-Inf
2889,2889,-247.7,-517.29,-1130.1,-2901.2,-Inf,-Inf,-Inf,-Inf,-Inf,2889,2889,-248.39,-517.19,-1132,-2902.5,-Inf,-Inf,-Inf,-Inf,-Inf,2889,2889,-251.53,-526.15,-1139.4,-2910.1,-Inf,-Inf,-Inf,-Inf,-Inf
2890,2890,-253.16,-527.06,-1151.8,-2954.2,-Inf,-Inf,-Inf,-Inf,-Inf,2890,2890,-252.62,-527.02,-1153.7,-2955.4,-Inf,-Inf,-Inf,-Inf,-Inf,2890,2890,-258.57,-535.87,-1161.1,-2963.6,-Inf,-Inf,-Inf,-Inf,-Inf
2891,2891,-257.14,-536.74,-1173.4,-3009.2,-Inf,-Inf,-Inf,-Inf,-Inf,2891,2891,-257.68,-536.7,-1175.3,-3010.4,-Inf,-Inf,-Inf,-Inf,-Inf,2891,2891,-261.55,-545.82,-1182.8,-3018.1,-Inf,-Inf,-Inf,-Inf,-Inf
2892,2892,-263.97,-546.6,-1194.8,-3061.6,-Inf,-Inf,-Inf,-Inf,-Inf,2892,2892,-263.58,-546.5,-1196.7,-3062.8,-Inf,-Inf,-Inf,-Inf,-Inf,2892,2892,-268.47,-556.08,-1204.4,-3070.6,-Inf,-Inf,-Inf,-Inf,-Inf
2893,2893,-267.01,-556.75,-1216.1,-Inf,-Inf,-Inf,-Inf,-Inf,-Inf,2893,2893,-267.21,-556.59,-1217.9,-Inf,-Inf,-Inf,-Inf,-Inf,-Inf,2893,2893,-272.08,-566.59,-1225.8,-Inf,-Inf,-Inf,-Inf,-Inf,-Inf
2894,2894,-274.09,-567.19,-1237.2,-Inf,-Inf,-Inf,-Inf,-Inf,-Inf,2894,2894,-274.25,-566.98,-1239,-Inf,-Inf,-Inf,-Inf,-Inf,-Inf,2894,2894,-277.81,-577.15,-1247.1,-Inf,-Inf,-Inf,-Inf,-Inf,-Inf
2895,2895,-277.4,-577.77,-1258.4,-Inf,-Inf,-Inf,-Inf,-Inf,-Inf,2895,2895,-277.23,-577.54,-1260.2,-Inf,-Inf,-Inf,-Inf,-Inf,-Inf,2895,2895,-282.98,-587.48,-1268.2,-Inf,-Inf,-Inf,-Inf,-Inf,-Inf
2896,2896,-283.53,-588.21,-1279.7,-Inf,-Inf,-Inf,-Inf,-Inf,-Inf,2896,2896,-284.15,-588.04,-1281.5,-Inf,-Inf,-Inf,-Inf,-Inf,-Inf,2896,2896,-287.19,-597.42,-1289.4,-Inf,-Inf,-Inf,-Inf,-Inf,-Inf
2897,2897,-288.23,-598.28,-1301.1,-Inf,-Inf,-Inf,-Inf,-Inf,-Inf,2897,2897,-287.75,-598.19,-1302.9,-Inf,-Inf,-Inf,-Inf,-Inf,-Inf,2897,2897,-293.86,-607.12,-1310.7,-Inf,-Inf,-Inf,-Inf,-Inf,-Inf
2898,2898,-292.85,-608.03,-1322.6,-Inf,-Inf,-Inf,-Inf,-Inf,-Inf,2898,2898,-293.49,-607.99,-1324.5,-Inf,-Inf,-Inf,-Inf,-Inf,-Inf,2898,2898,-296.98,-616.85,-1332.1,-Inf,-Inf,-Inf,-Inf,-Inf,-Inf
2899,2899,-299.17,-617.72,-1344.3,-Inf,-Inf,-Inf,-Inf,-Inf,-Inf,2899,2899,-298.65,-617.67,-1346.2,-Inf,-Inf,-Inf,-Inf,-Inf,-Inf,2899,2899,-304.11,-626.83,-1353.6,-Inf,-Inf,-Inf,-Inf,-Inf,-Inf
2900,2900,-302.5,-627.6,-1366,-Inf,-Inf,-Inf,-Inf,-Inf,-Inf,2900,2900,-302.87,-627.5,-1367.9,-Inf,-Inf,-Inf,-Inf,-Inf,-Inf,2900,2900,-307.28,-637.12,-1375.3,-Inf,-Inf,-Inf,-Inf,-Inf,-Inf
2901,2901,-309.64,-637.79,-1387.8,-Inf,-Inf,-Inf,-Inf,-Inf,-Inf,2901,2901,-309.53,-637.62,-1389.7,-Inf,-Inf,-Inf,-Inf,-Inf,-Inf,2901,2901,-313.63,-647.65,-1397,-Inf,-Inf,-Inf,-Inf,-Inf,-Inf
2902,2902,-312.66,-648.25,-1409.4,-Inf,-Inf,-Inf,-Inf,-Inf,-Inf,2902,2902,-312.66,-648.03,-1411.3,-Inf,-Inf,-Inf,-Inf,-Inf,-Inf,2902,2902,-318.05,-658.21,-1418.8,-Inf,-Inf,-Inf,-Inf,-Inf,-Inf
2903,2903,-319.33,-658.83,-1430.9,-Inf,-Inf,-Inf,-Inf,-Inf,-Inf,2903,2903,-319.8,-658.61,-1432.7,-Inf,-Inf,-Inf,-Inf,-Inf,-Inf,2903,2903,-322.93,-668.5,-1440.4,-Inf,-Inf,-Inf,-Inf,-Inf,-Inf
2904,2904,-323.32,-669.24,-1452.2,-Inf,-Inf,-Inf,-Inf,-Inf,-Inf,2904,2904,-322.96,-669.08,-1454,-Inf,-Inf,-Inf,-Inf,-Inf,-Inf,2904,2904,-329.01,-678.4,-1461.9,-Inf,-Inf,-Inf,-Inf,-Inf,-Inf
2905,2905,-328.63,-679.27,-1473.4,-Inf,-Inf,-Inf,-Inf,-Inf,-Inf,2905,2905,-329.32,-679.19,-1475.2,-Inf,-Inf,-Inf,-Inf,-Inf,-Inf,2905,2905,-332.51,-688.09,-1483.2,-Inf,-Inf,-Inf,-Inf,-Inf,-Inf
2906,2906,-334.27,-689,-1494.5,-Inf,-Inf,-Inf,-Inf,-Inf,-Inf,2906,2906,-333.72,-688.96,-1496.3,-Inf,-Inf,-Inf,-Inf,-Inf,-Inf,2906,2906,-339.6,-697.84,-1504.4,-Inf,-Inf,-Inf,-Inf,-Inf,-Inf
2907,2907,-338.1,-698.7,-1515.8,-Inf,-Inf,-Inf,-Inf,-Inf,-Inf,2907,2907,-338.62,-698.64,-1517.6,-Inf,-Inf,-Inf,-Inf,-Inf,-Inf,2907,2907,-342.58,-707.85,-1525.5,-Inf,-Inf,-Inf,-Inf,-Inf,-Inf
2908,2908,-345.03,-708.61,-1537.1,-Inf,-Inf,-Inf,-Inf,-Inf,-Inf,2908,2908,-344.68,-708.5,-1538.9,-Inf,-Inf,-Inf,-Inf,-Inf,-Inf,2908,2908,-349.41,-718.17,-1546.7,-Inf,-Inf,-Inf,-Inf,-Inf,-Inf
2909,2909,-348.03,-718.83,-1558.6,-Inf,-Inf,-Inf,-Inf,-Inf,-Inf,2909,2909,-348.19,-718.65,-1560.5,-Inf,-Inf,-Inf,-Inf,-Inf,-Inf,2909,2909,-353.16,-728.72,-1568.1,-Inf,-Inf,-Inf,-Inf,-Inf,-Inf
2910,2910,-355.06,-729.31,-1580.2,-Inf,-Inf,-Inf,-Inf,-Inf,-Inf,2910,2910,-355.28,-729.09,-1582.1,-Inf,-Inf,-Inf,-Inf,-Inf,-Inf,2910,2910,-358.73,-739.26,-1589.6,-Inf,-Inf,-Inf,-Inf,-Inf,-Inf
2911,2911,-358.47,-739.89,-1601.9,-Inf,-Inf,-Inf,-Inf,-Inf,-Inf,2911,2911,-358.26,-739.67,-1603.8,-Inf,-Inf,-Inf,-Inf,-Inf,-Inf,2911,2911,-364.09,-749.51,-1611.2,-Inf,-Inf,-Inf,-Inf,-Inf,-Inf
2912,2912,-364.45,-750.26,-1623.7,-Inf,-Inf,-Inf,-Inf,-Inf,-Inf,2912,2912,-365.1,-750.11,-1625.6,-Inf,-Inf,-Inf,-Inf,-Inf,-Inf,2912,2912,-368.15,-759.37,-1633,-Inf,-Inf,-Inf,-Inf,-Inf,-Inf
2913,2913,-369.33,-760.25,-1645.4,-Inf,-Inf,-Inf,-Inf,-Inf,-Inf,2913,2913,-368.84,-760.18,-1647.3,-Inf,-Inf,-Inf,-Inf,-Inf,-Inf,2913,2913,-374.92,-769.05,-1654.7,-Inf,-Inf,-Inf,-Inf,-Inf,-Inf
2914,2914,-373.79,-769.96,-1667,-Inf,-Inf,-Inf,-Inf,-Inf,-Inf,2914,2914,-374.42,-769.93,-1668.8,-Inf,-Inf,-Inf,-Inf,-Inf,-Inf,2914,2914,-377.99,-778.83,-1676.4,-Inf,-Inf,-Inf,-Inf,-Inf,-Inf
2915,2915,-380.25,-779.68,-1688.3,-Inf,-Inf,-Inf,-Inf,-Inf,-Inf,2915,2915,-379.76,-779.62,-1690.1,-Inf,-Inf,-Inf,-Inf,-Inf,-Inf,2915,2915,-385.09,-788.87,-1698,-Inf,-Inf,-Inf,-Inf,-Inf,-Inf
2916,2916,-383.49,-789.62,-1709.5,-Inf,-Inf,-Inf,-Inf,-Inf,-Inf,2916,2916,-383.83,-789.5,-1711.3,-Inf,-Inf,-Inf,-Inf,-Inf,-Inf,2916,2916,-388.35,-799.23,-1719.3,-Inf,-Inf,-Inf,-Inf,-Inf,-Inf
2917,2917,-390.65,-799.87,-1730.7,-Inf,-Inf,-Inf,-Inf,-Inf,-Inf,2917,2917,-390.6,-799.69,-1732.5,-Inf,-Inf,-Inf,-Inf,-Inf,-Inf,2917,2917,-394.56,-809.78,-1740.5,-Inf,-Inf,-Inf,-Inf,-Inf,-Inf
2918,2918,-393.71,-810.38,-1751.9,-Inf,-Inf,-Inf,-Inf,-Inf,-Inf,2918,2918,-393.66,-810.15,-1753.7,-Inf,-Inf,-Inf,-Inf,-Inf,-Inf,2918,2918,-399.15,-820.3,-1761.7,-Inf,-Inf,-Inf,-Inf,-Inf,-Inf
2919,2919,-400.27,-820.94,-1773.2,-Inf,-Inf,-Inf,-Inf,-Inf,-Inf,2919,2919,-400.78,-820.73,-1775,-Inf,-Inf,-Inf,-Inf,-Inf,-Inf,2919,2919,-403.87,-830.51,-1782.9,-Inf,-Inf,-Inf,-Inf,-Inf,-Inf
2920,2920,-404.41,-831.28,-1794.6,-Inf,-Inf,-Inf,-Inf,-Inf,-Inf,2920,2920,-404.02,-831.14,-1796.5,-Inf,-Inf,-Inf,-Inf,-Inf,-Inf,2920,2920,-410.1,-840.35,-1804.2,-Inf,-Inf,-Inf,-Inf,-Inf,-Inf
2921,2921,-409.56,-841.23,-1816.2,-Inf,-Inf,-Inf,-Inf,-Inf,-Inf,2921,2921,-410.24,-841.17,-1818.1,-Inf,-Inf,-Inf,-Inf,-Inf,-Inf,2921,2921,-413.49,-850.02,-1825.6,-Inf,-Inf,-Inf,-Inf,-Inf,-Inf
2922,2922,-415.37,-850.93,-1837.9,-Inf,-Inf,-Inf,-Inf,-Inf,-Inf,2922,2922,-414.83,-850.89,-1839.8,-Inf,-Inf,-Inf,-Inf,-Inf,-Inf,2922,2922,-420.62,-859.82,-1847.2,-Inf,-Inf,-Inf,-Inf,-Inf,-Inf
2923,2923,-419.07,-860.66,-1859.6,-Inf,-Inf,-Inf,-Inf,-Inf,-Inf,2923,2923,-419.55,-860.59,-1861.5,-Inf,-Inf,-Inf,-Inf,-Inf,-Inf,2923,2923,-423.62,-869.9,-1868.9,-Inf,-Inf,-Inf,-Inf,-Inf,-Inf
2924,2924,15.614,24.31,31.773,43.815,66.129,62.793,70.433,73.583,61.746,2924,2924,11.626,21.634,30.315,44.091,64.87,64.393,69.618,72.796,60.51,2924,2924,17.802,28.358,33.955,46.172,64.977,76.214,83.831,72.687,62.985
2925,2925,23.131,23.482,36.023,46.096,67.627,63.625,73.755,76.278,59.112,2925,2925,17.342,22.864,30.493,47.832,70.179,69.553,72.405,77.751,56.953,2925,2925,24.417,21.761,31.195,44.402,66.786,77.532,88.737,76.801,65.135
2926,2926,15.234,23.945,32.625,43.658,63.556,64.655,74.935,77.602,55.06,2926,2926,10.073,20.388,33.021,44.502,63.926,64.197,71.945,75.366,54.169,2926,2926,17.399,18.797,24.104,46.263,62.252,78.133,89.793,75.587,53.838
2927,2927,7.4423,21.315,30.405,43.798,66.545,66.092,75.341,76.317,54.676,2927,2927,15.617,21.975,26.621,41.902,63.64,64.623,74.789,72.706,50.555,2927,2927,14.421,19.051,28.477,45.516,64.537,77.15,90.873,76.323,54.596
2928,2928,7.3028,20.258,33.943,42.534,59.84,65.719,74.17,76.74,54.151,2928,2928,9.3828,20.474,28.272,44.373,63.066,63.074,71.036,71.375,50.141,2928,2928,10.463,20.85,31.085,41.917,59.892,75.915,88.309,75.334,52.583
2929,2929,14.041,28.457,30.33,36.513,49.245,51.517,48.37,44.699,30.539,2929,2929,7.4397,22.655,30.679,37.28,40.497,38.902,55.916,58.513,56.264,2929,2929,16.656,26.529,28.712,35.778,49.238,57.489,66.163,56.83,51.524
2930,2930,23.028,19.473,10.776,-17.274,-67.934,-164.19,-382.94,-626.95,-1436.6,2930,2930,18.29,13.861,9.1634,-19.222,-79.727,-176.75,-387.57,-614.92,-1402.4,2930,2930,23.917,19.673,7.6688,-16.409,-64.825,-167.11,-371.36,-612.41,-1406.9
2931,2931,14.658,8.522,-10.813,-72.038,-175.48,-379.18,-816.29,-1301.1,-2891.4,2931,2931,12.197,2.4393,-12.384,-73.158,-187.02,-391.61,-819.81,-1289,-2858.9,2931,2931,15.79,8.519,-13.886,-71.644,-172.25,-381.96,-804.75,-1286.4,-2863.9
2932,2932,11.388,-1.5723,-32.381,-125.19,-283.04,-594.18,-1250.5,-1975.2,-Inf,2932,2932,7.5537,-7.467,-33.812,-127.22,-294.35,-606.5,-1253.5,-1963.1,-Inf,2932,2932,11.844,-1.8257,-35.452,-124.14,-279.62,-596.83,-1236.8,-1960.5,-Inf
2933,2933,3.4893,-11.478,-54.094,-179.21,-390.62,-809.16,-1683.3,-2649.3,-Inf,2933,2933,0.71218,-17.404,-55.404,-180.37,-401.71,-821.41,-1687.6,-2637.2,-Inf,2933,2933,4.5448,-11.983,-57.177,-178.95,-386.94,-811.72,-1669.9,-2634.5,-Inf
2934,2934,14.391,25.346,31.195,47.807,63.062,61.365,69.406,70.384,58.222,2934,2934,9.0368,19.155,31.113,47.657,64.457,61.876,67.954,66.939,57.122,2934,2934,15.608,27.883,33.259,46.126,61.728,70.589,84.242,74.075,70.036
2935,2935,21.952,20.919,30.989,49.237,55.969,53.696,60.784,58.982,48.833,2935,2935,18.291,15.218,33.743,46.688,56.8,55.749,60.575,59.068,43.723,2935,2935,22.663,25.008,28.759,45.603,57.417,67.169,77.297,61.958,44.259
2936,2936,15.113,14.447,27.288,53.263,55.358,50.491,60.282,70.02,52.63,2936,2936,12.711,16.547,27.943,46.705,58.541,56.444,59.004,63.539,48.937,2936,2936,13.74,25.362,31.607,43.887,53.6,63.14,75.123,69.263,48.601
2937,2937,6.095,18.078,30.674,41.805,52.219,47.521,56.22,58.064,48.066,2937,2937,17.071,19.894,33.057,45.714,54.328,54.066,54.875,56.544,44.926,2937,2937,12.843,21.054,30.254,44.421,52.211,62.242,73.446,60.811,45.291
2938,2938,10.687,21.886,27.926,40.917,55.698,51.797,58.491,67.648,47.76,2938,2938,9.6148,15.234,25.037,45.432,58.026,54.632,58.033,66.553,48.287,2938,2938,3.7115,12.147,24.592,43.609,53.664,63.267,76.465,65.98,46.192
2939,2939,9.8137,21.08,29.757,51.488,54.485,52.791,61.014,63.745,46.891,2939,2939,9.0461,17.854,31.994,42.898,60.254,59.68,61.855,61.464,45.219,2939,2939,3.4412,12.922,28.174,42.926,55.463,62.858,75.805,62.046,43.646
2940,2940,11.263,23.335,29.165,47.835,57.467,54.746,59.846,60.854,45.161,2940,2940,13.586,16.482,31.266,41.877,59.207,58.311,61.602,61.852,45.999,2940,2940,1.8529,12.475,26.268,41.469,54.932,64.615,76.274,61.55,43.994
2941,2941,11.2,19.896,29.785,48.51,60.709,57.39,62.951,71.716,53.573,2941,2941,13.932,21.267,29.493,44.015,64.743,63.892,62.516,68.13,49.943,2941,2941,6.5912,19.344,32.948,44.384,58.697,68.544,78.015,66.005,47.229
2942,2942,7.3304,15.468,30.203,42.549,58.52,57.209,61.557,68.602,51.216,2942,2942,9.3202,19.139,32.718,40.889,63.854,63.812,61.272,66.184,47.542,2942,2942,2.7483,16.649,32.593,44.804,60.31,68.565,76.477,65.422,45.587
2943,2943,6.6627,15.967,30.29,40.551,64.559,60.559,62.373,71.47,53.87,2943,2943,14.246,22.127,31.38,43.342,61.314,62.221,61.017,70.176,51.856,2943,2943,3.9393,18.326,33.699,43.735,60.082,69.399,76.697,69.091,49.245
2944,2944,1.1005,16.412,32.378,43.499,58.445,56.665,66.115,78.133,59.079,2944,2944,15.64,24.582,32.857,47.966,59.847,60.197,60.082,67.501,49.973,2944,2944,2.3578,26.208,32.826,43.52,57.812,68.407,80.208,73.325,53.112
2945,2945,11.123,26.998,30.891,45.005,60.12,58.344,61.226,72.589,54.598,2945,2945,19.088,26.642,30.274,44.818,64.82,63.102,59.567,66.743,49.453,2945,2945,4.501,25.783,30.209,44.205,59.172,71.052,77.537,67.795,49.19
2946,2946,15.572,20.805,27.901,44.537,58.625,55.75,61.149,67.474,51.242,2946,2946,17.439,21.746,32.863,43.64,60.484,60.063,61.657,70.649,53.366,2946,2946,4.5695,19.732,29.32,41.41,55.442,68.535,79.98,69.121,48.479
2947,2947,14.877,17.677,25.724,44.66,57.637,56.959,61.097,64.316,46.502,2947,2947,20.255,26.789,32.918,41.886,59.021,59.31,59.753,64.087,45.883,2947,2947,2.5307,20.224,31.529,40.239,57.528,70.172,77.617,64.333,43.808
2948,2948,14.36,23.803,28.82,42.875,57.297,59.043,59.672,62.063,46.44,2948,2948,17.75,25.372,32.922,40.911,57.012,58.33,57.779,64.148,45.664,2948,2948,2.4952,19.841,29.634,41.448,57.932,70.257,75.262,61.012,42.995
2949,2949,15.33,22.166,28.115,39.555,57.575,55.016,58.035,59.48,47.553,2949,2949,19.163,26.956,26.798,39.256,58.097,58.272,56.371,60.594,47.399,2949,2949,0.85967,20.333,27.301,41.569,56.11,66.072,73.198,59.273,42.487
2950,2950,18.838,21.843,27.953,38.185,58.87,54.446,57.683,57.968,55.75,2950,2950,23.025,24.06,29.449,38.722,53.976,55.434,55.166,59.481,48.816,2950,2950,2.8579,15.097,29.82,39.354,56.432,65.116,71.472,58.9,50.705
2951,2951,8.5403,27.503,26.027,38.613,56.21,52.97,58.766,63.367,52.276,2951,2951,10.68,20.19,30.815,39.129,57.242,57.242,57.674,62.188,50.748,2951,2951,1.7794,13.279,25.231,39.083,54.92,67.601,72.962,60.855,47.637
2952,2952,11.861,21.587,23.59,42.173,56.022,53.26,60.055,57.35,49.877,2952,2952,10.494,25.022,26.038,41.929,53.518,53.534,57.962,57.413,48.2,2952,2952,1.0344,16.924,22.996,38.522,53.647,67.558,72.356,57.839,44.608
2953,2953,12.263,15.954,22.967,39.575,55.245,50.176,57.436,54.246,50.754,2953,2953,3.5316,26.616,22.711,41.371,55.33,55.551,54.28,55.865,44.553,2953,2953,0.37695,13.391,26.062,41.673,55.796,64.923,70.099,54.802,46.817
2954,2954,9.9105,22.591,25.721,35.634,50.326,48.446,54.876,53.65,48.865,2954,2954,12.917,18.69,25.822,39.413,54.466,52.949,52.072,55.111,44.405,2954,2954,1.2333,18.287,31.587,38.66,51.075,62.86,67.148,52.007,44.473
2955,2955,7.2144,21.771,29.016,42.305,50.375,46.003,52.324,52.808,48.636,2955,2955,9.4249,28.488,31.796,39.803,55.507,51.03,50.791,54.714,43.452,2955,2955,3.7605,15.009,29.106,37.383,52.677,61.695,64.571,53.131,45.129
2956,2956,15.701,21.522,17.071,38.982,52.647,48.07,49.42,52.503,45.742,2956,2956,17.048,25.477,33.881,38.25,52.712,51.874,49.589,54.772,41.528,2956,2956,3.5135,21.09,26.21,38.382,52.038,60.024,65.08,51.791,42.6
2957,2957,16.909,21.1,28.681,40.089,55.042,52.194,47.388,50.458,45.203,2957,2957,18.316,22.569,29.493,36.332,55.318,52.956,46.599,52.739,40.179,2957,2957,2.6066,20.941,24.749,40.49,53.841,60.701,60.432,47.901,42.648
2958,2958,8.5637,19.207,25.689,39.469,54.934,51.54,48.136,50.525,52.16,2958,2958,10.619,17.966,27.224,42.573,58.549,52.236,47.327,53.65,44.128,2958,2958,8.7788,16.488,29.661,41.709,56.847,59.983,60.574,48.707,49.611
2959,2959,10.244,24.191,30.382,41.702,51.689,48.122,48.672,53.634,48.061,2959,2959,16.762,25.277,28.193,42.463,55.275,51.421,49.649,57.951,42.498,2959,2959,5.3146,19.101,26.254,39.716,53.942,59.487,61.83,53.489,45.615
2960,2960,13.81,21.407,32.231,43.014,50.461,48.098,60.27,65.709,49.716,2960,2960,17.059,26.572,29.376,41.741,57.355,56.809,57.259,64.419,45.858,2960,2960,6.1312,16.691,29.645,40.826,54.122,63.189,76.348,65.66,47.822
2961,2961,12.037,22.212,28.376,40.823,51.777,47.4,50.15,55.306,58.394,2961,2961,18.452,21.81,25.786,41.484,54.71,52.821,47.993,59.824,47.937,2961,2961,6.343,20.393,33.706,36.994,52.192,58.661,62.217,53.813,56.343
2962,2962,9.1027,20.866,30.128,43.954,53.224,48.679,47.524,51.475,51.597,2962,2962,11.663,21.924,31.605,41.669,55.662,49.564,47.492,54.599,41.903,2962,2962,-4.3646,18.582,29.291,40.122,53.924,59.491,59.543,48.605,49.754
2963,2963,3.7152,20.457,30.214,41.337,53.785,49.767,52.793,61.469,47.712,2963,2963,10.661,21.136,27.539,42.407,55.362,51.652,51.051,58.806,42.145,2963,2963,0.47682,13.296,31.312,41.259,51.816,60.392,71.871,62.074,46.203
2964,2964,10.971,19.297,26.354,42.124,53.967,49.576,54.449,64.416,49.559,2964,2964,14.797,22.928,30.154,39.861,59.878,62.062,55.056,66.711,48.223,2964,2964,-1.1561,13.622,29.27,40.916,57.524,63.588,72.303,61.739,47.346
2965,2965,16.137,22.466,30.906,39.417,51.311,50.101,59.25,64.142,49.229,2965,2965,21.716,19.322,30.139,39.715,59.458,60.956,58.5,68.198,49.81,2965,2965,-2.3018,20.747,32.852,40.344,55.797,63.326,76.757,66.138,48.48
2966,2966,11.273,22.034,28.88,40.986,52.759,50.281,58.691,70.4,50.079,2966,2966,17.793,24.598,29.242,38.569,57.842,56.788,56.826,72.787,50.866,2966,2966,2.8137,20.644,27.382,39.927,54.906,62.96,74.922,67.805,45.94
2967,2967,17.997,27.552,28.065,40.48,49.008,46.839,51.376,56.538,44.359,2967,2967,23.792,26.399,31.443,42.662,53.081,52.943,47.278,59.224,41.701,2967,2967,-1.1451,16.607,30.468,37.525,51.164,58.39,66.079,57.637,44.012
2968,2968,16.726,18.964,28.411,39.863,52.421,49.386,52.252,61.927,45.007,2968,2968,18.389,15.408,30.271,40.573,52.329,47.632,48.095,58.539,42.688,2968,2968,-11.274,14.504,27.833,38.32,50.851,57.583,66.83,60.685,42.008
2969,2969,11.795,14.889,26.48,40.773,52.755,49.515,47.528,51.901,43.387,2969,2969,10.507,20.88,29.797,41.713,50.949,49.592,45.06,52.601,39.009,2969,2969,0.51602,23.833,33.671,37.577,52.279,57.729,58.821,48.387,42.117
2970,2970,10.703,19.069,27.554,38.082,47.778,43.776,46.394,50.846,43.533,2970,2970,9.3917,21.17,27.877,38.025,49.695,46.41,44.716,52.291,39.275,2970,2970,2.9174,19.838,31.516,39.596,48.26,56.032,62.117,50.897,39.82
2971,2971,10.55,23.344,28.618,35.596,48.462,44.562,49.894,54.569,44.893,2971,2971,12.784,22.522,26.124,41.587,49.583,46.774,46.785,55.436,39.751,2971,2971,6.5265,19.795,32.841,35.345,45.512,58.094,64.482,57.149,44.385
2972,2972,4.9893,19.14,27.142,37.918,46.698,41.777,48.908,57.455,47.435,2972,2972,7.2433,18.314,27.037,40.022,48.649,48.127,47.243,59.994,47.443,2972,2972,7.8195,21.252,31.747,37.69,46.988,58.121,62.771,57.273,45.076
2973,2973,14.55,21.195,30.17,39.135,46.884,42.2,49.27,60.865,43.186,2973,2973,14.324,25.361,29.239,40.299,45.15,43.545,45.275,56.132,40.688,2973,2973,3.3853,14.45,26.891,36.67,45.535,53.9,61.876,58.623,40.473
2974,2974,11.7,17.273,25.045,38.836,46.944,45.513,59.191,70.891,51.931,2974,2974,15.179,26.843,28.719,38.814,48.719,49.868,60.458,78.632,58.346,2974,2974,1.2859,12.72,23.128,36.761,48.448,62.521,75.132,71.223,50.213
2975,2975,10.955,19.253,26.583,39.153,46.034,41.012,49.713,58.694,42.048,2975,2975,13.571,19.366,27.388,38.47,47.278,45.998,47.886,62.462,43.938,2975,2975,6.3689,18.987,27.725,36.13,45.595,56.13,61.341,54.206,39.671
2976,2976,10.377,22.283,33.248,36.342,48.42,44.762,50.47,50.944,42.605,2976,2976,13.642,24.287,25.56,36.999,48.971,45.887,48.54,54.781,38.731,2976,2976,5.6293,20.656,29.977,34.848,43.824,57.217,63.189,50.931,38.303
2977,2977,8.8,22.358,28.96,37.136,49.048,44.12,50.803,48.055,40.603,2977,2977,7.9617,23.659,30.542,38.586,47.395,44.869,48.753,51.474,38.998,2977,2977,2.7763,16.196,29.563,32.211,46.412,57.448,61.459,48.336,37.831
2978,2978,8.8158,21.24,31.077,38.532,48.52,44.733,49.246,58.809,44.024,2978,2978,8.611,20.876,31.032,39.318,49.181,47.886,47.629,54.635,39.886,2978,2978,-3.0586,21.327,29.993,35.491,46.415,59.029,60.255,54.747,39.847
2979,2979,9.6778,20.665,26.616,37.544,48.678,43.41,48.542,51.226,39.703,2979,2979,15.714,17.487,31.926,37.186,48.068,48.394,47.763,53.566,37.906,2979,2979,3.4243,21.534,26.547,34.895,48.765,57.67,62.251,51.487,37.761
2980,2980,5.3188,22.606,27.009,36.38,49.53,45.598,51.769,63.605,45.517,2980,2980,7.4924,22.954,32.552,39.14,50.262,50.807,48.82,57.164,40.877,2980,2980,4.212,17.985,24.121,36.455,45.937,57.794,64.869,61.015,40.991
2981,2981,12.077,20.71,31.558,36.828,46.054,40.12,45.445,49.736,39.756,2981,2981,13.714,20.917,31.606,39.684,50.38,51.161,47.274,52.709,38.674,2981,2981,-0.070326,25.19,33.428,37.903,47.001,55.114,61.425,49.449,38.203
2982,2982,12.981,20.76,29.494,37.295,51.619,44.247,46.602,50.992,42.934,2982,2982,16.403,20.994,26.434,38.243,49.733,46.795,46.239,53.989,39.952,2982,2982,5.1767,20.894,28.899,36.645,48.851,55.383,60.554,48.994,38.905
2983,2983,9.2427,21.75,26.821,37.23,49.408,43.563,45.542,53.774,40.742,2983,2983,12.137,20.851,31.303,39.13,48.191,45.252,44.985,51.797,38.278,2983,2983,5.6264,23.832,34.609,38.453,46.968,53.946,60.261,52.245,38.273
2984,2984,2.981,16.845,25.531,37.817,48.044,43.345,45.66,49.093,42.746,2984,2984,-0.79243,16.194,30.581,39.552,50.15,46.955,45.972,52.402,38.016,2984,2984,-3.7652,22.274,31.453,34.434,47.713,55.944,59.847,48.286,37.774
2985,2985,-0.024024,21.178,27.304,40.672,49.435,43.534,46.45,52.219,40.876,2985,2985,9.6672,17.783,33.14,40.898,47.754,48.748,49.318,54.582,39.771,2985,2985,2.128,23.369,35.619,32.911,50.416,55.939,65.277,52.127,39.585
2986,2986,2.0323,20.028,30.7,37.579,50.356,46.67,51.36,56.843,46.17,2986,2986,9.4463,18.146,33.591,38.813,51.488,52.418,53.466,62.324,44.839,2986,2986,-1.7235,23.871,33.826,35.271,48.858,58.452,68.295,59.151,42.897
2987,2987,13.243,25.995,32.255,35.518,50.731,48.207,62.016,63.864,46.784,2987,2987,11.687,18.675,32.989,39.423,56.76,56.309,58.629,69.23,49.609,2987,2987,0.74571,19.309,30.237,37.287,54.15,64.453,77.728,64.179,45.793
2988,2988,9.6031,23.334,30.496,35.32,51.058,50.005,54.606,62.116,45.081,2988,2988,11.878,18.017,26.107,38.691,57.996,59.538,54.162,63.755,45.827,2988,2988,-1.3967,23.808,31.529,37.398,54.006,64.291,72.71,64.433,42.953
2989,2989,2.4422,19.814,29.642,37.591,48.056,46.789,64.002,70.032,50.268,2989,2989,10.918,23.359,23.991,37.976,54.07,57.726,63.913,73.918,54.202,2989,2989,0.73177,18.848,26.962,39.146,54.222,66.736,83.619,73.926,51.054
2990,2990,6.2691,25.65,30.064,43.905,51.045,49.805,57.265,66.81,44.46,2990,2990,7.7577,26.376,27.262,40.275,56.248,56.402,57.186,63.608,43.386,2990,2990,-4.2266,18.359,25.566,36.79,51.858,63.775,75.754,67.603,44.28
2991,2991,8.4916,17.531,32.13,45.52,52.322,50.183,54.007,60.576,44.014,2991,2991,3.4456,20.032,30.036,41.742,57.939,58.84,52.339,59.525,41.476,2991,2991,-0.51795,19.879,30.08,39.142,53.243,62.463,69.292,58.546,40.59
2992,2992,8.7933,22.944,32.453,47.211,55.023,52.122,52.578,58.706,40.86,2992,2992,8.8825,24.317,29.382,39.221,54.603,53.494,51.676,58.152,40.077,2992,2992,7.308,18.65,27.254,35.163,55.703,61.914,70.337,59.719,39.842
2993,2993,10.539,20.168,27.838,41.039,48.526,47.098,52.457,53.486,42.859,2993,2993,9.3305,23.972,33.148,41.027,56.992,56.535,50.744,56.587,39.534,2993,2993,4.1738,20.203,30.914,38.1,52.038,62.378,68.861,57.298,39.47
2994,2994,3.843,24.499,28.043,43.078,51.892,47.961,49.886,53.732,39.806,2994,2994,8.0904,27.231,32.888,38.574,53.748,52.424,50.799,54.991,38.805,2994,2994,-4.1195,18.876,31.589,37.544,51.996,61.42,68.289,57.449,39.614
2995,2995,-1.9904,19.922,24.554,39.541,49.376,44.443,45.791,49.978,42.622,2995,2995,6.5068,20.116,27.538,40.611,51.76,52.206,51.589,51.758,39.527,2995,2995,2.8373,18.434,30.87,38.551,49.874,61.243,68.446,50.518,38.908
2996,2996,8.2262,12.6,24.97,38.653,47.736,46.725,46.705,50.695,40.922,2996,2996,15.968,22.822,24.763,38.785,53.593,52.866,51.145,52.655,40.93,2996,2996,3.6592,18.932,32.3,37.447,50.423,59.732,68.945,51.671,39.678
2997,2997,9.3659,23.515,33.39,39.822,52.893,49.455,48.928,61.534,53.451,2997,2997,17.689,28.559,30.147,40.31,55.629,56.168,47.116,58.462,53.351,2997,2997,14.512,33.732,35.956,44.12,56.042,60.053,63.79,52.983,50.686
2998,2998,15.578,25.687,34.412,39.21,51.015,46.885,45.95,59.544,47.229,2998,2998,17.722,27.601,35.114,38.141,48.354,46.843,50.558,58.633,45.612,2998,2998,18.592,29.544,35.451,38.582,51.033,60.027,64.991,52.851,43.256
2999,2999,12.875,19.827,27.976,33.718,44.816,42.575,49.24,60.319,50.577,2999,2999,20.007,21.139,36.147,35.554,49.382,46.2,49.184,60.757,48.819,2999,2999,15.592,29.972,37.33,33.924,45.499,59.772,60.285,56.553,47.268
3000,3000,14.263,24.692,28.985,37.177,46.474,43.719,46.312,49.541,39.476,3000,3000,14.706,20.963,31.06,36.002,46.854,45.781,45.199,52.282,37.782,3000,3000,15.783,17.936,26.083,34.355,46.589,55.086,56.726,47.174,37.205
3001,3001,14.126,14.753,30.481,36.997,48.31,41.866,44.087,47.128,42.311,3001,3001,18.575,17.114,27.793,37.875,52.546,47.232,45.379,49.639,38.348,3001,3001,6.5071,19.382,30.068,33.165,54.505,59.047,57.645,44.102,38.195
3002,3002,11.499,20.935,29.005,33.692,53.873,48.853,46.736,50.386,39.426,3002,3002,13.808,23.174,30.386,36.699,52.207,48.281,46.019,54.704,40.019,3002,3002,-0.97672,18.599,31.643,35.482,51.075,58.474,56.39,45.386,37.93
3003,3003,15.307,23.732,28.116,36.573,45.565,40.866,47.586,50.755,41.766,3003,3003,15.546,19.629,30.247,35.726,49.463,48.321,45.389,52.888,38.464,3003,3003,4.9134,24.384,32.807,35.616,45.728,54.833,59.647,50.136,38.513
3004,3004,1.5113,19.851,21.58,35.132,44.956,41.825,45.997,49.607,40.791,3004,3004,13.325,21.803,26.645,35.968,45.924,45.63,44.77,51.242,37.819,3004,3004,3.4705,22.938,31.844,32.566,45.781,57.708,62.442,48.32,37.465
3005,3005,4.7281,13.799,27.845,38.933,49.465,43.899,44.264,48.043,39.646,3005,3005,11.143,23.83,31.482,35.561,44.844,42.009,44.924,50.928,37.624,3005,3005,-2.8848,24.536,34.185,36.101,45.682,58.067,61.671,45.015,37.501
3006,3006,14.184,23.318,30.715,37.367,48.326,43.189,46.041,51.352,41.832,3006,3006,19.121,20.495,28.898,39.785,46.881,47.238,45.689,51.548,37.505,3006,3006,-2.4303,18.541,29.369,36.549,46.122,56.782,60.64,52.3,37.859
3007,3007,13.759,23.442,27.109,38.217,47.374,43.365,47.181,49.574,39.365,3007,3007,20.129,19.603,27.809,37.686,51.735,49.66,44.368,51.351,37.259,3007,3007,0.71166,25.327,28.842,37.305,48.559,57.241,60.286,46.077,37.542
3008,3008,9.0787,20.081,27.852,38.869,48.1,44.811,45.828,48.991,42.326,3008,3008,13.51,24.604,26.476,38.61,51.73,50.887,45.725,51.531,37.522,3008,3008,-1.0005,19.097,30.331,34.97,46.284,56.377,57.983,45.905,37.941
3009,3009,13.751,16.555,28.381,38.491,50.312,44.191,46.943,49.469,39.071,3009,3009,13.12,24.385,24.509,41.085,50.26,49.095,45.79,50.866,37.743,3009,3009,-5.4074,20.404,29.067,36.157,47.441,59.15,57.44,45.597,37.481
3010,3010,0.4336,21.241,28.652,35.683,48.124,42.522,45.4,57.199,47.507,3010,3010,5.8998,22.831,27.93,38.659,50.059,47.886,46.584,56.564,44.655,3010,3010,-1.4358,23.908,30.97,34.916,47.484,57.742,59.757,51.7,41.216
3011,3011,4.1562,22.668,31.27,42.518,53.5,49.595,49.988,64.685,49.201,3011,3011,13.667,22.749,30.831,38.143,48.426,48.694,49.866,67.503,51.303,3011,3011,-2.3409,22.31,32.397,40.065,49.375,58.987,61.635,57.684,43.761
3012,3012,14.611,22.842,28.433,49.636,50.091,40.796,45.435,51.71,43.104,3012,3012,21.304,19.837,30.304,41.592,51.262,48.623,45.605,52.628,37.73,3012,3012,10.176,18.824,33.768,44.534,50,55.487,58.784,51.288,38.427
3013,3013,13.896,20.064,30.107,50.272,49.048,40.317,47.969,48.444,40.342,3013,3013,19.973,26.032,25.964,39.247,48.776,46.798,45.462,51.196,38.115,3013,3013,6.461,22.843,30.582,41.739,46.997,55.718,59.573,47.502,37.583
3014,3014,9.1759,24.125,27.515,43.878,47.592,43.461,45.236,52.705,43.216,3014,3014,14.763,25.214,31.116,37.697,49.981,50.894,44.41,53.219,39.156,3014,3014,-9.2523,15.624,27.118,39.914,46.872,56.413,57.271,50.049,38.807
3015,3015,10.108,21.436,29.013,39.086,47.139,44.188,48.227,54.222,40.786,3015,3015,19.384,19.057,32.623,43.698,49.957,47.005,45.782,54.294,40.745,3015,3015,2.4277,16.865,32.526,35.27,45.803,54.504,60.601,52.222,38.887
3016,3016,12.579,20.757,30.374,36.836,44.075,42.088,49.939,62.33,48.083,3016,3016,18.294,23.127,30.572,42.519,48.831,50.222,47.909,59.788,45.931,3016,3016,2.0003,23.67,32.752,35.628,47.698,58.119,66.056,56.945,41.835
3017,3017,7.2043,15.395,27.005,36.667,50.438,47.216,49.502,58.968,43.301,3017,3017,9.8702,18.117,31.43,40.785,52.449,52.884,48.498,55.386,42.794,3017,3017,3.8268,22.562,29.343,37.47,48.706,58.981,65.274,58.602,41.199
3018,3018,11.956,19.996,30.14,41.617,47.065,44.822,53.921,66.982,49.825,3018,3018,13.71,23.711,30.327,38.35,48.721,47.495,52.157,60.884,49.055,3018,3018,5.429,15.34,30.066,37.399,46.242,57.787,69.223,63.671,46.881
3019,3019,5.7303,21.966,30.191,39.178,52.915,50.077,56.309,70.6,52.076,3019,3019,10.989,24.553,34.164,38.656,53.125,55.149,52.502,61.829,45.001,3019,3019,1.9474,24.666,29.831,38.414,50.927,60.748,71.896,64.937,45.397
3020,3020,11.633,17.799,24.464,40.314,52.546,47.653,57.071,72.738,54.544,3020,3020,10.687,22.602,33.77,38.407,54.307,53.912,51.506,65.41,47.192,3020,3020,4.562,25.054,35.668,39.776,52.695,59.614,71.033,66.983,47.823
3021,3021,11.544,22.596,31.797,41.85,51.77,48.756,52.311,68.476,51.173,3021,3021,17.152,19.288,34.96,40.033,54.734,54.628,47.87,59.751,45.534,3021,3021,0.70496,21.928,33.921,44.862,52.102,58.556,67.523,62.624,45.694
3022,3022,8.2826,27.897,29.95,43.855,51.191,45.582,51.402,65.124,47.996,3022,3022,15.1,21.013,34.51,42.809,54.03,52.811,49.003,62.77,45.36,3022,3022,4.5329,27.522,34.247,46.315,52.488,58.847,65.817,61.49,43.012
3023,3023,7.5388,23.578,32.221,41.325,50.187,45.888,48.483,58.261,42.035,3023,3023,14.021,22.133,30.17,42.422,51.37,48.992,46.976,60.264,43.344,3023,3023,8.3479,23.565,33.005,38.392,49.259,58.689,62.452,55.229,39.645
3024,3024,7.5622,18.514,29.649,39.74,46.861,43.283,46.915,51.6,42.6,3024,3024,17.673,21.909,27.596,36.52,52.18,52.966,47.087,53.277,38.277,3024,3024,9.3388,24.921,32.743,38.723,49.561,59.314,59.718,50.851,38.184
3025,3025,10.552,20.831,29.188,37.678,53.802,50.219,47.494,51.149,40.091,3025,3025,10.906,21.094,30.375,41.846,52.399,52.572,47.624,54.281,38.871,3025,3025,-1.2896,19.583,32.27,38.289,48.721,60.601,60.917,51.923,37.856
3026,3026,12.448,23.188,33.232,38.263,52.432,50.03,46.231,50.429,42.476,3026,3026,8.0923,24.63,32.113,39.644,54.557,56.779,47.086,53.353,38.087,3026,3026,3.5325,17.861,30.514,39.183,49.957,61.799,60.21,51.546,38.188
3027,3027,4.901,22.326,30.049,39.459,53.673,49.657,45.686,53.72,40.075,3027,3027,18.61,16.744,31.447,37.932,49.97,50.829,46.873,57.574,40.494,3027,3027,-2.4898,19.321,31.07,37.898,49.419,60.084,61.395,52.185,38.711
3028,3028,12.941,18.216,26.527,36.362,53.392,47.586,47.221,51.751,43.333,3028,3028,19.965,21.375,30.028,36.557,53.825,53.595,46.366,52.841,39.128,3028,3028,-7.297,19.581,30.33,36.637,48.953,59.904,59.358,52.332,38.249
3029,3029,15.185,19.386,27.36,35.322,53.616,48.484,47.849,53.065,39.716,3029,3029,21.237,18.873,25.999,38.769,54.342,55.154,46.783,52.274,38.09,3029,3029,-5.0907,24.123,31.409,34.765,49.285,59.474,60.72,51.13,38.632
3030,3030,13.776,15.776,29.93,39.13,48.843,46.627,47.676,51.713,43.449,3030,3030,19.611,20.842,23.772,41.822,53.418,52.353,46.404,52.758,38.299,3030,3030,4.4976,18.903,28.592,35.854,48.863,56.847,60.022,50.71,38.41
3031,3031,10.854,23.222,29.187,41.587,48.399,46.447,48.41,52.531,41.143,3031,3031,10.264,18.652,29.333,38.069,52.113,53.131,48.258,53.725,38.516,3031,3031,-1.0026,19.048,30.138,34.408,47.45,57.178,60.337,52.389,38.17
3032,3032,8.7915,19.889,29.636,39.481,48.895,45.958,47.508,50.817,43.101,3032,3032,13.559,18.395,25.044,37.342,48.767,50.88,47.208,52.08,38.582,3032,3032,-3.6064,20.064,31.716,38.029,49.028,58.43,61.334,51.302,38.478
3033,3033,0.46056,21.852,30.057,37.071,50.226,47.096,48.636,51.376,39.11,3033,3033,13.964,22.134,30.907,44.825,53.162,53.714,48.655,53.98,37.917,3033,3033,0.2181,21.401,30.569,39.754,50.432,58.315,60.638,50.815,37.611
3034,3034,2.5515,23.2,28.569,37.825,52.47,49.223,50.992,51.233,42.774,3034,3034,22.226,27.593,26.647,41.942,54.061,55.297,50.29,53.354,38.657,3034,3034,4.899,20.759,32.865,41.218,52.866,59.422,63.004,51.7,38.42
3035,3035,12.18,20.956,28.711,40.19,51.286,50.62,56.22,53.969,39.816,3035,3035,22.123,22.674,24.615,42.943,57.063,57.26,56.351,54.258,38.197,3035,3035,7.4463,19.292,29.361,39.472,52.014,62.356,71.122,57.2,39.562
3036,3036,8.951,19.635,27.082,41.799,58.586,58.441,58.793,53.766,42.811,3036,3036,17.258,16.812,30.642,46.47,62.451,65.439,59.658,54.743,39.173,3036,3036,-1.879,20.74,30.447,38.555,59.45,68.262,74.077,59.147,40.634
3037,3037,13.604,17.3,29.807,45.247,58.537,58.995,62.376,56.112,41.05,3037,3037,18.883,20.219,26.58,49.154,63.672,65.65,63.098,54.844,39.087,3037,3037,-2.579,19.375,27.79,41.763,58.017,68.996,76.493,60.725,41.458
3038,3038,9.2317,18.864,25.581,49.842,59.243,60.1,63.274,58.398,43.983,3038,3038,18.856,28.811,27.734,41.981,59.591,64.123,64.013,55.785,40.556,3038,3038,6.7524,20.583,28.705,42.702,60.81,70.024,76.537,61.012,41.642
3039,3039,19.059,20.847,28.022,52.371,60.517,60.613,63.012,58.274,42.105,3039,3039,27.001,28.76,30.005,45.121,64.396,66.939,61.947,56.006,40.383,3039,3039,13.034,18.945,27.482,43.724,61.092,70.449,75.722,60.651,41.591
3040,3040,15.388,20.708,30.505,54.005,60.02,56.616,59.703,61.554,45.101,3040,3040,25.758,25.974,33.211,47.941,63.095,64.302,60.611,57.165,41.105,3040,3040,9.0463,21.787,31.748,43.783,61.082,69.574,72.737,59.936,41.925
3041,3041,9.6544,21.829,31.313,47.804,57.706,55.267,56.471,58.532,41.937,3041,3041,19.102,15.083,25.892,45.414,61.11,62.276,57.138,55.428,40.497,3041,3041,-0.064906,21.127,33.092,40.646,60.351,66.126,70.898,56.819,40.516
3042,3042,8.2927,24.76,35.479,47.448,56.444,53.545,61.533,62.699,45.196,3042,3042,16.223,20.568,31.688,48.067,60.268,59.864,63.237,61.003,42.109,3042,3042,1.7847,17.573,30.707,41.51,60.736,64.514,75.843,63.157,42.719
3043,3043,9.8512,23.465,30.572,45.21,57.085,56.78,67.734,67.948,47.266,3043,3043,11.574,24.199,25.329,44.208,61.231,61.54,68.887,62.539,44.356,3043,3043,-2.3406,16.912,26.637,43.37,60.403,71.795,81.527,69.84,47.251
3044,3044,4.2828,24.307,32.059,45.894,63.476,62.255,70.025,70.065,49.404,3044,3044,10.651,14.322,29.431,46.175,67.263,62.769,70.48,63.92,45.821,3044,3044,1.3856,16.947,31.732,47.584,64.623,70.308,82.525,70.251,48.303
3045,3045,7.854,23.165,23.405,46.86,66.665,65.381,72.692,67.48,48.178,3045,3045,8.4793,23.396,27.504,40.31,65.11,63.894,71.78,65.713,45.828,3045,3045,5.8058,20.219,25.71,43.112,63.571,73.306,86.377,72.419,50.356
3046,3046,17.345,22.285,31.018,43.689,68.322,68.081,75.554,71.56,50.271,3046,3046,14.457,22.214,24.407,44.336,66.371,64.565,73.012,66.125,45.68,3046,3046,2.0386,17.002,20.208,44.236,65.177,77.396,89.963,75.426,53.295
3047,3047,7.4428,24.031,28.745,41.205,67.055,66.603,79.729,73.815,51.384,3047,3047,17.098,20.873,27.776,43.5,65.042,67.281,76.378,69.895,49.012,3047,3047,0.4181,15.904,28.017,45.055,62.531,80.692,95.32,81.493,59.125
3048,3048,-2.1994,18.235,28.874,42.658,65.663,69.457,79.522,73.768,52.761,3048,3048,18.246,18.524,31.814,43.681,63.21,67.6,78.051,69.822,49.908,3048,3048,8.1562,16.449,29.985,42.577,63.093,83.807,95.187,81.137,58.681
3049,3049,11.564,21.7,28.31,42.325,62.101,67.542,77.513,73.532,51.2,3049,3049,13.356,19.416,29.212,44.198,62.254,68.305,75.604,67.914,47.94,3049,3049,8.0191,15.305,28.8,41.655,61.1,81.817,93.711,79.756,57.42
3050,3050,14.389,19.87,33.793,41.354,57.633,69.299,75.158,71.901,50.565,3050,3050,18.222,20.696,29.628,36.841,57.408,65.568,73.159,65.88,46.445,3050,3050,2.3952,26.458,34.738,40.721,60.257,82.749,90.472,74.674,52.861
3051,3051,10.65,22.05,32.972,42.841,59.633,65.602,73.24,70.24,49.238,3051,3051,16.539,25.762,31.034,39.725,59.22,65.076,69.951,64.329,44.349,3051,3051,8.7874,29.351,31.677,40.536,59.7,80.726,86.786,72.086,49.597
3052,3052,12.837,13.897,29.873,43.919,59.999,63.138,68.281,67.611,46.992,3052,3052,17.28,27.127,25.85,40.276,63.597,66.315,66.547,63.301,43.509,3052,3052,12.923,16.001,30.721,41.257,59.623,78.12,82.637,68.965,46.673
3053,3053,0.051043,23.894,33.258,45.527,57.745,64.536,68.842,66.781,47.57,3053,3053,8.4717,23.779,28.479,40.548,61.452,63.613,64.303,65.457,46.607,3053,3053,7.4853,17.426,25.085,38.499,58.071,77.879,83.791,70.777,48.708
3054,3054,13.601,27.979,29.094,39.905,58.67,59.009,64.995,63.141,44.335,3054,3054,14.854,27.724,29.451,38.781,57.271,60.662,61.022,60.927,42.146,3054,3054,9.0799,21.358,30.082,38.419,56.387,75.895,80.33,67.264,45.821
3055,3055,15.037,24.836,29.909,44.287,55.255,58.055,63.631,61.813,44.934,3055,3055,17.027,24.792,27.086,42.302,60.971,63.945,60.832,59.047,40.21,3055,3055,-3.5201,23.69,32.023,39.135,62.121,78.774,80.221,65.366,44.172
3056,3056,10.866,26.116,32.793,43.324,56.823,55.006,57.684,61.593,42.903,3056,3056,8.6402,23.41,28.595,43.482,59.159,61.038,55.567,58.14,40.61,3056,3056,-0.80583,27.515,31.012,39.189,59.51,73.772,73.189,61.131,41.077
3057,3057,12.749,20.342,29.19,40.29,55.032,53.546,55.587,56.523,43.153,3057,3057,13.539,20.495,30.286,43.025,58.243,60.591,53.881,54.263,38.862,3057,3057,3.5281,25.388,25.955,39.741,56.331,68.697,70.95,56.793,39.617
3058,3058,11.123,18.898,29.131,43.065,55.599,49.788,50.817,56.771,41.215,3058,3058,15.715,17.747,31.97,42.434,56.967,58.661,49.627,54.417,38.297,3058,3058,5.5293,22.954,30.427,37.377,54.611,64.671,63.595,53.831,38.203
3059,3059,7.9674,23.829,32.507,43.661,53.065,46.918,53.528,54.465,43.491,3059,3059,16.429,18.293,32.361,39.797,54.276,52.624,51.742,56.318,40.188,3059,3059,7.0497,25.64,31.85,39.315,52.395,61.14,66.177,52.927,38.954
3060,3060,7.5867,23.087,29.089,43.184,52.742,52.844,54.01,51.351,39.855,3060,3060,16.996,22.858,31.586,41.772,52.371,54.439,53.999,52.23,37.244,3060,3060,4.2389,23.502,27.809,38.573,53.686,71.333,71.214,51.172,38.344
3061,3061,18.61,27.219,32.313,46.344,55.787,52.202,50.593,49.642,43.643,3061,3061,23.661,27.876,27.74,45.503,56.197,57.59,47.677,51.205,38.154,3061,3061,-0.65112,15.128,33.225,41.689,51.897,62.588,61.008,46.232,37.965
3062,3062,21.559,19.321,31.4,44.411,51.994,47.673,45.123,49.816,40.496,3062,3062,23.463,26.334,30.756,42.987,50.756,47.785,44.946,51.396,38.419,3062,3062,6.5074,19.702,30.446,36.762,46.095,55.658,58.628,47.176,38.196
3063,3063,18.644,25.192,28.367,43.453,49.992,44.649,46.06,48.804,43.227,3063,3063,21.611,28.996,29.561,42.519,49.073,45.83,45.677,51.17,37.426,3063,3063,6.2714,16.709,34.228,34.416,44.187,55.904,56.469,45.393,37.802
3064,3064,20.429,24.858,21.871,40.4,47.166,39.17,44.711,48.48,39.35,3064,3064,24.902,25.63,24.045,39.329,48.057,43.658,42.523,50.03,37.121,3064,3064,11.099,19.398,27.253,33.001,44.407,54.979,55.418,44.064,37.117
3065,3065,12.661,17.494,29.508,42.149,48.678,40.69,46.348,47.484,42.838,3065,3065,18.829,24.01,29.193,38.137,47.537,44.463,46.087,49.442,37.401,3065,3065,2.1905,22.738,32.608,35.436,46.178,55.339,57.651,44.374,37.773
3066,3066,16.911,17.958,28.704,40.797,46.785,43.41,45.632,48.641,38.879,3066,3066,21.496,24.001,29.519,40.731,46.949,43.093,44.668,49.792,37.214,3066,3066,6.896,21.763,29.293,33.91,42.928,56.238,56.353,45.062,36.787
3067,3067,15.175,19.161,26.29,39.421,43.126,39.688,42.755,48.159,42.834,3067,3067,17.421,19.917,33.041,37.298,47.987,44.665,43.778,49.571,37.003,3067,3067,0.9048,23.147,28.636,36.217,44.644,54.518,55.138,43.966,38.324
3068,3068,9.1893,21.169,27.035,38.302,43.647,40.398,44.672,48.072,40.75,3068,3068,11.877,19.041,26.75,41.164,47.81,43.687,43.234,51.24,38.113,3068,3068,-1.8299,19.88,27.091,35.194,44.146,56.718,56.266,44.012,37.659
3069,3069,15.606,18.904,30.43,39.21,47.405,43.4,44.065,49.225,43.323,3069,3069,15.656,25.571,28.236,40.637,47.96,47.078,43.288,49.826,37.873,3069,3069,2.4892,20.87,30.495,35.202,46.03,56.484,55.982,44.486,37.997
3070,3070,16.353,23.663,27.255,35.834,46.561,43.144,45.232,47.385,39.371,3070,3070,16.427,22.247,30.869,36.643,47.955,47.599,44.444,50.665,37.579,3070,3070,-1.5175,21.978,30.031,35.187,45.047,56.617,57.492,44.126,38.135
3071,3071,9.5136,16.096,29.633,39.369,44.923,42.167,45.847,47.437,42.941,3071,3071,16.139,22.414,31.648,38.858,46.844,46.456,42.753,48.737,38.227,3071,3071,2.2011,16.792,24.298,35.96,45.636,57.979,56.527,44.241,38.184
3072,3072,11.913,21.714,27.058,42.051,47.222,40.558,45.167,48.171,39.199,3072,3072,18.699,23.298,29.863,36.071,49.433,43.504,43.107,50.52,37.284,3072,3072,-2.8872,16.588,27.033,36.43,50.661,57.409,55.021,43.611,37.907
3073,3073,11.694,22.563,24.499,39.97,45.231,39.896,46.199,47.796,42.83,3073,3073,17.872,22.589,33.009,38.084,48.882,47.938,43.802,48.729,38.167,3073,3073,-3.1586,22.055,32.616,35.657,46.833,59.1,58.036,45.562,38.499
3074,3074,7.4364,23.41,26.246,37.397,51.272,45.208,44.624,49.21,40.714,3074,3074,10.743,22.705,25.315,36.697,50.576,48.273,43.656,50.183,37.635,3074,3074,-6.594,19.656,30.992,35.725,48.332,57.382,56.267,44.507,38.141
3075,3075,13.512,18.402,27.051,37.926,51.914,48.919,49.163,48.391,42.818,3075,3075,15.986,25.589,28.427,37.061,53.356,51.923,47.84,49.81,37.707,3075,3075,0.19609,16.001,29.435,36.154,50.19,56.691,59.793,45.251,39.426
3076,3076,11.6,22.392,23.161,39.784,54.563,51.222,52.669,49.194,40.849,3076,3076,16.663,19.642,28.927,45.54,56.237,55.061,52.874,50.807,37.72,3076,3076,3.5032,15.798,28.48,40.626,57.391,68.116,66.68,47.813,38.18
3077,3077,16.595,21.901,28.855,39,56.686,49.361,54.607,52.348,42.797,3077,3077,20.372,24.117,29.803,39.484,56.661,55.759,54.888,51.948,37.691,3077,3077,-2.802,15.402,24.302,39.051,55.216,66.351,68.008,50.84,38.819
3078,3078,16.059,24.32,33.167,41.844,58.514,47.847,48.759,51.922,40.389,3078,3078,20.317,24.321,25.328,46.968,60.638,52.624,46.24,51.068,38.228,3078,3078,-2.6436,19.744,31.21,39.029,56.374,60.285,62.126,50.993,38.698
3079,3079,12.794,21.515,29.319,41.597,58.271,51.247,50.195,49.794,42.641,3079,3079,13.985,25.325,24.208,45.423,61.407,57.203,50.145,51.562,38.218,3079,3079,-0.24076,20.325,30.121,41.185,57.594,62.279,63.679,52.186,38.917
3080,3080,5.0615,22.851,27.267,43.061,59.431,54.843,51.926,51.82,40.012,3080,3080,13.438,23.199,29.999,43.998,56.632,55.271,50.732,51.776,38.202,3080,3080,-3.4057,14.325,33.342,40.008,58.136,62.432,65.422,54.648,39.076
3081,3081,7.9838,19.319,30.615,42.399,62.147,60.039,58.308,56.333,43.694,3081,3081,15.241,25.988,32.919,45.328,63.902,59.547,55.768,54.935,39.47,3081,3081,-3.4503,21.866,33.037,42.661,63.452,67.842,70.164,57.277,40.649
3082,3082,-1.7529,19.385,32.691,53.205,66.009,63.476,61.589,56.636,42.872,3082,3082,22.975,25.587,31.862,50.018,71.515,71.263,57.824,55.568,39.974,3082,3082,5.7159,17.364,28.417,42.959,65.393,72.177,71.35,57.292,41.341
3083,3083,4.5153,18.068,32.912,50.791,68.523,66.159,65.299,57.119,44.728,3083,3083,19.994,21.234,32.027,52.883,74.888,71.853,61.49,56.622,41.342,3083,3083,6.1917,19.472,29.029,48.91,71.589,73.436,74.336,58.603,41.93
3084,3084,12.003,26.029,35.63,53.047,69.888,68.432,66.699,60.703,46.402,3084,3084,15.542,28.068,33.453,55.563,74.199,74.782,63.595,60.26,44.049,3084,3084,0.77817,20.101,30.014,46.862,67.033,74.781,74.977,63.203,44.709
3085,3085,11.078,17.514,34.739,62.064,68.986,66.994,65.113,60.098,46.238,3085,3085,13.159,15.449,32.618,62.069,72.721,72.823,62.487,58.608,42.865,3085,3085,3.2596,18.398,24.759,50.304,68.959,75.332,76.259,63.006,44.067
3086,3086,3.7695,22.755,35.336,53.702,68.064,66.722,65.915,55.285,43.546,3086,3086,14.375,18.715,32.551,60.141,75.875,76.281,62.636,55.245,40.344,3086,3086,8.4147,24.985,31.83,49.679,68.236,74.346,75.524,59.159,42.459
3087,3087,2.1601,23.014,36.462,54.112,65.688,65.91,63.16,55.828,45.095,3087,3087,12.278,19.02,31.504,56.91,72.648,71.977,62.415,56.598,42.765,3087,3087,1.7111,19.539,29.45,49.24,67.113,72.278,74.08,59.001,42.092
3088,3088,10.928,22.839,30.633,59.148,69.914,65.549,60.453,57.543,42.467,3088,3088,10.187,17.074,29.386,60.462,68.588,69.145,58.461,55.695,39.341,3088,3088,-3.7463,20.308,26.585,47.457,64.756,69.571,70.381,55.896,39.984
3089,3089,18.426,25.044,31.742,54.688,65.076,63.773,58.47,53.677,41.11,3089,3089,12.724,21.415,30.311,53.744,69.826,70.382,58.752,53.6,39.287,3089,3089,-3.8357,16.415,29.572,46.559,64.55,70.321,71.49,56.993,40.341
3090,3090,12.476,26.982,34.511,50.269,67.524,64.904,59.911,53.844,42.832,3090,3090,5.3276,23.15,32.802,53.587,68.939,67.972,57.147,54.489,39.819,3090,3090,-7.3639,22.047,33.489,45.771,63.402,71.529,72.498,57.64,40.262
3091,3091,8.4646,22.354,33.2,52.144,67.595,64.043,59.953,53.692,41.584,3091,3091,9.9647,22.508,32.606,51.308,68.237,69.375,57.731,53.109,38.945,3091,3091,-4.3382,16.415,31.547,49.18,62.266,72.918,70.704,54.341,39.62
3092,3092,9.5032,26.199,27.602,51.227,71.509,68.001,62.959,57.223,44.612,3092,3092,8.4495,22.321,32.263,49.201,69.251,69.293,61.24,58.409,42.388,3092,3092,-5.2323,14.44,31.462,47.647,62.489,74.881,73.836,58.116,42.259
3093,3093,11.821,25.322,30.185,57.201,69.905,65.252,64.558,62.47,47.497,3093,3093,14.582,22.389,36.859,56.708,68.778,67.303,65.663,65.054,50.215,3093,3093,-4.4611,17.06,32.198,50.138,64.385,73.215,77.858,65.578,46.965
3094,3094,11.977,19.267,30.415,55.916,65.201,60.672,63.806,63.225,47.014,3094,3094,19.264,20.535,34.675,53.771,67.655,67.732,63.981,64.035,44.996,3094,3094,4.2389,17.094,28.842,48.263,62.054,72.339,75.422,65.453,45.062
3095,3095,13.431,20.797,30.1,50.059,66.234,62.699,63.469,65.568,47.405,3095,3095,23.277,26.678,33.546,47.992,67.898,68.85,61.572,62.799,43.774,3095,3095,0.62696,19.058,34.373,45.138,66.229,71.759,75.179,64.297,45.311
3096,3096,6.2589,20.119,33.857,49.233,64.492,60.51,65.489,65.427,48.576,3096,3096,19.172,18.578,33.032,48.363,67.234,67.088,66.04,66.085,46.473,3096,3096,1.0815,18.478,37.46,46.483,64.988,73.65,77.733,65.79,46.747
3097,3097,8.7421,23.412,34.831,44.714,66.882,63.546,68.579,72.816,51.114,3097,3097,13.8,22.595,33.1,47.388,68.882,69.734,68.068,69.708,48.229,3097,3097,1.4973,16.338,31.436,45.16,65.37,74.068,83.614,70.519,48.999
3098,3098,13.085,26.488,30.532,44.892,67.208,63.494,71.442,74.817,53.551,3098,3098,16.379,20.113,28.739,45.729,67.154,67.836,70.038,72.228,50.601,3098,3098,-1.954,15.881,28.479,44.838,65.805,76.866,86.38,73.149,51.618
3099,3099,2.3684,16.712,27.141,42.759,67.713,66.242,74.429,77.003,55.466,3099,3099,8.8671,14.466,25.013,47.229,67.396,67.915,71.933,73.627,52.128,3099,3099,-10.819,13.995,29.805,44.875,65.567,78.938,88.504,75.601,53.616
3100,3100,5.5335,21.433,28.458,43.922,68.269,68.309,74.836,78.796,56.944,3100,3100,14.873,21.356,30.73,41.298,62.581,63.209,71.044,74.076,54.729,3100,3100,-2.7567,21.297,31.312,46.862,65,77.185,89.396,77.282,54.988
3101,3101,13.757,21.271,27.502,40.364,69.11,67.285,72.525,75.044,53.381,3101,3101,21.856,23.078,28.595,44.186,60.419,63.274,68.731,71.799,51.578,3101,3101,2.847,17.981,30.596,43.647,62.683,74.62,85.636,76.628,53.423
3102,3102,19.25,23.734,29.552,43.242,60.274,58.673,67.866,70.607,49.856,3102,3102,24.199,27.074,26.336,45.86,63.3,63.212,64.999,68.924,50.12,3102,3102,2.8902,19.483,29.984,43.689,60.046,69.33,81.606,72.495,49.642
3103,3103,11.94,22.844,30.3,41.784,64.83,61.286,67.571,67.289,47.326,3103,3103,21.392,20.422,34.09,47.487,62.644,61.272,64.87,69.654,49.603,3103,3103,8.3879,20.751,29.451,47.824,60.078,67.459,82.341,72.075,49.316
3104,3104,8.087,20.63,30.855,44.586,65.3,62.577,65.412,70.234,51.258,3104,3104,16.453,17.339,29.906,49.771,66.538,65.076,66.185,73.96,54.305,3104,3104,0.21967,19.949,32.89,51.099,65.46,70.694,80.933,73.402,50.005
3105,3105,7.2793,22.243,31.701,45.378,66.69,62.992,64.304,70.972,49.417,3105,3105,11.212,18.001,28.304,47.861,63.226,60.836,64.106,73.07,51.79,3105,3105,1.1707,21.515,30.531,50.484,64.033,70.25,77.632,70.188,47.269
3106,3106,2.4696,17.278,27.881,43.788,57.655,54.145,59.703,65.922,47.452,3106,3106,8.1511,24.216,32.762,44.4,61.34,61.78,59.606,71.186,51.003,3106,3106,2.8553,18.739,28.675,43.974,58.687,68.069,74.208,66.416,44.595
3107,3107,6.2057,23.415,33.4,46.011,57.326,54.336,54.447,55.901,41.547,3107,3107,16.507,25.453,28.366,45.096,60.349,62,53.403,54.901,39.143,3107,3107,-3.283,18.506,27.728,42.748,56.187,63.427,68.498,56.076,39.651
3108,3108,3.91,21.914,31.355,44.174,54.983,51.342,53.121,55.504,43.507,3108,3108,10.829,20,27.817,47.052,60.603,55.694,52.559,55.52,39.52,3108,3108,3.8963,16.423,28.747,41.619,55.313,62.506,65.834,54.032,39.604
3109,3109,6.9938,23.162,31.653,41.182,53.873,47.036,55.359,51.8,40.876,3109,3109,10.722,22.701,33.823,45.972,61.628,55.514,56.026,53.112,39.271,3109,3109,3.8592,15.604,30.804,43.478,58.053,61.655,69.56,57.95,40.362
3110,3110,14.177,23.553,32.067,45.489,58.169,51.998,59.869,58.204,44.837,3110,3110,4.5805,18.214,34.219,45.593,61.889,61.978,59.137,61.349,43.341,3110,3110,2.1082,15.916,31.566,41.065,58.321,63.831,74.389,61.442,42.097
3111,3111,10.126,17.26,26.912,44.708,61.682,56.424,63.115,67.719,48.119,3111,3111,9.7885,16.637,33.043,40.679,60.423,60.012,61.958,70.283,51.098,3111,3111,-1.6582,18.325,30.452,44.216,58.154,69.408,78.581,67.638,45.91
3112,3112,6.2615,25.806,30.164,46.781,65.668,59.55,61.824,63.608,46.996,3112,3112,3.6715,24.646,30.19,45.145,64.17,63.726,61.112,66.67,47.317,3112,3112,2.6046,7.561,28.574,42.899,62.166,67.692,76.269,66.542,44.412
3113,3113,6.207,23.58,34.077,43.886,63.184,59.212,58.946,60.65,44.089,3113,3113,-2.9546,20.73,30.584,47.913,63.277,63.737,59.702,58.957,41.651,3113,3113,8.2631,13.543,27.381,42.216,61.286,65.535,73.546,61.613,41.453
3114,3114,4.5456,24.67,35.046,47.392,67.933,63.765,58.89,61.477,46.326,3114,3114,14.315,23.294,31.511,47.109,64.227,65.046,57.369,66.104,46.488,3114,3114,5.2078,20.637,30.357,44.418,65.71,70.725,73.074,64.431,43.634
3115,3115,13.881,22.374,29.629,43.772,63.035,58.117,56.488,60.158,45.807,3115,3115,23.432,24.203,31.707,47.969,61.149,62.071,57.577,63.899,45.293,3115,3115,8.5729,19.619,28.28,41.009,61.564,67.657,70.913,61.492,44.197
3116,3116,7.8647,13.353,29.677,43.052,56.417,54.972,55.481,60.261,46.628,3116,3116,17.976,25.581,29.675,44.165,64.186,65.224,57.089,63.106,45.465,3116,3116,3.6064,14.824,27.73,43.238,55.421,65.242,70.276,62.512,44.63
3117,3117,9.6124,22.548,35.123,45.746,55.918,52.851,56.216,60.747,44.245,3117,3117,16.891,19.473,25.821,45.924,58.579,59.667,55.442,59.807,42.248,3117,3117,0.92333,17.278,27.067,39.135,55.492,65.783,71.493,62.001,42.37
3118,3118,12.833,23.191,32.802,45.054,56.704,52.336,55.886,57.219,43.188,3118,3118,17.955,20.876,33.269,39.142,54.559,56.888,54.04,56.084,39.127,3118,3118,1.696,23.888,28.837,41.138,53.57,63.843,69.972,60.108,39.997
3119,3119,9.1982,21.813,27.007,42.198,58.488,55.147,56.664,60.291,41.677,3119,3119,10.138,24.739,30.613,42.271,58.223,58.19,54.223,57.961,39.463,3119,3119,4.3609,22.691,30.351,38.083,57.497,67.676,70.755,59.631,40.154
3120,3120,5.479,23.788,27.902,39.245,56.443,53.095,54.425,56.117,42.735,3120,3120,13.889,25.187,29.386,43.364,57.68,55.311,53.404,55.04,38.808,3120,3120,5.0639,19.237,31.044,42.548,58.789,65.257,69.763,58.726,39.67
3121,3121,7.7805,22.588,32.293,42.535,55.142,51.235,52.452,55.284,39.824,3121,3121,20.617,29.805,31.745,38.614,55.389,53.484,51.427,52.721,37.435,3121,3121,6.7324,19.857,31.341,40.124,56.338,64.001,67.008,55.071,37.994
3122,3122,-2.739,18.605,32.049,40.108,52.705,48.467,51.13,59.618,44.64,3122,3122,18.416,21.385,28.21,39.506,55.943,55.966,49.527,60.395,42.745,3122,3122,1.0385,23.548,31.044,39.405,56.222,60.122,63.532,57.397,40.072
3123,3123,6.1269,16.749,28.845,39.329,49.987,46.616,47.877,53.284,40.232,3123,3123,8.771,21.058,27.217,39.533,53.979,50.475,46.018,53.189,38.463,3123,3123,2.3561,16.579,29.832,40.757,51.308,59.189,60.408,50.261,38.394
3124,3124,9.7754,19.761,29.48,44.857,56.819,51.817,49.222,48.961,42.554,3124,3124,14.629,21.785,31.074,44.419,61.22,55.679,48.678,50.027,37.798,3124,3124,3.3079,16.63,31.899,43.708,55.209,57.816,62.218,49.363,38.163
3125,3125,4.7715,17.825,31.471,39.458,56.867,50.479,46.338,49.303,38.904,3125,3125,22.317,22.784,25.795,43.762,62.012,56.973,47.05,51.644,37.294,3125,3125,9.9437,16.821,29.938,37.687,56.138,58.51,61.128,50.208,37.296
3126,3126,4.5064,14.642,28.477,42.68,55.366,50.71,47.769,53.31,42.474,3126,3126,17.947,23.805,28.308,40.911,57.086,55.601,45.079,53.901,38.455,3126,3126,1.4174,14.214,29.633,40.56,54.008,58.213,60.708,50.416,37.495
3127,3127,8.6293,20.274,28.681,41.212,50.293,45.928,46.685,50.819,39.12,3127,3127,12.146,19.429,31.866,41.593,52.058,53.025,45.941,52.07,37.808,3127,3127,-0.82177,13.848,30.227,38.29,49.584,55.839,58.306,48.544,37.539
3128,3128,3.5262,22.461,34.434,40.41,48.053,44.483,44.237,48.505,42.259,3128,3128,18.436,21.541,31.155,43.65,49.65,51.713,44.687,51.554,37.32,3128,3128,0.55474,13.578,28.502,39.009,47.612,57.793,57.672,47.874,38.207
3129,3129,7.9802,19.271,27.305,39.694,48.742,46.058,45.027,49.103,39.281,3129,3129,18.806,21.205,29.396,41.79,48.414,45.874,44.95,52.783,37.488,3129,3129,8.0682,13.748,30.276,36.026,47.08,55.749,56.294,49.387,37.2
3130,3130,6.287,20.134,32.941,39.824,49.033,45.925,47.721,49.931,42.325,3130,3130,9.1585,25.69,32.984,43.23,48.674,49.791,45.405,50.932,37.503,3130,3130,4.7543,19.595,30.785,34.141,46.508,55.838,59.235,50.244,37.347
3131,3131,5.7708,24.013,32.256,39.175,48.638,44.352,46.219,54.16,41.424,3131,3131,18.141,20.983,30.049,41.107,51.023,49.866,46.221,55.002,40.804,3131,3131,-0.80916,20.579,34.231,38.298,43.963,56.771,60.843,53.278,38.703
3132,3132,13.469,24.986,30.7,40.862,46.129,41.731,44.491,49.379,40.227,3132,3132,16.898,22.001,28.209,42.599,50.831,47.926,44.041,50.953,38.383,3132,3132,1.002,19.588,32.774,37.689,48.802,55.745,57.414,50.288,38.072
3133,3133,8.1433,23.021,28.026,37.746,46.139,43.425,48.247,50.148,42.355,3133,3133,14.516,20.635,29.329,43.426,51.914,52.028,46.292,53.267,40.543,3133,3133,6.8369,21.458,30.247,38.472,48.774,58.582,61.02,52.25,38.157
3134,3134,15.881,25.75,25.116,42.104,48.798,45.802,46.463,48.911,39.083,3134,3134,18.727,22.83,29.235,40.608,53.066,54.245,45.64,51.646,37.03,3134,3134,6.1868,23.35,25.039,36.474,49.985,59.136,59.402,52.454,37.385
3135,3135,15.337,26.838,28.159,40.523,47.362,44.28,47.097,48.938,42.808,3135,3135,14.487,17.377,32.847,39.672,49.279,49.901,45.472,51.19,38.146,3135,3135,0.43686,18.634,26.907,37.47,46.181,57.772,59.104,51.275,37.716
3136,3136,10.661,23.859,29.775,40.081,45.817,42.747,47.685,48.233,40.145,3136,3136,18.939,17.457,34.424,40.973,47.299,47.874,45.02,49.474,37.111,3136,3136,-4.0748,23.016,30.708,35.142,47.438,55.94,56.521,49.026,37.019
3137,3137,16.241,20.698,27.47,43.03,46.857,43.404,43.846,51.457,42.463,3137,3137,20.262,18.938,29.189,38.419,48.039,48.865,43.988,52.164,38.071,3137,3137,1.8276,13.005,29.312,36.286,46.913,55.555,57.542,50.947,37.486
3138,3138,9.9429,16.582,31.67,39.876,46.211,42.585,46.441,48.784,39.031,3138,3138,12.042,19.426,29.552,36.529,47.544,45.057,45.957,50.64,37.63,3138,3138,1.9798,19.827,30.415,35.952,46.38,55.7,58.118,51.359,37.199
3139,3139,13.302,16.383,27.848,39.768,41.865,38.817,43.53,48.997,42.433,3139,3139,14.2,18.694,26.348,37.175,45.619,46.201,45.19,51.447,37.879,3139,3139,0.82889,20.434,31.257,34.708,45.509,56.189,56.895,52.436,37.362
3140,3140,5.6353,19.252,27.466,42.272,47.465,42.75,44.797,49.37,39.377,3140,3140,13.669,18.429,30.181,38.803,46.953,45.741,45.336,52.301,36.881,3140,3140,2.0013,15.705,29.694,39.659,47.15,55.828,57.441,54.651,37.517
3141,3141,4.723,20.95,32.8,40.01,44.401,40.535,47.326,50.199,42.5,3141,3141,16.364,22.669,26.424,40.087,46.942,45.165,46.552,52.868,37.647,3141,3141,3.8232,18.874,26.39,40.132,48.612,54.67,57.544,56.216,38.184
3142,3142,6.8034,21.146,32.094,37.693,47.654,43.858,46.114,48.708,38.91,3142,3142,13.28,22.727,29.183,38.952,44.517,43.776,45.305,51.639,37.303,3142,3142,0.55028,19.01,23.823,38.799,48.1,56.207,57.769,53.131,38.129
3143,3143,11.282,22.934,27.232,40.898,47.627,42.209,42.826,49.522,42.721,3143,3143,12.571,12.927,29.943,37.818,45.852,44.266,42.254,50.536,37.379,3143,3143,6.1885,13.302,28.396,37.722,46.469,54.908,57.012,48.811,37.463
3144,3144,9.1504,21.691,26.864,40.453,46.902,40.803,46.915,49.386,40.156,3144,3144,5.4336,15.639,30.614,41.603,48.625,48.021,44.645,50.221,37.395,3144,3144,3.7536,17.291,30.248,39.184,48.802,57.699,58.126,51.699,38.28
3145,3145,9.9568,21.415,26.851,40.508,46.219,39.576,45.186,49.237,42.496,3145,3145,6.0276,19.803,28.442,41.896,47.237,46.755,44.773,49.642,37.335,3145,3145,7.0651,15.626,28.41,36.196,46.05,55.396,57.898,52.381,38.1
3146,3146,3.8427,18.92,29.305,43.13,47.416,40.999,45.895,48.131,38.851,3146,3146,3.8675,26.938,29.519,44.714,47.521,47.707,45.144,50.094,37.082,3146,3146,8.6842,10.468,27.049,43.53,47.828,56.79,59.47,52.07,37.81
3147,3147,13.142,20.533,31.304,43.214,49.213,43.832,46.354,48.516,42.447,3147,3147,15.922,26.919,31.007,42.808,48.395,44.827,45.516,49.304,37.297,3147,3147,2.6587,19.657,29.102,36.467,45.337,56.197,58.698,49.482,38.146
3148,3148,15.068,20.555,29.741,41.747,47.407,44.546,43.9,48.676,39.479,3148,3148,19.11,24.111,25.272,43.773,46.111,45.679,44.852,50.34,37.333,3148,3148,3.3675,15.39,29.258,38.266,48.019,55.939,58.112,51.531,37.8
3149,3149,12.491,20.232,27.982,43.466,49.229,44.976,46.629,49.769,43.14,3149,3149,18.689,23.891,28.297,41.845,47.405,48.991,44.968,52.393,38.018,3149,3149,2.5982,20.574,29.539,37.565,47.115,56.4,58.901,51.664,38.255
3150,3150,7.0671,22.053,28.233,45.558,48.184,44.146,46.509,50.817,40.412,3150,3150,11.658,20.704,34.134,45.977,51.179,52.159,45.309,52.202,37.174,3150,3150,4.3034,17.794,32.904,41.48,48.829,55.798,58.341,51.719,38.022
3151,3151,3.2853,23.828,32.439,48.834,48.774,41.319,46.149,50.03,42.989,3151,3151,9.4267,22.516,36.64,42.3,51.091,49.273,45.205,51.516,37.854,3151,3151,3.0482,17.565,33.517,40.775,47.016,55.971,58.854,49.935,37.682
3152,3152,9.6897,25.795,24.885,48.068,48.927,46.111,46.53,49.793,40.206,3152,3152,13.374,19.752,28.58,43.348,49.17,50.657,46.839,52.443,38.032,3152,3152,1.3098,18.479,30.452,42.743,50.801,56.753,59.49,50.567,37.933
3153,3153,1.478,21.357,34.114,43.107,54.454,49.69,45.902,48.59,42.739,3153,3153,6.4065,20.607,34.243,44.322,53.067,55.047,46.076,50.126,37.421,3153,3153,1.5684,17.995,31.276,39.8,51.951,57.361,59.678,50.904,37.734
3154,3154,11.95,18.825,36.181,42.303,52.112,48.763,50.623,51.598,39.988,3154,3154,16.262,24.287,32.42,41.73,55.024,57.839,49.444,53.806,38.557,3154,3154,-0.44013,22.612,31.054,42.271,53.039,60.308,63.389,52.04,37.971
3155,3155,13.643,19.944,30.088,44.578,55.664,49.983,48.074,49.453,42.757,3155,3155,20.018,25.513,29.932,44.837,58.035,58.346,48.604,52.267,38.736,3155,3155,2.8832,24.235,33.179,42.892,51.927,57.387,61.11,51.622,38.836
3156,3156,10.276,20.12,30,42.427,56.766,51.065,50.176,51.416,40.304,3156,3156,17.97,17.885,31.363,44.86,56.999,57.847,49.377,53.536,37.608,3156,3156,-0.61216,17.124,32.974,41.374,54.28,59.259,61.557,50.979,38.113
3157,3157,9.5647,20.557,26.206,41.711,52.531,48.179,51.756,56.194,44.917,3157,3157,15.229,21.58,32.657,44.764,54.534,54.603,50.231,57.277,42.183,3157,3157,-4.4492,14.8,33.568,43.389,54.716,58.829,65.326,58.202,40.28
3158,3158,11.338,19.099,30.115,41.867,54.062,53.886,53.493,53.375,41.676,3158,3158,14.02,25.218,31.386,48.729,59.865,59.128,55.472,53.27,38.745,3158,3158,-0.067431,20.718,34.897,43.689,56.7,63.346,64.757,54.53,38.845
3159,3159,13.988,24.627,24.403,40.434,56.299,55.082,50.175,50.897,43.306,3159,3159,19.129,26.127,35.638,48.023,64.856,64.689,49.576,52.102,39.59,3159,3159,-3.4828,19.023,32.602,45.264,61.436,62.244,61.898,51.688,39.317
3160,3160,17.008,21.1,32.234,44.609,53.907,55.4,51.893,50.777,39.872,3160,3160,20.958,26.836,31.458,50.19,61.715,62.068,53.516,52.406,38.213,3160,3160,5.1331,22.229,33.336,45.93,59.855,64.272,63.521,51.876,38.116
3161,3161,14.284,25.046,30.418,46.697,66.356,63.429,57.118,51.231,42.88,3161,3161,21.165,25.609,32.439,49.213,66.228,69.019,55.704,53.925,38.462,3161,3161,5.8816,23.21,33.965,44.774,54.927,66.217,68.238,53.255,39.047
3162,3162,13.135,21.187,34.784,52.246,65.321,63.962,55.209,50.902,40.022,3162,3162,19.194,25.537,35.555,57.237,69.741,72.229,55.587,51.357,38.296,3162,3162,-0.90651,16.371,31.229,49.957,64.913,69.905,66.534,52.857,38.931
3163,3163,11.487,25.373,36.495,50.192,69.273,66.855,60.69,52.761,43.284,3163,3163,17.719,17.831,36.084,56.135,70.167,70.462,57.599,53.32,38.642,3163,3163,3.4743,17.952,32.382,48.056,63.167,73.585,72.87,56.336,40.604
3164,3164,13.991,27.039,33.012,56.172,64.382,62.816,62.115,55.007,42.3,3164,3164,23.268,20.179,32.011,54.34,68.344,70.791,59.506,54.942,39.196,3164,3164,8.2575,17.77,28.225,51.417,65.487,75.466,72.637,57.602,40.087
3165,3165,7.6817,22.857,32.966,59.027,73.268,69.893,63.603,55.83,44.913,3165,3165,15.205,24.965,35.379,54.199,69.872,69.635,63.734,57.058,41.039,3165,3165,2.5979,15.878,32.881,50.825,64.658,76.09,76.276,62.907,43.734
3166,3166,12.252,15.952,32.322,59.204,65.34,62.642,65.435,60.901,45.904,3166,3166,15.919,16.852,35.685,58.931,68.662,66.259,65.74,59.567,42.363,3166,3166,-1.419,20.121,32.481,52.192,62.88,73.893,76.974,65.74,45.006
3167,3167,12.919,26.035,35.671,57.719,65.829,61.316,63.787,63.185,47.236,3167,3167,18.337,25.765,33.89,57.077,67.339,67.738,62.739,61.47,42.265,3167,3167,4.4395,19.296,30.588,49.752,62.092,70.848,76.176,65.209,45.197
3168,3168,16.42,28.085,29.784,50.308,61.891,59.096,63.412,65.609,47.142,3168,3168,18.719,22.587,31.845,48.888,68.906,70.161,60.822,64.042,44.538,3168,3168,4.1013,21.44,32.932,45.607,63.288,69.561,74.095,64.967,44.748
3169,3169,16.591,22.454,35.231,47.209,65.349,61.057,66.451,68.839,49.044,3169,3169,25.269,23.439,34.083,46.575,69.726,70.312,66.074,64.734,44.124,3169,3169,9.6851,30.95,35.895,48.517,67.395,74.852,79.874,68.425,47.258
3170,3170,17.703,26.732,33.04,46.808,65.702,63.02,70.951,72.571,50.692,3170,3170,22.186,25.2,30.621,44.532,71.961,72.127,70.654,69.722,47.389,3170,3170,35.54,43.316,36.039,46.774,66.877,77.534,85.658,72.008,49.747
3171,3171,5.5351,25.365,26.15,46.654,68.023,65.188,73.337,74.991,52.677,3171,3171,20.004,24.481,30.07,47.723,67.532,69.649,72.527,70.576,49.208,3171,3171,39.622,35.789,32.713,45.383,67.246,77.173,87.909,74.569,51.988
3172,3172,9.2191,22.397,33.849,43.263,65.775,64.887,74.725,77.601,54.441,3172,3172,24.427,23.827,29.368,46.69,64.761,67.881,71.852,72.063,50.331,3172,3172,31.687,29.232,28.621,45.188,63.947,78.524,88.622,76.457,53.262
3173,3173,11.558,19.001,30.252,44.867,65.805,66.466,74.931,76.392,53.369,3173,3173,20.564,24.588,30.528,43.674,66.34,68.679,71.968,71.509,49.927,3173,3173,25.533,15.784,34.738,44.336,63.186,76.1,88.367,76.378,53.525
3174,3174,13.83,24.205,32.003,46.822,63.658,63.597,72.588,72.78,50.139,3174,3174,20.301,16.992,32.229,44.449,69.038,71.959,70.273,68.696,47.73,3174,3174,21.428,20.419,35.727,45.263,66.197,76.153,87.047,76.29,52.283
3175,3175,11.818,20.413,32.759,50.015,65.273,64.441,70.443,70.055,47.581,3175,3175,17.238,20.655,30.527,46.056,67.428,68.257,69.486,64.739,44.065,3175,3175,15.532,17.82,36.093,45.966,63.475,73.779,85.391,73.808,50.52
3176,3176,17.143,21.5,30.832,44.077,60.736,61.789,67.929,65.657,44.966,3176,3176,21.62,25.721,31.175,44.078,63.042,64.668,65.696,59.045,41.743,3176,3176,11.006,19.49,35.677,43.268,64.445,72.401,81.47,70.987,47.513
3177,3177,16.772,21.862,32.43,46.382,61.61,60.888,64.809,60.983,43.561,3177,3177,19.967,16.21,31.737,46.643,66.605,66.224,65.002,57.008,41.169,3177,3177,6.2411,23.802,33.897,48.978,66.072,71.54,79.707,65.913,45.02
3178,3178,7.4009,21.126,34.086,50.086,61.514,59.918,64.511,58.003,43.903,3178,3178,13.124,21.072,34.282,47.18,64.493,64.883,64.076,55.101,39.791,3178,3178,-5.044,22.152,29.961,48.273,60.333,70.276,78.859,64.737,43.844
3179,3179,8.3734,24.144,32.852,45.997,61.649,60.649,63.016,58.357,41.911,3179,3179,16.215,19.827,33.633,45.42,63.106,61.549,61.732,55.54,39.894,3179,3179,-6.3009,18.567,29.746,46.296,63.265,70.867,77.003,63.561,43.044
3180,3180,9.8582,25.827,32.212,49.392,58.216,57.262,64.695,61.006,44.815,3180,3180,13.698,23.45,30.88,47.624,60.482,61.465,65.714,56.766,40.788,3180,3180,-7.8285,21.003,31.093,42.645,58.585,67.664,79.403,65.473,44.43
3181,3181,10.937,23.142,30.433,48.526,57.385,59.269,68.714,60.936,42.436,3181,3181,14.912,18.791,31.924,38.879,57.924,61.776,68.739,58.651,41.486,3181,3181,4.0085,20.428,31.706,40.524,59.819,71.718,83.303,67.837,46.413
3182,3182,9.4821,25.802,36.124,46.297,58.16,59.804,69.287,61.793,45.107,3182,3182,11.861,24.776,30.526,48.183,57.972,61.424,71.571,59.376,42.4,3182,3182,4.7295,22.888,33.197,43.233,58.965,71.415,84.017,69.8,47.451
3183,3183,10.65,24.723,36.442,47.144,63.358,64.192,72.166,63.807,44.645,3183,3183,12.204,19.884,30.589,48.022,62.112,66.397,74.477,61.048,43.154,3183,3183,1.5526,25.441,30.079,43.488,60.275,72.812,86.738,71.835,49.677
3184,3184,13.448,30.445,36.267,49.33,61.236,62.292,73.417,64.822,46.234,3184,3184,17.089,22.742,33.796,42.449,62.667,65.678,74.881,60.502,42.631,3184,3184,3.7507,22.256,31.652,45.401,63.043,74.922,86.514,71.673,49.27
3185,3185,13.93,26.751,29.003,45.349,68.935,67.77,75.043,65.523,46.859,3185,3185,20.437,22.246,29.165,45.215,67.843,68.367,73.368,63.662,44.716,3185,3185,-6.0378,26.775,29.08,45.867,67.81,78.879,87.586,73.635,51.162
3186,3186,16.9,27.715,31.819,47.494,63.091,65.391,77.194,69.461,48.322,3186,3186,17.065,19.473,28.9,45.41,66.086,68.389,76.396,64.901,45.495,3186,3186,-1.3179,24.6,32.803,43.738,64.868,81.267,93.817,79.319,56.895
3187,3187,9.9737,21.882,35.939,50.696,68.796,69.413,78.337,69.899,48.057,3187,3187,14.908,20.453,31.938,43.419,67.217,70.064,76.515,66.068,47.052,3187,3187,3.7721,24.418,37.062,40.156,64.233,80.421,93.89,78.958,56.882
3188,3188,2.2649,21.489,32.003,45.516,63.716,66.804,78.841,72.109,50.611,3188,3188,17.618,21.818,34.64,40.832,64.451,67.424,76.101,66.453,46.68,3188,3188,-0.068533,25.981,32.499,39.847,63.851,83.179,95.188,80.239,58.054
3189,3189,7.7875,19.995,31.511,44.639,65.422,66.765,78.527,71.1,49.86,3189,3189,16.089,14.279,33.113,47.858,68.692,71.01,74.637,65.985,46.209,3189,3189,-1.048,29.267,34.539,42.629,64.248,80.787,93.861,80.546,58.032
3190,3190,7.1423,18.823,30.88,42.281,62.754,66.623,73.216,68.742,48.637,3190,3190,9.1807,22.452,28.263,43.453,66.344,68.117,71.115,62.861,44.287,3190,3190,-8.1422,24.167,31.431,45.234,60.738,80.142,87.902,73.746,50.96
3191,3191,14.721,24.192,30.134,41.668,61.058,67.144,73.484,70.125,48.541,3191,3191,15.404,18.428,27.559,43.307,65.234,69.04,69.271,64.672,44.636,3191,3191,-0.96132,17.196,28.796,41.665,59.8,80.337,86.034,74.059,50.279
3192,3192,13.72,26.126,34.513,42.996,62.076,65.671,68.692,65.933,47.789,3192,3192,17.108,23.048,33.583,44.793,59.211,64.351,65.153,61.494,43.565,3192,3192,3.9956,18.163,31.781,43.333,60.938,78.86,82.828,69.272,46.787
3193,3193,6.0908,26.218,32.343,43.833,57.496,63.891,68.872,68.335,48.236,3193,3193,10.296,20.092,31.707,45.996,60.144,65.014,63.829,63.669,44.045,3193,3193,0.47026,22.225,34.569,40.034,58.608,78.73,83.248,71.062,48.617
3194,3194,3.5914,23.308,32.057,41.333,57.81,63.871,64.481,61.607,45.467,3194,3194,15.9,24.938,31.524,44.985,64.539,66.809,60.076,57.952,40.78,3194,3194,1.3747,20.235,33.059,40.562,58.201,80.832,80,64.715,43.83
3195,3195,6.2022,26.467,31.985,45.477,61.638,61.913,66.397,62.42,44.682,3195,3195,16.635,18.642,29.723,44.886,67.249,68.588,61.973,60.536,40.483,3195,3195,1.534,20.876,33.601,44.722,62.324,79.074,82.368,67.513,46.357
3196,3196,14.967,27.99,35.312,54.93,56.37,52.468,55.935,56.962,43.992,3196,3196,11.167,26.636,34.756,48.833,59.158,59.552,55.431,56.15,40.058,3196,3196,4.5924,15.966,35.708,52.011,55.796,70.102,72.308,59.621,40.953
3197,3197,9.3735,18.454,35.804,53.259,55.675,54.489,52.572,55.461,42.195,3197,3197,16.919,23.808,37.769,45.061,63.478,66.659,53.187,52.802,38.54,3197,3197,8.4859,22.538,34.807,51.802,57.801,67.802,66.115,55.258,39.803
3198,3198,14.817,17.899,35.122,48.846,56.278,50.512,50.412,54.513,43.853,3198,3198,12.924,19.739,33.134,46.312,60.016,60.958,50.851,52.416,39.076,3198,3198,6.5765,15.9,33.206,47.097,58.486,63.326,65.555,54.538,39.722
3199,3199,13.708,22.01,31.425,43.42,54.665,50.98,56.016,53.266,41.796,3199,3199,17.154,21.073,32.658,44.404,55.197,53.811,58.263,53.422,38.504,3199,3199,37.156,46.052,41.774,42.432,53.429,61.882,70.973,55.198,39.891
3200,3200,8.3326,19.966,29.418,47.482,56.654,55.682,55.825,51.249,43.421,3200,3200,11.537,21.394,29.506,46.317,61.109,63.672,55.043,51.371,38.496,3200,3200,42.943,39.218,28.44,43.19,56.601,69.882,70.009,51.616,38.971
3201,3201,12.314,24.717,31.493,46.459,54.724,52.457,50.94,51.097,41.454,3201,3201,18.794,23.685,36.623,45.124,60.094,60.647,49.923,52.297,38.675,3201,3201,34.739,28.975,37.647,41.375,55.25,60.486,62.362,48.788,38.465
3202,3202,8.5927,18.969,32.438,47.971,56.288,55.641,51.788,52.196,43.755,3202,3202,17.48,25.828,28.039,47.325,62.876,63.144,51.318,52.269,38.608,3202,3202,31.653,23.568,36.582,45.782,59.253,62.868,63.155,52.464,39.363
3203,3203,7.5901,18.879,32.101,45.59,54.272,53.452,52.782,56.095,42.115,3203,3203,16.963,20.377,30.155,47.943,60.305,59.943,51.949,58.239,41.472,3203,3203,23.056,16.736,31.896,48.209,56.821,62.87,64.776,54.69,40.584
3204,3204,4.4569,23.822,36.003,47.001,64.784,62.866,55.471,53.42,43.724,3204,3204,17.425,20.511,33,48.372,61.525,61.805,54.841,55.561,40.627,3204,3204,20.815,21.14,38.084,43.718,58.291,64.525,69.383,54.203,40.93
3205,3205,0.16049,11.324,32.793,51.505,69.084,65.497,58.56,52.364,41.892,3205,3205,9.6736,16.754,29.455,51.833,65.6,64.831,55.333,51.879,39.019,3205,3205,15.122,22.439,27.058,44.563,61.379,69.714,67.726,51.992,39.765
3206,3206,9.8045,23.561,33.135,49.939,65.162,63.438,59.221,56.041,44.825,3206,3206,14.87,15.555,32.939,54.608,68.203,68.036,57.654,55.416,41.149,3206,3206,10.323,23.613,30.889,47.32,63.388,72.598,71.53,56.452,42.341
3207,3207,12.589,27.824,34.546,52.526,62.188,62.37,57.996,54.54,42.563,3207,3207,15.376,23.487,35.769,54.592,66.509,67.807,58.594,54.403,39.441,3207,3207,2.2974,25.588,40.119,48.208,62.173,72.555,70.492,55.053,41.004
3208,3208,6.2109,22.854,32.806,52.202,68.217,65.976,60.23,54.166,43.976,3208,3208,14.335,23.302,36.852,54.606,71.919,72.879,59.22,54.506,39.389,3208,3208,2.2253,21.356,36.54,47.322,64.103,72.982,71.947,55.155,40.286
3209,3209,9.2219,25.752,30.836,55.201,70.12,66.696,64.598,56.384,43.477,3209,3209,13.484,20.25,39.857,52.958,68.317,70.422,61.995,57.676,41.617,3209,3209,5.3347,20.676,34.007,48.574,64.271,71.192,74.729,57.745,41.602
3210,3210,6.8683,18.553,27.584,48.916,62.76,62.598,65.569,59.037,45.789,3210,3210,11.747,23.126,34.21,53.121,65.23,66.418,67.414,58.42,42.092,3210,3210,2.9646,29.889,38.833,46.818,64.344,71.475,78.915,64.064,44.365
3211,3211,11.791,20.787,28.886,53.63,61.47,61.489,64.514,58.861,44.875,3211,3211,21.934,23.581,33.47,49.808,63.195,63.556,64.451,57.859,42.759,3211,3211,8.0064,23.453,37.027,48.912,61.023,72.811,77.079,61.873,43.45
3212,3212,13.038,19.444,29.121,45.735,60.304,59.55,64.436,59.523,45.496,3212,3212,21.288,20.049,29.616,48.174,66.375,67.302,64.705,58.973,42.439,3212,3212,1.8188,19.435,38.055,48.059,60.697,69.264,79.914,67.84,46.174
3213,3213,10.518,24.976,29.369,47.604,60.51,59.371,65.731,60.068,44.107,3213,3213,17.042,25.234,28.442,50.886,65.02,67.768,66.639,60.283,41.929,3213,3213,7.4767,17.157,34.354,44.345,59.7,72.222,79.482,67.431,45.737
3214,3214,8.6991,25.572,30.642,46.191,63.145,61.311,67.46,63.754,46.63,3214,3214,20.57,21.797,33.05,46.955,65.471,66.723,68.282,60.966,43.76,3214,3214,-0.13576,23.077,36.454,46.48,61.88,75.039,83.672,70.358,48.382
3215,3215,6.0094,21.555,28.156,47.244,64.655,62.309,71.951,68.126,47.765,3215,3215,18.081,22.74,30.688,53.039,68.479,68.53,70.943,65.393,43.452,3215,3215,4.0342,21.702,36.546,55.004,65.682,78.159,87.21,73.24,50.939
3216,3216,2.3271,22.029,31.885,52.011,63.779,62.416,74.737,70.581,49.462,3216,3216,16.314,22.74,30.819,51.304,67.293,67.261,73.151,66.565,44.654,3216,3216,-0.075405,21.796,34.278,57.605,66.813,78.246,90.506,76.752,54.508
3217,3217,11.15,21.54,36.037,52.066,65.676,65.789,76.561,74.64,52.028,3217,3217,12.225,25.43,32.132,51.663,65.727,64.502,72.367,69.43,47.715,3217,3217,2.0051,21.122,36.841,54.966,65.847,78.547,90.771,79.346,56.137
3218,3218,12.334,23.44,31.762,51.034,67.266,68.124,75.047,74.034,51.475,3218,3218,14.006,19.463,28.899,52.477,65.661,64.301,73.685,70.658,48.047,3218,3218,-0.86551,22.599,34.066,53.795,68.034,79.86,89.532,78.256,54.673
3219,3219,10.604,22.713,28.103,48.248,64.356,67.101,74.373,74.504,52.362,3219,3219,3.756,21.866,29.623,48.549,65.465,66.549,71.712,70.686,48.889,3219,3219,7.4035,23.412,31.268,48.861,63.669,78.142,89.441,78.022,54.481
3220,3220,10.183,22.249,28.952,44.301,63.243,64.458,72.02,72.261,49.827,3220,3220,7.2682,14.475,32.916,47.138,62.571,63.859,71.585,67.776,45.737,3220,3220,3.5771,21.902,29.985,45.555,62.963,79.182,87.831,76.084,52.308
3221,3221,16.61,20.13,32.441,48.024,66.508,61.681,70.533,68.871,47.779,3221,3221,18.129,18.066,32.783,46.509,57.783,58.944,67.977,63.867,43.02,3221,3221,2.3104,14.985,30.117,47.279,63.608,77.037,84.204,72.835,49.28
3222,3222,14.598,20.62,30.046,51.446,70.877,67.658,69.682,64.003,45.096,3222,3222,18.823,17.501,28.527,48.869,69.204,69.062,65.924,59.589,41.737,3222,3222,3.1195,18.121,32.426,45.889,65.687,76.753,83.321,68.65,47.237
3223,3223,12.251,19.222,31.357,51.787,75.62,71.502,68.068,63.126,46.433,3223,3223,10.247,19.852,34.92,50.294,68.185,66.252,67.475,58.862,41.986,3223,3223,-5.9646,21.828,32.138,51.167,68.858,75.132,81.04,66.674,45.861
3224,3224,4.7627,16.06,32.087,51.025,67.897,65.128,67.961,64.29,46.721,3224,3224,12.393,19.555,32.033,50.044,70.832,69.507,66.585,60.439,42.858,3224,3224,6.5445,16.306,28.94,51.54,67.83,77.315,80.198,66.729,45.975
3225,3225,1.5031,18.791,34.433,57.084,75.73,71.576,66.757,62.527,47.141,3225,3225,12.892,21.271,34.535,55.736,73.687,70.713,65.451,58.04,41.98,3225,3225,7.3735,16.05,29.903,52.164,69.107,74.311,79.63,65.429,45.472
3226,3226,7.5111,17.672,33.029,56.62,69.813,65.595,66.174,60.662,44.486,3226,3226,13.682,15.224,32.308,57.216,71.519,70.628,66.879,57.912,41.291,3226,3226,2.3552,19.117,27.577,47.943,67.316,77.872,78.95,64.486,44.171
3227,3227,9.0824,22.212,32.476,55.338,72.285,67.688,66.662,59.978,45.895,3227,3227,9.5144,18.976,30.621,53.938,72.439,72.006,63.68,55.189,41.214,3227,3227,-1.852,23.181,33.027,52.505,70.933,73.605,77.656,63.582,44.068
3228,3228,6.5714,21.92,32.92,57.03,67.611,64.422,66.305,58.417,44.063,3228,3228,14.994,19.987,37.202,55.487,68.464,67.171,64.752,57.332,41.552,3228,3228,3.8623,16.717,35.629,50.146,67.87,71.481,77.396,62.217,43.878
3229,3229,7.7315,17.846,32.985,58.344,72.04,67.376,62.467,60.84,45.732,3229,3229,10.091,19.798,33.978,62.883,69.236,67.876,61.016,58.405,43.483,3229,3229,2.1707,20.384,34.755,48.109,65.812,72.101,75.487,62.455,43.889
3230,3230,5.956,20.385,29.461,52.77,68.16,63.822,64.14,59.662,44.53,3230,3230,9.8094,22.84,30.624,53.093,70.016,69.841,63.873,57.542,42.049,3230,3230,2.2904,23.659,35.575,48.939,65.435,74.058,78.633,62.347,43.898
3231,3231,14.092,17.049,32.644,49.391,65.64,63.958,62.066,57.634,44.805,3231,3231,17.009,21.856,32.225,55.255,66.689,64.521,61.311,55.55,41.42,3231,3231,3.5276,19.162,34.242,49.42,63.933,71.593,76.42,62.445,43.655
3232,3232,8.3935,15.227,31.654,49.128,64.994,61.589,62.186,55.436,42.418,3232,3232,15.306,21.57,31.899,50.564,66.174,66.013,62.216,54.655,39.223,3232,3232,0.8101,11.976,31.521,47.397,63.633,68.66,76.996,62.025,42.374
3233,3233,2.4924,22.608,31.549,45.189,61.761,58.197,59.157,53.658,43.606,3233,3233,9.6039,24.163,30.568,49.299,65.971,65.586,59.817,53.473,39.213,3233,3233,-5.2847,16.957,33.904,47.865,63.161,66.712,72.935,59.218,40.968
3234,3234,-2.8589,20.821,29.084,44.189,64.537,60.742,56.65,52.592,40.566,3234,3234,15.916,27.537,29.501,42.958,63.373,62.596,58.918,54.176,39.397,3234,3234,2.6526,14.161,31.861,47.435,63.718,65.995,71.078,59.57,40.194
3235,3235,2.4621,23.368,32.369,43.043,60.931,57.032,55.405,54.085,43.595,3235,3235,16.584,22.348,30.39,47.142,64.851,59.454,55.482,54.393,39.857,3235,3235,-2.7743,21.874,34.196,47.336,62.648,64.635,68.081,57.201,40.543
3236,3236,5.1754,22.771,29.367,46.037,56.075,53.703,53.891,53.731,41.302,3236,3236,6.8656,22.28,33.296,48.447,63.194,58.097,52.746,54.322,38.971,3236,3236,1.9702,20.294,29.533,46.772,62.608,63.801,66.762,55.689,39.424
3237,3237,0.40531,20.133,31.193,42.798,57.452,54.184,51.318,52.425,43.199,3237,3237,6.9023,22.814,32.231,45.685,62.723,58.525,53.267,55.835,40.007,3237,3237,1.8396,14.836,30.558,42.908,58.574,63.164,66.085,55.859,39.317
3238,3238,6.0812,19.496,28.444,43.474,57.988,54.537,50.068,56.915,42.006,3238,3238,10.918,22.48,33.205,44.577,62.334,58.822,50.088,58.988,41.468,3238,3238,1.0669,19.799,26.496,44.46,62.12,61.06,63.009,55.226,39.33
3239,3239,5.1572,19.899,27.835,46.38,58.82,54.864,55.907,63.975,46.129,3239,3239,6.3333,23.213,27.884,50.685,61.882,57.214,55.454,67.083,47.46,3239,3239,-4.3506,25.285,33.495,45.648,61.478,63.458,72.585,63.456,42.91
3240,3240,8.7699,16.269,24.934,41.125,56.358,49.727,48.46,55.584,40.229,3240,3240,7.7786,20.367,30.659,44.938,55.624,51.397,47.779,57.035,40.342,3240,3240,-4.0063,19.977,32.669,43.861,57.065,58.433,64.123,54.136,39.61
3241,3241,11.225,19.031,27.847,43.109,51.611,48.123,47.608,53.846,43.406,3241,3241,6.1645,23.058,28.987,44.323,54.682,51.76,46.745,52.604,39.173,3241,3241,-2.611,13.417,28.384,38.838,52.78,57.616,60.764,51.725,38.993
3242,3242,1.9817,19.518,29.054,40.86,54.525,51.496,55.159,67.186,48.145,3242,3242,10.119,24.293,34.151,45.936,54.761,54.403,54.981,68.678,48.113,3242,3242,0.17213,17.332,28.473,41.654,53.888,61.501,75.595,66.895,44.836
3243,3243,10.807,22.224,32.536,43.679,53.688,48.249,51.395,56.491,43.938,3243,3243,19.452,22.119,32.542,45.316,57.481,55.602,48.82,57.198,41.4,3243,3243,0.33171,24.428,33.805,43.955,55.831,59.609,64.317,55.336,39.371
3244,3244,10.717,23.916,30.685,41.705,53.988,46.917,46.952,52.678,40.71,3244,3244,16.09,15.412,32.027,43.448,56.465,54.301,44.835,54.05,38.977,3244,3244,4.2096,17.652,35.565,41.116,55.79,59.841,60.587,48.834,38.24
3245,3245,14.782,27.934,27.793,42.077,54.748,48.924,48.378,54.831,43.173,3245,3245,13.317,23.594,30.28,43.545,58.577,56.731,46.319,54.101,39.782,3245,3245,-4.4681,15.772,33.111,39.643,53.069,58.994,60.36,54.828,39.058
3246,3246,7.9161,18.326,32.381,45.024,54.943,48.785,52.608,57.807,40.916,3246,3246,15.609,22.734,29.88,45.666,55.701,54.959,52.961,60.34,42.775,3246,3246,-0.93336,20.821,28.862,42.188,55.08,58.494,70.62,62.049,40.749
3247,3247,14.784,25.861,32.549,46.012,52.801,49.488,51.358,61.169,45.049,3247,3247,19.479,24.967,30.208,44.991,55.997,53.553,49.046,62.611,45.571,3247,3247,3.4707,15.953,29.304,43.091,51.213,60.275,67.067,59.691,41.652
3248,3248,8.6265,22.283,30.287,43.463,52.598,48.372,45.252,53.948,39.968,3248,3248,11.685,22.313,30.574,43.172,52.645,52.697,45.212,52.618,38.684,3248,3248,-2.2455,19.415,26.283,42.109,50.218,57.626,60.401,52.809,37.715
3249,3249,3.1285,20.285,31.963,40.657,50.82,46.67,52.148,60.379,43.265,3249,3249,2.4971,20.958,27.741,39.217,52.803,54.136,52.581,58.246,40.376,3249,3249,-4.5472,17.03,34.389,38.081,50.03,61.588,70.541,61.084,40.398
3250,3250,8.2699,15.06,32.77,39.93,49.379,47.506,48.361,56.549,39.599,3250,3250,15.287,22.888,29.805,40.887,53.67,54.575,46.818,54.124,37.714,3250,3250,7.6221,20.544,37.126,38.464,50.245,59.104,62.098,55.238,38.306
3251,3251,5.9164,18.275,29.772,39.765,48.702,45.385,47.304,49.441,42.066,3251,3251,13.82,19.774,34.267,43.265,48.407,49.238,46.177,52.292,37.7,3251,3251,10.837,15.465,29.597,36.355,46.323,58.706,58.182,48.444,38.251
3252,3252,5.4558,16.568,26.872,37.624,46.987,45.001,46.16,53.201,39.51,3252,3252,10.968,23.775,32.143,40.811,50.144,48.785,44.581,51.703,37.687,3252,3252,1.8291,21.653,26.473,33.73,47.726,58.102,59.373,51.707,37.952
3253,3253,5.3824,23.232,29.305,40.465,46.949,44.772,46.376,51.343,42.55,3253,3253,11.091,22.301,29.423,43.581,50.566,48.089,45.518,52.175,38.576,3253,3253,2.6226,19.82,30.056,35.939,44.859,55.641,58.651,49.812,38.042
3254,3254,12.501,15.49,26.024,36.923,49.196,44.813,45.174,49.475,39.443,3254,3254,14.914,17.382,24.891,40.783,49.464,47.217,44.756,51.935,37.958,3254,3254,-0.7591,18.182,26.627,38.11,46.718,56.044,57.113,48.539,37.667
3255,3255,11.898,19.034,24.273,43.15,49.621,44.336,45.922,48.843,42.735,3255,3255,16.842,15.316,32.35,39.139,50.3,48.655,44.55,50.431,38.954,3255,3255,0.18102,21.859,31.912,36.954,45.286,54.847,58.46,46.49,39.345
3256,3256,11.423,19.754,30.795,41.172,47.944,43.901,42.964,48.727,40.178,3256,3256,16.474,13.835,26.618,38.886,49.203,49.214,43.48,51.476,38.926,3256,3256,-1.9698,17.482,31.098,40.446,48.309,55.88,55.189,45.272,37.987
3257,3257,9.4232,24.288,29.649,40.101,51.826,49.568,46.415,49.941,42.447,3257,3257,10.913,19.683,29.126,42.007,50.433,52.168,44.382,49.411,37.633,3257,3257,-6.565,15.882,26.798,41.328,49.167,58.27,60.159,48.372,38.908
3258,3258,9.7764,19.59,28.618,37.926,50.589,45.353,46.135,51.48,40.005,3258,3258,11.599,25.992,33.657,41.116,51.614,51.352,44.78,51.997,37.941,3258,3258,7.6869,18.607,31.591,41.486,49.895,58.302,59.615,52.467,37.491
3259,3259,15.564,24.915,27.643,39.468,48.409,44.53,49.213,54.454,41.613,3259,3259,18.463,25.456,31.583,39.615,49.586,49.838,48.888,54.039,38.88,3259,3259,10.247,20.527,28.189,40.583,49.661,60.343,64.502,55.536,38.571
3260,3260,8.3088,24.934,29.919,40.055,48.464,46.688,55.54,67.544,49.753,3260,3260,15.652,28.151,27.556,38.083,53.699,56.788,53.383,66.492,47.319,3260,3260,4.9143,14.099,26.39,42.616,53.846,64.264,72.546,66.025,43.318
3261,3261,10.968,20.138,31.708,41.407,47.276,45.622,44.667,50.227,38.639,3261,3261,20.148,22.625,23.172,40.999,49.279,50.82,44.971,50.307,37.435,3261,3261,-1.8014,19.356,31.149,39.689,46.802,56.497,58.597,48.207,37.587
3262,3262,14.418,25.426,29.376,41.592,48.811,46.473,44.598,50.047,42.596,3262,3262,20.49,18.708,31.085,39.824,49.573,49.034,44.399,51.29,38.497,3262,3262,-0.4716,22.102,32.913,38.945,48.321,57.442,58.45,47.111,38.27
3263,3263,19.163,22.834,29.038,40.16,47.794,44.869,45.31,51.378,40.469,3263,3263,13.814,15.624,29.293,42.408,51.659,52.137,43.828,54.091,40.898,3263,3263,3.2278,21.281,26.147,38.43,44.786,56.777,56.324,48.278,38.297
3264,3264,15.464,22.093,28.948,40.48,48.466,44.523,46.838,51.212,43.031,3264,3264,8.7716,21.524,31.304,41.922,51.41,49.162,47.22,51.644,38.612,3264,3264,1.0504,25.044,30.932,38.107,50.512,56.231,61.795,51.239,38.658
3265,3265,6.8753,21.269,30.817,39.047,47.273,43.676,46.174,50.947,39.653,3265,3265,5.4229,19.506,29.753,39.551,49.615,50.75,45.182,51.946,38.136,3265,3265,2.3639,24.92,31.601,37.693,47.532,58.084,59.832,48.464,37.692
3266,3266,9.6114,21.593,34.437,43.415,50.306,47.638,45.998,50.454,42.813,3266,3266,15.176,18.934,34.292,37.469,48.503,49.918,44.834,50.945,38.891,3266,3266,4.2995,18.658,31.733,38.828,48.117,53.825,58.327,47.844,38.554
3267,3267,6.533,27.2,32.796,42.753,48.424,45.43,55.294,65.113,46.334,3267,3267,15.099,25.43,34.199,41.877,50.918,52.74,54.424,64.473,45.273,3267,3267,-2.3378,22.733,32.53,38.244,47.228,61.622,72.919,66.354,43.194
3268,3268,14.573,23.794,32.169,40.25,48.273,44.833,50.907,64.691,45.983,3268,3268,21.139,22.639,33.095,41.486,47.299,47.068,49.44,62.03,41.508,3268,3268,0.50127,20.798,32.46,39.262,47.282,57.691,66.2,61.138,40.229
3269,3269,11.828,18.775,32.622,42.265,48.747,44.746,44.812,53.437,41.027,3269,3269,17.782,20.354,34.777,38.87,48.058,47.926,43.506,52.919,40.021,3269,3269,-0.072501,18.926,35.882,38.058,43.944,58.734,58.644,51.275,38.408
3270,3270,5.5897,12.46,30.871,38.03,46.182,41.601,43.631,51.092,42.428,3270,3270,14.216,17.647,26.114,36.127,47.285,47.113,43.287,51.486,37.565,3270,3270,-0.22713,19.663,28.484,37.865,46.306,58.01,57.582,47.749,37.203
3271,3271,10.071,20.877,30.455,40.324,46.635,43.909,46.472,54.447,40.641,3271,3271,16.299,17.755,28.444,38.573,49.99,51.613,45.408,54.022,39.19,3271,3271,-3.2055,22.028,34.75,36.277,45.481,55.893,57.12,50.414,38.223
3272,3272,6.3223,20.735,28.565,41.555,48.768,44.403,46.374,52.823,43.136,3272,3272,14.391,16.15,27.557,42.358,47.527,46.618,44.55,53.211,38.595,3272,3272,0.23695,16.306,30.537,38.412,47.383,54.015,58.737,49.624,37.974
3273,3273,8.1973,20.098,33.475,41.768,46.613,43.507,46.319,51.815,40.757,3273,3273,7.5715,16.26,34.484,45.754,49.976,50.335,46.01,51.827,38.467,3273,3273,2.0503,20.439,29.714,36.719,45.465,54.756,58.408,49.955,37.287
3274,3274,2.5012,21.307,30.755,43.945,49.217,45.343,45.89,53.67,42.864,3274,3274,15.716,25.44,29.951,41.163,50.393,49.754,44.868,53.998,39.081,3274,3274,-5.5687,21.59,29.165,41.282,49.513,57.771,56.789,49.733,38.576
3275,3275,7.3627,19.307,27.308,39.78,52.112,49.81,47.654,54.602,40.902,3275,3275,19.77,24.262,31.241,42.529,48.401,50.157,46.916,54.475,38.521,3275,3275,4.8101,25.15,32.69,37.208,46.922,55.997,64.339,55.141,38.351
3276,3276,10.93,16.637,27.511,40.035,47.928,43.82,53.063,69.043,49.966,3276,3276,15.063,23.881,33.73,41.441,49.271,49.305,51.33,69.005,52.984,3276,3276,3.4975,17.067,31.465,37.486,47.018,56.112,66.899,62.453,45.236
3277,3277,17.321,20.287,29.777,38.571,45.094,43.425,48.785,58.063,41.294,3277,3277,15.403,21.947,28.181,41.879,49.091,48.538,49.151,62.076,44.744,3277,3277,2.5268,11.645,30.145,39.081,47.623,55.055,65.89,59.717,40.886
3278,3278,15.777,20.669,29.544,35.899,47.43,46.099,52.371,55.972,43.497,3278,3278,14.555,17.283,24.05,39.923,52.22,53.823,51.445,57.297,41.452,3278,3278,-2.0501,17.185,26.604,37.138,49.61,57.999,68.562,57.152,39.533
3279,3279,13.596,21.969,32.758,42.117,46.253,43.741,47.519,53.31,39.825,3279,3279,14.213,8.9194,28.581,42.013,53.24,53.743,46.751,57.002,40.796,3279,3279,-4.494,21.678,30.415,38.329,49.302,60.412,61.981,52.833,38.183
3280,3280,9.8288,21.379,30.849,39.349,47.128,44.968,47.101,54.051,43.049,3280,3280,12.382,16.839,28.989,37.258,51.397,53.195,47.952,54.909,39.529,3280,3280,1.0774,19.212,29.112,35.642,47.491,60.017,63.325,51.805,38.453
3281,3281,6.2414,22.261,24.808,39.447,48.829,46.124,53.839,64.047,47.404,3281,3281,10.02,14.585,27.145,38.916,52.533,55.069,53.384,65.87,49.422,3281,3281,-1.5899,18.292,26.436,35.26,47.656,60.266,73.696,64.378,44.76
3282,3282,9.5926,19.38,27.28,40.705,45.646,44.486,53.511,65.026,46.822,3282,3282,10.449,19.315,29.992,40.136,51.217,52.748,53.632,67.617,47.081,3282,3282,-1.4564,20.625,25.073,38.865,48.599,60.065,68.861,64.85,42.779
3283,3283,4.6685,24.847,29.977,42.655,47.296,46.933,53.684,66.755,47.065,3283,3283,3.7112,13.282,27.064,37.909,51.182,54.897,51.188,65.136,46.289,3283,3283,2.2935,22.989,33.422,38.92,52.304,62.901,67.884,61.009,41.273
3284,3284,6.782,21.546,29.583,39.615,49.829,50.337,54.252,61.978,46.106,3284,3284,18.698,23.725,31.047,39.194,55.453,57.926,53.206,66.996,47.759,3284,3284,0.047116,17.279,31.602,38.48,53.3,63.275,70.306,64.502,42.706
3285,3285,15.021,21.6,29.738,38.603,49.314,48.576,55.861,63.197,46.029,3285,3285,19.162,22.612,30.809,41.017,57.689,60.537,52.782,63.645,45.056,3285,3285,3.2895,16.311,31.915,37.368,51.316,62.944,70.333,63.809,42.628
3286,3286,12.571,19.672,25.693,38.312,47.382,46.697,47.054,52.047,44.966,3286,3286,12.505,25.374,24.924,38.623,52.835,55.634,46.039,56.03,42.416,3286,3286,2.6754,20.899,32.815,36.039,46.726,58.32,63.042,53.58,41.863
3287,3287,9.193,24.458,27.406,41,47.983,44.803,46.081,51.296,40.702,3287,3287,15.697,23.505,21.322,38.904,47.888,47.45,45.86,51.155,38.466,3287,3287,2.1491,21.129,35.637,38.512,47.157,57.593,61.842,52.056,38.859
3288,3288,10.278,22.509,30.668,38.563,46.364,42.559,45.331,50.601,42.459,3288,3288,18.358,21.664,28.622,38.598,48.119,46.335,44.033,55.829,40.321,3288,3288,2.5445,20.518,32.01,34.354,45.45,60.031,57.369,48.186,38.586
3289,3289,13.789,17.913,29.006,39.287,49.894,47.51,48.17,56.903,40.619,3289,3289,18.636,29.132,29.054,40.041,51.411,51.463,47.032,57.272,39.843,3289,3289,-0.063236,17.242,32.046,36.792,49.578,60.502,62.925,53.258,38.306
3290,3290,14.074,19.515,28.247,38.152,48.64,49.8,53.078,65.831,48.131,3290,3290,19.355,16.547,25.981,35.853,56.61,59.828,50.477,63.392,45.274,3290,3290,5.7152,22.363,29.936,38.336,51.438,63.004,63.638,58.764,40.412
3291,3291,12.565,22.567,26.594,38.216,47.069,43.831,46.027,48.232,39.081,3291,3291,17.074,18.306,29.273,39.885,46.835,49.22,43.296,48.29,37.182,3291,3291,6.3716,23.53,27.127,34.066,46.015,57.226,58.785,48.944,37.239
3292,3292,14.572,31.445,33.334,37.874,49.503,45.446,46.12,51.772,42.211,3292,3292,15.664,21.307,31.847,42.351,50.596,50.493,45.046,51.083,37.736,3292,3292,1.6642,20.369,30.91,34.973,46.361,56.462,60.502,50.215,37.931
3293,3293,9.3067,31.162,33.428,39.049,47.165,44.02,45.494,49.554,39.441,3293,3293,10.012,23.88,25.74,41.419,48.693,47.502,45.095,50.516,37.442,3293,3293,1.3822,23.346,31.712,36.49,45.505,58.109,58.406,47.405,37.292
3294,3294,8.3345,24.569,29.227,38.42,48.897,45.477,47.288,47.998,43.043,3294,3294,4.1165,19.592,31.92,39.657,49.916,51.566,45.509,49.747,38.185,3294,3294,0.93464,19.742,34.68,38.27,47.208,54.088,59.334,46.253,38.258
3295,3295,8.7806,23.542,31.935,39.498,45.502,43.317,43.605,49.02,39.078,3295,3295,2.3798,21.566,31.413,39.107,47.213,50.007,43.669,50.795,37.164,3295,3295,-2.9782,16.36,32.355,36.827,46.83,52.826,58.191,46.622,37.196
3296,3296,7.9658,20.303,32.828,35.815,47.455,44.124,45.239,47.925,41.955,3296,3296,13.826,19.07,34.22,41.937,47,48.28,44.407,50.301,37.469,3296,3296,-6.0508,23.04,36.332,38.029,47.061,53.141,59.514,49.925,37.724
3297,3297,11.757,16.406,33.348,44.059,51.178,44.086,46.384,48.961,39.314,3297,3297,20.795,21.795,31.441,41.202,51.509,48.888,44.687,50.446,37.073,3297,3297,-0.79355,21.487,34.876,38.179,48.898,56.825,58.921,49.1,37.462
3298,3298,13.565,20.431,33.008,47.185,51.45,47.984,45.544,48.941,42.063,3298,3298,21.492,22.215,28.846,41.297,51.805,50.625,44.369,50.413,37.881,3298,3298,-0.19249,20.541,29.881,37.934,48.745,57.679,58.684,47.273,37.517
3299,3299,11.755,22.206,25.626,40.892,48.893,44.112,45.526,47.927,38.697,3299,3299,12.914,17.74,29.16,37.479,48.626,46.413,45.462,50.598,37.243,3299,3299,-1.2527,19.653,27.127,38.669,47.396,56.997,56.648,45.653,37.46
3300,3300,11.253,18.681,23.418,43.051,51.474,47.839,45.626,49.231,42.331,3300,3300,13.552,16.44,29.021,43.454,51.302,51.495,44.683,49.57,38.088,3300,3300,6.2324,16.874,31.848,36.911,46.823,56.59,57.951,46.429,37.581
3301,3301,10.401,17.155,33.193,39.318,49.82,46.22,46.036,49.156,39.346,3301,3301,17.125,19.726,27.192,38.925,50.459,51.111,46.62,50.481,37.849,3301,3301,6.1371,19.645,31.945,38.49,48.644,57.929,57.905,46.836,37.406
3302,3302,13.559,20.096,31.115,38.776,49.043,47.384,46.141,48.881,39.412,3302,3302,15.966,19.394,29.918,34.832,52.144,52.253,46.578,50.435,37.23,3302,3302,1.6042,22.066,30.14,36.941,46.973,56.24,59.175,49.339,37.449
3303,3303,7.4361,17.776,29.199,39.787,48.948,46.903,46.492,47.282,42.25,3303,3303,16.297,20.049,28.291,40.078,52.406,52.11,47.023,48.871,37.215,3303,3303,7.5817,21.727,31.339,35.74,48.163,59.585,59.422,51.772,38.083
3304,3304,5.0317,14.901,33.561,41.054,49.141,47.453,46.999,48.226,38.288,3304,3304,15.072,19.727,26.391,40.195,54.218,55.535,46.858,49.896,37.18,3304,3304,5.4324,18.426,35.017,37.783,49.583,59.964,60.782,51.941,37.824
3305,3305,11.867,24.899,31.11,36.751,54.699,51.73,46.37,48.955,42.253,3305,3305,19.73,22.975,30.405,39.299,53.23,55.745,46.195,51.603,37.82,3305,3305,-0.52719,13.296,29.763,38.789,52.389,60.483,59.417,50.454,37.833
3306,3306,3.6156,20.147,29.083,44.064,56.778,53.358,45.981,49.635,39.302,3306,3306,14.823,20.821,29.93,41.956,56.088,56.306,46.535,50.967,37.478,3306,3306,1.2089,15.916,24.594,38.29,48.379,60.932,59.413,52.037,37.897
3307,3307,5.5291,17.75,27.407,39.634,56.482,53.671,47.377,50.831,42.452,3307,3307,17.217,17.405,32.374,44.462,57.087,56.281,48.246,52.583,38.56,3307,3307,6.2758,25.004,31.558,40.065,50.197,57.929,61.338,50.609,38.009
3308,3308,3.6129,19.445,34.089,41.474,53.281,49.456,48.675,51.156,39.555,3308,3308,8.4419,19.942,34.597,47.248,52.014,50.427,47.29,50.887,37.65,3308,3308,2.5229,20.56,33.235,41.602,48.965,57.424,60.608,51.281,38.144
3309,3309,3.7854,22.6,32.766,41.828,51.153,50.548,50.141,51.612,42.831,3309,3309,15.38,22.135,34.692,43.22,51.11,52.05,48.796,51.092,38.285,3309,3309,-0.50887,20.116,28.545,37.572,49.579,59.889,62.573,52.951,39.22
3310,3310,10.047,17.913,31.353,39.345,57.879,55.508,50.953,56.263,41.235,3310,3310,13.944,21.131,31.474,40.831,59.716,56.762,49.665,53.065,38.191,3310,3310,3.8667,14.565,30.637,39.592,55.731,61.259,65.299,54.057,38.304
3311,3311,16.254,18.649,32.877,42.638,54.209,51.797,53.683,61.027,45.275,3311,3311,20.49,21.613,27.792,42.248,57.474,59.052,52.785,63.904,45.497,3311,3311,-1.9327,14.835,31.461,41.996,55.247,64.231,68.837,58.957,41.781
3312,3312,10.574,12.66,35.056,41.783,53.278,54.376,56.124,58.793,43.72,3312,3312,15.218,19.331,31.843,44.099,59.062,60.896,56.105,58.686,42.201,3312,3312,1.1834,22.585,34.044,38.668,51.358,61.817,70.644,60.552,41.13
3313,3313,9.0503,16.694,28.359,44.543,59.682,59.666,60.139,65.889,49.28,3313,3313,16.174,23.561,31.399,44.801,64.403,66.009,60.589,63.538,46.124,3313,3313,2.8596,23.459,30.527,41.862,58.732,66.488,74.817,63.654,44.375
3314,3314,9.0011,19.908,32.826,48.677,59.427,60.404,62.832,62.731,46.627,3314,3314,15.383,23.723,35.235,47.17,65.782,67.593,64.311,58.002,41.629,3314,3314,3.6799,22.728,34.379,46.443,58.135,69.901,75.697,62.565,42.964
3315,3315,11.287,23.833,30.294,52.107,58.18,58.058,62.72,64.303,47.552,3315,3315,15.783,26.626,33.614,46.341,62.356,65.006,62.477,60.276,44.079,3315,3315,1.7232,21.094,28.933,44.965,62.143,69.763,76.127,63.556,43.794
3316,3316,7.5026,22.686,31.077,52.47,58.176,58.169,61.57,60.28,44.868,3316,3316,13.505,20.475,32.872,51.855,64.865,65.105,60.184,55.71,41.889,3316,3316,7.1714,26.485,29.566,43.489,61.499,69.444,74.079,61.978,42.483
3317,3317,10.983,14.917,24.24,49.872,59.891,58.76,57.791,60.835,46.236,3317,3317,16.696,27.108,29.745,50.68,64.229,66.154,58.116,58.739,44.095,3317,3317,10.867,25.211,26.692,43.694,62.028,66.863,71.955,61.455,42.705
3318,3318,13.987,23.183,35.897,47.142,60.114,58.845,56.97,59.265,45.133,3318,3318,18.686,23.702,29.706,43.353,63.26,64.215,57.388,56.489,42.176,3318,3318,10.058,28.15,31.075,43.489,59.371,63.55,72.113,59.651,42.747
3319,3319,12.13,22.467,33.386,47.043,58.479,56.641,60.078,65.086,47.449,3319,3319,14.104,26.989,23.451,41.75,59.953,58.313,61.656,61.207,43.817,3319,3319,4.9472,29.517,31.516,44.733,59.569,67.27,75.959,65.285,44.615
3320,3320,9.7406,16.039,30.247,44.26,60.538,61.049,66.118,67.438,48.485,3320,3320,16.304,24.963,34.183,41.939,60.871,62.561,66.942,63.276,46.513,3320,3320,6.1172,27.522,29.197,45.911,58.585,70.858,80.19,70.648,48.22
3321,3321,7.2833,19.623,29.472,43.191,62.63,63.209,68.843,69.115,49.683,3321,3321,8.4047,23.081,31.654,38.882,63.525,64.303,69.386,65.18,47.354,3321,3321,2.4933,23.714,32.568,42.44,62.622,72.442,83.774,73.705,50.522
3322,3322,9.9541,13.94,30.13,44.617,63.243,64.622,71.052,70.171,51.258,3322,3322,11.739,23.528,31.656,42.726,62.609,64.11,70.887,67.677,50.337,3322,3322,-0.93223,23.496,31.24,43.068,63.408,73.666,84.443,74.86,52.695
3323,3323,13.305,19.305,31.52,40.568,63.357,66.706,75.673,73.378,52.588,3323,3323,14.418,23.868,31.218,44.72,65.077,67.492,74.994,69.966,49.697,3323,3323,-2.0198,26.344,30.818,43.335,66.473,79.16,91.682,79.575,56.843
3324,3324,11.495,18.158,31.041,42.835,64.774,69.719,78.624,74.517,53.403,3324,3324,12.094,25.14,32.451,43.155,65.688,68.955,75.446,70.506,50.358,3324,3324,3.8869,13.299,24.625,42.264,64.457,82.831,95.408,82.346,59.695
3325,3325,13.801,22.941,34.034,45.226,65.906,70.86,78.464,73.801,52.442,3325,3325,19.016,19.58,32.533,48.366,66.64,67.382,74.241,68.279,48.206,3325,3325,10.656,18.476,28.417,45.374,65.268,83.399,93.454,80.514,57.449
3326,3326,12.729,16.317,31.397,44.882,63.685,68.145,75.561,71.535,50.582,3326,3326,14.251,24.71,31.981,41.433,62.052,64.812,71.758,68.672,49.579,3326,3326,8.114,17.989,27.992,39.513,60.008,81.289,89.226,75.061,52.411
3327,3327,4.3728,17.809,34.32,44.415,65.261,70.222,75.309,72.066,51.984,3327,3327,8.5472,26.961,32.187,42.937,64.958,66.696,70.504,67.576,48.433,3327,3327,-3.3153,21.819,32.278,43.739,64.07,84.114,89.435,74.334,52.127
3328,3328,7.3498,17.037,28.266,42.587,64.629,65.68,72.144,74.659,52.205,3328,3328,5.8262,15.777,31.854,44.536,65.301,67.907,68.694,74.188,53.784,3328,3328,-7.5814,20.492,31.128,45.405,62.74,76.039,86.891,76.137,51.82
3329,3329,3.1111,18.094,27.939,41.054,61.345,65.545,70.353,76.179,55.648,3329,3329,13.195,24.498,34.538,45.306,65.175,66.161,67.382,76.202,56.155,3329,3329,-0.60435,23.283,35.276,40.007,60.601,78.088,87.251,76.147,53.146
3330,3330,15.095,22.663,32.398,45.381,63.793,65.68,69.153,71.812,51.945,3330,3330,13.593,21.999,34.779,47.498,62.779,64.446,65.121,71.025,50.33,3330,3330,-0.051207,13.772,36.955,41.518,63.179,79.894,84.857,72.892,50.566
3331,3331,8.8789,23.061,31.918,43.941,61.447,59.679,62.357,63.969,46.266,3331,3331,9.6916,17.671,32.514,40.644,61.79,65.692,61.52,61.192,43.181,3331,3331,-7.2396,20.399,34.58,42.244,58.919,72.303,76.867,67.128,45.353
3332,3332,8.2363,23.636,31.735,47.065,63.499,61.467,65.06,69.885,52.388,3332,3332,16.78,18.218,32.822,49.049,65.497,68.213,63.646,75.688,58.026,3332,3332,0.1335,22.07,34.745,43.863,61.985,72.586,84.177,74.147,52.535
3333,3333,11.591,15.972,29.062,48.509,66.45,65.18,60.984,62.475,45.906,3333,3333,19.825,23.331,33.077,50.417,62.369,63.768,58.371,58.974,41.429,3333,3333,1.8348,20.445,29.448,46.916,61.59,72.159,75.575,64.154,43.246
3334,3334,8.7335,22.087,34.689,47.135,63.018,64.017,60.636,62.758,44.844,3334,3334,13.996,18.276,34.92,49.33,67.191,68.595,59.278,60.201,41.598,3334,3334,0.61583,14.868,29.569,44.832,63.12,71.773,75.678,65.517,43.466
3335,3335,6.7245,20.06,30.051,51.222,61.681,61.93,62.462,60.407,44.775,3335,3335,17.321,23.589,31.537,50.659,66.552,67.642,58.521,59.752,42.823,3335,3335,5.8319,19.202,31.351,48.987,63.53,72.636,76.02,66.917,44.156
3336,3336,13.688,21.963,36.648,52.553,67.712,67.411,63.039,54.011,42.382,3336,3336,15.245,18.954,31.384,52.852,69.608,71.337,61.275,56.242,40.223,3336,3336,3.4493,18.681,30.455,49.061,66.281,76.694,74.575,57.491,41.587
3337,3337,10.974,24.711,39.35,57.034,68.73,65.088,63.932,57.764,45.188,3337,3337,15.724,24.61,32.723,57.612,68.61,67.689,62.046,57.388,41.668,3337,3337,3.7852,18.002,31.231,51.312,61.46,74.737,75.059,61.781,43.297
3338,3338,13.111,22.012,32.646,58.028,64.416,62.551,65.658,64.533,46.173,3338,3338,21.744,24.006,34.501,53.402,65.509,65.309,65.442,61.97,44.164,3338,3338,0.49241,17.668,31.984,51.186,62.245,72.126,80.455,69.859,47.064
3339,3339,9.758,15.04,30.596,58.351,62.071,60.342,64.114,62.6,45.67,3339,3339,15.95,24.13,35.073,55.045,66.298,66.814,63.576,59.539,42.2,3339,3339,7.4359,22.415,30.921,52.588,59.464,72.396,78.262,66.627,45.18
3340,3340,11.239,22.395,29.59,49.865,62.248,60.507,63.652,61.421,43.765,3340,3340,21.915,20.884,30.747,46.88,65.776,66.436,63.926,59.477,41.129,3340,3340,12.158,24.048,33.274,44.701,61.463,68.71,76.784,65.274,43.959
3341,3341,5.6111,17.62,27.142,42.518,61.095,60.49,65.462,62.865,46.473,3341,3341,12.172,17.613,32.411,47.342,63.505,65.849,65.732,62.554,43.837,3341,3341,5.0097,24.317,28.947,46.613,60.703,72.587,80.589,67.808,45.574
3342,3342,9.6215,18.497,28.964,39.414,63.888,62.178,68.582,68.488,48.238,3342,3342,14.957,22.323,32.2,42.207,63.885,65.391,69.658,63.326,44.254,3342,3342,-1.5209,13.965,30.049,44.126,60.154,73.603,83.044,72.45,49.272
3343,3343,1.11,17.706,28.512,43.876,63.531,62.791,72.23,70.871,51.125,3343,3343,16.943,27.174,30.238,42.765,65.39,67.24,71.421,68.499,48.519,3343,3343,4.369,16.761,29.249,43.346,63.694,76.457,87.215,74.924,52.084
3344,3344,12.204,12.525,32.112,39.597,63.529,63.334,73.611,71.954,50.842,3344,3344,22.813,22.415,30.719,41.094,66.951,69.009,71.546,68.959,48.139,3344,3344,5.7222,16.623,29.618,40.125,63.306,76.441,89.318,76.532,53.905
3345,3345,12.328,16.404,30.039,41.358,62.796,65.841,75.563,73.377,51.798,3345,3345,16.915,15.318,31.438,40.395,61.031,63.655,72.742,73.931,54.031,3345,3345,5.9116,24.197,35.541,40.615,60.529,76.032,91.002,78.464,55.807
3346,3346,9.4036,19.173,31.171,39.947,66.673,67.577,75.716,71.482,49.859,3346,3346,21.603,21.383,30.961,41.019,62.899,65.779,74.471,67.584,47.001,3346,3346,6.0246,19.619,33.392,40.68,62.329,75.256,90.902,78.246,55.294
3347,3347,-0.49703,14.597,29.381,41.591,61.791,65.574,75.648,71.665,49.738,3347,3347,10.298,19.815,31.461,44.567,62.339,64.833,73.902,65.807,45.935,3347,3347,3.6976,22.306,29.499,37.727,61.5,75.179,90.838,78.582,55.619
3348,3348,9.3464,20.352,32.262,41.847,61.264,62.585,72.077,68.131,47.203,3348,3348,7.3738,22.351,29.474,44.891,65.609,67.005,71.918,63.854,43.758,3348,3348,3.7354,17.332,31.833,46.589,60.667,72.553,86.997,75.164,52.233
3349,3349,9.6626,20.831,29.798,41.528,56.75,59.136,71.162,67.418,46.356,3349,3349,9.9549,21.16,27.714,44.629,60.535,60.542,69.516,62.985,42.995,3349,3349,2.9612,21.809,28.678,41.149,58.995,72.538,86.924,74.895,52.202
3350,3350,10.08,23.148,29.461,44.954,56.6,57.246,67.136,64.787,46.643,3350,3350,13.669,20.066,29.474,42.385,61.356,62.945,65.612,60.092,42.719,3350,3350,7.9331,24.941,28.853,41.764,59.17,71.759,83.191,71.971,49.226
3351,3351,12.433,20.241,32.156,41.423,55.877,55.595,64.851,64.268,46.998,3351,3351,16.153,27.485,31.856,44.635,58.686,59.61,62.391,62.733,45.084,3351,3351,4.0285,20.972,30.621,40.36,57.796,69.718,79.463,69.8,46.919
3352,3352,1.872,21.994,33.299,40.794,58.308,55.61,63.757,64.998,48.36,3352,3352,14.018,24.344,31.438,40.682,60.853,61.418,62.091,65.002,48.546,3352,3352,0.23895,17.994,31.867,47.482,59.165,68.69,78.781,71.537,47.596
3353,3353,4.2594,16.261,27.922,44.217,60.063,57.796,60.862,65.844,47.095,3353,3353,9.8713,17.774,30.36,47.04,61.172,62.697,60.822,61.988,44.251,3353,3353,4.0764,24.233,28.929,49.354,60.593,66.703,76.452,64.413,44.065
3354,3354,4.1164,20.157,32.713,49.034,63.901,62.502,63.034,60.304,45.321,3354,3354,4.806,18.161,30.889,47.429,63.891,66.821,63.372,56.814,40.984,3354,3354,7.0217,22.851,39.283,47.119,63.33,75.383,78.295,64.548,44.047
3355,3355,6.728,23.498,36.101,49.751,69.301,66.873,66.905,60.027,44.133,3355,3355,18.351,24.584,34.119,50.578,69.714,71.213,64.106,58.096,41.511,3355,3355,2.5354,23.134,34.147,45.873,65.373,71.876,78.018,64.05,43.838
3356,3356,12.012,24.987,35.139,52.592,67.188,65.109,65.672,58.457,45.384,3356,3356,18.076,20.621,32.339,54.797,74.492,75.269,65.948,57.666,41.93,3356,3356,2.7531,23.321,30.312,44.177,66.341,77.11,78.98,65.643,45.232
3357,3357,16.114,24.449,34.159,53.092,66.925,64.368,66.145,58.067,44.686,3357,3357,12.637,20.728,27.511,55.483,72.279,71.778,64.38,56.625,41.679,3357,3357,-4.1599,16.346,31.372,49.332,70.711,76.711,79.148,65.179,45.066
3358,3358,7.6841,22.295,31.479,55.409,71.999,69.63,65.963,57.503,45.023,3358,3358,10.177,20,38.648,56.567,69.04,69.918,63.467,56.157,42.247,3358,3358,1.5254,22.785,31.094,52.062,66.732,75.781,77.784,64.152,44.4
3359,3359,11.389,21.43,36.154,55.873,70.645,68.491,65.307,56.516,43.194,3359,3359,9.7471,25.925,33.089,54.939,71.155,72.764,64.893,54.41,40.886,3359,3359,1.5039,21.112,31.006,49.631,68.768,72.258,76.137,61.402,42.696
3360,3360,8.8063,19.825,34.42,55.538,68.294,66.307,62.849,55.84,44.957,3360,3360,15.246,26.161,31.926,53.593,69.003,69.557,62.243,53.048,41.21,3360,3360,-6.7498,19.992,27.775,51.488,66.149,71.428,74.501,57.607,41.645
3361,3361,8.1565,19.513,31.881,53.57,66.027,64.436,61.739,54.13,42.687,3361,3361,22.141,23.122,36.197,57.307,68.396,66.067,59.863,52.795,40.39,3361,3361,-0.040318,15.82,29.119,49.192,67.72,70.895,72.09,56.38,41.678
3362,3362,13.322,27.578,29.183,47.811,62.685,61.084,63.603,53.577,44.12,3362,3362,24.689,19.977,28.348,55.389,65.391,66.05,63.045,53.764,40.398,3362,3362,5.8857,17.975,28.965,47.705,62.829,70.709,75.485,59.661,41.857
3363,3363,3.5666,21.915,32.364,50.661,67.902,66.135,64.498,57.846,44.577,3363,3363,14.974,20.169,30.542,48.259,67.038,69.225,66.734,57.212,41.994,3363,3363,1.5544,21.822,33.81,45.667,63.087,70.562,81.19,66.16,46.266
3364,3364,11.705,20.818,32.524,48.602,68.654,66.886,68.166,61.708,46.455,3364,3364,16.617,16.868,25.658,50.522,68.047,69.288,67.547,58.854,43.209,3364,3364,9.9525,24.123,25.798,45.805,64.017,74.212,82.661,69.148,47.055
3365,3365,14.823,18.322,33.876,49.455,68.571,68.258,70.615,67.685,47.653,3365,3365,14.66,23.335,30.164,51.919,70.697,71.204,70.887,63.797,46.07,3365,3365,10.499,16.255,30.132,46.61,66.983,73.491,82.241,73.081,49.375
3366,3366,12.643,13.688,33.723,46.059,71.126,69.069,71.063,68.833,50.021,3366,3366,12.763,20.986,33.109,46.008,69.372,71.911,71.814,64.481,46.856,3366,3366,5.5015,15.875,32.453,49.219,66.603,74.989,84.699,72.244,49.758
3367,3367,11.296,20.058,35.997,53.749,69.045,69.938,71.917,71.026,50.833,3367,3367,14.179,23.398,35.467,50.688,72.104,74.158,71.716,67.906,47.982,3367,3367,5.1641,19.388,30.738,48.244,66.513,74.9,85.777,74.64,51.988
3368,3368,9.0559,19.663,28.658,48.825,71.216,71.122,78.199,73.68,52.89,3368,3368,18.84,26.428,28.364,51.469,72.004,74.428,75.261,72.664,53.647,3368,3368,2.2171,23.907,29.091,48.775,65.693,79.929,93.401,80.645,57.897
3369,3369,13.526,20.738,34.986,50.454,68.77,71.788,79.136,74.255,53.037,3369,3369,26.822,23.991,32.355,52.003,70.348,72.352,75.782,71.024,51.556,3369,3369,10.287,18.112,29.723,49.444,65.664,84.181,94.812,80.432,57.918
3370,3370,13.899,19.613,33.369,47.526,67.677,72.215,78.855,74.132,53.211,3370,3370,20.47,19.916,32.021,51.192,67.059,69.801,75.587,70.345,49.955,3370,3370,2.5036,19.847,28.465,47.753,68.117,83.436,92.638,78.668,55.778
3371,3371,13.724,24.38,32.013,52.483,62.375,69.25,75.906,71.635,50.8,3371,3371,11.853,21.249,30.928,51.661,66.341,68.706,71.019,65.996,46.816,3371,3371,5.3323,14.745,28.857,48.207,62.364,81.558,89.194,74.86,52.256
3372,3372,10.304,18.286,31.171,50.023,66.984,66.204,74.397,68.84,49.312,3372,3372,13.734,22.223,29.812,51.339,70.912,73.163,72.159,65.658,45.81,3372,3372,-2.4544,13.294,31.949,45.74,66.899,78.428,88.302,72.931,50.601
3373,3373,9.3256,21.895,35.068,45.291,62.962,63.571,70.687,67.782,48.901,3373,3373,17.956,24.072,29.048,41.723,67.77,70.887,69.151,63.161,44.475,3373,3373,7.1068,24.162,39.594,46.065,63.89,75.232,84.629,68.085,47.064
3374,3374,9.4095,23.673,33.682,44.045,64.501,63.798,68.883,64.64,47.109,3374,3374,18.604,21.211,33.536,45.352,65.646,67.644,68.761,61.335,42.654,3374,3374,8.0872,19.95,36.14,45.283,61.985,77.731,84.876,71.035,49.048
3375,3375,8.7799,20.757,29.485,47.693,62.741,61.794,70.729,66.953,46.828,3375,3375,12.929,21.86,32.546,42.683,63.086,64.805,68.44,63.779,42.912,3375,3375,-2.0123,20.029,32.805,45.096,60.922,79.029,87.119,73.128,51.041
3376,3376,8.8183,20.921,29.649,42.753,62.47,60.803,70.881,67.661,47.925,3376,3376,11.408,15.009,29.956,47.839,66.508,69.431,70.533,63.697,43.4,3376,3376,4.7801,20.131,29.705,43.686,62.184,75.541,86.863,74.443,51.748
3377,3377,7.4691,20.194,32.43,45.325,60.699,63.137,75.175,72.316,49.573,3377,3377,16.823,19.622,29.862,39.02,64.423,66.513,72.254,67.779,45.679,3377,3377,6.9757,17.674,30.587,40.442,61.447,76.394,89.491,78.327,54.965
3378,3378,7.181,27.034,28.827,44.942,65.138,65.66,73.915,71.345,50.11,3378,3378,9.8086,15.215,27.063,46.476,64.225,67.277,74.698,68.072,46.238,3378,3378,-0.34781,20.369,29.755,43.251,63.986,76.671,90.366,78.677,55.46
3379,3379,3.7868,18.77,26.482,40.586,64.101,66.12,74.495,73.143,50.794,3379,3379,15.805,21.326,29.185,44.075,61.942,63.03,74.204,68.066,46.747,3379,3379,-4.0098,21.662,32.976,41.836,63.181,76.868,89.968,78.513,55.241
3380,3380,10.055,16.569,33.41,40.442,65.273,65.1,74.573,72.216,50.268,3380,3380,16.833,18.271,29.96,45.217,61.039,62.637,71.154,67.496,47.206,3380,3380,-1.6688,19.953,30.94,39.18,58.965,71.864,89.02,78.309,54.931
3381,3381,10.094,24.899,28.585,43.158,59.311,60.751,73.071,70.634,48.743,3381,3381,16.186,26.183,32.954,42.217,56.967,59.768,68.393,65.181,44.333,3381,3381,-1.6307,14.226,30.836,41.84,57.626,70.962,88.233,79.336,55.437
3382,3382,3.4312,27.633,32.178,40.155,55.864,55.404,66.882,67.632,46.627,3382,3382,11.477,20.397,29.252,39.553,57.163,56.782,63.735,59.804,41.672,3382,3382,-5.8292,19.523,31.119,43.241,56.56,69.253,81.001,72.412,48.606
3383,3383,5.7699,21.547,28.224,45.156,57.514,56.606,65.362,62.961,43.769,3383,3383,8.6979,24.329,32.429,45.033,59.183,59.349,62.828,57.672,40.563,3383,3383,1.6309,16.058,32.44,44.174,57.097,67.608,78.459,66.523,44.604
3384,3384,11.129,20.527,31.947,48.871,62.314,60.071,61.851,58.77,44.472,3384,3384,6.2686,21.113,33.257,45.562,64.448,61.077,62.829,55.169,39.46,3384,3384,-3.063,13.025,28.447,47.97,63.155,67.496,77.338,63.386,42.812
3385,3385,4.4719,17.436,29.169,46.506,62.755,61.399,63.55,58.132,41.957,3385,3385,6.8546,23.072,28.83,45.098,61.663,60.74,62.538,54.964,39.752,3385,3385,3.0112,22.594,31.334,47.134,61.257,67.567,75.603,63.284,42.593
3386,3386,4.1183,17.931,34.761,49.202,61.213,60.524,60.739,58.309,43.841,3386,3386,11.779,22.323,28.293,46.714,63.387,60.556,60.311,56.056,40.957,3386,3386,3.2352,24.107,32.6,47.804,62.133,67.854,75.107,62.432,42.098
3387,3387,8.5961,19.443,30.779,46.47,56.48,56.316,58.757,55.775,41.325,3387,3387,8.4165,23.854,32.181,41.343,57.721,59.211,58.563,55.74,40.265,3387,3387,2.02,19.96,26.932,41.031,56.085,64.172,73.297,61.139,41.573
3388,3388,6.2708,15.887,27.993,39.165,54.048,53.384,54.526,53.774,41.282,3388,3388,7.9337,22.323,32.663,41.57,55.67,54.06,55.58,53.119,38.89,3388,3388,1.3362,19.822,32.111,39.899,53.441,62.129,69.199,56.822,40.211
3389,3389,6.7578,23.018,32.626,39.372,53.259,52.441,55.208,51.347,42.899,3389,3389,6.0333,18.844,29.648,42.527,56.806,56.784,52.587,51.287,38.879,3389,3389,-3.4761,12.189,28.303,38.583,55.267,62.211,68.176,55.527,40.2
3390,3390,4.5642,23.571,29.367,40.963,58.16,55.026,50.009,50.478,39.905,3390,3390,13.153,24.194,30.184,41.27,57.058,55.177,50.002,52.445,38.95,3390,3390,6.11,18.105,29.936,40.579,56.167,59.885,61.503,48.259,38.683
3391,3391,4.9901,28.039,29.399,46.134,54.865,53.886,57.437,52.654,43.195,3391,3391,10.962,22.32,25.484,40.599,59.991,60.822,57.575,52.179,39.15,3391,3391,4.5536,17.219,28.409,40.13,58.244,61.851,72.311,58.174,40.3
3392,3392,3.0525,23.293,32.841,45.054,54.464,55.396,59.661,55.365,41.373,3392,3392,6.5005,21.237,31.145,41.575,60.504,61.882,59.288,56.053,40.097,3392,3392,-2.3347,15.771,29.541,40.676,55.803,64.948,74.481,59.773,41.108
3393,3393,5.9401,17.41,33.283,45.029,60.865,58.416,59.565,56.933,43.24,3393,3393,8.7045,23.111,30.253,43.416,61.875,63.379,58.622,55.736,39.657,3393,3393,-5.9891,26.496,27.959,45.441,58.479,67.659,74.462,60.906,40.917
3394,3394,5.0105,22.734,29.871,45.208,62.942,61.144,62.366,60.173,43.153,3394,3394,15.301,24.969,32.062,45.63,64.82,64.122,61.351,57.128,40.53,3394,3394,-8.5192,21.165,30.399,41.298,60.596,70.947,76.032,62.274,42.86
3395,3395,7.3147,21.955,31.286,40.337,62.042,58.241,58.126,57.399,44.6,3395,3395,21.022,21.602,28.65,43.472,66.005,61.242,58.082,53.928,39.52,3395,3395,-13.666,17.469,29.806,41.015,63.31,66.918,73.361,59.991,41.401
3396,3396,10.617,21.183,31.531,41.923,60.271,56.696,59.939,56.955,42.581,3396,3396,24.379,26.946,33.077,42.511,67.34,65.338,57.911,54.697,40.236,3396,3396,4.3673,17.551,31.326,41.12,64.471,65.464,72.167,60.861,41.634
3397,3397,10.186,24.295,26.626,40.127,67.375,63.436,60.873,65.939,47.311,3397,3397,20.576,23.44,26.737,38.584,64.236,63.906,60.77,63.171,44.694,3397,3397,5.0709,21.928,34.017,40.763,62.699,70.248,76.074,66.816,44.573
3398,3398,4.7883,26.212,30.753,44.836,66.56,63.4,65.223,67.223,47.441,3398,3398,9.0143,17.429,32.586,45.188,62.296,60.928,61.148,65.219,46.761,3398,3398,2.2565,21.117,27.066,41.776,63.021,72.839,78.683,69.744,46.873
3399,3399,8.7166,23.927,29.884,45.625,66.975,65.226,67.154,67.453,49.023,3399,3399,10.972,22.551,33.498,47.107,65.182,64.442,64.78,64.144,45.146,3399,3399,6.2057,19.297,30.471,39.43,64.562,73.737,79.879,71.307,47.618
3400,3400,15.912,24.098,33.951,49.67,68.745,65.213,64.024,63.645,45.456,3400,3400,18.925,19.701,29.933,47.643,68.964,66.49,62.111,60.267,43.169,3400,3400,4.5572,16.186,29.297,42.585,64.613,73.555,76.703,65.974,44.283
3401,3401,9.6694,20.384,28.903,52.954,65.229,63.598,65.509,63.925,46.798,3401,3401,17.325,23.705,32.654,48.628,66.403,68.879,62.705,64.104,44.846,3401,3401,2.281,22.696,31.503,44.39,65.579,75.678,78.335,69.575,46.398
3402,3402,10.967,16.104,33.301,49.993,68.777,66.827,65.903,62.767,45.298,3402,3402,13.407,23.54,35.843,54.056,73.354,73.08,62.668,64.621,46.358,3402,3402,-2.1816,19.199,28.938,46.075,65.854,73.788,77.347,68.56,45.681
3403,3403,10.779,19.122,33.464,51.414,69.237,66.774,65.066,63.143,47.524,3403,3403,16.227,21.506,34.552,51.712,72.668,72.614,64.345,64.618,45.963,3403,3403,-1.0999,15.034,27.734,44.411,67.987,76.106,78.849,68.087,45.818
3404,3404,10.105,26.448,34.643,54.747,66.911,67.292,66.152,67.628,48.812,3404,3404,18.503,25.298,33.682,56.1,75.607,76.698,63.353,65.459,46.572,3404,3404,-3.804,21.04,25.137,47.812,65.554,74.404,79.677,71.352,48.036
3405,3405,14.365,25.981,30.266,53.246,67.722,65.851,63.543,57.037,44.63,3405,3405,19.044,26.484,31.774,54.446,72.127,72.294,62.411,56.904,41.049,3405,3405,2.025,20.398,29.872,47.657,66.01,74.766,74.382,62.631,42.383
3406,3406,14.969,23.49,34.695,50.193,64.536,63.567,61.271,63.675,44.637,3406,3406,17.972,27.699,30.413,57.822,67.85,67.23,60.41,63.093,43.632,3406,3406,0.81617,17.787,29.332,45.835,63.051,73.124,76.099,69.949,45.693
3407,3407,7.657,23.342,30.68,44.482,60.16,59.384,59.002,68.393,48.647,3407,3407,4.0791,21.549,30.963,49.608,68.383,68.303,58.515,68.904,48.931,3407,3407,3.116,24.597,30.293,49.504,64.887,71.104,73.744,70.794,46.794
3408,3408,7.4468,28.413,25.467,44.932,61.49,59.815,56.16,56.629,41.692,3408,3408,12.584,18.698,31.639,47.229,64.275,64.392,55.112,55.267,39.819,3408,3408,6.6575,25.528,32.918,46.345,61.482,67.452,71.812,63.305,41.877
3409,3409,11.813,27.669,30.803,42.24,62.275,59.258,58.624,57.231,44.294,3409,3409,16.017,22.854,37.282,44.363,61.328,62.629,59.146,54.95,39.936,3409,3409,-1.9825,25.455,30.613,40.516,58.343,65.41,71.531,60.777,41.518
3410,3410,9.1261,26.299,33.034,43.706,62.982,58.958,63.129,62.128,43.121,3410,3410,7.0927,25.461,28.053,43.306,59.907,61.689,61.87,57.44,40.538,3410,3410,4.3097,27.755,36.118,43.147,59.626,69.116,76.541,67.559,44.848
3411,3411,5.3388,18.618,32.582,42.842,57.383,57.933,64.882,66.877,47.581,3411,3411,17.945,27.496,33.865,44.376,59.512,61.66,61.728,63.657,44.743,3411,3411,4.609,23.658,30.261,43.013,61.078,70.341,81.051,74.72,50.151
3412,3412,9.285,19.527,32.401,38.219,57.4,58.966,60.543,61.43,43.901,3412,3412,20.243,26.459,29.787,40.418,63.687,69.078,58.166,56.839,40.297,3412,3412,5.5532,23.87,30.923,40.434,62.366,71.925,77.372,66.659,43.947
3413,3413,8.262,26.138,31.993,39.677,57.118,58.685,54.248,56.764,44.768,3413,3413,10.023,26.774,29.202,40.615,62.522,68.604,53.943,52.155,39.211,3413,3413,-1.3654,21.427,30.449,42.634,58.794,66.735,70.003,56.913,41.917
3414,3414,10.709,25.409,32.238,43.626,59.649,59.02,57.35,60.067,42.771,3414,3414,15.332,25.664,31.518,43.115,61.085,64.927,54.749,60.311,41.312,3414,3414,3.7558,20.228,29.907,45.376,59.446,67.242,75.51,66.844,44.705
3415,3415,10.238,25.377,31.353,41.369,60.34,58.257,48.24,53.256,44.058,3415,3415,17.513,19.449,30.639,45.393,63.123,62.721,48.266,54.498,39.497,3415,3415,3.1041,23.265,29.258,43.508,60.045,61.351,63.796,56.113,39.728
3416,3416,9.1442,24.025,26.179,40.929,60.464,56.038,52.488,55.604,40.824,3416,3416,12.883,25.338,30.395,41.969,61.534,58.674,51.605,57.54,39.623,3416,3416,-4.1182,19.85,33.71,40.74,61.985,61.375,65.746,59.674,39.722
3417,3417,2.9573,15.709,31.766,38.838,58.236,53.382,51.162,51.881,43.082,3417,3417,15.764,26.544,29.954,44.963,62.63,57.833,50.087,51.692,39.43,3417,3417,1.5164,23.194,33.264,40.287,60.341,61.548,64.19,54.596,40.509
3418,3418,0.47112,17.619,28.596,40.372,57.764,53.432,49.614,53.379,40.522,3418,3418,15.366,22.849,30.892,47.157,59.034,56.21,49.303,53.266,39.495,3418,3418,2.6741,16.488,34.436,39.951,58.428,60.958,64.821,55.517,39.544
3419,3419,-1.4976,21.58,29.297,40.271,55.093,51.26,49.203,56.064,43.36,3419,3419,14.127,22.876,24.503,41.976,56.889,56.348,47.975,54.792,40.051,3419,3419,4.2252,26.575,29.771,40.623,51.557,60.043,62.971,54.234,38.86
3420,3420,3.9092,23.151,29.374,40.173,56.239,51.965,51.425,57.989,41.752,3420,3420,16.08,25.627,26.112,42.009,55.974,57.55,47.978,55.099,39.809,3420,3420,-2.041,21.661,28.634,39.903,54.259,57.286,65.458,59.235,39.682
3421,3421,8.7991,21.112,24.936,43.453,55.72,51.974,48.669,53.285,42.826,3421,3421,16.906,25.371,31.455,44.126,56.193,57.219,46.392,52.02,38.539,3421,3421,-3.1157,24.245,28.98,42.671,52.644,60.057,65.252,56.95,39.351
3422,3422,3.0677,20.134,32.229,39.048,54.802,51.863,51.821,55.974,40.601,3422,3422,20.371,27.12,29.664,42.744,58.763,57.146,49.981,55.129,38.764,3422,3422,2.8715,22.782,28.576,46.147,60.88,59.811,68.649,61.963,40.43
3423,3423,8.884,16.233,27.576,42.395,55.653,53.07,60.889,63.526,45.88,3423,3423,20.617,24.997,27.062,41.64,56.762,54.229,56.577,62.449,44.031,3423,3423,1.585,17.392,31.089,40.562,54.545,64.886,80.032,71.264,47.876
3424,3424,13.93,19.155,26.745,42.955,55.391,53.972,57.287,57.886,41.647,3424,3424,16.895,20.426,27.45,43.034,58.582,59.066,52.772,58.34,41.108,3424,3424,3.9319,20.544,32.97,41.191,53.989,65.139,72.034,63.184,41.127
3425,3425,10.066,19.95,29.056,39.384,56.192,55.321,50.838,55.091,42.953,3425,3425,15.355,25.729,30.733,39.608,51.756,50.834,47.38,55.628,39.708,3425,3425,-0.85578,19.454,28.067,36.889,50.692,57.554,66.841,56.753,39.027
3426,3426,4.0883,20.657,31.111,41.757,57.907,54.582,57.523,58.15,42.164,3426,3426,11.061,17.626,24.54,39.348,55.436,55.115,53.259,62.489,44.609,3426,3426,-7.8734,22.084,28.752,36.126,53.543,62.065,78.355,70.483,47.002
3427,3427,5.6585,23.144,28.805,38.293,49.151,48.305,47.795,53.379,42.862,3427,3427,15.431,28.003,30.758,38.692,53.716,54.779,46.844,57.247,41.664,3427,3427,5.7034,19.127,28.805,38.519,53.079,58.521,62.722,54.335,38.516
3428,3428,13.748,22.36,34.828,39.775,57.466,55.182,57.825,62.361,44.771,3428,3428,16.625,20.911,30.839,42.445,55.883,57.212,57.739,64.86,47.934,3428,3428,3.2794,20.435,31.215,41.425,55.892,62.699,76.273,66.713,45.236
3429,3429,7.4846,30.105,28.97,40.037,56.394,54.956,61.342,72.022,54.729,3429,3429,17.346,23.959,30.545,44.199,60.812,61.991,60.095,73.29,55.203,3429,3429,5.0757,24.201,32.343,45.173,58.492,64.736,80.942,74.057,50.8
3430,3430,9.3088,22.902,30.173,42.865,55.508,52.997,52.358,62.247,44.291,3430,3430,10.577,12.592,28.663,46.82,57.94,54.184,50.309,62.227,44.492,3430,3430,4.9141,21.71,29.982,44.266,56.214,60.755,68.68,61.457,41.472
3431,3431,2.4628,25.268,30.63,49.676,56.776,53.092,56.215,70.388,49.836,3431,3431,6.524,18.501,29.269,50.395,59.837,59.324,56.008,74.015,53.595,3431,3431,6.3043,18.157,29.486,51.173,59.121,58.066,69.193,70.437,46.187
3432,3432,0.077551,26.746,26.111,46.875,58.48,53.32,52.48,58.138,45.622,3432,3432,9.2569,24.302,25.001,52.497,63.237,58.441,51.136,64.417,46.43,3432,3432,-0.10985,20.592,30.78,53.663,64.388,62.686,68.554,62.137,43.755
3433,3433,0.66847,20.001,31.323,44.147,62.075,58.753,52.607,56.879,42.554,3433,3433,15.934,20.058,31.067,47.876,63.488,59.798,51.269,58.986,42.569,3433,3433,2.5172,20.118,32.632,48.058,63.13,63.657,70.136,61.785,42.195
3434,3434,6.1206,19.937,31.217,42.629,59.172,57.371,51.961,57.44,44.408,3434,3434,11.634,22.624,30.994,46.526,63.198,61.268,50.752,57.298,41.36,3434,3434,3.5135,18.788,32.302,46.254,60.55,62.993,66.882,59.993,40.43
3435,3435,3.6254,16.977,32.018,43.87,60.673,58.705,53.57,60.245,43.912,3435,3435,13.478,24.341,30.598,46.635,64.93,65.952,51.649,60.433,43.14,3435,3435,4.6744,14.164,29.945,43.717,59.661,62.935,66.402,59.943,40.745
3436,3436,9.0694,23.617,33.869,44.344,62.163,59.839,67.39,72.262,52.669,3436,3436,14.575,23.669,34.515,48.334,67.075,66.98,65.698,77.073,55.811,3436,3436,0.56456,19.459,28.153,45.615,64.75,73.284,82.687,76.327,51.366
3437,3437,5.216,29.541,33.5,49.608,63.551,58.501,59.935,68.795,49.998,3437,3437,19.576,25.199,32.493,44.413,67.321,67.63,58.624,72.937,53.592,3437,3437,6.4242,24.946,29.231,46.787,61.462,67.781,76.415,69.44,48.207
3438,3438,6.5006,25.232,31.623,44.913,62.567,59.456,62.684,67.085,48.936,3438,3438,17.418,18.408,28.15,43.672,65.985,66.341,62.333,70.607,52.948,3438,3438,5.951,23.566,32.544,46.955,64.897,68.757,80.67,71.741,48.874
3439,3439,2.1341,29.964,31.28,39.071,60.804,57.093,58.56,62.726,46.777,3439,3439,5.3864,23.444,27.296,45.532,68.216,70.549,58.511,61.8,45.301,3439,3439,1.8919,18.774,30.663,46.247,63.618,69.122,74.863,65.171,45.188
3440,3440,-0.58042,26.238,30.632,42.064,64.517,65.002,63.69,67.126,49.53,3440,3440,9.3354,18.618,28.353,42.921,72.861,76.824,62.968,70.31,51.576,3440,3440,-3.9256,23.845,30.131,42.734,66.307,75.261,79.6,71.236,48.766
3441,3441,-7.3612,24.311,28.438,40.755,59.067,58.514,55.876,62.657,44.36,3441,3441,8.7887,23.518,31.342,42.89,63.686,67.318,54.245,64.566,46.189,3441,3441,-2.891,22.009,22.585,39.028,58.414,68.44,70.746,63.473,42.297
3442,3442,8.682,28.116,29.185,42.848,61.799,60.288,63.122,65.295,47.123,3442,3442,7.3751,22.8,29.308,42.466,55.178,56.306,60.252,67.419,49.294,3442,3442,0.96708,20.695,29.249,39.486,60.359,76.106,76.403,67.453,45.911
3443,3443,7.2827,24.509,24.264,40.541,59.822,61.684,62.998,65.328,47.46,3443,3443,15.29,25.094,32.448,40.094,56.781,61.837,60.758,65.657,47.343,3443,3443,5.5971,18.452,27.733,40.439,61.524,79.62,79.942,67.952,46.941
3444,3444,0.64432,17.372,28.391,42.932,61.558,62.357,60.815,61.651,46.763,3444,3444,8.9881,22.135,30.792,42.246,60.328,64.033,58.793,62.212,46.134,3444,3444,-0.79228,20.295,27.501,41.74,62.156,74.873,75.852,63.545,46.389
3445,3445,-2.6086,21.5,27.399,38.369,59.545,55.558,58.083,60.596,46.38,3445,3445,9.3495,20.424,29.281,43.12,61.078,63.582,55.559,60.44,44.995,3445,3445,5.4466,22.581,27.751,42.701,58.598,69.283,70.479,61.785,45.275
3446,3446,10.403,24.794,29.552,38.642,59.384,55.255,53.561,53.812,45.324,3446,3446,8.558,23.065,33.259,42.055,60.737,58.827,53.119,53.385,41.611,3446,3446,-0.55507,22.751,29.868,38.686,58.647,67.658,68.424,56.898,43.388
3447,3447,12.059,19.849,29.9,42.2,60.314,58.765,52.189,53.576,40.297,3447,3447,15.562,21.799,32.118,43.503,57.353,58.619,52.48,56.754,41.103,3447,3447,2.533,14.915,31.593,37.241,54.25,67.373,65.782,56.543,40.557
3448,3448,17.086,19.666,31.632,41.878,54.604,52.453,50.412,57.827,44.006,3448,3448,24.178,21.028,30.262,39.689,53.697,55.604,52.567,60.066,43.712,3448,3448,8.807,14.715,28.662,35.993,52.277,66.619,67.978,59.325,42.074
3449,3449,13.806,17.695,30.452,39.973,58.133,55.89,51.019,56.29,41.688,3449,3449,24.703,26.06,29.92,38.805,58.044,60.162,53.814,57.824,40.124,3449,3449,7.8381,22.336,26.032,38.633,57.345,61.867,66.919,63.87,41.587
3450,3450,15.225,18.64,29.137,38.619,53.779,50.389,46.659,50.867,43.075,3450,3450,24.269,21.45,29.502,38.656,53.508,56.821,45.256,51.573,38.683,3450,3450,8.1282,20.571,27.117,35.475,49.689,56.477,58.436,51.676,38.507
3451,3451,4.1565,23.316,23.97,40.39,56.83,54.864,48.545,50.307,40.105,3451,3451,14.826,16.137,31.724,36.078,54.6,57.032,45.453,51.884,38.797,3451,3451,9.472,14.484,28.739,37.484,54.718,57.013,63.269,54.553,39.34
3452,3452,7.9763,21.76,27.417,39.563,58.827,54.545,48.058,51.138,42.775,3452,3452,4.0582,26.513,31.783,36.287,52.283,48.436,45.098,51.697,38.502,3452,3452,-1.7641,20.194,31.709,36.992,53.377,56.086,64.822,56.22,39.202
3453,3453,9.1911,13.818,32.065,37.975,50.507,45.114,45.261,49.52,39.041,3453,3453,9.5761,19.752,30.278,37.337,51.292,49.188,44.303,51.953,37.582,3453,3453,0.80917,18.291,26.511,37.469,51.576,54.247,57.364,47.924,37.704
3454,3454,4.3928,9.8749,29.071,38.987,47.799,43.208,46.474,51.795,42.863,3454,3454,9.1587,25.463,32.951,37.121,51.415,52.937,43.949,52.857,38.355,3454,3454,-0.55952,20.744,31.684,39.013,46.967,55.643,59.136,50.381,37.831
3455,3455,11.03,19.879,31.518,40.734,49.041,44.75,44.654,50.094,40.439,3455,3455,13.5,26.039,30.012,40.304,47.785,46.467,44.964,51.582,37.6,3455,3455,-6.6724,22.257,28.768,34.512,48.155,53.916,61.208,52.439,37.353
3456,3456,8.0093,23.819,27.877,37.975,48.232,47.126,48.963,51.043,43.058,3456,3456,10.742,20.019,29.109,36.044,48.588,51.594,46.195,50.857,37.864,3456,3456,0.35927,17.432,28.474,35.296,49.193,59.022,63.393,55.901,38.151
3457,3457,8.2145,21.514,30.556,38.414,50.507,49.594,54.902,56.472,41.202,3457,3457,5.5051,22.781,28.703,40.123,49.373,50.561,49.069,55.294,39.524,3457,3457,-4.5131,19.392,26.241,34.135,47.815,60.544,73.503,63.9,42.115
3458,3458,4.5271,26.295,30.651,43.219,51.924,49.299,51.643,55.132,43.358,3458,3458,9.5156,15.022,28.366,44.737,51.17,52.413,48.394,55.326,39.232,3458,3458,4.6237,23.707,30.299,36.743,48.099,56.376,67.202,58.451,39.224
3459,3459,3.6686,26.053,31.843,47.95,48.587,45.578,56.375,55.142,40.013,3459,3459,14.994,17.143,29.832,42.187,48.164,50.432,50.034,56.498,39.959,3459,3459,7.0093,20.064,25.58,38.702,46.301,60.339,71.097,63.34,41.108
3460,3460,9.0611,27.23,31.111,42.452,49.115,47.346,50.851,52.311,42.385,3460,3460,10.427,16.63,31.21,42.729,47.284,46.944,49.414,53.956,39.189,3460,3460,4.4513,19.182,27.995,37.03,46.609,55.77,66.881,56.746,39.028
3461,3461,15.55,29.043,31.752,41.786,49.564,49.193,52.44,53.617,40.401,3461,3461,19.899,16.846,28.52,42.521,49.517,51.839,51.21,56.26,39.047,3461,3461,6.3699,20.498,31.113,36.719,47.321,60.625,68.939,62.145,40.119
3462,3462,6.9494,26.002,30.537,41.698,47.316,45.454,55.127,52.796,42.355,3462,3462,18.928,24.892,25.537,40.083,49.205,50.987,48.245,53.361,38.079,3462,3462,9.3974,18.432,31.782,35.876,45.138,56.844,71.573,62.735,41.067
3463,3463,7.0268,19.464,31.718,40.516,47.872,44.362,52.247,53.161,39.874,3463,3463,10.839,20.02,27.437,44.329,49.873,45.607,47.417,53.095,38.212,3463,3463,6.3293,19.017,35.727,39.348,47.301,57.939,70.195,61.36,40.263
3464,3464,4.9106,21.31,30.9,38.453,48.56,45.257,48.41,51.905,42.598,3464,3464,6.1017,19.824,30.802,41.707,46.33,46.116,45.968,53.73,38.797,3464,3464,-1.4851,15.909,35.205,35.814,46.262,57.05,66.989,58.578,39.081
3465,3465,9.7752,16.499,34.547,41.237,50.174,50.432,52.952,56.334,39.775,3465,3465,7.6203,19.855,30.492,35.879,50.244,52.584,50.356,55.067,38.485,3465,3465,3.2659,16.173,25.978,36.968,51.746,62.29,70.453,63.578,40.695
3466,3466,6.9323,17.158,32.589,39.936,50.886,48.469,49.802,54.02,43.37,3466,3466,10.103,13.406,28.47,42.952,48.515,49.795,47.759,54.413,39.206,3466,3466,4.6466,15.605,29.082,34.416,46.837,60.818,68.159,60.038,40.384
3467,3467,9.594,21.163,27.66,40.358,44.555,42.61,49.573,53.151,40.476,3467,3467,8.0813,27.729,29.737,44.316,49.388,50.859,48.335,53.45,38.447,3467,3467,-3.3845,18.596,27.352,36.082,45.945,56.137,65.43,59.294,39.702
3468,3468,11.571,18.513,32.259,39.999,49.816,46.015,47.649,51.427,42.444,3468,3468,17.262,26.057,30.207,39.487,48.891,49.328,44.926,52.877,38.617,3468,3468,1.9455,19.763,26.011,33.308,46.528,56.535,63.87,57.086,39.888
3469,3469,10.969,13.877,31.598,38.872,45.302,44.72,48.386,52.316,40.433,3469,3469,10.444,23.837,32.458,36.269,46.719,46.75,45.871,54.179,38.748,3469,3469,3.3266,15.598,30.571,37.092,46.867,58.313,65.082,58.175,39.496
3470,3470,4.0074,20.107,29.876,35.246,43.164,41.375,48.275,50.94,42.151,3470,3470,10.72,21.237,30.01,40.301,46.216,46.227,46.657,52.443,38.317,3470,3470,0.036333,20.389,24.86,35.065,45.87,55.368,63.038,56.439,39.044
3471,3471,4.5089,20.721,27.918,37.784,46.901,43.889,50.762,51.236,39.769,3471,3471,13.343,22.822,25.481,37.396,48.256,48.671,47.581,53.109,38.426,3471,3471,6.2129,20.864,27.539,34.305,47.219,57.608,66.514,59.075,39.483
3472,3472,8.5162,21.449,31.736,37.211,42.518,40.008,50.802,51.388,42.701,3472,3472,13,17.451,26.942,37.981,45.525,44.791,47.816,53.939,39.084,3472,3472,3.0748,8.3892,25.457,32.837,45.503,57.703,67.986,58.959,39.975
3473,3473,16.432,16.479,26.773,34.843,47.489,46.034,48.114,49.489,40.158,3473,3473,19.198,21.222,27.712,32.95,45.476,45.756,45.609,51.603,38.09,3473,3473,5.6479,18.858,28.62,36.909,46.98,58.966,62.618,55.625,39.488
3474,3474,20.715,22.476,32.451,42.458,47.549,44.425,48.035,51.743,39.76,3474,3474,24.678,22.477,27.207,39.232,49.157,50.181,45.547,50.574,37.852,3474,3474,3.9836,19.551,31.972,36.1,46.072,54.916,62.05,54.36,39.072
3475,3475,20.138,23.936,30.212,39.794,46.476,45.034,46.801,49.587,43.35,3475,3475,25.846,20.558,30.05,40.792,48.809,46.28,44.465,50.645,38.842,3475,3475,3.5651,25.328,34.485,38.285,50.907,57.449,60.688,53.686,41.197
3476,3476,22.457,20.415,27.575,37.132,49.622,43.127,46.705,52.862,41.485,3476,3476,26.22,24.812,31.358,40.245,50.871,44.19,46.268,53.798,39.248,3476,3476,-1.4161,26.539,31.982,40.442,53.228,56.393,63.586,56.645,40.228
3477,3477,15.29,25.181,28.881,42.963,52.88,47.934,48.543,52.875,43.243,3477,3477,19.727,18.391,30.185,42.555,49.742,49.603,47.275,53.641,40.295,3477,3477,0.32873,19.114,23.333,42.519,48.627,56.628,60.408,54.069,40.363
3478,3478,20.706,23.19,27.807,39.311,50.41,46.259,48.784,50.676,40.268,3478,3478,21.733,20.464,33.528,41.402,49.215,47.585,46.411,53.212,38.851,3478,3478,-3.2471,20.937,30.195,39.384,51.138,55.007,65.369,58.815,39.553
3479,3479,14.108,21.731,30.198,42.953,56.249,51.139,47.822,51.418,42.446,3479,3479,16.678,21.841,29.127,39.14,52.73,50.967,46.465,53.165,38.633,3479,3479,4.3563,26.946,27.329,36.688,56.83,58.545,66.024,58.121,39.613
3480,3480,14.736,13.713,30.174,40.76,51.703,47.527,48.812,50.498,39.133,3480,3480,17.737,23.443,26.165,41.275,56.089,53.573,46.216,52.396,38.304,3480,3480,6.6123,24.571,26.735,35.528,57.954,61.293,61.448,54.519,38.081
3481,3481,12.423,16.172,31.799,40.306,56.365,51.78,45.358,50.817,42.916,3481,3481,13.91,16.987,31.355,45.04,61.562,57.09,45.082,50.988,38.677,3481,3481,-3.9915,24.488,29.912,42.154,55.96,58.491,60.87,52.819,38.271
3482,3482,0.4763,20.651,26.586,50.128,51.445,46.003,46.428,51.097,39.798,3482,3482,4.7515,21.606,29.689,45.804,58.61,51.835,46.316,53.173,38.652,3482,3482,-0.12148,26.366,33.624,42.514,56.091,57.222,61.496,55.138,38.205
3483,3483,8.7974,22.054,30.557,46.879,51.683,47.627,47.984,51.271,42.443,3483,3483,12.45,24.686,28.239,42.055,52.031,49.463,45.486,51.119,38.238,3483,3483,-3.1345,12.516,29.405,38.807,49.492,55.619,59.729,52.734,38.235
3484,3484,8.3731,24.317,36.323,44.575,49.297,48.376,48.114,50.494,39.888,3484,3484,18.362,27.402,31.36,43.72,53.177,51.166,45.472,52.558,38.239,3484,3484,-2.8043,24.69,31.004,37.902,47.873,55.702,61.128,52.631,38.576
3485,3485,13.441,26.042,34.781,49.217,53.749,48.287,47.511,52.281,43.166,3485,3485,15.337,29.237,35.21,48.092,51.117,49.477,45.831,52.304,38.769,3485,3485,-2.2441,26.479,30.007,41.837,49.102,56.044,62.471,55.085,39.011
3486,3486,13.054,22.26,28.846,49.166,51.879,47.214,46.271,50.24,40.412,3486,3486,15.986,23.655,29.428,49.129,52.305,50.965,45.472,51.757,38.884,3486,3486,-0.16204,17.022,32.467,41.491,47.197,54.806,61.402,52.329,38.283
3487,3487,9.7633,25.061,30.601,43.96,50.529,48.762,47.621,52.767,42.822,3487,3487,12.05,25.857,35.078,43.455,51.917,50.942,45.024,52.803,38.519,3487,3487,-1.1704,11.677,27.541,39.51,49.527,56.371,61.054,54.327,39.306
3488,3488,14.405,29.365,28.539,41.384,53.01,48.568,48.404,50.69,39.742,3488,3488,19.598,29.22,32.66,50.069,54.681,52.385,45.492,50.714,37.799,3488,3488,5.32,19.241,26.744,39.344,50.765,57.067,62.553,53.013,38.207
3489,3489,16.767,21.402,28.337,41.306,50.953,48.973,50.091,53.022,43.049,3489,3489,22.887,22.129,30.344,45.528,53.862,53.166,47.495,52.863,38.828,3489,3489,2.0179,18.08,27.977,39.08,50.18,58.793,63.369,55.542,39.244
3490,3490,15.348,27.023,31.645,51.54,55.216,51.985,49.634,52.088,39.991,3490,3490,19.286,22.89,33.48,45.55,54.571,57.673,49.049,52.47,38.576,3490,3490,2.3886,18.941,32.699,38.349,53.828,61.763,64.053,55.538,38.541
3491,3491,19.596,22.6,32.546,47.594,58.898,56.83,52.467,54.82,43.228,3491,3491,15.588,25.187,30.724,43.872,60.286,60.66,48.556,54.564,40.414,3491,3491,-2.4803,21.842,26.583,42.805,52.741,61.344,68.779,60.536,40.076
3492,3492,17.677,24.033,31.283,53.458,57.814,52.852,49.277,53.027,41.401,3492,3492,14.875,28.2,31.853,47.306,57.982,57.805,48.225,52.833,39.675,3492,3492,2.5661,25.872,29.788,36.722,53.366,60.427,64.243,56.247,38.941
3493,3493,12.006,25.735,33.694,52.598,56.88,54.359,50.619,57.165,44.833,3493,3493,14.752,26.025,32.631,50.1,57.473,56.256,48.542,54.899,40.704,3493,3493,-2.2706,25.953,30.504,39.086,49.65,58.103,64.176,57.581,41.448
3494,3494,14.986,30.174,37.504,48.264,55.549,54.148,50.64,53.774,41.789,3494,3494,10.782,24.513,30.963,43.449,54.396,55.119,49.464,55.328,39.875,3494,3494,1.1014,26.42,27.898,38.979,52.004,59.569,68.31,59.113,39.885
3495,3495,9.0692,28.349,30.836,51.087,54.443,52.711,51,53.79,43.187,3495,3495,8.1925,20.58,30.195,47.662,57.877,59.346,49.908,52.228,39.414,3495,3495,-1.449,24.713,32.122,41.422,51.697,60.517,67.167,59.041,39.934
3496,3496,11.26,28.525,31.86,51.581,51.136,48.025,50.32,53.186,40.54,3496,3496,10.152,24.109,30.269,43.406,52.429,52.01,49.69,53.063,40.022,3496,3496,4.145,27.204,31.065,39.844,49.166,58.908,64.002,55.171,39.186
3497,3497,13.614,26.896,31.07,45.914,56.481,55.52,52.613,54.307,44.419,3497,3497,5.4251,22.468,30.24,44.749,55.597,56.537,50.991,53.043,41.695,3497,3497,4.4266,21.075,32.231,40.164,55.16,62.56,65.822,56.728,40.441
3498,3498,9.3235,22.211,29.96,40.903,53.782,54.115,57.278,56.54,44.22,3498,3498,11.669,25.234,31.841,43.586,57.185,60.665,60.128,56.834,45.909,3498,3498,4.6874,17.151,30.665,37.946,56.009,64.5,72.661,60.735,42.727
3499,3499,4.0684,21.884,29.825,44.553,59.218,58.246,59.828,59.156,47.29,3499,3499,12.174,26.734,27.009,47.617,62.593,64.891,60.775,57.73,45.501,3499,3499,0.79699,24.621,30.287,39.138,56.756,67.5,75.419,63.288,45.45
3500,3500,10.678,20.462,28.119,45.851,60.097,60.874,64.467,59.456,44.225,3500,3500,12.958,24.044,25.283,45.806,64.398,66.333,64.205,56.989,41.673,3500,3500,7.9481,27.962,32.122,43.342,61.804,73.248,78.434,65.637,44.207
3501,3501,11.965,27.089,31.626,47.865,60.214,60.951,65.654,63.797,47.117,3501,3501,13.688,23.209,26.478,44.323,62.973,66.607,62.537,58.782,42.931,3501,3501,7.1544,24.05,33.201,42.993,61.45,72.477,78.467,65.356,45.044
3502,3502,6.4542,27.465,30.461,45.891,62.045,61.254,64.043,62.114,45.622,3502,3502,10.148,20.071,25.822,45.174,60.649,64.455,61.928,60.616,44.731,3502,3502,3.8836,22.512,32.802,39.464,58.21,70.485,76.483,65.774,45.099
3503,3503,6.7352,24.07,29.899,47.987,62.015,60.436,58.903,62.173,46.737,3503,3503,4.1893,19.804,27.798,44.693,61.193,64.235,56.867,59.529,44.416,3503,3503,1.5982,26.706,33.454,44.651,61.707,66.954,72.814,62.378,43.979
3504,3504,9.1155,22.367,28.586,43.247,61.044,59.822,58.769,58.493,42.826,3504,3504,7.8492,19.68,26.216,45.369,57.806,60.854,58.64,55.596,42.495,3504,3504,-7.7724,20.31,28.532,41.48,58.916,64.351,73.244,61.855,42.334
3505,3505,7.9452,23.014,25.046,45.269,57.722,56.392,65.234,63.694,47.538,3505,3505,14.039,21.444,29.846,42.76,58.157,59.295,63.623,61.348,44.227,3505,3505,-4.2224,21.1,30.958,40.995,58.541,69.112,79.565,68.067,46.484
3506,3506,9.0408,12.34,29.48,42.754,59.235,59.015,68.58,66.906,47.645,3506,3506,13.151,16.842,26.818,44.484,61.384,59.844,69.975,64.74,46.962,3506,3506,1.3449,22.45,35.158,41.162,59.687,71.191,81.549,70.923,48.235
3507,3507,11.616,23.294,26.516,42.458,67.537,65.903,72.501,69.661,50.429,3507,3507,15.338,23.61,29.722,41.284,65.421,64.981,71.004,65.669,50.026,3507,3507,-1.2899,27.431,31.697,43.028,62.879,72.135,84.116,73.599,50.694
3508,3508,1.6884,20.46,33.357,43.818,68.251,66.123,72.938,69.217,51.077,3508,3508,5.7445,25.453,34.426,42.262,65.097,65.045,71.374,65.897,51.675,3508,3508,-6.8331,23.922,33.025,42.775,63.011,76.062,85.008,73.599,51.804
3509,3509,-1.4168,23.814,27.099,41.004,66.922,64.868,73.823,70.127,52.033,3509,3509,10.991,26.713,26.905,42.129,66.893,66.44,72.571,65.869,47.725,3509,3509,-1.4029,25.264,27.222,42.795,61.064,76.021,89.497,77.644,54.845
3510,3510,7.7309,21.649,27.871,45.734,65.313,66.241,77.805,72.649,51.975,3510,3510,10.749,26.853,28.054,47.063,64.074,67.568,77.742,69.311,49.836,3510,3510,2.9092,29.113,35.354,42.305,62.858,80.988,93.784,80.332,57.682
3511,3511,7.0019,27.238,29.784,45.13,65.083,69.9,78.346,73.701,53.768,3511,3511,18.497,17.664,31.993,46.698,63.338,68.46,77.175,69.146,49.675,3511,3511,4.834,28.065,31.023,38.056,64.083,84.503,93.833,80.429,57.626
3512,3512,6.4343,24.077,30.436,43.304,67.245,69.193,77.094,74.353,52.849,3512,3512,12.817,22.425,31.26,42.339,67.614,71.747,76.194,69.875,49.35,3512,3512,3.8597,16.493,28.508,40.038,64.767,81.291,92.322,79.497,56.509
3513,3513,16.763,23.544,27.009,39.369,66.698,67.796,74.845,73.497,53.133,3513,3513,15.857,19.586,24.245,42.107,62.848,66.777,72.562,71.455,51.508,3513,3513,4.8897,18.02,30.902,38.799,63.415,79.622,89.71,79.967,56.206
3514,3514,11.41,24.398,26.318,40.486,60.571,67.437,73.368,72.408,51.154,3514,3514,12.148,25.057,26.727,43.991,63.015,67.176,69.289,77.353,57.209,3514,3514,3.2776,23.746,35.95,41.981,61.796,81.203,86.352,75.874,52.856
3515,3515,12.412,25.844,30.036,40.411,60.808,63.248,69.682,70.616,50.864,3515,3515,11.233,22.521,23.942,40.335,63.248,69.236,66.277,68.502,49.365,3515,3515,-0.86696,27.198,33.492,39.574,61.396,77.447,86.93,74.29,51.724
3516,3516,10.601,24.186,28.14,44.358,58.828,65.128,68.803,67.645,48.92,3516,3516,8.9839,28.275,31.315,40.455,63.669,68.243,64.292,69.965,52.224,3516,3516,-5.0379,33.359,38.922,41.182,59.921,79.586,84.415,72.658,50.12
3517,3517,5.9992,23.056,29.768,42.906,58.502,60.798,63.748,69.687,48.888,3517,3517,9.8846,21.827,28.268,42.747,61.64,63.66,60.921,68.971,48.363,3517,3517,-7.694,32.561,28.462,39.404,59.691,77.663,79.623,68.46,46.704
3518,3518,6.6513,21.998,28.65,39.76,55.738,59.158,64.626,61.425,45.426,3518,3518,12.205,18.971,28.205,40.358,59.568,65.018,61.66,58.403,41.588,3518,3518,-2.1878,21.906,33.083,40.196,57.487,77.032,80.615,66.991,45.574
3519,3519,-1.8327,25.377,32.523,37.725,54.249,53.093,56.275,59.636,43.697,3519,3519,10.261,22.508,30.352,43.406,58.174,62.015,55.704,56.791,40.821,3519,3519,-0.627,28.101,33.01,34.995,54.487,69.414,71.041,60.214,41.316
3520,3520,1.1598,25.485,28.98,37.72,56.557,54.803,51.519,55.762,44.847,3520,3520,12.543,19.028,32.078,38.301,66.731,69.665,52.355,55.262,40.576,3520,3520,6.1465,27.929,30.352,35.975,60.079,66.883,65.588,55.414,39.559
3521,3521,12.826,24.952,29.366,39.749,54.909,53.516,51.974,53.983,42.886,3521,3521,14.131,26.277,29.009,43.683,58.525,58.172,51.772,54.822,40.551,3521,3521,-0.45785,26.549,29.472,40.489,54.44,62.469,64.204,56.054,40.92
3522,3522,10.827,23.17,24.026,40.428,52.455,55.229,58.6,54.033,43.693,3522,3522,13.34,21.259,31.553,41.814,57.6,62.372,57.806,53.301,39.799,3522,3522,6.8162,28.71,30.893,39.332,56.288,71.243,71.268,56.812,40.407
3523,3523,13.943,21.133,29.805,43.182,60.709,59.922,57.848,58.743,43.461,3523,3523,11.684,21.343,31.357,43.753,59.489,61.243,55.019,58.822,40.877,3523,3523,3.0395,23.47,31.979,39.487,56.105,66.364,77.636,68.359,45.571
3524,3524,7.9503,16.825,28.61,38.69,58.422,57.207,52.238,56.463,45.224,3524,3524,16.494,20.006,32.246,42.268,55.439,57.612,49.176,56.614,41.657,3524,3524,1.1849,23.972,33.868,39.842,52.424,57.248,69.038,63.697,41.946
3525,3525,13.213,18.477,30.309,38.569,52.814,53.911,60.854,62.535,45.373,3525,3525,10.197,18.828,32.914,39.74,56.376,59.965,57.969,64.143,45.043,3525,3525,1.4546,27.628,32.547,38.658,55.992,66.964,79.783,73.762,48.944
3526,3526,13.374,23.229,29.5,38.432,56.578,58.549,60.948,61.094,45.425,3526,3526,19.611,20.911,27.828,42.471,62.673,66.809,57.932,63.578,45.356,3526,3526,-0.94977,23.248,26.761,38.5,57.797,67.752,79.22,71.568,47.617
3527,3527,20.23,20.655,31.243,38.839,51.768,53.56,61.251,65.206,46.22,3527,3527,24.43,24.58,29.874,40.108,55.649,58.696,58.219,64.633,45.772,3527,3527,1.9559,21.814,30.146,37.62,51.087,63.964,83.803,77.296,52.448
3528,3528,16.132,20.596,30.731,44.406,54.855,54.497,54.933,57.384,44.508,3528,3528,19.651,17.08,33.236,39.079,56.34,55.488,47.711,56.508,40.719,3528,3528,4.1156,22.925,32.941,37.206,55.448,61.32,71.749,63.816,42.476
3529,3529,16.027,23.589,29.184,39.986,45.261,42.761,48.058,52.891,42.791,3529,3529,18.371,20.513,24.241,38.946,53.58,53.09,45.343,54.37,39.894,3529,3529,6.9931,21.299,27.383,36.887,48.043,55.796,62.951,56.407,39.454
3530,3530,11.831,25.063,29.868,42.203,50.042,48.771,45.007,53.441,44.686,3530,3530,17.977,23.463,27.209,36.89,51.882,47.84,44.536,52.458,39.442,3530,3530,2.955,26.857,28.173,36.579,47.066,55.788,61.123,54.157,39.269
3531,3531,12.156,22.691,28.787,40.402,48.848,46.116,44.78,52.235,42.839,3531,3531,11.018,20.076,28.629,39.61,51.142,50.587,43.632,53.318,39.619,3531,3531,1.6022,22.722,32.929,39.423,47.903,54.929,58.963,51.551,39.086
3532,3532,10.959,21.596,25.733,44.634,49.815,46.85,49.073,52.984,45.017,3532,3532,7.4247,27.427,25.889,45.173,52.337,51.662,47.069,52.435,39.348,3532,3532,6.5349,25.959,31.57,39.187,48.498,58.657,63.408,56.39,39.738
3533,3533,20.092,20.521,31.098,41.345,50.036,48.157,50.242,53.839,42.689,3533,3533,23.369,26.491,26.938,43.28,51.933,56.397,46.653,53.701,39.719,3533,3533,6.3486,21.3,33.819,37.752,48.435,56.201,64.614,55.552,39.301
3534,3534,17.594,18.875,24.865,38.732,45.229,41.221,48.454,52.138,45.176,3534,3534,22.354,24.204,26.529,38.954,46.282,47.074,45.293,52.729,39.53,3534,3534,6.2671,25.095,31.136,36.86,43.536,53.657,60.704,53.724,39.871
3535,3535,10.293,22.332,30.264,40.787,47.684,45.362,46.13,52.969,43.687,3535,3535,12.735,25.33,30.497,38.624,47.139,47.747,43.968,53.207,39.548,3535,3535,6.4658,26.877,32.382,37.668,46.436,54.173,58.42,51.404,40.199
3536,3536,12.611,25.879,31.429,39.799,49.753,50.805,52.239,53.885,44.95,3536,3536,18.175,25.648,30.94,41.352,54.489,58.417,48.457,54.155,40.329,3536,3536,8.767,22.123,32.098,39.998,52.975,62.935,64.838,58.346,39.945
3537,3537,9.9335,28.29,32.279,38.519,55.845,55.443,54.647,56.862,43.366,3537,3537,9.4324,24.051,30.828,42.869,56.898,59.6,53.136,53.034,39.628,3537,3537,2.693,28.266,35.37,40.167,54.291,68.505,70.718,59.05,40.362
3538,3538,11.967,28.237,30.843,39.313,50.39,48.79,52.114,55.567,44.527,3538,3538,18.872,24.268,33.444,42.334,50.455,50.158,49.226,53.741,39.848,3538,3538,1.4435,26.339,37.427,36.106,49.359,58.901,67.182,60.84,41.476
3539,3539,10.739,29.679,33.758,37.084,52.73,51.853,52.773,57.576,43.273,3539,3539,13.337,21.875,32.118,42.687,51.836,52.098,51.383,56.653,40.438,3539,3539,1.9975,19.868,32.294,37.023,51.115,60.541,66.826,60.859,40.712
3540,3540,8.1781,20.361,30.423,38.938,52.573,52.424,52.49,57.694,45.082,3540,3540,8.8977,16.91,32.739,43.274,59.489,58.12,50.988,55.511,40.036,3540,3540,0.82286,24.264,37.783,38.491,56.051,62.903,69.398,60.447,41.331
3541,3541,16.416,22.522,30.706,40.798,56.174,53.326,55.554,56.593,42.79,3541,3541,18.163,25.75,32.974,41.462,55.8,56.803,51.897,54.804,39.516,3541,3541,4.5469,20.862,35.504,39.731,53.289,62.182,70.036,61.134,40.683
3542,3542,18.213,22.2,28.982,44.347,60.973,58.059,58.813,57.764,44.797,3542,3542,20.726,25.239,27.752,44.218,63.967,64.775,56.381,57.215,40.436,3542,3542,3.5791,28.103,33.336,38.448,61.345,67.033,74.513,66.853,44
3543,3543,10.734,28.526,30.186,45.561,65.982,61.976,61.002,56.528,43.596,3543,3543,13.881,28.227,29.178,46.661,68.538,67.043,55.981,55.001,40.416,3543,3543,7.181,30.378,35.679,42.351,62.374,67.52,71.082,59.915,41.026
3544,3544,9.0789,21.43,30.922,48.252,62.992,61.01,63.723,58.655,45.668,3544,3544,9.5303,26.351,32.151,45.704,64.547,64.832,61.616,57.786,41.535,3544,3544,1.0341,25.127,32.038,42.929,64.923,73.932,74.307,62.82,43.003
3545,3545,7.3127,26.513,33.597,48.49,71.54,69.731,66.548,63.572,47.068,3545,3545,7.5893,21.47,29.331,50.374,73.337,72.437,63.314,57.856,41.703,3545,3545,1.2483,21.571,32.586,46.667,65.627,76.305,77.505,65.569,45.366
3546,3546,4.6612,23.003,35.447,56.901,71.423,69.586,67.258,63.156,47.871,3546,3546,14.711,23.513,32.75,58.535,71.915,71.527,64.309,59.741,43.611,3546,3546,5.8053,20.188,39.204,46.665,65.778,76.432,80.299,68.394,47.004
3547,3547,10.915,22.734,37.274,51.222,70.971,68.519,66.568,60.529,45.472,3547,3547,16.832,21.429,33.339,57.847,72.021,73.216,63.994,60.177,43.238,3547,3547,5.8037,19.484,36.401,48.678,67.257,76.301,76.549,64.514,44.627
3548,3548,14.344,27.03,36.502,53.839,67.55,66.137,63.404,55.059,45.382,3548,3548,20.246,21.205,32.364,59.671,71.393,69.957,62.271,55.483,41.448,3548,3548,4.2096,21.95,34.765,49.988,65.792,73.344,72.86,60.792,42.957
3549,3549,10.209,25.447,33.653,52.534,68.422,65.325,60.36,55.513,43.026,3549,3549,22.649,28.253,33.959,59.98,67.21,67.859,58.449,55.298,40.084,3549,3549,2.8817,17.681,28.607,49.04,63.5,69.376,71.193,57.488,40.883
3550,3550,8.4842,21.095,27.404,46.597,62.572,60.849,58.568,60.725,45.296,3550,3550,22.238,25.695,29.866,52.294,64.496,64.096,57.236,60.509,42.359,3550,3550,0.27306,19.587,36.391,46.739,60.153,67.639,76.633,69.936,46.109
3551,3551,16.509,25.035,28.754,47.086,58.997,56.175,57.954,61.536,43.622,3551,3551,19.835,21.339,31.321,44.416,59.525,58.825,54.052,56.866,40.035,3551,3551,-8.9404,29.229,35.752,41.902,58.483,63.087,73.107,65.858,42.36
3552,3552,15.463,22.353,33.387,42.295,55.455,53.601,53.558,54.687,43.71,3552,3552,14.421,20.736,29.325,41.95,57.09,58.858,51.777,54.153,39.849,3552,3552,-4.0657,23.011,31.69,41.64,55.263,64.714,65.966,57.311,39.14
3553,3553,13.182,28.175,32.191,40.251,55.085,53.259,52.036,56.933,43.343,3553,3553,12.371,22.424,31.955,39.257,57.999,62.206,50.178,57.072,42.052,3553,3553,2.1392,19.846,31.387,40.164,53.371,63.567,66.249,57.402,41.714
3554,3554,0.45456,24.378,24.369,40.76,58.213,55.932,50.665,54.32,43.853,3554,3554,7.3973,18.034,28.716,39.942,60.606,63.022,49.674,55.31,41.028,3554,3554,-2.2538,21.967,34.596,40.553,53.126,61.408,64.26,57.988,40.41
3555,3555,7.728,24.554,27.275,39.146,59.618,54.977,53.622,55.584,42.132,3555,3555,6.5744,18.865,27.474,45.061,61.64,60.785,49.844,55.125,40.183,3555,3555,-0.12975,20.168,31.511,43.561,57.237,63.621,70.807,62.993,41.291
3556,3556,7.7453,22.695,31.352,37.917,56.238,55.976,53.331,56.685,44.469,3556,3556,11.084,22.531,31.175,43.611,59.603,61.743,54.911,59.351,43.306,3556,3556,1.8832,21.17,33.827,42.129,54.301,65.261,72.434,62.474,42.098
3557,3557,7.379,25.615,24.687,39.588,54.998,53.061,54.043,58.933,43.85,3557,3557,4.9032,17.08,27.117,39.558,55.995,59.289,53.264,61.126,45.655,3557,3557,-1.4248,21.683,30.57,40.294,52.304,61.812,72.843,63.959,42.914
3558,3558,4.9749,14.521,26.733,41.296,48.827,46.679,54.746,64.624,47.398,3558,3558,8.2854,25.59,29.187,43.135,58.292,60.273,54.192,65.434,48.24,3558,3558,2.2568,23.294,33.339,39.496,51.501,62.226,72.69,67.215,45.037
3559,3559,4.3913,25.512,27.225,39.885,51.829,51.766,57.949,72.701,53.432,3559,3559,9.3586,9.6612,30.049,41.431,58.936,62.245,56.575,73.572,54.291,3559,3559,8.8725,23.546,30.69,35.799,50.864,61.977,73.592,68.889,47.179
3560,3560,2.3027,21.29,32.245,41.226,49.536,46.981,48.301,54.082,40.962,3560,3560,8.1005,19.517,33.217,40.3,52.608,55.679,49.461,53.268,39.487,3560,3560,8.8581,25.8,34.726,40.036,49.802,59.313,62.572,53.878,38.26
3561,3561,8.5115,18.081,31.089,39.621,53.833,51.919,59.4,70.76,50.276,3561,3561,4.2049,18.047,30.027,41.853,55.568,56.415,58.743,75.821,55.318,3561,3561,4.5321,28.023,35.063,39.87,52.721,62.354,73.191,70.74,47.204
3562,3562,4.6342,25.235,31.656,43.346,57.75,59.22,58.038,58.102,42.996,3562,3562,1.6434,20.266,33.792,45.997,59.484,62.756,58.606,56.866,40.86,3562,3562,-4.2903,24.238,29.721,40.738,57.111,67.326,73.883,63.298,42.033
3563,3563,-5.3058,24.646,31.346,46.2,60.67,60.693,61.302,59.713,44.996,3563,3563,5.2389,10.17,29.098,46.548,64.176,68.248,61.305,60.514,42.739,3563,3563,-0.76735,22.822,38.002,43.367,59.437,67.668,75.338,64.22,42.599
3564,3564,-4.1286,25.392,29.822,45.329,62.943,63.678,63.172,60.11,43.52,3564,3564,11.88,26.703,30.456,43.275,64.65,68.265,62.992,57.892,42.383,3564,3564,1.0024,31.491,36.79,39.715,60.36,70.071,76.321,64.006,43.344
3565,3565,9.2731,23.338,32.301,50.771,63.455,64.46,62.591,63.501,47.747,3565,3565,17.69,24.805,28.6,43.28,63.587,67.065,61.517,62.121,45.186,3565,3565,2.4342,32.559,36.774,43.741,61,70.274,76.21,65.163,44.107
3566,3566,6.4402,17.272,31.384,53.619,60.923,61.093,60.001,63.911,47.669,3566,3566,14.823,25.164,29.787,48.731,64.671,66.859,61.125,65.312,47.68,3566,3566,9.0374,31.717,40.788,43.741,61.497,68.158,75.503,66.692,45.772
3567,3567,6.9817,18.199,31.703,48.876,59.913,58.094,57.943,67.891,49.489,3567,3567,7.6441,17.255,31.254,49.481,63.577,68.87,56.33,67.496,50.534,3567,3567,5.1013,28.581,35.51,43.549,62.158,67.903,72.244,64.206,44.578
3568,3568,11.131,19.793,38.231,50.572,57.077,56.691,60.06,59.92,44.153,3568,3568,10.028,20.177,33.61,47.228,61.305,64.44,59.764,59.06,43.358,3568,3568,-1.2163,25.209,35.492,39.511,59.717,65.677,74.947,64.822,43.812
3569,3569,6.8425,18.553,32.216,46.724,58.395,58.575,65.823,65.701,47.817,3569,3569,6.2188,22.07,30.929,47.231,60.257,63.445,66.703,64.347,47.621,3569,3569,-8.7863,27.649,36.418,42.53,61.514,71.888,82.433,71.546,48.799
3570,3570,7.4727,29.805,31.366,45.666,57.141,57.297,69.234,70.85,51.301,3570,3570,7.017,12.363,32.023,47.536,63.022,59.622,69.762,71.865,53.523,3570,3570,3.2793,28.338,31.059,42.872,63.002,71.148,82.491,73.146,50.09
3571,3571,11.508,22.186,32.605,51.201,65.829,63.648,71.609,68.991,48.937,3571,3571,12.164,22.726,38.174,54.299,66.564,64.556,70.259,65.632,47.01,3571,3571,5.9349,23.984,28.52,44.685,63.935,72.113,83.939,74.455,50.415
3572,3572,14.443,24.326,34.256,53.933,67.406,65.541,72.664,69.571,49.576,3572,3572,5.932,22.928,38.784,55.086,65.007,65.576,71.839,65.926,47.83,3572,3572,-1.4264,28.85,36.805,46.251,61.782,72.847,86.065,75.635,52.102
3573,3573,21.406,33.24,41.095,55.817,66.062,65.277,76.697,71.934,50.949,3573,3573,16.114,31.956,40.145,52.022,66.319,64.957,73.509,67.88,48.503,3573,3573,1.0692,18.738,36.726,48.268,63.08,74.816,92.402,80.555,57.397
3574,3574,22.491,26.118,37.075,53.12,67.033,66.398,78.573,72.717,51.398,3574,3574,25.115,31.256,37.851,52.185,66.099,67.056,74.207,68.42,48.612,3574,3574,1.2632,25.605,36.521,44.238,63.071,79.04,92.937,80.605,57.397
3575,3575,9.8373,27.336,37.564,57.117,66.792,70.429,80,73.387,52.48,3575,3575,19.68,23.09,40.032,59.64,65.805,67.754,75.675,68.671,48.326,3575,3575,8.0805,20.22,31.088,46.127,63.17,83.074,94.081,81.889,58.607
3576,3576,12.122,28.463,32.796,52.248,66.659,70.052,77.553,72.954,52.045,3576,3576,18.955,26,35.297,47.937,63.079,67.167,74.438,68.497,48.911,3576,3576,1.7939,17.19,26.354,42.735,61.914,83.486,93.016,80.964,57.691
3577,3577,15.801,26.071,30.344,49.06,59.073,68.772,74.664,71.791,51.36,3577,3577,15.563,25.837,31.849,50.281,59.042,63.315,69.182,69.545,51.132,3577,3577,-1.128,26.359,35.466,40.769,60.37,82.298,87.685,74.16,51.148
3578,3578,13.955,21.735,28.55,46.777,64.331,65.184,70.78,68.747,49.006,3578,3578,13.164,27.669,30.566,48.766,66.736,68.173,66.622,65.461,46.195,3578,3578,2.5788,27.014,31.619,44.219,61.872,76.179,86.282,73.132,49.645
3579,3579,8.9034,18.617,33.989,44.931,60.29,63.437,69.417,73.042,53.091,3579,3579,11.176,24.208,33.227,45.922,59.569,64.855,65.573,69.821,49.618,3579,3579,4.8395,24.231,29.228,42.581,58.862,77.986,84.174,73.478,49.904
3580,3580,4.3393,20.861,28.622,49.209,55.789,58.259,63.796,68.672,49.539,3580,3580,14.629,22.116,34.826,54.131,60.88,62.235,61.104,68.006,50.439,3580,3580,6.0922,24.09,29.701,41.314,57.675,73.949,78.836,69.71,47.41
3581,3581,4.3379,26.074,30.041,50.971,61.221,60.609,65.561,64.284,47.005,3581,3581,11.325,28.15,35.731,52.979,63.992,64.656,62.721,63.363,45.282,3581,3581,-0.4126,22.845,29.195,42.662,63.583,78.347,82.528,70.767,48.249
3582,3582,16.206,23.372,37.152,53.613,55.732,54.404,58.651,64.213,46.48,3582,3582,12.606,28.115,24.024,50.119,66.372,64.988,55.707,64.617,47.559,3582,3582,2.361,24.503,35.875,45.763,61.015,69.794,75.465,67.088,45.004
3583,3583,18.099,25.262,31.363,49.237,54.801,53.93,54.309,62.475,46.831,3583,3583,6.5332,25.211,29.84,50.274,65.519,64.985,53.267,66.128,47.601,3583,3583,4.6056,18.398,27.765,46.089,62.026,67.177,68.222,62.1,43.078
3584,3584,15.646,24.054,28.826,46.96,54.478,52.352,55.696,61.723,45.137,3584,3584,8.9483,26.667,30.259,47.879,57.742,50.913,53.143,61.911,43.83,3584,3584,4.1055,21.057,31.06,44.396,54.749,61.449,74.719,65.03,43.796
3585,3585,15.42,23.236,31.654,44.123,51.614,51.856,59.287,67.242,47.187,3585,3585,10.23,25.02,26.073,44.718,52.904,54.709,57.366,69.12,49.222,3585,3585,-2.9718,19.593,31.505,36.959,49.217,68.106,73.782,68.547,44.956
3586,3586,19.015,26.965,28.331,45.864,54.665,54.234,53.67,53.78,42.149,3586,3586,16.398,21.915,32.725,46.685,57.323,59.443,52.043,52.217,38.623,3586,3586,-0.77026,27.236,33.837,40.108,53.586,67.197,69.09,58.46,39.254
3587,3587,11.819,29.64,32.413,44.542,54.379,52.361,57.355,63.465,45.747,3587,3587,15.896,19.963,27.876,45.096,56.375,58.588,54.72,59.517,42.211,3587,3587,1.2829,20.743,33.078,37.603,50.165,64.046,71.768,62.148,41.583
3588,3588,8.2878,28.818,31.464,41.055,49.274,44.716,47.109,55.165,43.588,3588,3588,23.38,19.747,31.382,43.644,52.267,52.898,45.776,53.919,40.531,3588,3588,6.6587,22.51,32.564,37.905,47.931,53.375,60.684,53.716,40.444
3589,3589,15.048,27.837,31.599,40.828,49.963,45.901,45.029,50.703,43.97,3589,3589,21.19,22.787,27.199,41.994,49.888,50.504,44.47,51.296,39.215,3589,3589,2.8296,25.223,29.126,38.508,43.993,52.775,58.682,50.397,39
3590,3590,18.166,23.449,25.177,41.507,47.256,44.977,44.289,50.766,41.709,3590,3590,22.318,22.202,29.425,43.609,49.997,50.71,43.501,53.286,39.901,3590,3590,8.5794,21.646,31.046,35.231,46.896,53.19,57.486,50.515,39.483
3591,3591,8.8884,23.823,29.032,41.66,48.444,46.819,46.734,52.739,44.586,3591,3591,21.938,26.309,29.648,46.53,51.376,52.493,47.094,54.933,40.149,3591,3591,8.836,15.791,30.474,38.336,45.67,55.765,61.677,56.05,41.262
3592,3592,10.899,26.246,26.101,40.596,49.49,44.832,46.124,52.995,42.594,3592,3592,23.692,24.4,29.661,39.29,50.756,52.57,44.988,53.383,39.79,3592,3592,6.5843,19.742,31.979,36.01,50.096,58.458,60.473,53.503,39.473
3593,3593,13.568,18.523,28.093,37.272,45.715,44.037,43.725,50.765,43.43,3593,3593,19.044,21.483,30.598,40.296,49.534,47.23,41.939,51.799,38.785,3593,3593,-4.2876,13.705,28.593,37.858,48.724,54.149,55.686,49.995,38.916
3594,3594,16.998,18.465,31.04,38.868,47.24,43.436,46.417,51.736,41.085,3594,3594,24.093,13.764,28.519,39.63,48.808,46.207,44.982,52.253,38.768,3594,3594,-3.5606,18.702,30.568,40.47,47.646,54.104,56.648,49.932,38.164
3595,3595,15.284,19.352,27.874,37.965,47.077,44.515,43.963,50.435,43.249,3595,3595,21.813,21.831,31.164,41.372,49.476,46.383,43.116,50.036,38.665,3595,3595,-0.95163,20.552,31.054,38.912,50.094,53.434,55.617,49.172,39.37
3596,3596,14.439,28.216,29.269,39.569,47.226,43.29,43.815,51.675,41.585,3596,3596,17.112,26.413,27.387,41.819,48.654,45.986,43.697,50.911,38.821,3596,3596,-0.69051,20.585,27.372,38.559,47.765,53.33,55.941,51.861,39.222
3597,3597,19.684,21.656,28.014,41.946,51.398,46.806,45.909,48.984,43.598,3597,3597,24.118,19.726,26.327,44.775,52.06,44.776,45.441,51.689,38.508,3597,3597,0.66158,13.203,28.234,38.709,52.596,54.483,58.473,51.533,38.952
3598,3598,17.606,21.694,28.796,46.62,52.619,47.355,49.487,50.411,41.316,3598,3598,19.235,22.679,28.89,44.415,53.53,51.146,45.764,50.111,37.905,3598,3598,-1.8624,18.264,29.097,43.333,53.307,61.504,60.683,51.083,38.966
3599,3599,5.9153,18.99,27.193,45.203,52.194,49.973,51.478,52.91,43.478,3599,3599,13.703,18.356,29.345,40.412,56.569,56.142,48.349,51.291,39.512,3599,3599,3.1118,24.743,28.37,36.994,51.887,67.189,64.175,53.366,39.819
3600,3600,-Inf,-Inf,-Inf,-Inf,-Inf,-Inf,-Inf,-Inf,-Inf,3600,3600,-Inf,-Inf,-Inf,-Inf,-Inf,-Inf,-Inf,-Inf,-Inf,3600,3600,-Inf,-Inf,-Inf,-Inf,-Inf,-Inf,-Inf,-Inf,-Inf
