9999,9999,1,2,4,7.9433,15.849,31.623,63.096,125.89,251.19,9999,9999,1,2,4,7.9433,15.849,31.623,63.096,125.89,251.19,9999,9999,1,2,4,7.9433,15.849,31.623,63.096,125.89,251.19
1,1,-Inf,-Inf,-Inf,-Inf,-Inf,-Inf,-Inf,-Inf,-Inf,1,1,19.971,32.62,34.022,44.108,51.136,53.03,50.372,55.519,48.768,1,1,20.68,26.826,35.662,33.845,47.361,51.414,49.722,45.603,43.709
2,2,-Inf,-Inf,-Inf,-Inf,-Inf,-Inf,-Inf,-Inf,-Inf,2,2,27.27,21.589,8.109,-12.742,-60.687,-161.5,-386.11,-621.03,-1411.7,2,2,18.089,6.8501,11.432,-21.878,-75.494,-163.08,-386.28,-629.29,-1415.4
3,3,-Inf,-Inf,-Inf,-Inf,-Inf,-Inf,-Inf,-Inf,-Inf,3,3,19.324,10.709,-13.311,-67.98,-167.95,-376.21,-818.25,-1295.1,-2867.9,3,3,11.276,-3.1731,-9.7535,-77.033,-182.92,-378.02,-818.84,-1303.3,-2871.7
4,4,-Inf,-Inf,-Inf,-Inf,-Inf,-Inf,-Inf,-Inf,-Inf,4,4,15.719,0.29895,-34.991,-120.32,-275.23,-590.93,-1251,-1969.3,-Inf,4,4,6.3782,-13.397,-31.07,-129.38,-290.39,-592.99,-1252.8,-1977.3,-Inf
5,5,-Inf,-Inf,-Inf,-Inf,-Inf,-Inf,-Inf,-Inf,-Inf,5,5,8.3328,-9.7178,-56.641,-175.43,-382.54,-805.66,-1685.1,-2643.4,-Inf,5,5,0.9893,-24.31,-52.514,-184.61,-397.88,-807.97,-1686.6,-2651.3,-Inf
6,6,-Inf,-Inf,-Inf,-Inf,-Inf,-Inf,-Inf,-Inf,-Inf,6,6,5.0227,-19.378,-78.111,-228.11,-489.89,-1020.4,-2118.7,-Inf,-Inf,6,6,-3.6275,-34.862,-74.104,-237.08,-505.41,-1023,-2118.8,-Inf,-Inf
7,7,-Inf,-Inf,-Inf,-Inf,-Inf,-Inf,-Inf,-Inf,-Inf,7,7,-1.9364,-29.114,-99.399,-282.67,-597.26,-1235.2,-2550.8,-Inf,-Inf,7,7,-10.071,-45.262,-95.811,-291.93,-612.96,-1238,-2551.5,-Inf,-Inf
8,8,-Inf,-Inf,-Inf,-Inf,-Inf,-Inf,-Inf,-Inf,-Inf,8,8,-5.2245,-39.118,-120.57,-336.06,-704.68,-1449.9,-2983.7,-Inf,-Inf,8,8,-13.23,-55.346,-117.57,-344.97,-720.52,-1453,-2985.6,-Inf,-Inf
9,9,-Inf,-Inf,-Inf,-Inf,-Inf,-Inf,-Inf,-Inf,-Inf,9,9,-11.686,-49.429,-141.73,-389.84,-812.13,-1664.7,-Inf,-Inf,-Inf,9,9,-20.425,-65.088,-139.3,-399.1,-828.1,-1667.9,-Inf,-Inf,-Inf
10,10,-Inf,-Inf,-Inf,-Inf,-Inf,-Inf,-Inf,-Inf,-Inf,10,10,-15.894,-59.967,-162.96,-444.07,-919.61,-1879.6,-Inf,-Inf,-Inf,10,10,-23.533,-74.778,-160.9,-452.97,-935.68,-1882.9,-Inf,-Inf,-Inf
11,11,-Inf,-Inf,-Inf,-Inf,-Inf,-Inf,-Inf,-Inf,-Inf,11,11,-20.968,-70.512,-184.3,-497.07,-1027.1,-2094.4,-Inf,-Inf,-Inf,11,11,-29.877,-84.667,-182.32,-506.3,-1043.3,-2097.9,-Inf,-Inf,-Inf
12,12,-Inf,-Inf,-Inf,-Inf,-Inf,-Inf,-Inf,-Inf,-Inf,12,12,-26.871,-80.779,-205.8,-552.01,-1134.7,-2309.3,-Inf,-Inf,-Inf,12,12,-34.328,-94.861,-203.57,-560.96,-1150.8,-2312.8,-Inf,-Inf,-Inf
13,13,-Inf,-Inf,-Inf,-Inf,-Inf,-Inf,-Inf,-Inf,-Inf,13,13,-30.487,-90.659,-227.44,-604.47,-1242.2,-2524.2,-Inf,-Inf,-Inf,13,13,-39.176,-105.33,-224.73,-613.62,-1258.3,-2527.7,-Inf,-Inf,-Inf
14,14,-Inf,-Inf,-Inf,-Inf,-Inf,-Inf,-Inf,-Inf,-Inf,14,14,-37.535,-100.34,-249.17,-659.72,-1349.8,-2739.1,-Inf,-Inf,-Inf,14,14,-45.281,-115.91,-245.9,-668.79,-1365.8,-2742.6,-Inf,-Inf,-Inf
15,15,-Inf,-Inf,-Inf,-Inf,-Inf,-Inf,-Inf,-Inf,-Inf,15,15,-40.505,-110.11,-270.94,-712.07,-1457.4,-2954,-Inf,-Inf,-Inf,15,15,-48.767,-126.31,-267.15,-721.13,-1473.2,-2957.5,-Inf,-Inf,-Inf
16,16,-Inf,-Inf,-Inf,-Inf,-Inf,-Inf,-Inf,-Inf,-Inf,16,16,-47.423,-120.14,-292.63,-767.16,-1565,-Inf,-Inf,-Inf,-Inf,16,16,-55.865,-136.33,-288.54,-776.34,-1580.6,-Inf,-Inf,-Inf,-Inf
17,17,-Inf,-Inf,-Inf,-Inf,-Inf,-Inf,-Inf,-Inf,-Inf,17,17,-51.037,-130.48,-314.17,-819.88,-1672.5,-Inf,-Inf,-Inf,-Inf,17,17,-58.846,-146.05,-310.08,-828.84,-1687.9,-Inf,-Inf,-Inf,-Inf
18,18,-Inf,-Inf,-Inf,-Inf,-Inf,-Inf,-Inf,-Inf,-Inf,18,18,-56.766,-141.03,-335.52,-874.38,-1780,-Inf,-Inf,-Inf,-Inf,18,18,-65.664,-155.76,-331.75,-883.64,-1795.2,-Inf,-Inf,-Inf,-Inf
19,19,-Inf,-Inf,-Inf,-Inf,-Inf,-Inf,-Inf,-Inf,-Inf,19,19,-61.941,-151.56,-356.72,-927.83,-1887.5,-Inf,-Inf,-Inf,-Inf,19,19,-69.433,-165.67,-353.5,-936.74,-1902.5,-Inf,-Inf,-Inf,-Inf
20,20,-Inf,-Inf,-Inf,-Inf,-Inf,-Inf,-Inf,-Inf,-Inf,20,20,-66.147,-161.79,-377.88,-981.55,-1995,-Inf,-Inf,-Inf,-Inf,20,20,-74.981,-175.9,-375.25,-990.82,-2009.7,-Inf,-Inf,-Inf,-Inf
21,21,-Inf,-Inf,-Inf,-Inf,-Inf,-Inf,-Inf,-Inf,-Inf,21,21,-72.815,-171.63,-399.07,-1035.8,-2102.4,-Inf,-Inf,-Inf,-Inf,21,21,-80.362,-186.39,-396.91,-1044.7,-2117,-Inf,-Inf,-Inf,-Inf
22,22,-Inf,-Inf,-Inf,-Inf,-Inf,-Inf,-Inf,-Inf,-Inf,22,22,-75.934,-181.31,-420.37,-1088.8,-2209.7,-Inf,-Inf,-Inf,-Inf,22,22,-84.398,-196.97,-418.4,-1098,-2224.2,-Inf,-Inf,-Inf,-Inf
23,23,-Inf,-Inf,-Inf,-Inf,-Inf,-Inf,-Inf,-Inf,-Inf,23,23,-83.072,-191.1,-441.81,-1143.8,-2317.1,-Inf,-Inf,-Inf,-Inf,23,23,-91.191,-207.33,-439.7,-1152.7,-2331.4,-Inf,-Inf,-Inf,-Inf
24,24,-Inf,-Inf,-Inf,-Inf,-Inf,-Inf,-Inf,-Inf,-Inf,24,24,-86.241,-201.16,-463.4,-1196.2,-2424.3,-Inf,-Inf,-Inf,-Inf,24,24,-94.245,-217.31,-460.88,-1205.3,-2438.7,-Inf,-Inf,-Inf,-Inf
25,25,-Inf,-Inf,-Inf,-Inf,-Inf,-Inf,-Inf,-Inf,-Inf,25,25,-92.589,-211.53,-485.1,-1251.5,-2531.6,-Inf,-Inf,-Inf,-Inf,25,25,-101.35,-227.02,-482.03,-1260.5,-2546,-Inf,-Inf,-Inf,-Inf
26,26,-Inf,-Inf,-Inf,-Inf,-Inf,-Inf,-Inf,-Inf,-Inf,26,26,-97.01,-222.1,-506.87,-1303.8,-2638.8,-Inf,-Inf,-Inf,-Inf,26,26,-104.61,-236.74,-503.25,-1312.9,-2653.3,-Inf,-Inf,-Inf,-Inf
27,27,-Inf,-Inf,-Inf,-Inf,-Inf,-Inf,-Inf,-Inf,-Inf,27,27,-101.89,-232.6,-528.6,-1358.9,-2746,-Inf,-Inf,-Inf,-Inf,27,27,-110.81,-246.69,-524.59,-1368.1,-2760.6,-Inf,-Inf,-Inf,-Inf
28,28,-Inf,-Inf,-Inf,-Inf,-Inf,-Inf,-Inf,-Inf,-Inf,28,28,-107.97,-242.79,-550.2,-1411.6,-2853.3,-Inf,-Inf,-Inf,-Inf,28,28,-115.43,-256.95,-546.07,-1420.6,-2868,-Inf,-Inf,-Inf,-Inf
29,29,-Inf,-Inf,-Inf,-Inf,-Inf,-Inf,-Inf,-Inf,-Inf,29,29,-111.47,-252.6,-571.62,-1466.1,-2960.5,-Inf,-Inf,-Inf,-Inf,29,29,-120.12,-267.46,-567.7,-1475.4,-2975.4,-Inf,-Inf,-Inf,-Inf
30,30,-Inf,-Inf,-Inf,-Inf,-Inf,-Inf,-Inf,-Inf,-Inf,30,30,-118.56,-262.28,-592.87,-1519.6,-3068.3,-Inf,-Inf,-Inf,-Inf,30,30,-126.37,-278.02,-589.43,-1528.5,-Inf,-Inf,-Inf,-Inf,-Inf
31,31,-Inf,-Inf,-Inf,-Inf,-Inf,-Inf,-Inf,-Inf,-Inf,31,31,-121.54,-272.09,-614.03,-1573.3,-Inf,-Inf,-Inf,-Inf,-Inf,31,31,-129.75,-288.35,-611.19,-1582.5,-Inf,-Inf,-Inf,-Inf,-Inf
32,32,-Inf,-Inf,-Inf,-Inf,-Inf,-Inf,-Inf,-Inf,-Inf,32,32,-128.37,-282.19,-635.19,-1627.6,-Inf,-Inf,-Inf,-Inf,-Inf,32,32,-136.88,-298.29,-632.89,-1636.5,-Inf,-Inf,-Inf,-Inf,-Inf
33,33,-Inf,-Inf,-Inf,-Inf,-Inf,-Inf,-Inf,-Inf,-Inf,33,33,-132.12,-292.59,-656.45,-1680.5,-Inf,-Inf,-Inf,-Inf,-Inf,33,33,-139.89,-307.98,-654.45,-1689.7,-Inf,-Inf,-Inf,-Inf,-Inf
34,34,-Inf,-Inf,-Inf,-Inf,-Inf,-Inf,-Inf,-Inf,-Inf,34,34,-137.69,-303.16,-677.84,-1735.5,-Inf,-Inf,-Inf,-Inf,-Inf,34,34,-146.6,-317.72,-675.81,-1744.5,-Inf,-Inf,-Inf,-Inf,-Inf
35,35,-Inf,-Inf,-Inf,-Inf,-Inf,-Inf,-Inf,-Inf,-Inf,35,35,-143.05,-313.65,-699.37,-1787.9,-Inf,-Inf,-Inf,-Inf,-Inf,35,35,-150.52,-327.7,-697.03,-1797.1,-Inf,-Inf,-Inf,-Inf,-Inf
36,36,-Inf,-Inf,-Inf,-Inf,-Inf,-Inf,-Inf,-Inf,-Inf,36,36,-147.1,-323.78,-721.04,-1843.2,-Inf,-Inf,-Inf,-Inf,-Inf,36,36,-155.91,-337.99,-718.18,-1852.3,-Inf,-Inf,-Inf,-Inf,-Inf
37,37,-Inf,-Inf,-Inf,-Inf,-Inf,-Inf,-Inf,-Inf,-Inf,37,37,-153.88,-333.57,-742.79,-1895.6,-Inf,-Inf,-Inf,-Inf,-Inf,37,37,-161.47,-348.52,-739.37,-1904.6,-Inf,-Inf,-Inf,-Inf,-Inf
38,38,-Inf,-Inf,-Inf,-Inf,-Inf,-Inf,-Inf,-Inf,-Inf,38,38,-156.94,-343.25,-764.55,-1950.6,-Inf,-Inf,-Inf,-Inf,-Inf,38,38,-165.36,-359.08,-760.65,-1959.8,-Inf,-Inf,-Inf,-Inf,-Inf
39,39,-Inf,-Inf,-Inf,-Inf,-Inf,-Inf,-Inf,-Inf,-Inf,39,39,-164.05,-353.09,-786.2,-2003.4,-Inf,-Inf,-Inf,-Inf,-Inf,39,39,-172.25,-369.37,-782.08,-2012.4,-Inf,-Inf,-Inf,-Inf,-Inf
40,40,-Inf,-Inf,-Inf,-Inf,-Inf,-Inf,-Inf,-Inf,-Inf,40,40,-167.3,-363.22,-807.69,-2057.8,-Inf,-Inf,-Inf,-Inf,-Inf,40,40,-175.26,-379.27,-803.66,-2067.1,-Inf,-Inf,-Inf,-Inf,-Inf
41,41,-Inf,-Inf,-Inf,-Inf,-Inf,-Inf,-Inf,-Inf,-Inf,41,41,-173.51,-373.65,-829,-2111.4,-Inf,-Inf,-Inf,-Inf,-Inf,41,41,-182.32,-388.95,-825.36,-2120.3,-Inf,-Inf,-Inf,-Inf,-Inf
42,42,-Inf,-Inf,-Inf,-Inf,-Inf,-Inf,-Inf,-Inf,-Inf,42,42,-178.11,-384.23,-850.18,-2165,-Inf,-Inf,-Inf,-Inf,-Inf,42,42,-185.68,-398.71,-847.12,-2174.2,-Inf,-Inf,-Inf,-Inf,-Inf
43,43,-Inf,-Inf,-Inf,-Inf,-Inf,-Inf,-Inf,-Inf,-Inf,43,43,-182.83,-394.68,-871.33,-2219.4,-Inf,-Inf,-Inf,-Inf,-Inf,43,43,-191.73,-408.72,-868.86,-2228.3,-Inf,-Inf,-Inf,-Inf,-Inf
44,44,-Inf,-Inf,-Inf,-Inf,-Inf,-Inf,-Inf,-Inf,-Inf,44,44,-189.06,-404.78,-892.55,-2272.2,-Inf,-Inf,-Inf,-Inf,-Inf,44,44,-196.53,-419.04,-890.47,-2281.5,-Inf,-Inf,-Inf,-Inf,-Inf
45,45,-Inf,-Inf,-Inf,-Inf,-Inf,-Inf,-Inf,-Inf,-Inf,45,45,-192.45,-414.54,-913.88,-2327.3,-Inf,-Inf,-Inf,-Inf,-Inf,45,45,-201.06,-429.59,-911.91,-2336.3,-Inf,-Inf,-Inf,-Inf,-Inf
46,46,-Inf,-Inf,-Inf,-Inf,-Inf,-Inf,-Inf,-Inf,-Inf,46,46,-199.58,-424.22,-935.37,-2379.7,-Inf,-Inf,-Inf,-Inf,-Inf,46,46,-207.46,-440.13,-933.17,-2388.8,-Inf,-Inf,-Inf,-Inf,-Inf
47,47,-Inf,-Inf,-Inf,-Inf,-Inf,-Inf,-Inf,-Inf,-Inf,47,47,-202.58,-434.09,-956.99,-2434.9,-Inf,-Inf,-Inf,-Inf,-Inf,47,47,-210.74,-450.38,-954.33,-2444,-Inf,-Inf,-Inf,-Inf,-Inf
48,48,-Inf,-Inf,-Inf,-Inf,-Inf,-Inf,-Inf,-Inf,-Inf,48,48,-209.31,-444.26,-978.72,-2487.3,-Inf,-Inf,-Inf,-Inf,-Inf,48,48,-217.89,-460.24,-975.5,-2496.4,-Inf,-Inf,-Inf,-Inf,-Inf
49,49,-Inf,-Inf,-Inf,-Inf,-Inf,-Inf,-Inf,-Inf,-Inf,49,49,-213.21,-454.71,-1000.5,-2542.3,-Inf,-Inf,-Inf,-Inf,-Inf,49,49,-220.93,-469.92,-996.74,-2551.5,-Inf,-Inf,-Inf,-Inf,-Inf
50,50,-Inf,-Inf,-Inf,-Inf,-Inf,-Inf,-Inf,-Inf,-Inf,50,50,-218.62,-465.29,-1022.2,-2595.2,-Inf,-Inf,-Inf,-Inf,-Inf,50,50,-227.54,-479.69,-1018.1,-2604.1,-Inf,-Inf,-Inf,-Inf,-Inf
51,51,-Inf,-Inf,-Inf,-Inf,-Inf,-Inf,-Inf,-Inf,-Inf,51,51,-224.15,-475.71,-1043.7,-2649.5,-Inf,-Inf,-Inf,-Inf,-Inf,51,51,-231.62,-489.74,-1039.6,-2658.8,-Inf,-Inf,-Inf,-Inf,-Inf
52,52,-Inf,-Inf,-Inf,-Inf,-Inf,-Inf,-Inf,-Inf,-Inf,52,52,-228.06,-485.77,-1065.1,-2703.2,-Inf,-Inf,-Inf,-Inf,-Inf,52,52,-236.83,-500.1,-1061.3,-2712.1,-Inf,-Inf,-Inf,-Inf,-Inf
53,53,-Inf,-Inf,-Inf,-Inf,-Inf,-Inf,-Inf,-Inf,-Inf,53,53,-234.94,-495.5,-1086.3,-2756.7,-Inf,-Inf,-Inf,-Inf,-Inf,53,53,-242.57,-510.65,-1083,-2766,-Inf,-Inf,-Inf,-Inf,-Inf
54,54,-Inf,-Inf,-Inf,-Inf,-Inf,-Inf,-Inf,-Inf,-Inf,54,54,-237.96,-505.2,-1107.5,-2811.2,-Inf,-Inf,-Inf,-Inf,-Inf,54,54,-246.33,-521.17,-1104.8,-2820.1,-Inf,-Inf,-Inf,-Inf,-Inf
55,55,-Inf,-Inf,-Inf,-Inf,-Inf,-Inf,-Inf,-Inf,-Inf,55,55,-245.02,-515.1,-1128.7,-2864,-Inf,-Inf,-Inf,-Inf,-Inf,55,55,-253.3,-531.38,-1126.5,-2873.2,-Inf,-Inf,-Inf,-Inf,-Inf
56,56,-Inf,-Inf,-Inf,-Inf,-Inf,-Inf,-Inf,-Inf,-Inf,56,56,-248.37,-525.3,-1150,-2919,-Inf,-Inf,-Inf,-Inf,-Inf,56,56,-256.28,-541.21,-1148,-2928,-Inf,-Inf,-Inf,-Inf,-Inf
57,57,-Inf,-Inf,-Inf,-Inf,-Inf,-Inf,-Inf,-Inf,-Inf,57,57,-254.44,-535.77,-1171.4,-2971.4,-Inf,-Inf,-Inf,-Inf,-Inf,57,57,-263.28,-550.89,-1169.3,-2980.5,-Inf,-Inf,-Inf,-Inf,-Inf
58,58,-Inf,-Inf,-Inf,-Inf,-Inf,-Inf,-Inf,-Inf,-Inf,58,58,-259.22,-546.35,-1193,-3026.7,-Inf,-Inf,-Inf,-Inf,-Inf,58,58,-266.76,-560.69,-1190.5,-3035.8,-Inf,-Inf,-Inf,-Inf,-Inf
59,59,-Inf,-Inf,-Inf,-Inf,-Inf,-Inf,-Inf,-Inf,-Inf,59,59,-263.77,-556.74,-1214.6,-3079,-Inf,-Inf,-Inf,-Inf,-Inf,59,59,-272.65,-570.77,-1211.6,-Inf,-Inf,-Inf,-Inf,-Inf,-Inf
60,60,-Inf,-Inf,-Inf,-Inf,-Inf,-Inf,-Inf,-Inf,-Inf,60,60,-270.15,-566.75,-1236.4,-Inf,-Inf,-Inf,-Inf,-Inf,-Inf,60,60,-277.64,-581.15,-1232.8,-Inf,-Inf,-Inf,-Inf,-Inf,-Inf
61,61,-Inf,-Inf,-Inf,-Inf,-Inf,-Inf,-Inf,-Inf,-Inf,61,61,-273.44,-576.47,-1258.1,-Inf,-Inf,-Inf,-Inf,-Inf,-Inf,61,61,-282.01,-591.72,-1254.2,-Inf,-Inf,-Inf,-Inf,-Inf,-Inf
62,62,-Inf,-Inf,-Inf,-Inf,-Inf,-Inf,-Inf,-Inf,-Inf,62,62,-280.59,-586.18,-1279.8,-Inf,-Inf,-Inf,-Inf,-Inf,-Inf,62,62,-288.54,-602.22,-1275.6,-Inf,-Inf,-Inf,-Inf,-Inf,-Inf
63,63,-Inf,-Inf,-Inf,-Inf,-Inf,-Inf,-Inf,-Inf,-Inf,63,63,-283.63,-596.1,-1301.2,-Inf,-Inf,-Inf,-Inf,-Inf,-Inf,63,63,-291.74,-612.38,-1297.2,-Inf,-Inf,-Inf,-Inf,-Inf,-Inf
64,64,-Inf,-Inf,-Inf,-Inf,-Inf,-Inf,-Inf,-Inf,-Inf,64,64,-290.25,-606.34,-1322.5,-Inf,-Inf,-Inf,-Inf,-Inf,-Inf,64,64,-298.89,-622.18,-1319,-Inf,-Inf,-Inf,-Inf,-Inf,-Inf
65,65,-Inf,-Inf,-Inf,-Inf,-Inf,-Inf,-Inf,-Inf,-Inf,65,65,-294.3,-616.84,-1343.6,-Inf,-Inf,-Inf,-Inf,-Inf,-Inf,65,65,-301.99,-631.86,-1340.7,-Inf,-Inf,-Inf,-Inf,-Inf,-Inf
66,66,-Inf,-Inf,-Inf,-Inf,-Inf,-Inf,-Inf,-Inf,-Inf,66,66,-299.54,-627.41,-1364.8,-Inf,-Inf,-Inf,-Inf,-Inf,-Inf,66,66,-308.47,-641.68,-1362.4,-Inf,-Inf,-Inf,-Inf,-Inf,-Inf
67,67,-Inf,-Inf,-Inf,-Inf,-Inf,-Inf,-Inf,-Inf,-Inf,67,67,-305.26,-637.76,-1386,-Inf,-Inf,-Inf,-Inf,-Inf,-Inf,67,67,-312.71,-651.8,-1384,-Inf,-Inf,-Inf,-Inf,-Inf,-Inf
68,68,-Inf,-Inf,-Inf,-Inf,-Inf,-Inf,-Inf,-Inf,-Inf,68,68,-309.03,-647.73,-1407.4,-Inf,-Inf,-Inf,-Inf,-Inf,-Inf,68,68,-317.76,-662.21,-1405.4,-Inf,-Inf,-Inf,-Inf,-Inf,-Inf
69,69,-Inf,-Inf,-Inf,-Inf,-Inf,-Inf,-Inf,-Inf,-Inf,69,69,-315.99,-657.44,-1428.9,-Inf,-Inf,-Inf,-Inf,-Inf,-Inf,69,69,-323.67,-672.78,-1426.6,-Inf,-Inf,-Inf,-Inf,-Inf,-Inf
70,70,-Inf,-Inf,-Inf,-Inf,-Inf,-Inf,-Inf,-Inf,-Inf,70,70,-318.98,-667.16,-1450.6,-Inf,-Inf,-Inf,-Inf,-Inf,-Inf,70,70,-327.3,-683.25,-1447.8,-Inf,-Inf,-Inf,-Inf,-Inf,-Inf
71,71,-Inf,-Inf,-Inf,-Inf,-Inf,-Inf,-Inf,-Inf,-Inf,71,71,-325.98,-677.12,-1472.3,-Inf,-Inf,-Inf,-Inf,-Inf,-Inf,71,71,-334.34,-693.38,-1469,-Inf,-Inf,-Inf,-Inf,-Inf,-Inf
72,72,-Inf,-Inf,-Inf,-Inf,-Inf,-Inf,-Inf,-Inf,-Inf,72,72,-329.45,-687.38,-1494.1,-Inf,-Inf,-Inf,-Inf,-Inf,-Inf,72,72,-337.31,-703.15,-1490.2,-Inf,-Inf,-Inf,-Inf,-Inf,-Inf
73,73,-Inf,-Inf,-Inf,-Inf,-Inf,-Inf,-Inf,-Inf,-Inf,73,73,-335.36,-697.9,-1515.8,-Inf,-Inf,-Inf,-Inf,-Inf,-Inf,73,73,-344.23,-712.83,-1511.7,-Inf,-Inf,-Inf,-Inf,-Inf,-Inf
74,74,-Inf,-Inf,-Inf,-Inf,-Inf,-Inf,-Inf,-Inf,-Inf,74,74,-340.32,-708.46,-1537.3,-Inf,-Inf,-Inf,-Inf,-Inf,-Inf,74,74,-347.84,-722.68,-1533.2,-Inf,-Inf,-Inf,-Inf,-Inf,-Inf
75,75,-Inf,-Inf,-Inf,-Inf,-Inf,-Inf,-Inf,-Inf,-Inf,75,75,-344.71,-718.78,-1558.6,-Inf,-Inf,-Inf,-Inf,-Inf,-Inf,75,75,-353.58,-732.83,-1554.9,-Inf,-Inf,-Inf,-Inf,-Inf,-Inf
76,76,-Inf,-Inf,-Inf,-Inf,-Inf,-Inf,-Inf,-Inf,-Inf,76,76,-351.23,-728.71,-1579.8,-Inf,-Inf,-Inf,-Inf,-Inf,-Inf,76,76,-358.74,-743.27,-1576.7,-Inf,-Inf,-Inf,-Inf,-Inf,-Inf
77,77,-Inf,-Inf,-Inf,-Inf,-Inf,-Inf,-Inf,-Inf,-Inf,77,77,-354.44,-738.4,-1600.9,-Inf,-Inf,-Inf,-Inf,-Inf,-Inf,77,77,-362.96,-753.85,-1598.4,-Inf,-Inf,-Inf,-Inf,-Inf,-Inf
78,78,-Inf,-Inf,-Inf,-Inf,-Inf,-Inf,-Inf,-Inf,-Inf,78,78,-361.59,-748.14,-1622.1,-Inf,-Inf,-Inf,-Inf,-Inf,-Inf,78,78,-369.62,-764.29,-1620,-Inf,-Inf,-Inf,-Inf,-Inf,-Inf
79,79,-Inf,-Inf,-Inf,-Inf,-Inf,-Inf,-Inf,-Inf,-Inf,79,79,-364.68,-758.13,-1643.5,-Inf,-Inf,-Inf,-Inf,-Inf,-Inf,79,79,-372.74,-774.37,-1641.5,-Inf,-Inf,-Inf,-Inf,-Inf,-Inf
80,80,-Inf,-Inf,-Inf,-Inf,-Inf,-Inf,-Inf,-Inf,-Inf,80,80,-371.18,-768.43,-1664.9,-Inf,-Inf,-Inf,-Inf,-Inf,-Inf,80,80,-379.88,-784.12,-1662.8,-Inf,-Inf,-Inf,-Inf,-Inf,-Inf
81,81,-Inf,-Inf,-Inf,-Inf,-Inf,-Inf,-Inf,-Inf,-Inf,81,81,-375.4,-778.97,-1686.5,-Inf,-Inf,-Inf,-Inf,-Inf,-Inf,81,81,-383.04,-793.81,-1683.9,-Inf,-Inf,-Inf,-Inf,-Inf,-Inf
82,82,-Inf,-Inf,-Inf,-Inf,-Inf,-Inf,-Inf,-Inf,-Inf,82,82,-380.47,-789.51,-1708.3,-Inf,-Inf,-Inf,-Inf,-Inf,-Inf,82,82,-389.4,-803.69,-1705.1,-Inf,-Inf,-Inf,-Inf,-Inf,-Inf
83,83,-Inf,-Inf,-Inf,-Inf,-Inf,-Inf,-Inf,-Inf,-Inf,83,83,-386.36,-799.8,-1730,-Inf,-Inf,-Inf,-Inf,-Inf,-Inf,83,83,-393.81,-813.87,-1726.3,-Inf,-Inf,-Inf,-Inf,-Inf,-Inf
84,84,-Inf,-Inf,-Inf,-Inf,-Inf,-Inf,-Inf,-Inf,-Inf,84,84,-390,-809.69,-1751.7,-Inf,-Inf,-Inf,-Inf,-Inf,-Inf,84,84,-398.7,-824.33,-1747.7,-Inf,-Inf,-Inf,-Inf,-Inf,-Inf
85,85,-Inf,-Inf,-Inf,-Inf,-Inf,-Inf,-Inf,-Inf,-Inf,85,85,-397.03,-819.37,-1773.3,-Inf,-Inf,-Inf,-Inf,-Inf,-Inf,85,85,-404.77,-834.91,-1769.2,-Inf,-Inf,-Inf,-Inf,-Inf,-Inf
86,86,-Inf,-Inf,-Inf,-Inf,-Inf,-Inf,-Inf,-Inf,-Inf,86,86,-400.01,-829.13,-1794.7,-Inf,-Inf,-Inf,-Inf,-Inf,-Inf,86,86,-408.28,-845.32,-1790.8,-Inf,-Inf,-Inf,-Inf,-Inf,-Inf
87,87,-Inf,-Inf,-Inf,-Inf,-Inf,-Inf,-Inf,-Inf,-Inf,87,87,-406.94,-839.15,-1815.9,-Inf,-Inf,-Inf,-Inf,-Inf,-Inf,87,87,-415.37,-855.35,-1812.6,-Inf,-Inf,-Inf,-Inf,-Inf,-Inf
88,88,-Inf,-Inf,-Inf,-Inf,-Inf,-Inf,-Inf,-Inf,-Inf,88,88,-410.53,-849.48,-1837.1,-Inf,-Inf,-Inf,-Inf,-Inf,-Inf,88,88,-418.35,-865.08,-1834.3,-Inf,-Inf,-Inf,-Inf,-Inf,-Inf
89,89,-Inf,-Inf,-Inf,-Inf,-Inf,-Inf,-Inf,-Inf,-Inf,89,89,-416.28,-860.03,-1858.3,-Inf,-Inf,-Inf,-Inf,-Inf,-Inf,89,89,-425.18,-874.78,-1856,-Inf,-Inf,-Inf,-Inf,-Inf,-Inf
90,90,-Inf,-Inf,-Inf,-Inf,-Inf,-Inf,-Inf,-Inf,-Inf,90,90,-421.43,-870.56,-1879.5,-Inf,-Inf,-Inf,-Inf,-Inf,-Inf,90,90,-428.92,-884.69,-1877.6,-Inf,-Inf,-Inf,-Inf,-Inf,-Inf
91,91,-Inf,-Inf,-Inf,-Inf,-Inf,-Inf,-Inf,-Inf,-Inf,91,91,-425.66,-880.8,-1900.9,-Inf,-Inf,-Inf,-Inf,-Inf,-Inf,91,91,-434.5,-894.91,-1898.9,-Inf,-Inf,-Inf,-Inf,-Inf,-Inf
92,92,-Inf,-Inf,-Inf,-Inf,-Inf,-Inf,-Inf,-Inf,-Inf,92,92,-432.31,-890.66,-1922.5,-Inf,-Inf,-Inf,-Inf,-Inf,-Inf,92,92,-439.85,-905.39,-1920.1,-Inf,-Inf,-Inf,-Inf,-Inf,-Inf
93,93,-Inf,-Inf,-Inf,-Inf,-Inf,-Inf,-Inf,-Inf,-Inf,93,93,-435.44,-900.34,-1944.2,-Inf,-Inf,-Inf,-Inf,-Inf,-Inf,93,93,-443.91,-915.97,-1941.2,-Inf,-Inf,-Inf,-Inf,-Inf,-Inf
94,94,-Inf,-Inf,-Inf,-Inf,-Inf,-Inf,-Inf,-Inf,-Inf,94,94,-442.58,-910.12,-1966,-Inf,-Inf,-Inf,-Inf,-Inf,-Inf,94,94,-450.69,-926.34,-1962.4,-Inf,-Inf,-Inf,-Inf,-Inf,-Inf
95,95,-Inf,-Inf,-Inf,-Inf,-Inf,-Inf,-Inf,-Inf,-Inf,95,95,-445.74,-920.17,-1987.7,-Inf,-Inf,-Inf,-Inf,-Inf,-Inf,95,95,-453.75,-936.34,-1983.8,-Inf,-Inf,-Inf,-Inf,-Inf,-Inf
96,96,-Inf,-Inf,-Inf,-Inf,-Inf,-Inf,-Inf,-Inf,-Inf,96,96,-452.11,-930.54,-2009.3,-Inf,-Inf,-Inf,-Inf,-Inf,-Inf,96,96,-460.86,-946.05,-2005.2,-Inf,-Inf,-Inf,-Inf,-Inf,-Inf
97,97,-Inf,-Inf,-Inf,-Inf,-Inf,-Inf,-Inf,-Inf,-Inf,97,97,-456.5,-941.1,-2030.8,-Inf,-Inf,-Inf,-Inf,-Inf,-Inf,97,97,-464.11,-955.76,-2026.8,-Inf,-Inf,-Inf,-Inf,-Inf,-Inf
98,98,-Inf,-Inf,-Inf,-Inf,-Inf,-Inf,-Inf,-Inf,-Inf,98,98,-461.41,-951.61,-2052.1,-Inf,-Inf,-Inf,-Inf,-Inf,-Inf,98,98,-470.32,-965.7,-2048.5,-Inf,-Inf,-Inf,-Inf,-Inf,-Inf
99,99,-Inf,-Inf,-Inf,-Inf,-Inf,-Inf,-Inf,-Inf,-Inf,99,99,-467.46,-961.81,-2073.2,-Inf,-Inf,-Inf,-Inf,-Inf,-Inf,99,99,-474.92,-975.95,-2070.3,-Inf,-Inf,-Inf,-Inf,-Inf,-Inf
100,100,-Inf,-Inf,-Inf,-Inf,-Inf,-Inf,-Inf,-Inf,-Inf,100,100,-470.98,-971.63,-2094.4,-Inf,-Inf,-Inf,-Inf,-Inf,-Inf,100,100,-479.64,-986.46,-2092,-Inf,-Inf,-Inf,-Inf,-Inf,-Inf
101,101,-Inf,-Inf,-Inf,-Inf,-Inf,-Inf,-Inf,-Inf,-Inf,101,101,-478.06,-981.31,-2115.6,-Inf,-Inf,-Inf,-Inf,-Inf,-Inf,101,101,-485.86,-997.02,-2113.6,-Inf,-Inf,-Inf,-Inf,-Inf,-Inf
102,102,-Inf,-Inf,-Inf,-Inf,-Inf,-Inf,-Inf,-Inf,-Inf,102,102,-481.04,-991.11,-2137,-Inf,-Inf,-Inf,-Inf,-Inf,-Inf,102,102,-489.26,-1007.4,-2135,-Inf,-Inf,-Inf,-Inf,-Inf,-Inf
103,103,-Inf,-Inf,-Inf,-Inf,-Inf,-Inf,-Inf,-Inf,-Inf,103,103,-487.89,-1001.2,-2158.5,-Inf,-Inf,-Inf,-Inf,-Inf,-Inf,103,103,-496.39,-1017.3,-2156.2,-Inf,-Inf,-Inf,-Inf,-Inf,-Inf
104,104,-Inf,-Inf,-Inf,-Inf,-Inf,-Inf,-Inf,-Inf,-Inf,104,104,-491.61,-1011.6,-2180.1,-Inf,-Inf,-Inf,-Inf,-Inf,-Inf,104,104,-499.39,-1027,-2177.4,-Inf,-Inf,-Inf,-Inf,-Inf,-Inf
105,105,-Inf,-Inf,-Inf,-Inf,-Inf,-Inf,-Inf,-Inf,-Inf,105,105,-497.21,-1022.2,-2201.9,-Inf,-Inf,-Inf,-Inf,-Inf,-Inf,105,105,-506.12,-1036.7,-2198.6,-Inf,-Inf,-Inf,-Inf,-Inf,-Inf
106,106,-Inf,-Inf,-Inf,-Inf,-Inf,-Inf,-Inf,-Inf,-Inf,106,106,-502.54,-1032.7,-2223.6,-Inf,-Inf,-Inf,-Inf,-Inf,-Inf,106,106,-510.01,-1046.7,-2219.8,-Inf,-Inf,-Inf,-Inf,-Inf,-Inf
107,107,-Inf,-Inf,-Inf,-Inf,-Inf,-Inf,-Inf,-Inf,-Inf,107,107,-506.62,-1042.8,-2245.3,-Inf,-Inf,-Inf,-Inf,-Inf,-Inf,107,107,-515.43,-1057,-2241.2,-Inf,-Inf,-Inf,-Inf,-Inf,-Inf
108,108,-Inf,-Inf,-Inf,-Inf,-Inf,-Inf,-Inf,-Inf,-Inf,108,108,-513.38,-1052.6,-2266.9,-Inf,-Inf,-Inf,-Inf,-Inf,-Inf,108,108,-520.96,-1067.5,-2262.8,-Inf,-Inf,-Inf,-Inf,-Inf,-Inf
109,109,-Inf,-Inf,-Inf,-Inf,-Inf,-Inf,-Inf,-Inf,-Inf,109,109,-516.45,-1062.3,-2288.2,-Inf,-Inf,-Inf,-Inf,-Inf,-Inf,109,109,-524.87,-1078.1,-2284.5,-Inf,-Inf,-Inf,-Inf,-Inf,-Inf
110,110,-Inf,-Inf,-Inf,-Inf,-Inf,-Inf,-Inf,-Inf,-Inf,110,110,-523.56,-1072.1,-2309.4,-Inf,-Inf,-Inf,-Inf,-Inf,-Inf,110,110,-531.75,-1088.4,-2306.2,-Inf,-Inf,-Inf,-Inf,-Inf,-Inf
111,111,-Inf,-Inf,-Inf,-Inf,-Inf,-Inf,-Inf,-Inf,-Inf,111,111,-526.8,-1082.2,-2330.5,-Inf,-Inf,-Inf,-Inf,-Inf,-Inf,111,111,-534.76,-1098.3,-2328,-Inf,-Inf,-Inf,-Inf,-Inf,-Inf
112,112,-Inf,-Inf,-Inf,-Inf,-Inf,-Inf,-Inf,-Inf,-Inf,112,112,-533.03,-1092.7,-2351.7,-Inf,-Inf,-Inf,-Inf,-Inf,-Inf,112,112,-541.83,-1108,-2349.6,-Inf,-Inf,-Inf,-Inf,-Inf,-Inf
113,113,-Inf,-Inf,-Inf,-Inf,-Inf,-Inf,-Inf,-Inf,-Inf,113,113,-537.6,-1103.2,-2373,-Inf,-Inf,-Inf,-Inf,-Inf,-Inf,113,113,-545.18,-1117.7,-2371.1,-Inf,-Inf,-Inf,-Inf,-Inf,-Inf
114,114,-Inf,-Inf,-Inf,-Inf,-Inf,-Inf,-Inf,-Inf,-Inf,114,114,-542.34,-1113.7,-2394.5,-Inf,-Inf,-Inf,-Inf,-Inf,-Inf,114,114,-551.25,-1127.7,-2392.4,-Inf,-Inf,-Inf,-Inf,-Inf,-Inf
115,115,-Inf,-Inf,-Inf,-Inf,-Inf,-Inf,-Inf,-Inf,-Inf,115,115,-548.55,-1123.8,-2416.1,-Inf,-Inf,-Inf,-Inf,-Inf,-Inf,115,115,-556.02,-1138,-2413.5,-Inf,-Inf,-Inf,-Inf,-Inf,-Inf
116,116,-Inf,-Inf,-Inf,-Inf,-Inf,-Inf,-Inf,-Inf,-Inf,116,116,-551.96,-1133.6,-2437.8,-Inf,-Inf,-Inf,-Inf,-Inf,-Inf,116,116,-560.58,-1148.6,-2434.7,-Inf,-Inf,-Inf,-Inf,-Inf,-Inf
117,117,-Inf,-Inf,-Inf,-Inf,-Inf,-Inf,-Inf,-Inf,-Inf,117,117,-559.08,-1143.3,-2459.6,-Inf,-Inf,-Inf,-Inf,-Inf,-Inf,117,117,-566.95,-1159.1,-2455.9,-Inf,-Inf,-Inf,-Inf,-Inf,-Inf
118,118,-Inf,-Inf,-Inf,-Inf,-Inf,-Inf,-Inf,-Inf,-Inf,118,118,-562.08,-1153.1,-2481.3,-Inf,-Inf,-Inf,-Inf,-Inf,-Inf,118,118,-570.25,-1169.4,-2477.3,-Inf,-Inf,-Inf,-Inf,-Inf,-Inf
119,119,-Inf,-Inf,-Inf,-Inf,-Inf,-Inf,-Inf,-Inf,-Inf,119,119,-568.83,-1163.3,-2502.9,-Inf,-Inf,-Inf,-Inf,-Inf,-Inf,119,119,-577.4,-1179.3,-2498.8,-Inf,-Inf,-Inf,-Inf,-Inf,-Inf
120,120,-Inf,-Inf,-Inf,-Inf,-Inf,-Inf,-Inf,-Inf,-Inf,120,120,-572.7,-1173.7,-2524.3,-Inf,-Inf,-Inf,-Inf,-Inf,-Inf,120,120,-580.43,-1188.9,-2520.4,-Inf,-Inf,-Inf,-Inf,-Inf,-Inf
121,121,-Inf,-Inf,-Inf,-Inf,-Inf,-Inf,-Inf,-Inf,-Inf,121,121,-578.13,-1184.3,-2545.5,-Inf,-Inf,-Inf,-Inf,-Inf,-Inf,121,121,-587.06,-1198.7,-2542.1,-Inf,-Inf,-Inf,-Inf,-Inf,-Inf
122,122,-Inf,-Inf,-Inf,-Inf,-Inf,-Inf,-Inf,-Inf,-Inf,122,122,-583.64,-1194.7,-2566.7,-Inf,-Inf,-Inf,-Inf,-Inf,-Inf,122,122,-591.11,-1208.8,-2563.9,-Inf,-Inf,-Inf,-Inf,-Inf,-Inf
123,123,-Inf,-Inf,-Inf,-Inf,-Inf,-Inf,-Inf,-Inf,-Inf,123,123,-587.58,-1204.8,-2587.9,-Inf,-Inf,-Inf,-Inf,-Inf,-Inf,123,123,-596.35,-1219.1,-2585.6,-Inf,-Inf,-Inf,-Inf,-Inf,-Inf
124,124,-Inf,-Inf,-Inf,-Inf,-Inf,-Inf,-Inf,-Inf,-Inf,124,124,-594.44,-1214.5,-2609.1,-Inf,-Inf,-Inf,-Inf,-Inf,-Inf,124,124,-602.06,-1229.7,-2607.1,-Inf,-Inf,-Inf,-Inf,-Inf,-Inf
125,125,-Inf,-Inf,-Inf,-Inf,-Inf,-Inf,-Inf,-Inf,-Inf,125,125,-597.46,-1224.2,-2630.5,-Inf,-Inf,-Inf,-Inf,-Inf,-Inf,125,125,-605.84,-1240.2,-2628.5,-Inf,-Inf,-Inf,-Inf,-Inf,-Inf
126,126,-Inf,-Inf,-Inf,-Inf,-Inf,-Inf,-Inf,-Inf,-Inf,126,126,-604.53,-1234.1,-2652.1,-Inf,-Inf,-Inf,-Inf,-Inf,-Inf,126,126,-612.8,-1250.4,-2649.7,-Inf,-Inf,-Inf,-Inf,-Inf,-Inf
127,127,-Inf,-Inf,-Inf,-Inf,-Inf,-Inf,-Inf,-Inf,-Inf,127,127,-607.87,-1244.3,-2673.7,-Inf,-Inf,-Inf,-Inf,-Inf,-Inf,127,127,-615.79,-1260.2,-2670.8,-Inf,-Inf,-Inf,-Inf,-Inf,-Inf
128,128,-Inf,-Inf,-Inf,-Inf,-Inf,-Inf,-Inf,-Inf,-Inf,128,128,-613.96,-1254.8,-2695.5,-Inf,-Inf,-Inf,-Inf,-Inf,-Inf,128,128,-622.79,-1269.9,-2692,-Inf,-Inf,-Inf,-Inf,-Inf,-Inf
129,129,-Inf,-Inf,-Inf,-Inf,-Inf,-Inf,-Inf,-Inf,-Inf,129,129,-618.71,-1265.3,-2717.2,-Inf,-Inf,-Inf,-Inf,-Inf,-Inf,129,129,-626.25,-1279.7,-2713.3,-Inf,-Inf,-Inf,-Inf,-Inf,-Inf
130,130,-Inf,-Inf,-Inf,-Inf,-Inf,-Inf,-Inf,-Inf,-Inf,130,130,-623.28,-1275.8,-2738.9,-Inf,-Inf,-Inf,-Inf,-Inf,-Inf,130,130,-632.17,-1289.8,-2734.8,-Inf,-Inf,-Inf,-Inf,-Inf,-Inf
131,131,-Inf,-Inf,-Inf,-Inf,-Inf,-Inf,-Inf,-Inf,-Inf,131,131,-629.64,-1285.8,-2760.4,-Inf,-Inf,-Inf,-Inf,-Inf,-Inf,131,131,-637.13,-1300.2,-2756.4,-Inf,-Inf,-Inf,-Inf,-Inf,-Inf
132,132,-Inf,-Inf,-Inf,-Inf,-Inf,-Inf,-Inf,-Inf,-Inf,132,132,-632.95,-1295.5,-2781.7,-Inf,-Inf,-Inf,-Inf,-Inf,-Inf,132,132,-641.52,-1310.7,-2778.1,-Inf,-Inf,-Inf,-Inf,-Inf,-Inf
133,133,-Inf,-Inf,-Inf,-Inf,-Inf,-Inf,-Inf,-Inf,-Inf,133,133,-640.1,-1305.2,-2802.8,-Inf,-Inf,-Inf,-Inf,-Inf,-Inf,133,133,-648.04,-1321.2,-2799.8,-Inf,-Inf,-Inf,-Inf,-Inf,-Inf
134,134,-Inf,-Inf,-Inf,-Inf,-Inf,-Inf,-Inf,-Inf,-Inf,134,134,-643.12,-1315.1,-2824,-Inf,-Inf,-Inf,-Inf,-Inf,-Inf,134,134,-651.24,-1331.4,-2821.6,-Inf,-Inf,-Inf,-Inf,-Inf,-Inf
135,135,-Inf,-Inf,-Inf,-Inf,-Inf,-Inf,-Inf,-Inf,-Inf,135,135,-649.76,-1325.3,-2845.2,-Inf,-Inf,-Inf,-Inf,-Inf,-Inf,135,135,-658.4,-1341.2,-2843.2,-Inf,-Inf,-Inf,-Inf,-Inf,-Inf
136,136,-Inf,-Inf,-Inf,-Inf,-Inf,-Inf,-Inf,-Inf,-Inf,136,136,-653.79,-1335.8,-2866.6,-Inf,-Inf,-Inf,-Inf,-Inf,-Inf,136,136,-661.48,-1350.9,-2864.6,-Inf,-Inf,-Inf,-Inf,-Inf,-Inf
137,137,-Inf,-Inf,-Inf,-Inf,-Inf,-Inf,-Inf,-Inf,-Inf,137,137,-659.06,-1346.4,-2888.1,-Inf,-Inf,-Inf,-Inf,-Inf,-Inf,137,137,-667.99,-1360.7,-2885.8,-Inf,-Inf,-Inf,-Inf,-Inf,-Inf
138,138,-Inf,-Inf,-Inf,-Inf,-Inf,-Inf,-Inf,-Inf,-Inf,138,138,-664.75,-1356.8,-2909.7,-Inf,-Inf,-Inf,-Inf,-Inf,-Inf,138,138,-672.2,-1370.8,-2907,-Inf,-Inf,-Inf,-Inf,-Inf,-Inf
139,139,-Inf,-Inf,-Inf,-Inf,-Inf,-Inf,-Inf,-Inf,-Inf,139,139,-668.54,-1366.8,-2931.4,-Inf,-Inf,-Inf,-Inf,-Inf,-Inf,139,139,-677.28,-1381.2,-2928.2,-Inf,-Inf,-Inf,-Inf,-Inf,-Inf
140,140,-Inf,-Inf,-Inf,-Inf,-Inf,-Inf,-Inf,-Inf,-Inf,140,140,-675.49,-1376.5,-2953.2,-Inf,-Inf,-Inf,-Inf,-Inf,-Inf,140,140,-683.16,-1391.8,-2949.4,-Inf,-Inf,-Inf,-Inf,-Inf,-Inf
141,141,-Inf,-Inf,-Inf,-Inf,-Inf,-Inf,-Inf,-Inf,-Inf,141,141,-678.48,-1386.2,-2974.9,-Inf,-Inf,-Inf,-Inf,-Inf,-Inf,141,141,-686.81,-1402.3,-2970.8,-Inf,-Inf,-Inf,-Inf,-Inf,-Inf
142,142,-Inf,-Inf,-Inf,-Inf,-Inf,-Inf,-Inf,-Inf,-Inf,142,142,-685.5,-1396.1,-2996.4,-Inf,-Inf,-Inf,-Inf,-Inf,-Inf,142,142,-693.84,-1412.4,-2992.3,-Inf,-Inf,-Inf,-Inf,-Inf,-Inf
143,143,-Inf,-Inf,-Inf,-Inf,-Inf,-Inf,-Inf,-Inf,-Inf,143,143,-688.94,-1406.4,-3017.8,-Inf,-Inf,-Inf,-Inf,-Inf,-Inf,143,143,-696.81,-1422.2,-3014,-Inf,-Inf,-Inf,-Inf,-Inf,-Inf
144,144,-Inf,-Inf,-Inf,-Inf,-Inf,-Inf,-Inf,-Inf,-Inf,144,144,-694.88,-1416.9,-3039,-Inf,-Inf,-Inf,-Inf,-Inf,-Inf,144,144,-703.75,-1431.9,-3035.8,-Inf,-Inf,-Inf,-Inf,-Inf,-Inf
145,145,-Inf,-Inf,-Inf,-Inf,-Inf,-Inf,-Inf,-Inf,-Inf,145,145,-699.81,-1427.5,-3060.1,-Inf,-Inf,-Inf,-Inf,-Inf,-Inf,145,145,-707.33,-1441.7,-3057.5,-Inf,-Inf,-Inf,-Inf,-Inf,-Inf
146,146,-Inf,-Inf,-Inf,-Inf,-Inf,-Inf,-Inf,-Inf,-Inf,146,146,-704.23,-1437.8,-3082,-Inf,-Inf,-Inf,-Inf,-Inf,-Inf,146,146,-713.09,-1451.8,-3079,-Inf,-Inf,-Inf,-Inf,-Inf,-Inf
147,147,-Inf,-Inf,-Inf,-Inf,-Inf,-Inf,-Inf,-Inf,-Inf,147,147,-710.73,-1447.7,-Inf,-Inf,-Inf,-Inf,-Inf,-Inf,-Inf,147,147,-718.23,-1462.3,-Inf,-Inf,-Inf,-Inf,-Inf,-Inf,-Inf
148,148,-Inf,-Inf,-Inf,-Inf,-Inf,-Inf,-Inf,-Inf,-Inf,148,148,-713.94,-1457.4,-Inf,-Inf,-Inf,-Inf,-Inf,-Inf,-Inf,148,148,-722.47,-1472.8,-Inf,-Inf,-Inf,-Inf,-Inf,-Inf,-Inf
149,149,-Inf,-Inf,-Inf,-Inf,-Inf,-Inf,-Inf,-Inf,-Inf,149,149,-721.1,-1467.2,-Inf,-Inf,-Inf,-Inf,-Inf,-Inf,-Inf,149,149,-729.11,-1483.3,-Inf,-Inf,-Inf,-Inf,-Inf,-Inf,-Inf
150,150,-Inf,-Inf,-Inf,-Inf,-Inf,-Inf,-Inf,-Inf,-Inf,150,150,-724.18,-1477.1,-Inf,-Inf,-Inf,-Inf,-Inf,-Inf,-Inf,150,150,-732.25,-1493.4,-Inf,-Inf,-Inf,-Inf,-Inf,-Inf,-Inf
151,151,-Inf,-Inf,-Inf,-Inf,-Inf,-Inf,-Inf,-Inf,-Inf,151,151,-730.7,-1487.4,-Inf,-Inf,-Inf,-Inf,-Inf,-Inf,-Inf,151,151,-739.39,-1503.1,-Inf,-Inf,-Inf,-Inf,-Inf,-Inf,-Inf
152,152,-Inf,-Inf,-Inf,-Inf,-Inf,-Inf,-Inf,-Inf,-Inf,152,152,-734.89,-1498,-Inf,-Inf,-Inf,-Inf,-Inf,-Inf,-Inf,152,152,-742.54,-1512.8,-Inf,-Inf,-Inf,-Inf,-Inf,-Inf,-Inf
153,153,-Inf,-Inf,-Inf,-Inf,-Inf,-Inf,-Inf,-Inf,-Inf,153,153,-739.99,-1508.5,-Inf,-Inf,-Inf,-Inf,-Inf,-Inf,-Inf,153,153,-748.92,-1522.7,-Inf,-Inf,-Inf,-Inf,-Inf,-Inf,-Inf
154,154,-Inf,-Inf,-Inf,-Inf,-Inf,-Inf,-Inf,-Inf,-Inf,154,154,-745.85,-1518.8,-Inf,-Inf,-Inf,-Inf,-Inf,-Inf,-Inf,154,154,-753.3,-1532.9,-Inf,-Inf,-Inf,-Inf,-Inf,-Inf,-Inf
155,155,-Inf,-Inf,-Inf,-Inf,-Inf,-Inf,-Inf,-Inf,-Inf,155,155,-749.51,-1528.7,-Inf,-Inf,-Inf,-Inf,-Inf,-Inf,-Inf,155,155,-758.22,-1543.3,-Inf,-Inf,-Inf,-Inf,-Inf,-Inf,-Inf
156,156,-Inf,-Inf,-Inf,-Inf,-Inf,-Inf,-Inf,-Inf,-Inf,156,156,-756.53,-1538.4,-Inf,-Inf,-Inf,-Inf,-Inf,-Inf,-Inf,156,156,-764.26,-1553.9,-Inf,-Inf,-Inf,-Inf,-Inf,-Inf,-Inf
157,157,-Inf,-Inf,-Inf,-Inf,-Inf,-Inf,-Inf,-Inf,-Inf,157,157,-759.51,-1548.2,-Inf,-Inf,-Inf,-Inf,-Inf,-Inf,-Inf,157,157,-767.79,-1564.3,-Inf,-Inf,-Inf,-Inf,-Inf,-Inf,-Inf
158,158,-Inf,-Inf,-Inf,-Inf,-Inf,-Inf,-Inf,-Inf,-Inf,158,158,-766.45,-1558.2,-Inf,-Inf,-Inf,-Inf,-Inf,-Inf,-Inf,158,158,-774.87,-1574.4,-Inf,-Inf,-Inf,-Inf,-Inf,-Inf,-Inf
159,159,-Inf,-Inf,-Inf,-Inf,-Inf,-Inf,-Inf,-Inf,-Inf,159,159,-770.02,-1568.5,-Inf,-Inf,-Inf,-Inf,-Inf,-Inf,-Inf,159,159,-777.85,-1584.1,-Inf,-Inf,-Inf,-Inf,-Inf,-Inf,-Inf
160,160,-Inf,-Inf,-Inf,-Inf,-Inf,-Inf,-Inf,-Inf,-Inf,160,160,-775.8,-1579,-Inf,-Inf,-Inf,-Inf,-Inf,-Inf,-Inf,160,160,-784.7,-1593.8,-Inf,-Inf,-Inf,-Inf,-Inf,-Inf,-Inf
161,161,-Inf,-Inf,-Inf,-Inf,-Inf,-Inf,-Inf,-Inf,-Inf,161,161,-780.92,-1589.6,-Inf,-Inf,-Inf,-Inf,-Inf,-Inf,-Inf,161,161,-788.42,-1603.7,-Inf,-Inf,-Inf,-Inf,-Inf,-Inf,-Inf
162,162,-Inf,-Inf,-Inf,-Inf,-Inf,-Inf,-Inf,-Inf,-Inf,162,162,-785.18,-1599.8,-Inf,-Inf,-Inf,-Inf,-Inf,-Inf,-Inf,162,162,-794.02,-1613.9,-Inf,-Inf,-Inf,-Inf,-Inf,-Inf,-Inf
163,163,-Inf,-Inf,-Inf,-Inf,-Inf,-Inf,-Inf,-Inf,-Inf,163,163,-791.8,-1609.7,-Inf,-Inf,-Inf,-Inf,-Inf,-Inf,-Inf,163,163,-799.34,-1624.4,-Inf,-Inf,-Inf,-Inf,-Inf,-Inf,-Inf
164,164,-Inf,-Inf,-Inf,-Inf,-Inf,-Inf,-Inf,-Inf,-Inf,164,164,-794.94,-1619.4,-Inf,-Inf,-Inf,-Inf,-Inf,-Inf,-Inf,164,164,-803.42,-1635,-Inf,-Inf,-Inf,-Inf,-Inf,-Inf,-Inf
165,165,-Inf,-Inf,-Inf,-Inf,-Inf,-Inf,-Inf,-Inf,-Inf,165,165,-802.09,-1629.1,-Inf,-Inf,-Inf,-Inf,-Inf,-Inf,-Inf,165,165,-810.18,-1645.4,-Inf,-Inf,-Inf,-Inf,-Inf,-Inf,-Inf
166,166,-Inf,-Inf,-Inf,-Inf,-Inf,-Inf,-Inf,-Inf,-Inf,166,166,-805.23,-1639.2,-Inf,-Inf,-Inf,-Inf,-Inf,-Inf,-Inf,166,166,-813.25,-1655.4,-Inf,-Inf,-Inf,-Inf,-Inf,-Inf,-Inf
167,167,-Inf,-Inf,-Inf,-Inf,-Inf,-Inf,-Inf,-Inf,-Inf,167,167,-811.63,-1649.5,-Inf,-Inf,-Inf,-Inf,-Inf,-Inf,-Inf,167,167,-820.37,-1665.1,-Inf,-Inf,-Inf,-Inf,-Inf,-Inf,-Inf
168,168,-Inf,-Inf,-Inf,-Inf,-Inf,-Inf,-Inf,-Inf,-Inf,168,168,-815.99,-1660.1,-Inf,-Inf,-Inf,-Inf,-Inf,-Inf,-Inf,168,168,-823.6,-1674.8,-Inf,-Inf,-Inf,-Inf,-Inf,-Inf,-Inf
169,169,-Inf,-Inf,-Inf,-Inf,-Inf,-Inf,-Inf,-Inf,-Inf,169,169,-820.92,-1670.6,-Inf,-Inf,-Inf,-Inf,-Inf,-Inf,-Inf,169,169,-829.84,-1684.7,-Inf,-Inf,-Inf,-Inf,-Inf,-Inf,-Inf
170,170,-Inf,-Inf,-Inf,-Inf,-Inf,-Inf,-Inf,-Inf,-Inf,170,170,-826.95,-1680.8,-Inf,-Inf,-Inf,-Inf,-Inf,-Inf,-Inf,170,170,-834.4,-1695,-Inf,-Inf,-Inf,-Inf,-Inf,-Inf,-Inf
171,171,-Inf,-Inf,-Inf,-Inf,-Inf,-Inf,-Inf,-Inf,-Inf,171,171,-830.49,-1690.7,-Inf,-Inf,-Inf,-Inf,-Inf,-Inf,-Inf,171,171,-839.15,-1705.5,-Inf,-Inf,-Inf,-Inf,-Inf,-Inf,-Inf
172,172,-Inf,-Inf,-Inf,-Inf,-Inf,-Inf,-Inf,-Inf,-Inf,172,172,-837.57,-1700.3,-Inf,-Inf,-Inf,-Inf,-Inf,-Inf,-Inf,172,172,-845.36,-1716,-Inf,-Inf,-Inf,-Inf,-Inf,-Inf,-Inf
173,173,-Inf,-Inf,-Inf,-Inf,-Inf,-Inf,-Inf,-Inf,-Inf,173,173,-840.54,-1710.1,-Inf,-Inf,-Inf,-Inf,-Inf,-Inf,-Inf,173,173,-848.77,-1726.4,-Inf,-Inf,-Inf,-Inf,-Inf,-Inf,-Inf
174,174,-Inf,-Inf,-Inf,-Inf,-Inf,-Inf,-Inf,-Inf,-Inf,174,174,-847.4,-1720.2,-Inf,-Inf,-Inf,-Inf,-Inf,-Inf,-Inf,174,174,-855.89,-1736.3,-Inf,-Inf,-Inf,-Inf,-Inf,-Inf,-Inf
175,175,-Inf,-Inf,-Inf,-Inf,-Inf,-Inf,-Inf,-Inf,-Inf,175,175,-851.1,-1730.6,-Inf,-Inf,-Inf,-Inf,-Inf,-Inf,-Inf,175,175,-858.88,-1746,-Inf,-Inf,-Inf,-Inf,-Inf,-Inf,-Inf
176,176,-Inf,-Inf,-Inf,-Inf,-Inf,-Inf,-Inf,-Inf,-Inf,176,176,-856.73,-1741.2,-Inf,-Inf,-Inf,-Inf,-Inf,-Inf,-Inf,176,176,-865.64,-1755.8,-Inf,-Inf,-Inf,-Inf,-Inf,-Inf,-Inf
177,177,-Inf,-Inf,-Inf,-Inf,-Inf,-Inf,-Inf,-Inf,-Inf,177,177,-862.02,-1751.7,-Inf,-Inf,-Inf,-Inf,-Inf,-Inf,-Inf,177,177,-869.5,-1765.7,-Inf,-Inf,-Inf,-Inf,-Inf,-Inf,-Inf
178,178,-Inf,-Inf,-Inf,-Inf,-Inf,-Inf,-Inf,-Inf,-Inf,178,178,-866.13,-1761.8,-Inf,-Inf,-Inf,-Inf,-Inf,-Inf,-Inf,178,178,-874.94,-1776,-Inf,-Inf,-Inf,-Inf,-Inf,-Inf,-Inf
179,179,-Inf,-Inf,-Inf,-Inf,-Inf,-Inf,-Inf,-Inf,-Inf,179,179,-872.87,-1771.6,-Inf,-Inf,-Inf,-Inf,-Inf,-Inf,-Inf,179,179,-880.44,-1786.5,-Inf,-Inf,-Inf,-Inf,-Inf,-Inf,-Inf
180,180,-Inf,-Inf,-Inf,-Inf,-Inf,-Inf,-Inf,-Inf,-Inf,180,180,-875.95,-1781.3,-Inf,-Inf,-Inf,-Inf,-Inf,-Inf,-Inf,180,180,-884.38,-1797.1,-Inf,-Inf,-Inf,-Inf,-Inf,-Inf,-Inf
181,181,-Inf,-Inf,-Inf,-Inf,-Inf,-Inf,-Inf,-Inf,-Inf,181,181,-883.07,-1791.1,-Inf,-Inf,-Inf,-Inf,-Inf,-Inf,-Inf,181,181,-891.24,-1807.4,-Inf,-Inf,-Inf,-Inf,-Inf,-Inf,-Inf
182,182,-Inf,-Inf,-Inf,-Inf,-Inf,-Inf,-Inf,-Inf,-Inf,182,182,-886.29,-1801.2,-Inf,-Inf,-Inf,-Inf,-Inf,-Inf,-Inf,182,182,-894.27,-1817.3,-Inf,-Inf,-Inf,-Inf,-Inf,-Inf,-Inf
183,183,-Inf,-Inf,-Inf,-Inf,-Inf,-Inf,-Inf,-Inf,-Inf,183,183,-892.55,-1811.7,-Inf,-Inf,-Inf,-Inf,-Inf,-Inf,-Inf,183,183,-901.34,-1827,-Inf,-Inf,-Inf,-Inf,-Inf,-Inf,-Inf
184,184,-Inf,-Inf,-Inf,-Inf,-Inf,-Inf,-Inf,-Inf,-Inf,184,184,-897.09,-1822.2,-Inf,-Inf,-Inf,-Inf,-Inf,-Inf,-Inf,184,184,-904.67,-1836.8,-Inf,-Inf,-Inf,-Inf,-Inf,-Inf,-Inf
185,185,-Inf,-Inf,-Inf,-Inf,-Inf,-Inf,-Inf,-Inf,-Inf,185,185,-901.86,-1832.7,-Inf,-Inf,-Inf,-Inf,-Inf,-Inf,-Inf,185,185,-910.77,-1846.7,-Inf,-Inf,-Inf,-Inf,-Inf,-Inf,-Inf
186,186,-Inf,-Inf,-Inf,-Inf,-Inf,-Inf,-Inf,-Inf,-Inf,186,186,-908.04,-1842.8,-Inf,-Inf,-Inf,-Inf,-Inf,-Inf,-Inf,186,186,-915.51,-1857,-Inf,-Inf,-Inf,-Inf,-Inf,-Inf,-Inf
187,187,-Inf,-Inf,-Inf,-Inf,-Inf,-Inf,-Inf,-Inf,-Inf,187,187,-911.47,-1852.6,-Inf,-Inf,-Inf,-Inf,-Inf,-Inf,-Inf,187,187,-920.09,-1867.6,-Inf,-Inf,-Inf,-Inf,-Inf,-Inf,-Inf
188,188,-Inf,-Inf,-Inf,-Inf,-Inf,-Inf,-Inf,-Inf,-Inf,188,188,-918.59,-1862.3,-Inf,-Inf,-Inf,-Inf,-Inf,-Inf,-Inf,188,188,-926.45,-1878.1,-Inf,-Inf,-Inf,-Inf,-Inf,-Inf,-Inf
189,189,-Inf,-Inf,-Inf,-Inf,-Inf,-Inf,-Inf,-Inf,-Inf,189,189,-921.58,-1872.1,-Inf,-Inf,-Inf,-Inf,-Inf,-Inf,-Inf,189,189,-929.76,-1888.4,-Inf,-Inf,-Inf,-Inf,-Inf,-Inf,-Inf
190,190,-Inf,-Inf,-Inf,-Inf,-Inf,-Inf,-Inf,-Inf,-Inf,190,190,-928.34,-1882.3,-Inf,-Inf,-Inf,-Inf,-Inf,-Inf,-Inf,190,190,-936.9,-1898.3,-Inf,-Inf,-Inf,-Inf,-Inf,-Inf,-Inf
191,191,-Inf,-Inf,-Inf,-Inf,-Inf,-Inf,-Inf,-Inf,-Inf,191,191,-932.19,-1892.7,-Inf,-Inf,-Inf,-Inf,-Inf,-Inf,-Inf,191,191,-939.93,-1908,-Inf,-Inf,-Inf,-Inf,-Inf,-Inf,-Inf
192,192,-Inf,-Inf,-Inf,-Inf,-Inf,-Inf,-Inf,-Inf,-Inf,192,192,-937.65,-1903.3,-Inf,-Inf,-Inf,-Inf,-Inf,-Inf,-Inf,192,192,-946.57,-1917.7,-Inf,-Inf,-Inf,-Inf,-Inf,-Inf,-Inf
193,193,-Inf,-Inf,-Inf,-Inf,-Inf,-Inf,-Inf,-Inf,-Inf,193,193,-943.13,-1913.7,-Inf,-Inf,-Inf,-Inf,-Inf,-Inf,-Inf,193,193,-950.6,-1927.8,-Inf,-Inf,-Inf,-Inf,-Inf,-Inf,-Inf
194,194,-Inf,-Inf,-Inf,-Inf,-Inf,-Inf,-Inf,-Inf,-Inf,194,194,-947.09,-1923.8,-Inf,-Inf,-Inf,-Inf,-Inf,-Inf,-Inf,194,194,-955.87,-1938.1,-Inf,-Inf,-Inf,-Inf,-Inf,-Inf,-Inf
195,195,-Inf,-Inf,-Inf,-Inf,-Inf,-Inf,-Inf,-Inf,-Inf,195,195,-953.93,-1933.6,-Inf,-Inf,-Inf,-Inf,-Inf,-Inf,-Inf,195,195,-961.55,-1948.7,-Inf,-Inf,-Inf,-Inf,-Inf,-Inf,-Inf
196,196,-Inf,-Inf,-Inf,-Inf,-Inf,-Inf,-Inf,-Inf,-Inf,196,196,-956.96,-1943.3,-Inf,-Inf,-Inf,-Inf,-Inf,-Inf,-Inf,196,196,-965.35,-1959.2,-Inf,-Inf,-Inf,-Inf,-Inf,-Inf,-Inf
197,197,-Inf,-Inf,-Inf,-Inf,-Inf,-Inf,-Inf,-Inf,-Inf,197,197,-964.04,-1953.1,-Inf,-Inf,-Inf,-Inf,-Inf,-Inf,-Inf,197,197,-972.29,-1969.4,-Inf,-Inf,-Inf,-Inf,-Inf,-Inf,-Inf
198,198,-Inf,-Inf,-Inf,-Inf,-Inf,-Inf,-Inf,-Inf,-Inf,198,198,-967.36,-1963.3,-Inf,-Inf,-Inf,-Inf,-Inf,-Inf,-Inf,198,198,-975.29,-1979.3,-Inf,-Inf,-Inf,-Inf,-Inf,-Inf,-Inf
199,199,-Inf,-Inf,-Inf,-Inf,-Inf,-Inf,-Inf,-Inf,-Inf,199,199,-973.48,-1973.8,-Inf,-Inf,-Inf,-Inf,-Inf,-Inf,-Inf,199,199,-982.31,-1988.9,-Inf,-Inf,-Inf,-Inf,-Inf,-Inf,-Inf
200,200,-Inf,-Inf,-Inf,-Inf,-Inf,-Inf,-Inf,-Inf,-Inf,200,200,-978.19,-1984.3,-Inf,-Inf,-Inf,-Inf,-Inf,-Inf,-Inf,200,200,-985.75,-1998.7,-Inf,-Inf,-Inf,-Inf,-Inf,-Inf,-Inf
201,201,-Inf,-Inf,-Inf,-Inf,-Inf,-Inf,-Inf,-Inf,-Inf,201,201,-982.8,-1994.8,-Inf,-Inf,-Inf,-Inf,-Inf,-Inf,-Inf,201,201,-991.69,-2008.8,-Inf,-Inf,-Inf,-Inf,-Inf,-Inf,-Inf
202,202,-Inf,-Inf,-Inf,-Inf,-Inf,-Inf,-Inf,-Inf,-Inf,202,202,-989.13,-2004.8,-Inf,-Inf,-Inf,-Inf,-Inf,-Inf,-Inf,202,202,-996.61,-2019.2,-Inf,-Inf,-Inf,-Inf,-Inf,-Inf,-Inf
203,203,-Inf,-Inf,-Inf,-Inf,-Inf,-Inf,-Inf,-Inf,-Inf,203,203,-992.46,-2014.5,-Inf,-Inf,-Inf,-Inf,-Inf,-Inf,-Inf,203,203,-1001,-2029.7,-Inf,-Inf,-Inf,-Inf,-Inf,-Inf,-Inf
204,204,-Inf,-Inf,-Inf,-Inf,-Inf,-Inf,-Inf,-Inf,-Inf,204,204,-999.6,-2024.2,-Inf,-Inf,-Inf,-Inf,-Inf,-Inf,-Inf,204,204,-1007.5,-2040.2,-Inf,-Inf,-Inf,-Inf,-Inf,-Inf,-Inf
205,205,-Inf,-Inf,-Inf,-Inf,-Inf,-Inf,-Inf,-Inf,-Inf,205,205,-1002.6,-2034.1,-Inf,-Inf,-Inf,-Inf,-Inf,-Inf,-Inf,205,205,-1010.8,-2050.4,-Inf,-Inf,-Inf,-Inf,-Inf,-Inf,-Inf
206,206,-Inf,-Inf,-Inf,-Inf,-Inf,-Inf,-Inf,-Inf,-Inf,206,206,-1009.3,-2044.4,-Inf,-Inf,-Inf,-Inf,-Inf,-Inf,-Inf,206,206,-1017.9,-2060.2,-Inf,-Inf,-Inf,-Inf,-Inf,-Inf,-Inf
207,207,-Inf,-Inf,-Inf,-Inf,-Inf,-Inf,-Inf,-Inf,-Inf,207,207,-1013.3,-2054.8,-Inf,-Inf,-Inf,-Inf,-Inf,-Inf,-Inf,207,207,-1021,-2069.9,-Inf,-Inf,-Inf,-Inf,-Inf,-Inf,-Inf
208,208,-Inf,-Inf,-Inf,-Inf,-Inf,-Inf,-Inf,-Inf,-Inf,208,208,-1018.6,-2065.4,-Inf,-Inf,-Inf,-Inf,-Inf,-Inf,-Inf,208,208,-1027.5,-2079.7,-Inf,-Inf,-Inf,-Inf,-Inf,-Inf,-Inf
209,209,-Inf,-Inf,-Inf,-Inf,-Inf,-Inf,-Inf,-Inf,-Inf,209,209,-1024.2,-2075.8,-Inf,-Inf,-Inf,-Inf,-Inf,-Inf,-Inf,209,209,-1031.7,-2089.8,-Inf,-Inf,-Inf,-Inf,-Inf,-Inf,-Inf
210,210,-Inf,-Inf,-Inf,-Inf,-Inf,-Inf,-Inf,-Inf,-Inf,210,210,-1028.1,-2085.8,-Inf,-Inf,-Inf,-Inf,-Inf,-Inf,-Inf,210,210,-1036.8,-2100.2,-Inf,-Inf,-Inf,-Inf,-Inf,-Inf,-Inf
211,211,-Inf,-Inf,-Inf,-Inf,-Inf,-Inf,-Inf,-Inf,-Inf,211,211,-1035,-2095.5,-Inf,-Inf,-Inf,-Inf,-Inf,-Inf,-Inf,211,211,-1042.7,-2110.8,-Inf,-Inf,-Inf,-Inf,-Inf,-Inf,-Inf
212,212,-Inf,-Inf,-Inf,-Inf,-Inf,-Inf,-Inf,-Inf,-Inf,212,212,-1038,-2105.2,-Inf,-Inf,-Inf,-Inf,-Inf,-Inf,-Inf,212,212,-1046.3,-2121.3,-Inf,-Inf,-Inf,-Inf,-Inf,-Inf,-Inf
213,213,-Inf,-Inf,-Inf,-Inf,-Inf,-Inf,-Inf,-Inf,-Inf,213,213,-1045,-2115.1,-Inf,-Inf,-Inf,-Inf,-Inf,-Inf,-Inf,213,213,-1053.3,-2131.4,-Inf,-Inf,-Inf,-Inf,-Inf,-Inf,-Inf
214,214,-Inf,-Inf,-Inf,-Inf,-Inf,-Inf,-Inf,-Inf,-Inf,214,214,-1048.4,-2125.4,-Inf,-Inf,-Inf,-Inf,-Inf,-Inf,-Inf,214,214,-1056.3,-2141.2,-Inf,-Inf,-Inf,-Inf,-Inf,-Inf,-Inf
215,215,-Inf,-Inf,-Inf,-Inf,-Inf,-Inf,-Inf,-Inf,-Inf,215,215,-1054.4,-2135.9,-Inf,-Inf,-Inf,-Inf,-Inf,-Inf,-Inf,215,215,-1063.3,-2150.9,-Inf,-Inf,-Inf,-Inf,-Inf,-Inf,-Inf
216,216,-Inf,-Inf,-Inf,-Inf,-Inf,-Inf,-Inf,-Inf,-Inf,216,216,-1059.3,-2146.5,-Inf,-Inf,-Inf,-Inf,-Inf,-Inf,-Inf,216,216,-1066.8,-2160.7,-Inf,-Inf,-Inf,-Inf,-Inf,-Inf,-Inf
217,217,-Inf,-Inf,-Inf,-Inf,-Inf,-Inf,-Inf,-Inf,-Inf,217,217,-1063.7,-2156.8,-Inf,-Inf,-Inf,-Inf,-Inf,-Inf,-Inf,217,217,-1072.6,-2170.8,-Inf,-Inf,-Inf,-Inf,-Inf,-Inf,-Inf
218,218,-Inf,-Inf,-Inf,-Inf,-Inf,-Inf,-Inf,-Inf,-Inf,218,218,-1070.2,-2166.8,-Inf,-Inf,-Inf,-Inf,-Inf,-Inf,-Inf,218,218,-1077.7,-2181.3,-Inf,-Inf,-Inf,-Inf,-Inf,-Inf,-Inf
219,219,-Inf,-Inf,-Inf,-Inf,-Inf,-Inf,-Inf,-Inf,-Inf,219,219,-1073.5,-2176.5,-Inf,-Inf,-Inf,-Inf,-Inf,-Inf,-Inf,219,219,-1082,-2191.8,-Inf,-Inf,-Inf,-Inf,-Inf,-Inf,-Inf
220,220,-Inf,-Inf,-Inf,-Inf,-Inf,-Inf,-Inf,-Inf,-Inf,220,220,-1080.6,-2186.2,-Inf,-Inf,-Inf,-Inf,-Inf,-Inf,-Inf,220,220,-1088.6,-2202.3,-Inf,-Inf,-Inf,-Inf,-Inf,-Inf,-Inf
221,221,-Inf,-Inf,-Inf,-Inf,-Inf,-Inf,-Inf,-Inf,-Inf,221,221,-1083.7,-2196.2,-Inf,-Inf,-Inf,-Inf,-Inf,-Inf,-Inf,221,221,-1091.8,-2212.4,-Inf,-Inf,-Inf,-Inf,-Inf,-Inf,-Inf
222,222,-Inf,-Inf,-Inf,-Inf,-Inf,-Inf,-Inf,-Inf,-Inf,222,222,-1090.2,-2206.4,-Inf,-Inf,-Inf,-Inf,-Inf,-Inf,-Inf,222,222,-1098.9,-2222.2,-Inf,-Inf,-Inf,-Inf,-Inf,-Inf,-Inf
223,223,-Inf,-Inf,-Inf,-Inf,-Inf,-Inf,-Inf,-Inf,-Inf,223,223,-1094.4,-2217,-Inf,-Inf,-Inf,-Inf,-Inf,-Inf,-Inf,223,223,-1102,-2231.9,-Inf,-Inf,-Inf,-Inf,-Inf,-Inf,-Inf
224,224,-Inf,-Inf,-Inf,-Inf,-Inf,-Inf,-Inf,-Inf,-Inf,224,224,-1099.5,-2227.5,-Inf,-Inf,-Inf,-Inf,-Inf,-Inf,-Inf,224,224,-1108.4,-2241.7,-Inf,-Inf,-Inf,-Inf,-Inf,-Inf,-Inf
225,225,-Inf,-Inf,-Inf,-Inf,-Inf,-Inf,-Inf,-Inf,-Inf,225,225,-1105.3,-2237.8,-Inf,-Inf,-Inf,-Inf,-Inf,-Inf,-Inf,225,225,-1112.8,-2251.9,-Inf,-Inf,-Inf,-Inf,-Inf,-Inf,-Inf
226,226,-Inf,-Inf,-Inf,-Inf,-Inf,-Inf,-Inf,-Inf,-Inf,226,226,-1109,-2247.7,-Inf,-Inf,-Inf,-Inf,-Inf,-Inf,-Inf,226,226,-1117.7,-2262.3,-Inf,-Inf,-Inf,-Inf,-Inf,-Inf,-Inf
227,227,-Inf,-Inf,-Inf,-Inf,-Inf,-Inf,-Inf,-Inf,-Inf,227,227,-1116,-2257.4,-Inf,-Inf,-Inf,-Inf,-Inf,-Inf,-Inf,227,227,-1123.8,-2272.9,-Inf,-Inf,-Inf,-Inf,-Inf,-Inf,-Inf
228,228,-Inf,-Inf,-Inf,-Inf,-Inf,-Inf,-Inf,-Inf,-Inf,228,228,-1119,-2267.2,-Inf,-Inf,-Inf,-Inf,-Inf,-Inf,-Inf,228,228,-1127.3,-2283.3,-Inf,-Inf,-Inf,-Inf,-Inf,-Inf,-Inf
229,229,-Inf,-Inf,-Inf,-Inf,-Inf,-Inf,-Inf,-Inf,-Inf,229,229,-1126,-2277.2,-Inf,-Inf,-Inf,-Inf,-Inf,-Inf,-Inf,229,229,-1134.4,-2293.4,-Inf,-Inf,-Inf,-Inf,-Inf,-Inf,-Inf
230,230,-Inf,-Inf,-Inf,-Inf,-Inf,-Inf,-Inf,-Inf,-Inf,230,230,-1129.5,-2287.5,-Inf,-Inf,-Inf,-Inf,-Inf,-Inf,-Inf,230,230,-1137.3,-2303.1,-Inf,-Inf,-Inf,-Inf,-Inf,-Inf,-Inf
231,231,-Inf,-Inf,-Inf,-Inf,-Inf,-Inf,-Inf,-Inf,-Inf,231,231,-1135.3,-2298,-Inf,-Inf,-Inf,-Inf,-Inf,-Inf,-Inf,231,231,-1144.2,-2312.8,-Inf,-Inf,-Inf,-Inf,-Inf,-Inf,-Inf
232,232,-Inf,-Inf,-Inf,-Inf,-Inf,-Inf,-Inf,-Inf,-Inf,232,232,-1140.4,-2308.6,-Inf,-Inf,-Inf,-Inf,-Inf,-Inf,-Inf,232,232,-1147.9,-2322.7,-Inf,-Inf,-Inf,-Inf,-Inf,-Inf,-Inf
233,233,-Inf,-Inf,-Inf,-Inf,-Inf,-Inf,-Inf,-Inf,-Inf,233,233,-1144.7,-2318.8,-Inf,-Inf,-Inf,-Inf,-Inf,-Inf,-Inf,233,233,-1153.5,-2332.9,-Inf,-Inf,-Inf,-Inf,-Inf,-Inf,-Inf
234,234,-Inf,-Inf,-Inf,-Inf,-Inf,-Inf,-Inf,-Inf,-Inf,234,234,-1151.3,-2328.7,-Inf,-Inf,-Inf,-Inf,-Inf,-Inf,-Inf,234,234,-1158.8,-2343.4,-Inf,-Inf,-Inf,-Inf,-Inf,-Inf,-Inf
235,235,-Inf,-Inf,-Inf,-Inf,-Inf,-Inf,-Inf,-Inf,-Inf,235,235,-1154.5,-2338.4,-Inf,-Inf,-Inf,-Inf,-Inf,-Inf,-Inf,235,235,-1162.9,-2354,-Inf,-Inf,-Inf,-Inf,-Inf,-Inf,-Inf
236,236,-Inf,-Inf,-Inf,-Inf,-Inf,-Inf,-Inf,-Inf,-Inf,236,236,-1161.6,-2348.2,-Inf,-Inf,-Inf,-Inf,-Inf,-Inf,-Inf,236,236,-1169.7,-2364.4,-Inf,-Inf,-Inf,-Inf,-Inf,-Inf,-Inf
237,237,-Inf,-Inf,-Inf,-Inf,-Inf,-Inf,-Inf,-Inf,-Inf,237,237,-1164.7,-2358.2,-Inf,-Inf,-Inf,-Inf,-Inf,-Inf,-Inf,237,237,-1172.8,-2374.4,-Inf,-Inf,-Inf,-Inf,-Inf,-Inf,-Inf
238,238,-Inf,-Inf,-Inf,-Inf,-Inf,-Inf,-Inf,-Inf,-Inf,238,238,-1171.1,-2368.5,-Inf,-Inf,-Inf,-Inf,-Inf,-Inf,-Inf,238,238,-1179.9,-2384.1,-Inf,-Inf,-Inf,-Inf,-Inf,-Inf,-Inf
239,239,-Inf,-Inf,-Inf,-Inf,-Inf,-Inf,-Inf,-Inf,-Inf,239,239,-1175.5,-2379.1,-Inf,-Inf,-Inf,-Inf,-Inf,-Inf,-Inf,239,239,-1183.1,-2393.8,-Inf,-Inf,-Inf,-Inf,-Inf,-Inf,-Inf
240,240,-Inf,-Inf,-Inf,-Inf,-Inf,-Inf,-Inf,-Inf,-Inf,240,240,-1180.4,-2389.6,-Inf,-Inf,-Inf,-Inf,-Inf,-Inf,-Inf,240,240,-1189.4,-2403.7,-Inf,-Inf,-Inf,-Inf,-Inf,-Inf,-Inf
241,241,-Inf,-Inf,-Inf,-Inf,-Inf,-Inf,-Inf,-Inf,-Inf,241,241,-1186.4,-2399.8,-Inf,-Inf,-Inf,-Inf,-Inf,-Inf,-Inf,241,241,-1193.9,-2414,-Inf,-Inf,-Inf,-Inf,-Inf,-Inf,-Inf
242,242,-Inf,-Inf,-Inf,-Inf,-Inf,-Inf,-Inf,-Inf,-Inf,242,242,-1190,-2409.7,-Inf,-Inf,-Inf,-Inf,-Inf,-Inf,-Inf,242,242,-1198.7,-2424.5,-Inf,-Inf,-Inf,-Inf,-Inf,-Inf,-Inf
243,243,-Inf,-Inf,-Inf,-Inf,-Inf,-Inf,-Inf,-Inf,-Inf,243,243,-1197.1,-2419.4,-Inf,-Inf,-Inf,-Inf,-Inf,-Inf,-Inf,243,243,-1204.8,-2435,-Inf,-Inf,-Inf,-Inf,-Inf,-Inf,-Inf
244,244,-Inf,-Inf,-Inf,-Inf,-Inf,-Inf,-Inf,-Inf,-Inf,244,244,-1200,-2429.2,-Inf,-Inf,-Inf,-Inf,-Inf,-Inf,-Inf,244,244,-1208.3,-2445.4,-Inf,-Inf,-Inf,-Inf,-Inf,-Inf,-Inf
245,245,-Inf,-Inf,-Inf,-Inf,-Inf,-Inf,-Inf,-Inf,-Inf,245,245,-1206.9,-2439.2,-Inf,-Inf,-Inf,-Inf,-Inf,-Inf,-Inf,245,245,-1215.4,-2455.4,-Inf,-Inf,-Inf,-Inf,-Inf,-Inf,-Inf
246,246,-Inf,-Inf,-Inf,-Inf,-Inf,-Inf,-Inf,-Inf,-Inf,246,246,-1210.6,-2449.6,-Inf,-Inf,-Inf,-Inf,-Inf,-Inf,-Inf,246,246,-1218.4,-2465.1,-Inf,-Inf,-Inf,-Inf,-Inf,-Inf,-Inf
247,247,-Inf,-Inf,-Inf,-Inf,-Inf,-Inf,-Inf,-Inf,-Inf,247,247,-1216.2,-2460.2,-Inf,-Inf,-Inf,-Inf,-Inf,-Inf,-Inf,247,247,-1225.2,-2474.8,-Inf,-Inf,-Inf,-Inf,-Inf,-Inf,-Inf
248,248,-Inf,-Inf,-Inf,-Inf,-Inf,-Inf,-Inf,-Inf,-Inf,248,248,-1221.5,-2470.7,-Inf,-Inf,-Inf,-Inf,-Inf,-Inf,-Inf,248,248,-1229,-2484.7,-Inf,-Inf,-Inf,-Inf,-Inf,-Inf,-Inf
249,249,-Inf,-Inf,-Inf,-Inf,-Inf,-Inf,-Inf,-Inf,-Inf,249,249,-1225.6,-2480.8,-Inf,-Inf,-Inf,-Inf,-Inf,-Inf,-Inf,249,249,-1234.5,-2495,-Inf,-Inf,-Inf,-Inf,-Inf,-Inf,-Inf
250,250,-Inf,-Inf,-Inf,-Inf,-Inf,-Inf,-Inf,-Inf,-Inf,250,250,-1232.4,-2490.7,-Inf,-Inf,-Inf,-Inf,-Inf,-Inf,-Inf,250,250,-1239.9,-2505.5,-Inf,-Inf,-Inf,-Inf,-Inf,-Inf,-Inf
251,251,-Inf,-Inf,-Inf,-Inf,-Inf,-Inf,-Inf,-Inf,-Inf,251,251,-1235.5,-2500.3,-Inf,-Inf,-Inf,-Inf,-Inf,-Inf,-Inf,251,251,-1243.9,-2516.1,-Inf,-Inf,-Inf,-Inf,-Inf,-Inf,-Inf
252,252,-Inf,-Inf,-Inf,-Inf,-Inf,-Inf,-Inf,-Inf,-Inf,252,252,-1242.6,-2510.2,-Inf,-Inf,-Inf,-Inf,-Inf,-Inf,-Inf,252,252,-1250.7,-2526.4,-Inf,-Inf,-Inf,-Inf,-Inf,-Inf,-Inf
253,253,-Inf,-Inf,-Inf,-Inf,-Inf,-Inf,-Inf,-Inf,-Inf,253,253,-1245.8,-2520.3,-Inf,-Inf,-Inf,-Inf,-Inf,-Inf,-Inf,253,253,-1253.8,-2536.4,-Inf,-Inf,-Inf,-Inf,-Inf,-Inf,-Inf
254,254,-Inf,-Inf,-Inf,-Inf,-Inf,-Inf,-Inf,-Inf,-Inf,254,254,-1252.1,-2530.7,-Inf,-Inf,-Inf,-Inf,-Inf,-Inf,-Inf,254,254,-1260.9,-2546,-Inf,-Inf,-Inf,-Inf,-Inf,-Inf,-Inf
255,255,-Inf,-Inf,-Inf,-Inf,-Inf,-Inf,-Inf,-Inf,-Inf,255,255,-1256.6,-2541.2,-Inf,-Inf,-Inf,-Inf,-Inf,-Inf,-Inf,255,255,-1264.2,-2555.8,-Inf,-Inf,-Inf,-Inf,-Inf,-Inf,-Inf
256,256,-Inf,-Inf,-Inf,-Inf,-Inf,-Inf,-Inf,-Inf,-Inf,256,256,-1261.4,-2551.7,-Inf,-Inf,-Inf,-Inf,-Inf,-Inf,-Inf,256,256,-1270.3,-2565.8,-Inf,-Inf,-Inf,-Inf,-Inf,-Inf,-Inf
257,257,-Inf,-Inf,-Inf,-Inf,-Inf,-Inf,-Inf,-Inf,-Inf,257,257,-1267.5,-2561.8,-Inf,-Inf,-Inf,-Inf,-Inf,-Inf,-Inf,257,257,-1275,-2576.1,-Inf,-Inf,-Inf,-Inf,-Inf,-Inf,-Inf
258,258,-Inf,-Inf,-Inf,-Inf,-Inf,-Inf,-Inf,-Inf,-Inf,258,258,-1271,-2571.6,-Inf,-Inf,-Inf,-Inf,-Inf,-Inf,-Inf,258,258,-1279.6,-2586.6,-Inf,-Inf,-Inf,-Inf,-Inf,-Inf,-Inf
259,259,-Inf,-Inf,-Inf,-Inf,-Inf,-Inf,-Inf,-Inf,-Inf,259,259,-1278.1,-2581.3,-Inf,-Inf,-Inf,-Inf,-Inf,-Inf,-Inf,259,259,-1285.9,-2597.1,-Inf,-Inf,-Inf,-Inf,-Inf,-Inf,-Inf
260,260,-Inf,-Inf,-Inf,-Inf,-Inf,-Inf,-Inf,-Inf,-Inf,260,260,-1281.1,-2591.1,-Inf,-Inf,-Inf,-Inf,-Inf,-Inf,-Inf,260,260,-1289.3,-2607.4,-Inf,-Inf,-Inf,-Inf,-Inf,-Inf,-Inf
261,261,-Inf,-Inf,-Inf,-Inf,-Inf,-Inf,-Inf,-Inf,-Inf,261,261,-1287.9,-2601.3,-Inf,-Inf,-Inf,-Inf,-Inf,-Inf,-Inf,261,261,-1296.4,-2617.3,-Inf,-Inf,-Inf,-Inf,-Inf,-Inf,-Inf
262,262,-Inf,-Inf,-Inf,-Inf,-Inf,-Inf,-Inf,-Inf,-Inf,262,262,-1291.7,-2611.7,-Inf,-Inf,-Inf,-Inf,-Inf,-Inf,-Inf,262,262,-1299.4,-2627,-Inf,-Inf,-Inf,-Inf,-Inf,-Inf,-Inf
263,263,-Inf,-Inf,-Inf,-Inf,-Inf,-Inf,-Inf,-Inf,-Inf,263,263,-1297.2,-2622.3,-Inf,-Inf,-Inf,-Inf,-Inf,-Inf,-Inf,263,263,-1306.1,-2636.8,-Inf,-Inf,-Inf,-Inf,-Inf,-Inf,-Inf
264,264,-Inf,-Inf,-Inf,-Inf,-Inf,-Inf,-Inf,-Inf,-Inf,264,264,-1302.6,-2632.7,-Inf,-Inf,-Inf,-Inf,-Inf,-Inf,-Inf,264,264,-1310.1,-2646.8,-Inf,-Inf,-Inf,-Inf,-Inf,-Inf,-Inf
265,265,-Inf,-Inf,-Inf,-Inf,-Inf,-Inf,-Inf,-Inf,-Inf,265,265,-1306.6,-2642.8,-Inf,-Inf,-Inf,-Inf,-Inf,-Inf,-Inf,265,265,-1315.4,-2657.1,-Inf,-Inf,-Inf,-Inf,-Inf,-Inf,-Inf
266,266,-Inf,-Inf,-Inf,-Inf,-Inf,-Inf,-Inf,-Inf,-Inf,266,266,-1313.4,-2652.6,-Inf,-Inf,-Inf,-Inf,-Inf,-Inf,-Inf,266,266,-1321,-2667.6,-Inf,-Inf,-Inf,-Inf,-Inf,-Inf,-Inf
267,267,-Inf,-Inf,-Inf,-Inf,-Inf,-Inf,-Inf,-Inf,-Inf,267,267,-1316.5,-2662.3,-Inf,-Inf,-Inf,-Inf,-Inf,-Inf,-Inf,267,267,-1324.9,-2678.2,-Inf,-Inf,-Inf,-Inf,-Inf,-Inf,-Inf
268,268,-Inf,-Inf,-Inf,-Inf,-Inf,-Inf,-Inf,-Inf,-Inf,268,268,-1323.6,-2672.2,-Inf,-Inf,-Inf,-Inf,-Inf,-Inf,-Inf,268,268,-1331.8,-2688.4,-Inf,-Inf,-Inf,-Inf,-Inf,-Inf,-Inf
269,269,-Inf,-Inf,-Inf,-Inf,-Inf,-Inf,-Inf,-Inf,-Inf,269,269,-1326.9,-2682.3,-Inf,-Inf,-Inf,-Inf,-Inf,-Inf,-Inf,269,269,-1334.8,-2698.3,-Inf,-Inf,-Inf,-Inf,-Inf,-Inf,-Inf
270,270,-Inf,-Inf,-Inf,-Inf,-Inf,-Inf,-Inf,-Inf,-Inf,270,270,-1333,-2692.8,-Inf,-Inf,-Inf,-Inf,-Inf,-Inf,-Inf,270,270,-1341.8,-2708,-Inf,-Inf,-Inf,-Inf,-Inf,-Inf,-Inf
271,271,-Inf,-Inf,-Inf,-Inf,-Inf,-Inf,-Inf,-Inf,-Inf,271,271,-1337.7,-2703.3,-Inf,-Inf,-Inf,-Inf,-Inf,-Inf,-Inf,271,271,-1345.2,-2717.8,-Inf,-Inf,-Inf,-Inf,-Inf,-Inf,-Inf
272,272,-Inf,-Inf,-Inf,-Inf,-Inf,-Inf,-Inf,-Inf,-Inf,272,272,-1342.3,-2713.8,-Inf,-Inf,-Inf,-Inf,-Inf,-Inf,-Inf,272,272,-1351.2,-2727.8,-Inf,-Inf,-Inf,-Inf,-Inf,-Inf,-Inf
273,273,-Inf,-Inf,-Inf,-Inf,-Inf,-Inf,-Inf,-Inf,-Inf,273,273,-1348.6,-2723.8,-Inf,-Inf,-Inf,-Inf,-Inf,-Inf,-Inf,273,273,-1356.1,-2738.2,-Inf,-Inf,-Inf,-Inf,-Inf,-Inf,-Inf
274,274,-Inf,-Inf,-Inf,-Inf,-Inf,-Inf,-Inf,-Inf,-Inf,274,274,-1352,-2733.6,-Inf,-Inf,-Inf,-Inf,-Inf,-Inf,-Inf,274,274,-1360.6,-2748.7,-Inf,-Inf,-Inf,-Inf,-Inf,-Inf,-Inf
275,275,-Inf,-Inf,-Inf,-Inf,-Inf,-Inf,-Inf,-Inf,-Inf,275,275,-1359.1,-2743.3,-Inf,-Inf,-Inf,-Inf,-Inf,-Inf,-Inf,275,275,-1367,-2759.2,-Inf,-Inf,-Inf,-Inf,-Inf,-Inf,-Inf
276,276,-Inf,-Inf,-Inf,-Inf,-Inf,-Inf,-Inf,-Inf,-Inf,276,276,-1362.1,-2753.2,-Inf,-Inf,-Inf,-Inf,-Inf,-Inf,-Inf,276,276,-1370.3,-2769.4,-Inf,-Inf,-Inf,-Inf,-Inf,-Inf,-Inf
277,277,-Inf,-Inf,-Inf,-Inf,-Inf,-Inf,-Inf,-Inf,-Inf,277,277,-1368.8,-2763.4,-Inf,-Inf,-Inf,-Inf,-Inf,-Inf,-Inf,277,277,-1377.4,-2779.3,-Inf,-Inf,-Inf,-Inf,-Inf,-Inf,-Inf
278,278,-Inf,-Inf,-Inf,-Inf,-Inf,-Inf,-Inf,-Inf,-Inf,278,278,-1372.8,-2773.8,-Inf,-Inf,-Inf,-Inf,-Inf,-Inf,-Inf,278,278,-1380.5,-2788.9,-Inf,-Inf,-Inf,-Inf,-Inf,-Inf,-Inf
279,279,-Inf,-Inf,-Inf,-Inf,-Inf,-Inf,-Inf,-Inf,-Inf,279,279,-1378.1,-2784.4,-Inf,-Inf,-Inf,-Inf,-Inf,-Inf,-Inf,279,279,-1387,-2798.7,-Inf,-Inf,-Inf,-Inf,-Inf,-Inf,-Inf
280,280,-Inf,-Inf,-Inf,-Inf,-Inf,-Inf,-Inf,-Inf,-Inf,280,280,-1383.7,-2794.8,-Inf,-Inf,-Inf,-Inf,-Inf,-Inf,-Inf,280,280,-1391.2,-2808.8,-Inf,-Inf,-Inf,-Inf,-Inf,-Inf,-Inf
281,281,-Inf,-Inf,-Inf,-Inf,-Inf,-Inf,-Inf,-Inf,-Inf,281,281,-1387.6,-2804.8,-Inf,-Inf,-Inf,-Inf,-Inf,-Inf,-Inf,281,281,-1396.3,-2819.2,-Inf,-Inf,-Inf,-Inf,-Inf,-Inf,-Inf
282,282,-Inf,-Inf,-Inf,-Inf,-Inf,-Inf,-Inf,-Inf,-Inf,282,282,-1394.5,-2814.5,-Inf,-Inf,-Inf,-Inf,-Inf,-Inf,-Inf,282,282,-1402.1,-2829.8,-Inf,-Inf,-Inf,-Inf,-Inf,-Inf,-Inf
283,283,-Inf,-Inf,-Inf,-Inf,-Inf,-Inf,-Inf,-Inf,-Inf,283,283,-1397.5,-2824.2,-Inf,-Inf,-Inf,-Inf,-Inf,-Inf,-Inf,283,283,-1405.8,-2840.3,-Inf,-Inf,-Inf,-Inf,-Inf,-Inf,-Inf
284,284,-Inf,-Inf,-Inf,-Inf,-Inf,-Inf,-Inf,-Inf,-Inf,284,284,-1404.5,-2834.2,-Inf,-Inf,-Inf,-Inf,-Inf,-Inf,-Inf,284,284,-1412.8,-2850.4,-Inf,-Inf,-Inf,-Inf,-Inf,-Inf,-Inf
285,285,-Inf,-Inf,-Inf,-Inf,-Inf,-Inf,-Inf,-Inf,-Inf,285,285,-1407.9,-2844.4,-Inf,-Inf,-Inf,-Inf,-Inf,-Inf,-Inf,285,285,-1415.8,-2860.2,-Inf,-Inf,-Inf,-Inf,-Inf,-Inf,-Inf
286,286,-Inf,-Inf,-Inf,-Inf,-Inf,-Inf,-Inf,-Inf,-Inf,286,286,-1413.9,-2854.9,-Inf,-Inf,-Inf,-Inf,-Inf,-Inf,-Inf,286,286,-1422.8,-2869.9,-Inf,-Inf,-Inf,-Inf,-Inf,-Inf,-Inf
287,287,-Inf,-Inf,-Inf,-Inf,-Inf,-Inf,-Inf,-Inf,-Inf,287,287,-1418.8,-2865.5,-Inf,-Inf,-Inf,-Inf,-Inf,-Inf,-Inf,287,287,-1426.3,-2879.7,-Inf,-Inf,-Inf,-Inf,-Inf,-Inf,-Inf
288,288,-Inf,-Inf,-Inf,-Inf,-Inf,-Inf,-Inf,-Inf,-Inf,288,288,-1423.3,-2875.8,-Inf,-Inf,-Inf,-Inf,-Inf,-Inf,-Inf,288,288,-1432.1,-2889.9,-Inf,-Inf,-Inf,-Inf,-Inf,-Inf,-Inf
289,289,-Inf,-Inf,-Inf,-Inf,-Inf,-Inf,-Inf,-Inf,-Inf,289,289,-1429.7,-2885.8,-Inf,-Inf,-Inf,-Inf,-Inf,-Inf,-Inf,289,289,-1437.2,-2900.3,-Inf,-Inf,-Inf,-Inf,-Inf,-Inf,-Inf
290,290,-Inf,-Inf,-Inf,-Inf,-Inf,-Inf,-Inf,-Inf,-Inf,290,290,-1433,-2895.5,-Inf,-Inf,-Inf,-Inf,-Inf,-Inf,-Inf,290,290,-1441.5,-2910.8,-Inf,-Inf,-Inf,-Inf,-Inf,-Inf,-Inf
291,291,-Inf,-Inf,-Inf,-Inf,-Inf,-Inf,-Inf,-Inf,-Inf,291,291,-1440.1,-2905.2,-Inf,-Inf,-Inf,-Inf,-Inf,-Inf,-Inf,291,291,-1448.1,-2921.3,-Inf,-Inf,-Inf,-Inf,-Inf,-Inf,-Inf
292,292,-Inf,-Inf,-Inf,-Inf,-Inf,-Inf,-Inf,-Inf,-Inf,292,292,-1443.2,-2915.2,-Inf,-Inf,-Inf,-Inf,-Inf,-Inf,-Inf,292,292,-1451.3,-2931.4,-Inf,-Inf,-Inf,-Inf,-Inf,-Inf,-Inf
293,293,-Inf,-Inf,-Inf,-Inf,-Inf,-Inf,-Inf,-Inf,-Inf,293,293,-1449.7,-2925.4,-Inf,-Inf,-Inf,-Inf,-Inf,-Inf,-Inf,293,293,-1458.4,-2941.2,-Inf,-Inf,-Inf,-Inf,-Inf,-Inf,-Inf
294,294,-Inf,-Inf,-Inf,-Inf,-Inf,-Inf,-Inf,-Inf,-Inf,294,294,-1453.9,-2936,-Inf,-Inf,-Inf,-Inf,-Inf,-Inf,-Inf,294,294,-1461.5,-2950.9,-Inf,-Inf,-Inf,-Inf,-Inf,-Inf,-Inf
295,295,-Inf,-Inf,-Inf,-Inf,-Inf,-Inf,-Inf,-Inf,-Inf,295,295,-1459,-2946.5,-Inf,-Inf,-Inf,-Inf,-Inf,-Inf,-Inf,295,295,-1468,-2960.7,-Inf,-Inf,-Inf,-Inf,-Inf,-Inf,-Inf
296,296,-Inf,-Inf,-Inf,-Inf,-Inf,-Inf,-Inf,-Inf,-Inf,296,296,-1464.8,-2956.8,-Inf,-Inf,-Inf,-Inf,-Inf,-Inf,-Inf,296,296,-1472.3,-2970.9,-Inf,-Inf,-Inf,-Inf,-Inf,-Inf,-Inf
297,297,-Inf,-Inf,-Inf,-Inf,-Inf,-Inf,-Inf,-Inf,-Inf,297,297,-1468.5,-2966.8,-Inf,-Inf,-Inf,-Inf,-Inf,-Inf,-Inf,297,297,-1477.2,-2981.3,-Inf,-Inf,-Inf,-Inf,-Inf,-Inf,-Inf
298,298,-Inf,-Inf,-Inf,-Inf,-Inf,-Inf,-Inf,-Inf,-Inf,298,298,-1475.5,-2976.5,-Inf,-Inf,-Inf,-Inf,-Inf,-Inf,-Inf,298,298,-1483.2,-2991.9,-Inf,-Inf,-Inf,-Inf,-Inf,-Inf,-Inf
299,299,-Inf,-Inf,-Inf,-Inf,-Inf,-Inf,-Inf,-Inf,-Inf,299,299,-1478.5,-2986.2,-Inf,-Inf,-Inf,-Inf,-Inf,-Inf,-Inf,299,299,-1486.8,-3002.3,-Inf,-Inf,-Inf,-Inf,-Inf,-Inf,-Inf
300,300,-Inf,-Inf,-Inf,-Inf,-Inf,-Inf,-Inf,-Inf,-Inf,300,300,-1485.5,-2996.2,-Inf,-Inf,-Inf,-Inf,-Inf,-Inf,-Inf,300,300,-1493.9,-3012.4,-Inf,-Inf,-Inf,-Inf,-Inf,-Inf,-Inf
301,301,-Inf,-Inf,-Inf,-Inf,-Inf,-Inf,-Inf,-Inf,-Inf,301,301,-1489,-3006.5,-Inf,-Inf,-Inf,-Inf,-Inf,-Inf,-Inf,301,301,-1496.8,-3022.2,-Inf,-Inf,-Inf,-Inf,-Inf,-Inf,-Inf
302,302,-Inf,-Inf,-Inf,-Inf,-Inf,-Inf,-Inf,-Inf,-Inf,302,302,-1494.8,-3017,-Inf,-Inf,-Inf,-Inf,-Inf,-Inf,-Inf,302,302,-1503.7,-3031.9,-Inf,-Inf,-Inf,-Inf,-Inf,-Inf,-Inf
303,303,-Inf,-Inf,-Inf,-Inf,-Inf,-Inf,-Inf,-Inf,-Inf,303,303,-1499.9,-3027.6,-Inf,-Inf,-Inf,-Inf,-Inf,-Inf,-Inf,303,303,-1507.4,-3041.7,-Inf,-Inf,-Inf,-Inf,-Inf,-Inf,-Inf
304,304,-Inf,-Inf,-Inf,-Inf,-Inf,-Inf,-Inf,-Inf,-Inf,304,304,-1504.2,-3037.9,-Inf,-Inf,-Inf,-Inf,-Inf,-Inf,-Inf,304,304,-1513.1,-3051.9,-Inf,-Inf,-Inf,-Inf,-Inf,-Inf,-Inf
305,305,-Inf,-Inf,-Inf,-Inf,-Inf,-Inf,-Inf,-Inf,-Inf,305,305,-1510.8,-3047.7,-Inf,-Inf,-Inf,-Inf,-Inf,-Inf,-Inf,305,305,-1518.3,-3062.4,-Inf,-Inf,-Inf,-Inf,-Inf,-Inf,-Inf
306,306,-Inf,-Inf,-Inf,-Inf,-Inf,-Inf,-Inf,-Inf,-Inf,306,306,-1514,-3057.4,-Inf,-Inf,-Inf,-Inf,-Inf,-Inf,-Inf,306,306,-1522.5,-3073,-Inf,-Inf,-Inf,-Inf,-Inf,-Inf,-Inf
307,307,-Inf,-Inf,-Inf,-Inf,-Inf,-Inf,-Inf,-Inf,-Inf,307,307,-1521.1,-3067.2,-Inf,-Inf,-Inf,-Inf,-Inf,-Inf,-Inf,307,307,-1529.2,-3083.2,-Inf,-Inf,-Inf,-Inf,-Inf,-Inf,-Inf
308,308,-Inf,-Inf,-Inf,-Inf,-Inf,-Inf,-Inf,-Inf,-Inf,308,308,-1524.2,-3077.2,-Inf,-Inf,-Inf,-Inf,-Inf,-Inf,-Inf,308,308,-1532.3,-3091,-Inf,-Inf,-Inf,-Inf,-Inf,-Inf,-Inf
309,309,-Inf,-Inf,-Inf,-Inf,-Inf,-Inf,-Inf,-Inf,-Inf,309,309,-1530.7,-3088,-Inf,-Inf,-Inf,-Inf,-Inf,-Inf,-Inf,309,309,-1539.4,-Inf,-Inf,-Inf,-Inf,-Inf,-Inf,-Inf,-Inf
310,310,-Inf,-Inf,-Inf,-Inf,-Inf,-Inf,-Inf,-Inf,-Inf,310,310,-1535,-Inf,-Inf,-Inf,-Inf,-Inf,-Inf,-Inf,-Inf,310,310,-1542.6,-Inf,-Inf,-Inf,-Inf,-Inf,-Inf,-Inf,-Inf
311,311,-Inf,-Inf,-Inf,-Inf,-Inf,-Inf,-Inf,-Inf,-Inf,311,311,-1540,-Inf,-Inf,-Inf,-Inf,-Inf,-Inf,-Inf,-Inf,311,311,-1548.9,-Inf,-Inf,-Inf,-Inf,-Inf,-Inf,-Inf,-Inf
312,312,-Inf,-Inf,-Inf,-Inf,-Inf,-Inf,-Inf,-Inf,-Inf,312,312,-1545.9,-Inf,-Inf,-Inf,-Inf,-Inf,-Inf,-Inf,-Inf,312,312,-1553.4,-Inf,-Inf,-Inf,-Inf,-Inf,-Inf,-Inf,-Inf
313,313,-Inf,-Inf,-Inf,-Inf,-Inf,-Inf,-Inf,-Inf,-Inf,313,313,-1549.5,-Inf,-Inf,-Inf,-Inf,-Inf,-Inf,-Inf,-Inf,313,313,-1558.2,-Inf,-Inf,-Inf,-Inf,-Inf,-Inf,-Inf,-Inf
314,314,-Inf,-Inf,-Inf,-Inf,-Inf,-Inf,-Inf,-Inf,-Inf,314,314,-1556.6,-Inf,-Inf,-Inf,-Inf,-Inf,-Inf,-Inf,-Inf,314,314,-1564.3,-Inf,-Inf,-Inf,-Inf,-Inf,-Inf,-Inf,-Inf
315,315,-Inf,-Inf,-Inf,-Inf,-Inf,-Inf,-Inf,-Inf,-Inf,315,315,-1559.5,-Inf,-Inf,-Inf,-Inf,-Inf,-Inf,-Inf,-Inf,315,315,-1567.8,-Inf,-Inf,-Inf,-Inf,-Inf,-Inf,-Inf,-Inf
316,316,-Inf,-Inf,-Inf,-Inf,-Inf,-Inf,-Inf,-Inf,-Inf,316,316,-1566.4,-Inf,-Inf,-Inf,-Inf,-Inf,-Inf,-Inf,-Inf,316,316,-1574.9,-Inf,-Inf,-Inf,-Inf,-Inf,-Inf,-Inf,-Inf
317,317,-Inf,-Inf,-Inf,-Inf,-Inf,-Inf,-Inf,-Inf,-Inf,317,317,-1570.1,-Inf,-Inf,-Inf,-Inf,-Inf,-Inf,-Inf,-Inf,317,317,-1577.9,-Inf,-Inf,-Inf,-Inf,-Inf,-Inf,-Inf,-Inf
318,318,-Inf,-Inf,-Inf,-Inf,-Inf,-Inf,-Inf,-Inf,-Inf,318,318,-1575.8,-Inf,-Inf,-Inf,-Inf,-Inf,-Inf,-Inf,-Inf,318,318,-1584.7,-Inf,-Inf,-Inf,-Inf,-Inf,-Inf,-Inf,-Inf
319,319,-Inf,-Inf,-Inf,-Inf,-Inf,-Inf,-Inf,-Inf,-Inf,319,319,-1581,-Inf,-Inf,-Inf,-Inf,-Inf,-Inf,-Inf,-Inf,319,319,-1588.5,-Inf,-Inf,-Inf,-Inf,-Inf,-Inf,-Inf,-Inf
320,320,-Inf,-Inf,-Inf,-Inf,-Inf,-Inf,-Inf,-Inf,-Inf,320,320,-1585.2,-Inf,-Inf,-Inf,-Inf,-Inf,-Inf,-Inf,-Inf,320,320,-1594,-Inf,-Inf,-Inf,-Inf,-Inf,-Inf,-Inf,-Inf
321,321,-Inf,-Inf,-Inf,-Inf,-Inf,-Inf,-Inf,-Inf,-Inf,321,321,-1591.9,-Inf,-Inf,-Inf,-Inf,-Inf,-Inf,-Inf,-Inf,321,321,-1599.4,-Inf,-Inf,-Inf,-Inf,-Inf,-Inf,-Inf,-Inf
322,322,-Inf,-Inf,-Inf,-Inf,-Inf,-Inf,-Inf,-Inf,-Inf,322,322,-1595,-Inf,-Inf,-Inf,-Inf,-Inf,-Inf,-Inf,-Inf,322,322,-1603.4,-Inf,-Inf,-Inf,-Inf,-Inf,-Inf,-Inf,-Inf
323,323,-Inf,-Inf,-Inf,-Inf,-Inf,-Inf,-Inf,-Inf,-Inf,323,323,-1602.1,-Inf,-Inf,-Inf,-Inf,-Inf,-Inf,-Inf,-Inf,323,323,-1610.2,-Inf,-Inf,-Inf,-Inf,-Inf,-Inf,-Inf,-Inf
324,324,-Inf,-Inf,-Inf,-Inf,-Inf,-Inf,-Inf,-Inf,-Inf,324,324,-1605.3,-Inf,-Inf,-Inf,-Inf,-Inf,-Inf,-Inf,-Inf,324,324,-1613.3,-Inf,-Inf,-Inf,-Inf,-Inf,-Inf,-Inf,-Inf
325,325,-Inf,-Inf,-Inf,-Inf,-Inf,-Inf,-Inf,-Inf,-Inf,325,325,-1611.6,-Inf,-Inf,-Inf,-Inf,-Inf,-Inf,-Inf,-Inf,325,325,-1620.4,-Inf,-Inf,-Inf,-Inf,-Inf,-Inf,-Inf,-Inf
326,326,-Inf,-Inf,-Inf,-Inf,-Inf,-Inf,-Inf,-Inf,-Inf,326,326,-1616.1,-Inf,-Inf,-Inf,-Inf,-Inf,-Inf,-Inf,-Inf,326,326,-1623.7,-Inf,-Inf,-Inf,-Inf,-Inf,-Inf,-Inf,-Inf
327,327,-Inf,-Inf,-Inf,-Inf,-Inf,-Inf,-Inf,-Inf,-Inf,327,327,-1620.9,-Inf,-Inf,-Inf,-Inf,-Inf,-Inf,-Inf,-Inf,327,327,-1629.8,-Inf,-Inf,-Inf,-Inf,-Inf,-Inf,-Inf,-Inf
328,328,-Inf,-Inf,-Inf,-Inf,-Inf,-Inf,-Inf,-Inf,-Inf,328,328,-1627,-Inf,-Inf,-Inf,-Inf,-Inf,-Inf,-Inf,-Inf,328,328,-1634.5,-Inf,-Inf,-Inf,-Inf,-Inf,-Inf,-Inf,-Inf
329,329,-Inf,-Inf,-Inf,-Inf,-Inf,-Inf,-Inf,-Inf,-Inf,329,329,-1630.5,-Inf,-Inf,-Inf,-Inf,-Inf,-Inf,-Inf,-Inf,329,329,-1639.1,-Inf,-Inf,-Inf,-Inf,-Inf,-Inf,-Inf,-Inf
330,330,-Inf,-Inf,-Inf,-Inf,-Inf,-Inf,-Inf,-Inf,-Inf,330,330,-1637.6,-Inf,-Inf,-Inf,-Inf,-Inf,-Inf,-Inf,-Inf,330,330,-1645.4,-Inf,-Inf,-Inf,-Inf,-Inf,-Inf,-Inf,-Inf
331,331,-Inf,-Inf,-Inf,-Inf,-Inf,-Inf,-Inf,-Inf,-Inf,331,331,-1640.6,-Inf,-Inf,-Inf,-Inf,-Inf,-Inf,-Inf,-Inf,331,331,-1648.8,-Inf,-Inf,-Inf,-Inf,-Inf,-Inf,-Inf,-Inf
332,332,-Inf,-Inf,-Inf,-Inf,-Inf,-Inf,-Inf,-Inf,-Inf,332,332,-1647.4,-Inf,-Inf,-Inf,-Inf,-Inf,-Inf,-Inf,-Inf,332,332,-1655.9,-Inf,-Inf,-Inf,-Inf,-Inf,-Inf,-Inf,-Inf
333,333,-Inf,-Inf,-Inf,-Inf,-Inf,-Inf,-Inf,-Inf,-Inf,333,333,-1651.2,-Inf,-Inf,-Inf,-Inf,-Inf,-Inf,-Inf,-Inf,333,333,-1658.9,-Inf,-Inf,-Inf,-Inf,-Inf,-Inf,-Inf,-Inf
334,334,-Inf,-Inf,-Inf,-Inf,-Inf,-Inf,-Inf,-Inf,-Inf,334,334,-1656.7,-Inf,-Inf,-Inf,-Inf,-Inf,-Inf,-Inf,-Inf,334,334,-1665.6,-Inf,-Inf,-Inf,-Inf,-Inf,-Inf,-Inf,-Inf
335,335,-Inf,-Inf,-Inf,-Inf,-Inf,-Inf,-Inf,-Inf,-Inf,335,335,-1662.1,-Inf,-Inf,-Inf,-Inf,-Inf,-Inf,-Inf,-Inf,335,335,-1669.6,-Inf,-Inf,-Inf,-Inf,-Inf,-Inf,-Inf,-Inf
336,336,-Inf,-Inf,-Inf,-Inf,-Inf,-Inf,-Inf,-Inf,-Inf,336,336,-1666.1,-Inf,-Inf,-Inf,-Inf,-Inf,-Inf,-Inf,-Inf,336,336,-1674.9,-Inf,-Inf,-Inf,-Inf,-Inf,-Inf,-Inf,-Inf
337,337,-Inf,-Inf,-Inf,-Inf,-Inf,-Inf,-Inf,-Inf,-Inf,337,337,-1672.9,-Inf,-Inf,-Inf,-Inf,-Inf,-Inf,-Inf,-Inf,337,337,-1680.5,-Inf,-Inf,-Inf,-Inf,-Inf,-Inf,-Inf,-Inf
338,338,-Inf,-Inf,-Inf,-Inf,-Inf,-Inf,-Inf,-Inf,-Inf,338,338,-1676,-Inf,-Inf,-Inf,-Inf,-Inf,-Inf,-Inf,-Inf,338,338,-1684.4,-Inf,-Inf,-Inf,-Inf,-Inf,-Inf,-Inf,-Inf
339,339,-Inf,-Inf,-Inf,-Inf,-Inf,-Inf,-Inf,-Inf,-Inf,339,339,-1683.1,-Inf,-Inf,-Inf,-Inf,-Inf,-Inf,-Inf,-Inf,339,339,-1691.3,-Inf,-Inf,-Inf,-Inf,-Inf,-Inf,-Inf,-Inf
340,340,-Inf,-Inf,-Inf,-Inf,-Inf,-Inf,-Inf,-Inf,-Inf,340,340,-1686.4,-Inf,-Inf,-Inf,-Inf,-Inf,-Inf,-Inf,-Inf,340,340,-1694.3,-Inf,-Inf,-Inf,-Inf,-Inf,-Inf,-Inf,-Inf
341,341,-Inf,-Inf,-Inf,-Inf,-Inf,-Inf,-Inf,-Inf,-Inf,341,341,-1692.5,-Inf,-Inf,-Inf,-Inf,-Inf,-Inf,-Inf,-Inf,341,341,-1701.3,-Inf,-Inf,-Inf,-Inf,-Inf,-Inf,-Inf,-Inf
342,342,-Inf,-Inf,-Inf,-Inf,-Inf,-Inf,-Inf,-Inf,-Inf,342,342,-1697.2,-Inf,-Inf,-Inf,-Inf,-Inf,-Inf,-Inf,-Inf,342,342,-1704.7,-Inf,-Inf,-Inf,-Inf,-Inf,-Inf,-Inf,-Inf
343,343,-Inf,-Inf,-Inf,-Inf,-Inf,-Inf,-Inf,-Inf,-Inf,343,343,-1701.8,-Inf,-Inf,-Inf,-Inf,-Inf,-Inf,-Inf,-Inf,343,343,-1710.7,-Inf,-Inf,-Inf,-Inf,-Inf,-Inf,-Inf,-Inf
344,344,-Inf,-Inf,-Inf,-Inf,-Inf,-Inf,-Inf,-Inf,-Inf,344,344,-1708.1,-Inf,-Inf,-Inf,-Inf,-Inf,-Inf,-Inf,-Inf,344,344,-1715.6,-Inf,-Inf,-Inf,-Inf,-Inf,-Inf,-Inf,-Inf
345,345,-Inf,-Inf,-Inf,-Inf,-Inf,-Inf,-Inf,-Inf,-Inf,345,345,-1711.5,-Inf,-Inf,-Inf,-Inf,-Inf,-Inf,-Inf,-Inf,345,345,-1720.1,-Inf,-Inf,-Inf,-Inf,-Inf,-Inf,-Inf,-Inf
346,346,-Inf,-Inf,-Inf,-Inf,-Inf,-Inf,-Inf,-Inf,-Inf,346,346,-1718.6,-Inf,-Inf,-Inf,-Inf,-Inf,-Inf,-Inf,-Inf,346,346,-1726.5,-Inf,-Inf,-Inf,-Inf,-Inf,-Inf,-Inf,-Inf
347,347,-Inf,-Inf,-Inf,-Inf,-Inf,-Inf,-Inf,-Inf,-Inf,347,347,-1721.6,-Inf,-Inf,-Inf,-Inf,-Inf,-Inf,-Inf,-Inf,347,347,-1729.8,-Inf,-Inf,-Inf,-Inf,-Inf,-Inf,-Inf,-Inf
348,348,-Inf,-Inf,-Inf,-Inf,-Inf,-Inf,-Inf,-Inf,-Inf,348,348,-1728.3,-Inf,-Inf,-Inf,-Inf,-Inf,-Inf,-Inf,-Inf,348,348,-1736.9,-Inf,-Inf,-Inf,-Inf,-Inf,-Inf,-Inf,-Inf
349,349,-Inf,-Inf,-Inf,-Inf,-Inf,-Inf,-Inf,-Inf,-Inf,349,349,-1732.3,-Inf,-Inf,-Inf,-Inf,-Inf,-Inf,-Inf,-Inf,349,349,-1740,-Inf,-Inf,-Inf,-Inf,-Inf,-Inf,-Inf,-Inf
350,350,-Inf,-Inf,-Inf,-Inf,-Inf,-Inf,-Inf,-Inf,-Inf,350,350,-1737.6,-Inf,-Inf,-Inf,-Inf,-Inf,-Inf,-Inf,-Inf,350,350,-1746.5,-Inf,-Inf,-Inf,-Inf,-Inf,-Inf,-Inf,-Inf
351,351,-Inf,-Inf,-Inf,-Inf,-Inf,-Inf,-Inf,-Inf,-Inf,351,351,-1743.2,-Inf,-Inf,-Inf,-Inf,-Inf,-Inf,-Inf,-Inf,351,351,-1750.7,-Inf,-Inf,-Inf,-Inf,-Inf,-Inf,-Inf,-Inf
352,352,-Inf,-Inf,-Inf,-Inf,-Inf,-Inf,-Inf,-Inf,-Inf,352,352,-1747.1,-Inf,-Inf,-Inf,-Inf,-Inf,-Inf,-Inf,-Inf,352,352,-1755.8,-Inf,-Inf,-Inf,-Inf,-Inf,-Inf,-Inf,-Inf
353,353,-Inf,-Inf,-Inf,-Inf,-Inf,-Inf,-Inf,-Inf,-Inf,353,353,-1754,-Inf,-Inf,-Inf,-Inf,-Inf,-Inf,-Inf,-Inf,353,353,-1761.6,-Inf,-Inf,-Inf,-Inf,-Inf,-Inf,-Inf,-Inf
354,354,-Inf,-Inf,-Inf,-Inf,-Inf,-Inf,-Inf,-Inf,-Inf,354,354,-1757,-Inf,-Inf,-Inf,-Inf,-Inf,-Inf,-Inf,-Inf,354,354,-1765.3,-Inf,-Inf,-Inf,-Inf,-Inf,-Inf,-Inf,-Inf
355,355,-Inf,-Inf,-Inf,-Inf,-Inf,-Inf,-Inf,-Inf,-Inf,355,355,-1764,-Inf,-Inf,-Inf,-Inf,-Inf,-Inf,-Inf,-Inf,355,355,-1772.3,-Inf,-Inf,-Inf,-Inf,-Inf,-Inf,-Inf,-Inf
356,356,-Inf,-Inf,-Inf,-Inf,-Inf,-Inf,-Inf,-Inf,-Inf,356,356,-1767.4,-Inf,-Inf,-Inf,-Inf,-Inf,-Inf,-Inf,-Inf,356,356,-1775.3,-Inf,-Inf,-Inf,-Inf,-Inf,-Inf,-Inf,-Inf
357,357,-Inf,-Inf,-Inf,-Inf,-Inf,-Inf,-Inf,-Inf,-Inf,357,357,-1773.4,-Inf,-Inf,-Inf,-Inf,-Inf,-Inf,-Inf,-Inf,357,357,-1782.3,-Inf,-Inf,-Inf,-Inf,-Inf,-Inf,-Inf,-Inf
358,358,-Inf,-Inf,-Inf,-Inf,-Inf,-Inf,-Inf,-Inf,-Inf,358,358,-1778.3,-Inf,-Inf,-Inf,-Inf,-Inf,-Inf,-Inf,-Inf,358,358,-1785.8,-Inf,-Inf,-Inf,-Inf,-Inf,-Inf,-Inf,-Inf
359,359,-Inf,-Inf,-Inf,-Inf,-Inf,-Inf,-Inf,-Inf,-Inf,359,359,-1782.8,-Inf,-Inf,-Inf,-Inf,-Inf,-Inf,-Inf,-Inf,359,359,-1791.7,-Inf,-Inf,-Inf,-Inf,-Inf,-Inf,-Inf,-Inf
360,360,-Inf,-Inf,-Inf,-Inf,-Inf,-Inf,-Inf,-Inf,-Inf,360,360,-1789.2,-Inf,-Inf,-Inf,-Inf,-Inf,-Inf,-Inf,-Inf,360,360,-1796.7,-Inf,-Inf,-Inf,-Inf,-Inf,-Inf,-Inf,-Inf
361,361,-Inf,-Inf,-Inf,-Inf,-Inf,-Inf,-Inf,-Inf,-Inf,361,361,-1792.5,-Inf,-Inf,-Inf,-Inf,-Inf,-Inf,-Inf,-Inf,361,361,-1801,-Inf,-Inf,-Inf,-Inf,-Inf,-Inf,-Inf,-Inf
362,362,-Inf,-Inf,-Inf,-Inf,-Inf,-Inf,-Inf,-Inf,-Inf,362,362,-1799.6,-Inf,-Inf,-Inf,-Inf,-Inf,-Inf,-Inf,-Inf,362,362,-1807.6,-Inf,-Inf,-Inf,-Inf,-Inf,-Inf,-Inf,-Inf
363,363,-Inf,-Inf,-Inf,-Inf,-Inf,-Inf,-Inf,-Inf,-Inf,363,363,-1802.7,-Inf,-Inf,-Inf,-Inf,-Inf,-Inf,-Inf,-Inf,363,363,-1810.8,-Inf,-Inf,-Inf,-Inf,-Inf,-Inf,-Inf,-Inf
364,364,-Inf,-Inf,-Inf,-Inf,-Inf,-Inf,-Inf,-Inf,-Inf,364,364,-1809.2,-Inf,-Inf,-Inf,-Inf,-Inf,-Inf,-Inf,-Inf,364,364,-1817.9,-Inf,-Inf,-Inf,-Inf,-Inf,-Inf,-Inf,-Inf
365,365,-Inf,-Inf,-Inf,-Inf,-Inf,-Inf,-Inf,-Inf,-Inf,365,365,-1813.4,-Inf,-Inf,-Inf,-Inf,-Inf,-Inf,-Inf,-Inf,365,365,-1821,-Inf,-Inf,-Inf,-Inf,-Inf,-Inf,-Inf,-Inf
366,366,-Inf,-Inf,-Inf,-Inf,-Inf,-Inf,-Inf,-Inf,-Inf,366,366,-1818.5,-Inf,-Inf,-Inf,-Inf,-Inf,-Inf,-Inf,-Inf,366,366,-1827.5,-Inf,-Inf,-Inf,-Inf,-Inf,-Inf,-Inf,-Inf
367,367,-Inf,-Inf,-Inf,-Inf,-Inf,-Inf,-Inf,-Inf,-Inf,367,367,-1824.3,-Inf,-Inf,-Inf,-Inf,-Inf,-Inf,-Inf,-Inf,367,367,-1831.8,-Inf,-Inf,-Inf,-Inf,-Inf,-Inf,-Inf,-Inf
368,368,-Inf,-Inf,-Inf,-Inf,-Inf,-Inf,-Inf,-Inf,-Inf,368,368,-1828,-Inf,-Inf,-Inf,-Inf,-Inf,-Inf,-Inf,-Inf,368,368,-1836.8,-Inf,-Inf,-Inf,-Inf,-Inf,-Inf,-Inf,-Inf
369,369,-Inf,-Inf,-Inf,-Inf,-Inf,-Inf,-Inf,-Inf,-Inf,369,369,-1835,-Inf,-Inf,-Inf,-Inf,-Inf,-Inf,-Inf,-Inf,369,369,-1842.7,-Inf,-Inf,-Inf,-Inf,-Inf,-Inf,-Inf,-Inf
370,370,-Inf,-Inf,-Inf,-Inf,-Inf,-Inf,-Inf,-Inf,-Inf,370,370,-1838,-Inf,-Inf,-Inf,-Inf,-Inf,-Inf,-Inf,-Inf,370,370,-1846.3,-Inf,-Inf,-Inf,-Inf,-Inf,-Inf,-Inf,-Inf
371,371,-Inf,-Inf,-Inf,-Inf,-Inf,-Inf,-Inf,-Inf,-Inf,371,371,-1845,-Inf,-Inf,-Inf,-Inf,-Inf,-Inf,-Inf,-Inf,371,371,-1853.4,-Inf,-Inf,-Inf,-Inf,-Inf,-Inf,-Inf,-Inf
372,372,-Inf,-Inf,-Inf,-Inf,-Inf,-Inf,-Inf,-Inf,-Inf,372,372,-1848.5,-Inf,-Inf,-Inf,-Inf,-Inf,-Inf,-Inf,-Inf,372,372,-1856.3,-Inf,-Inf,-Inf,-Inf,-Inf,-Inf,-Inf,-Inf
373,373,-Inf,-Inf,-Inf,-Inf,-Inf,-Inf,-Inf,-Inf,-Inf,373,373,-1854.4,-Inf,-Inf,-Inf,-Inf,-Inf,-Inf,-Inf,-Inf,373,373,-1863.2,-Inf,-Inf,-Inf,-Inf,-Inf,-Inf,-Inf,-Inf
374,374,-Inf,-Inf,-Inf,-Inf,-Inf,-Inf,-Inf,-Inf,-Inf,374,374,-1859.4,-Inf,-Inf,-Inf,-Inf,-Inf,-Inf,-Inf,-Inf,374,374,-1866.9,-Inf,-Inf,-Inf,-Inf,-Inf,-Inf,-Inf,-Inf
375,375,-Inf,-Inf,-Inf,-Inf,-Inf,-Inf,-Inf,-Inf,-Inf,375,375,-1863.7,-Inf,-Inf,-Inf,-Inf,-Inf,-Inf,-Inf,-Inf,375,375,-1872.6,-Inf,-Inf,-Inf,-Inf,-Inf,-Inf,-Inf,-Inf
376,376,-Inf,-Inf,-Inf,-Inf,-Inf,-Inf,-Inf,-Inf,-Inf,376,376,-1870.3,-Inf,-Inf,-Inf,-Inf,-Inf,-Inf,-Inf,-Inf,376,376,-1877.8,-Inf,-Inf,-Inf,-Inf,-Inf,-Inf,-Inf,-Inf
377,377,-Inf,-Inf,-Inf,-Inf,-Inf,-Inf,-Inf,-Inf,-Inf,377,377,-1873.5,-Inf,-Inf,-Inf,-Inf,-Inf,-Inf,-Inf,-Inf,377,377,-1882,-Inf,-Inf,-Inf,-Inf,-Inf,-Inf,-Inf,-Inf
378,378,-Inf,-Inf,-Inf,-Inf,-Inf,-Inf,-Inf,-Inf,-Inf,378,378,-1880.6,-Inf,-Inf,-Inf,-Inf,-Inf,-Inf,-Inf,-Inf,378,378,-1888.7,-Inf,-Inf,-Inf,-Inf,-Inf,-Inf,-Inf,-Inf
379,379,-Inf,-Inf,-Inf,-Inf,-Inf,-Inf,-Inf,-Inf,-Inf,379,379,-1883.7,-Inf,-Inf,-Inf,-Inf,-Inf,-Inf,-Inf,-Inf,379,379,-1891.8,-Inf,-Inf,-Inf,-Inf,-Inf,-Inf,-Inf,-Inf
380,380,-Inf,-Inf,-Inf,-Inf,-Inf,-Inf,-Inf,-Inf,-Inf,380,380,-1890.2,-Inf,-Inf,-Inf,-Inf,-Inf,-Inf,-Inf,-Inf,380,380,-1898.9,-Inf,-Inf,-Inf,-Inf,-Inf,-Inf,-Inf,-Inf
381,381,-Inf,-Inf,-Inf,-Inf,-Inf,-Inf,-Inf,-Inf,-Inf,381,381,-1894.5,-Inf,-Inf,-Inf,-Inf,-Inf,-Inf,-Inf,-Inf,381,381,-1902.1,-Inf,-Inf,-Inf,-Inf,-Inf,-Inf,-Inf,-Inf
382,382,-Inf,-Inf,-Inf,-Inf,-Inf,-Inf,-Inf,-Inf,-Inf,382,382,-1899.5,-Inf,-Inf,-Inf,-Inf,-Inf,-Inf,-Inf,-Inf,382,382,-1908.4,-Inf,-Inf,-Inf,-Inf,-Inf,-Inf,-Inf,-Inf
383,383,-Inf,-Inf,-Inf,-Inf,-Inf,-Inf,-Inf,-Inf,-Inf,383,383,-1905.4,-Inf,-Inf,-Inf,-Inf,-Inf,-Inf,-Inf,-Inf,383,383,-1912.9,-Inf,-Inf,-Inf,-Inf,-Inf,-Inf,-Inf,-Inf
384,384,-Inf,-Inf,-Inf,-Inf,-Inf,-Inf,-Inf,-Inf,-Inf,384,384,-1909,-Inf,-Inf,-Inf,-Inf,-Inf,-Inf,-Inf,-Inf,384,384,-1917.7,-Inf,-Inf,-Inf,-Inf,-Inf,-Inf,-Inf,-Inf
385,385,-Inf,-Inf,-Inf,-Inf,-Inf,-Inf,-Inf,-Inf,-Inf,385,385,-1916.1,-Inf,-Inf,-Inf,-Inf,-Inf,-Inf,-Inf,-Inf,385,385,-1923.8,-Inf,-Inf,-Inf,-Inf,-Inf,-Inf,-Inf,-Inf
386,386,-Inf,-Inf,-Inf,-Inf,-Inf,-Inf,-Inf,-Inf,-Inf,386,386,-1919,-Inf,-Inf,-Inf,-Inf,-Inf,-Inf,-Inf,-Inf,386,386,-1927.3,-Inf,-Inf,-Inf,-Inf,-Inf,-Inf,-Inf,-Inf
387,387,-Inf,-Inf,-Inf,-Inf,-Inf,-Inf,-Inf,-Inf,-Inf,387,387,-1925.9,-Inf,-Inf,-Inf,-Inf,-Inf,-Inf,-Inf,-Inf,387,387,-1934.4,-Inf,-Inf,-Inf,-Inf,-Inf,-Inf,-Inf,-Inf
388,388,-Inf,-Inf,-Inf,-Inf,-Inf,-Inf,-Inf,-Inf,-Inf,388,388,-1929.6,-Inf,-Inf,-Inf,-Inf,-Inf,-Inf,-Inf,-Inf,388,388,-1937.4,-Inf,-Inf,-Inf,-Inf,-Inf,-Inf,-Inf,-Inf
389,389,-Inf,-Inf,-Inf,-Inf,-Inf,-Inf,-Inf,-Inf,-Inf,389,389,-1935.3,-Inf,-Inf,-Inf,-Inf,-Inf,-Inf,-Inf,-Inf,389,389,-1944.2,-Inf,-Inf,-Inf,-Inf,-Inf,-Inf,-Inf,-Inf
390,390,-Inf,-Inf,-Inf,-Inf,-Inf,-Inf,-Inf,-Inf,-Inf,390,390,-1940.5,-Inf,-Inf,-Inf,-Inf,-Inf,-Inf,-Inf,-Inf,390,390,-1948,-Inf,-Inf,-Inf,-Inf,-Inf,-Inf,-Inf,-Inf
391,391,-Inf,-Inf,-Inf,-Inf,-Inf,-Inf,-Inf,-Inf,-Inf,391,391,-1944.7,-Inf,-Inf,-Inf,-Inf,-Inf,-Inf,-Inf,-Inf,391,391,-1953.5,-Inf,-Inf,-Inf,-Inf,-Inf,-Inf,-Inf,-Inf
392,392,-Inf,-Inf,-Inf,-Inf,-Inf,-Inf,-Inf,-Inf,-Inf,392,392,-1951.4,-Inf,-Inf,-Inf,-Inf,-Inf,-Inf,-Inf,-Inf,392,392,-1958.9,-Inf,-Inf,-Inf,-Inf,-Inf,-Inf,-Inf,-Inf
393,393,-Inf,-Inf,-Inf,-Inf,-Inf,-Inf,-Inf,-Inf,-Inf,393,393,-1954.5,-Inf,-Inf,-Inf,-Inf,-Inf,-Inf,-Inf,-Inf,393,393,-1962.9,-Inf,-Inf,-Inf,-Inf,-Inf,-Inf,-Inf,-Inf
394,394,-Inf,-Inf,-Inf,-Inf,-Inf,-Inf,-Inf,-Inf,-Inf,394,394,-1961.6,-Inf,-Inf,-Inf,-Inf,-Inf,-Inf,-Inf,-Inf,394,394,-1969.7,-Inf,-Inf,-Inf,-Inf,-Inf,-Inf,-Inf,-Inf
395,395,-Inf,-Inf,-Inf,-Inf,-Inf,-Inf,-Inf,-Inf,-Inf,395,395,-1964.8,-Inf,-Inf,-Inf,-Inf,-Inf,-Inf,-Inf,-Inf,395,395,-1972.8,-Inf,-Inf,-Inf,-Inf,-Inf,-Inf,-Inf,-Inf
396,396,-Inf,-Inf,-Inf,-Inf,-Inf,-Inf,-Inf,-Inf,-Inf,396,396,-1971.1,-Inf,-Inf,-Inf,-Inf,-Inf,-Inf,-Inf,-Inf,396,396,-1979.9,-Inf,-Inf,-Inf,-Inf,-Inf,-Inf,-Inf,-Inf
397,397,-Inf,-Inf,-Inf,-Inf,-Inf,-Inf,-Inf,-Inf,-Inf,397,397,-1975.6,-Inf,-Inf,-Inf,-Inf,-Inf,-Inf,-Inf,-Inf,397,397,-1983.2,-Inf,-Inf,-Inf,-Inf,-Inf,-Inf,-Inf,-Inf
398,398,-Inf,-Inf,-Inf,-Inf,-Inf,-Inf,-Inf,-Inf,-Inf,398,398,-1980.4,-Inf,-Inf,-Inf,-Inf,-Inf,-Inf,-Inf,-Inf,398,398,-1989.3,-Inf,-Inf,-Inf,-Inf,-Inf,-Inf,-Inf,-Inf
399,399,-Inf,-Inf,-Inf,-Inf,-Inf,-Inf,-Inf,-Inf,-Inf,399,399,-1986.5,-Inf,-Inf,-Inf,-Inf,-Inf,-Inf,-Inf,-Inf,399,399,-1994,-Inf,-Inf,-Inf,-Inf,-Inf,-Inf,-Inf,-Inf
400,400,-Inf,-Inf,-Inf,-Inf,-Inf,-Inf,-Inf,-Inf,-Inf,400,400,-1990,-Inf,-Inf,-Inf,-Inf,-Inf,-Inf,-Inf,-Inf,400,400,-1998.6,-Inf,-Inf,-Inf,-Inf,-Inf,-Inf,-Inf,-Inf
401,401,-Inf,-Inf,-Inf,-Inf,-Inf,-Inf,-Inf,-Inf,-Inf,401,401,-1997.1,-Inf,-Inf,-Inf,-Inf,-Inf,-Inf,-Inf,-Inf,401,401,-2004.9,-Inf,-Inf,-Inf,-Inf,-Inf,-Inf,-Inf,-Inf
402,402,-Inf,-Inf,-Inf,-Inf,-Inf,-Inf,-Inf,-Inf,-Inf,402,402,-2000.1,-Inf,-Inf,-Inf,-Inf,-Inf,-Inf,-Inf,-Inf,402,402,-2008.3,-Inf,-Inf,-Inf,-Inf,-Inf,-Inf,-Inf,-Inf
403,403,-Inf,-Inf,-Inf,-Inf,-Inf,-Inf,-Inf,-Inf,-Inf,403,403,-2006.9,-Inf,-Inf,-Inf,-Inf,-Inf,-Inf,-Inf,-Inf,403,403,-2015.4,-Inf,-Inf,-Inf,-Inf,-Inf,-Inf,-Inf,-Inf
404,404,-Inf,-Inf,-Inf,-Inf,-Inf,-Inf,-Inf,-Inf,-Inf,404,404,-2010.7,-Inf,-Inf,-Inf,-Inf,-Inf,-Inf,-Inf,-Inf,404,404,-2018.4,-Inf,-Inf,-Inf,-Inf,-Inf,-Inf,-Inf,-Inf
405,405,-Inf,-Inf,-Inf,-Inf,-Inf,-Inf,-Inf,-Inf,-Inf,405,405,-2016.2,-Inf,-Inf,-Inf,-Inf,-Inf,-Inf,-Inf,-Inf,405,405,-2025.1,-Inf,-Inf,-Inf,-Inf,-Inf,-Inf,-Inf,-Inf
406,406,-Inf,-Inf,-Inf,-Inf,-Inf,-Inf,-Inf,-Inf,-Inf,406,406,-2021.6,-Inf,-Inf,-Inf,-Inf,-Inf,-Inf,-Inf,-Inf,406,406,-2029.1,-Inf,-Inf,-Inf,-Inf,-Inf,-Inf,-Inf,-Inf
407,407,-Inf,-Inf,-Inf,-Inf,-Inf,-Inf,-Inf,-Inf,-Inf,407,407,-2025.6,-Inf,-Inf,-Inf,-Inf,-Inf,-Inf,-Inf,-Inf,407,407,-2034.4,-Inf,-Inf,-Inf,-Inf,-Inf,-Inf,-Inf,-Inf
408,408,-Inf,-Inf,-Inf,-Inf,-Inf,-Inf,-Inf,-Inf,-Inf,408,408,-2032.4,-Inf,-Inf,-Inf,-Inf,-Inf,-Inf,-Inf,-Inf,408,408,-2040,-Inf,-Inf,-Inf,-Inf,-Inf,-Inf,-Inf,-Inf
409,409,-Inf,-Inf,-Inf,-Inf,-Inf,-Inf,-Inf,-Inf,-Inf,409,409,-2035.5,-Inf,-Inf,-Inf,-Inf,-Inf,-Inf,-Inf,-Inf,409,409,-2043.9,-Inf,-Inf,-Inf,-Inf,-Inf,-Inf,-Inf,-Inf
410,410,-Inf,-Inf,-Inf,-Inf,-Inf,-Inf,-Inf,-Inf,-Inf,410,410,-2042.6,-Inf,-Inf,-Inf,-Inf,-Inf,-Inf,-Inf,-Inf,410,410,-2050.8,-Inf,-Inf,-Inf,-Inf,-Inf,-Inf,-Inf,-Inf
411,411,-Inf,-Inf,-Inf,-Inf,-Inf,-Inf,-Inf,-Inf,-Inf,411,411,-2045.8,-Inf,-Inf,-Inf,-Inf,-Inf,-Inf,-Inf,-Inf,411,411,-2053.8,-Inf,-Inf,-Inf,-Inf,-Inf,-Inf,-Inf,-Inf
412,412,-Inf,-Inf,-Inf,-Inf,-Inf,-Inf,-Inf,-Inf,-Inf,412,412,-2052,-Inf,-Inf,-Inf,-Inf,-Inf,-Inf,-Inf,-Inf,412,412,-2060.8,-Inf,-Inf,-Inf,-Inf,-Inf,-Inf,-Inf,-Inf
413,413,-Inf,-Inf,-Inf,-Inf,-Inf,-Inf,-Inf,-Inf,-Inf,413,413,-2056.7,-Inf,-Inf,-Inf,-Inf,-Inf,-Inf,-Inf,-Inf,413,413,-2064.2,-Inf,-Inf,-Inf,-Inf,-Inf,-Inf,-Inf,-Inf
414,414,-Inf,-Inf,-Inf,-Inf,-Inf,-Inf,-Inf,-Inf,-Inf,414,414,-2061.3,-Inf,-Inf,-Inf,-Inf,-Inf,-Inf,-Inf,-Inf,414,414,-2070.2,-Inf,-Inf,-Inf,-Inf,-Inf,-Inf,-Inf,-Inf
415,415,-Inf,-Inf,-Inf,-Inf,-Inf,-Inf,-Inf,-Inf,-Inf,415,415,-2067.6,-Inf,-Inf,-Inf,-Inf,-Inf,-Inf,-Inf,-Inf,415,415,-2075.1,-Inf,-Inf,-Inf,-Inf,-Inf,-Inf,-Inf,-Inf
416,416,-Inf,-Inf,-Inf,-Inf,-Inf,-Inf,-Inf,-Inf,-Inf,416,416,-2071,-Inf,-Inf,-Inf,-Inf,-Inf,-Inf,-Inf,-Inf,416,416,-2079.6,-Inf,-Inf,-Inf,-Inf,-Inf,-Inf,-Inf,-Inf
417,417,-Inf,-Inf,-Inf,-Inf,-Inf,-Inf,-Inf,-Inf,-Inf,417,417,-2078.1,-Inf,-Inf,-Inf,-Inf,-Inf,-Inf,-Inf,-Inf,417,417,-2086,-Inf,-Inf,-Inf,-Inf,-Inf,-Inf,-Inf,-Inf
418,418,-Inf,-Inf,-Inf,-Inf,-Inf,-Inf,-Inf,-Inf,-Inf,418,418,-2081.1,-Inf,-Inf,-Inf,-Inf,-Inf,-Inf,-Inf,-Inf,418,418,-2089.3,-Inf,-Inf,-Inf,-Inf,-Inf,-Inf,-Inf,-Inf
419,419,-Inf,-Inf,-Inf,-Inf,-Inf,-Inf,-Inf,-Inf,-Inf,419,419,-2087.8,-Inf,-Inf,-Inf,-Inf,-Inf,-Inf,-Inf,-Inf,419,419,-2096.4,-Inf,-Inf,-Inf,-Inf,-Inf,-Inf,-Inf,-Inf
420,420,-Inf,-Inf,-Inf,-Inf,-Inf,-Inf,-Inf,-Inf,-Inf,420,420,-2091.8,-Inf,-Inf,-Inf,-Inf,-Inf,-Inf,-Inf,-Inf,420,420,-2099.5,-Inf,-Inf,-Inf,-Inf,-Inf,-Inf,-Inf,-Inf
421,421,-Inf,-Inf,-Inf,-Inf,-Inf,-Inf,-Inf,-Inf,-Inf,421,421,-2097.1,-Inf,-Inf,-Inf,-Inf,-Inf,-Inf,-Inf,-Inf,421,421,-2106.1,-Inf,-Inf,-Inf,-Inf,-Inf,-Inf,-Inf,-Inf
422,422,-Inf,-Inf,-Inf,-Inf,-Inf,-Inf,-Inf,-Inf,-Inf,422,422,-2102.7,-Inf,-Inf,-Inf,-Inf,-Inf,-Inf,-Inf,-Inf,422,422,-2110.2,-Inf,-Inf,-Inf,-Inf,-Inf,-Inf,-Inf,-Inf
423,423,-Inf,-Inf,-Inf,-Inf,-Inf,-Inf,-Inf,-Inf,-Inf,423,423,-2106.6,-Inf,-Inf,-Inf,-Inf,-Inf,-Inf,-Inf,-Inf,423,423,-2115.4,-Inf,-Inf,-Inf,-Inf,-Inf,-Inf,-Inf,-Inf
424,424,-Inf,-Inf,-Inf,-Inf,-Inf,-Inf,-Inf,-Inf,-Inf,424,424,-2113.5,-Inf,-Inf,-Inf,-Inf,-Inf,-Inf,-Inf,-Inf,424,424,-2121.1,-Inf,-Inf,-Inf,-Inf,-Inf,-Inf,-Inf,-Inf
425,425,-Inf,-Inf,-Inf,-Inf,-Inf,-Inf,-Inf,-Inf,-Inf,425,425,-2116.5,-Inf,-Inf,-Inf,-Inf,-Inf,-Inf,-Inf,-Inf,425,425,-2124.9,-Inf,-Inf,-Inf,-Inf,-Inf,-Inf,-Inf,-Inf
426,426,-Inf,-Inf,-Inf,-Inf,-Inf,-Inf,-Inf,-Inf,-Inf,426,426,-2123.5,-Inf,-Inf,-Inf,-Inf,-Inf,-Inf,-Inf,-Inf,426,426,-2131.8,-Inf,-Inf,-Inf,-Inf,-Inf,-Inf,-Inf,-Inf
427,427,-Inf,-Inf,-Inf,-Inf,-Inf,-Inf,-Inf,-Inf,-Inf,427,427,-2126.9,-Inf,-Inf,-Inf,-Inf,-Inf,-Inf,-Inf,-Inf,427,427,-2134.8,-Inf,-Inf,-Inf,-Inf,-Inf,-Inf,-Inf,-Inf
428,428,-Inf,-Inf,-Inf,-Inf,-Inf,-Inf,-Inf,-Inf,-Inf,428,428,-2133,-Inf,-Inf,-Inf,-Inf,-Inf,-Inf,-Inf,-Inf,428,428,-2141.8,-Inf,-Inf,-Inf,-Inf,-Inf,-Inf,-Inf,-Inf
429,429,-Inf,-Inf,-Inf,-Inf,-Inf,-Inf,-Inf,-Inf,-Inf,429,429,-2137.8,-Inf,-Inf,-Inf,-Inf,-Inf,-Inf,-Inf,-Inf,429,429,-2145.3,-Inf,-Inf,-Inf,-Inf,-Inf,-Inf,-Inf,-Inf
430,430,-Inf,-Inf,-Inf,-Inf,-Inf,-Inf,-Inf,-Inf,-Inf,430,430,-2142.3,-Inf,-Inf,-Inf,-Inf,-Inf,-Inf,-Inf,-Inf,430,430,-2151.2,-Inf,-Inf,-Inf,-Inf,-Inf,-Inf,-Inf,-Inf
431,431,-Inf,-Inf,-Inf,-Inf,-Inf,-Inf,-Inf,-Inf,-Inf,431,431,-2148.7,-Inf,-Inf,-Inf,-Inf,-Inf,-Inf,-Inf,-Inf,431,431,-2156.2,-Inf,-Inf,-Inf,-Inf,-Inf,-Inf,-Inf,-Inf
432,432,-Inf,-Inf,-Inf,-Inf,-Inf,-Inf,-Inf,-Inf,-Inf,432,432,-2152,-Inf,-Inf,-Inf,-Inf,-Inf,-Inf,-Inf,-Inf,432,432,-2160.5,-Inf,-Inf,-Inf,-Inf,-Inf,-Inf,-Inf,-Inf
433,433,-Inf,-Inf,-Inf,-Inf,-Inf,-Inf,-Inf,-Inf,-Inf,433,433,-2159.1,-Inf,-Inf,-Inf,-Inf,-Inf,-Inf,-Inf,-Inf,433,433,-2167.1,-Inf,-Inf,-Inf,-Inf,-Inf,-Inf,-Inf,-Inf
434,434,-Inf,-Inf,-Inf,-Inf,-Inf,-Inf,-Inf,-Inf,-Inf,434,434,-2162.2,-Inf,-Inf,-Inf,-Inf,-Inf,-Inf,-Inf,-Inf,434,434,-2170.3,-Inf,-Inf,-Inf,-Inf,-Inf,-Inf,-Inf,-Inf
435,435,-Inf,-Inf,-Inf,-Inf,-Inf,-Inf,-Inf,-Inf,-Inf,435,435,-2168.8,-Inf,-Inf,-Inf,-Inf,-Inf,-Inf,-Inf,-Inf,435,435,-2177.4,-Inf,-Inf,-Inf,-Inf,-Inf,-Inf,-Inf,-Inf
436,436,-Inf,-Inf,-Inf,-Inf,-Inf,-Inf,-Inf,-Inf,-Inf,436,436,-2172.8,-Inf,-Inf,-Inf,-Inf,-Inf,-Inf,-Inf,-Inf,436,436,-2180.5,-Inf,-Inf,-Inf,-Inf,-Inf,-Inf,-Inf,-Inf
437,437,-Inf,-Inf,-Inf,-Inf,-Inf,-Inf,-Inf,-Inf,-Inf,437,437,-2178.1,-Inf,-Inf,-Inf,-Inf,-Inf,-Inf,-Inf,-Inf,437,437,-2187,-Inf,-Inf,-Inf,-Inf,-Inf,-Inf,-Inf,-Inf
438,438,-Inf,-Inf,-Inf,-Inf,-Inf,-Inf,-Inf,-Inf,-Inf,438,438,-2183.8,-Inf,-Inf,-Inf,-Inf,-Inf,-Inf,-Inf,-Inf,438,438,-2191.3,-Inf,-Inf,-Inf,-Inf,-Inf,-Inf,-Inf,-Inf
439,439,-Inf,-Inf,-Inf,-Inf,-Inf,-Inf,-Inf,-Inf,-Inf,439,439,-2187.6,-Inf,-Inf,-Inf,-Inf,-Inf,-Inf,-Inf,-Inf,439,439,-2196.3,-Inf,-Inf,-Inf,-Inf,-Inf,-Inf,-Inf,-Inf
440,440,-Inf,-Inf,-Inf,-Inf,-Inf,-Inf,-Inf,-Inf,-Inf,440,440,-2194.5,-Inf,-Inf,-Inf,-Inf,-Inf,-Inf,-Inf,-Inf,440,440,-2202.2,-Inf,-Inf,-Inf,-Inf,-Inf,-Inf,-Inf,-Inf
441,441,-Inf,-Inf,-Inf,-Inf,-Inf,-Inf,-Inf,-Inf,-Inf,441,441,-2197.5,-Inf,-Inf,-Inf,-Inf,-Inf,-Inf,-Inf,-Inf,441,441,-2205.8,-Inf,-Inf,-Inf,-Inf,-Inf,-Inf,-Inf,-Inf
442,442,-Inf,-Inf,-Inf,-Inf,-Inf,-Inf,-Inf,-Inf,-Inf,442,442,-2204.5,-Inf,-Inf,-Inf,-Inf,-Inf,-Inf,-Inf,-Inf,442,442,-2212.9,-Inf,-Inf,-Inf,-Inf,-Inf,-Inf,-Inf,-Inf
443,443,-Inf,-Inf,-Inf,-Inf,-Inf,-Inf,-Inf,-Inf,-Inf,443,443,-2208,-Inf,-Inf,-Inf,-Inf,-Inf,-Inf,-Inf,-Inf,443,443,-2215.8,-Inf,-Inf,-Inf,-Inf,-Inf,-Inf,-Inf,-Inf
444,444,-Inf,-Inf,-Inf,-Inf,-Inf,-Inf,-Inf,-Inf,-Inf,444,444,-2213.9,-Inf,-Inf,-Inf,-Inf,-Inf,-Inf,-Inf,-Inf,444,444,-2222.8,-Inf,-Inf,-Inf,-Inf,-Inf,-Inf,-Inf,-Inf
445,445,-Inf,-Inf,-Inf,-Inf,-Inf,-Inf,-Inf,-Inf,-Inf,445,445,-2218.9,-Inf,-Inf,-Inf,-Inf,-Inf,-Inf,-Inf,-Inf,445,445,-2226.4,-Inf,-Inf,-Inf,-Inf,-Inf,-Inf,-Inf,-Inf
446,446,-Inf,-Inf,-Inf,-Inf,-Inf,-Inf,-Inf,-Inf,-Inf,446,446,-2223.2,-Inf,-Inf,-Inf,-Inf,-Inf,-Inf,-Inf,-Inf,446,446,-2232.1,-Inf,-Inf,-Inf,-Inf,-Inf,-Inf,-Inf,-Inf
447,447,-Inf,-Inf,-Inf,-Inf,-Inf,-Inf,-Inf,-Inf,-Inf,447,447,-2229.8,-Inf,-Inf,-Inf,-Inf,-Inf,-Inf,-Inf,-Inf,447,447,-2237.3,-Inf,-Inf,-Inf,-Inf,-Inf,-Inf,-Inf,-Inf
448,448,-Inf,-Inf,-Inf,-Inf,-Inf,-Inf,-Inf,-Inf,-Inf,448,448,-2233,-Inf,-Inf,-Inf,-Inf,-Inf,-Inf,-Inf,-Inf,448,448,-2241.5,-Inf,-Inf,-Inf,-Inf,-Inf,-Inf,-Inf,-Inf
449,449,-Inf,-Inf,-Inf,-Inf,-Inf,-Inf,-Inf,-Inf,-Inf,449,449,-2240.1,-Inf,-Inf,-Inf,-Inf,-Inf,-Inf,-Inf,-Inf,449,449,-2248.2,-Inf,-Inf,-Inf,-Inf,-Inf,-Inf,-Inf,-Inf
450,450,-Inf,-Inf,-Inf,-Inf,-Inf,-Inf,-Inf,-Inf,-Inf,450,450,-2243.2,-Inf,-Inf,-Inf,-Inf,-Inf,-Inf,-Inf,-Inf,450,450,-2251.3,-Inf,-Inf,-Inf,-Inf,-Inf,-Inf,-Inf,-Inf
451,451,-Inf,-Inf,-Inf,-Inf,-Inf,-Inf,-Inf,-Inf,-Inf,451,451,-2249.7,-Inf,-Inf,-Inf,-Inf,-Inf,-Inf,-Inf,-Inf,451,451,-2258.4,-Inf,-Inf,-Inf,-Inf,-Inf,-Inf,-Inf,-Inf
452,452,-Inf,-Inf,-Inf,-Inf,-Inf,-Inf,-Inf,-Inf,-Inf,452,452,-2253.9,-Inf,-Inf,-Inf,-Inf,-Inf,-Inf,-Inf,-Inf,452,452,-2261.6,-Inf,-Inf,-Inf,-Inf,-Inf,-Inf,-Inf,-Inf
453,453,-Inf,-Inf,-Inf,-Inf,-Inf,-Inf,-Inf,-Inf,-Inf,453,453,-2259,-Inf,-Inf,-Inf,-Inf,-Inf,-Inf,-Inf,-Inf,453,453,-2267.9,-Inf,-Inf,-Inf,-Inf,-Inf,-Inf,-Inf,-Inf
454,454,-Inf,-Inf,-Inf,-Inf,-Inf,-Inf,-Inf,-Inf,-Inf,454,454,-2264.9,-Inf,-Inf,-Inf,-Inf,-Inf,-Inf,-Inf,-Inf,454,454,-2272.4,-Inf,-Inf,-Inf,-Inf,-Inf,-Inf,-Inf,-Inf
455,455,-Inf,-Inf,-Inf,-Inf,-Inf,-Inf,-Inf,-Inf,-Inf,455,455,-2268.5,-Inf,-Inf,-Inf,-Inf,-Inf,-Inf,-Inf,-Inf,455,455,-2277.2,-Inf,-Inf,-Inf,-Inf,-Inf,-Inf,-Inf,-Inf
456,456,-Inf,-Inf,-Inf,-Inf,-Inf,-Inf,-Inf,-Inf,-Inf,456,456,-2275.6,-Inf,-Inf,-Inf,-Inf,-Inf,-Inf,-Inf,-Inf,456,456,-2283.3,-Inf,-Inf,-Inf,-Inf,-Inf,-Inf,-Inf,-Inf
457,457,-Inf,-Inf,-Inf,-Inf,-Inf,-Inf,-Inf,-Inf,-Inf,457,457,-2278.5,-Inf,-Inf,-Inf,-Inf,-Inf,-Inf,-Inf,-Inf,457,457,-2286.8,-Inf,-Inf,-Inf,-Inf,-Inf,-Inf,-Inf,-Inf
458,458,-Inf,-Inf,-Inf,-Inf,-Inf,-Inf,-Inf,-Inf,-Inf,458,458,-2285.5,-Inf,-Inf,-Inf,-Inf,-Inf,-Inf,-Inf,-Inf,458,458,-2293.9,-Inf,-Inf,-Inf,-Inf,-Inf,-Inf,-Inf,-Inf
459,459,-Inf,-Inf,-Inf,-Inf,-Inf,-Inf,-Inf,-Inf,-Inf,459,459,-2289.1,-Inf,-Inf,-Inf,-Inf,-Inf,-Inf,-Inf,-Inf,459,459,-2296.9,-Inf,-Inf,-Inf,-Inf,-Inf,-Inf,-Inf,-Inf
460,460,-Inf,-Inf,-Inf,-Inf,-Inf,-Inf,-Inf,-Inf,-Inf,460,460,-2294.8,-Inf,-Inf,-Inf,-Inf,-Inf,-Inf,-Inf,-Inf,460,460,-2303.7,-Inf,-Inf,-Inf,-Inf,-Inf,-Inf,-Inf,-Inf
461,461,-Inf,-Inf,-Inf,-Inf,-Inf,-Inf,-Inf,-Inf,-Inf,461,461,-2300,-Inf,-Inf,-Inf,-Inf,-Inf,-Inf,-Inf,-Inf,461,461,-2307.5,-Inf,-Inf,-Inf,-Inf,-Inf,-Inf,-Inf,-Inf
462,462,-Inf,-Inf,-Inf,-Inf,-Inf,-Inf,-Inf,-Inf,-Inf,462,462,-2304.2,-Inf,-Inf,-Inf,-Inf,-Inf,-Inf,-Inf,-Inf,462,462,-2313,-Inf,-Inf,-Inf,-Inf,-Inf,-Inf,-Inf,-Inf
463,463,-Inf,-Inf,-Inf,-Inf,-Inf,-Inf,-Inf,-Inf,-Inf,463,463,-2310.9,-Inf,-Inf,-Inf,-Inf,-Inf,-Inf,-Inf,-Inf,463,463,-2318.4,-Inf,-Inf,-Inf,-Inf,-Inf,-Inf,-Inf,-Inf
464,464,-Inf,-Inf,-Inf,-Inf,-Inf,-Inf,-Inf,-Inf,-Inf,464,464,-2314,-Inf,-Inf,-Inf,-Inf,-Inf,-Inf,-Inf,-Inf,464,464,-2322.4,-Inf,-Inf,-Inf,-Inf,-Inf,-Inf,-Inf,-Inf
465,465,-Inf,-Inf,-Inf,-Inf,-Inf,-Inf,-Inf,-Inf,-Inf,465,465,-2321.1,-Inf,-Inf,-Inf,-Inf,-Inf,-Inf,-Inf,-Inf,465,465,-2329.2,-Inf,-Inf,-Inf,-Inf,-Inf,-Inf,-Inf,-Inf
466,466,-Inf,-Inf,-Inf,-Inf,-Inf,-Inf,-Inf,-Inf,-Inf,466,466,-2324.3,-Inf,-Inf,-Inf,-Inf,-Inf,-Inf,-Inf,-Inf,466,466,-2332.3,-Inf,-Inf,-Inf,-Inf,-Inf,-Inf,-Inf,-Inf
467,467,-Inf,-Inf,-Inf,-Inf,-Inf,-Inf,-Inf,-Inf,-Inf,467,467,-2330.6,-Inf,-Inf,-Inf,-Inf,-Inf,-Inf,-Inf,-Inf,467,467,-2339.4,-Inf,-Inf,-Inf,-Inf,-Inf,-Inf,-Inf,-Inf
468,468,-Inf,-Inf,-Inf,-Inf,-Inf,-Inf,-Inf,-Inf,-Inf,468,468,-2335,-Inf,-Inf,-Inf,-Inf,-Inf,-Inf,-Inf,-Inf,468,468,-2342.7,-Inf,-Inf,-Inf,-Inf,-Inf,-Inf,-Inf,-Inf
469,469,-Inf,-Inf,-Inf,-Inf,-Inf,-Inf,-Inf,-Inf,-Inf,469,469,-2339.9,-Inf,-Inf,-Inf,-Inf,-Inf,-Inf,-Inf,-Inf,469,469,-2348.8,-Inf,-Inf,-Inf,-Inf,-Inf,-Inf,-Inf,-Inf
470,470,-Inf,-Inf,-Inf,-Inf,-Inf,-Inf,-Inf,-Inf,-Inf,470,470,-2346,-Inf,-Inf,-Inf,-Inf,-Inf,-Inf,-Inf,-Inf,470,470,-2353.5,-Inf,-Inf,-Inf,-Inf,-Inf,-Inf,-Inf,-Inf
471,471,-Inf,-Inf,-Inf,-Inf,-Inf,-Inf,-Inf,-Inf,-Inf,471,471,-2349.5,-Inf,-Inf,-Inf,-Inf,-Inf,-Inf,-Inf,-Inf,471,471,-2358.2,-Inf,-Inf,-Inf,-Inf,-Inf,-Inf,-Inf,-Inf
472,472,-Inf,-Inf,-Inf,-Inf,-Inf,-Inf,-Inf,-Inf,-Inf,472,472,-2356.6,-Inf,-Inf,-Inf,-Inf,-Inf,-Inf,-Inf,-Inf,472,472,-2364.4,-Inf,-Inf,-Inf,-Inf,-Inf,-Inf,-Inf,-Inf
473,473,-Inf,-Inf,-Inf,-Inf,-Inf,-Inf,-Inf,-Inf,-Inf,473,473,-2359.6,-Inf,-Inf,-Inf,-Inf,-Inf,-Inf,-Inf,-Inf,473,473,-2367.8,-Inf,-Inf,-Inf,-Inf,-Inf,-Inf,-Inf,-Inf
474,474,-Inf,-Inf,-Inf,-Inf,-Inf,-Inf,-Inf,-Inf,-Inf,474,474,-2366.4,-Inf,-Inf,-Inf,-Inf,-Inf,-Inf,-Inf,-Inf,474,474,-2374.9,-Inf,-Inf,-Inf,-Inf,-Inf,-Inf,-Inf,-Inf
475,475,-Inf,-Inf,-Inf,-Inf,-Inf,-Inf,-Inf,-Inf,-Inf,475,475,-2370.2,-Inf,-Inf,-Inf,-Inf,-Inf,-Inf,-Inf,-Inf,475,475,-2377.9,-Inf,-Inf,-Inf,-Inf,-Inf,-Inf,-Inf,-Inf
476,476,-Inf,-Inf,-Inf,-Inf,-Inf,-Inf,-Inf,-Inf,-Inf,476,476,-2375.7,-Inf,-Inf,-Inf,-Inf,-Inf,-Inf,-Inf,-Inf,476,476,-2384.6,-Inf,-Inf,-Inf,-Inf,-Inf,-Inf,-Inf,-Inf
477,477,-Inf,-Inf,-Inf,-Inf,-Inf,-Inf,-Inf,-Inf,-Inf,477,477,-2381.1,-Inf,-Inf,-Inf,-Inf,-Inf,-Inf,-Inf,-Inf,477,477,-2388.6,-Inf,-Inf,-Inf,-Inf,-Inf,-Inf,-Inf,-Inf
478,478,-Inf,-Inf,-Inf,-Inf,-Inf,-Inf,-Inf,-Inf,-Inf,478,478,-2385.1,-Inf,-Inf,-Inf,-Inf,-Inf,-Inf,-Inf,-Inf,478,478,-2393.9,-Inf,-Inf,-Inf,-Inf,-Inf,-Inf,-Inf,-Inf
479,479,-Inf,-Inf,-Inf,-Inf,-Inf,-Inf,-Inf,-Inf,-Inf,479,479,-2391.9,-Inf,-Inf,-Inf,-Inf,-Inf,-Inf,-Inf,-Inf,479,479,-2399.5,-Inf,-Inf,-Inf,-Inf,-Inf,-Inf,-Inf,-Inf
480,480,-Inf,-Inf,-Inf,-Inf,-Inf,-Inf,-Inf,-Inf,-Inf,480,480,-2395,-Inf,-Inf,-Inf,-Inf,-Inf,-Inf,-Inf,-Inf,480,480,-2403.4,-Inf,-Inf,-Inf,-Inf,-Inf,-Inf,-Inf,-Inf
481,481,-Inf,-Inf,-Inf,-Inf,-Inf,-Inf,-Inf,-Inf,-Inf,481,481,-2402.1,-Inf,-Inf,-Inf,-Inf,-Inf,-Inf,-Inf,-Inf,481,481,-2410.3,-Inf,-Inf,-Inf,-Inf,-Inf,-Inf,-Inf,-Inf
482,482,-Inf,-Inf,-Inf,-Inf,-Inf,-Inf,-Inf,-Inf,-Inf,482,482,-2405.3,-Inf,-Inf,-Inf,-Inf,-Inf,-Inf,-Inf,-Inf,482,482,-2413.3,-Inf,-Inf,-Inf,-Inf,-Inf,-Inf,-Inf,-Inf
483,483,-Inf,-Inf,-Inf,-Inf,-Inf,-Inf,-Inf,-Inf,-Inf,483,483,-2411.6,-Inf,-Inf,-Inf,-Inf,-Inf,-Inf,-Inf,-Inf,483,483,-2420.4,-Inf,-Inf,-Inf,-Inf,-Inf,-Inf,-Inf,-Inf
484,484,-Inf,-Inf,-Inf,-Inf,-Inf,-Inf,-Inf,-Inf,-Inf,484,484,-2416.1,-Inf,-Inf,-Inf,-Inf,-Inf,-Inf,-Inf,-Inf,484,484,-2423.7,-Inf,-Inf,-Inf,-Inf,-Inf,-Inf,-Inf,-Inf
485,485,-Inf,-Inf,-Inf,-Inf,-Inf,-Inf,-Inf,-Inf,-Inf,485,485,-2420.9,-Inf,-Inf,-Inf,-Inf,-Inf,-Inf,-Inf,-Inf,485,485,-2429.8,-Inf,-Inf,-Inf,-Inf,-Inf,-Inf,-Inf,-Inf
486,486,-Inf,-Inf,-Inf,-Inf,-Inf,-Inf,-Inf,-Inf,-Inf,486,486,-2427.1,-Inf,-Inf,-Inf,-Inf,-Inf,-Inf,-Inf,-Inf,486,486,-2434.6,-Inf,-Inf,-Inf,-Inf,-Inf,-Inf,-Inf,-Inf
487,487,-Inf,-Inf,-Inf,-Inf,-Inf,-Inf,-Inf,-Inf,-Inf,487,487,-2430.5,-Inf,-Inf,-Inf,-Inf,-Inf,-Inf,-Inf,-Inf,487,487,-2439.1,-Inf,-Inf,-Inf,-Inf,-Inf,-Inf,-Inf,-Inf
488,488,-Inf,-Inf,-Inf,-Inf,-Inf,-Inf,-Inf,-Inf,-Inf,488,488,-2437.6,-Inf,-Inf,-Inf,-Inf,-Inf,-Inf,-Inf,-Inf,488,488,-2445.5,-Inf,-Inf,-Inf,-Inf,-Inf,-Inf,-Inf,-Inf
489,489,-Inf,-Inf,-Inf,-Inf,-Inf,-Inf,-Inf,-Inf,-Inf,489,489,-2440.6,-Inf,-Inf,-Inf,-Inf,-Inf,-Inf,-Inf,-Inf,489,489,-2448.8,-Inf,-Inf,-Inf,-Inf,-Inf,-Inf,-Inf,-Inf
490,490,-Inf,-Inf,-Inf,-Inf,-Inf,-Inf,-Inf,-Inf,-Inf,490,490,-2447.3,-Inf,-Inf,-Inf,-Inf,-Inf,-Inf,-Inf,-Inf,490,490,-2455.9,-Inf,-Inf,-Inf,-Inf,-Inf,-Inf,-Inf,-Inf
491,491,-Inf,-Inf,-Inf,-Inf,-Inf,-Inf,-Inf,-Inf,-Inf,491,491,-2451.2,-Inf,-Inf,-Inf,-Inf,-Inf,-Inf,-Inf,-Inf,491,491,-2459,-Inf,-Inf,-Inf,-Inf,-Inf,-Inf,-Inf,-Inf
492,492,-Inf,-Inf,-Inf,-Inf,-Inf,-Inf,-Inf,-Inf,-Inf,492,492,-2456.7,-Inf,-Inf,-Inf,-Inf,-Inf,-Inf,-Inf,-Inf,492,492,-2465.6,-Inf,-Inf,-Inf,-Inf,-Inf,-Inf,-Inf,-Inf
493,493,-Inf,-Inf,-Inf,-Inf,-Inf,-Inf,-Inf,-Inf,-Inf,493,493,-2462.2,-Inf,-Inf,-Inf,-Inf,-Inf,-Inf,-Inf,-Inf,493,493,-2469.7,-Inf,-Inf,-Inf,-Inf,-Inf,-Inf,-Inf,-Inf
494,494,-Inf,-Inf,-Inf,-Inf,-Inf,-Inf,-Inf,-Inf,-Inf,494,494,-2466.1,-Inf,-Inf,-Inf,-Inf,-Inf,-Inf,-Inf,-Inf,494,494,-2474.9,-Inf,-Inf,-Inf,-Inf,-Inf,-Inf,-Inf,-Inf
495,495,-Inf,-Inf,-Inf,-Inf,-Inf,-Inf,-Inf,-Inf,-Inf,495,495,-2473,-Inf,-Inf,-Inf,-Inf,-Inf,-Inf,-Inf,-Inf,495,495,-2480.6,-Inf,-Inf,-Inf,-Inf,-Inf,-Inf,-Inf,-Inf
496,496,-Inf,-Inf,-Inf,-Inf,-Inf,-Inf,-Inf,-Inf,-Inf,496,496,-2476,-Inf,-Inf,-Inf,-Inf,-Inf,-Inf,-Inf,-Inf,496,496,-2484.4,-Inf,-Inf,-Inf,-Inf,-Inf,-Inf,-Inf,-Inf
497,497,-Inf,-Inf,-Inf,-Inf,-Inf,-Inf,-Inf,-Inf,-Inf,497,497,-2483.1,-Inf,-Inf,-Inf,-Inf,-Inf,-Inf,-Inf,-Inf,497,497,-2491.3,-Inf,-Inf,-Inf,-Inf,-Inf,-Inf,-Inf,-Inf
498,498,-Inf,-Inf,-Inf,-Inf,-Inf,-Inf,-Inf,-Inf,-Inf,498,498,-2486.4,-Inf,-Inf,-Inf,-Inf,-Inf,-Inf,-Inf,-Inf,498,498,-2494.3,-Inf,-Inf,-Inf,-Inf,-Inf,-Inf,-Inf,-Inf
499,499,-Inf,-Inf,-Inf,-Inf,-Inf,-Inf,-Inf,-Inf,-Inf,499,499,-2492.5,-Inf,-Inf,-Inf,-Inf,-Inf,-Inf,-Inf,-Inf,499,499,-2501.3,-Inf,-Inf,-Inf,-Inf,-Inf,-Inf,-Inf,-Inf
500,500,-Inf,-Inf,-Inf,-Inf,-Inf,-Inf,-Inf,-Inf,-Inf,500,500,-2497.3,-Inf,-Inf,-Inf,-Inf,-Inf,-Inf,-Inf,-Inf,500,500,-2504.8,-Inf,-Inf,-Inf,-Inf,-Inf,-Inf,-Inf,-Inf
501,501,-Inf,-Inf,-Inf,-Inf,-Inf,-Inf,-Inf,-Inf,-Inf,501,501,-2501.8,-Inf,-Inf,-Inf,-Inf,-Inf,-Inf,-Inf,-Inf,501,501,-2510.7,-Inf,-Inf,-Inf,-Inf,-Inf,-Inf,-Inf,-Inf
502,502,-Inf,-Inf,-Inf,-Inf,-Inf,-Inf,-Inf,-Inf,-Inf,502,502,-2508.2,-Inf,-Inf,-Inf,-Inf,-Inf,-Inf,-Inf,-Inf,502,502,-2515.7,-Inf,-Inf,-Inf,-Inf,-Inf,-Inf,-Inf,-Inf
503,503,-Inf,-Inf,-Inf,-Inf,-Inf,-Inf,-Inf,-Inf,-Inf,503,503,-2511.5,-Inf,-Inf,-Inf,-Inf,-Inf,-Inf,-Inf,-Inf,503,503,-2520,-Inf,-Inf,-Inf,-Inf,-Inf,-Inf,-Inf,-Inf
504,504,-Inf,-Inf,-Inf,-Inf,-Inf,-Inf,-Inf,-Inf,-Inf,504,504,-2518.6,-Inf,-Inf,-Inf,-Inf,-Inf,-Inf,-Inf,-Inf,504,504,-2526.6,-Inf,-Inf,-Inf,-Inf,-Inf,-Inf,-Inf,-Inf
505,505,-Inf,-Inf,-Inf,-Inf,-Inf,-Inf,-Inf,-Inf,-Inf,505,505,-2521.7,-Inf,-Inf,-Inf,-Inf,-Inf,-Inf,-Inf,-Inf,505,505,-2529.8,-Inf,-Inf,-Inf,-Inf,-Inf,-Inf,-Inf,-Inf
506,506,-Inf,-Inf,-Inf,-Inf,-Inf,-Inf,-Inf,-Inf,-Inf,506,506,-2528.3,-Inf,-Inf,-Inf,-Inf,-Inf,-Inf,-Inf,-Inf,506,506,-2536.9,-Inf,-Inf,-Inf,-Inf,-Inf,-Inf,-Inf,-Inf
507,507,-Inf,-Inf,-Inf,-Inf,-Inf,-Inf,-Inf,-Inf,-Inf,507,507,-2532.3,-Inf,-Inf,-Inf,-Inf,-Inf,-Inf,-Inf,-Inf,507,507,-2540,-Inf,-Inf,-Inf,-Inf,-Inf,-Inf,-Inf,-Inf
508,508,-Inf,-Inf,-Inf,-Inf,-Inf,-Inf,-Inf,-Inf,-Inf,508,508,-2537.6,-Inf,-Inf,-Inf,-Inf,-Inf,-Inf,-Inf,-Inf,508,508,-2546.5,-Inf,-Inf,-Inf,-Inf,-Inf,-Inf,-Inf,-Inf
509,509,-Inf,-Inf,-Inf,-Inf,-Inf,-Inf,-Inf,-Inf,-Inf,509,509,-2543.3,-Inf,-Inf,-Inf,-Inf,-Inf,-Inf,-Inf,-Inf,509,509,-2550.7,-Inf,-Inf,-Inf,-Inf,-Inf,-Inf,-Inf,-Inf
510,510,-Inf,-Inf,-Inf,-Inf,-Inf,-Inf,-Inf,-Inf,-Inf,510,510,-2547.1,-Inf,-Inf,-Inf,-Inf,-Inf,-Inf,-Inf,-Inf,510,510,-2555.8,-Inf,-Inf,-Inf,-Inf,-Inf,-Inf,-Inf,-Inf
511,511,-Inf,-Inf,-Inf,-Inf,-Inf,-Inf,-Inf,-Inf,-Inf,511,511,-2554,-Inf,-Inf,-Inf,-Inf,-Inf,-Inf,-Inf,-Inf,511,511,-2561.7,-Inf,-Inf,-Inf,-Inf,-Inf,-Inf,-Inf,-Inf
512,512,-Inf,-Inf,-Inf,-Inf,-Inf,-Inf,-Inf,-Inf,-Inf,512,512,-2557,-Inf,-Inf,-Inf,-Inf,-Inf,-Inf,-Inf,-Inf,512,512,-2565.3,-Inf,-Inf,-Inf,-Inf,-Inf,-Inf,-Inf,-Inf
513,513,-Inf,-Inf,-Inf,-Inf,-Inf,-Inf,-Inf,-Inf,-Inf,513,513,-2564,-Inf,-Inf,-Inf,-Inf,-Inf,-Inf,-Inf,-Inf,513,513,-2572.4,-Inf,-Inf,-Inf,-Inf,-Inf,-Inf,-Inf,-Inf
514,514,-Inf,-Inf,-Inf,-Inf,-Inf,-Inf,-Inf,-Inf,-Inf,514,514,-2567.5,-Inf,-Inf,-Inf,-Inf,-Inf,-Inf,-Inf,-Inf,514,514,-2575.3,-Inf,-Inf,-Inf,-Inf,-Inf,-Inf,-Inf,-Inf
515,515,-Inf,-Inf,-Inf,-Inf,-Inf,-Inf,-Inf,-Inf,-Inf,515,515,-2573.4,-Inf,-Inf,-Inf,-Inf,-Inf,-Inf,-Inf,-Inf,515,515,-2582.3,-Inf,-Inf,-Inf,-Inf,-Inf,-Inf,-Inf,-Inf
516,516,-Inf,-Inf,-Inf,-Inf,-Inf,-Inf,-Inf,-Inf,-Inf,516,516,-2578.4,-Inf,-Inf,-Inf,-Inf,-Inf,-Inf,-Inf,-Inf,516,516,-2585.9,-Inf,-Inf,-Inf,-Inf,-Inf,-Inf,-Inf,-Inf
517,517,-Inf,-Inf,-Inf,-Inf,-Inf,-Inf,-Inf,-Inf,-Inf,517,517,-2582.7,-Inf,-Inf,-Inf,-Inf,-Inf,-Inf,-Inf,-Inf,517,517,-2591.6,-Inf,-Inf,-Inf,-Inf,-Inf,-Inf,-Inf,-Inf
518,518,-Inf,-Inf,-Inf,-Inf,-Inf,-Inf,-Inf,-Inf,-Inf,518,518,-2589.3,-Inf,-Inf,-Inf,-Inf,-Inf,-Inf,-Inf,-Inf,518,518,-2596.8,-Inf,-Inf,-Inf,-Inf,-Inf,-Inf,-Inf,-Inf
519,519,-Inf,-Inf,-Inf,-Inf,-Inf,-Inf,-Inf,-Inf,-Inf,519,519,-2592.5,-Inf,-Inf,-Inf,-Inf,-Inf,-Inf,-Inf,-Inf,519,519,-2601,-Inf,-Inf,-Inf,-Inf,-Inf,-Inf,-Inf,-Inf
520,520,-Inf,-Inf,-Inf,-Inf,-Inf,-Inf,-Inf,-Inf,-Inf,520,520,-2599.6,-Inf,-Inf,-Inf,-Inf,-Inf,-Inf,-Inf,-Inf,520,520,-2607.7,-Inf,-Inf,-Inf,-Inf,-Inf,-Inf,-Inf,-Inf
521,521,-Inf,-Inf,-Inf,-Inf,-Inf,-Inf,-Inf,-Inf,-Inf,521,521,-2602.7,-Inf,-Inf,-Inf,-Inf,-Inf,-Inf,-Inf,-Inf,521,521,-2610.8,-Inf,-Inf,-Inf,-Inf,-Inf,-Inf,-Inf,-Inf
522,522,-Inf,-Inf,-Inf,-Inf,-Inf,-Inf,-Inf,-Inf,-Inf,522,522,-2609.2,-Inf,-Inf,-Inf,-Inf,-Inf,-Inf,-Inf,-Inf,522,522,-2617.9,-Inf,-Inf,-Inf,-Inf,-Inf,-Inf,-Inf,-Inf
523,523,-Inf,-Inf,-Inf,-Inf,-Inf,-Inf,-Inf,-Inf,-Inf,523,523,-2613.4,-Inf,-Inf,-Inf,-Inf,-Inf,-Inf,-Inf,-Inf,523,523,-2621.1,-Inf,-Inf,-Inf,-Inf,-Inf,-Inf,-Inf,-Inf
524,524,-Inf,-Inf,-Inf,-Inf,-Inf,-Inf,-Inf,-Inf,-Inf,524,524,-2618.5,-Inf,-Inf,-Inf,-Inf,-Inf,-Inf,-Inf,-Inf,524,524,-2627.4,-Inf,-Inf,-Inf,-Inf,-Inf,-Inf,-Inf,-Inf
525,525,-Inf,-Inf,-Inf,-Inf,-Inf,-Inf,-Inf,-Inf,-Inf,525,525,-2624.4,-Inf,-Inf,-Inf,-Inf,-Inf,-Inf,-Inf,-Inf,525,525,-2631.8,-Inf,-Inf,-Inf,-Inf,-Inf,-Inf,-Inf,-Inf
526,526,-Inf,-Inf,-Inf,-Inf,-Inf,-Inf,-Inf,-Inf,-Inf,526,526,-2628,-Inf,-Inf,-Inf,-Inf,-Inf,-Inf,-Inf,-Inf,526,526,-2636.7,-Inf,-Inf,-Inf,-Inf,-Inf,-Inf,-Inf,-Inf
527,527,-Inf,-Inf,-Inf,-Inf,-Inf,-Inf,-Inf,-Inf,-Inf,527,527,-2635.1,-Inf,-Inf,-Inf,-Inf,-Inf,-Inf,-Inf,-Inf,527,527,-2642.8,-Inf,-Inf,-Inf,-Inf,-Inf,-Inf,-Inf,-Inf
528,528,-Inf,-Inf,-Inf,-Inf,-Inf,-Inf,-Inf,-Inf,-Inf,528,528,-2638,-Inf,-Inf,-Inf,-Inf,-Inf,-Inf,-Inf,-Inf,528,528,-2646.3,-Inf,-Inf,-Inf,-Inf,-Inf,-Inf,-Inf,-Inf
529,529,-Inf,-Inf,-Inf,-Inf,-Inf,-Inf,-Inf,-Inf,-Inf,529,529,-2645,-Inf,-Inf,-Inf,-Inf,-Inf,-Inf,-Inf,-Inf,529,529,-2653.4,-Inf,-Inf,-Inf,-Inf,-Inf,-Inf,-Inf,-Inf
530,530,-Inf,-Inf,-Inf,-Inf,-Inf,-Inf,-Inf,-Inf,-Inf,530,530,-2648.6,-Inf,-Inf,-Inf,-Inf,-Inf,-Inf,-Inf,-Inf,530,530,-2656.4,-Inf,-Inf,-Inf,-Inf,-Inf,-Inf,-Inf,-Inf
531,531,-Inf,-Inf,-Inf,-Inf,-Inf,-Inf,-Inf,-Inf,-Inf,531,531,-2654.3,-Inf,-Inf,-Inf,-Inf,-Inf,-Inf,-Inf,-Inf,531,531,-2663.2,-Inf,-Inf,-Inf,-Inf,-Inf,-Inf,-Inf,-Inf
532,532,-Inf,-Inf,-Inf,-Inf,-Inf,-Inf,-Inf,-Inf,-Inf,532,532,-2659.5,-Inf,-Inf,-Inf,-Inf,-Inf,-Inf,-Inf,-Inf,532,532,-2667,-Inf,-Inf,-Inf,-Inf,-Inf,-Inf,-Inf,-Inf
533,533,-Inf,-Inf,-Inf,-Inf,-Inf,-Inf,-Inf,-Inf,-Inf,533,533,-2663.7,-Inf,-Inf,-Inf,-Inf,-Inf,-Inf,-Inf,-Inf,533,533,-2672.5,-Inf,-Inf,-Inf,-Inf,-Inf,-Inf,-Inf,-Inf
534,534,-Inf,-Inf,-Inf,-Inf,-Inf,-Inf,-Inf,-Inf,-Inf,534,534,-2670.3,-Inf,-Inf,-Inf,-Inf,-Inf,-Inf,-Inf,-Inf,534,534,-2677.9,-Inf,-Inf,-Inf,-Inf,-Inf,-Inf,-Inf,-Inf
535,535,-Inf,-Inf,-Inf,-Inf,-Inf,-Inf,-Inf,-Inf,-Inf,535,535,-2673.5,-Inf,-Inf,-Inf,-Inf,-Inf,-Inf,-Inf,-Inf,535,535,-2681.9,-Inf,-Inf,-Inf,-Inf,-Inf,-Inf,-Inf,-Inf
536,536,-Inf,-Inf,-Inf,-Inf,-Inf,-Inf,-Inf,-Inf,-Inf,536,536,-2680.6,-Inf,-Inf,-Inf,-Inf,-Inf,-Inf,-Inf,-Inf,536,536,-2688.7,-Inf,-Inf,-Inf,-Inf,-Inf,-Inf,-Inf,-Inf
537,537,-Inf,-Inf,-Inf,-Inf,-Inf,-Inf,-Inf,-Inf,-Inf,537,537,-2683.8,-Inf,-Inf,-Inf,-Inf,-Inf,-Inf,-Inf,-Inf,537,537,-2691.8,-Inf,-Inf,-Inf,-Inf,-Inf,-Inf,-Inf,-Inf
538,538,-Inf,-Inf,-Inf,-Inf,-Inf,-Inf,-Inf,-Inf,-Inf,538,538,-2690.1,-Inf,-Inf,-Inf,-Inf,-Inf,-Inf,-Inf,-Inf,538,538,-2698.9,-Inf,-Inf,-Inf,-Inf,-Inf,-Inf,-Inf,-Inf
539,539,-Inf,-Inf,-Inf,-Inf,-Inf,-Inf,-Inf,-Inf,-Inf,539,539,-2694.5,-Inf,-Inf,-Inf,-Inf,-Inf,-Inf,-Inf,-Inf,539,539,-2702.1,-Inf,-Inf,-Inf,-Inf,-Inf,-Inf,-Inf,-Inf
540,540,-Inf,-Inf,-Inf,-Inf,-Inf,-Inf,-Inf,-Inf,-Inf,540,540,-2699.4,-Inf,-Inf,-Inf,-Inf,-Inf,-Inf,-Inf,-Inf,540,540,-2708.4,-Inf,-Inf,-Inf,-Inf,-Inf,-Inf,-Inf,-Inf
541,541,-Inf,-Inf,-Inf,-Inf,-Inf,-Inf,-Inf,-Inf,-Inf,541,541,-2705.5,-Inf,-Inf,-Inf,-Inf,-Inf,-Inf,-Inf,-Inf,541,541,-2713,-Inf,-Inf,-Inf,-Inf,-Inf,-Inf,-Inf,-Inf
542,542,-Inf,-Inf,-Inf,-Inf,-Inf,-Inf,-Inf,-Inf,-Inf,542,542,-2709,-Inf,-Inf,-Inf,-Inf,-Inf,-Inf,-Inf,-Inf,542,542,-2717.7,-Inf,-Inf,-Inf,-Inf,-Inf,-Inf,-Inf,-Inf
543,543,-Inf,-Inf,-Inf,-Inf,-Inf,-Inf,-Inf,-Inf,-Inf,543,543,-2716.1,-Inf,-Inf,-Inf,-Inf,-Inf,-Inf,-Inf,-Inf,543,543,-2723.9,-Inf,-Inf,-Inf,-Inf,-Inf,-Inf,-Inf,-Inf
544,544,-Inf,-Inf,-Inf,-Inf,-Inf,-Inf,-Inf,-Inf,-Inf,544,544,-2719.1,-Inf,-Inf,-Inf,-Inf,-Inf,-Inf,-Inf,-Inf,544,544,-2727.3,-Inf,-Inf,-Inf,-Inf,-Inf,-Inf,-Inf,-Inf
545,545,-Inf,-Inf,-Inf,-Inf,-Inf,-Inf,-Inf,-Inf,-Inf,545,545,-2725.9,-Inf,-Inf,-Inf,-Inf,-Inf,-Inf,-Inf,-Inf,545,545,-2734.4,-Inf,-Inf,-Inf,-Inf,-Inf,-Inf,-Inf,-Inf
546,546,-Inf,-Inf,-Inf,-Inf,-Inf,-Inf,-Inf,-Inf,-Inf,546,546,-2729.6,-Inf,-Inf,-Inf,-Inf,-Inf,-Inf,-Inf,-Inf,546,546,-2737.4,-Inf,-Inf,-Inf,-Inf,-Inf,-Inf,-Inf,-Inf
547,547,-Inf,-Inf,-Inf,-Inf,-Inf,-Inf,-Inf,-Inf,-Inf,547,547,-2735.2,-Inf,-Inf,-Inf,-Inf,-Inf,-Inf,-Inf,-Inf,547,547,-2744.2,-Inf,-Inf,-Inf,-Inf,-Inf,-Inf,-Inf,-Inf
548,548,-Inf,-Inf,-Inf,-Inf,-Inf,-Inf,-Inf,-Inf,-Inf,548,548,-2740.6,-Inf,-Inf,-Inf,-Inf,-Inf,-Inf,-Inf,-Inf,548,548,-2748,-Inf,-Inf,-Inf,-Inf,-Inf,-Inf,-Inf,-Inf
549,549,-Inf,-Inf,-Inf,-Inf,-Inf,-Inf,-Inf,-Inf,-Inf,549,549,-2744.7,-Inf,-Inf,-Inf,-Inf,-Inf,-Inf,-Inf,-Inf,549,549,-2753.5,-Inf,-Inf,-Inf,-Inf,-Inf,-Inf,-Inf,-Inf
550,550,-Inf,-Inf,-Inf,-Inf,-Inf,-Inf,-Inf,-Inf,-Inf,550,550,-2751.4,-Inf,-Inf,-Inf,-Inf,-Inf,-Inf,-Inf,-Inf,550,550,-2759,-Inf,-Inf,-Inf,-Inf,-Inf,-Inf,-Inf,-Inf
551,551,-Inf,-Inf,-Inf,-Inf,-Inf,-Inf,-Inf,-Inf,-Inf,551,551,-2754.5,-Inf,-Inf,-Inf,-Inf,-Inf,-Inf,-Inf,-Inf,551,551,-2762.9,-Inf,-Inf,-Inf,-Inf,-Inf,-Inf,-Inf,-Inf
552,552,-Inf,-Inf,-Inf,-Inf,-Inf,-Inf,-Inf,-Inf,-Inf,552,552,-2761.6,-Inf,-Inf,-Inf,-Inf,-Inf,-Inf,-Inf,-Inf,552,552,-2769.8,-Inf,-Inf,-Inf,-Inf,-Inf,-Inf,-Inf,-Inf
553,553,-Inf,-Inf,-Inf,-Inf,-Inf,-Inf,-Inf,-Inf,-Inf,553,553,-2764.8,-Inf,-Inf,-Inf,-Inf,-Inf,-Inf,-Inf,-Inf,553,553,-2772.8,-Inf,-Inf,-Inf,-Inf,-Inf,-Inf,-Inf,-Inf
554,554,-Inf,-Inf,-Inf,-Inf,-Inf,-Inf,-Inf,-Inf,-Inf,554,554,-2771.1,-Inf,-Inf,-Inf,-Inf,-Inf,-Inf,-Inf,-Inf,554,554,-2779.9,-Inf,-Inf,-Inf,-Inf,-Inf,-Inf,-Inf,-Inf
555,555,-Inf,-Inf,-Inf,-Inf,-Inf,-Inf,-Inf,-Inf,-Inf,555,555,-2775.6,-Inf,-Inf,-Inf,-Inf,-Inf,-Inf,-Inf,-Inf,555,555,-2783.2,-Inf,-Inf,-Inf,-Inf,-Inf,-Inf,-Inf,-Inf
556,556,-Inf,-Inf,-Inf,-Inf,-Inf,-Inf,-Inf,-Inf,-Inf,556,556,-2780.4,-Inf,-Inf,-Inf,-Inf,-Inf,-Inf,-Inf,-Inf,556,556,-2789.3,-Inf,-Inf,-Inf,-Inf,-Inf,-Inf,-Inf,-Inf
557,557,-Inf,-Inf,-Inf,-Inf,-Inf,-Inf,-Inf,-Inf,-Inf,557,557,-2786.6,-Inf,-Inf,-Inf,-Inf,-Inf,-Inf,-Inf,-Inf,557,557,-2794.1,-Inf,-Inf,-Inf,-Inf,-Inf,-Inf,-Inf,-Inf
558,558,-Inf,-Inf,-Inf,-Inf,-Inf,-Inf,-Inf,-Inf,-Inf,558,558,-2790,-Inf,-Inf,-Inf,-Inf,-Inf,-Inf,-Inf,-Inf,558,558,-2798.6,-Inf,-Inf,-Inf,-Inf,-Inf,-Inf,-Inf,-Inf
559,559,-Inf,-Inf,-Inf,-Inf,-Inf,-Inf,-Inf,-Inf,-Inf,559,559,-2797.1,-Inf,-Inf,-Inf,-Inf,-Inf,-Inf,-Inf,-Inf,559,559,-2805,-Inf,-Inf,-Inf,-Inf,-Inf,-Inf,-Inf,-Inf
560,560,-Inf,-Inf,-Inf,-Inf,-Inf,-Inf,-Inf,-Inf,-Inf,560,560,-2800.1,-Inf,-Inf,-Inf,-Inf,-Inf,-Inf,-Inf,-Inf,560,560,-2808.3,-Inf,-Inf,-Inf,-Inf,-Inf,-Inf,-Inf,-Inf
561,561,-Inf,-Inf,-Inf,-Inf,-Inf,-Inf,-Inf,-Inf,-Inf,561,561,-2806.9,-Inf,-Inf,-Inf,-Inf,-Inf,-Inf,-Inf,-Inf,561,561,-2815.4,-Inf,-Inf,-Inf,-Inf,-Inf,-Inf,-Inf,-Inf
562,562,-Inf,-Inf,-Inf,-Inf,-Inf,-Inf,-Inf,-Inf,-Inf,562,562,-2810.7,-Inf,-Inf,-Inf,-Inf,-Inf,-Inf,-Inf,-Inf,562,562,-2818.5,-Inf,-Inf,-Inf,-Inf,-Inf,-Inf,-Inf,-Inf
563,563,-Inf,-Inf,-Inf,-Inf,-Inf,-Inf,-Inf,-Inf,-Inf,563,563,-2816.2,-Inf,-Inf,-Inf,-Inf,-Inf,-Inf,-Inf,-Inf,563,563,-2825.1,-Inf,-Inf,-Inf,-Inf,-Inf,-Inf,-Inf,-Inf
564,564,-Inf,-Inf,-Inf,-Inf,-Inf,-Inf,-Inf,-Inf,-Inf,564,564,-2821.7,-Inf,-Inf,-Inf,-Inf,-Inf,-Inf,-Inf,-Inf,564,564,-2829.1,-Inf,-Inf,-Inf,-Inf,-Inf,-Inf,-Inf,-Inf
565,565,-Inf,-Inf,-Inf,-Inf,-Inf,-Inf,-Inf,-Inf,-Inf,565,565,-2825.6,-Inf,-Inf,-Inf,-Inf,-Inf,-Inf,-Inf,-Inf,565,565,-2834.4,-Inf,-Inf,-Inf,-Inf,-Inf,-Inf,-Inf,-Inf
566,566,-Inf,-Inf,-Inf,-Inf,-Inf,-Inf,-Inf,-Inf,-Inf,566,566,-2832.5,-Inf,-Inf,-Inf,-Inf,-Inf,-Inf,-Inf,-Inf,566,566,-2840.1,-Inf,-Inf,-Inf,-Inf,-Inf,-Inf,-Inf,-Inf
567,567,-Inf,-Inf,-Inf,-Inf,-Inf,-Inf,-Inf,-Inf,-Inf,567,567,-2835.5,-Inf,-Inf,-Inf,-Inf,-Inf,-Inf,-Inf,-Inf,567,567,-2843.9,-Inf,-Inf,-Inf,-Inf,-Inf,-Inf,-Inf,-Inf
568,568,-Inf,-Inf,-Inf,-Inf,-Inf,-Inf,-Inf,-Inf,-Inf,568,568,-2842.6,-Inf,-Inf,-Inf,-Inf,-Inf,-Inf,-Inf,-Inf,568,568,-2850.8,-Inf,-Inf,-Inf,-Inf,-Inf,-Inf,-Inf,-Inf
569,569,-Inf,-Inf,-Inf,-Inf,-Inf,-Inf,-Inf,-Inf,-Inf,569,569,-2845.9,-Inf,-Inf,-Inf,-Inf,-Inf,-Inf,-Inf,-Inf,569,569,-2853.8,-Inf,-Inf,-Inf,-Inf,-Inf,-Inf,-Inf,-Inf
570,570,-Inf,-Inf,-Inf,-Inf,-Inf,-Inf,-Inf,-Inf,-Inf,570,570,-2852,-Inf,-Inf,-Inf,-Inf,-Inf,-Inf,-Inf,-Inf,570,570,-2860.8,-Inf,-Inf,-Inf,-Inf,-Inf,-Inf,-Inf,-Inf
571,571,-Inf,-Inf,-Inf,-Inf,-Inf,-Inf,-Inf,-Inf,-Inf,571,571,-2856.7,-Inf,-Inf,-Inf,-Inf,-Inf,-Inf,-Inf,-Inf,571,571,-2864.3,-Inf,-Inf,-Inf,-Inf,-Inf,-Inf,-Inf,-Inf
572,572,-Inf,-Inf,-Inf,-Inf,-Inf,-Inf,-Inf,-Inf,-Inf,572,572,-2861.3,-Inf,-Inf,-Inf,-Inf,-Inf,-Inf,-Inf,-Inf,572,572,-2870.2,-Inf,-Inf,-Inf,-Inf,-Inf,-Inf,-Inf,-Inf
573,573,-Inf,-Inf,-Inf,-Inf,-Inf,-Inf,-Inf,-Inf,-Inf,573,573,-2867.7,-Inf,-Inf,-Inf,-Inf,-Inf,-Inf,-Inf,-Inf,573,573,-2875.2,-Inf,-Inf,-Inf,-Inf,-Inf,-Inf,-Inf,-Inf
574,574,-Inf,-Inf,-Inf,-Inf,-Inf,-Inf,-Inf,-Inf,-Inf,574,574,-2871,-Inf,-Inf,-Inf,-Inf,-Inf,-Inf,-Inf,-Inf,574,574,-2879.6,-Inf,-Inf,-Inf,-Inf,-Inf,-Inf,-Inf,-Inf
575,575,-Inf,-Inf,-Inf,-Inf,-Inf,-Inf,-Inf,-Inf,-Inf,575,575,-2878.1,-Inf,-Inf,-Inf,-Inf,-Inf,-Inf,-Inf,-Inf,575,575,-2886.1,-Inf,-Inf,-Inf,-Inf,-Inf,-Inf,-Inf,-Inf
576,576,-Inf,-Inf,-Inf,-Inf,-Inf,-Inf,-Inf,-Inf,-Inf,576,576,-2881.2,-Inf,-Inf,-Inf,-Inf,-Inf,-Inf,-Inf,-Inf,576,576,-2889.3,-Inf,-Inf,-Inf,-Inf,-Inf,-Inf,-Inf,-Inf
577,577,-Inf,-Inf,-Inf,-Inf,-Inf,-Inf,-Inf,-Inf,-Inf,577,577,-2887.8,-Inf,-Inf,-Inf,-Inf,-Inf,-Inf,-Inf,-Inf,577,577,-2896.4,-Inf,-Inf,-Inf,-Inf,-Inf,-Inf,-Inf,-Inf
578,578,-Inf,-Inf,-Inf,-Inf,-Inf,-Inf,-Inf,-Inf,-Inf,578,578,-2891.8,-Inf,-Inf,-Inf,-Inf,-Inf,-Inf,-Inf,-Inf,578,578,-2899.5,-Inf,-Inf,-Inf,-Inf,-Inf,-Inf,-Inf,-Inf
579,579,-Inf,-Inf,-Inf,-Inf,-Inf,-Inf,-Inf,-Inf,-Inf,579,579,-2897.1,-Inf,-Inf,-Inf,-Inf,-Inf,-Inf,-Inf,-Inf,579,579,-2906,-Inf,-Inf,-Inf,-Inf,-Inf,-Inf,-Inf,-Inf
580,580,-Inf,-Inf,-Inf,-Inf,-Inf,-Inf,-Inf,-Inf,-Inf,580,580,-2902.8,-Inf,-Inf,-Inf,-Inf,-Inf,-Inf,-Inf,-Inf,580,580,-2910.2,-Inf,-Inf,-Inf,-Inf,-Inf,-Inf,-Inf,-Inf
581,581,-Inf,-Inf,-Inf,-Inf,-Inf,-Inf,-Inf,-Inf,-Inf,581,581,-2906.6,-Inf,-Inf,-Inf,-Inf,-Inf,-Inf,-Inf,-Inf,581,581,-2915.3,-Inf,-Inf,-Inf,-Inf,-Inf,-Inf,-Inf,-Inf
582,582,-Inf,-Inf,-Inf,-Inf,-Inf,-Inf,-Inf,-Inf,-Inf,582,582,-2913.5,-Inf,-Inf,-Inf,-Inf,-Inf,-Inf,-Inf,-Inf,582,582,-2921.2,-Inf,-Inf,-Inf,-Inf,-Inf,-Inf,-Inf,-Inf
583,583,-Inf,-Inf,-Inf,-Inf,-Inf,-Inf,-Inf,-Inf,-Inf,583,583,-2916.5,-Inf,-Inf,-Inf,-Inf,-Inf,-Inf,-Inf,-Inf,583,583,-2924.8,-Inf,-Inf,-Inf,-Inf,-Inf,-Inf,-Inf,-Inf
584,584,-Inf,-Inf,-Inf,-Inf,-Inf,-Inf,-Inf,-Inf,-Inf,584,584,-2923.5,-Inf,-Inf,-Inf,-Inf,-Inf,-Inf,-Inf,-Inf,584,584,-2931.9,-Inf,-Inf,-Inf,-Inf,-Inf,-Inf,-Inf,-Inf
585,585,-Inf,-Inf,-Inf,-Inf,-Inf,-Inf,-Inf,-Inf,-Inf,585,585,-2927,-Inf,-Inf,-Inf,-Inf,-Inf,-Inf,-Inf,-Inf,585,585,-2934.8,-Inf,-Inf,-Inf,-Inf,-Inf,-Inf,-Inf,-Inf
586,586,-Inf,-Inf,-Inf,-Inf,-Inf,-Inf,-Inf,-Inf,-Inf,586,586,-2932.9,-Inf,-Inf,-Inf,-Inf,-Inf,-Inf,-Inf,-Inf,586,586,-2941.8,-Inf,-Inf,-Inf,-Inf,-Inf,-Inf,-Inf,-Inf
587,587,-Inf,-Inf,-Inf,-Inf,-Inf,-Inf,-Inf,-Inf,-Inf,587,587,-2937.8,-Inf,-Inf,-Inf,-Inf,-Inf,-Inf,-Inf,-Inf,587,587,-2945.4,-Inf,-Inf,-Inf,-Inf,-Inf,-Inf,-Inf,-Inf
588,588,-Inf,-Inf,-Inf,-Inf,-Inf,-Inf,-Inf,-Inf,-Inf,588,588,-2942.3,-Inf,-Inf,-Inf,-Inf,-Inf,-Inf,-Inf,-Inf,588,588,-2951.1,-Inf,-Inf,-Inf,-Inf,-Inf,-Inf,-Inf,-Inf
589,589,-Inf,-Inf,-Inf,-Inf,-Inf,-Inf,-Inf,-Inf,-Inf,589,589,-2948.8,-Inf,-Inf,-Inf,-Inf,-Inf,-Inf,-Inf,-Inf,589,589,-2956.3,-Inf,-Inf,-Inf,-Inf,-Inf,-Inf,-Inf,-Inf
590,590,-Inf,-Inf,-Inf,-Inf,-Inf,-Inf,-Inf,-Inf,-Inf,590,590,-2952,-Inf,-Inf,-Inf,-Inf,-Inf,-Inf,-Inf,-Inf,590,590,-2960.5,-Inf,-Inf,-Inf,-Inf,-Inf,-Inf,-Inf,-Inf
591,591,-Inf,-Inf,-Inf,-Inf,-Inf,-Inf,-Inf,-Inf,-Inf,591,591,-2959.1,-Inf,-Inf,-Inf,-Inf,-Inf,-Inf,-Inf,-Inf,591,591,-2967.1,-Inf,-Inf,-Inf,-Inf,-Inf,-Inf,-Inf,-Inf
592,592,-Inf,-Inf,-Inf,-Inf,-Inf,-Inf,-Inf,-Inf,-Inf,592,592,-2962.2,-Inf,-Inf,-Inf,-Inf,-Inf,-Inf,-Inf,-Inf,592,592,-2970.3,-Inf,-Inf,-Inf,-Inf,-Inf,-Inf,-Inf,-Inf
593,593,-Inf,-Inf,-Inf,-Inf,-Inf,-Inf,-Inf,-Inf,-Inf,593,593,-2968.7,-Inf,-Inf,-Inf,-Inf,-Inf,-Inf,-Inf,-Inf,593,593,-2977.4,-Inf,-Inf,-Inf,-Inf,-Inf,-Inf,-Inf,-Inf
594,594,-Inf,-Inf,-Inf,-Inf,-Inf,-Inf,-Inf,-Inf,-Inf,594,594,-2972.9,-Inf,-Inf,-Inf,-Inf,-Inf,-Inf,-Inf,-Inf,594,594,-2980.6,-Inf,-Inf,-Inf,-Inf,-Inf,-Inf,-Inf,-Inf
595,595,-Inf,-Inf,-Inf,-Inf,-Inf,-Inf,-Inf,-Inf,-Inf,595,595,-2978,-Inf,-Inf,-Inf,-Inf,-Inf,-Inf,-Inf,-Inf,595,595,-2987,-Inf,-Inf,-Inf,-Inf,-Inf,-Inf,-Inf,-Inf
596,596,-Inf,-Inf,-Inf,-Inf,-Inf,-Inf,-Inf,-Inf,-Inf,596,596,-2983.9,-Inf,-Inf,-Inf,-Inf,-Inf,-Inf,-Inf,-Inf,596,596,-2991.3,-Inf,-Inf,-Inf,-Inf,-Inf,-Inf,-Inf,-Inf
597,597,-Inf,-Inf,-Inf,-Inf,-Inf,-Inf,-Inf,-Inf,-Inf,597,597,-2987.5,-Inf,-Inf,-Inf,-Inf,-Inf,-Inf,-Inf,-Inf,597,597,-2996.3,-Inf,-Inf,-Inf,-Inf,-Inf,-Inf,-Inf,-Inf
598,598,-Inf,-Inf,-Inf,-Inf,-Inf,-Inf,-Inf,-Inf,-Inf,598,598,-2994.6,-Inf,-Inf,-Inf,-Inf,-Inf,-Inf,-Inf,-Inf,598,598,-3002.3,-Inf,-Inf,-Inf,-Inf,-Inf,-Inf,-Inf,-Inf
599,599,-Inf,-Inf,-Inf,-Inf,-Inf,-Inf,-Inf,-Inf,-Inf,599,599,-2997.5,-Inf,-Inf,-Inf,-Inf,-Inf,-Inf,-Inf,-Inf,599,599,-3005.8,-Inf,-Inf,-Inf,-Inf,-Inf,-Inf,-Inf,-Inf
600,600,-Inf,-Inf,-Inf,-Inf,-Inf,-Inf,-Inf,-Inf,-Inf,600,600,-3004.5,-Inf,-Inf,-Inf,-Inf,-Inf,-Inf,-Inf,-Inf,600,600,-3012.9,-Inf,-Inf,-Inf,-Inf,-Inf,-Inf,-Inf,-Inf
601,601,-Inf,-Inf,-Inf,-Inf,-Inf,-Inf,-Inf,-Inf,-Inf,601,601,-3008.1,-Inf,-Inf,-Inf,-Inf,-Inf,-Inf,-Inf,-Inf,601,601,-3015.9,-Inf,-Inf,-Inf,-Inf,-Inf,-Inf,-Inf,-Inf
602,602,-Inf,-Inf,-Inf,-Inf,-Inf,-Inf,-Inf,-Inf,-Inf,602,602,-3013.8,-Inf,-Inf,-Inf,-Inf,-Inf,-Inf,-Inf,-Inf,602,602,-3022.7,-Inf,-Inf,-Inf,-Inf,-Inf,-Inf,-Inf,-Inf
603,603,-Inf,-Inf,-Inf,-Inf,-Inf,-Inf,-Inf,-Inf,-Inf,603,603,-3019,-Inf,-Inf,-Inf,-Inf,-Inf,-Inf,-Inf,-Inf,603,603,-3026.5,-Inf,-Inf,-Inf,-Inf,-Inf,-Inf,-Inf,-Inf
604,604,-Inf,-Inf,-Inf,-Inf,-Inf,-Inf,-Inf,-Inf,-Inf,604,604,-3023.2,-Inf,-Inf,-Inf,-Inf,-Inf,-Inf,-Inf,-Inf,604,604,-3032.1,-Inf,-Inf,-Inf,-Inf,-Inf,-Inf,-Inf,-Inf
605,605,-Inf,-Inf,-Inf,-Inf,-Inf,-Inf,-Inf,-Inf,-Inf,605,605,-3029.8,-Inf,-Inf,-Inf,-Inf,-Inf,-Inf,-Inf,-Inf,605,605,-3037.4,-Inf,-Inf,-Inf,-Inf,-Inf,-Inf,-Inf,-Inf
606,606,-Inf,-Inf,-Inf,-Inf,-Inf,-Inf,-Inf,-Inf,-Inf,606,606,-3033,-Inf,-Inf,-Inf,-Inf,-Inf,-Inf,-Inf,-Inf,606,606,-3041.5,-Inf,-Inf,-Inf,-Inf,-Inf,-Inf,-Inf,-Inf
607,607,-Inf,-Inf,-Inf,-Inf,-Inf,-Inf,-Inf,-Inf,-Inf,607,607,-3040.1,-Inf,-Inf,-Inf,-Inf,-Inf,-Inf,-Inf,-Inf,607,607,-3048.2,-Inf,-Inf,-Inf,-Inf,-Inf,-Inf,-Inf,-Inf
608,608,-Inf,-Inf,-Inf,-Inf,-Inf,-Inf,-Inf,-Inf,-Inf,608,608,-3043.3,-Inf,-Inf,-Inf,-Inf,-Inf,-Inf,-Inf,-Inf,608,608,-3051.3,-Inf,-Inf,-Inf,-Inf,-Inf,-Inf,-Inf,-Inf
609,609,-Inf,-Inf,-Inf,-Inf,-Inf,-Inf,-Inf,-Inf,-Inf,609,609,-3049.7,-Inf,-Inf,-Inf,-Inf,-Inf,-Inf,-Inf,-Inf,609,609,-3058.4,-Inf,-Inf,-Inf,-Inf,-Inf,-Inf,-Inf,-Inf
610,610,-Inf,-Inf,-Inf,-Inf,-Inf,-Inf,-Inf,-Inf,-Inf,610,610,-3054,-Inf,-Inf,-Inf,-Inf,-Inf,-Inf,-Inf,-Inf,610,610,-3061.6,-Inf,-Inf,-Inf,-Inf,-Inf,-Inf,-Inf,-Inf
611,611,-Inf,-Inf,-Inf,-Inf,-Inf,-Inf,-Inf,-Inf,-Inf,611,611,-3059,-Inf,-Inf,-Inf,-Inf,-Inf,-Inf,-Inf,-Inf,611,611,-3067.9,-Inf,-Inf,-Inf,-Inf,-Inf,-Inf,-Inf,-Inf
612,612,-Inf,-Inf,-Inf,-Inf,-Inf,-Inf,-Inf,-Inf,-Inf,612,612,-3065,-Inf,-Inf,-Inf,-Inf,-Inf,-Inf,-Inf,-Inf,612,612,-3072.4,-Inf,-Inf,-Inf,-Inf,-Inf,-Inf,-Inf,-Inf
613,613,-Inf,-Inf,-Inf,-Inf,-Inf,-Inf,-Inf,-Inf,-Inf,613,613,-3068.5,-Inf,-Inf,-Inf,-Inf,-Inf,-Inf,-Inf,-Inf,613,613,-3077.2,-Inf,-Inf,-Inf,-Inf,-Inf,-Inf,-Inf,-Inf
614,614,-Inf,-Inf,-Inf,-Inf,-Inf,-Inf,-Inf,-Inf,-Inf,614,614,-3075.6,-Inf,-Inf,-Inf,-Inf,-Inf,-Inf,-Inf,-Inf,614,614,-3083.4,-Inf,-Inf,-Inf,-Inf,-Inf,-Inf,-Inf,-Inf
615,615,-Inf,-Inf,-Inf,-Inf,-Inf,-Inf,-Inf,-Inf,-Inf,615,615,-3078.6,-Inf,-Inf,-Inf,-Inf,-Inf,-Inf,-Inf,-Inf,615,615,-3086.6,-Inf,-Inf,-Inf,-Inf,-Inf,-Inf,-Inf,-Inf
616,616,-Inf,-Inf,-Inf,-Inf,-Inf,-Inf,-Inf,-Inf,-Inf,616,616,-3085.6,-Inf,-Inf,-Inf,-Inf,-Inf,-Inf,-Inf,-Inf,616,616,-3094,-Inf,-Inf,-Inf,-Inf,-Inf,-Inf,-Inf,-Inf
617,617,-Inf,-Inf,-Inf,-Inf,-Inf,-Inf,-Inf,-Inf,-Inf,617,617,-3089.3,-Inf,-Inf,-Inf,-Inf,-Inf,-Inf,-Inf,-Inf,617,617,-3097,-Inf,-Inf,-Inf,-Inf,-Inf,-Inf,-Inf,-Inf
618,618,-Inf,-Inf,-Inf,-Inf,-Inf,-Inf,-Inf,-Inf,-Inf,618,618,-3094,-Inf,-Inf,-Inf,-Inf,-Inf,-Inf,-Inf,-Inf,618,618,-Inf,-Inf,-Inf,-Inf,-Inf,-Inf,-Inf,-Inf,-Inf
619,619,-Inf,-Inf,-Inf,-Inf,-Inf,-Inf,-Inf,-Inf,-Inf,619,619,-Inf,-Inf,-Inf,-Inf,-Inf,-Inf,-Inf,-Inf,-Inf,619,619,-Inf,-Inf,-Inf,-Inf,-Inf,-Inf,-Inf,-Inf,-Inf
620,620,-Inf,-Inf,-Inf,-Inf,-Inf,-Inf,-Inf,-Inf,-Inf,620,620,-Inf,-Inf,-Inf,-Inf,-Inf,-Inf,-Inf,-Inf,-Inf,620,620,-Inf,-Inf,-Inf,-Inf,-Inf,-Inf,-Inf,-Inf,-Inf
621,621,-Inf,-Inf,-Inf,-Inf,-Inf,-Inf,-Inf,-Inf,-Inf,621,621,-Inf,-Inf,-Inf,-Inf,-Inf,-Inf,-Inf,-Inf,-Inf,621,621,-Inf,-Inf,-Inf,-Inf,-Inf,-Inf,-Inf,-Inf,-Inf
622,622,-Inf,-Inf,-Inf,-Inf,-Inf,-Inf,-Inf,-Inf,-Inf,622,622,-Inf,-Inf,-Inf,-Inf,-Inf,-Inf,-Inf,-Inf,-Inf,622,622,-Inf,-Inf,-Inf,-Inf,-Inf,-Inf,-Inf,-Inf,-Inf
623,623,-Inf,-Inf,-Inf,-Inf,-Inf,-Inf,-Inf,-Inf,-Inf,623,623,-Inf,-Inf,-Inf,-Inf,-Inf,-Inf,-Inf,-Inf,-Inf,623,623,-Inf,-Inf,-Inf,-Inf,-Inf,-Inf,-Inf,-Inf,-Inf
624,624,-Inf,-Inf,-Inf,-Inf,-Inf,-Inf,-Inf,-Inf,-Inf,624,624,-Inf,-Inf,-Inf,-Inf,-Inf,-Inf,-Inf,-Inf,-Inf,624,624,-Inf,-Inf,-Inf,-Inf,-Inf,-Inf,-Inf,-Inf,-Inf
625,625,-Inf,-Inf,-Inf,-Inf,-Inf,-Inf,-Inf,-Inf,-Inf,625,625,-Inf,-Inf,-Inf,-Inf,-Inf,-Inf,-Inf,-Inf,-Inf,625,625,-Inf,-Inf,-Inf,-Inf,-Inf,-Inf,-Inf,-Inf,-Inf
626,626,-Inf,-Inf,-Inf,-Inf,-Inf,-Inf,-Inf,-Inf,-Inf,626,626,-Inf,-Inf,-Inf,-Inf,-Inf,-Inf,-Inf,-Inf,-Inf,626,626,-Inf,-Inf,-Inf,-Inf,-Inf,-Inf,-Inf,-Inf,-Inf
627,627,-Inf,-Inf,-Inf,-Inf,-Inf,-Inf,-Inf,-Inf,-Inf,627,627,-Inf,-Inf,-Inf,-Inf,-Inf,-Inf,-Inf,-Inf,-Inf,627,627,-Inf,-Inf,-Inf,-Inf,-Inf,-Inf,-Inf,-Inf,-Inf
628,628,-Inf,-Inf,-Inf,-Inf,-Inf,-Inf,-Inf,-Inf,-Inf,628,628,-Inf,-Inf,-Inf,-Inf,-Inf,-Inf,-Inf,-Inf,-Inf,628,628,-Inf,-Inf,-Inf,-Inf,-Inf,-Inf,-Inf,-Inf,-Inf
629,629,-Inf,-Inf,-Inf,-Inf,-Inf,-Inf,-Inf,-Inf,-Inf,629,629,-Inf,-Inf,-Inf,-Inf,-Inf,-Inf,-Inf,-Inf,-Inf,629,629,-Inf,-Inf,-Inf,-Inf,-Inf,-Inf,-Inf,-Inf,-Inf
630,630,-Inf,-Inf,-Inf,-Inf,-Inf,-Inf,-Inf,-Inf,-Inf,630,630,-Inf,-Inf,-Inf,-Inf,-Inf,-Inf,-Inf,-Inf,-Inf,630,630,-Inf,-Inf,-Inf,-Inf,-Inf,-Inf,-Inf,-Inf,-Inf
631,631,-Inf,-Inf,-Inf,-Inf,-Inf,-Inf,-Inf,-Inf,-Inf,631,631,-Inf,-Inf,-Inf,-Inf,-Inf,-Inf,-Inf,-Inf,-Inf,631,631,-Inf,-Inf,-Inf,-Inf,-Inf,-Inf,-Inf,-Inf,-Inf
632,632,-Inf,-Inf,-Inf,-Inf,-Inf,-Inf,-Inf,-Inf,-Inf,632,632,-Inf,-Inf,-Inf,-Inf,-Inf,-Inf,-Inf,-Inf,-Inf,632,632,-Inf,-Inf,-Inf,-Inf,-Inf,-Inf,-Inf,-Inf,-Inf
633,633,-Inf,-Inf,-Inf,-Inf,-Inf,-Inf,-Inf,-Inf,-Inf,633,633,-Inf,-Inf,-Inf,-Inf,-Inf,-Inf,-Inf,-Inf,-Inf,633,633,-Inf,-Inf,-Inf,-Inf,-Inf,-Inf,-Inf,-Inf,-Inf
634,634,-Inf,-Inf,-Inf,-Inf,-Inf,-Inf,-Inf,-Inf,-Inf,634,634,-Inf,-Inf,-Inf,-Inf,-Inf,-Inf,-Inf,-Inf,-Inf,634,634,-Inf,-Inf,-Inf,-Inf,-Inf,-Inf,-Inf,-Inf,-Inf
635,635,-Inf,-Inf,-Inf,-Inf,-Inf,-Inf,-Inf,-Inf,-Inf,635,635,-Inf,-Inf,-Inf,-Inf,-Inf,-Inf,-Inf,-Inf,-Inf,635,635,-Inf,-Inf,-Inf,-Inf,-Inf,-Inf,-Inf,-Inf,-Inf
636,636,-Inf,-Inf,-Inf,-Inf,-Inf,-Inf,-Inf,-Inf,-Inf,636,636,-Inf,-Inf,-Inf,-Inf,-Inf,-Inf,-Inf,-Inf,-Inf,636,636,-Inf,-Inf,-Inf,-Inf,-Inf,-Inf,-Inf,-Inf,-Inf
637,637,-Inf,-Inf,-Inf,-Inf,-Inf,-Inf,-Inf,-Inf,-Inf,637,637,-Inf,-Inf,-Inf,-Inf,-Inf,-Inf,-Inf,-Inf,-Inf,637,637,-Inf,-Inf,-Inf,-Inf,-Inf,-Inf,-Inf,-Inf,-Inf
638,638,-Inf,-Inf,-Inf,-Inf,-Inf,-Inf,-Inf,-Inf,-Inf,638,638,-Inf,-Inf,-Inf,-Inf,-Inf,-Inf,-Inf,-Inf,-Inf,638,638,-Inf,-Inf,-Inf,-Inf,-Inf,-Inf,-Inf,-Inf,-Inf
639,639,-Inf,-Inf,-Inf,-Inf,-Inf,-Inf,-Inf,-Inf,-Inf,639,639,-Inf,-Inf,-Inf,-Inf,-Inf,-Inf,-Inf,-Inf,-Inf,639,639,-Inf,-Inf,-Inf,-Inf,-Inf,-Inf,-Inf,-Inf,-Inf
640,640,-Inf,-Inf,-Inf,-Inf,-Inf,-Inf,-Inf,-Inf,-Inf,640,640,-Inf,-Inf,-Inf,-Inf,-Inf,-Inf,-Inf,-Inf,-Inf,640,640,-Inf,-Inf,-Inf,-Inf,-Inf,-Inf,-Inf,-Inf,-Inf
641,641,-Inf,-Inf,-Inf,-Inf,-Inf,-Inf,-Inf,-Inf,-Inf,641,641,-Inf,-Inf,-Inf,-Inf,-Inf,-Inf,-Inf,-Inf,-Inf,641,641,-Inf,-Inf,-Inf,-Inf,-Inf,-Inf,-Inf,-Inf,-Inf
642,642,-Inf,-Inf,-Inf,-Inf,-Inf,-Inf,-Inf,-Inf,-Inf,642,642,-Inf,-Inf,-Inf,-Inf,-Inf,-Inf,-Inf,-Inf,-Inf,642,642,-Inf,-Inf,-Inf,-Inf,-Inf,-Inf,-Inf,-Inf,-Inf
643,643,-Inf,-Inf,-Inf,-Inf,-Inf,-Inf,-Inf,-Inf,-Inf,643,643,-Inf,-Inf,-Inf,-Inf,-Inf,-Inf,-Inf,-Inf,-Inf,643,643,-Inf,-Inf,-Inf,-Inf,-Inf,-Inf,-Inf,-Inf,-Inf
644,644,-Inf,-Inf,-Inf,-Inf,-Inf,-Inf,-Inf,-Inf,-Inf,644,644,-Inf,-Inf,-Inf,-Inf,-Inf,-Inf,-Inf,-Inf,-Inf,644,644,-Inf,-Inf,-Inf,-Inf,-Inf,-Inf,-Inf,-Inf,-Inf
645,645,-Inf,-Inf,-Inf,-Inf,-Inf,-Inf,-Inf,-Inf,-Inf,645,645,-Inf,-Inf,-Inf,-Inf,-Inf,-Inf,-Inf,-Inf,-Inf,645,645,-Inf,-Inf,-Inf,-Inf,-Inf,-Inf,-Inf,-Inf,-Inf
646,646,-Inf,-Inf,-Inf,-Inf,-Inf,-Inf,-Inf,-Inf,-Inf,646,646,-Inf,-Inf,-Inf,-Inf,-Inf,-Inf,-Inf,-Inf,-Inf,646,646,-Inf,-Inf,-Inf,-Inf,-Inf,-Inf,-Inf,-Inf,-Inf
647,647,-Inf,-Inf,-Inf,-Inf,-Inf,-Inf,-Inf,-Inf,-Inf,647,647,-Inf,-Inf,-Inf,-Inf,-Inf,-Inf,-Inf,-Inf,-Inf,647,647,-Inf,-Inf,-Inf,-Inf,-Inf,-Inf,-Inf,-Inf,-Inf
648,648,-Inf,-Inf,-Inf,-Inf,-Inf,-Inf,-Inf,-Inf,-Inf,648,648,-Inf,-Inf,-Inf,-Inf,-Inf,-Inf,-Inf,-Inf,-Inf,648,648,-Inf,-Inf,-Inf,-Inf,-Inf,-Inf,-Inf,-Inf,-Inf
649,649,-Inf,-Inf,-Inf,-Inf,-Inf,-Inf,-Inf,-Inf,-Inf,649,649,-Inf,-Inf,-Inf,-Inf,-Inf,-Inf,-Inf,-Inf,-Inf,649,649,-Inf,-Inf,-Inf,-Inf,-Inf,-Inf,-Inf,-Inf,-Inf
650,650,-Inf,-Inf,-Inf,-Inf,-Inf,-Inf,-Inf,-Inf,-Inf,650,650,-Inf,-Inf,-Inf,-Inf,-Inf,-Inf,-Inf,-Inf,-Inf,650,650,-Inf,-Inf,-Inf,-Inf,-Inf,-Inf,-Inf,-Inf,-Inf
651,651,-Inf,-Inf,-Inf,-Inf,-Inf,-Inf,-Inf,-Inf,-Inf,651,651,-Inf,-Inf,-Inf,-Inf,-Inf,-Inf,-Inf,-Inf,-Inf,651,651,-Inf,-Inf,-Inf,-Inf,-Inf,-Inf,-Inf,-Inf,-Inf
652,652,-Inf,-Inf,-Inf,-Inf,-Inf,-Inf,-Inf,-Inf,-Inf,652,652,-Inf,-Inf,-Inf,-Inf,-Inf,-Inf,-Inf,-Inf,-Inf,652,652,-Inf,-Inf,-Inf,-Inf,-Inf,-Inf,-Inf,-Inf,-Inf
653,653,-Inf,-Inf,-Inf,-Inf,-Inf,-Inf,-Inf,-Inf,-Inf,653,653,-Inf,-Inf,-Inf,-Inf,-Inf,-Inf,-Inf,-Inf,-Inf,653,653,-Inf,-Inf,-Inf,-Inf,-Inf,-Inf,-Inf,-Inf,-Inf
654,654,-Inf,-Inf,-Inf,-Inf,-Inf,-Inf,-Inf,-Inf,-Inf,654,654,-Inf,-Inf,-Inf,-Inf,-Inf,-Inf,-Inf,-Inf,-Inf,654,654,-Inf,-Inf,-Inf,-Inf,-Inf,-Inf,-Inf,-Inf,-Inf
655,655,-Inf,-Inf,-Inf,-Inf,-Inf,-Inf,-Inf,-Inf,-Inf,655,655,-Inf,-Inf,-Inf,-Inf,-Inf,-Inf,-Inf,-Inf,-Inf,655,655,-Inf,-Inf,-Inf,-Inf,-Inf,-Inf,-Inf,-Inf,-Inf
656,656,-Inf,-Inf,-Inf,-Inf,-Inf,-Inf,-Inf,-Inf,-Inf,656,656,-Inf,-Inf,-Inf,-Inf,-Inf,-Inf,-Inf,-Inf,-Inf,656,656,-Inf,-Inf,-Inf,-Inf,-Inf,-Inf,-Inf,-Inf,-Inf
657,657,-Inf,-Inf,-Inf,-Inf,-Inf,-Inf,-Inf,-Inf,-Inf,657,657,-Inf,-Inf,-Inf,-Inf,-Inf,-Inf,-Inf,-Inf,-Inf,657,657,-Inf,-Inf,-Inf,-Inf,-Inf,-Inf,-Inf,-Inf,-Inf
658,658,-Inf,-Inf,-Inf,-Inf,-Inf,-Inf,-Inf,-Inf,-Inf,658,658,-Inf,-Inf,-Inf,-Inf,-Inf,-Inf,-Inf,-Inf,-Inf,658,658,-Inf,-Inf,-Inf,-Inf,-Inf,-Inf,-Inf,-Inf,-Inf
659,659,-Inf,-Inf,-Inf,-Inf,-Inf,-Inf,-Inf,-Inf,-Inf,659,659,-Inf,-Inf,-Inf,-Inf,-Inf,-Inf,-Inf,-Inf,-Inf,659,659,-Inf,-Inf,-Inf,-Inf,-Inf,-Inf,-Inf,-Inf,-Inf
660,660,-Inf,-Inf,-Inf,-Inf,-Inf,-Inf,-Inf,-Inf,-Inf,660,660,-Inf,-Inf,-Inf,-Inf,-Inf,-Inf,-Inf,-Inf,-Inf,660,660,-Inf,-Inf,-Inf,-Inf,-Inf,-Inf,-Inf,-Inf,-Inf
661,661,-Inf,-Inf,-Inf,-Inf,-Inf,-Inf,-Inf,-Inf,-Inf,661,661,-Inf,-Inf,-Inf,-Inf,-Inf,-Inf,-Inf,-Inf,-Inf,661,661,-Inf,-Inf,-Inf,-Inf,-Inf,-Inf,-Inf,-Inf,-Inf
662,662,-Inf,-Inf,-Inf,-Inf,-Inf,-Inf,-Inf,-Inf,-Inf,662,662,-Inf,-Inf,-Inf,-Inf,-Inf,-Inf,-Inf,-Inf,-Inf,662,662,-Inf,-Inf,-Inf,-Inf,-Inf,-Inf,-Inf,-Inf,-Inf
663,663,-Inf,-Inf,-Inf,-Inf,-Inf,-Inf,-Inf,-Inf,-Inf,663,663,-Inf,-Inf,-Inf,-Inf,-Inf,-Inf,-Inf,-Inf,-Inf,663,663,-Inf,-Inf,-Inf,-Inf,-Inf,-Inf,-Inf,-Inf,-Inf
664,664,-Inf,-Inf,-Inf,-Inf,-Inf,-Inf,-Inf,-Inf,-Inf,664,664,-Inf,-Inf,-Inf,-Inf,-Inf,-Inf,-Inf,-Inf,-Inf,664,664,-Inf,-Inf,-Inf,-Inf,-Inf,-Inf,-Inf,-Inf,-Inf
665,665,-Inf,-Inf,-Inf,-Inf,-Inf,-Inf,-Inf,-Inf,-Inf,665,665,-Inf,-Inf,-Inf,-Inf,-Inf,-Inf,-Inf,-Inf,-Inf,665,665,-Inf,-Inf,-Inf,-Inf,-Inf,-Inf,-Inf,-Inf,-Inf
666,666,-Inf,-Inf,-Inf,-Inf,-Inf,-Inf,-Inf,-Inf,-Inf,666,666,-Inf,-Inf,-Inf,-Inf,-Inf,-Inf,-Inf,-Inf,-Inf,666,666,-Inf,-Inf,-Inf,-Inf,-Inf,-Inf,-Inf,-Inf,-Inf
667,667,-Inf,-Inf,-Inf,-Inf,-Inf,-Inf,-Inf,-Inf,-Inf,667,667,-Inf,-Inf,-Inf,-Inf,-Inf,-Inf,-Inf,-Inf,-Inf,667,667,-Inf,-Inf,-Inf,-Inf,-Inf,-Inf,-Inf,-Inf,-Inf
668,668,-Inf,-Inf,-Inf,-Inf,-Inf,-Inf,-Inf,-Inf,-Inf,668,668,-Inf,-Inf,-Inf,-Inf,-Inf,-Inf,-Inf,-Inf,-Inf,668,668,-Inf,-Inf,-Inf,-Inf,-Inf,-Inf,-Inf,-Inf,-Inf
669,669,-Inf,-Inf,-Inf,-Inf,-Inf,-Inf,-Inf,-Inf,-Inf,669,669,-Inf,-Inf,-Inf,-Inf,-Inf,-Inf,-Inf,-Inf,-Inf,669,669,-Inf,-Inf,-Inf,-Inf,-Inf,-Inf,-Inf,-Inf,-Inf
670,670,-Inf,-Inf,-Inf,-Inf,-Inf,-Inf,-Inf,-Inf,-Inf,670,670,-Inf,-Inf,-Inf,-Inf,-Inf,-Inf,-Inf,-Inf,-Inf,670,670,-Inf,-Inf,-Inf,-Inf,-Inf,-Inf,-Inf,-Inf,-Inf
671,671,-Inf,-Inf,-Inf,-Inf,-Inf,-Inf,-Inf,-Inf,-Inf,671,671,-Inf,-Inf,-Inf,-Inf,-Inf,-Inf,-Inf,-Inf,-Inf,671,671,-Inf,-Inf,-Inf,-Inf,-Inf,-Inf,-Inf,-Inf,-Inf
672,672,-Inf,-Inf,-Inf,-Inf,-Inf,-Inf,-Inf,-Inf,-Inf,672,672,-Inf,-Inf,-Inf,-Inf,-Inf,-Inf,-Inf,-Inf,-Inf,672,672,-Inf,-Inf,-Inf,-Inf,-Inf,-Inf,-Inf,-Inf,-Inf
673,673,-Inf,-Inf,-Inf,-Inf,-Inf,-Inf,-Inf,-Inf,-Inf,673,673,-Inf,-Inf,-Inf,-Inf,-Inf,-Inf,-Inf,-Inf,-Inf,673,673,-Inf,-Inf,-Inf,-Inf,-Inf,-Inf,-Inf,-Inf,-Inf
674,674,-Inf,-Inf,-Inf,-Inf,-Inf,-Inf,-Inf,-Inf,-Inf,674,674,-Inf,-Inf,-Inf,-Inf,-Inf,-Inf,-Inf,-Inf,-Inf,674,674,-Inf,-Inf,-Inf,-Inf,-Inf,-Inf,-Inf,-Inf,-Inf
675,675,-Inf,-Inf,-Inf,-Inf,-Inf,-Inf,-Inf,-Inf,-Inf,675,675,-Inf,-Inf,-Inf,-Inf,-Inf,-Inf,-Inf,-Inf,-Inf,675,675,-Inf,-Inf,-Inf,-Inf,-Inf,-Inf,-Inf,-Inf,-Inf
676,676,-Inf,-Inf,-Inf,-Inf,-Inf,-Inf,-Inf,-Inf,-Inf,676,676,-Inf,-Inf,-Inf,-Inf,-Inf,-Inf,-Inf,-Inf,-Inf,676,676,-Inf,-Inf,-Inf,-Inf,-Inf,-Inf,-Inf,-Inf,-Inf
677,677,-Inf,-Inf,-Inf,-Inf,-Inf,-Inf,-Inf,-Inf,-Inf,677,677,-Inf,-Inf,-Inf,-Inf,-Inf,-Inf,-Inf,-Inf,-Inf,677,677,-Inf,-Inf,-Inf,-Inf,-Inf,-Inf,-Inf,-Inf,-Inf
678,678,-Inf,-Inf,-Inf,-Inf,-Inf,-Inf,-Inf,-Inf,-Inf,678,678,-Inf,-Inf,-Inf,-Inf,-Inf,-Inf,-Inf,-Inf,-Inf,678,678,-Inf,-Inf,-Inf,-Inf,-Inf,-Inf,-Inf,-Inf,-Inf
679,679,-Inf,-Inf,-Inf,-Inf,-Inf,-Inf,-Inf,-Inf,-Inf,679,679,-Inf,-Inf,-Inf,-Inf,-Inf,-Inf,-Inf,-Inf,-Inf,679,679,-Inf,-Inf,-Inf,-Inf,-Inf,-Inf,-Inf,-Inf,-Inf
680,680,-Inf,-Inf,-Inf,-Inf,-Inf,-Inf,-Inf,-Inf,-Inf,680,680,-Inf,-Inf,-Inf,-Inf,-Inf,-Inf,-Inf,-Inf,-Inf,680,680,-Inf,-Inf,-Inf,-Inf,-Inf,-Inf,-Inf,-Inf,-Inf
681,681,-Inf,-Inf,-Inf,-Inf,-Inf,-Inf,-Inf,-Inf,-Inf,681,681,-Inf,-Inf,-Inf,-Inf,-Inf,-Inf,-Inf,-Inf,-Inf,681,681,-Inf,-Inf,-Inf,-Inf,-Inf,-Inf,-Inf,-Inf,-Inf
682,682,-Inf,-Inf,-Inf,-Inf,-Inf,-Inf,-Inf,-Inf,-Inf,682,682,-Inf,-Inf,-Inf,-Inf,-Inf,-Inf,-Inf,-Inf,-Inf,682,682,-Inf,-Inf,-Inf,-Inf,-Inf,-Inf,-Inf,-Inf,-Inf
683,683,-Inf,-Inf,-Inf,-Inf,-Inf,-Inf,-Inf,-Inf,-Inf,683,683,-Inf,-Inf,-Inf,-Inf,-Inf,-Inf,-Inf,-Inf,-Inf,683,683,-Inf,-Inf,-Inf,-Inf,-Inf,-Inf,-Inf,-Inf,-Inf
684,684,-Inf,-Inf,-Inf,-Inf,-Inf,-Inf,-Inf,-Inf,-Inf,684,684,-Inf,-Inf,-Inf,-Inf,-Inf,-Inf,-Inf,-Inf,-Inf,684,684,-Inf,-Inf,-Inf,-Inf,-Inf,-Inf,-Inf,-Inf,-Inf
685,685,-Inf,-Inf,-Inf,-Inf,-Inf,-Inf,-Inf,-Inf,-Inf,685,685,-Inf,-Inf,-Inf,-Inf,-Inf,-Inf,-Inf,-Inf,-Inf,685,685,-Inf,-Inf,-Inf,-Inf,-Inf,-Inf,-Inf,-Inf,-Inf
686,686,-Inf,-Inf,-Inf,-Inf,-Inf,-Inf,-Inf,-Inf,-Inf,686,686,-Inf,-Inf,-Inf,-Inf,-Inf,-Inf,-Inf,-Inf,-Inf,686,686,-Inf,-Inf,-Inf,-Inf,-Inf,-Inf,-Inf,-Inf,-Inf
687,687,-Inf,-Inf,-Inf,-Inf,-Inf,-Inf,-Inf,-Inf,-Inf,687,687,-Inf,-Inf,-Inf,-Inf,-Inf,-Inf,-Inf,-Inf,-Inf,687,687,-Inf,-Inf,-Inf,-Inf,-Inf,-Inf,-Inf,-Inf,-Inf
688,688,-Inf,-Inf,-Inf,-Inf,-Inf,-Inf,-Inf,-Inf,-Inf,688,688,-Inf,-Inf,-Inf,-Inf,-Inf,-Inf,-Inf,-Inf,-Inf,688,688,-Inf,-Inf,-Inf,-Inf,-Inf,-Inf,-Inf,-Inf,-Inf
689,689,-Inf,-Inf,-Inf,-Inf,-Inf,-Inf,-Inf,-Inf,-Inf,689,689,-Inf,-Inf,-Inf,-Inf,-Inf,-Inf,-Inf,-Inf,-Inf,689,689,-Inf,-Inf,-Inf,-Inf,-Inf,-Inf,-Inf,-Inf,-Inf
690,690,-Inf,-Inf,-Inf,-Inf,-Inf,-Inf,-Inf,-Inf,-Inf,690,690,-Inf,-Inf,-Inf,-Inf,-Inf,-Inf,-Inf,-Inf,-Inf,690,690,-Inf,-Inf,-Inf,-Inf,-Inf,-Inf,-Inf,-Inf,-Inf
691,691,-Inf,-Inf,-Inf,-Inf,-Inf,-Inf,-Inf,-Inf,-Inf,691,691,-Inf,-Inf,-Inf,-Inf,-Inf,-Inf,-Inf,-Inf,-Inf,691,691,-Inf,-Inf,-Inf,-Inf,-Inf,-Inf,-Inf,-Inf,-Inf
692,692,-Inf,-Inf,-Inf,-Inf,-Inf,-Inf,-Inf,-Inf,-Inf,692,692,-Inf,-Inf,-Inf,-Inf,-Inf,-Inf,-Inf,-Inf,-Inf,692,692,-Inf,-Inf,-Inf,-Inf,-Inf,-Inf,-Inf,-Inf,-Inf
693,693,-Inf,-Inf,-Inf,-Inf,-Inf,-Inf,-Inf,-Inf,-Inf,693,693,-Inf,-Inf,-Inf,-Inf,-Inf,-Inf,-Inf,-Inf,-Inf,693,693,-Inf,-Inf,-Inf,-Inf,-Inf,-Inf,-Inf,-Inf,-Inf
694,694,-Inf,-Inf,-Inf,-Inf,-Inf,-Inf,-Inf,-Inf,-Inf,694,694,-Inf,-Inf,-Inf,-Inf,-Inf,-Inf,-Inf,-Inf,-Inf,694,694,-Inf,-Inf,-Inf,-Inf,-Inf,-Inf,-Inf,-Inf,-Inf
695,695,-Inf,-Inf,-Inf,-Inf,-Inf,-Inf,-Inf,-Inf,-Inf,695,695,-Inf,-Inf,-Inf,-Inf,-Inf,-Inf,-Inf,-Inf,-Inf,695,695,-Inf,-Inf,-Inf,-Inf,-Inf,-Inf,-Inf,-Inf,-Inf
696,696,-Inf,-Inf,-Inf,-Inf,-Inf,-Inf,-Inf,-Inf,-Inf,696,696,-Inf,-Inf,-Inf,-Inf,-Inf,-Inf,-Inf,-Inf,-Inf,696,696,-Inf,-Inf,-Inf,-Inf,-Inf,-Inf,-Inf,-Inf,-Inf
697,697,-Inf,-Inf,-Inf,-Inf,-Inf,-Inf,-Inf,-Inf,-Inf,697,697,-Inf,-Inf,-Inf,-Inf,-Inf,-Inf,-Inf,-Inf,-Inf,697,697,-Inf,-Inf,-Inf,-Inf,-Inf,-Inf,-Inf,-Inf,-Inf
698,698,-Inf,-Inf,-Inf,-Inf,-Inf,-Inf,-Inf,-Inf,-Inf,698,698,-Inf,-Inf,-Inf,-Inf,-Inf,-Inf,-Inf,-Inf,-Inf,698,698,-Inf,-Inf,-Inf,-Inf,-Inf,-Inf,-Inf,-Inf,-Inf
699,699,-Inf,-Inf,-Inf,-Inf,-Inf,-Inf,-Inf,-Inf,-Inf,699,699,-Inf,-Inf,-Inf,-Inf,-Inf,-Inf,-Inf,-Inf,-Inf,699,699,-Inf,-Inf,-Inf,-Inf,-Inf,-Inf,-Inf,-Inf,-Inf
700,700,-Inf,-Inf,-Inf,-Inf,-Inf,-Inf,-Inf,-Inf,-Inf,700,700,-Inf,-Inf,-Inf,-Inf,-Inf,-Inf,-Inf,-Inf,-Inf,700,700,-Inf,-Inf,-Inf,-Inf,-Inf,-Inf,-Inf,-Inf,-Inf
701,701,-Inf,-Inf,-Inf,-Inf,-Inf,-Inf,-Inf,-Inf,-Inf,701,701,-Inf,-Inf,-Inf,-Inf,-Inf,-Inf,-Inf,-Inf,-Inf,701,701,-Inf,-Inf,-Inf,-Inf,-Inf,-Inf,-Inf,-Inf,-Inf
702,702,-Inf,-Inf,-Inf,-Inf,-Inf,-Inf,-Inf,-Inf,-Inf,702,702,-Inf,-Inf,-Inf,-Inf,-Inf,-Inf,-Inf,-Inf,-Inf,702,702,-Inf,-Inf,-Inf,-Inf,-Inf,-Inf,-Inf,-Inf,-Inf
703,703,-Inf,-Inf,-Inf,-Inf,-Inf,-Inf,-Inf,-Inf,-Inf,703,703,-Inf,-Inf,-Inf,-Inf,-Inf,-Inf,-Inf,-Inf,-Inf,703,703,-Inf,-Inf,-Inf,-Inf,-Inf,-Inf,-Inf,-Inf,-Inf
704,704,-Inf,-Inf,-Inf,-Inf,-Inf,-Inf,-Inf,-Inf,-Inf,704,704,-Inf,-Inf,-Inf,-Inf,-Inf,-Inf,-Inf,-Inf,-Inf,704,704,-Inf,-Inf,-Inf,-Inf,-Inf,-Inf,-Inf,-Inf,-Inf
705,705,-Inf,-Inf,-Inf,-Inf,-Inf,-Inf,-Inf,-Inf,-Inf,705,705,-Inf,-Inf,-Inf,-Inf,-Inf,-Inf,-Inf,-Inf,-Inf,705,705,-Inf,-Inf,-Inf,-Inf,-Inf,-Inf,-Inf,-Inf,-Inf
706,706,-Inf,-Inf,-Inf,-Inf,-Inf,-Inf,-Inf,-Inf,-Inf,706,706,-Inf,-Inf,-Inf,-Inf,-Inf,-Inf,-Inf,-Inf,-Inf,706,706,-Inf,-Inf,-Inf,-Inf,-Inf,-Inf,-Inf,-Inf,-Inf
707,707,-Inf,-Inf,-Inf,-Inf,-Inf,-Inf,-Inf,-Inf,-Inf,707,707,-Inf,-Inf,-Inf,-Inf,-Inf,-Inf,-Inf,-Inf,-Inf,707,707,-Inf,-Inf,-Inf,-Inf,-Inf,-Inf,-Inf,-Inf,-Inf
708,708,-Inf,-Inf,-Inf,-Inf,-Inf,-Inf,-Inf,-Inf,-Inf,708,708,-Inf,-Inf,-Inf,-Inf,-Inf,-Inf,-Inf,-Inf,-Inf,708,708,-Inf,-Inf,-Inf,-Inf,-Inf,-Inf,-Inf,-Inf,-Inf
709,709,-Inf,-Inf,-Inf,-Inf,-Inf,-Inf,-Inf,-Inf,-Inf,709,709,-Inf,-Inf,-Inf,-Inf,-Inf,-Inf,-Inf,-Inf,-Inf,709,709,-Inf,-Inf,-Inf,-Inf,-Inf,-Inf,-Inf,-Inf,-Inf
710,710,-Inf,-Inf,-Inf,-Inf,-Inf,-Inf,-Inf,-Inf,-Inf,710,710,-Inf,-Inf,-Inf,-Inf,-Inf,-Inf,-Inf,-Inf,-Inf,710,710,-Inf,-Inf,-Inf,-Inf,-Inf,-Inf,-Inf,-Inf,-Inf
711,711,-Inf,-Inf,-Inf,-Inf,-Inf,-Inf,-Inf,-Inf,-Inf,711,711,-Inf,-Inf,-Inf,-Inf,-Inf,-Inf,-Inf,-Inf,-Inf,711,711,-Inf,-Inf,-Inf,-Inf,-Inf,-Inf,-Inf,-Inf,-Inf
712,712,-Inf,-Inf,-Inf,-Inf,-Inf,-Inf,-Inf,-Inf,-Inf,712,712,-Inf,-Inf,-Inf,-Inf,-Inf,-Inf,-Inf,-Inf,-Inf,712,712,-Inf,-Inf,-Inf,-Inf,-Inf,-Inf,-Inf,-Inf,-Inf
713,713,-Inf,-Inf,-Inf,-Inf,-Inf,-Inf,-Inf,-Inf,-Inf,713,713,-Inf,-Inf,-Inf,-Inf,-Inf,-Inf,-Inf,-Inf,-Inf,713,713,-Inf,-Inf,-Inf,-Inf,-Inf,-Inf,-Inf,-Inf,-Inf
714,714,-Inf,-Inf,-Inf,-Inf,-Inf,-Inf,-Inf,-Inf,-Inf,714,714,-Inf,-Inf,-Inf,-Inf,-Inf,-Inf,-Inf,-Inf,-Inf,714,714,-Inf,-Inf,-Inf,-Inf,-Inf,-Inf,-Inf,-Inf,-Inf
715,715,-Inf,-Inf,-Inf,-Inf,-Inf,-Inf,-Inf,-Inf,-Inf,715,715,-Inf,-Inf,-Inf,-Inf,-Inf,-Inf,-Inf,-Inf,-Inf,715,715,-Inf,-Inf,-Inf,-Inf,-Inf,-Inf,-Inf,-Inf,-Inf
716,716,-Inf,-Inf,-Inf,-Inf,-Inf,-Inf,-Inf,-Inf,-Inf,716,716,-Inf,-Inf,-Inf,-Inf,-Inf,-Inf,-Inf,-Inf,-Inf,716,716,-Inf,-Inf,-Inf,-Inf,-Inf,-Inf,-Inf,-Inf,-Inf
717,717,-Inf,-Inf,-Inf,-Inf,-Inf,-Inf,-Inf,-Inf,-Inf,717,717,-Inf,-Inf,-Inf,-Inf,-Inf,-Inf,-Inf,-Inf,-Inf,717,717,-Inf,-Inf,-Inf,-Inf,-Inf,-Inf,-Inf,-Inf,-Inf
718,718,-Inf,-Inf,-Inf,-Inf,-Inf,-Inf,-Inf,-Inf,-Inf,718,718,-Inf,-Inf,-Inf,-Inf,-Inf,-Inf,-Inf,-Inf,-Inf,718,718,-Inf,-Inf,-Inf,-Inf,-Inf,-Inf,-Inf,-Inf,-Inf
719,719,-Inf,-Inf,-Inf,-Inf,-Inf,-Inf,-Inf,-Inf,-Inf,719,719,-Inf,-Inf,-Inf,-Inf,-Inf,-Inf,-Inf,-Inf,-Inf,719,719,-Inf,-Inf,-Inf,-Inf,-Inf,-Inf,-Inf,-Inf,-Inf
720,720,-Inf,-Inf,-Inf,-Inf,-Inf,-Inf,-Inf,-Inf,-Inf,720,720,-Inf,-Inf,-Inf,-Inf,-Inf,-Inf,-Inf,-Inf,-Inf,720,720,-Inf,-Inf,-Inf,-Inf,-Inf,-Inf,-Inf,-Inf,-Inf
721,721,-Inf,-Inf,-Inf,-Inf,-Inf,-Inf,-Inf,-Inf,-Inf,721,721,-Inf,-Inf,-Inf,-Inf,-Inf,-Inf,-Inf,-Inf,-Inf,721,721,-Inf,-Inf,-Inf,-Inf,-Inf,-Inf,-Inf,-Inf,-Inf
722,722,-Inf,-Inf,-Inf,-Inf,-Inf,-Inf,-Inf,-Inf,-Inf,722,722,-Inf,-Inf,-Inf,-Inf,-Inf,-Inf,-Inf,-Inf,-Inf,722,722,-Inf,-Inf,-Inf,-Inf,-Inf,-Inf,-Inf,-Inf,-Inf
723,723,-Inf,-Inf,-Inf,-Inf,-Inf,-Inf,-Inf,-Inf,-Inf,723,723,-Inf,-Inf,-Inf,-Inf,-Inf,-Inf,-Inf,-Inf,-Inf,723,723,-Inf,-Inf,-Inf,-Inf,-Inf,-Inf,-Inf,-Inf,-Inf
724,724,-Inf,-Inf,-Inf,-Inf,-Inf,-Inf,-Inf,-Inf,-Inf,724,724,-Inf,-Inf,-Inf,-Inf,-Inf,-Inf,-Inf,-Inf,-Inf,724,724,-Inf,-Inf,-Inf,-Inf,-Inf,-Inf,-Inf,-Inf,-Inf
725,725,-Inf,-Inf,-Inf,-Inf,-Inf,-Inf,-Inf,-Inf,-Inf,725,725,-Inf,-Inf,-Inf,-Inf,-Inf,-Inf,-Inf,-Inf,-Inf,725,725,-Inf,-Inf,-Inf,-Inf,-Inf,-Inf,-Inf,-Inf,-Inf
726,726,-Inf,-Inf,-Inf,-Inf,-Inf,-Inf,-Inf,-Inf,-Inf,726,726,-Inf,-Inf,-Inf,-Inf,-Inf,-Inf,-Inf,-Inf,-Inf,726,726,-Inf,-Inf,-Inf,-Inf,-Inf,-Inf,-Inf,-Inf,-Inf
727,727,-Inf,-Inf,-Inf,-Inf,-Inf,-Inf,-Inf,-Inf,-Inf,727,727,-Inf,-Inf,-Inf,-Inf,-Inf,-Inf,-Inf,-Inf,-Inf,727,727,-Inf,-Inf,-Inf,-Inf,-Inf,-Inf,-Inf,-Inf,-Inf
728,728,-Inf,-Inf,-Inf,-Inf,-Inf,-Inf,-Inf,-Inf,-Inf,728,728,-Inf,-Inf,-Inf,-Inf,-Inf,-Inf,-Inf,-Inf,-Inf,728,728,-Inf,-Inf,-Inf,-Inf,-Inf,-Inf,-Inf,-Inf,-Inf
729,729,-Inf,-Inf,-Inf,-Inf,-Inf,-Inf,-Inf,-Inf,-Inf,729,729,-Inf,-Inf,-Inf,-Inf,-Inf,-Inf,-Inf,-Inf,-Inf,729,729,-Inf,-Inf,-Inf,-Inf,-Inf,-Inf,-Inf,-Inf,-Inf
730,730,-Inf,-Inf,-Inf,-Inf,-Inf,-Inf,-Inf,-Inf,-Inf,730,730,-Inf,-Inf,-Inf,-Inf,-Inf,-Inf,-Inf,-Inf,-Inf,730,730,-Inf,-Inf,-Inf,-Inf,-Inf,-Inf,-Inf,-Inf,-Inf
731,731,-Inf,-Inf,-Inf,-Inf,-Inf,-Inf,-Inf,-Inf,-Inf,731,731,-Inf,-Inf,-Inf,-Inf,-Inf,-Inf,-Inf,-Inf,-Inf,731,731,-Inf,-Inf,-Inf,-Inf,-Inf,-Inf,-Inf,-Inf,-Inf
732,732,-Inf,-Inf,-Inf,-Inf,-Inf,-Inf,-Inf,-Inf,-Inf,732,732,-Inf,-Inf,-Inf,-Inf,-Inf,-Inf,-Inf,-Inf,-Inf,732,732,-Inf,-Inf,-Inf,-Inf,-Inf,-Inf,-Inf,-Inf,-Inf
733,733,-Inf,-Inf,-Inf,-Inf,-Inf,-Inf,-Inf,-Inf,-Inf,733,733,-Inf,-Inf,-Inf,-Inf,-Inf,-Inf,-Inf,-Inf,-Inf,733,733,-Inf,-Inf,-Inf,-Inf,-Inf,-Inf,-Inf,-Inf,-Inf
734,734,-Inf,-Inf,-Inf,-Inf,-Inf,-Inf,-Inf,-Inf,-Inf,734,734,-Inf,-Inf,-Inf,-Inf,-Inf,-Inf,-Inf,-Inf,-Inf,734,734,-Inf,-Inf,-Inf,-Inf,-Inf,-Inf,-Inf,-Inf,-Inf
735,735,-Inf,-Inf,-Inf,-Inf,-Inf,-Inf,-Inf,-Inf,-Inf,735,735,-Inf,-Inf,-Inf,-Inf,-Inf,-Inf,-Inf,-Inf,-Inf,735,735,-Inf,-Inf,-Inf,-Inf,-Inf,-Inf,-Inf,-Inf,-Inf
736,736,-Inf,-Inf,-Inf,-Inf,-Inf,-Inf,-Inf,-Inf,-Inf,736,736,-Inf,-Inf,-Inf,-Inf,-Inf,-Inf,-Inf,-Inf,-Inf,736,736,-Inf,-Inf,-Inf,-Inf,-Inf,-Inf,-Inf,-Inf,-Inf
737,737,-Inf,-Inf,-Inf,-Inf,-Inf,-Inf,-Inf,-Inf,-Inf,737,737,-Inf,-Inf,-Inf,-Inf,-Inf,-Inf,-Inf,-Inf,-Inf,737,737,-Inf,-Inf,-Inf,-Inf,-Inf,-Inf,-Inf,-Inf,-Inf
738,738,-Inf,-Inf,-Inf,-Inf,-Inf,-Inf,-Inf,-Inf,-Inf,738,738,-Inf,-Inf,-Inf,-Inf,-Inf,-Inf,-Inf,-Inf,-Inf,738,738,-Inf,-Inf,-Inf,-Inf,-Inf,-Inf,-Inf,-Inf,-Inf
739,739,-Inf,-Inf,-Inf,-Inf,-Inf,-Inf,-Inf,-Inf,-Inf,739,739,-Inf,-Inf,-Inf,-Inf,-Inf,-Inf,-Inf,-Inf,-Inf,739,739,-Inf,-Inf,-Inf,-Inf,-Inf,-Inf,-Inf,-Inf,-Inf
740,740,-Inf,-Inf,-Inf,-Inf,-Inf,-Inf,-Inf,-Inf,-Inf,740,740,-Inf,-Inf,-Inf,-Inf,-Inf,-Inf,-Inf,-Inf,-Inf,740,740,-Inf,-Inf,-Inf,-Inf,-Inf,-Inf,-Inf,-Inf,-Inf
741,741,-Inf,-Inf,-Inf,-Inf,-Inf,-Inf,-Inf,-Inf,-Inf,741,741,-Inf,-Inf,-Inf,-Inf,-Inf,-Inf,-Inf,-Inf,-Inf,741,741,-Inf,-Inf,-Inf,-Inf,-Inf,-Inf,-Inf,-Inf,-Inf
742,742,-Inf,-Inf,-Inf,-Inf,-Inf,-Inf,-Inf,-Inf,-Inf,742,742,-Inf,-Inf,-Inf,-Inf,-Inf,-Inf,-Inf,-Inf,-Inf,742,742,-Inf,-Inf,-Inf,-Inf,-Inf,-Inf,-Inf,-Inf,-Inf
743,743,-Inf,-Inf,-Inf,-Inf,-Inf,-Inf,-Inf,-Inf,-Inf,743,743,-Inf,-Inf,-Inf,-Inf,-Inf,-Inf,-Inf,-Inf,-Inf,743,743,-Inf,-Inf,-Inf,-Inf,-Inf,-Inf,-Inf,-Inf,-Inf
744,744,-Inf,-Inf,-Inf,-Inf,-Inf,-Inf,-Inf,-Inf,-Inf,744,744,-Inf,-Inf,-Inf,-Inf,-Inf,-Inf,-Inf,-Inf,-Inf,744,744,-Inf,-Inf,-Inf,-Inf,-Inf,-Inf,-Inf,-Inf,-Inf
745,745,-Inf,-Inf,-Inf,-Inf,-Inf,-Inf,-Inf,-Inf,-Inf,745,745,-Inf,-Inf,-Inf,-Inf,-Inf,-Inf,-Inf,-Inf,-Inf,745,745,-Inf,-Inf,-Inf,-Inf,-Inf,-Inf,-Inf,-Inf,-Inf
746,746,-Inf,-Inf,-Inf,-Inf,-Inf,-Inf,-Inf,-Inf,-Inf,746,746,-Inf,-Inf,-Inf,-Inf,-Inf,-Inf,-Inf,-Inf,-Inf,746,746,-Inf,-Inf,-Inf,-Inf,-Inf,-Inf,-Inf,-Inf,-Inf
747,747,-Inf,-Inf,-Inf,-Inf,-Inf,-Inf,-Inf,-Inf,-Inf,747,747,-Inf,-Inf,-Inf,-Inf,-Inf,-Inf,-Inf,-Inf,-Inf,747,747,-Inf,-Inf,-Inf,-Inf,-Inf,-Inf,-Inf,-Inf,-Inf
748,748,-Inf,-Inf,-Inf,-Inf,-Inf,-Inf,-Inf,-Inf,-Inf,748,748,-Inf,-Inf,-Inf,-Inf,-Inf,-Inf,-Inf,-Inf,-Inf,748,748,-Inf,-Inf,-Inf,-Inf,-Inf,-Inf,-Inf,-Inf,-Inf
749,749,-Inf,-Inf,-Inf,-Inf,-Inf,-Inf,-Inf,-Inf,-Inf,749,749,-Inf,-Inf,-Inf,-Inf,-Inf,-Inf,-Inf,-Inf,-Inf,749,749,-Inf,-Inf,-Inf,-Inf,-Inf,-Inf,-Inf,-Inf,-Inf
750,750,-Inf,-Inf,-Inf,-Inf,-Inf,-Inf,-Inf,-Inf,-Inf,750,750,-Inf,-Inf,-Inf,-Inf,-Inf,-Inf,-Inf,-Inf,-Inf,750,750,-Inf,-Inf,-Inf,-Inf,-Inf,-Inf,-Inf,-Inf,-Inf
751,751,-Inf,-Inf,-Inf,-Inf,-Inf,-Inf,-Inf,-Inf,-Inf,751,751,-Inf,-Inf,-Inf,-Inf,-Inf,-Inf,-Inf,-Inf,-Inf,751,751,-Inf,-Inf,-Inf,-Inf,-Inf,-Inf,-Inf,-Inf,-Inf
752,752,-Inf,-Inf,-Inf,-Inf,-Inf,-Inf,-Inf,-Inf,-Inf,752,752,-Inf,-Inf,-Inf,-Inf,-Inf,-Inf,-Inf,-Inf,-Inf,752,752,-Inf,-Inf,-Inf,-Inf,-Inf,-Inf,-Inf,-Inf,-Inf
753,753,-Inf,-Inf,-Inf,-Inf,-Inf,-Inf,-Inf,-Inf,-Inf,753,753,-Inf,-Inf,-Inf,-Inf,-Inf,-Inf,-Inf,-Inf,-Inf,753,753,-Inf,-Inf,-Inf,-Inf,-Inf,-Inf,-Inf,-Inf,-Inf
754,754,-Inf,-Inf,-Inf,-Inf,-Inf,-Inf,-Inf,-Inf,-Inf,754,754,-Inf,-Inf,-Inf,-Inf,-Inf,-Inf,-Inf,-Inf,-Inf,754,754,-Inf,-Inf,-Inf,-Inf,-Inf,-Inf,-Inf,-Inf,-Inf
755,755,-Inf,-Inf,-Inf,-Inf,-Inf,-Inf,-Inf,-Inf,-Inf,755,755,-Inf,-Inf,-Inf,-Inf,-Inf,-Inf,-Inf,-Inf,-Inf,755,755,-Inf,-Inf,-Inf,-Inf,-Inf,-Inf,-Inf,-Inf,-Inf
756,756,-Inf,-Inf,-Inf,-Inf,-Inf,-Inf,-Inf,-Inf,-Inf,756,756,-Inf,-Inf,-Inf,-Inf,-Inf,-Inf,-Inf,-Inf,-Inf,756,756,-Inf,-Inf,-Inf,-Inf,-Inf,-Inf,-Inf,-Inf,-Inf
757,757,-Inf,-Inf,-Inf,-Inf,-Inf,-Inf,-Inf,-Inf,-Inf,757,757,-Inf,-Inf,-Inf,-Inf,-Inf,-Inf,-Inf,-Inf,-Inf,757,757,-Inf,-Inf,-Inf,-Inf,-Inf,-Inf,-Inf,-Inf,-Inf
758,758,-Inf,-Inf,-Inf,-Inf,-Inf,-Inf,-Inf,-Inf,-Inf,758,758,-Inf,-Inf,-Inf,-Inf,-Inf,-Inf,-Inf,-Inf,-Inf,758,758,-Inf,-Inf,-Inf,-Inf,-Inf,-Inf,-Inf,-Inf,-Inf
759,759,-Inf,-Inf,-Inf,-Inf,-Inf,-Inf,-Inf,-Inf,-Inf,759,759,-Inf,-Inf,-Inf,-Inf,-Inf,-Inf,-Inf,-Inf,-Inf,759,759,-Inf,-Inf,-Inf,-Inf,-Inf,-Inf,-Inf,-Inf,-Inf
760,760,-Inf,-Inf,-Inf,-Inf,-Inf,-Inf,-Inf,-Inf,-Inf,760,760,-Inf,-Inf,-Inf,-Inf,-Inf,-Inf,-Inf,-Inf,-Inf,760,760,-Inf,-Inf,-Inf,-Inf,-Inf,-Inf,-Inf,-Inf,-Inf
761,761,-Inf,-Inf,-Inf,-Inf,-Inf,-Inf,-Inf,-Inf,-Inf,761,761,-Inf,-Inf,-Inf,-Inf,-Inf,-Inf,-Inf,-Inf,-Inf,761,761,-Inf,-Inf,-Inf,-Inf,-Inf,-Inf,-Inf,-Inf,-Inf
762,762,-Inf,-Inf,-Inf,-Inf,-Inf,-Inf,-Inf,-Inf,-Inf,762,762,-Inf,-Inf,-Inf,-Inf,-Inf,-Inf,-Inf,-Inf,-Inf,762,762,-Inf,-Inf,-Inf,-Inf,-Inf,-Inf,-Inf,-Inf,-Inf
763,763,-Inf,-Inf,-Inf,-Inf,-Inf,-Inf,-Inf,-Inf,-Inf,763,763,-Inf,-Inf,-Inf,-Inf,-Inf,-Inf,-Inf,-Inf,-Inf,763,763,-Inf,-Inf,-Inf,-Inf,-Inf,-Inf,-Inf,-Inf,-Inf
764,764,-Inf,-Inf,-Inf,-Inf,-Inf,-Inf,-Inf,-Inf,-Inf,764,764,-Inf,-Inf,-Inf,-Inf,-Inf,-Inf,-Inf,-Inf,-Inf,764,764,-Inf,-Inf,-Inf,-Inf,-Inf,-Inf,-Inf,-Inf,-Inf
765,765,-Inf,-Inf,-Inf,-Inf,-Inf,-Inf,-Inf,-Inf,-Inf,765,765,-Inf,-Inf,-Inf,-Inf,-Inf,-Inf,-Inf,-Inf,-Inf,765,765,-Inf,-Inf,-Inf,-Inf,-Inf,-Inf,-Inf,-Inf,-Inf
766,766,-Inf,-Inf,-Inf,-Inf,-Inf,-Inf,-Inf,-Inf,-Inf,766,766,-Inf,-Inf,-Inf,-Inf,-Inf,-Inf,-Inf,-Inf,-Inf,766,766,-Inf,-Inf,-Inf,-Inf,-Inf,-Inf,-Inf,-Inf,-Inf
767,767,-Inf,-Inf,-Inf,-Inf,-Inf,-Inf,-Inf,-Inf,-Inf,767,767,-Inf,-Inf,-Inf,-Inf,-Inf,-Inf,-Inf,-Inf,-Inf,767,767,-Inf,-Inf,-Inf,-Inf,-Inf,-Inf,-Inf,-Inf,-Inf
768,768,-Inf,-Inf,-Inf,-Inf,-Inf,-Inf,-Inf,-Inf,-Inf,768,768,-Inf,-Inf,-Inf,-Inf,-Inf,-Inf,-Inf,-Inf,-Inf,768,768,-Inf,-Inf,-Inf,-Inf,-Inf,-Inf,-Inf,-Inf,-Inf
769,769,-Inf,-Inf,-Inf,-Inf,-Inf,-Inf,-Inf,-Inf,-Inf,769,769,-Inf,-Inf,-Inf,-Inf,-Inf,-Inf,-Inf,-Inf,-Inf,769,769,-Inf,-Inf,-Inf,-Inf,-Inf,-Inf,-Inf,-Inf,-Inf
770,770,-Inf,-Inf,-Inf,-Inf,-Inf,-Inf,-Inf,-Inf,-Inf,770,770,-Inf,-Inf,-Inf,-Inf,-Inf,-Inf,-Inf,-Inf,-Inf,770,770,-Inf,-Inf,-Inf,-Inf,-Inf,-Inf,-Inf,-Inf,-Inf
771,771,-Inf,-Inf,-Inf,-Inf,-Inf,-Inf,-Inf,-Inf,-Inf,771,771,-Inf,-Inf,-Inf,-Inf,-Inf,-Inf,-Inf,-Inf,-Inf,771,771,-Inf,-Inf,-Inf,-Inf,-Inf,-Inf,-Inf,-Inf,-Inf
772,772,-Inf,-Inf,-Inf,-Inf,-Inf,-Inf,-Inf,-Inf,-Inf,772,772,-Inf,-Inf,-Inf,-Inf,-Inf,-Inf,-Inf,-Inf,-Inf,772,772,-Inf,-Inf,-Inf,-Inf,-Inf,-Inf,-Inf,-Inf,-Inf
773,773,-Inf,-Inf,-Inf,-Inf,-Inf,-Inf,-Inf,-Inf,-Inf,773,773,-Inf,-Inf,-Inf,-Inf,-Inf,-Inf,-Inf,-Inf,-Inf,773,773,-Inf,-Inf,-Inf,-Inf,-Inf,-Inf,-Inf,-Inf,-Inf
774,774,-Inf,-Inf,-Inf,-Inf,-Inf,-Inf,-Inf,-Inf,-Inf,774,774,-Inf,-Inf,-Inf,-Inf,-Inf,-Inf,-Inf,-Inf,-Inf,774,774,-Inf,-Inf,-Inf,-Inf,-Inf,-Inf,-Inf,-Inf,-Inf
775,775,-Inf,-Inf,-Inf,-Inf,-Inf,-Inf,-Inf,-Inf,-Inf,775,775,-Inf,-Inf,-Inf,-Inf,-Inf,-Inf,-Inf,-Inf,-Inf,775,775,-Inf,-Inf,-Inf,-Inf,-Inf,-Inf,-Inf,-Inf,-Inf
776,776,-Inf,-Inf,-Inf,-Inf,-Inf,-Inf,-Inf,-Inf,-Inf,776,776,-Inf,-Inf,-Inf,-Inf,-Inf,-Inf,-Inf,-Inf,-Inf,776,776,-Inf,-Inf,-Inf,-Inf,-Inf,-Inf,-Inf,-Inf,-Inf
777,777,-Inf,-Inf,-Inf,-Inf,-Inf,-Inf,-Inf,-Inf,-Inf,777,777,-Inf,-Inf,-Inf,-Inf,-Inf,-Inf,-Inf,-Inf,-Inf,777,777,-Inf,-Inf,-Inf,-Inf,-Inf,-Inf,-Inf,-Inf,-Inf
778,778,-Inf,-Inf,-Inf,-Inf,-Inf,-Inf,-Inf,-Inf,-Inf,778,778,-Inf,-Inf,-Inf,-Inf,-Inf,-Inf,-Inf,-Inf,-Inf,778,778,-Inf,-Inf,-Inf,-Inf,-Inf,-Inf,-Inf,-Inf,-Inf
779,779,-Inf,-Inf,-Inf,-Inf,-Inf,-Inf,-Inf,-Inf,-Inf,779,779,-Inf,-Inf,-Inf,-Inf,-Inf,-Inf,-Inf,-Inf,-Inf,779,779,-Inf,-Inf,-Inf,-Inf,-Inf,-Inf,-Inf,-Inf,-Inf
780,780,-Inf,-Inf,-Inf,-Inf,-Inf,-Inf,-Inf,-Inf,-Inf,780,780,-Inf,-Inf,-Inf,-Inf,-Inf,-Inf,-Inf,-Inf,-Inf,780,780,-Inf,-Inf,-Inf,-Inf,-Inf,-Inf,-Inf,-Inf,-Inf
781,781,-Inf,-Inf,-Inf,-Inf,-Inf,-Inf,-Inf,-Inf,-Inf,781,781,-Inf,-Inf,-Inf,-Inf,-Inf,-Inf,-Inf,-Inf,-Inf,781,781,-Inf,-Inf,-Inf,-Inf,-Inf,-Inf,-Inf,-Inf,-Inf
782,782,-Inf,-Inf,-Inf,-Inf,-Inf,-Inf,-Inf,-Inf,-Inf,782,782,-Inf,-Inf,-Inf,-Inf,-Inf,-Inf,-Inf,-Inf,-Inf,782,782,-Inf,-Inf,-Inf,-Inf,-Inf,-Inf,-Inf,-Inf,-Inf
783,783,-Inf,-Inf,-Inf,-Inf,-Inf,-Inf,-Inf,-Inf,-Inf,783,783,-Inf,-Inf,-Inf,-Inf,-Inf,-Inf,-Inf,-Inf,-Inf,783,783,-Inf,-Inf,-Inf,-Inf,-Inf,-Inf,-Inf,-Inf,-Inf
784,784,-Inf,-Inf,-Inf,-Inf,-Inf,-Inf,-Inf,-Inf,-Inf,784,784,-Inf,-Inf,-Inf,-Inf,-Inf,-Inf,-Inf,-Inf,-Inf,784,784,-Inf,-Inf,-Inf,-Inf,-Inf,-Inf,-Inf,-Inf,-Inf
785,785,-Inf,-Inf,-Inf,-Inf,-Inf,-Inf,-Inf,-Inf,-Inf,785,785,-Inf,-Inf,-Inf,-Inf,-Inf,-Inf,-Inf,-Inf,-Inf,785,785,-Inf,-Inf,-Inf,-Inf,-Inf,-Inf,-Inf,-Inf,-Inf
786,786,-Inf,-Inf,-Inf,-Inf,-Inf,-Inf,-Inf,-Inf,-Inf,786,786,-Inf,-Inf,-Inf,-Inf,-Inf,-Inf,-Inf,-Inf,-Inf,786,786,-Inf,-Inf,-Inf,-Inf,-Inf,-Inf,-Inf,-Inf,-Inf
787,787,-Inf,-Inf,-Inf,-Inf,-Inf,-Inf,-Inf,-Inf,-Inf,787,787,-Inf,-Inf,-Inf,-Inf,-Inf,-Inf,-Inf,-Inf,-Inf,787,787,-Inf,-Inf,-Inf,-Inf,-Inf,-Inf,-Inf,-Inf,-Inf
788,788,-Inf,-Inf,-Inf,-Inf,-Inf,-Inf,-Inf,-Inf,-Inf,788,788,-Inf,-Inf,-Inf,-Inf,-Inf,-Inf,-Inf,-Inf,-Inf,788,788,-Inf,-Inf,-Inf,-Inf,-Inf,-Inf,-Inf,-Inf,-Inf
789,789,-Inf,-Inf,-Inf,-Inf,-Inf,-Inf,-Inf,-Inf,-Inf,789,789,-Inf,-Inf,-Inf,-Inf,-Inf,-Inf,-Inf,-Inf,-Inf,789,789,-Inf,-Inf,-Inf,-Inf,-Inf,-Inf,-Inf,-Inf,-Inf
790,790,-Inf,-Inf,-Inf,-Inf,-Inf,-Inf,-Inf,-Inf,-Inf,790,790,-Inf,-Inf,-Inf,-Inf,-Inf,-Inf,-Inf,-Inf,-Inf,790,790,-Inf,-Inf,-Inf,-Inf,-Inf,-Inf,-Inf,-Inf,-Inf
791,791,-Inf,-Inf,-Inf,-Inf,-Inf,-Inf,-Inf,-Inf,-Inf,791,791,-Inf,-Inf,-Inf,-Inf,-Inf,-Inf,-Inf,-Inf,-Inf,791,791,-Inf,-Inf,-Inf,-Inf,-Inf,-Inf,-Inf,-Inf,-Inf
792,792,-Inf,-Inf,-Inf,-Inf,-Inf,-Inf,-Inf,-Inf,-Inf,792,792,-Inf,-Inf,-Inf,-Inf,-Inf,-Inf,-Inf,-Inf,-Inf,792,792,-Inf,-Inf,-Inf,-Inf,-Inf,-Inf,-Inf,-Inf,-Inf
793,793,-Inf,-Inf,-Inf,-Inf,-Inf,-Inf,-Inf,-Inf,-Inf,793,793,-Inf,-Inf,-Inf,-Inf,-Inf,-Inf,-Inf,-Inf,-Inf,793,793,-Inf,-Inf,-Inf,-Inf,-Inf,-Inf,-Inf,-Inf,-Inf
794,794,-Inf,-Inf,-Inf,-Inf,-Inf,-Inf,-Inf,-Inf,-Inf,794,794,-Inf,-Inf,-Inf,-Inf,-Inf,-Inf,-Inf,-Inf,-Inf,794,794,-Inf,-Inf,-Inf,-Inf,-Inf,-Inf,-Inf,-Inf,-Inf
795,795,-Inf,-Inf,-Inf,-Inf,-Inf,-Inf,-Inf,-Inf,-Inf,795,795,-Inf,-Inf,-Inf,-Inf,-Inf,-Inf,-Inf,-Inf,-Inf,795,795,-Inf,-Inf,-Inf,-Inf,-Inf,-Inf,-Inf,-Inf,-Inf
796,796,-Inf,-Inf,-Inf,-Inf,-Inf,-Inf,-Inf,-Inf,-Inf,796,796,-Inf,-Inf,-Inf,-Inf,-Inf,-Inf,-Inf,-Inf,-Inf,796,796,-Inf,-Inf,-Inf,-Inf,-Inf,-Inf,-Inf,-Inf,-Inf
797,797,-Inf,-Inf,-Inf,-Inf,-Inf,-Inf,-Inf,-Inf,-Inf,797,797,-Inf,-Inf,-Inf,-Inf,-Inf,-Inf,-Inf,-Inf,-Inf,797,797,-Inf,-Inf,-Inf,-Inf,-Inf,-Inf,-Inf,-Inf,-Inf
798,798,-Inf,-Inf,-Inf,-Inf,-Inf,-Inf,-Inf,-Inf,-Inf,798,798,-Inf,-Inf,-Inf,-Inf,-Inf,-Inf,-Inf,-Inf,-Inf,798,798,-Inf,-Inf,-Inf,-Inf,-Inf,-Inf,-Inf,-Inf,-Inf
799,799,-Inf,-Inf,-Inf,-Inf,-Inf,-Inf,-Inf,-Inf,-Inf,799,799,-Inf,-Inf,-Inf,-Inf,-Inf,-Inf,-Inf,-Inf,-Inf,799,799,-Inf,-Inf,-Inf,-Inf,-Inf,-Inf,-Inf,-Inf,-Inf
800,800,-Inf,-Inf,-Inf,-Inf,-Inf,-Inf,-Inf,-Inf,-Inf,800,800,-Inf,-Inf,-Inf,-Inf,-Inf,-Inf,-Inf,-Inf,-Inf,800,800,-Inf,-Inf,-Inf,-Inf,-Inf,-Inf,-Inf,-Inf,-Inf
801,801,-Inf,-Inf,-Inf,-Inf,-Inf,-Inf,-Inf,-Inf,-Inf,801,801,-Inf,-Inf,-Inf,-Inf,-Inf,-Inf,-Inf,-Inf,-Inf,801,801,-Inf,-Inf,-Inf,-Inf,-Inf,-Inf,-Inf,-Inf,-Inf
802,802,-Inf,-Inf,-Inf,-Inf,-Inf,-Inf,-Inf,-Inf,-Inf,802,802,-Inf,-Inf,-Inf,-Inf,-Inf,-Inf,-Inf,-Inf,-Inf,802,802,-Inf,-Inf,-Inf,-Inf,-Inf,-Inf,-Inf,-Inf,-Inf
803,803,-Inf,-Inf,-Inf,-Inf,-Inf,-Inf,-Inf,-Inf,-Inf,803,803,-Inf,-Inf,-Inf,-Inf,-Inf,-Inf,-Inf,-Inf,-Inf,803,803,-Inf,-Inf,-Inf,-Inf,-Inf,-Inf,-Inf,-Inf,-Inf
804,804,-Inf,-Inf,-Inf,-Inf,-Inf,-Inf,-Inf,-Inf,-Inf,804,804,-Inf,-Inf,-Inf,-Inf,-Inf,-Inf,-Inf,-Inf,-Inf,804,804,-Inf,-Inf,-Inf,-Inf,-Inf,-Inf,-Inf,-Inf,-Inf
805,805,-Inf,-Inf,-Inf,-Inf,-Inf,-Inf,-Inf,-Inf,-Inf,805,805,-Inf,-Inf,-Inf,-Inf,-Inf,-Inf,-Inf,-Inf,-Inf,805,805,-Inf,-Inf,-Inf,-Inf,-Inf,-Inf,-Inf,-Inf,-Inf
806,806,-Inf,-Inf,-Inf,-Inf,-Inf,-Inf,-Inf,-Inf,-Inf,806,806,-Inf,-Inf,-Inf,-Inf,-Inf,-Inf,-Inf,-Inf,-Inf,806,806,-Inf,-Inf,-Inf,-Inf,-Inf,-Inf,-Inf,-Inf,-Inf
807,807,-Inf,-Inf,-Inf,-Inf,-Inf,-Inf,-Inf,-Inf,-Inf,807,807,-Inf,-Inf,-Inf,-Inf,-Inf,-Inf,-Inf,-Inf,-Inf,807,807,-Inf,-Inf,-Inf,-Inf,-Inf,-Inf,-Inf,-Inf,-Inf
808,808,-Inf,-Inf,-Inf,-Inf,-Inf,-Inf,-Inf,-Inf,-Inf,808,808,-Inf,-Inf,-Inf,-Inf,-Inf,-Inf,-Inf,-Inf,-Inf,808,808,-Inf,-Inf,-Inf,-Inf,-Inf,-Inf,-Inf,-Inf,-Inf
809,809,-Inf,-Inf,-Inf,-Inf,-Inf,-Inf,-Inf,-Inf,-Inf,809,809,-Inf,-Inf,-Inf,-Inf,-Inf,-Inf,-Inf,-Inf,-Inf,809,809,-Inf,-Inf,-Inf,-Inf,-Inf,-Inf,-Inf,-Inf,-Inf
810,810,-Inf,-Inf,-Inf,-Inf,-Inf,-Inf,-Inf,-Inf,-Inf,810,810,-Inf,-Inf,-Inf,-Inf,-Inf,-Inf,-Inf,-Inf,-Inf,810,810,-Inf,-Inf,-Inf,-Inf,-Inf,-Inf,-Inf,-Inf,-Inf
811,811,-Inf,-Inf,-Inf,-Inf,-Inf,-Inf,-Inf,-Inf,-Inf,811,811,-Inf,-Inf,-Inf,-Inf,-Inf,-Inf,-Inf,-Inf,-Inf,811,811,-Inf,-Inf,-Inf,-Inf,-Inf,-Inf,-Inf,-Inf,-Inf
812,812,-Inf,-Inf,-Inf,-Inf,-Inf,-Inf,-Inf,-Inf,-Inf,812,812,-Inf,-Inf,-Inf,-Inf,-Inf,-Inf,-Inf,-Inf,-Inf,812,812,-Inf,-Inf,-Inf,-Inf,-Inf,-Inf,-Inf,-Inf,-Inf
813,813,-Inf,-Inf,-Inf,-Inf,-Inf,-Inf,-Inf,-Inf,-Inf,813,813,-Inf,-Inf,-Inf,-Inf,-Inf,-Inf,-Inf,-Inf,-Inf,813,813,-Inf,-Inf,-Inf,-Inf,-Inf,-Inf,-Inf,-Inf,-Inf
814,814,-Inf,-Inf,-Inf,-Inf,-Inf,-Inf,-Inf,-Inf,-Inf,814,814,-Inf,-Inf,-Inf,-Inf,-Inf,-Inf,-Inf,-Inf,-Inf,814,814,-Inf,-Inf,-Inf,-Inf,-Inf,-Inf,-Inf,-Inf,-Inf
815,815,-Inf,-Inf,-Inf,-Inf,-Inf,-Inf,-Inf,-Inf,-Inf,815,815,-Inf,-Inf,-Inf,-Inf,-Inf,-Inf,-Inf,-Inf,-Inf,815,815,-Inf,-Inf,-Inf,-Inf,-Inf,-Inf,-Inf,-Inf,-Inf
816,816,-Inf,-Inf,-Inf,-Inf,-Inf,-Inf,-Inf,-Inf,-Inf,816,816,-Inf,-Inf,-Inf,-Inf,-Inf,-Inf,-Inf,-Inf,-Inf,816,816,-Inf,-Inf,-Inf,-Inf,-Inf,-Inf,-Inf,-Inf,-Inf
817,817,-Inf,-Inf,-Inf,-Inf,-Inf,-Inf,-Inf,-Inf,-Inf,817,817,-Inf,-Inf,-Inf,-Inf,-Inf,-Inf,-Inf,-Inf,-Inf,817,817,-Inf,-Inf,-Inf,-Inf,-Inf,-Inf,-Inf,-Inf,-Inf
818,818,-Inf,-Inf,-Inf,-Inf,-Inf,-Inf,-Inf,-Inf,-Inf,818,818,-Inf,-Inf,-Inf,-Inf,-Inf,-Inf,-Inf,-Inf,-Inf,818,818,-Inf,-Inf,-Inf,-Inf,-Inf,-Inf,-Inf,-Inf,-Inf
819,819,-Inf,-Inf,-Inf,-Inf,-Inf,-Inf,-Inf,-Inf,-Inf,819,819,-Inf,-Inf,-Inf,-Inf,-Inf,-Inf,-Inf,-Inf,-Inf,819,819,-Inf,-Inf,-Inf,-Inf,-Inf,-Inf,-Inf,-Inf,-Inf
820,820,-Inf,-Inf,-Inf,-Inf,-Inf,-Inf,-Inf,-Inf,-Inf,820,820,-Inf,-Inf,-Inf,-Inf,-Inf,-Inf,-Inf,-Inf,-Inf,820,820,-Inf,-Inf,-Inf,-Inf,-Inf,-Inf,-Inf,-Inf,-Inf
821,821,-Inf,-Inf,-Inf,-Inf,-Inf,-Inf,-Inf,-Inf,-Inf,821,821,-Inf,-Inf,-Inf,-Inf,-Inf,-Inf,-Inf,-Inf,-Inf,821,821,-Inf,-Inf,-Inf,-Inf,-Inf,-Inf,-Inf,-Inf,-Inf
822,822,-Inf,-Inf,-Inf,-Inf,-Inf,-Inf,-Inf,-Inf,-Inf,822,822,-Inf,-Inf,-Inf,-Inf,-Inf,-Inf,-Inf,-Inf,-Inf,822,822,-Inf,-Inf,-Inf,-Inf,-Inf,-Inf,-Inf,-Inf,-Inf
823,823,-Inf,-Inf,-Inf,-Inf,-Inf,-Inf,-Inf,-Inf,-Inf,823,823,-Inf,-Inf,-Inf,-Inf,-Inf,-Inf,-Inf,-Inf,-Inf,823,823,-Inf,-Inf,-Inf,-Inf,-Inf,-Inf,-Inf,-Inf,-Inf
824,824,-Inf,-Inf,-Inf,-Inf,-Inf,-Inf,-Inf,-Inf,-Inf,824,824,-Inf,-Inf,-Inf,-Inf,-Inf,-Inf,-Inf,-Inf,-Inf,824,824,-Inf,-Inf,-Inf,-Inf,-Inf,-Inf,-Inf,-Inf,-Inf
825,825,-Inf,-Inf,-Inf,-Inf,-Inf,-Inf,-Inf,-Inf,-Inf,825,825,-Inf,-Inf,-Inf,-Inf,-Inf,-Inf,-Inf,-Inf,-Inf,825,825,-Inf,-Inf,-Inf,-Inf,-Inf,-Inf,-Inf,-Inf,-Inf
826,826,-Inf,-Inf,-Inf,-Inf,-Inf,-Inf,-Inf,-Inf,-Inf,826,826,-Inf,-Inf,-Inf,-Inf,-Inf,-Inf,-Inf,-Inf,-Inf,826,826,-Inf,-Inf,-Inf,-Inf,-Inf,-Inf,-Inf,-Inf,-Inf
827,827,-Inf,-Inf,-Inf,-Inf,-Inf,-Inf,-Inf,-Inf,-Inf,827,827,-Inf,-Inf,-Inf,-Inf,-Inf,-Inf,-Inf,-Inf,-Inf,827,827,-Inf,-Inf,-Inf,-Inf,-Inf,-Inf,-Inf,-Inf,-Inf
828,828,-Inf,-Inf,-Inf,-Inf,-Inf,-Inf,-Inf,-Inf,-Inf,828,828,-Inf,-Inf,-Inf,-Inf,-Inf,-Inf,-Inf,-Inf,-Inf,828,828,-Inf,-Inf,-Inf,-Inf,-Inf,-Inf,-Inf,-Inf,-Inf
829,829,-Inf,-Inf,-Inf,-Inf,-Inf,-Inf,-Inf,-Inf,-Inf,829,829,-Inf,-Inf,-Inf,-Inf,-Inf,-Inf,-Inf,-Inf,-Inf,829,829,-Inf,-Inf,-Inf,-Inf,-Inf,-Inf,-Inf,-Inf,-Inf
830,830,-Inf,-Inf,-Inf,-Inf,-Inf,-Inf,-Inf,-Inf,-Inf,830,830,-Inf,-Inf,-Inf,-Inf,-Inf,-Inf,-Inf,-Inf,-Inf,830,830,-Inf,-Inf,-Inf,-Inf,-Inf,-Inf,-Inf,-Inf,-Inf
831,831,-Inf,-Inf,-Inf,-Inf,-Inf,-Inf,-Inf,-Inf,-Inf,831,831,-Inf,-Inf,-Inf,-Inf,-Inf,-Inf,-Inf,-Inf,-Inf,831,831,-Inf,-Inf,-Inf,-Inf,-Inf,-Inf,-Inf,-Inf,-Inf
832,832,-Inf,-Inf,-Inf,-Inf,-Inf,-Inf,-Inf,-Inf,-Inf,832,832,-Inf,-Inf,-Inf,-Inf,-Inf,-Inf,-Inf,-Inf,-Inf,832,832,-Inf,-Inf,-Inf,-Inf,-Inf,-Inf,-Inf,-Inf,-Inf
833,833,-Inf,-Inf,-Inf,-Inf,-Inf,-Inf,-Inf,-Inf,-Inf,833,833,-Inf,-Inf,-Inf,-Inf,-Inf,-Inf,-Inf,-Inf,-Inf,833,833,-Inf,-Inf,-Inf,-Inf,-Inf,-Inf,-Inf,-Inf,-Inf
834,834,-Inf,-Inf,-Inf,-Inf,-Inf,-Inf,-Inf,-Inf,-Inf,834,834,-Inf,-Inf,-Inf,-Inf,-Inf,-Inf,-Inf,-Inf,-Inf,834,834,-Inf,-Inf,-Inf,-Inf,-Inf,-Inf,-Inf,-Inf,-Inf
835,835,-Inf,-Inf,-Inf,-Inf,-Inf,-Inf,-Inf,-Inf,-Inf,835,835,-Inf,-Inf,-Inf,-Inf,-Inf,-Inf,-Inf,-Inf,-Inf,835,835,-Inf,-Inf,-Inf,-Inf,-Inf,-Inf,-Inf,-Inf,-Inf
836,836,-Inf,-Inf,-Inf,-Inf,-Inf,-Inf,-Inf,-Inf,-Inf,836,836,-Inf,-Inf,-Inf,-Inf,-Inf,-Inf,-Inf,-Inf,-Inf,836,836,-Inf,-Inf,-Inf,-Inf,-Inf,-Inf,-Inf,-Inf,-Inf
837,837,-Inf,-Inf,-Inf,-Inf,-Inf,-Inf,-Inf,-Inf,-Inf,837,837,-Inf,-Inf,-Inf,-Inf,-Inf,-Inf,-Inf,-Inf,-Inf,837,837,-Inf,-Inf,-Inf,-Inf,-Inf,-Inf,-Inf,-Inf,-Inf
838,838,-Inf,-Inf,-Inf,-Inf,-Inf,-Inf,-Inf,-Inf,-Inf,838,838,-Inf,-Inf,-Inf,-Inf,-Inf,-Inf,-Inf,-Inf,-Inf,838,838,-Inf,-Inf,-Inf,-Inf,-Inf,-Inf,-Inf,-Inf,-Inf
839,839,-Inf,-Inf,-Inf,-Inf,-Inf,-Inf,-Inf,-Inf,-Inf,839,839,-Inf,-Inf,-Inf,-Inf,-Inf,-Inf,-Inf,-Inf,-Inf,839,839,-Inf,-Inf,-Inf,-Inf,-Inf,-Inf,-Inf,-Inf,-Inf
840,840,-Inf,-Inf,-Inf,-Inf,-Inf,-Inf,-Inf,-Inf,-Inf,840,840,-Inf,-Inf,-Inf,-Inf,-Inf,-Inf,-Inf,-Inf,-Inf,840,840,-Inf,-Inf,-Inf,-Inf,-Inf,-Inf,-Inf,-Inf,-Inf
841,841,-Inf,-Inf,-Inf,-Inf,-Inf,-Inf,-Inf,-Inf,-Inf,841,841,-Inf,-Inf,-Inf,-Inf,-Inf,-Inf,-Inf,-Inf,-Inf,841,841,-Inf,-Inf,-Inf,-Inf,-Inf,-Inf,-Inf,-Inf,-Inf
842,842,-Inf,-Inf,-Inf,-Inf,-Inf,-Inf,-Inf,-Inf,-Inf,842,842,-Inf,-Inf,-Inf,-Inf,-Inf,-Inf,-Inf,-Inf,-Inf,842,842,-Inf,-Inf,-Inf,-Inf,-Inf,-Inf,-Inf,-Inf,-Inf
843,843,-Inf,-Inf,-Inf,-Inf,-Inf,-Inf,-Inf,-Inf,-Inf,843,843,-Inf,-Inf,-Inf,-Inf,-Inf,-Inf,-Inf,-Inf,-Inf,843,843,-Inf,-Inf,-Inf,-Inf,-Inf,-Inf,-Inf,-Inf,-Inf
844,844,-Inf,-Inf,-Inf,-Inf,-Inf,-Inf,-Inf,-Inf,-Inf,844,844,-Inf,-Inf,-Inf,-Inf,-Inf,-Inf,-Inf,-Inf,-Inf,844,844,-Inf,-Inf,-Inf,-Inf,-Inf,-Inf,-Inf,-Inf,-Inf
845,845,-Inf,-Inf,-Inf,-Inf,-Inf,-Inf,-Inf,-Inf,-Inf,845,845,-Inf,-Inf,-Inf,-Inf,-Inf,-Inf,-Inf,-Inf,-Inf,845,845,-Inf,-Inf,-Inf,-Inf,-Inf,-Inf,-Inf,-Inf,-Inf
846,846,-Inf,-Inf,-Inf,-Inf,-Inf,-Inf,-Inf,-Inf,-Inf,846,846,-Inf,-Inf,-Inf,-Inf,-Inf,-Inf,-Inf,-Inf,-Inf,846,846,-Inf,-Inf,-Inf,-Inf,-Inf,-Inf,-Inf,-Inf,-Inf
847,847,-Inf,-Inf,-Inf,-Inf,-Inf,-Inf,-Inf,-Inf,-Inf,847,847,-Inf,-Inf,-Inf,-Inf,-Inf,-Inf,-Inf,-Inf,-Inf,847,847,-Inf,-Inf,-Inf,-Inf,-Inf,-Inf,-Inf,-Inf,-Inf
848,848,-Inf,-Inf,-Inf,-Inf,-Inf,-Inf,-Inf,-Inf,-Inf,848,848,-Inf,-Inf,-Inf,-Inf,-Inf,-Inf,-Inf,-Inf,-Inf,848,848,-Inf,-Inf,-Inf,-Inf,-Inf,-Inf,-Inf,-Inf,-Inf
849,849,-Inf,-Inf,-Inf,-Inf,-Inf,-Inf,-Inf,-Inf,-Inf,849,849,-Inf,-Inf,-Inf,-Inf,-Inf,-Inf,-Inf,-Inf,-Inf,849,849,-Inf,-Inf,-Inf,-Inf,-Inf,-Inf,-Inf,-Inf,-Inf
850,850,-Inf,-Inf,-Inf,-Inf,-Inf,-Inf,-Inf,-Inf,-Inf,850,850,-Inf,-Inf,-Inf,-Inf,-Inf,-Inf,-Inf,-Inf,-Inf,850,850,-Inf,-Inf,-Inf,-Inf,-Inf,-Inf,-Inf,-Inf,-Inf
851,851,-Inf,-Inf,-Inf,-Inf,-Inf,-Inf,-Inf,-Inf,-Inf,851,851,-Inf,-Inf,-Inf,-Inf,-Inf,-Inf,-Inf,-Inf,-Inf,851,851,-Inf,-Inf,-Inf,-Inf,-Inf,-Inf,-Inf,-Inf,-Inf
852,852,-Inf,-Inf,-Inf,-Inf,-Inf,-Inf,-Inf,-Inf,-Inf,852,852,-Inf,-Inf,-Inf,-Inf,-Inf,-Inf,-Inf,-Inf,-Inf,852,852,-Inf,-Inf,-Inf,-Inf,-Inf,-Inf,-Inf,-Inf,-Inf
853,853,-Inf,-Inf,-Inf,-Inf,-Inf,-Inf,-Inf,-Inf,-Inf,853,853,-Inf,-Inf,-Inf,-Inf,-Inf,-Inf,-Inf,-Inf,-Inf,853,853,-Inf,-Inf,-Inf,-Inf,-Inf,-Inf,-Inf,-Inf,-Inf
854,854,-Inf,-Inf,-Inf,-Inf,-Inf,-Inf,-Inf,-Inf,-Inf,854,854,-Inf,-Inf,-Inf,-Inf,-Inf,-Inf,-Inf,-Inf,-Inf,854,854,-Inf,-Inf,-Inf,-Inf,-Inf,-Inf,-Inf,-Inf,-Inf
855,855,-Inf,-Inf,-Inf,-Inf,-Inf,-Inf,-Inf,-Inf,-Inf,855,855,-Inf,-Inf,-Inf,-Inf,-Inf,-Inf,-Inf,-Inf,-Inf,855,855,-Inf,-Inf,-Inf,-Inf,-Inf,-Inf,-Inf,-Inf,-Inf
856,856,-Inf,-Inf,-Inf,-Inf,-Inf,-Inf,-Inf,-Inf,-Inf,856,856,-Inf,-Inf,-Inf,-Inf,-Inf,-Inf,-Inf,-Inf,-Inf,856,856,-Inf,-Inf,-Inf,-Inf,-Inf,-Inf,-Inf,-Inf,-Inf
857,857,-Inf,-Inf,-Inf,-Inf,-Inf,-Inf,-Inf,-Inf,-Inf,857,857,-Inf,-Inf,-Inf,-Inf,-Inf,-Inf,-Inf,-Inf,-Inf,857,857,-Inf,-Inf,-Inf,-Inf,-Inf,-Inf,-Inf,-Inf,-Inf
858,858,-Inf,-Inf,-Inf,-Inf,-Inf,-Inf,-Inf,-Inf,-Inf,858,858,-Inf,-Inf,-Inf,-Inf,-Inf,-Inf,-Inf,-Inf,-Inf,858,858,-Inf,-Inf,-Inf,-Inf,-Inf,-Inf,-Inf,-Inf,-Inf
859,859,-Inf,-Inf,-Inf,-Inf,-Inf,-Inf,-Inf,-Inf,-Inf,859,859,-Inf,-Inf,-Inf,-Inf,-Inf,-Inf,-Inf,-Inf,-Inf,859,859,-Inf,-Inf,-Inf,-Inf,-Inf,-Inf,-Inf,-Inf,-Inf
860,860,-Inf,-Inf,-Inf,-Inf,-Inf,-Inf,-Inf,-Inf,-Inf,860,860,-Inf,-Inf,-Inf,-Inf,-Inf,-Inf,-Inf,-Inf,-Inf,860,860,-Inf,-Inf,-Inf,-Inf,-Inf,-Inf,-Inf,-Inf,-Inf
861,861,-Inf,-Inf,-Inf,-Inf,-Inf,-Inf,-Inf,-Inf,-Inf,861,861,-Inf,-Inf,-Inf,-Inf,-Inf,-Inf,-Inf,-Inf,-Inf,861,861,-Inf,-Inf,-Inf,-Inf,-Inf,-Inf,-Inf,-Inf,-Inf
862,862,-Inf,-Inf,-Inf,-Inf,-Inf,-Inf,-Inf,-Inf,-Inf,862,862,-Inf,-Inf,-Inf,-Inf,-Inf,-Inf,-Inf,-Inf,-Inf,862,862,-Inf,-Inf,-Inf,-Inf,-Inf,-Inf,-Inf,-Inf,-Inf
863,863,-Inf,-Inf,-Inf,-Inf,-Inf,-Inf,-Inf,-Inf,-Inf,863,863,-Inf,-Inf,-Inf,-Inf,-Inf,-Inf,-Inf,-Inf,-Inf,863,863,-Inf,-Inf,-Inf,-Inf,-Inf,-Inf,-Inf,-Inf,-Inf
864,864,-Inf,-Inf,-Inf,-Inf,-Inf,-Inf,-Inf,-Inf,-Inf,864,864,-Inf,-Inf,-Inf,-Inf,-Inf,-Inf,-Inf,-Inf,-Inf,864,864,-Inf,-Inf,-Inf,-Inf,-Inf,-Inf,-Inf,-Inf,-Inf
865,865,-Inf,-Inf,-Inf,-Inf,-Inf,-Inf,-Inf,-Inf,-Inf,865,865,-Inf,-Inf,-Inf,-Inf,-Inf,-Inf,-Inf,-Inf,-Inf,865,865,-Inf,-Inf,-Inf,-Inf,-Inf,-Inf,-Inf,-Inf,-Inf
866,866,-Inf,-Inf,-Inf,-Inf,-Inf,-Inf,-Inf,-Inf,-Inf,866,866,-Inf,-Inf,-Inf,-Inf,-Inf,-Inf,-Inf,-Inf,-Inf,866,866,-Inf,-Inf,-Inf,-Inf,-Inf,-Inf,-Inf,-Inf,-Inf
867,867,-Inf,-Inf,-Inf,-Inf,-Inf,-Inf,-Inf,-Inf,-Inf,867,867,-Inf,-Inf,-Inf,-Inf,-Inf,-Inf,-Inf,-Inf,-Inf,867,867,-Inf,-Inf,-Inf,-Inf,-Inf,-Inf,-Inf,-Inf,-Inf
868,868,-Inf,-Inf,-Inf,-Inf,-Inf,-Inf,-Inf,-Inf,-Inf,868,868,-Inf,-Inf,-Inf,-Inf,-Inf,-Inf,-Inf,-Inf,-Inf,868,868,-Inf,-Inf,-Inf,-Inf,-Inf,-Inf,-Inf,-Inf,-Inf
869,869,-Inf,-Inf,-Inf,-Inf,-Inf,-Inf,-Inf,-Inf,-Inf,869,869,-Inf,-Inf,-Inf,-Inf,-Inf,-Inf,-Inf,-Inf,-Inf,869,869,-Inf,-Inf,-Inf,-Inf,-Inf,-Inf,-Inf,-Inf,-Inf
870,870,-Inf,-Inf,-Inf,-Inf,-Inf,-Inf,-Inf,-Inf,-Inf,870,870,-Inf,-Inf,-Inf,-Inf,-Inf,-Inf,-Inf,-Inf,-Inf,870,870,-Inf,-Inf,-Inf,-Inf,-Inf,-Inf,-Inf,-Inf,-Inf
871,871,-Inf,-Inf,-Inf,-Inf,-Inf,-Inf,-Inf,-Inf,-Inf,871,871,-Inf,-Inf,-Inf,-Inf,-Inf,-Inf,-Inf,-Inf,-Inf,871,871,-Inf,-Inf,-Inf,-Inf,-Inf,-Inf,-Inf,-Inf,-Inf
872,872,-Inf,-Inf,-Inf,-Inf,-Inf,-Inf,-Inf,-Inf,-Inf,872,872,-Inf,-Inf,-Inf,-Inf,-Inf,-Inf,-Inf,-Inf,-Inf,872,872,-Inf,-Inf,-Inf,-Inf,-Inf,-Inf,-Inf,-Inf,-Inf
873,873,-Inf,-Inf,-Inf,-Inf,-Inf,-Inf,-Inf,-Inf,-Inf,873,873,-Inf,-Inf,-Inf,-Inf,-Inf,-Inf,-Inf,-Inf,-Inf,873,873,-Inf,-Inf,-Inf,-Inf,-Inf,-Inf,-Inf,-Inf,-Inf
874,874,-Inf,-Inf,-Inf,-Inf,-Inf,-Inf,-Inf,-Inf,-Inf,874,874,-Inf,-Inf,-Inf,-Inf,-Inf,-Inf,-Inf,-Inf,-Inf,874,874,-Inf,-Inf,-Inf,-Inf,-Inf,-Inf,-Inf,-Inf,-Inf
875,875,-Inf,-Inf,-Inf,-Inf,-Inf,-Inf,-Inf,-Inf,-Inf,875,875,-Inf,-Inf,-Inf,-Inf,-Inf,-Inf,-Inf,-Inf,-Inf,875,875,-Inf,-Inf,-Inf,-Inf,-Inf,-Inf,-Inf,-Inf,-Inf
876,876,-Inf,-Inf,-Inf,-Inf,-Inf,-Inf,-Inf,-Inf,-Inf,876,876,-Inf,-Inf,-Inf,-Inf,-Inf,-Inf,-Inf,-Inf,-Inf,876,876,-Inf,-Inf,-Inf,-Inf,-Inf,-Inf,-Inf,-Inf,-Inf
877,877,-Inf,-Inf,-Inf,-Inf,-Inf,-Inf,-Inf,-Inf,-Inf,877,877,-Inf,-Inf,-Inf,-Inf,-Inf,-Inf,-Inf,-Inf,-Inf,877,877,-Inf,-Inf,-Inf,-Inf,-Inf,-Inf,-Inf,-Inf,-Inf
878,878,-Inf,-Inf,-Inf,-Inf,-Inf,-Inf,-Inf,-Inf,-Inf,878,878,-Inf,-Inf,-Inf,-Inf,-Inf,-Inf,-Inf,-Inf,-Inf,878,878,-Inf,-Inf,-Inf,-Inf,-Inf,-Inf,-Inf,-Inf,-Inf
879,879,-Inf,-Inf,-Inf,-Inf,-Inf,-Inf,-Inf,-Inf,-Inf,879,879,-Inf,-Inf,-Inf,-Inf,-Inf,-Inf,-Inf,-Inf,-Inf,879,879,-Inf,-Inf,-Inf,-Inf,-Inf,-Inf,-Inf,-Inf,-Inf
880,880,-Inf,-Inf,-Inf,-Inf,-Inf,-Inf,-Inf,-Inf,-Inf,880,880,-Inf,-Inf,-Inf,-Inf,-Inf,-Inf,-Inf,-Inf,-Inf,880,880,-Inf,-Inf,-Inf,-Inf,-Inf,-Inf,-Inf,-Inf,-Inf
881,881,-Inf,-Inf,-Inf,-Inf,-Inf,-Inf,-Inf,-Inf,-Inf,881,881,-Inf,-Inf,-Inf,-Inf,-Inf,-Inf,-Inf,-Inf,-Inf,881,881,-Inf,-Inf,-Inf,-Inf,-Inf,-Inf,-Inf,-Inf,-Inf
882,882,-Inf,-Inf,-Inf,-Inf,-Inf,-Inf,-Inf,-Inf,-Inf,882,882,-Inf,-Inf,-Inf,-Inf,-Inf,-Inf,-Inf,-Inf,-Inf,882,882,-Inf,-Inf,-Inf,-Inf,-Inf,-Inf,-Inf,-Inf,-Inf
883,883,-Inf,-Inf,-Inf,-Inf,-Inf,-Inf,-Inf,-Inf,-Inf,883,883,-Inf,-Inf,-Inf,-Inf,-Inf,-Inf,-Inf,-Inf,-Inf,883,883,-Inf,-Inf,-Inf,-Inf,-Inf,-Inf,-Inf,-Inf,-Inf
884,884,-Inf,-Inf,-Inf,-Inf,-Inf,-Inf,-Inf,-Inf,-Inf,884,884,-Inf,-Inf,-Inf,-Inf,-Inf,-Inf,-Inf,-Inf,-Inf,884,884,-Inf,-Inf,-Inf,-Inf,-Inf,-Inf,-Inf,-Inf,-Inf
885,885,-Inf,-Inf,-Inf,-Inf,-Inf,-Inf,-Inf,-Inf,-Inf,885,885,-Inf,-Inf,-Inf,-Inf,-Inf,-Inf,-Inf,-Inf,-Inf,885,885,-Inf,-Inf,-Inf,-Inf,-Inf,-Inf,-Inf,-Inf,-Inf
886,886,-Inf,-Inf,-Inf,-Inf,-Inf,-Inf,-Inf,-Inf,-Inf,886,886,-Inf,-Inf,-Inf,-Inf,-Inf,-Inf,-Inf,-Inf,-Inf,886,886,-Inf,-Inf,-Inf,-Inf,-Inf,-Inf,-Inf,-Inf,-Inf
887,887,-Inf,-Inf,-Inf,-Inf,-Inf,-Inf,-Inf,-Inf,-Inf,887,887,-Inf,-Inf,-Inf,-Inf,-Inf,-Inf,-Inf,-Inf,-Inf,887,887,-Inf,-Inf,-Inf,-Inf,-Inf,-Inf,-Inf,-Inf,-Inf
888,888,-Inf,-Inf,-Inf,-Inf,-Inf,-Inf,-Inf,-Inf,-Inf,888,888,-Inf,-Inf,-Inf,-Inf,-Inf,-Inf,-Inf,-Inf,-Inf,888,888,-Inf,-Inf,-Inf,-Inf,-Inf,-Inf,-Inf,-Inf,-Inf
889,889,-Inf,-Inf,-Inf,-Inf,-Inf,-Inf,-Inf,-Inf,-Inf,889,889,-Inf,-Inf,-Inf,-Inf,-Inf,-Inf,-Inf,-Inf,-Inf,889,889,-Inf,-Inf,-Inf,-Inf,-Inf,-Inf,-Inf,-Inf,-Inf
890,890,-Inf,-Inf,-Inf,-Inf,-Inf,-Inf,-Inf,-Inf,-Inf,890,890,-Inf,-Inf,-Inf,-Inf,-Inf,-Inf,-Inf,-Inf,-Inf,890,890,-Inf,-Inf,-Inf,-Inf,-Inf,-Inf,-Inf,-Inf,-Inf
891,891,-Inf,-Inf,-Inf,-Inf,-Inf,-Inf,-Inf,-Inf,-Inf,891,891,-Inf,-Inf,-Inf,-Inf,-Inf,-Inf,-Inf,-Inf,-Inf,891,891,-Inf,-Inf,-Inf,-Inf,-Inf,-Inf,-Inf,-Inf,-Inf
892,892,-Inf,-Inf,-Inf,-Inf,-Inf,-Inf,-Inf,-Inf,-Inf,892,892,-Inf,-Inf,-Inf,-Inf,-Inf,-Inf,-Inf,-Inf,-Inf,892,892,-Inf,-Inf,-Inf,-Inf,-Inf,-Inf,-Inf,-Inf,-Inf
893,893,-Inf,-Inf,-Inf,-Inf,-Inf,-Inf,-Inf,-Inf,-Inf,893,893,-Inf,-Inf,-Inf,-Inf,-Inf,-Inf,-Inf,-Inf,-Inf,893,893,-Inf,-Inf,-Inf,-Inf,-Inf,-Inf,-Inf,-Inf,-Inf
894,894,-Inf,-Inf,-Inf,-Inf,-Inf,-Inf,-Inf,-Inf,-Inf,894,894,-Inf,-Inf,-Inf,-Inf,-Inf,-Inf,-Inf,-Inf,-Inf,894,894,-Inf,-Inf,-Inf,-Inf,-Inf,-Inf,-Inf,-Inf,-Inf
895,895,-Inf,-Inf,-Inf,-Inf,-Inf,-Inf,-Inf,-Inf,-Inf,895,895,-Inf,-Inf,-Inf,-Inf,-Inf,-Inf,-Inf,-Inf,-Inf,895,895,-Inf,-Inf,-Inf,-Inf,-Inf,-Inf,-Inf,-Inf,-Inf
896,896,-Inf,-Inf,-Inf,-Inf,-Inf,-Inf,-Inf,-Inf,-Inf,896,896,-Inf,-Inf,-Inf,-Inf,-Inf,-Inf,-Inf,-Inf,-Inf,896,896,-Inf,-Inf,-Inf,-Inf,-Inf,-Inf,-Inf,-Inf,-Inf
897,897,-Inf,-Inf,-Inf,-Inf,-Inf,-Inf,-Inf,-Inf,-Inf,897,897,-Inf,-Inf,-Inf,-Inf,-Inf,-Inf,-Inf,-Inf,-Inf,897,897,-Inf,-Inf,-Inf,-Inf,-Inf,-Inf,-Inf,-Inf,-Inf
898,898,-Inf,-Inf,-Inf,-Inf,-Inf,-Inf,-Inf,-Inf,-Inf,898,898,-Inf,-Inf,-Inf,-Inf,-Inf,-Inf,-Inf,-Inf,-Inf,898,898,-Inf,-Inf,-Inf,-Inf,-Inf,-Inf,-Inf,-Inf,-Inf
899,899,-Inf,-Inf,-Inf,-Inf,-Inf,-Inf,-Inf,-Inf,-Inf,899,899,-Inf,-Inf,-Inf,-Inf,-Inf,-Inf,-Inf,-Inf,-Inf,899,899,-Inf,-Inf,-Inf,-Inf,-Inf,-Inf,-Inf,-Inf,-Inf
900,900,-Inf,-Inf,-Inf,-Inf,-Inf,-Inf,-Inf,-Inf,-Inf,900,900,-Inf,-Inf,-Inf,-Inf,-Inf,-Inf,-Inf,-Inf,-Inf,900,900,-Inf,-Inf,-Inf,-Inf,-Inf,-Inf,-Inf,-Inf,-Inf
901,901,-Inf,-Inf,-Inf,-Inf,-Inf,-Inf,-Inf,-Inf,-Inf,901,901,-Inf,-Inf,-Inf,-Inf,-Inf,-Inf,-Inf,-Inf,-Inf,901,901,-Inf,-Inf,-Inf,-Inf,-Inf,-Inf,-Inf,-Inf,-Inf
902,902,-Inf,-Inf,-Inf,-Inf,-Inf,-Inf,-Inf,-Inf,-Inf,902,902,-Inf,-Inf,-Inf,-Inf,-Inf,-Inf,-Inf,-Inf,-Inf,902,902,-Inf,-Inf,-Inf,-Inf,-Inf,-Inf,-Inf,-Inf,-Inf
903,903,-Inf,-Inf,-Inf,-Inf,-Inf,-Inf,-Inf,-Inf,-Inf,903,903,-Inf,-Inf,-Inf,-Inf,-Inf,-Inf,-Inf,-Inf,-Inf,903,903,-Inf,-Inf,-Inf,-Inf,-Inf,-Inf,-Inf,-Inf,-Inf
904,904,-Inf,-Inf,-Inf,-Inf,-Inf,-Inf,-Inf,-Inf,-Inf,904,904,-Inf,-Inf,-Inf,-Inf,-Inf,-Inf,-Inf,-Inf,-Inf,904,904,-Inf,-Inf,-Inf,-Inf,-Inf,-Inf,-Inf,-Inf,-Inf
905,905,-Inf,-Inf,-Inf,-Inf,-Inf,-Inf,-Inf,-Inf,-Inf,905,905,-Inf,-Inf,-Inf,-Inf,-Inf,-Inf,-Inf,-Inf,-Inf,905,905,-Inf,-Inf,-Inf,-Inf,-Inf,-Inf,-Inf,-Inf,-Inf
906,906,-Inf,-Inf,-Inf,-Inf,-Inf,-Inf,-Inf,-Inf,-Inf,906,906,-Inf,-Inf,-Inf,-Inf,-Inf,-Inf,-Inf,-Inf,-Inf,906,906,-Inf,-Inf,-Inf,-Inf,-Inf,-Inf,-Inf,-Inf,-Inf
907,907,-Inf,-Inf,-Inf,-Inf,-Inf,-Inf,-Inf,-Inf,-Inf,907,907,-Inf,-Inf,-Inf,-Inf,-Inf,-Inf,-Inf,-Inf,-Inf,907,907,-Inf,-Inf,-Inf,-Inf,-Inf,-Inf,-Inf,-Inf,-Inf
908,908,-Inf,-Inf,-Inf,-Inf,-Inf,-Inf,-Inf,-Inf,-Inf,908,908,-Inf,-Inf,-Inf,-Inf,-Inf,-Inf,-Inf,-Inf,-Inf,908,908,-Inf,-Inf,-Inf,-Inf,-Inf,-Inf,-Inf,-Inf,-Inf
909,909,-Inf,-Inf,-Inf,-Inf,-Inf,-Inf,-Inf,-Inf,-Inf,909,909,-Inf,-Inf,-Inf,-Inf,-Inf,-Inf,-Inf,-Inf,-Inf,909,909,-Inf,-Inf,-Inf,-Inf,-Inf,-Inf,-Inf,-Inf,-Inf
910,910,-Inf,-Inf,-Inf,-Inf,-Inf,-Inf,-Inf,-Inf,-Inf,910,910,-Inf,-Inf,-Inf,-Inf,-Inf,-Inf,-Inf,-Inf,-Inf,910,910,-Inf,-Inf,-Inf,-Inf,-Inf,-Inf,-Inf,-Inf,-Inf
911,911,-Inf,-Inf,-Inf,-Inf,-Inf,-Inf,-Inf,-Inf,-Inf,911,911,-Inf,-Inf,-Inf,-Inf,-Inf,-Inf,-Inf,-Inf,-Inf,911,911,-Inf,-Inf,-Inf,-Inf,-Inf,-Inf,-Inf,-Inf,-Inf
912,912,-Inf,-Inf,-Inf,-Inf,-Inf,-Inf,-Inf,-Inf,-Inf,912,912,-Inf,-Inf,-Inf,-Inf,-Inf,-Inf,-Inf,-Inf,-Inf,912,912,-Inf,-Inf,-Inf,-Inf,-Inf,-Inf,-Inf,-Inf,-Inf
913,913,-Inf,-Inf,-Inf,-Inf,-Inf,-Inf,-Inf,-Inf,-Inf,913,913,-Inf,-Inf,-Inf,-Inf,-Inf,-Inf,-Inf,-Inf,-Inf,913,913,-Inf,-Inf,-Inf,-Inf,-Inf,-Inf,-Inf,-Inf,-Inf
914,914,-Inf,-Inf,-Inf,-Inf,-Inf,-Inf,-Inf,-Inf,-Inf,914,914,-Inf,-Inf,-Inf,-Inf,-Inf,-Inf,-Inf,-Inf,-Inf,914,914,-Inf,-Inf,-Inf,-Inf,-Inf,-Inf,-Inf,-Inf,-Inf
915,915,-Inf,-Inf,-Inf,-Inf,-Inf,-Inf,-Inf,-Inf,-Inf,915,915,-Inf,-Inf,-Inf,-Inf,-Inf,-Inf,-Inf,-Inf,-Inf,915,915,-Inf,-Inf,-Inf,-Inf,-Inf,-Inf,-Inf,-Inf,-Inf
916,916,-Inf,-Inf,-Inf,-Inf,-Inf,-Inf,-Inf,-Inf,-Inf,916,916,-Inf,-Inf,-Inf,-Inf,-Inf,-Inf,-Inf,-Inf,-Inf,916,916,-Inf,-Inf,-Inf,-Inf,-Inf,-Inf,-Inf,-Inf,-Inf
917,917,-Inf,-Inf,-Inf,-Inf,-Inf,-Inf,-Inf,-Inf,-Inf,917,917,-Inf,-Inf,-Inf,-Inf,-Inf,-Inf,-Inf,-Inf,-Inf,917,917,-Inf,-Inf,-Inf,-Inf,-Inf,-Inf,-Inf,-Inf,-Inf
918,918,-Inf,-Inf,-Inf,-Inf,-Inf,-Inf,-Inf,-Inf,-Inf,918,918,-Inf,-Inf,-Inf,-Inf,-Inf,-Inf,-Inf,-Inf,-Inf,918,918,-Inf,-Inf,-Inf,-Inf,-Inf,-Inf,-Inf,-Inf,-Inf
919,919,-Inf,-Inf,-Inf,-Inf,-Inf,-Inf,-Inf,-Inf,-Inf,919,919,-Inf,-Inf,-Inf,-Inf,-Inf,-Inf,-Inf,-Inf,-Inf,919,919,-Inf,-Inf,-Inf,-Inf,-Inf,-Inf,-Inf,-Inf,-Inf
920,920,-Inf,-Inf,-Inf,-Inf,-Inf,-Inf,-Inf,-Inf,-Inf,920,920,-Inf,-Inf,-Inf,-Inf,-Inf,-Inf,-Inf,-Inf,-Inf,920,920,-Inf,-Inf,-Inf,-Inf,-Inf,-Inf,-Inf,-Inf,-Inf
921,921,-Inf,-Inf,-Inf,-Inf,-Inf,-Inf,-Inf,-Inf,-Inf,921,921,-Inf,-Inf,-Inf,-Inf,-Inf,-Inf,-Inf,-Inf,-Inf,921,921,-Inf,-Inf,-Inf,-Inf,-Inf,-Inf,-Inf,-Inf,-Inf
922,922,-Inf,-Inf,-Inf,-Inf,-Inf,-Inf,-Inf,-Inf,-Inf,922,922,-Inf,-Inf,-Inf,-Inf,-Inf,-Inf,-Inf,-Inf,-Inf,922,922,-Inf,-Inf,-Inf,-Inf,-Inf,-Inf,-Inf,-Inf,-Inf
923,923,-Inf,-Inf,-Inf,-Inf,-Inf,-Inf,-Inf,-Inf,-Inf,923,923,-Inf,-Inf,-Inf,-Inf,-Inf,-Inf,-Inf,-Inf,-Inf,923,923,-Inf,-Inf,-Inf,-Inf,-Inf,-Inf,-Inf,-Inf,-Inf
924,924,-Inf,-Inf,-Inf,-Inf,-Inf,-Inf,-Inf,-Inf,-Inf,924,924,-Inf,-Inf,-Inf,-Inf,-Inf,-Inf,-Inf,-Inf,-Inf,924,924,-Inf,-Inf,-Inf,-Inf,-Inf,-Inf,-Inf,-Inf,-Inf
925,925,-Inf,-Inf,-Inf,-Inf,-Inf,-Inf,-Inf,-Inf,-Inf,925,925,-Inf,-Inf,-Inf,-Inf,-Inf,-Inf,-Inf,-Inf,-Inf,925,925,-Inf,-Inf,-Inf,-Inf,-Inf,-Inf,-Inf,-Inf,-Inf
926,926,-Inf,-Inf,-Inf,-Inf,-Inf,-Inf,-Inf,-Inf,-Inf,926,926,-Inf,-Inf,-Inf,-Inf,-Inf,-Inf,-Inf,-Inf,-Inf,926,926,-Inf,-Inf,-Inf,-Inf,-Inf,-Inf,-Inf,-Inf,-Inf
927,927,-Inf,-Inf,-Inf,-Inf,-Inf,-Inf,-Inf,-Inf,-Inf,927,927,-Inf,-Inf,-Inf,-Inf,-Inf,-Inf,-Inf,-Inf,-Inf,927,927,-Inf,-Inf,-Inf,-Inf,-Inf,-Inf,-Inf,-Inf,-Inf
928,928,-Inf,-Inf,-Inf,-Inf,-Inf,-Inf,-Inf,-Inf,-Inf,928,928,-Inf,-Inf,-Inf,-Inf,-Inf,-Inf,-Inf,-Inf,-Inf,928,928,-Inf,-Inf,-Inf,-Inf,-Inf,-Inf,-Inf,-Inf,-Inf
929,929,-Inf,-Inf,-Inf,-Inf,-Inf,-Inf,-Inf,-Inf,-Inf,929,929,-Inf,-Inf,-Inf,-Inf,-Inf,-Inf,-Inf,-Inf,-Inf,929,929,-Inf,-Inf,-Inf,-Inf,-Inf,-Inf,-Inf,-Inf,-Inf
930,930,-Inf,-Inf,-Inf,-Inf,-Inf,-Inf,-Inf,-Inf,-Inf,930,930,-Inf,-Inf,-Inf,-Inf,-Inf,-Inf,-Inf,-Inf,-Inf,930,930,-Inf,-Inf,-Inf,-Inf,-Inf,-Inf,-Inf,-Inf,-Inf
931,931,-Inf,-Inf,-Inf,-Inf,-Inf,-Inf,-Inf,-Inf,-Inf,931,931,-Inf,-Inf,-Inf,-Inf,-Inf,-Inf,-Inf,-Inf,-Inf,931,931,-Inf,-Inf,-Inf,-Inf,-Inf,-Inf,-Inf,-Inf,-Inf
932,932,-Inf,-Inf,-Inf,-Inf,-Inf,-Inf,-Inf,-Inf,-Inf,932,932,-Inf,-Inf,-Inf,-Inf,-Inf,-Inf,-Inf,-Inf,-Inf,932,932,-Inf,-Inf,-Inf,-Inf,-Inf,-Inf,-Inf,-Inf,-Inf
933,933,-Inf,-Inf,-Inf,-Inf,-Inf,-Inf,-Inf,-Inf,-Inf,933,933,-Inf,-Inf,-Inf,-Inf,-Inf,-Inf,-Inf,-Inf,-Inf,933,933,-Inf,-Inf,-Inf,-Inf,-Inf,-Inf,-Inf,-Inf,-Inf
934,934,-Inf,-Inf,-Inf,-Inf,-Inf,-Inf,-Inf,-Inf,-Inf,934,934,-Inf,-Inf,-Inf,-Inf,-Inf,-Inf,-Inf,-Inf,-Inf,934,934,-Inf,-Inf,-Inf,-Inf,-Inf,-Inf,-Inf,-Inf,-Inf
935,935,-Inf,-Inf,-Inf,-Inf,-Inf,-Inf,-Inf,-Inf,-Inf,935,935,-Inf,-Inf,-Inf,-Inf,-Inf,-Inf,-Inf,-Inf,-Inf,935,935,-Inf,-Inf,-Inf,-Inf,-Inf,-Inf,-Inf,-Inf,-Inf
936,936,-Inf,-Inf,-Inf,-Inf,-Inf,-Inf,-Inf,-Inf,-Inf,936,936,-Inf,-Inf,-Inf,-Inf,-Inf,-Inf,-Inf,-Inf,-Inf,936,936,-Inf,-Inf,-Inf,-Inf,-Inf,-Inf,-Inf,-Inf,-Inf
937,937,-Inf,-Inf,-Inf,-Inf,-Inf,-Inf,-Inf,-Inf,-Inf,937,937,-Inf,-Inf,-Inf,-Inf,-Inf,-Inf,-Inf,-Inf,-Inf,937,937,-Inf,-Inf,-Inf,-Inf,-Inf,-Inf,-Inf,-Inf,-Inf
938,938,-Inf,-Inf,-Inf,-Inf,-Inf,-Inf,-Inf,-Inf,-Inf,938,938,-Inf,-Inf,-Inf,-Inf,-Inf,-Inf,-Inf,-Inf,-Inf,938,938,-Inf,-Inf,-Inf,-Inf,-Inf,-Inf,-Inf,-Inf,-Inf
939,939,-Inf,-Inf,-Inf,-Inf,-Inf,-Inf,-Inf,-Inf,-Inf,939,939,-Inf,-Inf,-Inf,-Inf,-Inf,-Inf,-Inf,-Inf,-Inf,939,939,-Inf,-Inf,-Inf,-Inf,-Inf,-Inf,-Inf,-Inf,-Inf
940,940,-Inf,-Inf,-Inf,-Inf,-Inf,-Inf,-Inf,-Inf,-Inf,940,940,-Inf,-Inf,-Inf,-Inf,-Inf,-Inf,-Inf,-Inf,-Inf,940,940,-Inf,-Inf,-Inf,-Inf,-Inf,-Inf,-Inf,-Inf,-Inf
941,941,-Inf,-Inf,-Inf,-Inf,-Inf,-Inf,-Inf,-Inf,-Inf,941,941,-Inf,-Inf,-Inf,-Inf,-Inf,-Inf,-Inf,-Inf,-Inf,941,941,-Inf,-Inf,-Inf,-Inf,-Inf,-Inf,-Inf,-Inf,-Inf
942,942,-Inf,-Inf,-Inf,-Inf,-Inf,-Inf,-Inf,-Inf,-Inf,942,942,-Inf,-Inf,-Inf,-Inf,-Inf,-Inf,-Inf,-Inf,-Inf,942,942,-Inf,-Inf,-Inf,-Inf,-Inf,-Inf,-Inf,-Inf,-Inf
943,943,-Inf,-Inf,-Inf,-Inf,-Inf,-Inf,-Inf,-Inf,-Inf,943,943,-Inf,-Inf,-Inf,-Inf,-Inf,-Inf,-Inf,-Inf,-Inf,943,943,-Inf,-Inf,-Inf,-Inf,-Inf,-Inf,-Inf,-Inf,-Inf
944,944,-Inf,-Inf,-Inf,-Inf,-Inf,-Inf,-Inf,-Inf,-Inf,944,944,-Inf,-Inf,-Inf,-Inf,-Inf,-Inf,-Inf,-Inf,-Inf,944,944,-Inf,-Inf,-Inf,-Inf,-Inf,-Inf,-Inf,-Inf,-Inf
945,945,-Inf,-Inf,-Inf,-Inf,-Inf,-Inf,-Inf,-Inf,-Inf,945,945,-Inf,-Inf,-Inf,-Inf,-Inf,-Inf,-Inf,-Inf,-Inf,945,945,-Inf,-Inf,-Inf,-Inf,-Inf,-Inf,-Inf,-Inf,-Inf
946,946,-Inf,-Inf,-Inf,-Inf,-Inf,-Inf,-Inf,-Inf,-Inf,946,946,-Inf,-Inf,-Inf,-Inf,-Inf,-Inf,-Inf,-Inf,-Inf,946,946,-Inf,-Inf,-Inf,-Inf,-Inf,-Inf,-Inf,-Inf,-Inf
947,947,-Inf,-Inf,-Inf,-Inf,-Inf,-Inf,-Inf,-Inf,-Inf,947,947,-Inf,-Inf,-Inf,-Inf,-Inf,-Inf,-Inf,-Inf,-Inf,947,947,-Inf,-Inf,-Inf,-Inf,-Inf,-Inf,-Inf,-Inf,-Inf
948,948,-Inf,-Inf,-Inf,-Inf,-Inf,-Inf,-Inf,-Inf,-Inf,948,948,-Inf,-Inf,-Inf,-Inf,-Inf,-Inf,-Inf,-Inf,-Inf,948,948,-Inf,-Inf,-Inf,-Inf,-Inf,-Inf,-Inf,-Inf,-Inf
949,949,-Inf,-Inf,-Inf,-Inf,-Inf,-Inf,-Inf,-Inf,-Inf,949,949,-Inf,-Inf,-Inf,-Inf,-Inf,-Inf,-Inf,-Inf,-Inf,949,949,-Inf,-Inf,-Inf,-Inf,-Inf,-Inf,-Inf,-Inf,-Inf
950,950,-Inf,-Inf,-Inf,-Inf,-Inf,-Inf,-Inf,-Inf,-Inf,950,950,-Inf,-Inf,-Inf,-Inf,-Inf,-Inf,-Inf,-Inf,-Inf,950,950,-Inf,-Inf,-Inf,-Inf,-Inf,-Inf,-Inf,-Inf,-Inf
951,951,-Inf,-Inf,-Inf,-Inf,-Inf,-Inf,-Inf,-Inf,-Inf,951,951,-Inf,-Inf,-Inf,-Inf,-Inf,-Inf,-Inf,-Inf,-Inf,951,951,-Inf,-Inf,-Inf,-Inf,-Inf,-Inf,-Inf,-Inf,-Inf
952,952,-Inf,-Inf,-Inf,-Inf,-Inf,-Inf,-Inf,-Inf,-Inf,952,952,-Inf,-Inf,-Inf,-Inf,-Inf,-Inf,-Inf,-Inf,-Inf,952,952,-Inf,-Inf,-Inf,-Inf,-Inf,-Inf,-Inf,-Inf,-Inf
953,953,-Inf,-Inf,-Inf,-Inf,-Inf,-Inf,-Inf,-Inf,-Inf,953,953,-Inf,-Inf,-Inf,-Inf,-Inf,-Inf,-Inf,-Inf,-Inf,953,953,-Inf,-Inf,-Inf,-Inf,-Inf,-Inf,-Inf,-Inf,-Inf
954,954,-Inf,-Inf,-Inf,-Inf,-Inf,-Inf,-Inf,-Inf,-Inf,954,954,-Inf,-Inf,-Inf,-Inf,-Inf,-Inf,-Inf,-Inf,-Inf,954,954,-Inf,-Inf,-Inf,-Inf,-Inf,-Inf,-Inf,-Inf,-Inf
955,955,-Inf,-Inf,-Inf,-Inf,-Inf,-Inf,-Inf,-Inf,-Inf,955,955,-Inf,-Inf,-Inf,-Inf,-Inf,-Inf,-Inf,-Inf,-Inf,955,955,-Inf,-Inf,-Inf,-Inf,-Inf,-Inf,-Inf,-Inf,-Inf
956,956,-Inf,-Inf,-Inf,-Inf,-Inf,-Inf,-Inf,-Inf,-Inf,956,956,-Inf,-Inf,-Inf,-Inf,-Inf,-Inf,-Inf,-Inf,-Inf,956,956,-Inf,-Inf,-Inf,-Inf,-Inf,-Inf,-Inf,-Inf,-Inf
957,957,-Inf,-Inf,-Inf,-Inf,-Inf,-Inf,-Inf,-Inf,-Inf,957,957,-Inf,-Inf,-Inf,-Inf,-Inf,-Inf,-Inf,-Inf,-Inf,957,957,-Inf,-Inf,-Inf,-Inf,-Inf,-Inf,-Inf,-Inf,-Inf
958,958,-Inf,-Inf,-Inf,-Inf,-Inf,-Inf,-Inf,-Inf,-Inf,958,958,-Inf,-Inf,-Inf,-Inf,-Inf,-Inf,-Inf,-Inf,-Inf,958,958,-Inf,-Inf,-Inf,-Inf,-Inf,-Inf,-Inf,-Inf,-Inf
959,959,-Inf,-Inf,-Inf,-Inf,-Inf,-Inf,-Inf,-Inf,-Inf,959,959,-Inf,-Inf,-Inf,-Inf,-Inf,-Inf,-Inf,-Inf,-Inf,959,959,-Inf,-Inf,-Inf,-Inf,-Inf,-Inf,-Inf,-Inf,-Inf
960,960,-Inf,-Inf,-Inf,-Inf,-Inf,-Inf,-Inf,-Inf,-Inf,960,960,-Inf,-Inf,-Inf,-Inf,-Inf,-Inf,-Inf,-Inf,-Inf,960,960,-Inf,-Inf,-Inf,-Inf,-Inf,-Inf,-Inf,-Inf,-Inf
961,961,-Inf,-Inf,-Inf,-Inf,-Inf,-Inf,-Inf,-Inf,-Inf,961,961,-Inf,-Inf,-Inf,-Inf,-Inf,-Inf,-Inf,-Inf,-Inf,961,961,-Inf,-Inf,-Inf,-Inf,-Inf,-Inf,-Inf,-Inf,-Inf
962,962,-Inf,-Inf,-Inf,-Inf,-Inf,-Inf,-Inf,-Inf,-Inf,962,962,-Inf,-Inf,-Inf,-Inf,-Inf,-Inf,-Inf,-Inf,-Inf,962,962,-Inf,-Inf,-Inf,-Inf,-Inf,-Inf,-Inf,-Inf,-Inf
963,963,-Inf,-Inf,-Inf,-Inf,-Inf,-Inf,-Inf,-Inf,-Inf,963,963,-Inf,-Inf,-Inf,-Inf,-Inf,-Inf,-Inf,-Inf,-Inf,963,963,-Inf,-Inf,-Inf,-Inf,-Inf,-Inf,-Inf,-Inf,-Inf
964,964,-Inf,-Inf,-Inf,-Inf,-Inf,-Inf,-Inf,-Inf,-Inf,964,964,-Inf,-Inf,-Inf,-Inf,-Inf,-Inf,-Inf,-Inf,-Inf,964,964,-Inf,-Inf,-Inf,-Inf,-Inf,-Inf,-Inf,-Inf,-Inf
965,965,-Inf,-Inf,-Inf,-Inf,-Inf,-Inf,-Inf,-Inf,-Inf,965,965,-Inf,-Inf,-Inf,-Inf,-Inf,-Inf,-Inf,-Inf,-Inf,965,965,-Inf,-Inf,-Inf,-Inf,-Inf,-Inf,-Inf,-Inf,-Inf
966,966,-Inf,-Inf,-Inf,-Inf,-Inf,-Inf,-Inf,-Inf,-Inf,966,966,-Inf,-Inf,-Inf,-Inf,-Inf,-Inf,-Inf,-Inf,-Inf,966,966,-Inf,-Inf,-Inf,-Inf,-Inf,-Inf,-Inf,-Inf,-Inf
967,967,-Inf,-Inf,-Inf,-Inf,-Inf,-Inf,-Inf,-Inf,-Inf,967,967,-Inf,-Inf,-Inf,-Inf,-Inf,-Inf,-Inf,-Inf,-Inf,967,967,-Inf,-Inf,-Inf,-Inf,-Inf,-Inf,-Inf,-Inf,-Inf
968,968,-Inf,-Inf,-Inf,-Inf,-Inf,-Inf,-Inf,-Inf,-Inf,968,968,-Inf,-Inf,-Inf,-Inf,-Inf,-Inf,-Inf,-Inf,-Inf,968,968,-Inf,-Inf,-Inf,-Inf,-Inf,-Inf,-Inf,-Inf,-Inf
969,969,-Inf,-Inf,-Inf,-Inf,-Inf,-Inf,-Inf,-Inf,-Inf,969,969,-Inf,-Inf,-Inf,-Inf,-Inf,-Inf,-Inf,-Inf,-Inf,969,969,-Inf,-Inf,-Inf,-Inf,-Inf,-Inf,-Inf,-Inf,-Inf
970,970,-Inf,-Inf,-Inf,-Inf,-Inf,-Inf,-Inf,-Inf,-Inf,970,970,-Inf,-Inf,-Inf,-Inf,-Inf,-Inf,-Inf,-Inf,-Inf,970,970,-Inf,-Inf,-Inf,-Inf,-Inf,-Inf,-Inf,-Inf,-Inf
971,971,-Inf,-Inf,-Inf,-Inf,-Inf,-Inf,-Inf,-Inf,-Inf,971,971,-Inf,-Inf,-Inf,-Inf,-Inf,-Inf,-Inf,-Inf,-Inf,971,971,-Inf,-Inf,-Inf,-Inf,-Inf,-Inf,-Inf,-Inf,-Inf
972,972,-Inf,-Inf,-Inf,-Inf,-Inf,-Inf,-Inf,-Inf,-Inf,972,972,-Inf,-Inf,-Inf,-Inf,-Inf,-Inf,-Inf,-Inf,-Inf,972,972,-Inf,-Inf,-Inf,-Inf,-Inf,-Inf,-Inf,-Inf,-Inf
973,973,-Inf,-Inf,-Inf,-Inf,-Inf,-Inf,-Inf,-Inf,-Inf,973,973,-Inf,-Inf,-Inf,-Inf,-Inf,-Inf,-Inf,-Inf,-Inf,973,973,-Inf,-Inf,-Inf,-Inf,-Inf,-Inf,-Inf,-Inf,-Inf
974,974,-Inf,-Inf,-Inf,-Inf,-Inf,-Inf,-Inf,-Inf,-Inf,974,974,-Inf,-Inf,-Inf,-Inf,-Inf,-Inf,-Inf,-Inf,-Inf,974,974,-Inf,-Inf,-Inf,-Inf,-Inf,-Inf,-Inf,-Inf,-Inf
975,975,-Inf,-Inf,-Inf,-Inf,-Inf,-Inf,-Inf,-Inf,-Inf,975,975,-Inf,-Inf,-Inf,-Inf,-Inf,-Inf,-Inf,-Inf,-Inf,975,975,-Inf,-Inf,-Inf,-Inf,-Inf,-Inf,-Inf,-Inf,-Inf
976,976,-Inf,-Inf,-Inf,-Inf,-Inf,-Inf,-Inf,-Inf,-Inf,976,976,-Inf,-Inf,-Inf,-Inf,-Inf,-Inf,-Inf,-Inf,-Inf,976,976,-Inf,-Inf,-Inf,-Inf,-Inf,-Inf,-Inf,-Inf,-Inf
977,977,-Inf,-Inf,-Inf,-Inf,-Inf,-Inf,-Inf,-Inf,-Inf,977,977,-Inf,-Inf,-Inf,-Inf,-Inf,-Inf,-Inf,-Inf,-Inf,977,977,-Inf,-Inf,-Inf,-Inf,-Inf,-Inf,-Inf,-Inf,-Inf
978,978,-Inf,-Inf,-Inf,-Inf,-Inf,-Inf,-Inf,-Inf,-Inf,978,978,-Inf,-Inf,-Inf,-Inf,-Inf,-Inf,-Inf,-Inf,-Inf,978,978,-Inf,-Inf,-Inf,-Inf,-Inf,-Inf,-Inf,-Inf,-Inf
979,979,-Inf,-Inf,-Inf,-Inf,-Inf,-Inf,-Inf,-Inf,-Inf,979,979,-Inf,-Inf,-Inf,-Inf,-Inf,-Inf,-Inf,-Inf,-Inf,979,979,-Inf,-Inf,-Inf,-Inf,-Inf,-Inf,-Inf,-Inf,-Inf
980,980,-Inf,-Inf,-Inf,-Inf,-Inf,-Inf,-Inf,-Inf,-Inf,980,980,-Inf,-Inf,-Inf,-Inf,-Inf,-Inf,-Inf,-Inf,-Inf,980,980,-Inf,-Inf,-Inf,-Inf,-Inf,-Inf,-Inf,-Inf,-Inf
981,981,-Inf,-Inf,-Inf,-Inf,-Inf,-Inf,-Inf,-Inf,-Inf,981,981,-Inf,-Inf,-Inf,-Inf,-Inf,-Inf,-Inf,-Inf,-Inf,981,981,-Inf,-Inf,-Inf,-Inf,-Inf,-Inf,-Inf,-Inf,-Inf
982,982,-Inf,-Inf,-Inf,-Inf,-Inf,-Inf,-Inf,-Inf,-Inf,982,982,-Inf,-Inf,-Inf,-Inf,-Inf,-Inf,-Inf,-Inf,-Inf,982,982,-Inf,-Inf,-Inf,-Inf,-Inf,-Inf,-Inf,-Inf,-Inf
983,983,-Inf,-Inf,-Inf,-Inf,-Inf,-Inf,-Inf,-Inf,-Inf,983,983,-Inf,-Inf,-Inf,-Inf,-Inf,-Inf,-Inf,-Inf,-Inf,983,983,-Inf,-Inf,-Inf,-Inf,-Inf,-Inf,-Inf,-Inf,-Inf
984,984,-Inf,-Inf,-Inf,-Inf,-Inf,-Inf,-Inf,-Inf,-Inf,984,984,-Inf,-Inf,-Inf,-Inf,-Inf,-Inf,-Inf,-Inf,-Inf,984,984,-Inf,-Inf,-Inf,-Inf,-Inf,-Inf,-Inf,-Inf,-Inf
985,985,-Inf,-Inf,-Inf,-Inf,-Inf,-Inf,-Inf,-Inf,-Inf,985,985,-Inf,-Inf,-Inf,-Inf,-Inf,-Inf,-Inf,-Inf,-Inf,985,985,-Inf,-Inf,-Inf,-Inf,-Inf,-Inf,-Inf,-Inf,-Inf
986,986,-Inf,-Inf,-Inf,-Inf,-Inf,-Inf,-Inf,-Inf,-Inf,986,986,-Inf,-Inf,-Inf,-Inf,-Inf,-Inf,-Inf,-Inf,-Inf,986,986,-Inf,-Inf,-Inf,-Inf,-Inf,-Inf,-Inf,-Inf,-Inf
987,987,-Inf,-Inf,-Inf,-Inf,-Inf,-Inf,-Inf,-Inf,-Inf,987,987,-Inf,-Inf,-Inf,-Inf,-Inf,-Inf,-Inf,-Inf,-Inf,987,987,-Inf,-Inf,-Inf,-Inf,-Inf,-Inf,-Inf,-Inf,-Inf
988,988,-Inf,-Inf,-Inf,-Inf,-Inf,-Inf,-Inf,-Inf,-Inf,988,988,-Inf,-Inf,-Inf,-Inf,-Inf,-Inf,-Inf,-Inf,-Inf,988,988,-Inf,-Inf,-Inf,-Inf,-Inf,-Inf,-Inf,-Inf,-Inf
989,989,-Inf,-Inf,-Inf,-Inf,-Inf,-Inf,-Inf,-Inf,-Inf,989,989,-Inf,-Inf,-Inf,-Inf,-Inf,-Inf,-Inf,-Inf,-Inf,989,989,-Inf,-Inf,-Inf,-Inf,-Inf,-Inf,-Inf,-Inf,-Inf
990,990,-Inf,-Inf,-Inf,-Inf,-Inf,-Inf,-Inf,-Inf,-Inf,990,990,-Inf,-Inf,-Inf,-Inf,-Inf,-Inf,-Inf,-Inf,-Inf,990,990,-Inf,-Inf,-Inf,-Inf,-Inf,-Inf,-Inf,-Inf,-Inf
991,991,-Inf,-Inf,-Inf,-Inf,-Inf,-Inf,-Inf,-Inf,-Inf,991,991,-Inf,-Inf,-Inf,-Inf,-Inf,-Inf,-Inf,-Inf,-Inf,991,991,-Inf,-Inf,-Inf,-Inf,-Inf,-Inf,-Inf,-Inf,-Inf
992,992,-Inf,-Inf,-Inf,-Inf,-Inf,-Inf,-Inf,-Inf,-Inf,992,992,-Inf,-Inf,-Inf,-Inf,-Inf,-Inf,-Inf,-Inf,-Inf,992,992,-Inf,-Inf,-Inf,-Inf,-Inf,-Inf,-Inf,-Inf,-Inf
993,993,-Inf,-Inf,-Inf,-Inf,-Inf,-Inf,-Inf,-Inf,-Inf,993,993,-Inf,-Inf,-Inf,-Inf,-Inf,-Inf,-Inf,-Inf,-Inf,993,993,-Inf,-Inf,-Inf,-Inf,-Inf,-Inf,-Inf,-Inf,-Inf
994,994,-Inf,-Inf,-Inf,-Inf,-Inf,-Inf,-Inf,-Inf,-Inf,994,994,-Inf,-Inf,-Inf,-Inf,-Inf,-Inf,-Inf,-Inf,-Inf,994,994,-Inf,-Inf,-Inf,-Inf,-Inf,-Inf,-Inf,-Inf,-Inf
995,995,-Inf,-Inf,-Inf,-Inf,-Inf,-Inf,-Inf,-Inf,-Inf,995,995,-Inf,-Inf,-Inf,-Inf,-Inf,-Inf,-Inf,-Inf,-Inf,995,995,-Inf,-Inf,-Inf,-Inf,-Inf,-Inf,-Inf,-Inf,-Inf
996,996,-Inf,-Inf,-Inf,-Inf,-Inf,-Inf,-Inf,-Inf,-Inf,996,996,-Inf,-Inf,-Inf,-Inf,-Inf,-Inf,-Inf,-Inf,-Inf,996,996,-Inf,-Inf,-Inf,-Inf,-Inf,-Inf,-Inf,-Inf,-Inf
997,997,-Inf,-Inf,-Inf,-Inf,-Inf,-Inf,-Inf,-Inf,-Inf,997,997,-Inf,-Inf,-Inf,-Inf,-Inf,-Inf,-Inf,-Inf,-Inf,997,997,-Inf,-Inf,-Inf,-Inf,-Inf,-Inf,-Inf,-Inf,-Inf
998,998,-Inf,-Inf,-Inf,-Inf,-Inf,-Inf,-Inf,-Inf,-Inf,998,998,-Inf,-Inf,-Inf,-Inf,-Inf,-Inf,-Inf,-Inf,-Inf,998,998,-Inf,-Inf,-Inf,-Inf,-Inf,-Inf,-Inf,-Inf,-Inf
999,999,-Inf,-Inf,-Inf,-Inf,-Inf,-Inf,-Inf,-Inf,-Inf,999,999,-Inf,-Inf,-Inf,-Inf,-Inf,-Inf,-Inf,-Inf,-Inf,999,999,-Inf,-Inf,-Inf,-Inf,-Inf,-Inf,-Inf,-Inf,-Inf
1000,1000,-Inf,-Inf,-Inf,-Inf,-Inf,-Inf,-Inf,-Inf,-Inf,1000,1000,-Inf,-Inf,-Inf,-Inf,-Inf,-Inf,-Inf,-Inf,-Inf,1000,1000,-Inf,-Inf,-Inf,-Inf,-Inf,-Inf,-Inf,-Inf,-Inf
1001,1001,-Inf,-Inf,-Inf,-Inf,-Inf,-Inf,-Inf,-Inf,-Inf,1001,1001,-Inf,-Inf,-Inf,-Inf,-Inf,-Inf,-Inf,-Inf,-Inf,1001,1001,-Inf,-Inf,-Inf,-Inf,-Inf,-Inf,-Inf,-Inf,-Inf
1002,1002,-Inf,-Inf,-Inf,-Inf,-Inf,-Inf,-Inf,-Inf,-Inf,1002,1002,-Inf,-Inf,-Inf,-Inf,-Inf,-Inf,-Inf,-Inf,-Inf,1002,1002,-Inf,-Inf,-Inf,-Inf,-Inf,-Inf,-Inf,-Inf,-Inf
1003,1003,-Inf,-Inf,-Inf,-Inf,-Inf,-Inf,-Inf,-Inf,-Inf,1003,1003,-Inf,-Inf,-Inf,-Inf,-Inf,-Inf,-Inf,-Inf,-Inf,1003,1003,-Inf,-Inf,-Inf,-Inf,-Inf,-Inf,-Inf,-Inf,-Inf
1004,1004,-Inf,-Inf,-Inf,-Inf,-Inf,-Inf,-Inf,-Inf,-Inf,1004,1004,-Inf,-Inf,-Inf,-Inf,-Inf,-Inf,-Inf,-Inf,-Inf,1004,1004,-Inf,-Inf,-Inf,-Inf,-Inf,-Inf,-Inf,-Inf,-Inf
1005,1005,-Inf,-Inf,-Inf,-Inf,-Inf,-Inf,-Inf,-Inf,-Inf,1005,1005,-Inf,-Inf,-Inf,-Inf,-Inf,-Inf,-Inf,-Inf,-Inf,1005,1005,-Inf,-Inf,-Inf,-Inf,-Inf,-Inf,-Inf,-Inf,-Inf
1006,1006,-Inf,-Inf,-Inf,-Inf,-Inf,-Inf,-Inf,-Inf,-Inf,1006,1006,-Inf,-Inf,-Inf,-Inf,-Inf,-Inf,-Inf,-Inf,-Inf,1006,1006,-Inf,-Inf,-Inf,-Inf,-Inf,-Inf,-Inf,-Inf,-Inf
1007,1007,-Inf,-Inf,-Inf,-Inf,-Inf,-Inf,-Inf,-Inf,-Inf,1007,1007,-Inf,-Inf,-Inf,-Inf,-Inf,-Inf,-Inf,-Inf,-Inf,1007,1007,-Inf,-Inf,-Inf,-Inf,-Inf,-Inf,-Inf,-Inf,-Inf
1008,1008,-Inf,-Inf,-Inf,-Inf,-Inf,-Inf,-Inf,-Inf,-Inf,1008,1008,-Inf,-Inf,-Inf,-Inf,-Inf,-Inf,-Inf,-Inf,-Inf,1008,1008,-Inf,-Inf,-Inf,-Inf,-Inf,-Inf,-Inf,-Inf,-Inf
1009,1009,-Inf,-Inf,-Inf,-Inf,-Inf,-Inf,-Inf,-Inf,-Inf,1009,1009,-Inf,-Inf,-Inf,-Inf,-Inf,-Inf,-Inf,-Inf,-Inf,1009,1009,-Inf,-Inf,-Inf,-Inf,-Inf,-Inf,-Inf,-Inf,-Inf
1010,1010,-Inf,-Inf,-Inf,-Inf,-Inf,-Inf,-Inf,-Inf,-Inf,1010,1010,-Inf,-Inf,-Inf,-Inf,-Inf,-Inf,-Inf,-Inf,-Inf,1010,1010,-Inf,-Inf,-Inf,-Inf,-Inf,-Inf,-Inf,-Inf,-Inf
1011,1011,-Inf,-Inf,-Inf,-Inf,-Inf,-Inf,-Inf,-Inf,-Inf,1011,1011,-Inf,-Inf,-Inf,-Inf,-Inf,-Inf,-Inf,-Inf,-Inf,1011,1011,-Inf,-Inf,-Inf,-Inf,-Inf,-Inf,-Inf,-Inf,-Inf
1012,1012,-Inf,-Inf,-Inf,-Inf,-Inf,-Inf,-Inf,-Inf,-Inf,1012,1012,-Inf,-Inf,-Inf,-Inf,-Inf,-Inf,-Inf,-Inf,-Inf,1012,1012,-Inf,-Inf,-Inf,-Inf,-Inf,-Inf,-Inf,-Inf,-Inf
1013,1013,-Inf,-Inf,-Inf,-Inf,-Inf,-Inf,-Inf,-Inf,-Inf,1013,1013,-Inf,-Inf,-Inf,-Inf,-Inf,-Inf,-Inf,-Inf,-Inf,1013,1013,-Inf,-Inf,-Inf,-Inf,-Inf,-Inf,-Inf,-Inf,-Inf
1014,1014,-Inf,-Inf,-Inf,-Inf,-Inf,-Inf,-Inf,-Inf,-Inf,1014,1014,-Inf,-Inf,-Inf,-Inf,-Inf,-Inf,-Inf,-Inf,-Inf,1014,1014,-Inf,-Inf,-Inf,-Inf,-Inf,-Inf,-Inf,-Inf,-Inf
1015,1015,-Inf,-Inf,-Inf,-Inf,-Inf,-Inf,-Inf,-Inf,-Inf,1015,1015,-Inf,-Inf,-Inf,-Inf,-Inf,-Inf,-Inf,-Inf,-Inf,1015,1015,-Inf,-Inf,-Inf,-Inf,-Inf,-Inf,-Inf,-Inf,-Inf
1016,1016,-Inf,-Inf,-Inf,-Inf,-Inf,-Inf,-Inf,-Inf,-Inf,1016,1016,-Inf,-Inf,-Inf,-Inf,-Inf,-Inf,-Inf,-Inf,-Inf,1016,1016,-Inf,-Inf,-Inf,-Inf,-Inf,-Inf,-Inf,-Inf,-Inf
1017,1017,-Inf,-Inf,-Inf,-Inf,-Inf,-Inf,-Inf,-Inf,-Inf,1017,1017,-Inf,-Inf,-Inf,-Inf,-Inf,-Inf,-Inf,-Inf,-Inf,1017,1017,-Inf,-Inf,-Inf,-Inf,-Inf,-Inf,-Inf,-Inf,-Inf
1018,1018,-Inf,-Inf,-Inf,-Inf,-Inf,-Inf,-Inf,-Inf,-Inf,1018,1018,-Inf,-Inf,-Inf,-Inf,-Inf,-Inf,-Inf,-Inf,-Inf,1018,1018,-Inf,-Inf,-Inf,-Inf,-Inf,-Inf,-Inf,-Inf,-Inf
1019,1019,-Inf,-Inf,-Inf,-Inf,-Inf,-Inf,-Inf,-Inf,-Inf,1019,1019,-Inf,-Inf,-Inf,-Inf,-Inf,-Inf,-Inf,-Inf,-Inf,1019,1019,-Inf,-Inf,-Inf,-Inf,-Inf,-Inf,-Inf,-Inf,-Inf
1020,1020,-Inf,-Inf,-Inf,-Inf,-Inf,-Inf,-Inf,-Inf,-Inf,1020,1020,-Inf,-Inf,-Inf,-Inf,-Inf,-Inf,-Inf,-Inf,-Inf,1020,1020,-Inf,-Inf,-Inf,-Inf,-Inf,-Inf,-Inf,-Inf,-Inf
1021,1021,-Inf,-Inf,-Inf,-Inf,-Inf,-Inf,-Inf,-Inf,-Inf,1021,1021,-Inf,-Inf,-Inf,-Inf,-Inf,-Inf,-Inf,-Inf,-Inf,1021,1021,-Inf,-Inf,-Inf,-Inf,-Inf,-Inf,-Inf,-Inf,-Inf
1022,1022,-Inf,-Inf,-Inf,-Inf,-Inf,-Inf,-Inf,-Inf,-Inf,1022,1022,-Inf,-Inf,-Inf,-Inf,-Inf,-Inf,-Inf,-Inf,-Inf,1022,1022,-Inf,-Inf,-Inf,-Inf,-Inf,-Inf,-Inf,-Inf,-Inf
1023,1023,-Inf,-Inf,-Inf,-Inf,-Inf,-Inf,-Inf,-Inf,-Inf,1023,1023,-Inf,-Inf,-Inf,-Inf,-Inf,-Inf,-Inf,-Inf,-Inf,1023,1023,-Inf,-Inf,-Inf,-Inf,-Inf,-Inf,-Inf,-Inf,-Inf
1024,1024,-Inf,-Inf,-Inf,-Inf,-Inf,-Inf,-Inf,-Inf,-Inf,1024,1024,-Inf,-Inf,-Inf,-Inf,-Inf,-Inf,-Inf,-Inf,-Inf,1024,1024,-Inf,-Inf,-Inf,-Inf,-Inf,-Inf,-Inf,-Inf,-Inf
1025,1025,-Inf,-Inf,-Inf,-Inf,-Inf,-Inf,-Inf,-Inf,-Inf,1025,1025,-Inf,-Inf,-Inf,-Inf,-Inf,-Inf,-Inf,-Inf,-Inf,1025,1025,-Inf,-Inf,-Inf,-Inf,-Inf,-Inf,-Inf,-Inf,-Inf
1026,1026,-Inf,-Inf,-Inf,-Inf,-Inf,-Inf,-Inf,-Inf,-Inf,1026,1026,-Inf,-Inf,-Inf,-Inf,-Inf,-Inf,-Inf,-Inf,-Inf,1026,1026,-Inf,-Inf,-Inf,-Inf,-Inf,-Inf,-Inf,-Inf,-Inf
1027,1027,-Inf,-Inf,-Inf,-Inf,-Inf,-Inf,-Inf,-Inf,-Inf,1027,1027,-Inf,-Inf,-Inf,-Inf,-Inf,-Inf,-Inf,-Inf,-Inf,1027,1027,-Inf,-Inf,-Inf,-Inf,-Inf,-Inf,-Inf,-Inf,-Inf
1028,1028,-Inf,-Inf,-Inf,-Inf,-Inf,-Inf,-Inf,-Inf,-Inf,1028,1028,-Inf,-Inf,-Inf,-Inf,-Inf,-Inf,-Inf,-Inf,-Inf,1028,1028,-Inf,-Inf,-Inf,-Inf,-Inf,-Inf,-Inf,-Inf,-Inf
1029,1029,-Inf,-Inf,-Inf,-Inf,-Inf,-Inf,-Inf,-Inf,-Inf,1029,1029,-Inf,-Inf,-Inf,-Inf,-Inf,-Inf,-Inf,-Inf,-Inf,1029,1029,-Inf,-Inf,-Inf,-Inf,-Inf,-Inf,-Inf,-Inf,-Inf
1030,1030,-Inf,-Inf,-Inf,-Inf,-Inf,-Inf,-Inf,-Inf,-Inf,1030,1030,-Inf,-Inf,-Inf,-Inf,-Inf,-Inf,-Inf,-Inf,-Inf,1030,1030,-Inf,-Inf,-Inf,-Inf,-Inf,-Inf,-Inf,-Inf,-Inf
1031,1031,-Inf,-Inf,-Inf,-Inf,-Inf,-Inf,-Inf,-Inf,-Inf,1031,1031,-Inf,-Inf,-Inf,-Inf,-Inf,-Inf,-Inf,-Inf,-Inf,1031,1031,-Inf,-Inf,-Inf,-Inf,-Inf,-Inf,-Inf,-Inf,-Inf
1032,1032,-Inf,-Inf,-Inf,-Inf,-Inf,-Inf,-Inf,-Inf,-Inf,1032,1032,-Inf,-Inf,-Inf,-Inf,-Inf,-Inf,-Inf,-Inf,-Inf,1032,1032,-Inf,-Inf,-Inf,-Inf,-Inf,-Inf,-Inf,-Inf,-Inf
1033,1033,-Inf,-Inf,-Inf,-Inf,-Inf,-Inf,-Inf,-Inf,-Inf,1033,1033,-Inf,-Inf,-Inf,-Inf,-Inf,-Inf,-Inf,-Inf,-Inf,1033,1033,-Inf,-Inf,-Inf,-Inf,-Inf,-Inf,-Inf,-Inf,-Inf
1034,1034,-Inf,-Inf,-Inf,-Inf,-Inf,-Inf,-Inf,-Inf,-Inf,1034,1034,-Inf,-Inf,-Inf,-Inf,-Inf,-Inf,-Inf,-Inf,-Inf,1034,1034,-Inf,-Inf,-Inf,-Inf,-Inf,-Inf,-Inf,-Inf,-Inf
1035,1035,-Inf,-Inf,-Inf,-Inf,-Inf,-Inf,-Inf,-Inf,-Inf,1035,1035,-Inf,-Inf,-Inf,-Inf,-Inf,-Inf,-Inf,-Inf,-Inf,1035,1035,-Inf,-Inf,-Inf,-Inf,-Inf,-Inf,-Inf,-Inf,-Inf
1036,1036,-Inf,-Inf,-Inf,-Inf,-Inf,-Inf,-Inf,-Inf,-Inf,1036,1036,-Inf,-Inf,-Inf,-Inf,-Inf,-Inf,-Inf,-Inf,-Inf,1036,1036,-Inf,-Inf,-Inf,-Inf,-Inf,-Inf,-Inf,-Inf,-Inf
1037,1037,-Inf,-Inf,-Inf,-Inf,-Inf,-Inf,-Inf,-Inf,-Inf,1037,1037,-Inf,-Inf,-Inf,-Inf,-Inf,-Inf,-Inf,-Inf,-Inf,1037,1037,-Inf,-Inf,-Inf,-Inf,-Inf,-Inf,-Inf,-Inf,-Inf
1038,1038,-Inf,-Inf,-Inf,-Inf,-Inf,-Inf,-Inf,-Inf,-Inf,1038,1038,-Inf,-Inf,-Inf,-Inf,-Inf,-Inf,-Inf,-Inf,-Inf,1038,1038,-Inf,-Inf,-Inf,-Inf,-Inf,-Inf,-Inf,-Inf,-Inf
1039,1039,-Inf,-Inf,-Inf,-Inf,-Inf,-Inf,-Inf,-Inf,-Inf,1039,1039,-Inf,-Inf,-Inf,-Inf,-Inf,-Inf,-Inf,-Inf,-Inf,1039,1039,-Inf,-Inf,-Inf,-Inf,-Inf,-Inf,-Inf,-Inf,-Inf
1040,1040,-Inf,-Inf,-Inf,-Inf,-Inf,-Inf,-Inf,-Inf,-Inf,1040,1040,-Inf,-Inf,-Inf,-Inf,-Inf,-Inf,-Inf,-Inf,-Inf,1040,1040,-Inf,-Inf,-Inf,-Inf,-Inf,-Inf,-Inf,-Inf,-Inf
1041,1041,-Inf,-Inf,-Inf,-Inf,-Inf,-Inf,-Inf,-Inf,-Inf,1041,1041,-Inf,-Inf,-Inf,-Inf,-Inf,-Inf,-Inf,-Inf,-Inf,1041,1041,-Inf,-Inf,-Inf,-Inf,-Inf,-Inf,-Inf,-Inf,-Inf
1042,1042,-Inf,-Inf,-Inf,-Inf,-Inf,-Inf,-Inf,-Inf,-Inf,1042,1042,-Inf,-Inf,-Inf,-Inf,-Inf,-Inf,-Inf,-Inf,-Inf,1042,1042,-Inf,-Inf,-Inf,-Inf,-Inf,-Inf,-Inf,-Inf,-Inf
1043,1043,-Inf,-Inf,-Inf,-Inf,-Inf,-Inf,-Inf,-Inf,-Inf,1043,1043,-Inf,-Inf,-Inf,-Inf,-Inf,-Inf,-Inf,-Inf,-Inf,1043,1043,-Inf,-Inf,-Inf,-Inf,-Inf,-Inf,-Inf,-Inf,-Inf
1044,1044,-Inf,-Inf,-Inf,-Inf,-Inf,-Inf,-Inf,-Inf,-Inf,1044,1044,-Inf,-Inf,-Inf,-Inf,-Inf,-Inf,-Inf,-Inf,-Inf,1044,1044,-Inf,-Inf,-Inf,-Inf,-Inf,-Inf,-Inf,-Inf,-Inf
1045,1045,-Inf,-Inf,-Inf,-Inf,-Inf,-Inf,-Inf,-Inf,-Inf,1045,1045,-Inf,-Inf,-Inf,-Inf,-Inf,-Inf,-Inf,-Inf,-Inf,1045,1045,-Inf,-Inf,-Inf,-Inf,-Inf,-Inf,-Inf,-Inf,-Inf
1046,1046,-Inf,-Inf,-Inf,-Inf,-Inf,-Inf,-Inf,-Inf,-Inf,1046,1046,-Inf,-Inf,-Inf,-Inf,-Inf,-Inf,-Inf,-Inf,-Inf,1046,1046,-Inf,-Inf,-Inf,-Inf,-Inf,-Inf,-Inf,-Inf,-Inf
1047,1047,-Inf,-Inf,-Inf,-Inf,-Inf,-Inf,-Inf,-Inf,-Inf,1047,1047,-Inf,-Inf,-Inf,-Inf,-Inf,-Inf,-Inf,-Inf,-Inf,1047,1047,-Inf,-Inf,-Inf,-Inf,-Inf,-Inf,-Inf,-Inf,-Inf
1048,1048,-Inf,-Inf,-Inf,-Inf,-Inf,-Inf,-Inf,-Inf,-Inf,1048,1048,-Inf,-Inf,-Inf,-Inf,-Inf,-Inf,-Inf,-Inf,-Inf,1048,1048,-Inf,-Inf,-Inf,-Inf,-Inf,-Inf,-Inf,-Inf,-Inf
1049,1049,-Inf,-Inf,-Inf,-Inf,-Inf,-Inf,-Inf,-Inf,-Inf,1049,1049,-Inf,-Inf,-Inf,-Inf,-Inf,-Inf,-Inf,-Inf,-Inf,1049,1049,-Inf,-Inf,-Inf,-Inf,-Inf,-Inf,-Inf,-Inf,-Inf
1050,1050,-Inf,-Inf,-Inf,-Inf,-Inf,-Inf,-Inf,-Inf,-Inf,1050,1050,-Inf,-Inf,-Inf,-Inf,-Inf,-Inf,-Inf,-Inf,-Inf,1050,1050,-Inf,-Inf,-Inf,-Inf,-Inf,-Inf,-Inf,-Inf,-Inf
1051,1051,-Inf,-Inf,-Inf,-Inf,-Inf,-Inf,-Inf,-Inf,-Inf,1051,1051,-Inf,-Inf,-Inf,-Inf,-Inf,-Inf,-Inf,-Inf,-Inf,1051,1051,-Inf,-Inf,-Inf,-Inf,-Inf,-Inf,-Inf,-Inf,-Inf
1052,1052,-Inf,-Inf,-Inf,-Inf,-Inf,-Inf,-Inf,-Inf,-Inf,1052,1052,-Inf,-Inf,-Inf,-Inf,-Inf,-Inf,-Inf,-Inf,-Inf,1052,1052,-Inf,-Inf,-Inf,-Inf,-Inf,-Inf,-Inf,-Inf,-Inf
1053,1053,-Inf,-Inf,-Inf,-Inf,-Inf,-Inf,-Inf,-Inf,-Inf,1053,1053,-Inf,-Inf,-Inf,-Inf,-Inf,-Inf,-Inf,-Inf,-Inf,1053,1053,-Inf,-Inf,-Inf,-Inf,-Inf,-Inf,-Inf,-Inf,-Inf
1054,1054,-Inf,-Inf,-Inf,-Inf,-Inf,-Inf,-Inf,-Inf,-Inf,1054,1054,-Inf,-Inf,-Inf,-Inf,-Inf,-Inf,-Inf,-Inf,-Inf,1054,1054,-Inf,-Inf,-Inf,-Inf,-Inf,-Inf,-Inf,-Inf,-Inf
1055,1055,-Inf,-Inf,-Inf,-Inf,-Inf,-Inf,-Inf,-Inf,-Inf,1055,1055,-Inf,-Inf,-Inf,-Inf,-Inf,-Inf,-Inf,-Inf,-Inf,1055,1055,-Inf,-Inf,-Inf,-Inf,-Inf,-Inf,-Inf,-Inf,-Inf
1056,1056,-Inf,-Inf,-Inf,-Inf,-Inf,-Inf,-Inf,-Inf,-Inf,1056,1056,-Inf,-Inf,-Inf,-Inf,-Inf,-Inf,-Inf,-Inf,-Inf,1056,1056,-Inf,-Inf,-Inf,-Inf,-Inf,-Inf,-Inf,-Inf,-Inf
1057,1057,-Inf,-Inf,-Inf,-Inf,-Inf,-Inf,-Inf,-Inf,-Inf,1057,1057,-Inf,-Inf,-Inf,-Inf,-Inf,-Inf,-Inf,-Inf,-Inf,1057,1057,-Inf,-Inf,-Inf,-Inf,-Inf,-Inf,-Inf,-Inf,-Inf
1058,1058,-Inf,-Inf,-Inf,-Inf,-Inf,-Inf,-Inf,-Inf,-Inf,1058,1058,-Inf,-Inf,-Inf,-Inf,-Inf,-Inf,-Inf,-Inf,-Inf,1058,1058,-Inf,-Inf,-Inf,-Inf,-Inf,-Inf,-Inf,-Inf,-Inf
1059,1059,-Inf,-Inf,-Inf,-Inf,-Inf,-Inf,-Inf,-Inf,-Inf,1059,1059,-Inf,-Inf,-Inf,-Inf,-Inf,-Inf,-Inf,-Inf,-Inf,1059,1059,-Inf,-Inf,-Inf,-Inf,-Inf,-Inf,-Inf,-Inf,-Inf
1060,1060,-Inf,-Inf,-Inf,-Inf,-Inf,-Inf,-Inf,-Inf,-Inf,1060,1060,-Inf,-Inf,-Inf,-Inf,-Inf,-Inf,-Inf,-Inf,-Inf,1060,1060,-Inf,-Inf,-Inf,-Inf,-Inf,-Inf,-Inf,-Inf,-Inf
1061,1061,-Inf,-Inf,-Inf,-Inf,-Inf,-Inf,-Inf,-Inf,-Inf,1061,1061,-Inf,-Inf,-Inf,-Inf,-Inf,-Inf,-Inf,-Inf,-Inf,1061,1061,-Inf,-Inf,-Inf,-Inf,-Inf,-Inf,-Inf,-Inf,-Inf
1062,1062,-Inf,-Inf,-Inf,-Inf,-Inf,-Inf,-Inf,-Inf,-Inf,1062,1062,-Inf,-Inf,-Inf,-Inf,-Inf,-Inf,-Inf,-Inf,-Inf,1062,1062,-Inf,-Inf,-Inf,-Inf,-Inf,-Inf,-Inf,-Inf,-Inf
1063,1063,-Inf,-Inf,-Inf,-Inf,-Inf,-Inf,-Inf,-Inf,-Inf,1063,1063,-Inf,-Inf,-Inf,-Inf,-Inf,-Inf,-Inf,-Inf,-Inf,1063,1063,-Inf,-Inf,-Inf,-Inf,-Inf,-Inf,-Inf,-Inf,-Inf
1064,1064,-Inf,-Inf,-Inf,-Inf,-Inf,-Inf,-Inf,-Inf,-Inf,1064,1064,-Inf,-Inf,-Inf,-Inf,-Inf,-Inf,-Inf,-Inf,-Inf,1064,1064,-Inf,-Inf,-Inf,-Inf,-Inf,-Inf,-Inf,-Inf,-Inf
1065,1065,-Inf,-Inf,-Inf,-Inf,-Inf,-Inf,-Inf,-Inf,-Inf,1065,1065,-Inf,-Inf,-Inf,-Inf,-Inf,-Inf,-Inf,-Inf,-Inf,1065,1065,-Inf,-Inf,-Inf,-Inf,-Inf,-Inf,-Inf,-Inf,-Inf
1066,1066,-Inf,-Inf,-Inf,-Inf,-Inf,-Inf,-Inf,-Inf,-Inf,1066,1066,-Inf,-Inf,-Inf,-Inf,-Inf,-Inf,-Inf,-Inf,-Inf,1066,1066,-Inf,-Inf,-Inf,-Inf,-Inf,-Inf,-Inf,-Inf,-Inf
1067,1067,-Inf,-Inf,-Inf,-Inf,-Inf,-Inf,-Inf,-Inf,-Inf,1067,1067,-Inf,-Inf,-Inf,-Inf,-Inf,-Inf,-Inf,-Inf,-Inf,1067,1067,-Inf,-Inf,-Inf,-Inf,-Inf,-Inf,-Inf,-Inf,-Inf
1068,1068,-Inf,-Inf,-Inf,-Inf,-Inf,-Inf,-Inf,-Inf,-Inf,1068,1068,-Inf,-Inf,-Inf,-Inf,-Inf,-Inf,-Inf,-Inf,-Inf,1068,1068,-Inf,-Inf,-Inf,-Inf,-Inf,-Inf,-Inf,-Inf,-Inf
1069,1069,-Inf,-Inf,-Inf,-Inf,-Inf,-Inf,-Inf,-Inf,-Inf,1069,1069,-Inf,-Inf,-Inf,-Inf,-Inf,-Inf,-Inf,-Inf,-Inf,1069,1069,-Inf,-Inf,-Inf,-Inf,-Inf,-Inf,-Inf,-Inf,-Inf
1070,1070,-Inf,-Inf,-Inf,-Inf,-Inf,-Inf,-Inf,-Inf,-Inf,1070,1070,-Inf,-Inf,-Inf,-Inf,-Inf,-Inf,-Inf,-Inf,-Inf,1070,1070,-Inf,-Inf,-Inf,-Inf,-Inf,-Inf,-Inf,-Inf,-Inf
1071,1071,-Inf,-Inf,-Inf,-Inf,-Inf,-Inf,-Inf,-Inf,-Inf,1071,1071,-Inf,-Inf,-Inf,-Inf,-Inf,-Inf,-Inf,-Inf,-Inf,1071,1071,-Inf,-Inf,-Inf,-Inf,-Inf,-Inf,-Inf,-Inf,-Inf
1072,1072,-Inf,-Inf,-Inf,-Inf,-Inf,-Inf,-Inf,-Inf,-Inf,1072,1072,-Inf,-Inf,-Inf,-Inf,-Inf,-Inf,-Inf,-Inf,-Inf,1072,1072,-Inf,-Inf,-Inf,-Inf,-Inf,-Inf,-Inf,-Inf,-Inf
1073,1073,-Inf,-Inf,-Inf,-Inf,-Inf,-Inf,-Inf,-Inf,-Inf,1073,1073,-Inf,-Inf,-Inf,-Inf,-Inf,-Inf,-Inf,-Inf,-Inf,1073,1073,-Inf,-Inf,-Inf,-Inf,-Inf,-Inf,-Inf,-Inf,-Inf
1074,1074,-Inf,-Inf,-Inf,-Inf,-Inf,-Inf,-Inf,-Inf,-Inf,1074,1074,-Inf,-Inf,-Inf,-Inf,-Inf,-Inf,-Inf,-Inf,-Inf,1074,1074,-Inf,-Inf,-Inf,-Inf,-Inf,-Inf,-Inf,-Inf,-Inf
1075,1075,-Inf,-Inf,-Inf,-Inf,-Inf,-Inf,-Inf,-Inf,-Inf,1075,1075,-Inf,-Inf,-Inf,-Inf,-Inf,-Inf,-Inf,-Inf,-Inf,1075,1075,-Inf,-Inf,-Inf,-Inf,-Inf,-Inf,-Inf,-Inf,-Inf
1076,1076,-Inf,-Inf,-Inf,-Inf,-Inf,-Inf,-Inf,-Inf,-Inf,1076,1076,-Inf,-Inf,-Inf,-Inf,-Inf,-Inf,-Inf,-Inf,-Inf,1076,1076,-Inf,-Inf,-Inf,-Inf,-Inf,-Inf,-Inf,-Inf,-Inf
1077,1077,-Inf,-Inf,-Inf,-Inf,-Inf,-Inf,-Inf,-Inf,-Inf,1077,1077,-Inf,-Inf,-Inf,-Inf,-Inf,-Inf,-Inf,-Inf,-Inf,1077,1077,-Inf,-Inf,-Inf,-Inf,-Inf,-Inf,-Inf,-Inf,-Inf
1078,1078,-Inf,-Inf,-Inf,-Inf,-Inf,-Inf,-Inf,-Inf,-Inf,1078,1078,-Inf,-Inf,-Inf,-Inf,-Inf,-Inf,-Inf,-Inf,-Inf,1078,1078,-Inf,-Inf,-Inf,-Inf,-Inf,-Inf,-Inf,-Inf,-Inf
1079,1079,-Inf,-Inf,-Inf,-Inf,-Inf,-Inf,-Inf,-Inf,-Inf,1079,1079,-Inf,-Inf,-Inf,-Inf,-Inf,-Inf,-Inf,-Inf,-Inf,1079,1079,-Inf,-Inf,-Inf,-Inf,-Inf,-Inf,-Inf,-Inf,-Inf
1080,1080,-Inf,-Inf,-Inf,-Inf,-Inf,-Inf,-Inf,-Inf,-Inf,1080,1080,-Inf,-Inf,-Inf,-Inf,-Inf,-Inf,-Inf,-Inf,-Inf,1080,1080,-Inf,-Inf,-Inf,-Inf,-Inf,-Inf,-Inf,-Inf,-Inf
1081,1081,-Inf,-Inf,-Inf,-Inf,-Inf,-Inf,-Inf,-Inf,-Inf,1081,1081,-Inf,-Inf,-Inf,-Inf,-Inf,-Inf,-Inf,-Inf,-Inf,1081,1081,-Inf,-Inf,-Inf,-Inf,-Inf,-Inf,-Inf,-Inf,-Inf
1082,1082,-Inf,-Inf,-Inf,-Inf,-Inf,-Inf,-Inf,-Inf,-Inf,1082,1082,-Inf,-Inf,-Inf,-Inf,-Inf,-Inf,-Inf,-Inf,-Inf,1082,1082,-Inf,-Inf,-Inf,-Inf,-Inf,-Inf,-Inf,-Inf,-Inf
1083,1083,-Inf,-Inf,-Inf,-Inf,-Inf,-Inf,-Inf,-Inf,-Inf,1083,1083,-Inf,-Inf,-Inf,-Inf,-Inf,-Inf,-Inf,-Inf,-Inf,1083,1083,-Inf,-Inf,-Inf,-Inf,-Inf,-Inf,-Inf,-Inf,-Inf
1084,1084,-Inf,-Inf,-Inf,-Inf,-Inf,-Inf,-Inf,-Inf,-Inf,1084,1084,-Inf,-Inf,-Inf,-Inf,-Inf,-Inf,-Inf,-Inf,-Inf,1084,1084,-Inf,-Inf,-Inf,-Inf,-Inf,-Inf,-Inf,-Inf,-Inf
1085,1085,-Inf,-Inf,-Inf,-Inf,-Inf,-Inf,-Inf,-Inf,-Inf,1085,1085,-Inf,-Inf,-Inf,-Inf,-Inf,-Inf,-Inf,-Inf,-Inf,1085,1085,-Inf,-Inf,-Inf,-Inf,-Inf,-Inf,-Inf,-Inf,-Inf
1086,1086,-Inf,-Inf,-Inf,-Inf,-Inf,-Inf,-Inf,-Inf,-Inf,1086,1086,-Inf,-Inf,-Inf,-Inf,-Inf,-Inf,-Inf,-Inf,-Inf,1086,1086,-Inf,-Inf,-Inf,-Inf,-Inf,-Inf,-Inf,-Inf,-Inf
1087,1087,-Inf,-Inf,-Inf,-Inf,-Inf,-Inf,-Inf,-Inf,-Inf,1087,1087,-Inf,-Inf,-Inf,-Inf,-Inf,-Inf,-Inf,-Inf,-Inf,1087,1087,-Inf,-Inf,-Inf,-Inf,-Inf,-Inf,-Inf,-Inf,-Inf
1088,1088,-Inf,-Inf,-Inf,-Inf,-Inf,-Inf,-Inf,-Inf,-Inf,1088,1088,-Inf,-Inf,-Inf,-Inf,-Inf,-Inf,-Inf,-Inf,-Inf,1088,1088,-Inf,-Inf,-Inf,-Inf,-Inf,-Inf,-Inf,-Inf,-Inf
1089,1089,-Inf,-Inf,-Inf,-Inf,-Inf,-Inf,-Inf,-Inf,-Inf,1089,1089,-Inf,-Inf,-Inf,-Inf,-Inf,-Inf,-Inf,-Inf,-Inf,1089,1089,-Inf,-Inf,-Inf,-Inf,-Inf,-Inf,-Inf,-Inf,-Inf
1090,1090,-Inf,-Inf,-Inf,-Inf,-Inf,-Inf,-Inf,-Inf,-Inf,1090,1090,-Inf,-Inf,-Inf,-Inf,-Inf,-Inf,-Inf,-Inf,-Inf,1090,1090,-Inf,-Inf,-Inf,-Inf,-Inf,-Inf,-Inf,-Inf,-Inf
1091,1091,-Inf,-Inf,-Inf,-Inf,-Inf,-Inf,-Inf,-Inf,-Inf,1091,1091,-Inf,-Inf,-Inf,-Inf,-Inf,-Inf,-Inf,-Inf,-Inf,1091,1091,-Inf,-Inf,-Inf,-Inf,-Inf,-Inf,-Inf,-Inf,-Inf
1092,1092,-Inf,-Inf,-Inf,-Inf,-Inf,-Inf,-Inf,-Inf,-Inf,1092,1092,-Inf,-Inf,-Inf,-Inf,-Inf,-Inf,-Inf,-Inf,-Inf,1092,1092,-Inf,-Inf,-Inf,-Inf,-Inf,-Inf,-Inf,-Inf,-Inf
1093,1093,-Inf,-Inf,-Inf,-Inf,-Inf,-Inf,-Inf,-Inf,-Inf,1093,1093,-Inf,-Inf,-Inf,-Inf,-Inf,-Inf,-Inf,-Inf,-Inf,1093,1093,-Inf,-Inf,-Inf,-Inf,-Inf,-Inf,-Inf,-Inf,-Inf
1094,1094,-Inf,-Inf,-Inf,-Inf,-Inf,-Inf,-Inf,-Inf,-Inf,1094,1094,-Inf,-Inf,-Inf,-Inf,-Inf,-Inf,-Inf,-Inf,-Inf,1094,1094,-Inf,-Inf,-Inf,-Inf,-Inf,-Inf,-Inf,-Inf,-Inf
1095,1095,-Inf,-Inf,-Inf,-Inf,-Inf,-Inf,-Inf,-Inf,-Inf,1095,1095,-Inf,-Inf,-Inf,-Inf,-Inf,-Inf,-Inf,-Inf,-Inf,1095,1095,-Inf,-Inf,-Inf,-Inf,-Inf,-Inf,-Inf,-Inf,-Inf
1096,1096,-Inf,-Inf,-Inf,-Inf,-Inf,-Inf,-Inf,-Inf,-Inf,1096,1096,-Inf,-Inf,-Inf,-Inf,-Inf,-Inf,-Inf,-Inf,-Inf,1096,1096,-Inf,-Inf,-Inf,-Inf,-Inf,-Inf,-Inf,-Inf,-Inf
1097,1097,-Inf,-Inf,-Inf,-Inf,-Inf,-Inf,-Inf,-Inf,-Inf,1097,1097,-Inf,-Inf,-Inf,-Inf,-Inf,-Inf,-Inf,-Inf,-Inf,1097,1097,-Inf,-Inf,-Inf,-Inf,-Inf,-Inf,-Inf,-Inf,-Inf
1098,1098,-Inf,-Inf,-Inf,-Inf,-Inf,-Inf,-Inf,-Inf,-Inf,1098,1098,-Inf,-Inf,-Inf,-Inf,-Inf,-Inf,-Inf,-Inf,-Inf,1098,1098,-Inf,-Inf,-Inf,-Inf,-Inf,-Inf,-Inf,-Inf,-Inf
1099,1099,-Inf,-Inf,-Inf,-Inf,-Inf,-Inf,-Inf,-Inf,-Inf,1099,1099,-Inf,-Inf,-Inf,-Inf,-Inf,-Inf,-Inf,-Inf,-Inf,1099,1099,-Inf,-Inf,-Inf,-Inf,-Inf,-Inf,-Inf,-Inf,-Inf
1100,1100,-Inf,-Inf,-Inf,-Inf,-Inf,-Inf,-Inf,-Inf,-Inf,1100,1100,-Inf,-Inf,-Inf,-Inf,-Inf,-Inf,-Inf,-Inf,-Inf,1100,1100,-Inf,-Inf,-Inf,-Inf,-Inf,-Inf,-Inf,-Inf,-Inf
1101,1101,-Inf,-Inf,-Inf,-Inf,-Inf,-Inf,-Inf,-Inf,-Inf,1101,1101,-Inf,-Inf,-Inf,-Inf,-Inf,-Inf,-Inf,-Inf,-Inf,1101,1101,-Inf,-Inf,-Inf,-Inf,-Inf,-Inf,-Inf,-Inf,-Inf
1102,1102,-Inf,-Inf,-Inf,-Inf,-Inf,-Inf,-Inf,-Inf,-Inf,1102,1102,-Inf,-Inf,-Inf,-Inf,-Inf,-Inf,-Inf,-Inf,-Inf,1102,1102,-Inf,-Inf,-Inf,-Inf,-Inf,-Inf,-Inf,-Inf,-Inf
1103,1103,-Inf,-Inf,-Inf,-Inf,-Inf,-Inf,-Inf,-Inf,-Inf,1103,1103,-Inf,-Inf,-Inf,-Inf,-Inf,-Inf,-Inf,-Inf,-Inf,1103,1103,-Inf,-Inf,-Inf,-Inf,-Inf,-Inf,-Inf,-Inf,-Inf
1104,1104,-Inf,-Inf,-Inf,-Inf,-Inf,-Inf,-Inf,-Inf,-Inf,1104,1104,-Inf,-Inf,-Inf,-Inf,-Inf,-Inf,-Inf,-Inf,-Inf,1104,1104,-Inf,-Inf,-Inf,-Inf,-Inf,-Inf,-Inf,-Inf,-Inf
1105,1105,-Inf,-Inf,-Inf,-Inf,-Inf,-Inf,-Inf,-Inf,-Inf,1105,1105,-Inf,-Inf,-Inf,-Inf,-Inf,-Inf,-Inf,-Inf,-Inf,1105,1105,-Inf,-Inf,-Inf,-Inf,-Inf,-Inf,-Inf,-Inf,-Inf
1106,1106,-Inf,-Inf,-Inf,-Inf,-Inf,-Inf,-Inf,-Inf,-Inf,1106,1106,-Inf,-Inf,-Inf,-Inf,-Inf,-Inf,-Inf,-Inf,-Inf,1106,1106,-Inf,-Inf,-Inf,-Inf,-Inf,-Inf,-Inf,-Inf,-Inf
1107,1107,-Inf,-Inf,-Inf,-Inf,-Inf,-Inf,-Inf,-Inf,-Inf,1107,1107,-Inf,-Inf,-Inf,-Inf,-Inf,-Inf,-Inf,-Inf,-Inf,1107,1107,-Inf,-Inf,-Inf,-Inf,-Inf,-Inf,-Inf,-Inf,-Inf
1108,1108,-Inf,-Inf,-Inf,-Inf,-Inf,-Inf,-Inf,-Inf,-Inf,1108,1108,-Inf,-Inf,-Inf,-Inf,-Inf,-Inf,-Inf,-Inf,-Inf,1108,1108,-Inf,-Inf,-Inf,-Inf,-Inf,-Inf,-Inf,-Inf,-Inf
1109,1109,-Inf,-Inf,-Inf,-Inf,-Inf,-Inf,-Inf,-Inf,-Inf,1109,1109,-Inf,-Inf,-Inf,-Inf,-Inf,-Inf,-Inf,-Inf,-Inf,1109,1109,-Inf,-Inf,-Inf,-Inf,-Inf,-Inf,-Inf,-Inf,-Inf
1110,1110,-Inf,-Inf,-Inf,-Inf,-Inf,-Inf,-Inf,-Inf,-Inf,1110,1110,-Inf,-Inf,-Inf,-Inf,-Inf,-Inf,-Inf,-Inf,-Inf,1110,1110,-Inf,-Inf,-Inf,-Inf,-Inf,-Inf,-Inf,-Inf,-Inf
1111,1111,-Inf,-Inf,-Inf,-Inf,-Inf,-Inf,-Inf,-Inf,-Inf,1111,1111,-Inf,-Inf,-Inf,-Inf,-Inf,-Inf,-Inf,-Inf,-Inf,1111,1111,-Inf,-Inf,-Inf,-Inf,-Inf,-Inf,-Inf,-Inf,-Inf
1112,1112,-Inf,-Inf,-Inf,-Inf,-Inf,-Inf,-Inf,-Inf,-Inf,1112,1112,-Inf,-Inf,-Inf,-Inf,-Inf,-Inf,-Inf,-Inf,-Inf,1112,1112,-Inf,-Inf,-Inf,-Inf,-Inf,-Inf,-Inf,-Inf,-Inf
1113,1113,-Inf,-Inf,-Inf,-Inf,-Inf,-Inf,-Inf,-Inf,-Inf,1113,1113,-Inf,-Inf,-Inf,-Inf,-Inf,-Inf,-Inf,-Inf,-Inf,1113,1113,-Inf,-Inf,-Inf,-Inf,-Inf,-Inf,-Inf,-Inf,-Inf
1114,1114,-Inf,-Inf,-Inf,-Inf,-Inf,-Inf,-Inf,-Inf,-Inf,1114,1114,-Inf,-Inf,-Inf,-Inf,-Inf,-Inf,-Inf,-Inf,-Inf,1114,1114,-Inf,-Inf,-Inf,-Inf,-Inf,-Inf,-Inf,-Inf,-Inf
1115,1115,-Inf,-Inf,-Inf,-Inf,-Inf,-Inf,-Inf,-Inf,-Inf,1115,1115,-Inf,-Inf,-Inf,-Inf,-Inf,-Inf,-Inf,-Inf,-Inf,1115,1115,-Inf,-Inf,-Inf,-Inf,-Inf,-Inf,-Inf,-Inf,-Inf
1116,1116,-Inf,-Inf,-Inf,-Inf,-Inf,-Inf,-Inf,-Inf,-Inf,1116,1116,-Inf,-Inf,-Inf,-Inf,-Inf,-Inf,-Inf,-Inf,-Inf,1116,1116,-Inf,-Inf,-Inf,-Inf,-Inf,-Inf,-Inf,-Inf,-Inf
1117,1117,-Inf,-Inf,-Inf,-Inf,-Inf,-Inf,-Inf,-Inf,-Inf,1117,1117,-Inf,-Inf,-Inf,-Inf,-Inf,-Inf,-Inf,-Inf,-Inf,1117,1117,-Inf,-Inf,-Inf,-Inf,-Inf,-Inf,-Inf,-Inf,-Inf
1118,1118,-Inf,-Inf,-Inf,-Inf,-Inf,-Inf,-Inf,-Inf,-Inf,1118,1118,-Inf,-Inf,-Inf,-Inf,-Inf,-Inf,-Inf,-Inf,-Inf,1118,1118,-Inf,-Inf,-Inf,-Inf,-Inf,-Inf,-Inf,-Inf,-Inf
1119,1119,-Inf,-Inf,-Inf,-Inf,-Inf,-Inf,-Inf,-Inf,-Inf,1119,1119,-Inf,-Inf,-Inf,-Inf,-Inf,-Inf,-Inf,-Inf,-Inf,1119,1119,-Inf,-Inf,-Inf,-Inf,-Inf,-Inf,-Inf,-Inf,-Inf
1120,1120,-Inf,-Inf,-Inf,-Inf,-Inf,-Inf,-Inf,-Inf,-Inf,1120,1120,-Inf,-Inf,-Inf,-Inf,-Inf,-Inf,-Inf,-Inf,-Inf,1120,1120,-Inf,-Inf,-Inf,-Inf,-Inf,-Inf,-Inf,-Inf,-Inf
1121,1121,-Inf,-Inf,-Inf,-Inf,-Inf,-Inf,-Inf,-Inf,-Inf,1121,1121,-Inf,-Inf,-Inf,-Inf,-Inf,-Inf,-Inf,-Inf,-Inf,1121,1121,-Inf,-Inf,-Inf,-Inf,-Inf,-Inf,-Inf,-Inf,-Inf
1122,1122,-Inf,-Inf,-Inf,-Inf,-Inf,-Inf,-Inf,-Inf,-Inf,1122,1122,-Inf,-Inf,-Inf,-Inf,-Inf,-Inf,-Inf,-Inf,-Inf,1122,1122,-Inf,-Inf,-Inf,-Inf,-Inf,-Inf,-Inf,-Inf,-Inf
1123,1123,-Inf,-Inf,-Inf,-Inf,-Inf,-Inf,-Inf,-Inf,-Inf,1123,1123,-Inf,-Inf,-Inf,-Inf,-Inf,-Inf,-Inf,-Inf,-Inf,1123,1123,-Inf,-Inf,-Inf,-Inf,-Inf,-Inf,-Inf,-Inf,-Inf
1124,1124,-Inf,-Inf,-Inf,-Inf,-Inf,-Inf,-Inf,-Inf,-Inf,1124,1124,-Inf,-Inf,-Inf,-Inf,-Inf,-Inf,-Inf,-Inf,-Inf,1124,1124,-Inf,-Inf,-Inf,-Inf,-Inf,-Inf,-Inf,-Inf,-Inf
1125,1125,-Inf,-Inf,-Inf,-Inf,-Inf,-Inf,-Inf,-Inf,-Inf,1125,1125,-Inf,-Inf,-Inf,-Inf,-Inf,-Inf,-Inf,-Inf,-Inf,1125,1125,-Inf,-Inf,-Inf,-Inf,-Inf,-Inf,-Inf,-Inf,-Inf
1126,1126,-Inf,-Inf,-Inf,-Inf,-Inf,-Inf,-Inf,-Inf,-Inf,1126,1126,-Inf,-Inf,-Inf,-Inf,-Inf,-Inf,-Inf,-Inf,-Inf,1126,1126,-Inf,-Inf,-Inf,-Inf,-Inf,-Inf,-Inf,-Inf,-Inf
1127,1127,-Inf,-Inf,-Inf,-Inf,-Inf,-Inf,-Inf,-Inf,-Inf,1127,1127,-Inf,-Inf,-Inf,-Inf,-Inf,-Inf,-Inf,-Inf,-Inf,1127,1127,-Inf,-Inf,-Inf,-Inf,-Inf,-Inf,-Inf,-Inf,-Inf
1128,1128,-Inf,-Inf,-Inf,-Inf,-Inf,-Inf,-Inf,-Inf,-Inf,1128,1128,-Inf,-Inf,-Inf,-Inf,-Inf,-Inf,-Inf,-Inf,-Inf,1128,1128,-Inf,-Inf,-Inf,-Inf,-Inf,-Inf,-Inf,-Inf,-Inf
1129,1129,-Inf,-Inf,-Inf,-Inf,-Inf,-Inf,-Inf,-Inf,-Inf,1129,1129,-Inf,-Inf,-Inf,-Inf,-Inf,-Inf,-Inf,-Inf,-Inf,1129,1129,-Inf,-Inf,-Inf,-Inf,-Inf,-Inf,-Inf,-Inf,-Inf
1130,1130,-Inf,-Inf,-Inf,-Inf,-Inf,-Inf,-Inf,-Inf,-Inf,1130,1130,-Inf,-Inf,-Inf,-Inf,-Inf,-Inf,-Inf,-Inf,-Inf,1130,1130,-Inf,-Inf,-Inf,-Inf,-Inf,-Inf,-Inf,-Inf,-Inf
1131,1131,-Inf,-Inf,-Inf,-Inf,-Inf,-Inf,-Inf,-Inf,-Inf,1131,1131,-Inf,-Inf,-Inf,-Inf,-Inf,-Inf,-Inf,-Inf,-Inf,1131,1131,-Inf,-Inf,-Inf,-Inf,-Inf,-Inf,-Inf,-Inf,-Inf
1132,1132,-Inf,-Inf,-Inf,-Inf,-Inf,-Inf,-Inf,-Inf,-Inf,1132,1132,-Inf,-Inf,-Inf,-Inf,-Inf,-Inf,-Inf,-Inf,-Inf,1132,1132,-Inf,-Inf,-Inf,-Inf,-Inf,-Inf,-Inf,-Inf,-Inf
1133,1133,-Inf,-Inf,-Inf,-Inf,-Inf,-Inf,-Inf,-Inf,-Inf,1133,1133,-Inf,-Inf,-Inf,-Inf,-Inf,-Inf,-Inf,-Inf,-Inf,1133,1133,-Inf,-Inf,-Inf,-Inf,-Inf,-Inf,-Inf,-Inf,-Inf
1134,1134,-Inf,-Inf,-Inf,-Inf,-Inf,-Inf,-Inf,-Inf,-Inf,1134,1134,-Inf,-Inf,-Inf,-Inf,-Inf,-Inf,-Inf,-Inf,-Inf,1134,1134,-Inf,-Inf,-Inf,-Inf,-Inf,-Inf,-Inf,-Inf,-Inf
1135,1135,-Inf,-Inf,-Inf,-Inf,-Inf,-Inf,-Inf,-Inf,-Inf,1135,1135,-Inf,-Inf,-Inf,-Inf,-Inf,-Inf,-Inf,-Inf,-Inf,1135,1135,-Inf,-Inf,-Inf,-Inf,-Inf,-Inf,-Inf,-Inf,-Inf
1136,1136,-Inf,-Inf,-Inf,-Inf,-Inf,-Inf,-Inf,-Inf,-Inf,1136,1136,-Inf,-Inf,-Inf,-Inf,-Inf,-Inf,-Inf,-Inf,-Inf,1136,1136,-Inf,-Inf,-Inf,-Inf,-Inf,-Inf,-Inf,-Inf,-Inf
1137,1137,-Inf,-Inf,-Inf,-Inf,-Inf,-Inf,-Inf,-Inf,-Inf,1137,1137,-Inf,-Inf,-Inf,-Inf,-Inf,-Inf,-Inf,-Inf,-Inf,1137,1137,-Inf,-Inf,-Inf,-Inf,-Inf,-Inf,-Inf,-Inf,-Inf
1138,1138,-Inf,-Inf,-Inf,-Inf,-Inf,-Inf,-Inf,-Inf,-Inf,1138,1138,-Inf,-Inf,-Inf,-Inf,-Inf,-Inf,-Inf,-Inf,-Inf,1138,1138,-Inf,-Inf,-Inf,-Inf,-Inf,-Inf,-Inf,-Inf,-Inf
1139,1139,-Inf,-Inf,-Inf,-Inf,-Inf,-Inf,-Inf,-Inf,-Inf,1139,1139,-Inf,-Inf,-Inf,-Inf,-Inf,-Inf,-Inf,-Inf,-Inf,1139,1139,-Inf,-Inf,-Inf,-Inf,-Inf,-Inf,-Inf,-Inf,-Inf
1140,1140,-Inf,-Inf,-Inf,-Inf,-Inf,-Inf,-Inf,-Inf,-Inf,1140,1140,-Inf,-Inf,-Inf,-Inf,-Inf,-Inf,-Inf,-Inf,-Inf,1140,1140,-Inf,-Inf,-Inf,-Inf,-Inf,-Inf,-Inf,-Inf,-Inf
1141,1141,-Inf,-Inf,-Inf,-Inf,-Inf,-Inf,-Inf,-Inf,-Inf,1141,1141,-Inf,-Inf,-Inf,-Inf,-Inf,-Inf,-Inf,-Inf,-Inf,1141,1141,-Inf,-Inf,-Inf,-Inf,-Inf,-Inf,-Inf,-Inf,-Inf
1142,1142,-Inf,-Inf,-Inf,-Inf,-Inf,-Inf,-Inf,-Inf,-Inf,1142,1142,-Inf,-Inf,-Inf,-Inf,-Inf,-Inf,-Inf,-Inf,-Inf,1142,1142,-Inf,-Inf,-Inf,-Inf,-Inf,-Inf,-Inf,-Inf,-Inf
1143,1143,-Inf,-Inf,-Inf,-Inf,-Inf,-Inf,-Inf,-Inf,-Inf,1143,1143,-Inf,-Inf,-Inf,-Inf,-Inf,-Inf,-Inf,-Inf,-Inf,1143,1143,-Inf,-Inf,-Inf,-Inf,-Inf,-Inf,-Inf,-Inf,-Inf
1144,1144,-Inf,-Inf,-Inf,-Inf,-Inf,-Inf,-Inf,-Inf,-Inf,1144,1144,-Inf,-Inf,-Inf,-Inf,-Inf,-Inf,-Inf,-Inf,-Inf,1144,1144,-Inf,-Inf,-Inf,-Inf,-Inf,-Inf,-Inf,-Inf,-Inf
1145,1145,-Inf,-Inf,-Inf,-Inf,-Inf,-Inf,-Inf,-Inf,-Inf,1145,1145,-Inf,-Inf,-Inf,-Inf,-Inf,-Inf,-Inf,-Inf,-Inf,1145,1145,-Inf,-Inf,-Inf,-Inf,-Inf,-Inf,-Inf,-Inf,-Inf
1146,1146,-Inf,-Inf,-Inf,-Inf,-Inf,-Inf,-Inf,-Inf,-Inf,1146,1146,-Inf,-Inf,-Inf,-Inf,-Inf,-Inf,-Inf,-Inf,-Inf,1146,1146,-Inf,-Inf,-Inf,-Inf,-Inf,-Inf,-Inf,-Inf,-Inf
1147,1147,-Inf,-Inf,-Inf,-Inf,-Inf,-Inf,-Inf,-Inf,-Inf,1147,1147,-Inf,-Inf,-Inf,-Inf,-Inf,-Inf,-Inf,-Inf,-Inf,1147,1147,-Inf,-Inf,-Inf,-Inf,-Inf,-Inf,-Inf,-Inf,-Inf
1148,1148,-Inf,-Inf,-Inf,-Inf,-Inf,-Inf,-Inf,-Inf,-Inf,1148,1148,-Inf,-Inf,-Inf,-Inf,-Inf,-Inf,-Inf,-Inf,-Inf,1148,1148,-Inf,-Inf,-Inf,-Inf,-Inf,-Inf,-Inf,-Inf,-Inf
1149,1149,-Inf,-Inf,-Inf,-Inf,-Inf,-Inf,-Inf,-Inf,-Inf,1149,1149,-Inf,-Inf,-Inf,-Inf,-Inf,-Inf,-Inf,-Inf,-Inf,1149,1149,-Inf,-Inf,-Inf,-Inf,-Inf,-Inf,-Inf,-Inf,-Inf
1150,1150,-Inf,-Inf,-Inf,-Inf,-Inf,-Inf,-Inf,-Inf,-Inf,1150,1150,-Inf,-Inf,-Inf,-Inf,-Inf,-Inf,-Inf,-Inf,-Inf,1150,1150,-Inf,-Inf,-Inf,-Inf,-Inf,-Inf,-Inf,-Inf,-Inf
1151,1151,-Inf,-Inf,-Inf,-Inf,-Inf,-Inf,-Inf,-Inf,-Inf,1151,1151,-Inf,-Inf,-Inf,-Inf,-Inf,-Inf,-Inf,-Inf,-Inf,1151,1151,-Inf,-Inf,-Inf,-Inf,-Inf,-Inf,-Inf,-Inf,-Inf
1152,1152,-Inf,-Inf,-Inf,-Inf,-Inf,-Inf,-Inf,-Inf,-Inf,1152,1152,-Inf,-Inf,-Inf,-Inf,-Inf,-Inf,-Inf,-Inf,-Inf,1152,1152,-Inf,-Inf,-Inf,-Inf,-Inf,-Inf,-Inf,-Inf,-Inf
1153,1153,-Inf,-Inf,-Inf,-Inf,-Inf,-Inf,-Inf,-Inf,-Inf,1153,1153,-Inf,-Inf,-Inf,-Inf,-Inf,-Inf,-Inf,-Inf,-Inf,1153,1153,-Inf,-Inf,-Inf,-Inf,-Inf,-Inf,-Inf,-Inf,-Inf
1154,1154,-Inf,-Inf,-Inf,-Inf,-Inf,-Inf,-Inf,-Inf,-Inf,1154,1154,-Inf,-Inf,-Inf,-Inf,-Inf,-Inf,-Inf,-Inf,-Inf,1154,1154,-Inf,-Inf,-Inf,-Inf,-Inf,-Inf,-Inf,-Inf,-Inf
1155,1155,-Inf,-Inf,-Inf,-Inf,-Inf,-Inf,-Inf,-Inf,-Inf,1155,1155,-Inf,-Inf,-Inf,-Inf,-Inf,-Inf,-Inf,-Inf,-Inf,1155,1155,-Inf,-Inf,-Inf,-Inf,-Inf,-Inf,-Inf,-Inf,-Inf
1156,1156,-Inf,-Inf,-Inf,-Inf,-Inf,-Inf,-Inf,-Inf,-Inf,1156,1156,-Inf,-Inf,-Inf,-Inf,-Inf,-Inf,-Inf,-Inf,-Inf,1156,1156,-Inf,-Inf,-Inf,-Inf,-Inf,-Inf,-Inf,-Inf,-Inf
1157,1157,-Inf,-Inf,-Inf,-Inf,-Inf,-Inf,-Inf,-Inf,-Inf,1157,1157,-Inf,-Inf,-Inf,-Inf,-Inf,-Inf,-Inf,-Inf,-Inf,1157,1157,-Inf,-Inf,-Inf,-Inf,-Inf,-Inf,-Inf,-Inf,-Inf
1158,1158,-Inf,-Inf,-Inf,-Inf,-Inf,-Inf,-Inf,-Inf,-Inf,1158,1158,-Inf,-Inf,-Inf,-Inf,-Inf,-Inf,-Inf,-Inf,-Inf,1158,1158,-Inf,-Inf,-Inf,-Inf,-Inf,-Inf,-Inf,-Inf,-Inf
1159,1159,-Inf,-Inf,-Inf,-Inf,-Inf,-Inf,-Inf,-Inf,-Inf,1159,1159,-Inf,-Inf,-Inf,-Inf,-Inf,-Inf,-Inf,-Inf,-Inf,1159,1159,-Inf,-Inf,-Inf,-Inf,-Inf,-Inf,-Inf,-Inf,-Inf
1160,1160,-Inf,-Inf,-Inf,-Inf,-Inf,-Inf,-Inf,-Inf,-Inf,1160,1160,-Inf,-Inf,-Inf,-Inf,-Inf,-Inf,-Inf,-Inf,-Inf,1160,1160,-Inf,-Inf,-Inf,-Inf,-Inf,-Inf,-Inf,-Inf,-Inf
1161,1161,-Inf,-Inf,-Inf,-Inf,-Inf,-Inf,-Inf,-Inf,-Inf,1161,1161,-Inf,-Inf,-Inf,-Inf,-Inf,-Inf,-Inf,-Inf,-Inf,1161,1161,-Inf,-Inf,-Inf,-Inf,-Inf,-Inf,-Inf,-Inf,-Inf
1162,1162,-Inf,-Inf,-Inf,-Inf,-Inf,-Inf,-Inf,-Inf,-Inf,1162,1162,-Inf,-Inf,-Inf,-Inf,-Inf,-Inf,-Inf,-Inf,-Inf,1162,1162,-Inf,-Inf,-Inf,-Inf,-Inf,-Inf,-Inf,-Inf,-Inf
1163,1163,-Inf,-Inf,-Inf,-Inf,-Inf,-Inf,-Inf,-Inf,-Inf,1163,1163,-Inf,-Inf,-Inf,-Inf,-Inf,-Inf,-Inf,-Inf,-Inf,1163,1163,-Inf,-Inf,-Inf,-Inf,-Inf,-Inf,-Inf,-Inf,-Inf
1164,1164,-Inf,-Inf,-Inf,-Inf,-Inf,-Inf,-Inf,-Inf,-Inf,1164,1164,-Inf,-Inf,-Inf,-Inf,-Inf,-Inf,-Inf,-Inf,-Inf,1164,1164,-Inf,-Inf,-Inf,-Inf,-Inf,-Inf,-Inf,-Inf,-Inf
1165,1165,-Inf,-Inf,-Inf,-Inf,-Inf,-Inf,-Inf,-Inf,-Inf,1165,1165,-Inf,-Inf,-Inf,-Inf,-Inf,-Inf,-Inf,-Inf,-Inf,1165,1165,-Inf,-Inf,-Inf,-Inf,-Inf,-Inf,-Inf,-Inf,-Inf
1166,1166,-Inf,-Inf,-Inf,-Inf,-Inf,-Inf,-Inf,-Inf,-Inf,1166,1166,-Inf,-Inf,-Inf,-Inf,-Inf,-Inf,-Inf,-Inf,-Inf,1166,1166,-Inf,-Inf,-Inf,-Inf,-Inf,-Inf,-Inf,-Inf,-Inf
1167,1167,-Inf,-Inf,-Inf,-Inf,-Inf,-Inf,-Inf,-Inf,-Inf,1167,1167,-Inf,-Inf,-Inf,-Inf,-Inf,-Inf,-Inf,-Inf,-Inf,1167,1167,-Inf,-Inf,-Inf,-Inf,-Inf,-Inf,-Inf,-Inf,-Inf
1168,1168,-Inf,-Inf,-Inf,-Inf,-Inf,-Inf,-Inf,-Inf,-Inf,1168,1168,-Inf,-Inf,-Inf,-Inf,-Inf,-Inf,-Inf,-Inf,-Inf,1168,1168,-Inf,-Inf,-Inf,-Inf,-Inf,-Inf,-Inf,-Inf,-Inf
1169,1169,-Inf,-Inf,-Inf,-Inf,-Inf,-Inf,-Inf,-Inf,-Inf,1169,1169,-Inf,-Inf,-Inf,-Inf,-Inf,-Inf,-Inf,-Inf,-Inf,1169,1169,-Inf,-Inf,-Inf,-Inf,-Inf,-Inf,-Inf,-Inf,-Inf
1170,1170,-Inf,-Inf,-Inf,-Inf,-Inf,-Inf,-Inf,-Inf,-Inf,1170,1170,-Inf,-Inf,-Inf,-Inf,-Inf,-Inf,-Inf,-Inf,-Inf,1170,1170,-Inf,-Inf,-Inf,-Inf,-Inf,-Inf,-Inf,-Inf,-Inf
1171,1171,-Inf,-Inf,-Inf,-Inf,-Inf,-Inf,-Inf,-Inf,-Inf,1171,1171,-Inf,-Inf,-Inf,-Inf,-Inf,-Inf,-Inf,-Inf,-Inf,1171,1171,-Inf,-Inf,-Inf,-Inf,-Inf,-Inf,-Inf,-Inf,-Inf
1172,1172,-Inf,-Inf,-Inf,-Inf,-Inf,-Inf,-Inf,-Inf,-Inf,1172,1172,-Inf,-Inf,-Inf,-Inf,-Inf,-Inf,-Inf,-Inf,-Inf,1172,1172,-Inf,-Inf,-Inf,-Inf,-Inf,-Inf,-Inf,-Inf,-Inf
1173,1173,-Inf,-Inf,-Inf,-Inf,-Inf,-Inf,-Inf,-Inf,-Inf,1173,1173,-Inf,-Inf,-Inf,-Inf,-Inf,-Inf,-Inf,-Inf,-Inf,1173,1173,-Inf,-Inf,-Inf,-Inf,-Inf,-Inf,-Inf,-Inf,-Inf
1174,1174,-Inf,-Inf,-Inf,-Inf,-Inf,-Inf,-Inf,-Inf,-Inf,1174,1174,-Inf,-Inf,-Inf,-Inf,-Inf,-Inf,-Inf,-Inf,-Inf,1174,1174,-Inf,-Inf,-Inf,-Inf,-Inf,-Inf,-Inf,-Inf,-Inf
1175,1175,-Inf,-Inf,-Inf,-Inf,-Inf,-Inf,-Inf,-Inf,-Inf,1175,1175,-Inf,-Inf,-Inf,-Inf,-Inf,-Inf,-Inf,-Inf,-Inf,1175,1175,-Inf,-Inf,-Inf,-Inf,-Inf,-Inf,-Inf,-Inf,-Inf
1176,1176,-Inf,-Inf,-Inf,-Inf,-Inf,-Inf,-Inf,-Inf,-Inf,1176,1176,-Inf,-Inf,-Inf,-Inf,-Inf,-Inf,-Inf,-Inf,-Inf,1176,1176,-Inf,-Inf,-Inf,-Inf,-Inf,-Inf,-Inf,-Inf,-Inf
1177,1177,-Inf,-Inf,-Inf,-Inf,-Inf,-Inf,-Inf,-Inf,-Inf,1177,1177,-Inf,-Inf,-Inf,-Inf,-Inf,-Inf,-Inf,-Inf,-Inf,1177,1177,-Inf,-Inf,-Inf,-Inf,-Inf,-Inf,-Inf,-Inf,-Inf
1178,1178,-Inf,-Inf,-Inf,-Inf,-Inf,-Inf,-Inf,-Inf,-Inf,1178,1178,-Inf,-Inf,-Inf,-Inf,-Inf,-Inf,-Inf,-Inf,-Inf,1178,1178,-Inf,-Inf,-Inf,-Inf,-Inf,-Inf,-Inf,-Inf,-Inf
1179,1179,-Inf,-Inf,-Inf,-Inf,-Inf,-Inf,-Inf,-Inf,-Inf,1179,1179,-Inf,-Inf,-Inf,-Inf,-Inf,-Inf,-Inf,-Inf,-Inf,1179,1179,-Inf,-Inf,-Inf,-Inf,-Inf,-Inf,-Inf,-Inf,-Inf
1180,1180,-Inf,-Inf,-Inf,-Inf,-Inf,-Inf,-Inf,-Inf,-Inf,1180,1180,-Inf,-Inf,-Inf,-Inf,-Inf,-Inf,-Inf,-Inf,-Inf,1180,1180,-Inf,-Inf,-Inf,-Inf,-Inf,-Inf,-Inf,-Inf,-Inf
1181,1181,-Inf,-Inf,-Inf,-Inf,-Inf,-Inf,-Inf,-Inf,-Inf,1181,1181,-Inf,-Inf,-Inf,-Inf,-Inf,-Inf,-Inf,-Inf,-Inf,1181,1181,-Inf,-Inf,-Inf,-Inf,-Inf,-Inf,-Inf,-Inf,-Inf
1182,1182,-Inf,-Inf,-Inf,-Inf,-Inf,-Inf,-Inf,-Inf,-Inf,1182,1182,-Inf,-Inf,-Inf,-Inf,-Inf,-Inf,-Inf,-Inf,-Inf,1182,1182,-Inf,-Inf,-Inf,-Inf,-Inf,-Inf,-Inf,-Inf,-Inf
1183,1183,-Inf,-Inf,-Inf,-Inf,-Inf,-Inf,-Inf,-Inf,-Inf,1183,1183,-Inf,-Inf,-Inf,-Inf,-Inf,-Inf,-Inf,-Inf,-Inf,1183,1183,-Inf,-Inf,-Inf,-Inf,-Inf,-Inf,-Inf,-Inf,-Inf
1184,1184,-Inf,-Inf,-Inf,-Inf,-Inf,-Inf,-Inf,-Inf,-Inf,1184,1184,-Inf,-Inf,-Inf,-Inf,-Inf,-Inf,-Inf,-Inf,-Inf,1184,1184,-Inf,-Inf,-Inf,-Inf,-Inf,-Inf,-Inf,-Inf,-Inf
1185,1185,-Inf,-Inf,-Inf,-Inf,-Inf,-Inf,-Inf,-Inf,-Inf,1185,1185,-Inf,-Inf,-Inf,-Inf,-Inf,-Inf,-Inf,-Inf,-Inf,1185,1185,-Inf,-Inf,-Inf,-Inf,-Inf,-Inf,-Inf,-Inf,-Inf
1186,1186,-Inf,-Inf,-Inf,-Inf,-Inf,-Inf,-Inf,-Inf,-Inf,1186,1186,-Inf,-Inf,-Inf,-Inf,-Inf,-Inf,-Inf,-Inf,-Inf,1186,1186,-Inf,-Inf,-Inf,-Inf,-Inf,-Inf,-Inf,-Inf,-Inf
1187,1187,-Inf,-Inf,-Inf,-Inf,-Inf,-Inf,-Inf,-Inf,-Inf,1187,1187,-Inf,-Inf,-Inf,-Inf,-Inf,-Inf,-Inf,-Inf,-Inf,1187,1187,-Inf,-Inf,-Inf,-Inf,-Inf,-Inf,-Inf,-Inf,-Inf
1188,1188,-Inf,-Inf,-Inf,-Inf,-Inf,-Inf,-Inf,-Inf,-Inf,1188,1188,-Inf,-Inf,-Inf,-Inf,-Inf,-Inf,-Inf,-Inf,-Inf,1188,1188,-Inf,-Inf,-Inf,-Inf,-Inf,-Inf,-Inf,-Inf,-Inf
1189,1189,-Inf,-Inf,-Inf,-Inf,-Inf,-Inf,-Inf,-Inf,-Inf,1189,1189,-Inf,-Inf,-Inf,-Inf,-Inf,-Inf,-Inf,-Inf,-Inf,1189,1189,-Inf,-Inf,-Inf,-Inf,-Inf,-Inf,-Inf,-Inf,-Inf
1190,1190,-Inf,-Inf,-Inf,-Inf,-Inf,-Inf,-Inf,-Inf,-Inf,1190,1190,-Inf,-Inf,-Inf,-Inf,-Inf,-Inf,-Inf,-Inf,-Inf,1190,1190,-Inf,-Inf,-Inf,-Inf,-Inf,-Inf,-Inf,-Inf,-Inf
1191,1191,-Inf,-Inf,-Inf,-Inf,-Inf,-Inf,-Inf,-Inf,-Inf,1191,1191,-Inf,-Inf,-Inf,-Inf,-Inf,-Inf,-Inf,-Inf,-Inf,1191,1191,-Inf,-Inf,-Inf,-Inf,-Inf,-Inf,-Inf,-Inf,-Inf
1192,1192,-Inf,-Inf,-Inf,-Inf,-Inf,-Inf,-Inf,-Inf,-Inf,1192,1192,-Inf,-Inf,-Inf,-Inf,-Inf,-Inf,-Inf,-Inf,-Inf,1192,1192,-Inf,-Inf,-Inf,-Inf,-Inf,-Inf,-Inf,-Inf,-Inf
1193,1193,-Inf,-Inf,-Inf,-Inf,-Inf,-Inf,-Inf,-Inf,-Inf,1193,1193,-Inf,-Inf,-Inf,-Inf,-Inf,-Inf,-Inf,-Inf,-Inf,1193,1193,-Inf,-Inf,-Inf,-Inf,-Inf,-Inf,-Inf,-Inf,-Inf
1194,1194,-Inf,-Inf,-Inf,-Inf,-Inf,-Inf,-Inf,-Inf,-Inf,1194,1194,-Inf,-Inf,-Inf,-Inf,-Inf,-Inf,-Inf,-Inf,-Inf,1194,1194,-Inf,-Inf,-Inf,-Inf,-Inf,-Inf,-Inf,-Inf,-Inf
1195,1195,-Inf,-Inf,-Inf,-Inf,-Inf,-Inf,-Inf,-Inf,-Inf,1195,1195,-Inf,-Inf,-Inf,-Inf,-Inf,-Inf,-Inf,-Inf,-Inf,1195,1195,-Inf,-Inf,-Inf,-Inf,-Inf,-Inf,-Inf,-Inf,-Inf
1196,1196,-Inf,-Inf,-Inf,-Inf,-Inf,-Inf,-Inf,-Inf,-Inf,1196,1196,-Inf,-Inf,-Inf,-Inf,-Inf,-Inf,-Inf,-Inf,-Inf,1196,1196,-Inf,-Inf,-Inf,-Inf,-Inf,-Inf,-Inf,-Inf,-Inf
1197,1197,-Inf,-Inf,-Inf,-Inf,-Inf,-Inf,-Inf,-Inf,-Inf,1197,1197,-Inf,-Inf,-Inf,-Inf,-Inf,-Inf,-Inf,-Inf,-Inf,1197,1197,-Inf,-Inf,-Inf,-Inf,-Inf,-Inf,-Inf,-Inf,-Inf
1198,1198,-Inf,-Inf,-Inf,-Inf,-Inf,-Inf,-Inf,-Inf,-Inf,1198,1198,-Inf,-Inf,-Inf,-Inf,-Inf,-Inf,-Inf,-Inf,-Inf,1198,1198,-Inf,-Inf,-Inf,-Inf,-Inf,-Inf,-Inf,-Inf,-Inf
1199,1199,-Inf,-Inf,-Inf,-Inf,-Inf,-Inf,-Inf,-Inf,-Inf,1199,1199,-Inf,-Inf,-Inf,-Inf,-Inf,-Inf,-Inf,-Inf,-Inf,1199,1199,-Inf,-Inf,-Inf,-Inf,-Inf,-Inf,-Inf,-Inf,-Inf
1200,1200,-Inf,-Inf,-Inf,-Inf,-Inf,-Inf,-Inf,-Inf,-Inf,1200,1200,-Inf,-Inf,-Inf,-Inf,-Inf,-Inf,-Inf,-Inf,-Inf,1200,1200,-Inf,-Inf,-Inf,-Inf,-Inf,-Inf,-Inf,-Inf,-Inf
1201,1201,-Inf,-Inf,-Inf,-Inf,-Inf,-Inf,-Inf,-Inf,-Inf,1201,1201,-Inf,-Inf,-Inf,-Inf,-Inf,-Inf,-Inf,-Inf,-Inf,1201,1201,-Inf,-Inf,-Inf,-Inf,-Inf,-Inf,-Inf,-Inf,-Inf
1202,1202,-Inf,-Inf,-Inf,-Inf,-Inf,-Inf,-Inf,-Inf,-Inf,1202,1202,-Inf,-Inf,-Inf,-Inf,-Inf,-Inf,-Inf,-Inf,-Inf,1202,1202,-Inf,-Inf,-Inf,-Inf,-Inf,-Inf,-Inf,-Inf,-Inf
1203,1203,-Inf,-Inf,-Inf,-Inf,-Inf,-Inf,-Inf,-Inf,-Inf,1203,1203,-Inf,-Inf,-Inf,-Inf,-Inf,-Inf,-Inf,-Inf,-Inf,1203,1203,-Inf,-Inf,-Inf,-Inf,-Inf,-Inf,-Inf,-Inf,-Inf
1204,1204,-Inf,-Inf,-Inf,-Inf,-Inf,-Inf,-Inf,-Inf,-Inf,1204,1204,-Inf,-Inf,-Inf,-Inf,-Inf,-Inf,-Inf,-Inf,-Inf,1204,1204,-Inf,-Inf,-Inf,-Inf,-Inf,-Inf,-Inf,-Inf,-Inf
1205,1205,-Inf,-Inf,-Inf,-Inf,-Inf,-Inf,-Inf,-Inf,-Inf,1205,1205,-Inf,-Inf,-Inf,-Inf,-Inf,-Inf,-Inf,-Inf,-Inf,1205,1205,-Inf,-Inf,-Inf,-Inf,-Inf,-Inf,-Inf,-Inf,-Inf
1206,1206,-Inf,-Inf,-Inf,-Inf,-Inf,-Inf,-Inf,-Inf,-Inf,1206,1206,-Inf,-Inf,-Inf,-Inf,-Inf,-Inf,-Inf,-Inf,-Inf,1206,1206,-Inf,-Inf,-Inf,-Inf,-Inf,-Inf,-Inf,-Inf,-Inf
1207,1207,-Inf,-Inf,-Inf,-Inf,-Inf,-Inf,-Inf,-Inf,-Inf,1207,1207,-Inf,-Inf,-Inf,-Inf,-Inf,-Inf,-Inf,-Inf,-Inf,1207,1207,-Inf,-Inf,-Inf,-Inf,-Inf,-Inf,-Inf,-Inf,-Inf
1208,1208,-Inf,-Inf,-Inf,-Inf,-Inf,-Inf,-Inf,-Inf,-Inf,1208,1208,-Inf,-Inf,-Inf,-Inf,-Inf,-Inf,-Inf,-Inf,-Inf,1208,1208,-Inf,-Inf,-Inf,-Inf,-Inf,-Inf,-Inf,-Inf,-Inf
1209,1209,-Inf,-Inf,-Inf,-Inf,-Inf,-Inf,-Inf,-Inf,-Inf,1209,1209,-Inf,-Inf,-Inf,-Inf,-Inf,-Inf,-Inf,-Inf,-Inf,1209,1209,-Inf,-Inf,-Inf,-Inf,-Inf,-Inf,-Inf,-Inf,-Inf
1210,1210,-Inf,-Inf,-Inf,-Inf,-Inf,-Inf,-Inf,-Inf,-Inf,1210,1210,-Inf,-Inf,-Inf,-Inf,-Inf,-Inf,-Inf,-Inf,-Inf,1210,1210,-Inf,-Inf,-Inf,-Inf,-Inf,-Inf,-Inf,-Inf,-Inf
1211,1211,-Inf,-Inf,-Inf,-Inf,-Inf,-Inf,-Inf,-Inf,-Inf,1211,1211,-Inf,-Inf,-Inf,-Inf,-Inf,-Inf,-Inf,-Inf,-Inf,1211,1211,-Inf,-Inf,-Inf,-Inf,-Inf,-Inf,-Inf,-Inf,-Inf
1212,1212,-Inf,-Inf,-Inf,-Inf,-Inf,-Inf,-Inf,-Inf,-Inf,1212,1212,-Inf,-Inf,-Inf,-Inf,-Inf,-Inf,-Inf,-Inf,-Inf,1212,1212,-Inf,-Inf,-Inf,-Inf,-Inf,-Inf,-Inf,-Inf,-Inf
1213,1213,-Inf,-Inf,-Inf,-Inf,-Inf,-Inf,-Inf,-Inf,-Inf,1213,1213,-Inf,-Inf,-Inf,-Inf,-Inf,-Inf,-Inf,-Inf,-Inf,1213,1213,-Inf,-Inf,-Inf,-Inf,-Inf,-Inf,-Inf,-Inf,-Inf
1214,1214,-Inf,-Inf,-Inf,-Inf,-Inf,-Inf,-Inf,-Inf,-Inf,1214,1214,-Inf,-Inf,-Inf,-Inf,-Inf,-Inf,-Inf,-Inf,-Inf,1214,1214,-Inf,-Inf,-Inf,-Inf,-Inf,-Inf,-Inf,-Inf,-Inf
1215,1215,-Inf,-Inf,-Inf,-Inf,-Inf,-Inf,-Inf,-Inf,-Inf,1215,1215,-Inf,-Inf,-Inf,-Inf,-Inf,-Inf,-Inf,-Inf,-Inf,1215,1215,-Inf,-Inf,-Inf,-Inf,-Inf,-Inf,-Inf,-Inf,-Inf
1216,1216,-Inf,-Inf,-Inf,-Inf,-Inf,-Inf,-Inf,-Inf,-Inf,1216,1216,-Inf,-Inf,-Inf,-Inf,-Inf,-Inf,-Inf,-Inf,-Inf,1216,1216,-Inf,-Inf,-Inf,-Inf,-Inf,-Inf,-Inf,-Inf,-Inf
1217,1217,-Inf,-Inf,-Inf,-Inf,-Inf,-Inf,-Inf,-Inf,-Inf,1217,1217,-Inf,-Inf,-Inf,-Inf,-Inf,-Inf,-Inf,-Inf,-Inf,1217,1217,-Inf,-Inf,-Inf,-Inf,-Inf,-Inf,-Inf,-Inf,-Inf
1218,1218,-Inf,-Inf,-Inf,-Inf,-Inf,-Inf,-Inf,-Inf,-Inf,1218,1218,-Inf,-Inf,-Inf,-Inf,-Inf,-Inf,-Inf,-Inf,-Inf,1218,1218,-Inf,-Inf,-Inf,-Inf,-Inf,-Inf,-Inf,-Inf,-Inf
1219,1219,-Inf,-Inf,-Inf,-Inf,-Inf,-Inf,-Inf,-Inf,-Inf,1219,1219,-Inf,-Inf,-Inf,-Inf,-Inf,-Inf,-Inf,-Inf,-Inf,1219,1219,-Inf,-Inf,-Inf,-Inf,-Inf,-Inf,-Inf,-Inf,-Inf
1220,1220,-Inf,-Inf,-Inf,-Inf,-Inf,-Inf,-Inf,-Inf,-Inf,1220,1220,-Inf,-Inf,-Inf,-Inf,-Inf,-Inf,-Inf,-Inf,-Inf,1220,1220,-Inf,-Inf,-Inf,-Inf,-Inf,-Inf,-Inf,-Inf,-Inf
1221,1221,-Inf,-Inf,-Inf,-Inf,-Inf,-Inf,-Inf,-Inf,-Inf,1221,1221,-Inf,-Inf,-Inf,-Inf,-Inf,-Inf,-Inf,-Inf,-Inf,1221,1221,-Inf,-Inf,-Inf,-Inf,-Inf,-Inf,-Inf,-Inf,-Inf
1222,1222,-Inf,-Inf,-Inf,-Inf,-Inf,-Inf,-Inf,-Inf,-Inf,1222,1222,-Inf,-Inf,-Inf,-Inf,-Inf,-Inf,-Inf,-Inf,-Inf,1222,1222,-Inf,-Inf,-Inf,-Inf,-Inf,-Inf,-Inf,-Inf,-Inf
1223,1223,-Inf,-Inf,-Inf,-Inf,-Inf,-Inf,-Inf,-Inf,-Inf,1223,1223,-Inf,-Inf,-Inf,-Inf,-Inf,-Inf,-Inf,-Inf,-Inf,1223,1223,-Inf,-Inf,-Inf,-Inf,-Inf,-Inf,-Inf,-Inf,-Inf
1224,1224,-Inf,-Inf,-Inf,-Inf,-Inf,-Inf,-Inf,-Inf,-Inf,1224,1224,-Inf,-Inf,-Inf,-Inf,-Inf,-Inf,-Inf,-Inf,-Inf,1224,1224,-Inf,-Inf,-Inf,-Inf,-Inf,-Inf,-Inf,-Inf,-Inf
1225,1225,-Inf,-Inf,-Inf,-Inf,-Inf,-Inf,-Inf,-Inf,-Inf,1225,1225,-Inf,-Inf,-Inf,-Inf,-Inf,-Inf,-Inf,-Inf,-Inf,1225,1225,-Inf,-Inf,-Inf,-Inf,-Inf,-Inf,-Inf,-Inf,-Inf
1226,1226,-Inf,-Inf,-Inf,-Inf,-Inf,-Inf,-Inf,-Inf,-Inf,1226,1226,-Inf,-Inf,-Inf,-Inf,-Inf,-Inf,-Inf,-Inf,-Inf,1226,1226,-Inf,-Inf,-Inf,-Inf,-Inf,-Inf,-Inf,-Inf,-Inf
1227,1227,-Inf,-Inf,-Inf,-Inf,-Inf,-Inf,-Inf,-Inf,-Inf,1227,1227,-Inf,-Inf,-Inf,-Inf,-Inf,-Inf,-Inf,-Inf,-Inf,1227,1227,-Inf,-Inf,-Inf,-Inf,-Inf,-Inf,-Inf,-Inf,-Inf
1228,1228,-Inf,-Inf,-Inf,-Inf,-Inf,-Inf,-Inf,-Inf,-Inf,1228,1228,-Inf,-Inf,-Inf,-Inf,-Inf,-Inf,-Inf,-Inf,-Inf,1228,1228,-Inf,-Inf,-Inf,-Inf,-Inf,-Inf,-Inf,-Inf,-Inf
1229,1229,-Inf,-Inf,-Inf,-Inf,-Inf,-Inf,-Inf,-Inf,-Inf,1229,1229,-Inf,-Inf,-Inf,-Inf,-Inf,-Inf,-Inf,-Inf,-Inf,1229,1229,-Inf,-Inf,-Inf,-Inf,-Inf,-Inf,-Inf,-Inf,-Inf
1230,1230,-Inf,-Inf,-Inf,-Inf,-Inf,-Inf,-Inf,-Inf,-Inf,1230,1230,-Inf,-Inf,-Inf,-Inf,-Inf,-Inf,-Inf,-Inf,-Inf,1230,1230,-Inf,-Inf,-Inf,-Inf,-Inf,-Inf,-Inf,-Inf,-Inf
1231,1231,-Inf,-Inf,-Inf,-Inf,-Inf,-Inf,-Inf,-Inf,-Inf,1231,1231,-Inf,-Inf,-Inf,-Inf,-Inf,-Inf,-Inf,-Inf,-Inf,1231,1231,-Inf,-Inf,-Inf,-Inf,-Inf,-Inf,-Inf,-Inf,-Inf
1232,1232,-Inf,-Inf,-Inf,-Inf,-Inf,-Inf,-Inf,-Inf,-Inf,1232,1232,-Inf,-Inf,-Inf,-Inf,-Inf,-Inf,-Inf,-Inf,-Inf,1232,1232,-Inf,-Inf,-Inf,-Inf,-Inf,-Inf,-Inf,-Inf,-Inf
1233,1233,-Inf,-Inf,-Inf,-Inf,-Inf,-Inf,-Inf,-Inf,-Inf,1233,1233,-Inf,-Inf,-Inf,-Inf,-Inf,-Inf,-Inf,-Inf,-Inf,1233,1233,-Inf,-Inf,-Inf,-Inf,-Inf,-Inf,-Inf,-Inf,-Inf
1234,1234,-Inf,-Inf,-Inf,-Inf,-Inf,-Inf,-Inf,-Inf,-Inf,1234,1234,-Inf,-Inf,-Inf,-Inf,-Inf,-Inf,-Inf,-Inf,-Inf,1234,1234,-Inf,-Inf,-Inf,-Inf,-Inf,-Inf,-Inf,-Inf,-Inf
1235,1235,-Inf,-Inf,-Inf,-Inf,-Inf,-Inf,-Inf,-Inf,-Inf,1235,1235,-Inf,-Inf,-Inf,-Inf,-Inf,-Inf,-Inf,-Inf,-Inf,1235,1235,-Inf,-Inf,-Inf,-Inf,-Inf,-Inf,-Inf,-Inf,-Inf
1236,1236,-Inf,-Inf,-Inf,-Inf,-Inf,-Inf,-Inf,-Inf,-Inf,1236,1236,-Inf,-Inf,-Inf,-Inf,-Inf,-Inf,-Inf,-Inf,-Inf,1236,1236,-Inf,-Inf,-Inf,-Inf,-Inf,-Inf,-Inf,-Inf,-Inf
1237,1237,-Inf,-Inf,-Inf,-Inf,-Inf,-Inf,-Inf,-Inf,-Inf,1237,1237,-Inf,-Inf,-Inf,-Inf,-Inf,-Inf,-Inf,-Inf,-Inf,1237,1237,-Inf,-Inf,-Inf,-Inf,-Inf,-Inf,-Inf,-Inf,-Inf
1238,1238,-Inf,-Inf,-Inf,-Inf,-Inf,-Inf,-Inf,-Inf,-Inf,1238,1238,-Inf,-Inf,-Inf,-Inf,-Inf,-Inf,-Inf,-Inf,-Inf,1238,1238,-Inf,-Inf,-Inf,-Inf,-Inf,-Inf,-Inf,-Inf,-Inf
1239,1239,-Inf,-Inf,-Inf,-Inf,-Inf,-Inf,-Inf,-Inf,-Inf,1239,1239,-Inf,-Inf,-Inf,-Inf,-Inf,-Inf,-Inf,-Inf,-Inf,1239,1239,-Inf,-Inf,-Inf,-Inf,-Inf,-Inf,-Inf,-Inf,-Inf
1240,1240,-Inf,-Inf,-Inf,-Inf,-Inf,-Inf,-Inf,-Inf,-Inf,1240,1240,-Inf,-Inf,-Inf,-Inf,-Inf,-Inf,-Inf,-Inf,-Inf,1240,1240,-Inf,-Inf,-Inf,-Inf,-Inf,-Inf,-Inf,-Inf,-Inf
1241,1241,-Inf,-Inf,-Inf,-Inf,-Inf,-Inf,-Inf,-Inf,-Inf,1241,1241,-Inf,-Inf,-Inf,-Inf,-Inf,-Inf,-Inf,-Inf,-Inf,1241,1241,-Inf,-Inf,-Inf,-Inf,-Inf,-Inf,-Inf,-Inf,-Inf
1242,1242,-Inf,-Inf,-Inf,-Inf,-Inf,-Inf,-Inf,-Inf,-Inf,1242,1242,-Inf,-Inf,-Inf,-Inf,-Inf,-Inf,-Inf,-Inf,-Inf,1242,1242,-Inf,-Inf,-Inf,-Inf,-Inf,-Inf,-Inf,-Inf,-Inf
1243,1243,-Inf,-Inf,-Inf,-Inf,-Inf,-Inf,-Inf,-Inf,-Inf,1243,1243,-Inf,-Inf,-Inf,-Inf,-Inf,-Inf,-Inf,-Inf,-Inf,1243,1243,-Inf,-Inf,-Inf,-Inf,-Inf,-Inf,-Inf,-Inf,-Inf
1244,1244,-Inf,-Inf,-Inf,-Inf,-Inf,-Inf,-Inf,-Inf,-Inf,1244,1244,-Inf,-Inf,-Inf,-Inf,-Inf,-Inf,-Inf,-Inf,-Inf,1244,1244,-Inf,-Inf,-Inf,-Inf,-Inf,-Inf,-Inf,-Inf,-Inf
1245,1245,-Inf,-Inf,-Inf,-Inf,-Inf,-Inf,-Inf,-Inf,-Inf,1245,1245,-Inf,-Inf,-Inf,-Inf,-Inf,-Inf,-Inf,-Inf,-Inf,1245,1245,-Inf,-Inf,-Inf,-Inf,-Inf,-Inf,-Inf,-Inf,-Inf
1246,1246,-Inf,-Inf,-Inf,-Inf,-Inf,-Inf,-Inf,-Inf,-Inf,1246,1246,-Inf,-Inf,-Inf,-Inf,-Inf,-Inf,-Inf,-Inf,-Inf,1246,1246,-Inf,-Inf,-Inf,-Inf,-Inf,-Inf,-Inf,-Inf,-Inf
1247,1247,-Inf,-Inf,-Inf,-Inf,-Inf,-Inf,-Inf,-Inf,-Inf,1247,1247,-Inf,-Inf,-Inf,-Inf,-Inf,-Inf,-Inf,-Inf,-Inf,1247,1247,-Inf,-Inf,-Inf,-Inf,-Inf,-Inf,-Inf,-Inf,-Inf
1248,1248,-Inf,-Inf,-Inf,-Inf,-Inf,-Inf,-Inf,-Inf,-Inf,1248,1248,-Inf,-Inf,-Inf,-Inf,-Inf,-Inf,-Inf,-Inf,-Inf,1248,1248,-Inf,-Inf,-Inf,-Inf,-Inf,-Inf,-Inf,-Inf,-Inf
1249,1249,-Inf,-Inf,-Inf,-Inf,-Inf,-Inf,-Inf,-Inf,-Inf,1249,1249,-Inf,-Inf,-Inf,-Inf,-Inf,-Inf,-Inf,-Inf,-Inf,1249,1249,-Inf,-Inf,-Inf,-Inf,-Inf,-Inf,-Inf,-Inf,-Inf
1250,1250,-Inf,-Inf,-Inf,-Inf,-Inf,-Inf,-Inf,-Inf,-Inf,1250,1250,-Inf,-Inf,-Inf,-Inf,-Inf,-Inf,-Inf,-Inf,-Inf,1250,1250,-Inf,-Inf,-Inf,-Inf,-Inf,-Inf,-Inf,-Inf,-Inf
1251,1251,-Inf,-Inf,-Inf,-Inf,-Inf,-Inf,-Inf,-Inf,-Inf,1251,1251,-Inf,-Inf,-Inf,-Inf,-Inf,-Inf,-Inf,-Inf,-Inf,1251,1251,-Inf,-Inf,-Inf,-Inf,-Inf,-Inf,-Inf,-Inf,-Inf
1252,1252,-Inf,-Inf,-Inf,-Inf,-Inf,-Inf,-Inf,-Inf,-Inf,1252,1252,-Inf,-Inf,-Inf,-Inf,-Inf,-Inf,-Inf,-Inf,-Inf,1252,1252,-Inf,-Inf,-Inf,-Inf,-Inf,-Inf,-Inf,-Inf,-Inf
1253,1253,-Inf,-Inf,-Inf,-Inf,-Inf,-Inf,-Inf,-Inf,-Inf,1253,1253,-Inf,-Inf,-Inf,-Inf,-Inf,-Inf,-Inf,-Inf,-Inf,1253,1253,-Inf,-Inf,-Inf,-Inf,-Inf,-Inf,-Inf,-Inf,-Inf
1254,1254,-Inf,-Inf,-Inf,-Inf,-Inf,-Inf,-Inf,-Inf,-Inf,1254,1254,-Inf,-Inf,-Inf,-Inf,-Inf,-Inf,-Inf,-Inf,-Inf,1254,1254,-Inf,-Inf,-Inf,-Inf,-Inf,-Inf,-Inf,-Inf,-Inf
1255,1255,-Inf,-Inf,-Inf,-Inf,-Inf,-Inf,-Inf,-Inf,-Inf,1255,1255,-Inf,-Inf,-Inf,-Inf,-Inf,-Inf,-Inf,-Inf,-Inf,1255,1255,-Inf,-Inf,-Inf,-Inf,-Inf,-Inf,-Inf,-Inf,-Inf
1256,1256,-Inf,-Inf,-Inf,-Inf,-Inf,-Inf,-Inf,-Inf,-Inf,1256,1256,-Inf,-Inf,-Inf,-Inf,-Inf,-Inf,-Inf,-Inf,-Inf,1256,1256,-Inf,-Inf,-Inf,-Inf,-Inf,-Inf,-Inf,-Inf,-Inf
1257,1257,-Inf,-Inf,-Inf,-Inf,-Inf,-Inf,-Inf,-Inf,-Inf,1257,1257,-Inf,-Inf,-Inf,-Inf,-Inf,-Inf,-Inf,-Inf,-Inf,1257,1257,-Inf,-Inf,-Inf,-Inf,-Inf,-Inf,-Inf,-Inf,-Inf
1258,1258,-Inf,-Inf,-Inf,-Inf,-Inf,-Inf,-Inf,-Inf,-Inf,1258,1258,-Inf,-Inf,-Inf,-Inf,-Inf,-Inf,-Inf,-Inf,-Inf,1258,1258,-Inf,-Inf,-Inf,-Inf,-Inf,-Inf,-Inf,-Inf,-Inf
1259,1259,-Inf,-Inf,-Inf,-Inf,-Inf,-Inf,-Inf,-Inf,-Inf,1259,1259,-Inf,-Inf,-Inf,-Inf,-Inf,-Inf,-Inf,-Inf,-Inf,1259,1259,-Inf,-Inf,-Inf,-Inf,-Inf,-Inf,-Inf,-Inf,-Inf
1260,1260,-Inf,-Inf,-Inf,-Inf,-Inf,-Inf,-Inf,-Inf,-Inf,1260,1260,-Inf,-Inf,-Inf,-Inf,-Inf,-Inf,-Inf,-Inf,-Inf,1260,1260,-Inf,-Inf,-Inf,-Inf,-Inf,-Inf,-Inf,-Inf,-Inf
1261,1261,-Inf,-Inf,-Inf,-Inf,-Inf,-Inf,-Inf,-Inf,-Inf,1261,1261,-Inf,-Inf,-Inf,-Inf,-Inf,-Inf,-Inf,-Inf,-Inf,1261,1261,-Inf,-Inf,-Inf,-Inf,-Inf,-Inf,-Inf,-Inf,-Inf
1262,1262,-Inf,-Inf,-Inf,-Inf,-Inf,-Inf,-Inf,-Inf,-Inf,1262,1262,-Inf,-Inf,-Inf,-Inf,-Inf,-Inf,-Inf,-Inf,-Inf,1262,1262,-Inf,-Inf,-Inf,-Inf,-Inf,-Inf,-Inf,-Inf,-Inf
1263,1263,-Inf,-Inf,-Inf,-Inf,-Inf,-Inf,-Inf,-Inf,-Inf,1263,1263,-Inf,-Inf,-Inf,-Inf,-Inf,-Inf,-Inf,-Inf,-Inf,1263,1263,-Inf,-Inf,-Inf,-Inf,-Inf,-Inf,-Inf,-Inf,-Inf
1264,1264,-Inf,-Inf,-Inf,-Inf,-Inf,-Inf,-Inf,-Inf,-Inf,1264,1264,-Inf,-Inf,-Inf,-Inf,-Inf,-Inf,-Inf,-Inf,-Inf,1264,1264,-Inf,-Inf,-Inf,-Inf,-Inf,-Inf,-Inf,-Inf,-Inf
1265,1265,-Inf,-Inf,-Inf,-Inf,-Inf,-Inf,-Inf,-Inf,-Inf,1265,1265,-Inf,-Inf,-Inf,-Inf,-Inf,-Inf,-Inf,-Inf,-Inf,1265,1265,-Inf,-Inf,-Inf,-Inf,-Inf,-Inf,-Inf,-Inf,-Inf
1266,1266,-Inf,-Inf,-Inf,-Inf,-Inf,-Inf,-Inf,-Inf,-Inf,1266,1266,-Inf,-Inf,-Inf,-Inf,-Inf,-Inf,-Inf,-Inf,-Inf,1266,1266,-Inf,-Inf,-Inf,-Inf,-Inf,-Inf,-Inf,-Inf,-Inf
1267,1267,-Inf,-Inf,-Inf,-Inf,-Inf,-Inf,-Inf,-Inf,-Inf,1267,1267,-Inf,-Inf,-Inf,-Inf,-Inf,-Inf,-Inf,-Inf,-Inf,1267,1267,-Inf,-Inf,-Inf,-Inf,-Inf,-Inf,-Inf,-Inf,-Inf
1268,1268,-Inf,-Inf,-Inf,-Inf,-Inf,-Inf,-Inf,-Inf,-Inf,1268,1268,-Inf,-Inf,-Inf,-Inf,-Inf,-Inf,-Inf,-Inf,-Inf,1268,1268,-Inf,-Inf,-Inf,-Inf,-Inf,-Inf,-Inf,-Inf,-Inf
1269,1269,-Inf,-Inf,-Inf,-Inf,-Inf,-Inf,-Inf,-Inf,-Inf,1269,1269,-Inf,-Inf,-Inf,-Inf,-Inf,-Inf,-Inf,-Inf,-Inf,1269,1269,-Inf,-Inf,-Inf,-Inf,-Inf,-Inf,-Inf,-Inf,-Inf
1270,1270,-Inf,-Inf,-Inf,-Inf,-Inf,-Inf,-Inf,-Inf,-Inf,1270,1270,-Inf,-Inf,-Inf,-Inf,-Inf,-Inf,-Inf,-Inf,-Inf,1270,1270,-Inf,-Inf,-Inf,-Inf,-Inf,-Inf,-Inf,-Inf,-Inf
1271,1271,-Inf,-Inf,-Inf,-Inf,-Inf,-Inf,-Inf,-Inf,-Inf,1271,1271,-Inf,-Inf,-Inf,-Inf,-Inf,-Inf,-Inf,-Inf,-Inf,1271,1271,-Inf,-Inf,-Inf,-Inf,-Inf,-Inf,-Inf,-Inf,-Inf
1272,1272,-Inf,-Inf,-Inf,-Inf,-Inf,-Inf,-Inf,-Inf,-Inf,1272,1272,-Inf,-Inf,-Inf,-Inf,-Inf,-Inf,-Inf,-Inf,-Inf,1272,1272,-Inf,-Inf,-Inf,-Inf,-Inf,-Inf,-Inf,-Inf,-Inf
1273,1273,-Inf,-Inf,-Inf,-Inf,-Inf,-Inf,-Inf,-Inf,-Inf,1273,1273,-Inf,-Inf,-Inf,-Inf,-Inf,-Inf,-Inf,-Inf,-Inf,1273,1273,-Inf,-Inf,-Inf,-Inf,-Inf,-Inf,-Inf,-Inf,-Inf
1274,1274,-Inf,-Inf,-Inf,-Inf,-Inf,-Inf,-Inf,-Inf,-Inf,1274,1274,-Inf,-Inf,-Inf,-Inf,-Inf,-Inf,-Inf,-Inf,-Inf,1274,1274,-Inf,-Inf,-Inf,-Inf,-Inf,-Inf,-Inf,-Inf,-Inf
1275,1275,-Inf,-Inf,-Inf,-Inf,-Inf,-Inf,-Inf,-Inf,-Inf,1275,1275,-Inf,-Inf,-Inf,-Inf,-Inf,-Inf,-Inf,-Inf,-Inf,1275,1275,-Inf,-Inf,-Inf,-Inf,-Inf,-Inf,-Inf,-Inf,-Inf
1276,1276,-Inf,-Inf,-Inf,-Inf,-Inf,-Inf,-Inf,-Inf,-Inf,1276,1276,-Inf,-Inf,-Inf,-Inf,-Inf,-Inf,-Inf,-Inf,-Inf,1276,1276,-Inf,-Inf,-Inf,-Inf,-Inf,-Inf,-Inf,-Inf,-Inf
1277,1277,-Inf,-Inf,-Inf,-Inf,-Inf,-Inf,-Inf,-Inf,-Inf,1277,1277,-Inf,-Inf,-Inf,-Inf,-Inf,-Inf,-Inf,-Inf,-Inf,1277,1277,-Inf,-Inf,-Inf,-Inf,-Inf,-Inf,-Inf,-Inf,-Inf
1278,1278,-Inf,-Inf,-Inf,-Inf,-Inf,-Inf,-Inf,-Inf,-Inf,1278,1278,-Inf,-Inf,-Inf,-Inf,-Inf,-Inf,-Inf,-Inf,-Inf,1278,1278,-Inf,-Inf,-Inf,-Inf,-Inf,-Inf,-Inf,-Inf,-Inf
1279,1279,-Inf,-Inf,-Inf,-Inf,-Inf,-Inf,-Inf,-Inf,-Inf,1279,1279,-Inf,-Inf,-Inf,-Inf,-Inf,-Inf,-Inf,-Inf,-Inf,1279,1279,-Inf,-Inf,-Inf,-Inf,-Inf,-Inf,-Inf,-Inf,-Inf
1280,1280,-Inf,-Inf,-Inf,-Inf,-Inf,-Inf,-Inf,-Inf,-Inf,1280,1280,-Inf,-Inf,-Inf,-Inf,-Inf,-Inf,-Inf,-Inf,-Inf,1280,1280,-Inf,-Inf,-Inf,-Inf,-Inf,-Inf,-Inf,-Inf,-Inf
1281,1281,-Inf,-Inf,-Inf,-Inf,-Inf,-Inf,-Inf,-Inf,-Inf,1281,1281,-Inf,-Inf,-Inf,-Inf,-Inf,-Inf,-Inf,-Inf,-Inf,1281,1281,-Inf,-Inf,-Inf,-Inf,-Inf,-Inf,-Inf,-Inf,-Inf
1282,1282,-Inf,-Inf,-Inf,-Inf,-Inf,-Inf,-Inf,-Inf,-Inf,1282,1282,-Inf,-Inf,-Inf,-Inf,-Inf,-Inf,-Inf,-Inf,-Inf,1282,1282,-Inf,-Inf,-Inf,-Inf,-Inf,-Inf,-Inf,-Inf,-Inf
1283,1283,-Inf,-Inf,-Inf,-Inf,-Inf,-Inf,-Inf,-Inf,-Inf,1283,1283,-Inf,-Inf,-Inf,-Inf,-Inf,-Inf,-Inf,-Inf,-Inf,1283,1283,-Inf,-Inf,-Inf,-Inf,-Inf,-Inf,-Inf,-Inf,-Inf
1284,1284,-Inf,-Inf,-Inf,-Inf,-Inf,-Inf,-Inf,-Inf,-Inf,1284,1284,-Inf,-Inf,-Inf,-Inf,-Inf,-Inf,-Inf,-Inf,-Inf,1284,1284,-Inf,-Inf,-Inf,-Inf,-Inf,-Inf,-Inf,-Inf,-Inf
1285,1285,-Inf,-Inf,-Inf,-Inf,-Inf,-Inf,-Inf,-Inf,-Inf,1285,1285,-Inf,-Inf,-Inf,-Inf,-Inf,-Inf,-Inf,-Inf,-Inf,1285,1285,-Inf,-Inf,-Inf,-Inf,-Inf,-Inf,-Inf,-Inf,-Inf
1286,1286,-Inf,-Inf,-Inf,-Inf,-Inf,-Inf,-Inf,-Inf,-Inf,1286,1286,-Inf,-Inf,-Inf,-Inf,-Inf,-Inf,-Inf,-Inf,-Inf,1286,1286,-Inf,-Inf,-Inf,-Inf,-Inf,-Inf,-Inf,-Inf,-Inf
1287,1287,-Inf,-Inf,-Inf,-Inf,-Inf,-Inf,-Inf,-Inf,-Inf,1287,1287,-Inf,-Inf,-Inf,-Inf,-Inf,-Inf,-Inf,-Inf,-Inf,1287,1287,-Inf,-Inf,-Inf,-Inf,-Inf,-Inf,-Inf,-Inf,-Inf
1288,1288,-Inf,-Inf,-Inf,-Inf,-Inf,-Inf,-Inf,-Inf,-Inf,1288,1288,-Inf,-Inf,-Inf,-Inf,-Inf,-Inf,-Inf,-Inf,-Inf,1288,1288,-Inf,-Inf,-Inf,-Inf,-Inf,-Inf,-Inf,-Inf,-Inf
1289,1289,-Inf,-Inf,-Inf,-Inf,-Inf,-Inf,-Inf,-Inf,-Inf,1289,1289,-Inf,-Inf,-Inf,-Inf,-Inf,-Inf,-Inf,-Inf,-Inf,1289,1289,-Inf,-Inf,-Inf,-Inf,-Inf,-Inf,-Inf,-Inf,-Inf
1290,1290,-Inf,-Inf,-Inf,-Inf,-Inf,-Inf,-Inf,-Inf,-Inf,1290,1290,-Inf,-Inf,-Inf,-Inf,-Inf,-Inf,-Inf,-Inf,-Inf,1290,1290,-Inf,-Inf,-Inf,-Inf,-Inf,-Inf,-Inf,-Inf,-Inf
1291,1291,-Inf,-Inf,-Inf,-Inf,-Inf,-Inf,-Inf,-Inf,-Inf,1291,1291,-Inf,-Inf,-Inf,-Inf,-Inf,-Inf,-Inf,-Inf,-Inf,1291,1291,-Inf,-Inf,-Inf,-Inf,-Inf,-Inf,-Inf,-Inf,-Inf
1292,1292,-Inf,-Inf,-Inf,-Inf,-Inf,-Inf,-Inf,-Inf,-Inf,1292,1292,-Inf,-Inf,-Inf,-Inf,-Inf,-Inf,-Inf,-Inf,-Inf,1292,1292,-Inf,-Inf,-Inf,-Inf,-Inf,-Inf,-Inf,-Inf,-Inf
1293,1293,-Inf,-Inf,-Inf,-Inf,-Inf,-Inf,-Inf,-Inf,-Inf,1293,1293,-Inf,-Inf,-Inf,-Inf,-Inf,-Inf,-Inf,-Inf,-Inf,1293,1293,-Inf,-Inf,-Inf,-Inf,-Inf,-Inf,-Inf,-Inf,-Inf
1294,1294,-Inf,-Inf,-Inf,-Inf,-Inf,-Inf,-Inf,-Inf,-Inf,1294,1294,-Inf,-Inf,-Inf,-Inf,-Inf,-Inf,-Inf,-Inf,-Inf,1294,1294,-Inf,-Inf,-Inf,-Inf,-Inf,-Inf,-Inf,-Inf,-Inf
1295,1295,-Inf,-Inf,-Inf,-Inf,-Inf,-Inf,-Inf,-Inf,-Inf,1295,1295,-Inf,-Inf,-Inf,-Inf,-Inf,-Inf,-Inf,-Inf,-Inf,1295,1295,-Inf,-Inf,-Inf,-Inf,-Inf,-Inf,-Inf,-Inf,-Inf
1296,1296,-Inf,-Inf,-Inf,-Inf,-Inf,-Inf,-Inf,-Inf,-Inf,1296,1296,-Inf,-Inf,-Inf,-Inf,-Inf,-Inf,-Inf,-Inf,-Inf,1296,1296,-Inf,-Inf,-Inf,-Inf,-Inf,-Inf,-Inf,-Inf,-Inf
1297,1297,-Inf,-Inf,-Inf,-Inf,-Inf,-Inf,-Inf,-Inf,-Inf,1297,1297,-Inf,-Inf,-Inf,-Inf,-Inf,-Inf,-Inf,-Inf,-Inf,1297,1297,-Inf,-Inf,-Inf,-Inf,-Inf,-Inf,-Inf,-Inf,-Inf
1298,1298,-Inf,-Inf,-Inf,-Inf,-Inf,-Inf,-Inf,-Inf,-Inf,1298,1298,-Inf,-Inf,-Inf,-Inf,-Inf,-Inf,-Inf,-Inf,-Inf,1298,1298,-Inf,-Inf,-Inf,-Inf,-Inf,-Inf,-Inf,-Inf,-Inf
1299,1299,-Inf,-Inf,-Inf,-Inf,-Inf,-Inf,-Inf,-Inf,-Inf,1299,1299,-Inf,-Inf,-Inf,-Inf,-Inf,-Inf,-Inf,-Inf,-Inf,1299,1299,-Inf,-Inf,-Inf,-Inf,-Inf,-Inf,-Inf,-Inf,-Inf
1300,1300,-Inf,-Inf,-Inf,-Inf,-Inf,-Inf,-Inf,-Inf,-Inf,1300,1300,-Inf,-Inf,-Inf,-Inf,-Inf,-Inf,-Inf,-Inf,-Inf,1300,1300,-Inf,-Inf,-Inf,-Inf,-Inf,-Inf,-Inf,-Inf,-Inf
1301,1301,-Inf,-Inf,-Inf,-Inf,-Inf,-Inf,-Inf,-Inf,-Inf,1301,1301,-Inf,-Inf,-Inf,-Inf,-Inf,-Inf,-Inf,-Inf,-Inf,1301,1301,-Inf,-Inf,-Inf,-Inf,-Inf,-Inf,-Inf,-Inf,-Inf
1302,1302,-Inf,-Inf,-Inf,-Inf,-Inf,-Inf,-Inf,-Inf,-Inf,1302,1302,-Inf,-Inf,-Inf,-Inf,-Inf,-Inf,-Inf,-Inf,-Inf,1302,1302,-Inf,-Inf,-Inf,-Inf,-Inf,-Inf,-Inf,-Inf,-Inf
1303,1303,-Inf,-Inf,-Inf,-Inf,-Inf,-Inf,-Inf,-Inf,-Inf,1303,1303,-Inf,-Inf,-Inf,-Inf,-Inf,-Inf,-Inf,-Inf,-Inf,1303,1303,-Inf,-Inf,-Inf,-Inf,-Inf,-Inf,-Inf,-Inf,-Inf
1304,1304,-Inf,-Inf,-Inf,-Inf,-Inf,-Inf,-Inf,-Inf,-Inf,1304,1304,-Inf,-Inf,-Inf,-Inf,-Inf,-Inf,-Inf,-Inf,-Inf,1304,1304,-Inf,-Inf,-Inf,-Inf,-Inf,-Inf,-Inf,-Inf,-Inf
1305,1305,-Inf,-Inf,-Inf,-Inf,-Inf,-Inf,-Inf,-Inf,-Inf,1305,1305,-Inf,-Inf,-Inf,-Inf,-Inf,-Inf,-Inf,-Inf,-Inf,1305,1305,-Inf,-Inf,-Inf,-Inf,-Inf,-Inf,-Inf,-Inf,-Inf
1306,1306,-Inf,-Inf,-Inf,-Inf,-Inf,-Inf,-Inf,-Inf,-Inf,1306,1306,-Inf,-Inf,-Inf,-Inf,-Inf,-Inf,-Inf,-Inf,-Inf,1306,1306,-Inf,-Inf,-Inf,-Inf,-Inf,-Inf,-Inf,-Inf,-Inf
1307,1307,-Inf,-Inf,-Inf,-Inf,-Inf,-Inf,-Inf,-Inf,-Inf,1307,1307,-Inf,-Inf,-Inf,-Inf,-Inf,-Inf,-Inf,-Inf,-Inf,1307,1307,-Inf,-Inf,-Inf,-Inf,-Inf,-Inf,-Inf,-Inf,-Inf
1308,1308,-Inf,-Inf,-Inf,-Inf,-Inf,-Inf,-Inf,-Inf,-Inf,1308,1308,-Inf,-Inf,-Inf,-Inf,-Inf,-Inf,-Inf,-Inf,-Inf,1308,1308,-Inf,-Inf,-Inf,-Inf,-Inf,-Inf,-Inf,-Inf,-Inf
1309,1309,-Inf,-Inf,-Inf,-Inf,-Inf,-Inf,-Inf,-Inf,-Inf,1309,1309,-Inf,-Inf,-Inf,-Inf,-Inf,-Inf,-Inf,-Inf,-Inf,1309,1309,-Inf,-Inf,-Inf,-Inf,-Inf,-Inf,-Inf,-Inf,-Inf
1310,1310,-Inf,-Inf,-Inf,-Inf,-Inf,-Inf,-Inf,-Inf,-Inf,1310,1310,-Inf,-Inf,-Inf,-Inf,-Inf,-Inf,-Inf,-Inf,-Inf,1310,1310,-Inf,-Inf,-Inf,-Inf,-Inf,-Inf,-Inf,-Inf,-Inf
1311,1311,-Inf,-Inf,-Inf,-Inf,-Inf,-Inf,-Inf,-Inf,-Inf,1311,1311,-Inf,-Inf,-Inf,-Inf,-Inf,-Inf,-Inf,-Inf,-Inf,1311,1311,-Inf,-Inf,-Inf,-Inf,-Inf,-Inf,-Inf,-Inf,-Inf
1312,1312,-Inf,-Inf,-Inf,-Inf,-Inf,-Inf,-Inf,-Inf,-Inf,1312,1312,-Inf,-Inf,-Inf,-Inf,-Inf,-Inf,-Inf,-Inf,-Inf,1312,1312,-Inf,-Inf,-Inf,-Inf,-Inf,-Inf,-Inf,-Inf,-Inf
1313,1313,-Inf,-Inf,-Inf,-Inf,-Inf,-Inf,-Inf,-Inf,-Inf,1313,1313,-Inf,-Inf,-Inf,-Inf,-Inf,-Inf,-Inf,-Inf,-Inf,1313,1313,-Inf,-Inf,-Inf,-Inf,-Inf,-Inf,-Inf,-Inf,-Inf
1314,1314,-Inf,-Inf,-Inf,-Inf,-Inf,-Inf,-Inf,-Inf,-Inf,1314,1314,-Inf,-Inf,-Inf,-Inf,-Inf,-Inf,-Inf,-Inf,-Inf,1314,1314,-Inf,-Inf,-Inf,-Inf,-Inf,-Inf,-Inf,-Inf,-Inf
1315,1315,-Inf,-Inf,-Inf,-Inf,-Inf,-Inf,-Inf,-Inf,-Inf,1315,1315,-Inf,-Inf,-Inf,-Inf,-Inf,-Inf,-Inf,-Inf,-Inf,1315,1315,-Inf,-Inf,-Inf,-Inf,-Inf,-Inf,-Inf,-Inf,-Inf
1316,1316,-Inf,-Inf,-Inf,-Inf,-Inf,-Inf,-Inf,-Inf,-Inf,1316,1316,-Inf,-Inf,-Inf,-Inf,-Inf,-Inf,-Inf,-Inf,-Inf,1316,1316,-Inf,-Inf,-Inf,-Inf,-Inf,-Inf,-Inf,-Inf,-Inf
1317,1317,-Inf,-Inf,-Inf,-Inf,-Inf,-Inf,-Inf,-Inf,-Inf,1317,1317,-Inf,-Inf,-Inf,-Inf,-Inf,-Inf,-Inf,-Inf,-Inf,1317,1317,-Inf,-Inf,-Inf,-Inf,-Inf,-Inf,-Inf,-Inf,-Inf
1318,1318,-Inf,-Inf,-Inf,-Inf,-Inf,-Inf,-Inf,-Inf,-Inf,1318,1318,-Inf,-Inf,-Inf,-Inf,-Inf,-Inf,-Inf,-Inf,-Inf,1318,1318,-Inf,-Inf,-Inf,-Inf,-Inf,-Inf,-Inf,-Inf,-Inf
1319,1319,-Inf,-Inf,-Inf,-Inf,-Inf,-Inf,-Inf,-Inf,-Inf,1319,1319,-Inf,-Inf,-Inf,-Inf,-Inf,-Inf,-Inf,-Inf,-Inf,1319,1319,-Inf,-Inf,-Inf,-Inf,-Inf,-Inf,-Inf,-Inf,-Inf
1320,1320,-Inf,-Inf,-Inf,-Inf,-Inf,-Inf,-Inf,-Inf,-Inf,1320,1320,-Inf,-Inf,-Inf,-Inf,-Inf,-Inf,-Inf,-Inf,-Inf,1320,1320,-Inf,-Inf,-Inf,-Inf,-Inf,-Inf,-Inf,-Inf,-Inf
1321,1321,-Inf,-Inf,-Inf,-Inf,-Inf,-Inf,-Inf,-Inf,-Inf,1321,1321,-Inf,-Inf,-Inf,-Inf,-Inf,-Inf,-Inf,-Inf,-Inf,1321,1321,-Inf,-Inf,-Inf,-Inf,-Inf,-Inf,-Inf,-Inf,-Inf
1322,1322,-Inf,-Inf,-Inf,-Inf,-Inf,-Inf,-Inf,-Inf,-Inf,1322,1322,-Inf,-Inf,-Inf,-Inf,-Inf,-Inf,-Inf,-Inf,-Inf,1322,1322,-Inf,-Inf,-Inf,-Inf,-Inf,-Inf,-Inf,-Inf,-Inf
1323,1323,-Inf,-Inf,-Inf,-Inf,-Inf,-Inf,-Inf,-Inf,-Inf,1323,1323,-Inf,-Inf,-Inf,-Inf,-Inf,-Inf,-Inf,-Inf,-Inf,1323,1323,-Inf,-Inf,-Inf,-Inf,-Inf,-Inf,-Inf,-Inf,-Inf
1324,1324,-Inf,-Inf,-Inf,-Inf,-Inf,-Inf,-Inf,-Inf,-Inf,1324,1324,-Inf,-Inf,-Inf,-Inf,-Inf,-Inf,-Inf,-Inf,-Inf,1324,1324,-Inf,-Inf,-Inf,-Inf,-Inf,-Inf,-Inf,-Inf,-Inf
1325,1325,-Inf,-Inf,-Inf,-Inf,-Inf,-Inf,-Inf,-Inf,-Inf,1325,1325,-Inf,-Inf,-Inf,-Inf,-Inf,-Inf,-Inf,-Inf,-Inf,1325,1325,-Inf,-Inf,-Inf,-Inf,-Inf,-Inf,-Inf,-Inf,-Inf
1326,1326,-Inf,-Inf,-Inf,-Inf,-Inf,-Inf,-Inf,-Inf,-Inf,1326,1326,-Inf,-Inf,-Inf,-Inf,-Inf,-Inf,-Inf,-Inf,-Inf,1326,1326,-Inf,-Inf,-Inf,-Inf,-Inf,-Inf,-Inf,-Inf,-Inf
1327,1327,-Inf,-Inf,-Inf,-Inf,-Inf,-Inf,-Inf,-Inf,-Inf,1327,1327,-Inf,-Inf,-Inf,-Inf,-Inf,-Inf,-Inf,-Inf,-Inf,1327,1327,-Inf,-Inf,-Inf,-Inf,-Inf,-Inf,-Inf,-Inf,-Inf
1328,1328,-Inf,-Inf,-Inf,-Inf,-Inf,-Inf,-Inf,-Inf,-Inf,1328,1328,-Inf,-Inf,-Inf,-Inf,-Inf,-Inf,-Inf,-Inf,-Inf,1328,1328,-Inf,-Inf,-Inf,-Inf,-Inf,-Inf,-Inf,-Inf,-Inf
1329,1329,-Inf,-Inf,-Inf,-Inf,-Inf,-Inf,-Inf,-Inf,-Inf,1329,1329,-Inf,-Inf,-Inf,-Inf,-Inf,-Inf,-Inf,-Inf,-Inf,1329,1329,-Inf,-Inf,-Inf,-Inf,-Inf,-Inf,-Inf,-Inf,-Inf
1330,1330,-Inf,-Inf,-Inf,-Inf,-Inf,-Inf,-Inf,-Inf,-Inf,1330,1330,-Inf,-Inf,-Inf,-Inf,-Inf,-Inf,-Inf,-Inf,-Inf,1330,1330,-Inf,-Inf,-Inf,-Inf,-Inf,-Inf,-Inf,-Inf,-Inf
1331,1331,-Inf,-Inf,-Inf,-Inf,-Inf,-Inf,-Inf,-Inf,-Inf,1331,1331,-Inf,-Inf,-Inf,-Inf,-Inf,-Inf,-Inf,-Inf,-Inf,1331,1331,-Inf,-Inf,-Inf,-Inf,-Inf,-Inf,-Inf,-Inf,-Inf
1332,1332,-Inf,-Inf,-Inf,-Inf,-Inf,-Inf,-Inf,-Inf,-Inf,1332,1332,-Inf,-Inf,-Inf,-Inf,-Inf,-Inf,-Inf,-Inf,-Inf,1332,1332,-Inf,-Inf,-Inf,-Inf,-Inf,-Inf,-Inf,-Inf,-Inf
1333,1333,-Inf,-Inf,-Inf,-Inf,-Inf,-Inf,-Inf,-Inf,-Inf,1333,1333,-Inf,-Inf,-Inf,-Inf,-Inf,-Inf,-Inf,-Inf,-Inf,1333,1333,-Inf,-Inf,-Inf,-Inf,-Inf,-Inf,-Inf,-Inf,-Inf
1334,1334,-Inf,-Inf,-Inf,-Inf,-Inf,-Inf,-Inf,-Inf,-Inf,1334,1334,-Inf,-Inf,-Inf,-Inf,-Inf,-Inf,-Inf,-Inf,-Inf,1334,1334,-Inf,-Inf,-Inf,-Inf,-Inf,-Inf,-Inf,-Inf,-Inf
1335,1335,-Inf,-Inf,-Inf,-Inf,-Inf,-Inf,-Inf,-Inf,-Inf,1335,1335,-Inf,-Inf,-Inf,-Inf,-Inf,-Inf,-Inf,-Inf,-Inf,1335,1335,-Inf,-Inf,-Inf,-Inf,-Inf,-Inf,-Inf,-Inf,-Inf
1336,1336,-Inf,-Inf,-Inf,-Inf,-Inf,-Inf,-Inf,-Inf,-Inf,1336,1336,-Inf,-Inf,-Inf,-Inf,-Inf,-Inf,-Inf,-Inf,-Inf,1336,1336,-Inf,-Inf,-Inf,-Inf,-Inf,-Inf,-Inf,-Inf,-Inf
1337,1337,-Inf,-Inf,-Inf,-Inf,-Inf,-Inf,-Inf,-Inf,-Inf,1337,1337,-Inf,-Inf,-Inf,-Inf,-Inf,-Inf,-Inf,-Inf,-Inf,1337,1337,-Inf,-Inf,-Inf,-Inf,-Inf,-Inf,-Inf,-Inf,-Inf
1338,1338,-Inf,-Inf,-Inf,-Inf,-Inf,-Inf,-Inf,-Inf,-Inf,1338,1338,-Inf,-Inf,-Inf,-Inf,-Inf,-Inf,-Inf,-Inf,-Inf,1338,1338,-Inf,-Inf,-Inf,-Inf,-Inf,-Inf,-Inf,-Inf,-Inf
1339,1339,-Inf,-Inf,-Inf,-Inf,-Inf,-Inf,-Inf,-Inf,-Inf,1339,1339,-Inf,-Inf,-Inf,-Inf,-Inf,-Inf,-Inf,-Inf,-Inf,1339,1339,-Inf,-Inf,-Inf,-Inf,-Inf,-Inf,-Inf,-Inf,-Inf
1340,1340,-Inf,-Inf,-Inf,-Inf,-Inf,-Inf,-Inf,-Inf,-Inf,1340,1340,-Inf,-Inf,-Inf,-Inf,-Inf,-Inf,-Inf,-Inf,-Inf,1340,1340,-Inf,-Inf,-Inf,-Inf,-Inf,-Inf,-Inf,-Inf,-Inf
1341,1341,-Inf,-Inf,-Inf,-Inf,-Inf,-Inf,-Inf,-Inf,-Inf,1341,1341,-Inf,-Inf,-Inf,-Inf,-Inf,-Inf,-Inf,-Inf,-Inf,1341,1341,-Inf,-Inf,-Inf,-Inf,-Inf,-Inf,-Inf,-Inf,-Inf
1342,1342,-Inf,-Inf,-Inf,-Inf,-Inf,-Inf,-Inf,-Inf,-Inf,1342,1342,-Inf,-Inf,-Inf,-Inf,-Inf,-Inf,-Inf,-Inf,-Inf,1342,1342,-Inf,-Inf,-Inf,-Inf,-Inf,-Inf,-Inf,-Inf,-Inf
1343,1343,-Inf,-Inf,-Inf,-Inf,-Inf,-Inf,-Inf,-Inf,-Inf,1343,1343,-Inf,-Inf,-Inf,-Inf,-Inf,-Inf,-Inf,-Inf,-Inf,1343,1343,-Inf,-Inf,-Inf,-Inf,-Inf,-Inf,-Inf,-Inf,-Inf
1344,1344,-Inf,-Inf,-Inf,-Inf,-Inf,-Inf,-Inf,-Inf,-Inf,1344,1344,-Inf,-Inf,-Inf,-Inf,-Inf,-Inf,-Inf,-Inf,-Inf,1344,1344,-Inf,-Inf,-Inf,-Inf,-Inf,-Inf,-Inf,-Inf,-Inf
1345,1345,-Inf,-Inf,-Inf,-Inf,-Inf,-Inf,-Inf,-Inf,-Inf,1345,1345,-Inf,-Inf,-Inf,-Inf,-Inf,-Inf,-Inf,-Inf,-Inf,1345,1345,-Inf,-Inf,-Inf,-Inf,-Inf,-Inf,-Inf,-Inf,-Inf
1346,1346,-Inf,-Inf,-Inf,-Inf,-Inf,-Inf,-Inf,-Inf,-Inf,1346,1346,-Inf,-Inf,-Inf,-Inf,-Inf,-Inf,-Inf,-Inf,-Inf,1346,1346,-Inf,-Inf,-Inf,-Inf,-Inf,-Inf,-Inf,-Inf,-Inf
1347,1347,-Inf,-Inf,-Inf,-Inf,-Inf,-Inf,-Inf,-Inf,-Inf,1347,1347,-Inf,-Inf,-Inf,-Inf,-Inf,-Inf,-Inf,-Inf,-Inf,1347,1347,-Inf,-Inf,-Inf,-Inf,-Inf,-Inf,-Inf,-Inf,-Inf
1348,1348,-Inf,-Inf,-Inf,-Inf,-Inf,-Inf,-Inf,-Inf,-Inf,1348,1348,-Inf,-Inf,-Inf,-Inf,-Inf,-Inf,-Inf,-Inf,-Inf,1348,1348,-Inf,-Inf,-Inf,-Inf,-Inf,-Inf,-Inf,-Inf,-Inf
1349,1349,-Inf,-Inf,-Inf,-Inf,-Inf,-Inf,-Inf,-Inf,-Inf,1349,1349,-Inf,-Inf,-Inf,-Inf,-Inf,-Inf,-Inf,-Inf,-Inf,1349,1349,-Inf,-Inf,-Inf,-Inf,-Inf,-Inf,-Inf,-Inf,-Inf
1350,1350,-Inf,-Inf,-Inf,-Inf,-Inf,-Inf,-Inf,-Inf,-Inf,1350,1350,-Inf,-Inf,-Inf,-Inf,-Inf,-Inf,-Inf,-Inf,-Inf,1350,1350,-Inf,-Inf,-Inf,-Inf,-Inf,-Inf,-Inf,-Inf,-Inf
1351,1351,-Inf,-Inf,-Inf,-Inf,-Inf,-Inf,-Inf,-Inf,-Inf,1351,1351,-Inf,-Inf,-Inf,-Inf,-Inf,-Inf,-Inf,-Inf,-Inf,1351,1351,-Inf,-Inf,-Inf,-Inf,-Inf,-Inf,-Inf,-Inf,-Inf
1352,1352,-Inf,-Inf,-Inf,-Inf,-Inf,-Inf,-Inf,-Inf,-Inf,1352,1352,-Inf,-Inf,-Inf,-Inf,-Inf,-Inf,-Inf,-Inf,-Inf,1352,1352,-Inf,-Inf,-Inf,-Inf,-Inf,-Inf,-Inf,-Inf,-Inf
1353,1353,-Inf,-Inf,-Inf,-Inf,-Inf,-Inf,-Inf,-Inf,-Inf,1353,1353,-Inf,-Inf,-Inf,-Inf,-Inf,-Inf,-Inf,-Inf,-Inf,1353,1353,-Inf,-Inf,-Inf,-Inf,-Inf,-Inf,-Inf,-Inf,-Inf
1354,1354,-Inf,-Inf,-Inf,-Inf,-Inf,-Inf,-Inf,-Inf,-Inf,1354,1354,-Inf,-Inf,-Inf,-Inf,-Inf,-Inf,-Inf,-Inf,-Inf,1354,1354,-Inf,-Inf,-Inf,-Inf,-Inf,-Inf,-Inf,-Inf,-Inf
1355,1355,-Inf,-Inf,-Inf,-Inf,-Inf,-Inf,-Inf,-Inf,-Inf,1355,1355,-Inf,-Inf,-Inf,-Inf,-Inf,-Inf,-Inf,-Inf,-Inf,1355,1355,-Inf,-Inf,-Inf,-Inf,-Inf,-Inf,-Inf,-Inf,-Inf
1356,1356,-Inf,-Inf,-Inf,-Inf,-Inf,-Inf,-Inf,-Inf,-Inf,1356,1356,-Inf,-Inf,-Inf,-Inf,-Inf,-Inf,-Inf,-Inf,-Inf,1356,1356,-Inf,-Inf,-Inf,-Inf,-Inf,-Inf,-Inf,-Inf,-Inf
1357,1357,-Inf,-Inf,-Inf,-Inf,-Inf,-Inf,-Inf,-Inf,-Inf,1357,1357,-Inf,-Inf,-Inf,-Inf,-Inf,-Inf,-Inf,-Inf,-Inf,1357,1357,-Inf,-Inf,-Inf,-Inf,-Inf,-Inf,-Inf,-Inf,-Inf
1358,1358,-Inf,-Inf,-Inf,-Inf,-Inf,-Inf,-Inf,-Inf,-Inf,1358,1358,-Inf,-Inf,-Inf,-Inf,-Inf,-Inf,-Inf,-Inf,-Inf,1358,1358,-Inf,-Inf,-Inf,-Inf,-Inf,-Inf,-Inf,-Inf,-Inf
1359,1359,-Inf,-Inf,-Inf,-Inf,-Inf,-Inf,-Inf,-Inf,-Inf,1359,1359,-Inf,-Inf,-Inf,-Inf,-Inf,-Inf,-Inf,-Inf,-Inf,1359,1359,-Inf,-Inf,-Inf,-Inf,-Inf,-Inf,-Inf,-Inf,-Inf
1360,1360,-Inf,-Inf,-Inf,-Inf,-Inf,-Inf,-Inf,-Inf,-Inf,1360,1360,-Inf,-Inf,-Inf,-Inf,-Inf,-Inf,-Inf,-Inf,-Inf,1360,1360,-Inf,-Inf,-Inf,-Inf,-Inf,-Inf,-Inf,-Inf,-Inf
1361,1361,-Inf,-Inf,-Inf,-Inf,-Inf,-Inf,-Inf,-Inf,-Inf,1361,1361,-Inf,-Inf,-Inf,-Inf,-Inf,-Inf,-Inf,-Inf,-Inf,1361,1361,-Inf,-Inf,-Inf,-Inf,-Inf,-Inf,-Inf,-Inf,-Inf
1362,1362,-Inf,-Inf,-Inf,-Inf,-Inf,-Inf,-Inf,-Inf,-Inf,1362,1362,-Inf,-Inf,-Inf,-Inf,-Inf,-Inf,-Inf,-Inf,-Inf,1362,1362,-Inf,-Inf,-Inf,-Inf,-Inf,-Inf,-Inf,-Inf,-Inf
1363,1363,-Inf,-Inf,-Inf,-Inf,-Inf,-Inf,-Inf,-Inf,-Inf,1363,1363,-Inf,-Inf,-Inf,-Inf,-Inf,-Inf,-Inf,-Inf,-Inf,1363,1363,-Inf,-Inf,-Inf,-Inf,-Inf,-Inf,-Inf,-Inf,-Inf
1364,1364,-Inf,-Inf,-Inf,-Inf,-Inf,-Inf,-Inf,-Inf,-Inf,1364,1364,-Inf,-Inf,-Inf,-Inf,-Inf,-Inf,-Inf,-Inf,-Inf,1364,1364,-Inf,-Inf,-Inf,-Inf,-Inf,-Inf,-Inf,-Inf,-Inf
1365,1365,-Inf,-Inf,-Inf,-Inf,-Inf,-Inf,-Inf,-Inf,-Inf,1365,1365,-Inf,-Inf,-Inf,-Inf,-Inf,-Inf,-Inf,-Inf,-Inf,1365,1365,-Inf,-Inf,-Inf,-Inf,-Inf,-Inf,-Inf,-Inf,-Inf
1366,1366,-Inf,-Inf,-Inf,-Inf,-Inf,-Inf,-Inf,-Inf,-Inf,1366,1366,-Inf,-Inf,-Inf,-Inf,-Inf,-Inf,-Inf,-Inf,-Inf,1366,1366,-Inf,-Inf,-Inf,-Inf,-Inf,-Inf,-Inf,-Inf,-Inf
1367,1367,-Inf,-Inf,-Inf,-Inf,-Inf,-Inf,-Inf,-Inf,-Inf,1367,1367,-Inf,-Inf,-Inf,-Inf,-Inf,-Inf,-Inf,-Inf,-Inf,1367,1367,-Inf,-Inf,-Inf,-Inf,-Inf,-Inf,-Inf,-Inf,-Inf
1368,1368,-Inf,-Inf,-Inf,-Inf,-Inf,-Inf,-Inf,-Inf,-Inf,1368,1368,-Inf,-Inf,-Inf,-Inf,-Inf,-Inf,-Inf,-Inf,-Inf,1368,1368,-Inf,-Inf,-Inf,-Inf,-Inf,-Inf,-Inf,-Inf,-Inf
1369,1369,-Inf,-Inf,-Inf,-Inf,-Inf,-Inf,-Inf,-Inf,-Inf,1369,1369,-Inf,-Inf,-Inf,-Inf,-Inf,-Inf,-Inf,-Inf,-Inf,1369,1369,-Inf,-Inf,-Inf,-Inf,-Inf,-Inf,-Inf,-Inf,-Inf
1370,1370,-Inf,-Inf,-Inf,-Inf,-Inf,-Inf,-Inf,-Inf,-Inf,1370,1370,-Inf,-Inf,-Inf,-Inf,-Inf,-Inf,-Inf,-Inf,-Inf,1370,1370,-Inf,-Inf,-Inf,-Inf,-Inf,-Inf,-Inf,-Inf,-Inf
1371,1371,-Inf,-Inf,-Inf,-Inf,-Inf,-Inf,-Inf,-Inf,-Inf,1371,1371,-Inf,-Inf,-Inf,-Inf,-Inf,-Inf,-Inf,-Inf,-Inf,1371,1371,-Inf,-Inf,-Inf,-Inf,-Inf,-Inf,-Inf,-Inf,-Inf
1372,1372,-Inf,-Inf,-Inf,-Inf,-Inf,-Inf,-Inf,-Inf,-Inf,1372,1372,-Inf,-Inf,-Inf,-Inf,-Inf,-Inf,-Inf,-Inf,-Inf,1372,1372,-Inf,-Inf,-Inf,-Inf,-Inf,-Inf,-Inf,-Inf,-Inf
1373,1373,-Inf,-Inf,-Inf,-Inf,-Inf,-Inf,-Inf,-Inf,-Inf,1373,1373,-Inf,-Inf,-Inf,-Inf,-Inf,-Inf,-Inf,-Inf,-Inf,1373,1373,-Inf,-Inf,-Inf,-Inf,-Inf,-Inf,-Inf,-Inf,-Inf
1374,1374,-Inf,-Inf,-Inf,-Inf,-Inf,-Inf,-Inf,-Inf,-Inf,1374,1374,-Inf,-Inf,-Inf,-Inf,-Inf,-Inf,-Inf,-Inf,-Inf,1374,1374,-Inf,-Inf,-Inf,-Inf,-Inf,-Inf,-Inf,-Inf,-Inf
1375,1375,-Inf,-Inf,-Inf,-Inf,-Inf,-Inf,-Inf,-Inf,-Inf,1375,1375,-Inf,-Inf,-Inf,-Inf,-Inf,-Inf,-Inf,-Inf,-Inf,1375,1375,-Inf,-Inf,-Inf,-Inf,-Inf,-Inf,-Inf,-Inf,-Inf
1376,1376,-Inf,-Inf,-Inf,-Inf,-Inf,-Inf,-Inf,-Inf,-Inf,1376,1376,-Inf,-Inf,-Inf,-Inf,-Inf,-Inf,-Inf,-Inf,-Inf,1376,1376,-Inf,-Inf,-Inf,-Inf,-Inf,-Inf,-Inf,-Inf,-Inf
1377,1377,-Inf,-Inf,-Inf,-Inf,-Inf,-Inf,-Inf,-Inf,-Inf,1377,1377,-Inf,-Inf,-Inf,-Inf,-Inf,-Inf,-Inf,-Inf,-Inf,1377,1377,-Inf,-Inf,-Inf,-Inf,-Inf,-Inf,-Inf,-Inf,-Inf
1378,1378,-Inf,-Inf,-Inf,-Inf,-Inf,-Inf,-Inf,-Inf,-Inf,1378,1378,-Inf,-Inf,-Inf,-Inf,-Inf,-Inf,-Inf,-Inf,-Inf,1378,1378,-Inf,-Inf,-Inf,-Inf,-Inf,-Inf,-Inf,-Inf,-Inf
1379,1379,-Inf,-Inf,-Inf,-Inf,-Inf,-Inf,-Inf,-Inf,-Inf,1379,1379,-Inf,-Inf,-Inf,-Inf,-Inf,-Inf,-Inf,-Inf,-Inf,1379,1379,-Inf,-Inf,-Inf,-Inf,-Inf,-Inf,-Inf,-Inf,-Inf
1380,1380,-Inf,-Inf,-Inf,-Inf,-Inf,-Inf,-Inf,-Inf,-Inf,1380,1380,-Inf,-Inf,-Inf,-Inf,-Inf,-Inf,-Inf,-Inf,-Inf,1380,1380,-Inf,-Inf,-Inf,-Inf,-Inf,-Inf,-Inf,-Inf,-Inf
1381,1381,-Inf,-Inf,-Inf,-Inf,-Inf,-Inf,-Inf,-Inf,-Inf,1381,1381,-Inf,-Inf,-Inf,-Inf,-Inf,-Inf,-Inf,-Inf,-Inf,1381,1381,-Inf,-Inf,-Inf,-Inf,-Inf,-Inf,-Inf,-Inf,-Inf
1382,1382,-Inf,-Inf,-Inf,-Inf,-Inf,-Inf,-Inf,-Inf,-Inf,1382,1382,-Inf,-Inf,-Inf,-Inf,-Inf,-Inf,-Inf,-Inf,-Inf,1382,1382,-Inf,-Inf,-Inf,-Inf,-Inf,-Inf,-Inf,-Inf,-Inf
1383,1383,-Inf,-Inf,-Inf,-Inf,-Inf,-Inf,-Inf,-Inf,-Inf,1383,1383,-Inf,-Inf,-Inf,-Inf,-Inf,-Inf,-Inf,-Inf,-Inf,1383,1383,-Inf,-Inf,-Inf,-Inf,-Inf,-Inf,-Inf,-Inf,-Inf
1384,1384,-Inf,-Inf,-Inf,-Inf,-Inf,-Inf,-Inf,-Inf,-Inf,1384,1384,-Inf,-Inf,-Inf,-Inf,-Inf,-Inf,-Inf,-Inf,-Inf,1384,1384,-Inf,-Inf,-Inf,-Inf,-Inf,-Inf,-Inf,-Inf,-Inf
1385,1385,-Inf,-Inf,-Inf,-Inf,-Inf,-Inf,-Inf,-Inf,-Inf,1385,1385,-Inf,-Inf,-Inf,-Inf,-Inf,-Inf,-Inf,-Inf,-Inf,1385,1385,-Inf,-Inf,-Inf,-Inf,-Inf,-Inf,-Inf,-Inf,-Inf
1386,1386,-Inf,-Inf,-Inf,-Inf,-Inf,-Inf,-Inf,-Inf,-Inf,1386,1386,-Inf,-Inf,-Inf,-Inf,-Inf,-Inf,-Inf,-Inf,-Inf,1386,1386,-Inf,-Inf,-Inf,-Inf,-Inf,-Inf,-Inf,-Inf,-Inf
1387,1387,-Inf,-Inf,-Inf,-Inf,-Inf,-Inf,-Inf,-Inf,-Inf,1387,1387,-Inf,-Inf,-Inf,-Inf,-Inf,-Inf,-Inf,-Inf,-Inf,1387,1387,-Inf,-Inf,-Inf,-Inf,-Inf,-Inf,-Inf,-Inf,-Inf
1388,1388,-Inf,-Inf,-Inf,-Inf,-Inf,-Inf,-Inf,-Inf,-Inf,1388,1388,-Inf,-Inf,-Inf,-Inf,-Inf,-Inf,-Inf,-Inf,-Inf,1388,1388,-Inf,-Inf,-Inf,-Inf,-Inf,-Inf,-Inf,-Inf,-Inf
1389,1389,-Inf,-Inf,-Inf,-Inf,-Inf,-Inf,-Inf,-Inf,-Inf,1389,1389,-Inf,-Inf,-Inf,-Inf,-Inf,-Inf,-Inf,-Inf,-Inf,1389,1389,-Inf,-Inf,-Inf,-Inf,-Inf,-Inf,-Inf,-Inf,-Inf
1390,1390,-Inf,-Inf,-Inf,-Inf,-Inf,-Inf,-Inf,-Inf,-Inf,1390,1390,-Inf,-Inf,-Inf,-Inf,-Inf,-Inf,-Inf,-Inf,-Inf,1390,1390,-Inf,-Inf,-Inf,-Inf,-Inf,-Inf,-Inf,-Inf,-Inf
1391,1391,-Inf,-Inf,-Inf,-Inf,-Inf,-Inf,-Inf,-Inf,-Inf,1391,1391,-Inf,-Inf,-Inf,-Inf,-Inf,-Inf,-Inf,-Inf,-Inf,1391,1391,-Inf,-Inf,-Inf,-Inf,-Inf,-Inf,-Inf,-Inf,-Inf
1392,1392,-Inf,-Inf,-Inf,-Inf,-Inf,-Inf,-Inf,-Inf,-Inf,1392,1392,-Inf,-Inf,-Inf,-Inf,-Inf,-Inf,-Inf,-Inf,-Inf,1392,1392,-Inf,-Inf,-Inf,-Inf,-Inf,-Inf,-Inf,-Inf,-Inf
1393,1393,-Inf,-Inf,-Inf,-Inf,-Inf,-Inf,-Inf,-Inf,-Inf,1393,1393,-Inf,-Inf,-Inf,-Inf,-Inf,-Inf,-Inf,-Inf,-Inf,1393,1393,-Inf,-Inf,-Inf,-Inf,-Inf,-Inf,-Inf,-Inf,-Inf
1394,1394,-Inf,-Inf,-Inf,-Inf,-Inf,-Inf,-Inf,-Inf,-Inf,1394,1394,-Inf,-Inf,-Inf,-Inf,-Inf,-Inf,-Inf,-Inf,-Inf,1394,1394,-Inf,-Inf,-Inf,-Inf,-Inf,-Inf,-Inf,-Inf,-Inf
1395,1395,-Inf,-Inf,-Inf,-Inf,-Inf,-Inf,-Inf,-Inf,-Inf,1395,1395,-Inf,-Inf,-Inf,-Inf,-Inf,-Inf,-Inf,-Inf,-Inf,1395,1395,-Inf,-Inf,-Inf,-Inf,-Inf,-Inf,-Inf,-Inf,-Inf
1396,1396,-Inf,-Inf,-Inf,-Inf,-Inf,-Inf,-Inf,-Inf,-Inf,1396,1396,-Inf,-Inf,-Inf,-Inf,-Inf,-Inf,-Inf,-Inf,-Inf,1396,1396,-Inf,-Inf,-Inf,-Inf,-Inf,-Inf,-Inf,-Inf,-Inf
1397,1397,-Inf,-Inf,-Inf,-Inf,-Inf,-Inf,-Inf,-Inf,-Inf,1397,1397,-Inf,-Inf,-Inf,-Inf,-Inf,-Inf,-Inf,-Inf,-Inf,1397,1397,-Inf,-Inf,-Inf,-Inf,-Inf,-Inf,-Inf,-Inf,-Inf
1398,1398,-Inf,-Inf,-Inf,-Inf,-Inf,-Inf,-Inf,-Inf,-Inf,1398,1398,-Inf,-Inf,-Inf,-Inf,-Inf,-Inf,-Inf,-Inf,-Inf,1398,1398,-Inf,-Inf,-Inf,-Inf,-Inf,-Inf,-Inf,-Inf,-Inf
1399,1399,-Inf,-Inf,-Inf,-Inf,-Inf,-Inf,-Inf,-Inf,-Inf,1399,1399,-Inf,-Inf,-Inf,-Inf,-Inf,-Inf,-Inf,-Inf,-Inf,1399,1399,-Inf,-Inf,-Inf,-Inf,-Inf,-Inf,-Inf,-Inf,-Inf
1400,1400,-Inf,-Inf,-Inf,-Inf,-Inf,-Inf,-Inf,-Inf,-Inf,1400,1400,-Inf,-Inf,-Inf,-Inf,-Inf,-Inf,-Inf,-Inf,-Inf,1400,1400,-Inf,-Inf,-Inf,-Inf,-Inf,-Inf,-Inf,-Inf,-Inf
1401,1401,-Inf,-Inf,-Inf,-Inf,-Inf,-Inf,-Inf,-Inf,-Inf,1401,1401,-Inf,-Inf,-Inf,-Inf,-Inf,-Inf,-Inf,-Inf,-Inf,1401,1401,-Inf,-Inf,-Inf,-Inf,-Inf,-Inf,-Inf,-Inf,-Inf
1402,1402,-Inf,-Inf,-Inf,-Inf,-Inf,-Inf,-Inf,-Inf,-Inf,1402,1402,-Inf,-Inf,-Inf,-Inf,-Inf,-Inf,-Inf,-Inf,-Inf,1402,1402,-Inf,-Inf,-Inf,-Inf,-Inf,-Inf,-Inf,-Inf,-Inf
1403,1403,-Inf,-Inf,-Inf,-Inf,-Inf,-Inf,-Inf,-Inf,-Inf,1403,1403,-Inf,-Inf,-Inf,-Inf,-Inf,-Inf,-Inf,-Inf,-Inf,1403,1403,-Inf,-Inf,-Inf,-Inf,-Inf,-Inf,-Inf,-Inf,-Inf
1404,1404,-Inf,-Inf,-Inf,-Inf,-Inf,-Inf,-Inf,-Inf,-Inf,1404,1404,-Inf,-Inf,-Inf,-Inf,-Inf,-Inf,-Inf,-Inf,-Inf,1404,1404,-Inf,-Inf,-Inf,-Inf,-Inf,-Inf,-Inf,-Inf,-Inf
1405,1405,-Inf,-Inf,-Inf,-Inf,-Inf,-Inf,-Inf,-Inf,-Inf,1405,1405,-Inf,-Inf,-Inf,-Inf,-Inf,-Inf,-Inf,-Inf,-Inf,1405,1405,-Inf,-Inf,-Inf,-Inf,-Inf,-Inf,-Inf,-Inf,-Inf
1406,1406,-Inf,-Inf,-Inf,-Inf,-Inf,-Inf,-Inf,-Inf,-Inf,1406,1406,-Inf,-Inf,-Inf,-Inf,-Inf,-Inf,-Inf,-Inf,-Inf,1406,1406,-Inf,-Inf,-Inf,-Inf,-Inf,-Inf,-Inf,-Inf,-Inf
1407,1407,-Inf,-Inf,-Inf,-Inf,-Inf,-Inf,-Inf,-Inf,-Inf,1407,1407,-Inf,-Inf,-Inf,-Inf,-Inf,-Inf,-Inf,-Inf,-Inf,1407,1407,-Inf,-Inf,-Inf,-Inf,-Inf,-Inf,-Inf,-Inf,-Inf
1408,1408,-Inf,-Inf,-Inf,-Inf,-Inf,-Inf,-Inf,-Inf,-Inf,1408,1408,-Inf,-Inf,-Inf,-Inf,-Inf,-Inf,-Inf,-Inf,-Inf,1408,1408,-Inf,-Inf,-Inf,-Inf,-Inf,-Inf,-Inf,-Inf,-Inf
1409,1409,-Inf,-Inf,-Inf,-Inf,-Inf,-Inf,-Inf,-Inf,-Inf,1409,1409,-Inf,-Inf,-Inf,-Inf,-Inf,-Inf,-Inf,-Inf,-Inf,1409,1409,-Inf,-Inf,-Inf,-Inf,-Inf,-Inf,-Inf,-Inf,-Inf
1410,1410,-Inf,-Inf,-Inf,-Inf,-Inf,-Inf,-Inf,-Inf,-Inf,1410,1410,-Inf,-Inf,-Inf,-Inf,-Inf,-Inf,-Inf,-Inf,-Inf,1410,1410,-Inf,-Inf,-Inf,-Inf,-Inf,-Inf,-Inf,-Inf,-Inf
1411,1411,-Inf,-Inf,-Inf,-Inf,-Inf,-Inf,-Inf,-Inf,-Inf,1411,1411,-Inf,-Inf,-Inf,-Inf,-Inf,-Inf,-Inf,-Inf,-Inf,1411,1411,-Inf,-Inf,-Inf,-Inf,-Inf,-Inf,-Inf,-Inf,-Inf
1412,1412,-Inf,-Inf,-Inf,-Inf,-Inf,-Inf,-Inf,-Inf,-Inf,1412,1412,-Inf,-Inf,-Inf,-Inf,-Inf,-Inf,-Inf,-Inf,-Inf,1412,1412,-Inf,-Inf,-Inf,-Inf,-Inf,-Inf,-Inf,-Inf,-Inf
1413,1413,-Inf,-Inf,-Inf,-Inf,-Inf,-Inf,-Inf,-Inf,-Inf,1413,1413,-Inf,-Inf,-Inf,-Inf,-Inf,-Inf,-Inf,-Inf,-Inf,1413,1413,-Inf,-Inf,-Inf,-Inf,-Inf,-Inf,-Inf,-Inf,-Inf
1414,1414,-Inf,-Inf,-Inf,-Inf,-Inf,-Inf,-Inf,-Inf,-Inf,1414,1414,-Inf,-Inf,-Inf,-Inf,-Inf,-Inf,-Inf,-Inf,-Inf,1414,1414,-Inf,-Inf,-Inf,-Inf,-Inf,-Inf,-Inf,-Inf,-Inf
1415,1415,-Inf,-Inf,-Inf,-Inf,-Inf,-Inf,-Inf,-Inf,-Inf,1415,1415,-Inf,-Inf,-Inf,-Inf,-Inf,-Inf,-Inf,-Inf,-Inf,1415,1415,-Inf,-Inf,-Inf,-Inf,-Inf,-Inf,-Inf,-Inf,-Inf
1416,1416,-Inf,-Inf,-Inf,-Inf,-Inf,-Inf,-Inf,-Inf,-Inf,1416,1416,-Inf,-Inf,-Inf,-Inf,-Inf,-Inf,-Inf,-Inf,-Inf,1416,1416,-Inf,-Inf,-Inf,-Inf,-Inf,-Inf,-Inf,-Inf,-Inf
1417,1417,-Inf,-Inf,-Inf,-Inf,-Inf,-Inf,-Inf,-Inf,-Inf,1417,1417,-Inf,-Inf,-Inf,-Inf,-Inf,-Inf,-Inf,-Inf,-Inf,1417,1417,-Inf,-Inf,-Inf,-Inf,-Inf,-Inf,-Inf,-Inf,-Inf
1418,1418,-Inf,-Inf,-Inf,-Inf,-Inf,-Inf,-Inf,-Inf,-Inf,1418,1418,-Inf,-Inf,-Inf,-Inf,-Inf,-Inf,-Inf,-Inf,-Inf,1418,1418,-Inf,-Inf,-Inf,-Inf,-Inf,-Inf,-Inf,-Inf,-Inf
1419,1419,-Inf,-Inf,-Inf,-Inf,-Inf,-Inf,-Inf,-Inf,-Inf,1419,1419,-Inf,-Inf,-Inf,-Inf,-Inf,-Inf,-Inf,-Inf,-Inf,1419,1419,-Inf,-Inf,-Inf,-Inf,-Inf,-Inf,-Inf,-Inf,-Inf
1420,1420,-Inf,-Inf,-Inf,-Inf,-Inf,-Inf,-Inf,-Inf,-Inf,1420,1420,-Inf,-Inf,-Inf,-Inf,-Inf,-Inf,-Inf,-Inf,-Inf,1420,1420,-Inf,-Inf,-Inf,-Inf,-Inf,-Inf,-Inf,-Inf,-Inf
1421,1421,-Inf,-Inf,-Inf,-Inf,-Inf,-Inf,-Inf,-Inf,-Inf,1421,1421,-Inf,-Inf,-Inf,-Inf,-Inf,-Inf,-Inf,-Inf,-Inf,1421,1421,-Inf,-Inf,-Inf,-Inf,-Inf,-Inf,-Inf,-Inf,-Inf
1422,1422,-Inf,-Inf,-Inf,-Inf,-Inf,-Inf,-Inf,-Inf,-Inf,1422,1422,-Inf,-Inf,-Inf,-Inf,-Inf,-Inf,-Inf,-Inf,-Inf,1422,1422,-Inf,-Inf,-Inf,-Inf,-Inf,-Inf,-Inf,-Inf,-Inf
1423,1423,-Inf,-Inf,-Inf,-Inf,-Inf,-Inf,-Inf,-Inf,-Inf,1423,1423,-Inf,-Inf,-Inf,-Inf,-Inf,-Inf,-Inf,-Inf,-Inf,1423,1423,-Inf,-Inf,-Inf,-Inf,-Inf,-Inf,-Inf,-Inf,-Inf
1424,1424,-Inf,-Inf,-Inf,-Inf,-Inf,-Inf,-Inf,-Inf,-Inf,1424,1424,-Inf,-Inf,-Inf,-Inf,-Inf,-Inf,-Inf,-Inf,-Inf,1424,1424,-Inf,-Inf,-Inf,-Inf,-Inf,-Inf,-Inf,-Inf,-Inf
1425,1425,-Inf,-Inf,-Inf,-Inf,-Inf,-Inf,-Inf,-Inf,-Inf,1425,1425,-Inf,-Inf,-Inf,-Inf,-Inf,-Inf,-Inf,-Inf,-Inf,1425,1425,-Inf,-Inf,-Inf,-Inf,-Inf,-Inf,-Inf,-Inf,-Inf
1426,1426,-Inf,-Inf,-Inf,-Inf,-Inf,-Inf,-Inf,-Inf,-Inf,1426,1426,-Inf,-Inf,-Inf,-Inf,-Inf,-Inf,-Inf,-Inf,-Inf,1426,1426,-Inf,-Inf,-Inf,-Inf,-Inf,-Inf,-Inf,-Inf,-Inf
1427,1427,-Inf,-Inf,-Inf,-Inf,-Inf,-Inf,-Inf,-Inf,-Inf,1427,1427,-Inf,-Inf,-Inf,-Inf,-Inf,-Inf,-Inf,-Inf,-Inf,1427,1427,-Inf,-Inf,-Inf,-Inf,-Inf,-Inf,-Inf,-Inf,-Inf
1428,1428,-Inf,-Inf,-Inf,-Inf,-Inf,-Inf,-Inf,-Inf,-Inf,1428,1428,-Inf,-Inf,-Inf,-Inf,-Inf,-Inf,-Inf,-Inf,-Inf,1428,1428,-Inf,-Inf,-Inf,-Inf,-Inf,-Inf,-Inf,-Inf,-Inf
1429,1429,-Inf,-Inf,-Inf,-Inf,-Inf,-Inf,-Inf,-Inf,-Inf,1429,1429,-Inf,-Inf,-Inf,-Inf,-Inf,-Inf,-Inf,-Inf,-Inf,1429,1429,-Inf,-Inf,-Inf,-Inf,-Inf,-Inf,-Inf,-Inf,-Inf
1430,1430,-Inf,-Inf,-Inf,-Inf,-Inf,-Inf,-Inf,-Inf,-Inf,1430,1430,-Inf,-Inf,-Inf,-Inf,-Inf,-Inf,-Inf,-Inf,-Inf,1430,1430,-Inf,-Inf,-Inf,-Inf,-Inf,-Inf,-Inf,-Inf,-Inf
1431,1431,-Inf,-Inf,-Inf,-Inf,-Inf,-Inf,-Inf,-Inf,-Inf,1431,1431,-Inf,-Inf,-Inf,-Inf,-Inf,-Inf,-Inf,-Inf,-Inf,1431,1431,-Inf,-Inf,-Inf,-Inf,-Inf,-Inf,-Inf,-Inf,-Inf
1432,1432,-Inf,-Inf,-Inf,-Inf,-Inf,-Inf,-Inf,-Inf,-Inf,1432,1432,-Inf,-Inf,-Inf,-Inf,-Inf,-Inf,-Inf,-Inf,-Inf,1432,1432,-Inf,-Inf,-Inf,-Inf,-Inf,-Inf,-Inf,-Inf,-Inf
1433,1433,-Inf,-Inf,-Inf,-Inf,-Inf,-Inf,-Inf,-Inf,-Inf,1433,1433,-Inf,-Inf,-Inf,-Inf,-Inf,-Inf,-Inf,-Inf,-Inf,1433,1433,-Inf,-Inf,-Inf,-Inf,-Inf,-Inf,-Inf,-Inf,-Inf
1434,1434,-Inf,-Inf,-Inf,-Inf,-Inf,-Inf,-Inf,-Inf,-Inf,1434,1434,-Inf,-Inf,-Inf,-Inf,-Inf,-Inf,-Inf,-Inf,-Inf,1434,1434,-Inf,-Inf,-Inf,-Inf,-Inf,-Inf,-Inf,-Inf,-Inf
1435,1435,-Inf,-Inf,-Inf,-Inf,-Inf,-Inf,-Inf,-Inf,-Inf,1435,1435,-Inf,-Inf,-Inf,-Inf,-Inf,-Inf,-Inf,-Inf,-Inf,1435,1435,-Inf,-Inf,-Inf,-Inf,-Inf,-Inf,-Inf,-Inf,-Inf
1436,1436,-Inf,-Inf,-Inf,-Inf,-Inf,-Inf,-Inf,-Inf,-Inf,1436,1436,-Inf,-Inf,-Inf,-Inf,-Inf,-Inf,-Inf,-Inf,-Inf,1436,1436,-Inf,-Inf,-Inf,-Inf,-Inf,-Inf,-Inf,-Inf,-Inf
1437,1437,-Inf,-Inf,-Inf,-Inf,-Inf,-Inf,-Inf,-Inf,-Inf,1437,1437,-Inf,-Inf,-Inf,-Inf,-Inf,-Inf,-Inf,-Inf,-Inf,1437,1437,-Inf,-Inf,-Inf,-Inf,-Inf,-Inf,-Inf,-Inf,-Inf
1438,1438,-Inf,-Inf,-Inf,-Inf,-Inf,-Inf,-Inf,-Inf,-Inf,1438,1438,-Inf,-Inf,-Inf,-Inf,-Inf,-Inf,-Inf,-Inf,-Inf,1438,1438,-Inf,-Inf,-Inf,-Inf,-Inf,-Inf,-Inf,-Inf,-Inf
1439,1439,-Inf,-Inf,-Inf,-Inf,-Inf,-Inf,-Inf,-Inf,-Inf,1439,1439,-Inf,-Inf,-Inf,-Inf,-Inf,-Inf,-Inf,-Inf,-Inf,1439,1439,-Inf,-Inf,-Inf,-Inf,-Inf,-Inf,-Inf,-Inf,-Inf
1440,1440,-Inf,-Inf,-Inf,-Inf,-Inf,-Inf,-Inf,-Inf,-Inf,1440,1440,-Inf,-Inf,-Inf,-Inf,-Inf,-Inf,-Inf,-Inf,-Inf,1440,1440,-Inf,-Inf,-Inf,-Inf,-Inf,-Inf,-Inf,-Inf,-Inf
1441,1441,-Inf,-Inf,-Inf,-Inf,-Inf,-Inf,-Inf,-Inf,-Inf,1441,1441,-Inf,-Inf,-Inf,-Inf,-Inf,-Inf,-Inf,-Inf,-Inf,1441,1441,-Inf,-Inf,-Inf,-Inf,-Inf,-Inf,-Inf,-Inf,-Inf
1442,1442,-Inf,-Inf,-Inf,-Inf,-Inf,-Inf,-Inf,-Inf,-Inf,1442,1442,-Inf,-Inf,-Inf,-Inf,-Inf,-Inf,-Inf,-Inf,-Inf,1442,1442,-Inf,-Inf,-Inf,-Inf,-Inf,-Inf,-Inf,-Inf,-Inf
1443,1443,-Inf,-Inf,-Inf,-Inf,-Inf,-Inf,-Inf,-Inf,-Inf,1443,1443,-Inf,-Inf,-Inf,-Inf,-Inf,-Inf,-Inf,-Inf,-Inf,1443,1443,-Inf,-Inf,-Inf,-Inf,-Inf,-Inf,-Inf,-Inf,-Inf
1444,1444,-Inf,-Inf,-Inf,-Inf,-Inf,-Inf,-Inf,-Inf,-Inf,1444,1444,-Inf,-Inf,-Inf,-Inf,-Inf,-Inf,-Inf,-Inf,-Inf,1444,1444,-Inf,-Inf,-Inf,-Inf,-Inf,-Inf,-Inf,-Inf,-Inf
1445,1445,-Inf,-Inf,-Inf,-Inf,-Inf,-Inf,-Inf,-Inf,-Inf,1445,1445,-Inf,-Inf,-Inf,-Inf,-Inf,-Inf,-Inf,-Inf,-Inf,1445,1445,-Inf,-Inf,-Inf,-Inf,-Inf,-Inf,-Inf,-Inf,-Inf
1446,1446,-Inf,-Inf,-Inf,-Inf,-Inf,-Inf,-Inf,-Inf,-Inf,1446,1446,-Inf,-Inf,-Inf,-Inf,-Inf,-Inf,-Inf,-Inf,-Inf,1446,1446,-Inf,-Inf,-Inf,-Inf,-Inf,-Inf,-Inf,-Inf,-Inf
1447,1447,-Inf,-Inf,-Inf,-Inf,-Inf,-Inf,-Inf,-Inf,-Inf,1447,1447,-Inf,-Inf,-Inf,-Inf,-Inf,-Inf,-Inf,-Inf,-Inf,1447,1447,-Inf,-Inf,-Inf,-Inf,-Inf,-Inf,-Inf,-Inf,-Inf
1448,1448,-Inf,-Inf,-Inf,-Inf,-Inf,-Inf,-Inf,-Inf,-Inf,1448,1448,-Inf,-Inf,-Inf,-Inf,-Inf,-Inf,-Inf,-Inf,-Inf,1448,1448,-Inf,-Inf,-Inf,-Inf,-Inf,-Inf,-Inf,-Inf,-Inf
1449,1449,-Inf,-Inf,-Inf,-Inf,-Inf,-Inf,-Inf,-Inf,-Inf,1449,1449,-Inf,-Inf,-Inf,-Inf,-Inf,-Inf,-Inf,-Inf,-Inf,1449,1449,-Inf,-Inf,-Inf,-Inf,-Inf,-Inf,-Inf,-Inf,-Inf
1450,1450,-Inf,-Inf,-Inf,-Inf,-Inf,-Inf,-Inf,-Inf,-Inf,1450,1450,-Inf,-Inf,-Inf,-Inf,-Inf,-Inf,-Inf,-Inf,-Inf,1450,1450,-Inf,-Inf,-Inf,-Inf,-Inf,-Inf,-Inf,-Inf,-Inf
1451,1451,-Inf,-Inf,-Inf,-Inf,-Inf,-Inf,-Inf,-Inf,-Inf,1451,1451,-Inf,-Inf,-Inf,-Inf,-Inf,-Inf,-Inf,-Inf,-Inf,1451,1451,-Inf,-Inf,-Inf,-Inf,-Inf,-Inf,-Inf,-Inf,-Inf
1452,1452,-Inf,-Inf,-Inf,-Inf,-Inf,-Inf,-Inf,-Inf,-Inf,1452,1452,-Inf,-Inf,-Inf,-Inf,-Inf,-Inf,-Inf,-Inf,-Inf,1452,1452,-Inf,-Inf,-Inf,-Inf,-Inf,-Inf,-Inf,-Inf,-Inf
1453,1453,-Inf,-Inf,-Inf,-Inf,-Inf,-Inf,-Inf,-Inf,-Inf,1453,1453,-Inf,-Inf,-Inf,-Inf,-Inf,-Inf,-Inf,-Inf,-Inf,1453,1453,-Inf,-Inf,-Inf,-Inf,-Inf,-Inf,-Inf,-Inf,-Inf
1454,1454,-Inf,-Inf,-Inf,-Inf,-Inf,-Inf,-Inf,-Inf,-Inf,1454,1454,-Inf,-Inf,-Inf,-Inf,-Inf,-Inf,-Inf,-Inf,-Inf,1454,1454,-Inf,-Inf,-Inf,-Inf,-Inf,-Inf,-Inf,-Inf,-Inf
1455,1455,-Inf,-Inf,-Inf,-Inf,-Inf,-Inf,-Inf,-Inf,-Inf,1455,1455,-Inf,-Inf,-Inf,-Inf,-Inf,-Inf,-Inf,-Inf,-Inf,1455,1455,-Inf,-Inf,-Inf,-Inf,-Inf,-Inf,-Inf,-Inf,-Inf
1456,1456,-Inf,-Inf,-Inf,-Inf,-Inf,-Inf,-Inf,-Inf,-Inf,1456,1456,-Inf,-Inf,-Inf,-Inf,-Inf,-Inf,-Inf,-Inf,-Inf,1456,1456,-Inf,-Inf,-Inf,-Inf,-Inf,-Inf,-Inf,-Inf,-Inf
1457,1457,-Inf,-Inf,-Inf,-Inf,-Inf,-Inf,-Inf,-Inf,-Inf,1457,1457,-Inf,-Inf,-Inf,-Inf,-Inf,-Inf,-Inf,-Inf,-Inf,1457,1457,-Inf,-Inf,-Inf,-Inf,-Inf,-Inf,-Inf,-Inf,-Inf
1458,1458,-Inf,-Inf,-Inf,-Inf,-Inf,-Inf,-Inf,-Inf,-Inf,1458,1458,-Inf,-Inf,-Inf,-Inf,-Inf,-Inf,-Inf,-Inf,-Inf,1458,1458,-Inf,-Inf,-Inf,-Inf,-Inf,-Inf,-Inf,-Inf,-Inf
1459,1459,-Inf,-Inf,-Inf,-Inf,-Inf,-Inf,-Inf,-Inf,-Inf,1459,1459,-Inf,-Inf,-Inf,-Inf,-Inf,-Inf,-Inf,-Inf,-Inf,1459,1459,-Inf,-Inf,-Inf,-Inf,-Inf,-Inf,-Inf,-Inf,-Inf
1460,1460,-Inf,-Inf,-Inf,-Inf,-Inf,-Inf,-Inf,-Inf,-Inf,1460,1460,-Inf,-Inf,-Inf,-Inf,-Inf,-Inf,-Inf,-Inf,-Inf,1460,1460,-Inf,-Inf,-Inf,-Inf,-Inf,-Inf,-Inf,-Inf,-Inf
1461,1461,-Inf,-Inf,-Inf,-Inf,-Inf,-Inf,-Inf,-Inf,-Inf,1461,1461,-Inf,-Inf,-Inf,-Inf,-Inf,-Inf,-Inf,-Inf,-Inf,1461,1461,-Inf,-Inf,-Inf,-Inf,-Inf,-Inf,-Inf,-Inf,-Inf
1462,1462,-Inf,-Inf,-Inf,-Inf,-Inf,-Inf,-Inf,-Inf,-Inf,1462,1462,-Inf,-Inf,-Inf,-Inf,-Inf,-Inf,-Inf,-Inf,-Inf,1462,1462,-Inf,-Inf,-Inf,-Inf,-Inf,-Inf,-Inf,-Inf,-Inf
1463,1463,-Inf,-Inf,-Inf,-Inf,-Inf,-Inf,-Inf,-Inf,-Inf,1463,1463,-Inf,-Inf,-Inf,-Inf,-Inf,-Inf,-Inf,-Inf,-Inf,1463,1463,-Inf,-Inf,-Inf,-Inf,-Inf,-Inf,-Inf,-Inf,-Inf
1464,1464,-Inf,-Inf,-Inf,-Inf,-Inf,-Inf,-Inf,-Inf,-Inf,1464,1464,-Inf,-Inf,-Inf,-Inf,-Inf,-Inf,-Inf,-Inf,-Inf,1464,1464,-Inf,-Inf,-Inf,-Inf,-Inf,-Inf,-Inf,-Inf,-Inf
1465,1465,-Inf,-Inf,-Inf,-Inf,-Inf,-Inf,-Inf,-Inf,-Inf,1465,1465,-Inf,-Inf,-Inf,-Inf,-Inf,-Inf,-Inf,-Inf,-Inf,1465,1465,-Inf,-Inf,-Inf,-Inf,-Inf,-Inf,-Inf,-Inf,-Inf
1466,1466,-Inf,-Inf,-Inf,-Inf,-Inf,-Inf,-Inf,-Inf,-Inf,1466,1466,-Inf,-Inf,-Inf,-Inf,-Inf,-Inf,-Inf,-Inf,-Inf,1466,1466,-Inf,-Inf,-Inf,-Inf,-Inf,-Inf,-Inf,-Inf,-Inf
1467,1467,-Inf,-Inf,-Inf,-Inf,-Inf,-Inf,-Inf,-Inf,-Inf,1467,1467,-Inf,-Inf,-Inf,-Inf,-Inf,-Inf,-Inf,-Inf,-Inf,1467,1467,-Inf,-Inf,-Inf,-Inf,-Inf,-Inf,-Inf,-Inf,-Inf
1468,1468,-Inf,-Inf,-Inf,-Inf,-Inf,-Inf,-Inf,-Inf,-Inf,1468,1468,-Inf,-Inf,-Inf,-Inf,-Inf,-Inf,-Inf,-Inf,-Inf,1468,1468,-Inf,-Inf,-Inf,-Inf,-Inf,-Inf,-Inf,-Inf,-Inf
1469,1469,-Inf,-Inf,-Inf,-Inf,-Inf,-Inf,-Inf,-Inf,-Inf,1469,1469,-Inf,-Inf,-Inf,-Inf,-Inf,-Inf,-Inf,-Inf,-Inf,1469,1469,-Inf,-Inf,-Inf,-Inf,-Inf,-Inf,-Inf,-Inf,-Inf
1470,1470,-Inf,-Inf,-Inf,-Inf,-Inf,-Inf,-Inf,-Inf,-Inf,1470,1470,-Inf,-Inf,-Inf,-Inf,-Inf,-Inf,-Inf,-Inf,-Inf,1470,1470,-Inf,-Inf,-Inf,-Inf,-Inf,-Inf,-Inf,-Inf,-Inf
1471,1471,-Inf,-Inf,-Inf,-Inf,-Inf,-Inf,-Inf,-Inf,-Inf,1471,1471,-Inf,-Inf,-Inf,-Inf,-Inf,-Inf,-Inf,-Inf,-Inf,1471,1471,-Inf,-Inf,-Inf,-Inf,-Inf,-Inf,-Inf,-Inf,-Inf
1472,1472,-Inf,-Inf,-Inf,-Inf,-Inf,-Inf,-Inf,-Inf,-Inf,1472,1472,-Inf,-Inf,-Inf,-Inf,-Inf,-Inf,-Inf,-Inf,-Inf,1472,1472,-Inf,-Inf,-Inf,-Inf,-Inf,-Inf,-Inf,-Inf,-Inf
1473,1473,-Inf,-Inf,-Inf,-Inf,-Inf,-Inf,-Inf,-Inf,-Inf,1473,1473,-Inf,-Inf,-Inf,-Inf,-Inf,-Inf,-Inf,-Inf,-Inf,1473,1473,-Inf,-Inf,-Inf,-Inf,-Inf,-Inf,-Inf,-Inf,-Inf
1474,1474,-Inf,-Inf,-Inf,-Inf,-Inf,-Inf,-Inf,-Inf,-Inf,1474,1474,-Inf,-Inf,-Inf,-Inf,-Inf,-Inf,-Inf,-Inf,-Inf,1474,1474,-Inf,-Inf,-Inf,-Inf,-Inf,-Inf,-Inf,-Inf,-Inf
1475,1475,-Inf,-Inf,-Inf,-Inf,-Inf,-Inf,-Inf,-Inf,-Inf,1475,1475,-Inf,-Inf,-Inf,-Inf,-Inf,-Inf,-Inf,-Inf,-Inf,1475,1475,-Inf,-Inf,-Inf,-Inf,-Inf,-Inf,-Inf,-Inf,-Inf
1476,1476,-Inf,-Inf,-Inf,-Inf,-Inf,-Inf,-Inf,-Inf,-Inf,1476,1476,-Inf,-Inf,-Inf,-Inf,-Inf,-Inf,-Inf,-Inf,-Inf,1476,1476,-Inf,-Inf,-Inf,-Inf,-Inf,-Inf,-Inf,-Inf,-Inf
1477,1477,-Inf,-Inf,-Inf,-Inf,-Inf,-Inf,-Inf,-Inf,-Inf,1477,1477,-Inf,-Inf,-Inf,-Inf,-Inf,-Inf,-Inf,-Inf,-Inf,1477,1477,-Inf,-Inf,-Inf,-Inf,-Inf,-Inf,-Inf,-Inf,-Inf
1478,1478,-Inf,-Inf,-Inf,-Inf,-Inf,-Inf,-Inf,-Inf,-Inf,1478,1478,-Inf,-Inf,-Inf,-Inf,-Inf,-Inf,-Inf,-Inf,-Inf,1478,1478,-Inf,-Inf,-Inf,-Inf,-Inf,-Inf,-Inf,-Inf,-Inf
1479,1479,-Inf,-Inf,-Inf,-Inf,-Inf,-Inf,-Inf,-Inf,-Inf,1479,1479,-Inf,-Inf,-Inf,-Inf,-Inf,-Inf,-Inf,-Inf,-Inf,1479,1479,-Inf,-Inf,-Inf,-Inf,-Inf,-Inf,-Inf,-Inf,-Inf
1480,1480,-Inf,-Inf,-Inf,-Inf,-Inf,-Inf,-Inf,-Inf,-Inf,1480,1480,-Inf,-Inf,-Inf,-Inf,-Inf,-Inf,-Inf,-Inf,-Inf,1480,1480,-Inf,-Inf,-Inf,-Inf,-Inf,-Inf,-Inf,-Inf,-Inf
1481,1481,-Inf,-Inf,-Inf,-Inf,-Inf,-Inf,-Inf,-Inf,-Inf,1481,1481,-Inf,-Inf,-Inf,-Inf,-Inf,-Inf,-Inf,-Inf,-Inf,1481,1481,-Inf,-Inf,-Inf,-Inf,-Inf,-Inf,-Inf,-Inf,-Inf
1482,1482,-Inf,-Inf,-Inf,-Inf,-Inf,-Inf,-Inf,-Inf,-Inf,1482,1482,-Inf,-Inf,-Inf,-Inf,-Inf,-Inf,-Inf,-Inf,-Inf,1482,1482,-Inf,-Inf,-Inf,-Inf,-Inf,-Inf,-Inf,-Inf,-Inf
1483,1483,-Inf,-Inf,-Inf,-Inf,-Inf,-Inf,-Inf,-Inf,-Inf,1483,1483,-Inf,-Inf,-Inf,-Inf,-Inf,-Inf,-Inf,-Inf,-Inf,1483,1483,-Inf,-Inf,-Inf,-Inf,-Inf,-Inf,-Inf,-Inf,-Inf
1484,1484,-Inf,-Inf,-Inf,-Inf,-Inf,-Inf,-Inf,-Inf,-Inf,1484,1484,-Inf,-Inf,-Inf,-Inf,-Inf,-Inf,-Inf,-Inf,-Inf,1484,1484,-Inf,-Inf,-Inf,-Inf,-Inf,-Inf,-Inf,-Inf,-Inf
1485,1485,-Inf,-Inf,-Inf,-Inf,-Inf,-Inf,-Inf,-Inf,-Inf,1485,1485,-Inf,-Inf,-Inf,-Inf,-Inf,-Inf,-Inf,-Inf,-Inf,1485,1485,-Inf,-Inf,-Inf,-Inf,-Inf,-Inf,-Inf,-Inf,-Inf
1486,1486,-Inf,-Inf,-Inf,-Inf,-Inf,-Inf,-Inf,-Inf,-Inf,1486,1486,-Inf,-Inf,-Inf,-Inf,-Inf,-Inf,-Inf,-Inf,-Inf,1486,1486,-Inf,-Inf,-Inf,-Inf,-Inf,-Inf,-Inf,-Inf,-Inf
1487,1487,-Inf,-Inf,-Inf,-Inf,-Inf,-Inf,-Inf,-Inf,-Inf,1487,1487,-Inf,-Inf,-Inf,-Inf,-Inf,-Inf,-Inf,-Inf,-Inf,1487,1487,-Inf,-Inf,-Inf,-Inf,-Inf,-Inf,-Inf,-Inf,-Inf
1488,1488,-Inf,-Inf,-Inf,-Inf,-Inf,-Inf,-Inf,-Inf,-Inf,1488,1488,-Inf,-Inf,-Inf,-Inf,-Inf,-Inf,-Inf,-Inf,-Inf,1488,1488,-Inf,-Inf,-Inf,-Inf,-Inf,-Inf,-Inf,-Inf,-Inf
1489,1489,-Inf,-Inf,-Inf,-Inf,-Inf,-Inf,-Inf,-Inf,-Inf,1489,1489,-Inf,-Inf,-Inf,-Inf,-Inf,-Inf,-Inf,-Inf,-Inf,1489,1489,-Inf,-Inf,-Inf,-Inf,-Inf,-Inf,-Inf,-Inf,-Inf
1490,1490,-Inf,-Inf,-Inf,-Inf,-Inf,-Inf,-Inf,-Inf,-Inf,1490,1490,-Inf,-Inf,-Inf,-Inf,-Inf,-Inf,-Inf,-Inf,-Inf,1490,1490,-Inf,-Inf,-Inf,-Inf,-Inf,-Inf,-Inf,-Inf,-Inf
1491,1491,-Inf,-Inf,-Inf,-Inf,-Inf,-Inf,-Inf,-Inf,-Inf,1491,1491,-Inf,-Inf,-Inf,-Inf,-Inf,-Inf,-Inf,-Inf,-Inf,1491,1491,-Inf,-Inf,-Inf,-Inf,-Inf,-Inf,-Inf,-Inf,-Inf
1492,1492,-Inf,-Inf,-Inf,-Inf,-Inf,-Inf,-Inf,-Inf,-Inf,1492,1492,-Inf,-Inf,-Inf,-Inf,-Inf,-Inf,-Inf,-Inf,-Inf,1492,1492,-Inf,-Inf,-Inf,-Inf,-Inf,-Inf,-Inf,-Inf,-Inf
1493,1493,-Inf,-Inf,-Inf,-Inf,-Inf,-Inf,-Inf,-Inf,-Inf,1493,1493,-Inf,-Inf,-Inf,-Inf,-Inf,-Inf,-Inf,-Inf,-Inf,1493,1493,-Inf,-Inf,-Inf,-Inf,-Inf,-Inf,-Inf,-Inf,-Inf
1494,1494,-Inf,-Inf,-Inf,-Inf,-Inf,-Inf,-Inf,-Inf,-Inf,1494,1494,-Inf,-Inf,-Inf,-Inf,-Inf,-Inf,-Inf,-Inf,-Inf,1494,1494,-Inf,-Inf,-Inf,-Inf,-Inf,-Inf,-Inf,-Inf,-Inf
1495,1495,-Inf,-Inf,-Inf,-Inf,-Inf,-Inf,-Inf,-Inf,-Inf,1495,1495,-Inf,-Inf,-Inf,-Inf,-Inf,-Inf,-Inf,-Inf,-Inf,1495,1495,-Inf,-Inf,-Inf,-Inf,-Inf,-Inf,-Inf,-Inf,-Inf
1496,1496,-Inf,-Inf,-Inf,-Inf,-Inf,-Inf,-Inf,-Inf,-Inf,1496,1496,-Inf,-Inf,-Inf,-Inf,-Inf,-Inf,-Inf,-Inf,-Inf,1496,1496,-Inf,-Inf,-Inf,-Inf,-Inf,-Inf,-Inf,-Inf,-Inf
1497,1497,-Inf,-Inf,-Inf,-Inf,-Inf,-Inf,-Inf,-Inf,-Inf,1497,1497,-Inf,-Inf,-Inf,-Inf,-Inf,-Inf,-Inf,-Inf,-Inf,1497,1497,-Inf,-Inf,-Inf,-Inf,-Inf,-Inf,-Inf,-Inf,-Inf
1498,1498,-Inf,-Inf,-Inf,-Inf,-Inf,-Inf,-Inf,-Inf,-Inf,1498,1498,-Inf,-Inf,-Inf,-Inf,-Inf,-Inf,-Inf,-Inf,-Inf,1498,1498,-Inf,-Inf,-Inf,-Inf,-Inf,-Inf,-Inf,-Inf,-Inf
1499,1499,-Inf,-Inf,-Inf,-Inf,-Inf,-Inf,-Inf,-Inf,-Inf,1499,1499,-Inf,-Inf,-Inf,-Inf,-Inf,-Inf,-Inf,-Inf,-Inf,1499,1499,-Inf,-Inf,-Inf,-Inf,-Inf,-Inf,-Inf,-Inf,-Inf
1500,1500,-Inf,-Inf,-Inf,-Inf,-Inf,-Inf,-Inf,-Inf,-Inf,1500,1500,-Inf,-Inf,-Inf,-Inf,-Inf,-Inf,-Inf,-Inf,-Inf,1500,1500,-Inf,-Inf,-Inf,-Inf,-Inf,-Inf,-Inf,-Inf,-Inf
1501,1501,-Inf,-Inf,-Inf,-Inf,-Inf,-Inf,-Inf,-Inf,-Inf,1501,1501,-Inf,-Inf,-Inf,-Inf,-Inf,-Inf,-Inf,-Inf,-Inf,1501,1501,-Inf,-Inf,-Inf,-Inf,-Inf,-Inf,-Inf,-Inf,-Inf
1502,1502,-Inf,-Inf,-Inf,-Inf,-Inf,-Inf,-Inf,-Inf,-Inf,1502,1502,-Inf,-Inf,-Inf,-Inf,-Inf,-Inf,-Inf,-Inf,-Inf,1502,1502,-Inf,-Inf,-Inf,-Inf,-Inf,-Inf,-Inf,-Inf,-Inf
1503,1503,-Inf,-Inf,-Inf,-Inf,-Inf,-Inf,-Inf,-Inf,-Inf,1503,1503,-Inf,-Inf,-Inf,-Inf,-Inf,-Inf,-Inf,-Inf,-Inf,1503,1503,-Inf,-Inf,-Inf,-Inf,-Inf,-Inf,-Inf,-Inf,-Inf
1504,1504,-Inf,-Inf,-Inf,-Inf,-Inf,-Inf,-Inf,-Inf,-Inf,1504,1504,-Inf,-Inf,-Inf,-Inf,-Inf,-Inf,-Inf,-Inf,-Inf,1504,1504,-Inf,-Inf,-Inf,-Inf,-Inf,-Inf,-Inf,-Inf,-Inf
1505,1505,-Inf,-Inf,-Inf,-Inf,-Inf,-Inf,-Inf,-Inf,-Inf,1505,1505,-Inf,-Inf,-Inf,-Inf,-Inf,-Inf,-Inf,-Inf,-Inf,1505,1505,-Inf,-Inf,-Inf,-Inf,-Inf,-Inf,-Inf,-Inf,-Inf
1506,1506,-Inf,-Inf,-Inf,-Inf,-Inf,-Inf,-Inf,-Inf,-Inf,1506,1506,-Inf,-Inf,-Inf,-Inf,-Inf,-Inf,-Inf,-Inf,-Inf,1506,1506,-Inf,-Inf,-Inf,-Inf,-Inf,-Inf,-Inf,-Inf,-Inf
1507,1507,-Inf,-Inf,-Inf,-Inf,-Inf,-Inf,-Inf,-Inf,-Inf,1507,1507,-Inf,-Inf,-Inf,-Inf,-Inf,-Inf,-Inf,-Inf,-Inf,1507,1507,-Inf,-Inf,-Inf,-Inf,-Inf,-Inf,-Inf,-Inf,-Inf
1508,1508,-Inf,-Inf,-Inf,-Inf,-Inf,-Inf,-Inf,-Inf,-Inf,1508,1508,-Inf,-Inf,-Inf,-Inf,-Inf,-Inf,-Inf,-Inf,-Inf,1508,1508,-Inf,-Inf,-Inf,-Inf,-Inf,-Inf,-Inf,-Inf,-Inf
1509,1509,-Inf,-Inf,-Inf,-Inf,-Inf,-Inf,-Inf,-Inf,-Inf,1509,1509,-Inf,-Inf,-Inf,-Inf,-Inf,-Inf,-Inf,-Inf,-Inf,1509,1509,-Inf,-Inf,-Inf,-Inf,-Inf,-Inf,-Inf,-Inf,-Inf
1510,1510,-Inf,-Inf,-Inf,-Inf,-Inf,-Inf,-Inf,-Inf,-Inf,1510,1510,-Inf,-Inf,-Inf,-Inf,-Inf,-Inf,-Inf,-Inf,-Inf,1510,1510,-Inf,-Inf,-Inf,-Inf,-Inf,-Inf,-Inf,-Inf,-Inf
1511,1511,-Inf,-Inf,-Inf,-Inf,-Inf,-Inf,-Inf,-Inf,-Inf,1511,1511,-Inf,-Inf,-Inf,-Inf,-Inf,-Inf,-Inf,-Inf,-Inf,1511,1511,-Inf,-Inf,-Inf,-Inf,-Inf,-Inf,-Inf,-Inf,-Inf
1512,1512,-Inf,-Inf,-Inf,-Inf,-Inf,-Inf,-Inf,-Inf,-Inf,1512,1512,-Inf,-Inf,-Inf,-Inf,-Inf,-Inf,-Inf,-Inf,-Inf,1512,1512,-Inf,-Inf,-Inf,-Inf,-Inf,-Inf,-Inf,-Inf,-Inf
1513,1513,-Inf,-Inf,-Inf,-Inf,-Inf,-Inf,-Inf,-Inf,-Inf,1513,1513,-Inf,-Inf,-Inf,-Inf,-Inf,-Inf,-Inf,-Inf,-Inf,1513,1513,-Inf,-Inf,-Inf,-Inf,-Inf,-Inf,-Inf,-Inf,-Inf
1514,1514,-Inf,-Inf,-Inf,-Inf,-Inf,-Inf,-Inf,-Inf,-Inf,1514,1514,-Inf,-Inf,-Inf,-Inf,-Inf,-Inf,-Inf,-Inf,-Inf,1514,1514,-Inf,-Inf,-Inf,-Inf,-Inf,-Inf,-Inf,-Inf,-Inf
1515,1515,-Inf,-Inf,-Inf,-Inf,-Inf,-Inf,-Inf,-Inf,-Inf,1515,1515,-Inf,-Inf,-Inf,-Inf,-Inf,-Inf,-Inf,-Inf,-Inf,1515,1515,-Inf,-Inf,-Inf,-Inf,-Inf,-Inf,-Inf,-Inf,-Inf
1516,1516,-Inf,-Inf,-Inf,-Inf,-Inf,-Inf,-Inf,-Inf,-Inf,1516,1516,-Inf,-Inf,-Inf,-Inf,-Inf,-Inf,-Inf,-Inf,-Inf,1516,1516,-Inf,-Inf,-Inf,-Inf,-Inf,-Inf,-Inf,-Inf,-Inf
1517,1517,-Inf,-Inf,-Inf,-Inf,-Inf,-Inf,-Inf,-Inf,-Inf,1517,1517,-Inf,-Inf,-Inf,-Inf,-Inf,-Inf,-Inf,-Inf,-Inf,1517,1517,-Inf,-Inf,-Inf,-Inf,-Inf,-Inf,-Inf,-Inf,-Inf
1518,1518,-Inf,-Inf,-Inf,-Inf,-Inf,-Inf,-Inf,-Inf,-Inf,1518,1518,-Inf,-Inf,-Inf,-Inf,-Inf,-Inf,-Inf,-Inf,-Inf,1518,1518,-Inf,-Inf,-Inf,-Inf,-Inf,-Inf,-Inf,-Inf,-Inf
1519,1519,-Inf,-Inf,-Inf,-Inf,-Inf,-Inf,-Inf,-Inf,-Inf,1519,1519,-Inf,-Inf,-Inf,-Inf,-Inf,-Inf,-Inf,-Inf,-Inf,1519,1519,-Inf,-Inf,-Inf,-Inf,-Inf,-Inf,-Inf,-Inf,-Inf
1520,1520,-Inf,-Inf,-Inf,-Inf,-Inf,-Inf,-Inf,-Inf,-Inf,1520,1520,-Inf,-Inf,-Inf,-Inf,-Inf,-Inf,-Inf,-Inf,-Inf,1520,1520,-Inf,-Inf,-Inf,-Inf,-Inf,-Inf,-Inf,-Inf,-Inf
1521,1521,-Inf,-Inf,-Inf,-Inf,-Inf,-Inf,-Inf,-Inf,-Inf,1521,1521,-Inf,-Inf,-Inf,-Inf,-Inf,-Inf,-Inf,-Inf,-Inf,1521,1521,-Inf,-Inf,-Inf,-Inf,-Inf,-Inf,-Inf,-Inf,-Inf
1522,1522,-Inf,-Inf,-Inf,-Inf,-Inf,-Inf,-Inf,-Inf,-Inf,1522,1522,-Inf,-Inf,-Inf,-Inf,-Inf,-Inf,-Inf,-Inf,-Inf,1522,1522,-Inf,-Inf,-Inf,-Inf,-Inf,-Inf,-Inf,-Inf,-Inf
1523,1523,-Inf,-Inf,-Inf,-Inf,-Inf,-Inf,-Inf,-Inf,-Inf,1523,1523,-Inf,-Inf,-Inf,-Inf,-Inf,-Inf,-Inf,-Inf,-Inf,1523,1523,-Inf,-Inf,-Inf,-Inf,-Inf,-Inf,-Inf,-Inf,-Inf
1524,1524,-Inf,-Inf,-Inf,-Inf,-Inf,-Inf,-Inf,-Inf,-Inf,1524,1524,-Inf,-Inf,-Inf,-Inf,-Inf,-Inf,-Inf,-Inf,-Inf,1524,1524,-Inf,-Inf,-Inf,-Inf,-Inf,-Inf,-Inf,-Inf,-Inf
1525,1525,-Inf,-Inf,-Inf,-Inf,-Inf,-Inf,-Inf,-Inf,-Inf,1525,1525,-Inf,-Inf,-Inf,-Inf,-Inf,-Inf,-Inf,-Inf,-Inf,1525,1525,-Inf,-Inf,-Inf,-Inf,-Inf,-Inf,-Inf,-Inf,-Inf
1526,1526,-Inf,-Inf,-Inf,-Inf,-Inf,-Inf,-Inf,-Inf,-Inf,1526,1526,-Inf,-Inf,-Inf,-Inf,-Inf,-Inf,-Inf,-Inf,-Inf,1526,1526,-Inf,-Inf,-Inf,-Inf,-Inf,-Inf,-Inf,-Inf,-Inf
1527,1527,-Inf,-Inf,-Inf,-Inf,-Inf,-Inf,-Inf,-Inf,-Inf,1527,1527,-Inf,-Inf,-Inf,-Inf,-Inf,-Inf,-Inf,-Inf,-Inf,1527,1527,-Inf,-Inf,-Inf,-Inf,-Inf,-Inf,-Inf,-Inf,-Inf
1528,1528,-Inf,-Inf,-Inf,-Inf,-Inf,-Inf,-Inf,-Inf,-Inf,1528,1528,-Inf,-Inf,-Inf,-Inf,-Inf,-Inf,-Inf,-Inf,-Inf,1528,1528,-Inf,-Inf,-Inf,-Inf,-Inf,-Inf,-Inf,-Inf,-Inf
1529,1529,-Inf,-Inf,-Inf,-Inf,-Inf,-Inf,-Inf,-Inf,-Inf,1529,1529,-Inf,-Inf,-Inf,-Inf,-Inf,-Inf,-Inf,-Inf,-Inf,1529,1529,-Inf,-Inf,-Inf,-Inf,-Inf,-Inf,-Inf,-Inf,-Inf
1530,1530,-Inf,-Inf,-Inf,-Inf,-Inf,-Inf,-Inf,-Inf,-Inf,1530,1530,-Inf,-Inf,-Inf,-Inf,-Inf,-Inf,-Inf,-Inf,-Inf,1530,1530,-Inf,-Inf,-Inf,-Inf,-Inf,-Inf,-Inf,-Inf,-Inf
1531,1531,-Inf,-Inf,-Inf,-Inf,-Inf,-Inf,-Inf,-Inf,-Inf,1531,1531,-Inf,-Inf,-Inf,-Inf,-Inf,-Inf,-Inf,-Inf,-Inf,1531,1531,-Inf,-Inf,-Inf,-Inf,-Inf,-Inf,-Inf,-Inf,-Inf
1532,1532,-Inf,-Inf,-Inf,-Inf,-Inf,-Inf,-Inf,-Inf,-Inf,1532,1532,-Inf,-Inf,-Inf,-Inf,-Inf,-Inf,-Inf,-Inf,-Inf,1532,1532,-Inf,-Inf,-Inf,-Inf,-Inf,-Inf,-Inf,-Inf,-Inf
1533,1533,-Inf,-Inf,-Inf,-Inf,-Inf,-Inf,-Inf,-Inf,-Inf,1533,1533,-Inf,-Inf,-Inf,-Inf,-Inf,-Inf,-Inf,-Inf,-Inf,1533,1533,-Inf,-Inf,-Inf,-Inf,-Inf,-Inf,-Inf,-Inf,-Inf
1534,1534,-Inf,-Inf,-Inf,-Inf,-Inf,-Inf,-Inf,-Inf,-Inf,1534,1534,-Inf,-Inf,-Inf,-Inf,-Inf,-Inf,-Inf,-Inf,-Inf,1534,1534,-Inf,-Inf,-Inf,-Inf,-Inf,-Inf,-Inf,-Inf,-Inf
1535,1535,-Inf,-Inf,-Inf,-Inf,-Inf,-Inf,-Inf,-Inf,-Inf,1535,1535,-Inf,-Inf,-Inf,-Inf,-Inf,-Inf,-Inf,-Inf,-Inf,1535,1535,-Inf,-Inf,-Inf,-Inf,-Inf,-Inf,-Inf,-Inf,-Inf
1536,1536,-Inf,-Inf,-Inf,-Inf,-Inf,-Inf,-Inf,-Inf,-Inf,1536,1536,-Inf,-Inf,-Inf,-Inf,-Inf,-Inf,-Inf,-Inf,-Inf,1536,1536,-Inf,-Inf,-Inf,-Inf,-Inf,-Inf,-Inf,-Inf,-Inf
1537,1537,-Inf,-Inf,-Inf,-Inf,-Inf,-Inf,-Inf,-Inf,-Inf,1537,1537,-Inf,-Inf,-Inf,-Inf,-Inf,-Inf,-Inf,-Inf,-Inf,1537,1537,-Inf,-Inf,-Inf,-Inf,-Inf,-Inf,-Inf,-Inf,-Inf
1538,1538,-Inf,-Inf,-Inf,-Inf,-Inf,-Inf,-Inf,-Inf,-Inf,1538,1538,-Inf,-Inf,-Inf,-Inf,-Inf,-Inf,-Inf,-Inf,-Inf,1538,1538,-Inf,-Inf,-Inf,-Inf,-Inf,-Inf,-Inf,-Inf,-Inf
1539,1539,-Inf,-Inf,-Inf,-Inf,-Inf,-Inf,-Inf,-Inf,-Inf,1539,1539,-Inf,-Inf,-Inf,-Inf,-Inf,-Inf,-Inf,-Inf,-Inf,1539,1539,-Inf,-Inf,-Inf,-Inf,-Inf,-Inf,-Inf,-Inf,-Inf
1540,1540,-Inf,-Inf,-Inf,-Inf,-Inf,-Inf,-Inf,-Inf,-Inf,1540,1540,-Inf,-Inf,-Inf,-Inf,-Inf,-Inf,-Inf,-Inf,-Inf,1540,1540,-Inf,-Inf,-Inf,-Inf,-Inf,-Inf,-Inf,-Inf,-Inf
1541,1541,-Inf,-Inf,-Inf,-Inf,-Inf,-Inf,-Inf,-Inf,-Inf,1541,1541,-Inf,-Inf,-Inf,-Inf,-Inf,-Inf,-Inf,-Inf,-Inf,1541,1541,-Inf,-Inf,-Inf,-Inf,-Inf,-Inf,-Inf,-Inf,-Inf
1542,1542,-Inf,-Inf,-Inf,-Inf,-Inf,-Inf,-Inf,-Inf,-Inf,1542,1542,-Inf,-Inf,-Inf,-Inf,-Inf,-Inf,-Inf,-Inf,-Inf,1542,1542,-Inf,-Inf,-Inf,-Inf,-Inf,-Inf,-Inf,-Inf,-Inf
1543,1543,-Inf,-Inf,-Inf,-Inf,-Inf,-Inf,-Inf,-Inf,-Inf,1543,1543,-Inf,-Inf,-Inf,-Inf,-Inf,-Inf,-Inf,-Inf,-Inf,1543,1543,-Inf,-Inf,-Inf,-Inf,-Inf,-Inf,-Inf,-Inf,-Inf
1544,1544,-Inf,-Inf,-Inf,-Inf,-Inf,-Inf,-Inf,-Inf,-Inf,1544,1544,-Inf,-Inf,-Inf,-Inf,-Inf,-Inf,-Inf,-Inf,-Inf,1544,1544,-Inf,-Inf,-Inf,-Inf,-Inf,-Inf,-Inf,-Inf,-Inf
1545,1545,-Inf,-Inf,-Inf,-Inf,-Inf,-Inf,-Inf,-Inf,-Inf,1545,1545,-Inf,-Inf,-Inf,-Inf,-Inf,-Inf,-Inf,-Inf,-Inf,1545,1545,-Inf,-Inf,-Inf,-Inf,-Inf,-Inf,-Inf,-Inf,-Inf
1546,1546,-Inf,-Inf,-Inf,-Inf,-Inf,-Inf,-Inf,-Inf,-Inf,1546,1546,-Inf,-Inf,-Inf,-Inf,-Inf,-Inf,-Inf,-Inf,-Inf,1546,1546,-Inf,-Inf,-Inf,-Inf,-Inf,-Inf,-Inf,-Inf,-Inf
1547,1547,-Inf,-Inf,-Inf,-Inf,-Inf,-Inf,-Inf,-Inf,-Inf,1547,1547,-Inf,-Inf,-Inf,-Inf,-Inf,-Inf,-Inf,-Inf,-Inf,1547,1547,-Inf,-Inf,-Inf,-Inf,-Inf,-Inf,-Inf,-Inf,-Inf
1548,1548,-Inf,-Inf,-Inf,-Inf,-Inf,-Inf,-Inf,-Inf,-Inf,1548,1548,-Inf,-Inf,-Inf,-Inf,-Inf,-Inf,-Inf,-Inf,-Inf,1548,1548,-Inf,-Inf,-Inf,-Inf,-Inf,-Inf,-Inf,-Inf,-Inf
1549,1549,-Inf,-Inf,-Inf,-Inf,-Inf,-Inf,-Inf,-Inf,-Inf,1549,1549,-Inf,-Inf,-Inf,-Inf,-Inf,-Inf,-Inf,-Inf,-Inf,1549,1549,-Inf,-Inf,-Inf,-Inf,-Inf,-Inf,-Inf,-Inf,-Inf
1550,1550,-Inf,-Inf,-Inf,-Inf,-Inf,-Inf,-Inf,-Inf,-Inf,1550,1550,-Inf,-Inf,-Inf,-Inf,-Inf,-Inf,-Inf,-Inf,-Inf,1550,1550,-Inf,-Inf,-Inf,-Inf,-Inf,-Inf,-Inf,-Inf,-Inf
1551,1551,-Inf,-Inf,-Inf,-Inf,-Inf,-Inf,-Inf,-Inf,-Inf,1551,1551,-Inf,-Inf,-Inf,-Inf,-Inf,-Inf,-Inf,-Inf,-Inf,1551,1551,-Inf,-Inf,-Inf,-Inf,-Inf,-Inf,-Inf,-Inf,-Inf
1552,1552,-Inf,-Inf,-Inf,-Inf,-Inf,-Inf,-Inf,-Inf,-Inf,1552,1552,-Inf,-Inf,-Inf,-Inf,-Inf,-Inf,-Inf,-Inf,-Inf,1552,1552,-Inf,-Inf,-Inf,-Inf,-Inf,-Inf,-Inf,-Inf,-Inf
1553,1553,-Inf,-Inf,-Inf,-Inf,-Inf,-Inf,-Inf,-Inf,-Inf,1553,1553,-Inf,-Inf,-Inf,-Inf,-Inf,-Inf,-Inf,-Inf,-Inf,1553,1553,-Inf,-Inf,-Inf,-Inf,-Inf,-Inf,-Inf,-Inf,-Inf
1554,1554,-Inf,-Inf,-Inf,-Inf,-Inf,-Inf,-Inf,-Inf,-Inf,1554,1554,-Inf,-Inf,-Inf,-Inf,-Inf,-Inf,-Inf,-Inf,-Inf,1554,1554,-Inf,-Inf,-Inf,-Inf,-Inf,-Inf,-Inf,-Inf,-Inf
1555,1555,-Inf,-Inf,-Inf,-Inf,-Inf,-Inf,-Inf,-Inf,-Inf,1555,1555,-Inf,-Inf,-Inf,-Inf,-Inf,-Inf,-Inf,-Inf,-Inf,1555,1555,-Inf,-Inf,-Inf,-Inf,-Inf,-Inf,-Inf,-Inf,-Inf
1556,1556,-Inf,-Inf,-Inf,-Inf,-Inf,-Inf,-Inf,-Inf,-Inf,1556,1556,-Inf,-Inf,-Inf,-Inf,-Inf,-Inf,-Inf,-Inf,-Inf,1556,1556,-Inf,-Inf,-Inf,-Inf,-Inf,-Inf,-Inf,-Inf,-Inf
1557,1557,-Inf,-Inf,-Inf,-Inf,-Inf,-Inf,-Inf,-Inf,-Inf,1557,1557,-Inf,-Inf,-Inf,-Inf,-Inf,-Inf,-Inf,-Inf,-Inf,1557,1557,-Inf,-Inf,-Inf,-Inf,-Inf,-Inf,-Inf,-Inf,-Inf
1558,1558,-Inf,-Inf,-Inf,-Inf,-Inf,-Inf,-Inf,-Inf,-Inf,1558,1558,-Inf,-Inf,-Inf,-Inf,-Inf,-Inf,-Inf,-Inf,-Inf,1558,1558,-Inf,-Inf,-Inf,-Inf,-Inf,-Inf,-Inf,-Inf,-Inf
1559,1559,-Inf,-Inf,-Inf,-Inf,-Inf,-Inf,-Inf,-Inf,-Inf,1559,1559,-Inf,-Inf,-Inf,-Inf,-Inf,-Inf,-Inf,-Inf,-Inf,1559,1559,-Inf,-Inf,-Inf,-Inf,-Inf,-Inf,-Inf,-Inf,-Inf
1560,1560,-Inf,-Inf,-Inf,-Inf,-Inf,-Inf,-Inf,-Inf,-Inf,1560,1560,-Inf,-Inf,-Inf,-Inf,-Inf,-Inf,-Inf,-Inf,-Inf,1560,1560,-Inf,-Inf,-Inf,-Inf,-Inf,-Inf,-Inf,-Inf,-Inf
1561,1561,-Inf,-Inf,-Inf,-Inf,-Inf,-Inf,-Inf,-Inf,-Inf,1561,1561,-Inf,-Inf,-Inf,-Inf,-Inf,-Inf,-Inf,-Inf,-Inf,1561,1561,-Inf,-Inf,-Inf,-Inf,-Inf,-Inf,-Inf,-Inf,-Inf
1562,1562,-Inf,-Inf,-Inf,-Inf,-Inf,-Inf,-Inf,-Inf,-Inf,1562,1562,-Inf,-Inf,-Inf,-Inf,-Inf,-Inf,-Inf,-Inf,-Inf,1562,1562,-Inf,-Inf,-Inf,-Inf,-Inf,-Inf,-Inf,-Inf,-Inf
1563,1563,-Inf,-Inf,-Inf,-Inf,-Inf,-Inf,-Inf,-Inf,-Inf,1563,1563,-Inf,-Inf,-Inf,-Inf,-Inf,-Inf,-Inf,-Inf,-Inf,1563,1563,-Inf,-Inf,-Inf,-Inf,-Inf,-Inf,-Inf,-Inf,-Inf
1564,1564,-Inf,-Inf,-Inf,-Inf,-Inf,-Inf,-Inf,-Inf,-Inf,1564,1564,-Inf,-Inf,-Inf,-Inf,-Inf,-Inf,-Inf,-Inf,-Inf,1564,1564,-Inf,-Inf,-Inf,-Inf,-Inf,-Inf,-Inf,-Inf,-Inf
1565,1565,-Inf,-Inf,-Inf,-Inf,-Inf,-Inf,-Inf,-Inf,-Inf,1565,1565,-Inf,-Inf,-Inf,-Inf,-Inf,-Inf,-Inf,-Inf,-Inf,1565,1565,-Inf,-Inf,-Inf,-Inf,-Inf,-Inf,-Inf,-Inf,-Inf
1566,1566,-Inf,-Inf,-Inf,-Inf,-Inf,-Inf,-Inf,-Inf,-Inf,1566,1566,-Inf,-Inf,-Inf,-Inf,-Inf,-Inf,-Inf,-Inf,-Inf,1566,1566,-Inf,-Inf,-Inf,-Inf,-Inf,-Inf,-Inf,-Inf,-Inf
1567,1567,-Inf,-Inf,-Inf,-Inf,-Inf,-Inf,-Inf,-Inf,-Inf,1567,1567,-Inf,-Inf,-Inf,-Inf,-Inf,-Inf,-Inf,-Inf,-Inf,1567,1567,-Inf,-Inf,-Inf,-Inf,-Inf,-Inf,-Inf,-Inf,-Inf
1568,1568,-Inf,-Inf,-Inf,-Inf,-Inf,-Inf,-Inf,-Inf,-Inf,1568,1568,-Inf,-Inf,-Inf,-Inf,-Inf,-Inf,-Inf,-Inf,-Inf,1568,1568,-Inf,-Inf,-Inf,-Inf,-Inf,-Inf,-Inf,-Inf,-Inf
1569,1569,-Inf,-Inf,-Inf,-Inf,-Inf,-Inf,-Inf,-Inf,-Inf,1569,1569,-Inf,-Inf,-Inf,-Inf,-Inf,-Inf,-Inf,-Inf,-Inf,1569,1569,-Inf,-Inf,-Inf,-Inf,-Inf,-Inf,-Inf,-Inf,-Inf
1570,1570,-Inf,-Inf,-Inf,-Inf,-Inf,-Inf,-Inf,-Inf,-Inf,1570,1570,-Inf,-Inf,-Inf,-Inf,-Inf,-Inf,-Inf,-Inf,-Inf,1570,1570,-Inf,-Inf,-Inf,-Inf,-Inf,-Inf,-Inf,-Inf,-Inf
1571,1571,-Inf,-Inf,-Inf,-Inf,-Inf,-Inf,-Inf,-Inf,-Inf,1571,1571,-Inf,-Inf,-Inf,-Inf,-Inf,-Inf,-Inf,-Inf,-Inf,1571,1571,-Inf,-Inf,-Inf,-Inf,-Inf,-Inf,-Inf,-Inf,-Inf
1572,1572,-Inf,-Inf,-Inf,-Inf,-Inf,-Inf,-Inf,-Inf,-Inf,1572,1572,-Inf,-Inf,-Inf,-Inf,-Inf,-Inf,-Inf,-Inf,-Inf,1572,1572,-Inf,-Inf,-Inf,-Inf,-Inf,-Inf,-Inf,-Inf,-Inf
1573,1573,-Inf,-Inf,-Inf,-Inf,-Inf,-Inf,-Inf,-Inf,-Inf,1573,1573,-Inf,-Inf,-Inf,-Inf,-Inf,-Inf,-Inf,-Inf,-Inf,1573,1573,-Inf,-Inf,-Inf,-Inf,-Inf,-Inf,-Inf,-Inf,-Inf
1574,1574,-Inf,-Inf,-Inf,-Inf,-Inf,-Inf,-Inf,-Inf,-Inf,1574,1574,-Inf,-Inf,-Inf,-Inf,-Inf,-Inf,-Inf,-Inf,-Inf,1574,1574,-Inf,-Inf,-Inf,-Inf,-Inf,-Inf,-Inf,-Inf,-Inf
1575,1575,-Inf,-Inf,-Inf,-Inf,-Inf,-Inf,-Inf,-Inf,-Inf,1575,1575,-Inf,-Inf,-Inf,-Inf,-Inf,-Inf,-Inf,-Inf,-Inf,1575,1575,-Inf,-Inf,-Inf,-Inf,-Inf,-Inf,-Inf,-Inf,-Inf
1576,1576,-Inf,-Inf,-Inf,-Inf,-Inf,-Inf,-Inf,-Inf,-Inf,1576,1576,-Inf,-Inf,-Inf,-Inf,-Inf,-Inf,-Inf,-Inf,-Inf,1576,1576,-Inf,-Inf,-Inf,-Inf,-Inf,-Inf,-Inf,-Inf,-Inf
1577,1577,-Inf,-Inf,-Inf,-Inf,-Inf,-Inf,-Inf,-Inf,-Inf,1577,1577,-Inf,-Inf,-Inf,-Inf,-Inf,-Inf,-Inf,-Inf,-Inf,1577,1577,-Inf,-Inf,-Inf,-Inf,-Inf,-Inf,-Inf,-Inf,-Inf
1578,1578,-Inf,-Inf,-Inf,-Inf,-Inf,-Inf,-Inf,-Inf,-Inf,1578,1578,-Inf,-Inf,-Inf,-Inf,-Inf,-Inf,-Inf,-Inf,-Inf,1578,1578,-Inf,-Inf,-Inf,-Inf,-Inf,-Inf,-Inf,-Inf,-Inf
1579,1579,-Inf,-Inf,-Inf,-Inf,-Inf,-Inf,-Inf,-Inf,-Inf,1579,1579,-Inf,-Inf,-Inf,-Inf,-Inf,-Inf,-Inf,-Inf,-Inf,1579,1579,-Inf,-Inf,-Inf,-Inf,-Inf,-Inf,-Inf,-Inf,-Inf
1580,1580,-Inf,-Inf,-Inf,-Inf,-Inf,-Inf,-Inf,-Inf,-Inf,1580,1580,-Inf,-Inf,-Inf,-Inf,-Inf,-Inf,-Inf,-Inf,-Inf,1580,1580,-Inf,-Inf,-Inf,-Inf,-Inf,-Inf,-Inf,-Inf,-Inf
1581,1581,-Inf,-Inf,-Inf,-Inf,-Inf,-Inf,-Inf,-Inf,-Inf,1581,1581,-Inf,-Inf,-Inf,-Inf,-Inf,-Inf,-Inf,-Inf,-Inf,1581,1581,-Inf,-Inf,-Inf,-Inf,-Inf,-Inf,-Inf,-Inf,-Inf
1582,1582,-Inf,-Inf,-Inf,-Inf,-Inf,-Inf,-Inf,-Inf,-Inf,1582,1582,-Inf,-Inf,-Inf,-Inf,-Inf,-Inf,-Inf,-Inf,-Inf,1582,1582,-Inf,-Inf,-Inf,-Inf,-Inf,-Inf,-Inf,-Inf,-Inf
1583,1583,-Inf,-Inf,-Inf,-Inf,-Inf,-Inf,-Inf,-Inf,-Inf,1583,1583,-Inf,-Inf,-Inf,-Inf,-Inf,-Inf,-Inf,-Inf,-Inf,1583,1583,-Inf,-Inf,-Inf,-Inf,-Inf,-Inf,-Inf,-Inf,-Inf
1584,1584,-Inf,-Inf,-Inf,-Inf,-Inf,-Inf,-Inf,-Inf,-Inf,1584,1584,-Inf,-Inf,-Inf,-Inf,-Inf,-Inf,-Inf,-Inf,-Inf,1584,1584,-Inf,-Inf,-Inf,-Inf,-Inf,-Inf,-Inf,-Inf,-Inf
1585,1585,-Inf,-Inf,-Inf,-Inf,-Inf,-Inf,-Inf,-Inf,-Inf,1585,1585,-Inf,-Inf,-Inf,-Inf,-Inf,-Inf,-Inf,-Inf,-Inf,1585,1585,-Inf,-Inf,-Inf,-Inf,-Inf,-Inf,-Inf,-Inf,-Inf
1586,1586,-Inf,-Inf,-Inf,-Inf,-Inf,-Inf,-Inf,-Inf,-Inf,1586,1586,-Inf,-Inf,-Inf,-Inf,-Inf,-Inf,-Inf,-Inf,-Inf,1586,1586,-Inf,-Inf,-Inf,-Inf,-Inf,-Inf,-Inf,-Inf,-Inf
1587,1587,-Inf,-Inf,-Inf,-Inf,-Inf,-Inf,-Inf,-Inf,-Inf,1587,1587,-Inf,-Inf,-Inf,-Inf,-Inf,-Inf,-Inf,-Inf,-Inf,1587,1587,-Inf,-Inf,-Inf,-Inf,-Inf,-Inf,-Inf,-Inf,-Inf
1588,1588,-Inf,-Inf,-Inf,-Inf,-Inf,-Inf,-Inf,-Inf,-Inf,1588,1588,-Inf,-Inf,-Inf,-Inf,-Inf,-Inf,-Inf,-Inf,-Inf,1588,1588,-Inf,-Inf,-Inf,-Inf,-Inf,-Inf,-Inf,-Inf,-Inf
1589,1589,-Inf,-Inf,-Inf,-Inf,-Inf,-Inf,-Inf,-Inf,-Inf,1589,1589,-Inf,-Inf,-Inf,-Inf,-Inf,-Inf,-Inf,-Inf,-Inf,1589,1589,-Inf,-Inf,-Inf,-Inf,-Inf,-Inf,-Inf,-Inf,-Inf
1590,1590,-Inf,-Inf,-Inf,-Inf,-Inf,-Inf,-Inf,-Inf,-Inf,1590,1590,-Inf,-Inf,-Inf,-Inf,-Inf,-Inf,-Inf,-Inf,-Inf,1590,1590,-Inf,-Inf,-Inf,-Inf,-Inf,-Inf,-Inf,-Inf,-Inf
1591,1591,-Inf,-Inf,-Inf,-Inf,-Inf,-Inf,-Inf,-Inf,-Inf,1591,1591,-Inf,-Inf,-Inf,-Inf,-Inf,-Inf,-Inf,-Inf,-Inf,1591,1591,-Inf,-Inf,-Inf,-Inf,-Inf,-Inf,-Inf,-Inf,-Inf
1592,1592,-Inf,-Inf,-Inf,-Inf,-Inf,-Inf,-Inf,-Inf,-Inf,1592,1592,-Inf,-Inf,-Inf,-Inf,-Inf,-Inf,-Inf,-Inf,-Inf,1592,1592,-Inf,-Inf,-Inf,-Inf,-Inf,-Inf,-Inf,-Inf,-Inf
1593,1593,-Inf,-Inf,-Inf,-Inf,-Inf,-Inf,-Inf,-Inf,-Inf,1593,1593,-Inf,-Inf,-Inf,-Inf,-Inf,-Inf,-Inf,-Inf,-Inf,1593,1593,-Inf,-Inf,-Inf,-Inf,-Inf,-Inf,-Inf,-Inf,-Inf
1594,1594,-Inf,-Inf,-Inf,-Inf,-Inf,-Inf,-Inf,-Inf,-Inf,1594,1594,-Inf,-Inf,-Inf,-Inf,-Inf,-Inf,-Inf,-Inf,-Inf,1594,1594,-Inf,-Inf,-Inf,-Inf,-Inf,-Inf,-Inf,-Inf,-Inf
1595,1595,-Inf,-Inf,-Inf,-Inf,-Inf,-Inf,-Inf,-Inf,-Inf,1595,1595,-Inf,-Inf,-Inf,-Inf,-Inf,-Inf,-Inf,-Inf,-Inf,1595,1595,-Inf,-Inf,-Inf,-Inf,-Inf,-Inf,-Inf,-Inf,-Inf
1596,1596,-Inf,-Inf,-Inf,-Inf,-Inf,-Inf,-Inf,-Inf,-Inf,1596,1596,-Inf,-Inf,-Inf,-Inf,-Inf,-Inf,-Inf,-Inf,-Inf,1596,1596,-Inf,-Inf,-Inf,-Inf,-Inf,-Inf,-Inf,-Inf,-Inf
1597,1597,-Inf,-Inf,-Inf,-Inf,-Inf,-Inf,-Inf,-Inf,-Inf,1597,1597,-Inf,-Inf,-Inf,-Inf,-Inf,-Inf,-Inf,-Inf,-Inf,1597,1597,-Inf,-Inf,-Inf,-Inf,-Inf,-Inf,-Inf,-Inf,-Inf
1598,1598,-Inf,-Inf,-Inf,-Inf,-Inf,-Inf,-Inf,-Inf,-Inf,1598,1598,-Inf,-Inf,-Inf,-Inf,-Inf,-Inf,-Inf,-Inf,-Inf,1598,1598,-Inf,-Inf,-Inf,-Inf,-Inf,-Inf,-Inf,-Inf,-Inf
1599,1599,-Inf,-Inf,-Inf,-Inf,-Inf,-Inf,-Inf,-Inf,-Inf,1599,1599,-Inf,-Inf,-Inf,-Inf,-Inf,-Inf,-Inf,-Inf,-Inf,1599,1599,-Inf,-Inf,-Inf,-Inf,-Inf,-Inf,-Inf,-Inf,-Inf
1600,1600,-Inf,-Inf,-Inf,-Inf,-Inf,-Inf,-Inf,-Inf,-Inf,1600,1600,-Inf,-Inf,-Inf,-Inf,-Inf,-Inf,-Inf,-Inf,-Inf,1600,1600,-Inf,-Inf,-Inf,-Inf,-Inf,-Inf,-Inf,-Inf,-Inf
1601,1601,-Inf,-Inf,-Inf,-Inf,-Inf,-Inf,-Inf,-Inf,-Inf,1601,1601,-Inf,-Inf,-Inf,-Inf,-Inf,-Inf,-Inf,-Inf,-Inf,1601,1601,-Inf,-Inf,-Inf,-Inf,-Inf,-Inf,-Inf,-Inf,-Inf
1602,1602,-Inf,-Inf,-Inf,-Inf,-Inf,-Inf,-Inf,-Inf,-Inf,1602,1602,-Inf,-Inf,-Inf,-Inf,-Inf,-Inf,-Inf,-Inf,-Inf,1602,1602,-Inf,-Inf,-Inf,-Inf,-Inf,-Inf,-Inf,-Inf,-Inf
1603,1603,-Inf,-Inf,-Inf,-Inf,-Inf,-Inf,-Inf,-Inf,-Inf,1603,1603,-Inf,-Inf,-Inf,-Inf,-Inf,-Inf,-Inf,-Inf,-Inf,1603,1603,-Inf,-Inf,-Inf,-Inf,-Inf,-Inf,-Inf,-Inf,-Inf
1604,1604,-Inf,-Inf,-Inf,-Inf,-Inf,-Inf,-Inf,-Inf,-Inf,1604,1604,-Inf,-Inf,-Inf,-Inf,-Inf,-Inf,-Inf,-Inf,-Inf,1604,1604,-Inf,-Inf,-Inf,-Inf,-Inf,-Inf,-Inf,-Inf,-Inf
1605,1605,-Inf,-Inf,-Inf,-Inf,-Inf,-Inf,-Inf,-Inf,-Inf,1605,1605,-Inf,-Inf,-Inf,-Inf,-Inf,-Inf,-Inf,-Inf,-Inf,1605,1605,-Inf,-Inf,-Inf,-Inf,-Inf,-Inf,-Inf,-Inf,-Inf
1606,1606,-Inf,-Inf,-Inf,-Inf,-Inf,-Inf,-Inf,-Inf,-Inf,1606,1606,-Inf,-Inf,-Inf,-Inf,-Inf,-Inf,-Inf,-Inf,-Inf,1606,1606,-Inf,-Inf,-Inf,-Inf,-Inf,-Inf,-Inf,-Inf,-Inf
1607,1607,-Inf,-Inf,-Inf,-Inf,-Inf,-Inf,-Inf,-Inf,-Inf,1607,1607,-Inf,-Inf,-Inf,-Inf,-Inf,-Inf,-Inf,-Inf,-Inf,1607,1607,-Inf,-Inf,-Inf,-Inf,-Inf,-Inf,-Inf,-Inf,-Inf
1608,1608,-Inf,-Inf,-Inf,-Inf,-Inf,-Inf,-Inf,-Inf,-Inf,1608,1608,-Inf,-Inf,-Inf,-Inf,-Inf,-Inf,-Inf,-Inf,-Inf,1608,1608,-Inf,-Inf,-Inf,-Inf,-Inf,-Inf,-Inf,-Inf,-Inf
1609,1609,-Inf,-Inf,-Inf,-Inf,-Inf,-Inf,-Inf,-Inf,-Inf,1609,1609,-Inf,-Inf,-Inf,-Inf,-Inf,-Inf,-Inf,-Inf,-Inf,1609,1609,-Inf,-Inf,-Inf,-Inf,-Inf,-Inf,-Inf,-Inf,-Inf
1610,1610,-Inf,-Inf,-Inf,-Inf,-Inf,-Inf,-Inf,-Inf,-Inf,1610,1610,-Inf,-Inf,-Inf,-Inf,-Inf,-Inf,-Inf,-Inf,-Inf,1610,1610,-Inf,-Inf,-Inf,-Inf,-Inf,-Inf,-Inf,-Inf,-Inf
1611,1611,-Inf,-Inf,-Inf,-Inf,-Inf,-Inf,-Inf,-Inf,-Inf,1611,1611,-Inf,-Inf,-Inf,-Inf,-Inf,-Inf,-Inf,-Inf,-Inf,1611,1611,-Inf,-Inf,-Inf,-Inf,-Inf,-Inf,-Inf,-Inf,-Inf
1612,1612,-Inf,-Inf,-Inf,-Inf,-Inf,-Inf,-Inf,-Inf,-Inf,1612,1612,-Inf,-Inf,-Inf,-Inf,-Inf,-Inf,-Inf,-Inf,-Inf,1612,1612,-Inf,-Inf,-Inf,-Inf,-Inf,-Inf,-Inf,-Inf,-Inf
1613,1613,-Inf,-Inf,-Inf,-Inf,-Inf,-Inf,-Inf,-Inf,-Inf,1613,1613,-Inf,-Inf,-Inf,-Inf,-Inf,-Inf,-Inf,-Inf,-Inf,1613,1613,-Inf,-Inf,-Inf,-Inf,-Inf,-Inf,-Inf,-Inf,-Inf
1614,1614,-Inf,-Inf,-Inf,-Inf,-Inf,-Inf,-Inf,-Inf,-Inf,1614,1614,-Inf,-Inf,-Inf,-Inf,-Inf,-Inf,-Inf,-Inf,-Inf,1614,1614,-Inf,-Inf,-Inf,-Inf,-Inf,-Inf,-Inf,-Inf,-Inf
1615,1615,-Inf,-Inf,-Inf,-Inf,-Inf,-Inf,-Inf,-Inf,-Inf,1615,1615,-Inf,-Inf,-Inf,-Inf,-Inf,-Inf,-Inf,-Inf,-Inf,1615,1615,-Inf,-Inf,-Inf,-Inf,-Inf,-Inf,-Inf,-Inf,-Inf
1616,1616,-Inf,-Inf,-Inf,-Inf,-Inf,-Inf,-Inf,-Inf,-Inf,1616,1616,-Inf,-Inf,-Inf,-Inf,-Inf,-Inf,-Inf,-Inf,-Inf,1616,1616,-Inf,-Inf,-Inf,-Inf,-Inf,-Inf,-Inf,-Inf,-Inf
1617,1617,-Inf,-Inf,-Inf,-Inf,-Inf,-Inf,-Inf,-Inf,-Inf,1617,1617,-Inf,-Inf,-Inf,-Inf,-Inf,-Inf,-Inf,-Inf,-Inf,1617,1617,-Inf,-Inf,-Inf,-Inf,-Inf,-Inf,-Inf,-Inf,-Inf
1618,1618,-Inf,-Inf,-Inf,-Inf,-Inf,-Inf,-Inf,-Inf,-Inf,1618,1618,-Inf,-Inf,-Inf,-Inf,-Inf,-Inf,-Inf,-Inf,-Inf,1618,1618,-Inf,-Inf,-Inf,-Inf,-Inf,-Inf,-Inf,-Inf,-Inf
1619,1619,-Inf,-Inf,-Inf,-Inf,-Inf,-Inf,-Inf,-Inf,-Inf,1619,1619,-Inf,-Inf,-Inf,-Inf,-Inf,-Inf,-Inf,-Inf,-Inf,1619,1619,-Inf,-Inf,-Inf,-Inf,-Inf,-Inf,-Inf,-Inf,-Inf
1620,1620,-Inf,-Inf,-Inf,-Inf,-Inf,-Inf,-Inf,-Inf,-Inf,1620,1620,-Inf,-Inf,-Inf,-Inf,-Inf,-Inf,-Inf,-Inf,-Inf,1620,1620,-Inf,-Inf,-Inf,-Inf,-Inf,-Inf,-Inf,-Inf,-Inf
1621,1621,-Inf,-Inf,-Inf,-Inf,-Inf,-Inf,-Inf,-Inf,-Inf,1621,1621,-Inf,-Inf,-Inf,-Inf,-Inf,-Inf,-Inf,-Inf,-Inf,1621,1621,-Inf,-Inf,-Inf,-Inf,-Inf,-Inf,-Inf,-Inf,-Inf
1622,1622,-Inf,-Inf,-Inf,-Inf,-Inf,-Inf,-Inf,-Inf,-Inf,1622,1622,-Inf,-Inf,-Inf,-Inf,-Inf,-Inf,-Inf,-Inf,-Inf,1622,1622,-Inf,-Inf,-Inf,-Inf,-Inf,-Inf,-Inf,-Inf,-Inf
1623,1623,-Inf,-Inf,-Inf,-Inf,-Inf,-Inf,-Inf,-Inf,-Inf,1623,1623,-Inf,-Inf,-Inf,-Inf,-Inf,-Inf,-Inf,-Inf,-Inf,1623,1623,-Inf,-Inf,-Inf,-Inf,-Inf,-Inf,-Inf,-Inf,-Inf
1624,1624,-Inf,-Inf,-Inf,-Inf,-Inf,-Inf,-Inf,-Inf,-Inf,1624,1624,-Inf,-Inf,-Inf,-Inf,-Inf,-Inf,-Inf,-Inf,-Inf,1624,1624,-Inf,-Inf,-Inf,-Inf,-Inf,-Inf,-Inf,-Inf,-Inf
1625,1625,-Inf,-Inf,-Inf,-Inf,-Inf,-Inf,-Inf,-Inf,-Inf,1625,1625,-Inf,-Inf,-Inf,-Inf,-Inf,-Inf,-Inf,-Inf,-Inf,1625,1625,-Inf,-Inf,-Inf,-Inf,-Inf,-Inf,-Inf,-Inf,-Inf
1626,1626,-Inf,-Inf,-Inf,-Inf,-Inf,-Inf,-Inf,-Inf,-Inf,1626,1626,-Inf,-Inf,-Inf,-Inf,-Inf,-Inf,-Inf,-Inf,-Inf,1626,1626,-Inf,-Inf,-Inf,-Inf,-Inf,-Inf,-Inf,-Inf,-Inf
1627,1627,-Inf,-Inf,-Inf,-Inf,-Inf,-Inf,-Inf,-Inf,-Inf,1627,1627,-Inf,-Inf,-Inf,-Inf,-Inf,-Inf,-Inf,-Inf,-Inf,1627,1627,-Inf,-Inf,-Inf,-Inf,-Inf,-Inf,-Inf,-Inf,-Inf
1628,1628,-Inf,-Inf,-Inf,-Inf,-Inf,-Inf,-Inf,-Inf,-Inf,1628,1628,-Inf,-Inf,-Inf,-Inf,-Inf,-Inf,-Inf,-Inf,-Inf,1628,1628,-Inf,-Inf,-Inf,-Inf,-Inf,-Inf,-Inf,-Inf,-Inf
1629,1629,-Inf,-Inf,-Inf,-Inf,-Inf,-Inf,-Inf,-Inf,-Inf,1629,1629,-Inf,-Inf,-Inf,-Inf,-Inf,-Inf,-Inf,-Inf,-Inf,1629,1629,-Inf,-Inf,-Inf,-Inf,-Inf,-Inf,-Inf,-Inf,-Inf
1630,1630,-Inf,-Inf,-Inf,-Inf,-Inf,-Inf,-Inf,-Inf,-Inf,1630,1630,-Inf,-Inf,-Inf,-Inf,-Inf,-Inf,-Inf,-Inf,-Inf,1630,1630,-Inf,-Inf,-Inf,-Inf,-Inf,-Inf,-Inf,-Inf,-Inf
1631,1631,-Inf,-Inf,-Inf,-Inf,-Inf,-Inf,-Inf,-Inf,-Inf,1631,1631,-Inf,-Inf,-Inf,-Inf,-Inf,-Inf,-Inf,-Inf,-Inf,1631,1631,-Inf,-Inf,-Inf,-Inf,-Inf,-Inf,-Inf,-Inf,-Inf
1632,1632,-Inf,-Inf,-Inf,-Inf,-Inf,-Inf,-Inf,-Inf,-Inf,1632,1632,-Inf,-Inf,-Inf,-Inf,-Inf,-Inf,-Inf,-Inf,-Inf,1632,1632,-Inf,-Inf,-Inf,-Inf,-Inf,-Inf,-Inf,-Inf,-Inf
1633,1633,-Inf,-Inf,-Inf,-Inf,-Inf,-Inf,-Inf,-Inf,-Inf,1633,1633,-Inf,-Inf,-Inf,-Inf,-Inf,-Inf,-Inf,-Inf,-Inf,1633,1633,-Inf,-Inf,-Inf,-Inf,-Inf,-Inf,-Inf,-Inf,-Inf
1634,1634,-Inf,-Inf,-Inf,-Inf,-Inf,-Inf,-Inf,-Inf,-Inf,1634,1634,-Inf,-Inf,-Inf,-Inf,-Inf,-Inf,-Inf,-Inf,-Inf,1634,1634,-Inf,-Inf,-Inf,-Inf,-Inf,-Inf,-Inf,-Inf,-Inf
1635,1635,-Inf,-Inf,-Inf,-Inf,-Inf,-Inf,-Inf,-Inf,-Inf,1635,1635,-Inf,-Inf,-Inf,-Inf,-Inf,-Inf,-Inf,-Inf,-Inf,1635,1635,-Inf,-Inf,-Inf,-Inf,-Inf,-Inf,-Inf,-Inf,-Inf
1636,1636,-Inf,-Inf,-Inf,-Inf,-Inf,-Inf,-Inf,-Inf,-Inf,1636,1636,-Inf,-Inf,-Inf,-Inf,-Inf,-Inf,-Inf,-Inf,-Inf,1636,1636,-Inf,-Inf,-Inf,-Inf,-Inf,-Inf,-Inf,-Inf,-Inf
1637,1637,-Inf,-Inf,-Inf,-Inf,-Inf,-Inf,-Inf,-Inf,-Inf,1637,1637,-Inf,-Inf,-Inf,-Inf,-Inf,-Inf,-Inf,-Inf,-Inf,1637,1637,-Inf,-Inf,-Inf,-Inf,-Inf,-Inf,-Inf,-Inf,-Inf
1638,1638,-Inf,-Inf,-Inf,-Inf,-Inf,-Inf,-Inf,-Inf,-Inf,1638,1638,-Inf,-Inf,-Inf,-Inf,-Inf,-Inf,-Inf,-Inf,-Inf,1638,1638,-Inf,-Inf,-Inf,-Inf,-Inf,-Inf,-Inf,-Inf,-Inf
1639,1639,-Inf,-Inf,-Inf,-Inf,-Inf,-Inf,-Inf,-Inf,-Inf,1639,1639,-Inf,-Inf,-Inf,-Inf,-Inf,-Inf,-Inf,-Inf,-Inf,1639,1639,-Inf,-Inf,-Inf,-Inf,-Inf,-Inf,-Inf,-Inf,-Inf
1640,1640,-Inf,-Inf,-Inf,-Inf,-Inf,-Inf,-Inf,-Inf,-Inf,1640,1640,-Inf,-Inf,-Inf,-Inf,-Inf,-Inf,-Inf,-Inf,-Inf,1640,1640,-Inf,-Inf,-Inf,-Inf,-Inf,-Inf,-Inf,-Inf,-Inf
1641,1641,-Inf,-Inf,-Inf,-Inf,-Inf,-Inf,-Inf,-Inf,-Inf,1641,1641,-Inf,-Inf,-Inf,-Inf,-Inf,-Inf,-Inf,-Inf,-Inf,1641,1641,-Inf,-Inf,-Inf,-Inf,-Inf,-Inf,-Inf,-Inf,-Inf
1642,1642,-Inf,-Inf,-Inf,-Inf,-Inf,-Inf,-Inf,-Inf,-Inf,1642,1642,-Inf,-Inf,-Inf,-Inf,-Inf,-Inf,-Inf,-Inf,-Inf,1642,1642,-Inf,-Inf,-Inf,-Inf,-Inf,-Inf,-Inf,-Inf,-Inf
1643,1643,-Inf,-Inf,-Inf,-Inf,-Inf,-Inf,-Inf,-Inf,-Inf,1643,1643,-Inf,-Inf,-Inf,-Inf,-Inf,-Inf,-Inf,-Inf,-Inf,1643,1643,-Inf,-Inf,-Inf,-Inf,-Inf,-Inf,-Inf,-Inf,-Inf
1644,1644,-Inf,-Inf,-Inf,-Inf,-Inf,-Inf,-Inf,-Inf,-Inf,1644,1644,-Inf,-Inf,-Inf,-Inf,-Inf,-Inf,-Inf,-Inf,-Inf,1644,1644,-Inf,-Inf,-Inf,-Inf,-Inf,-Inf,-Inf,-Inf,-Inf
1645,1645,-Inf,-Inf,-Inf,-Inf,-Inf,-Inf,-Inf,-Inf,-Inf,1645,1645,-Inf,-Inf,-Inf,-Inf,-Inf,-Inf,-Inf,-Inf,-Inf,1645,1645,-Inf,-Inf,-Inf,-Inf,-Inf,-Inf,-Inf,-Inf,-Inf
1646,1646,-Inf,-Inf,-Inf,-Inf,-Inf,-Inf,-Inf,-Inf,-Inf,1646,1646,-Inf,-Inf,-Inf,-Inf,-Inf,-Inf,-Inf,-Inf,-Inf,1646,1646,-Inf,-Inf,-Inf,-Inf,-Inf,-Inf,-Inf,-Inf,-Inf
1647,1647,-Inf,-Inf,-Inf,-Inf,-Inf,-Inf,-Inf,-Inf,-Inf,1647,1647,-Inf,-Inf,-Inf,-Inf,-Inf,-Inf,-Inf,-Inf,-Inf,1647,1647,-Inf,-Inf,-Inf,-Inf,-Inf,-Inf,-Inf,-Inf,-Inf
1648,1648,-Inf,-Inf,-Inf,-Inf,-Inf,-Inf,-Inf,-Inf,-Inf,1648,1648,-Inf,-Inf,-Inf,-Inf,-Inf,-Inf,-Inf,-Inf,-Inf,1648,1648,-Inf,-Inf,-Inf,-Inf,-Inf,-Inf,-Inf,-Inf,-Inf
1649,1649,-Inf,-Inf,-Inf,-Inf,-Inf,-Inf,-Inf,-Inf,-Inf,1649,1649,-Inf,-Inf,-Inf,-Inf,-Inf,-Inf,-Inf,-Inf,-Inf,1649,1649,-Inf,-Inf,-Inf,-Inf,-Inf,-Inf,-Inf,-Inf,-Inf
1650,1650,-Inf,-Inf,-Inf,-Inf,-Inf,-Inf,-Inf,-Inf,-Inf,1650,1650,-Inf,-Inf,-Inf,-Inf,-Inf,-Inf,-Inf,-Inf,-Inf,1650,1650,-Inf,-Inf,-Inf,-Inf,-Inf,-Inf,-Inf,-Inf,-Inf
1651,1651,-Inf,-Inf,-Inf,-Inf,-Inf,-Inf,-Inf,-Inf,-Inf,1651,1651,-Inf,-Inf,-Inf,-Inf,-Inf,-Inf,-Inf,-Inf,-Inf,1651,1651,-Inf,-Inf,-Inf,-Inf,-Inf,-Inf,-Inf,-Inf,-Inf
1652,1652,-Inf,-Inf,-Inf,-Inf,-Inf,-Inf,-Inf,-Inf,-Inf,1652,1652,-Inf,-Inf,-Inf,-Inf,-Inf,-Inf,-Inf,-Inf,-Inf,1652,1652,-Inf,-Inf,-Inf,-Inf,-Inf,-Inf,-Inf,-Inf,-Inf
1653,1653,-Inf,-Inf,-Inf,-Inf,-Inf,-Inf,-Inf,-Inf,-Inf,1653,1653,-Inf,-Inf,-Inf,-Inf,-Inf,-Inf,-Inf,-Inf,-Inf,1653,1653,-Inf,-Inf,-Inf,-Inf,-Inf,-Inf,-Inf,-Inf,-Inf
1654,1654,-Inf,-Inf,-Inf,-Inf,-Inf,-Inf,-Inf,-Inf,-Inf,1654,1654,-Inf,-Inf,-Inf,-Inf,-Inf,-Inf,-Inf,-Inf,-Inf,1654,1654,-Inf,-Inf,-Inf,-Inf,-Inf,-Inf,-Inf,-Inf,-Inf
1655,1655,-Inf,-Inf,-Inf,-Inf,-Inf,-Inf,-Inf,-Inf,-Inf,1655,1655,-Inf,-Inf,-Inf,-Inf,-Inf,-Inf,-Inf,-Inf,-Inf,1655,1655,-Inf,-Inf,-Inf,-Inf,-Inf,-Inf,-Inf,-Inf,-Inf
1656,1656,-Inf,-Inf,-Inf,-Inf,-Inf,-Inf,-Inf,-Inf,-Inf,1656,1656,-Inf,-Inf,-Inf,-Inf,-Inf,-Inf,-Inf,-Inf,-Inf,1656,1656,-Inf,-Inf,-Inf,-Inf,-Inf,-Inf,-Inf,-Inf,-Inf
1657,1657,-Inf,-Inf,-Inf,-Inf,-Inf,-Inf,-Inf,-Inf,-Inf,1657,1657,-Inf,-Inf,-Inf,-Inf,-Inf,-Inf,-Inf,-Inf,-Inf,1657,1657,-Inf,-Inf,-Inf,-Inf,-Inf,-Inf,-Inf,-Inf,-Inf
1658,1658,-Inf,-Inf,-Inf,-Inf,-Inf,-Inf,-Inf,-Inf,-Inf,1658,1658,-Inf,-Inf,-Inf,-Inf,-Inf,-Inf,-Inf,-Inf,-Inf,1658,1658,-Inf,-Inf,-Inf,-Inf,-Inf,-Inf,-Inf,-Inf,-Inf
1659,1659,-Inf,-Inf,-Inf,-Inf,-Inf,-Inf,-Inf,-Inf,-Inf,1659,1659,-Inf,-Inf,-Inf,-Inf,-Inf,-Inf,-Inf,-Inf,-Inf,1659,1659,-Inf,-Inf,-Inf,-Inf,-Inf,-Inf,-Inf,-Inf,-Inf
1660,1660,-Inf,-Inf,-Inf,-Inf,-Inf,-Inf,-Inf,-Inf,-Inf,1660,1660,-Inf,-Inf,-Inf,-Inf,-Inf,-Inf,-Inf,-Inf,-Inf,1660,1660,-Inf,-Inf,-Inf,-Inf,-Inf,-Inf,-Inf,-Inf,-Inf
1661,1661,-Inf,-Inf,-Inf,-Inf,-Inf,-Inf,-Inf,-Inf,-Inf,1661,1661,-Inf,-Inf,-Inf,-Inf,-Inf,-Inf,-Inf,-Inf,-Inf,1661,1661,-Inf,-Inf,-Inf,-Inf,-Inf,-Inf,-Inf,-Inf,-Inf
1662,1662,-Inf,-Inf,-Inf,-Inf,-Inf,-Inf,-Inf,-Inf,-Inf,1662,1662,-Inf,-Inf,-Inf,-Inf,-Inf,-Inf,-Inf,-Inf,-Inf,1662,1662,-Inf,-Inf,-Inf,-Inf,-Inf,-Inf,-Inf,-Inf,-Inf
1663,1663,-Inf,-Inf,-Inf,-Inf,-Inf,-Inf,-Inf,-Inf,-Inf,1663,1663,-Inf,-Inf,-Inf,-Inf,-Inf,-Inf,-Inf,-Inf,-Inf,1663,1663,-Inf,-Inf,-Inf,-Inf,-Inf,-Inf,-Inf,-Inf,-Inf
1664,1664,-Inf,-Inf,-Inf,-Inf,-Inf,-Inf,-Inf,-Inf,-Inf,1664,1664,-Inf,-Inf,-Inf,-Inf,-Inf,-Inf,-Inf,-Inf,-Inf,1664,1664,-Inf,-Inf,-Inf,-Inf,-Inf,-Inf,-Inf,-Inf,-Inf
1665,1665,-Inf,-Inf,-Inf,-Inf,-Inf,-Inf,-Inf,-Inf,-Inf,1665,1665,-Inf,-Inf,-Inf,-Inf,-Inf,-Inf,-Inf,-Inf,-Inf,1665,1665,-Inf,-Inf,-Inf,-Inf,-Inf,-Inf,-Inf,-Inf,-Inf
1666,1666,-Inf,-Inf,-Inf,-Inf,-Inf,-Inf,-Inf,-Inf,-Inf,1666,1666,-Inf,-Inf,-Inf,-Inf,-Inf,-Inf,-Inf,-Inf,-Inf,1666,1666,-Inf,-Inf,-Inf,-Inf,-Inf,-Inf,-Inf,-Inf,-Inf
1667,1667,-Inf,-Inf,-Inf,-Inf,-Inf,-Inf,-Inf,-Inf,-Inf,1667,1667,-Inf,-Inf,-Inf,-Inf,-Inf,-Inf,-Inf,-Inf,-Inf,1667,1667,-Inf,-Inf,-Inf,-Inf,-Inf,-Inf,-Inf,-Inf,-Inf
1668,1668,-Inf,-Inf,-Inf,-Inf,-Inf,-Inf,-Inf,-Inf,-Inf,1668,1668,-Inf,-Inf,-Inf,-Inf,-Inf,-Inf,-Inf,-Inf,-Inf,1668,1668,-Inf,-Inf,-Inf,-Inf,-Inf,-Inf,-Inf,-Inf,-Inf
1669,1669,-Inf,-Inf,-Inf,-Inf,-Inf,-Inf,-Inf,-Inf,-Inf,1669,1669,-Inf,-Inf,-Inf,-Inf,-Inf,-Inf,-Inf,-Inf,-Inf,1669,1669,-Inf,-Inf,-Inf,-Inf,-Inf,-Inf,-Inf,-Inf,-Inf
1670,1670,-Inf,-Inf,-Inf,-Inf,-Inf,-Inf,-Inf,-Inf,-Inf,1670,1670,-Inf,-Inf,-Inf,-Inf,-Inf,-Inf,-Inf,-Inf,-Inf,1670,1670,-Inf,-Inf,-Inf,-Inf,-Inf,-Inf,-Inf,-Inf,-Inf
1671,1671,-Inf,-Inf,-Inf,-Inf,-Inf,-Inf,-Inf,-Inf,-Inf,1671,1671,-Inf,-Inf,-Inf,-Inf,-Inf,-Inf,-Inf,-Inf,-Inf,1671,1671,-Inf,-Inf,-Inf,-Inf,-Inf,-Inf,-Inf,-Inf,-Inf
1672,1672,-Inf,-Inf,-Inf,-Inf,-Inf,-Inf,-Inf,-Inf,-Inf,1672,1672,-Inf,-Inf,-Inf,-Inf,-Inf,-Inf,-Inf,-Inf,-Inf,1672,1672,-Inf,-Inf,-Inf,-Inf,-Inf,-Inf,-Inf,-Inf,-Inf
1673,1673,-Inf,-Inf,-Inf,-Inf,-Inf,-Inf,-Inf,-Inf,-Inf,1673,1673,-Inf,-Inf,-Inf,-Inf,-Inf,-Inf,-Inf,-Inf,-Inf,1673,1673,-Inf,-Inf,-Inf,-Inf,-Inf,-Inf,-Inf,-Inf,-Inf
1674,1674,-Inf,-Inf,-Inf,-Inf,-Inf,-Inf,-Inf,-Inf,-Inf,1674,1674,-Inf,-Inf,-Inf,-Inf,-Inf,-Inf,-Inf,-Inf,-Inf,1674,1674,-Inf,-Inf,-Inf,-Inf,-Inf,-Inf,-Inf,-Inf,-Inf
1675,1675,-Inf,-Inf,-Inf,-Inf,-Inf,-Inf,-Inf,-Inf,-Inf,1675,1675,-Inf,-Inf,-Inf,-Inf,-Inf,-Inf,-Inf,-Inf,-Inf,1675,1675,-Inf,-Inf,-Inf,-Inf,-Inf,-Inf,-Inf,-Inf,-Inf
1676,1676,-Inf,-Inf,-Inf,-Inf,-Inf,-Inf,-Inf,-Inf,-Inf,1676,1676,-Inf,-Inf,-Inf,-Inf,-Inf,-Inf,-Inf,-Inf,-Inf,1676,1676,-Inf,-Inf,-Inf,-Inf,-Inf,-Inf,-Inf,-Inf,-Inf
1677,1677,-Inf,-Inf,-Inf,-Inf,-Inf,-Inf,-Inf,-Inf,-Inf,1677,1677,-Inf,-Inf,-Inf,-Inf,-Inf,-Inf,-Inf,-Inf,-Inf,1677,1677,-Inf,-Inf,-Inf,-Inf,-Inf,-Inf,-Inf,-Inf,-Inf
1678,1678,-Inf,-Inf,-Inf,-Inf,-Inf,-Inf,-Inf,-Inf,-Inf,1678,1678,-Inf,-Inf,-Inf,-Inf,-Inf,-Inf,-Inf,-Inf,-Inf,1678,1678,-Inf,-Inf,-Inf,-Inf,-Inf,-Inf,-Inf,-Inf,-Inf
1679,1679,-Inf,-Inf,-Inf,-Inf,-Inf,-Inf,-Inf,-Inf,-Inf,1679,1679,-Inf,-Inf,-Inf,-Inf,-Inf,-Inf,-Inf,-Inf,-Inf,1679,1679,-Inf,-Inf,-Inf,-Inf,-Inf,-Inf,-Inf,-Inf,-Inf
1680,1680,-Inf,-Inf,-Inf,-Inf,-Inf,-Inf,-Inf,-Inf,-Inf,1680,1680,-Inf,-Inf,-Inf,-Inf,-Inf,-Inf,-Inf,-Inf,-Inf,1680,1680,-Inf,-Inf,-Inf,-Inf,-Inf,-Inf,-Inf,-Inf,-Inf
1681,1681,-Inf,-Inf,-Inf,-Inf,-Inf,-Inf,-Inf,-Inf,-Inf,1681,1681,-Inf,-Inf,-Inf,-Inf,-Inf,-Inf,-Inf,-Inf,-Inf,1681,1681,-Inf,-Inf,-Inf,-Inf,-Inf,-Inf,-Inf,-Inf,-Inf
1682,1682,-Inf,-Inf,-Inf,-Inf,-Inf,-Inf,-Inf,-Inf,-Inf,1682,1682,-Inf,-Inf,-Inf,-Inf,-Inf,-Inf,-Inf,-Inf,-Inf,1682,1682,-Inf,-Inf,-Inf,-Inf,-Inf,-Inf,-Inf,-Inf,-Inf
1683,1683,-Inf,-Inf,-Inf,-Inf,-Inf,-Inf,-Inf,-Inf,-Inf,1683,1683,-Inf,-Inf,-Inf,-Inf,-Inf,-Inf,-Inf,-Inf,-Inf,1683,1683,-Inf,-Inf,-Inf,-Inf,-Inf,-Inf,-Inf,-Inf,-Inf
1684,1684,-Inf,-Inf,-Inf,-Inf,-Inf,-Inf,-Inf,-Inf,-Inf,1684,1684,-Inf,-Inf,-Inf,-Inf,-Inf,-Inf,-Inf,-Inf,-Inf,1684,1684,-Inf,-Inf,-Inf,-Inf,-Inf,-Inf,-Inf,-Inf,-Inf
1685,1685,-Inf,-Inf,-Inf,-Inf,-Inf,-Inf,-Inf,-Inf,-Inf,1685,1685,-Inf,-Inf,-Inf,-Inf,-Inf,-Inf,-Inf,-Inf,-Inf,1685,1685,-Inf,-Inf,-Inf,-Inf,-Inf,-Inf,-Inf,-Inf,-Inf
1686,1686,-Inf,-Inf,-Inf,-Inf,-Inf,-Inf,-Inf,-Inf,-Inf,1686,1686,-Inf,-Inf,-Inf,-Inf,-Inf,-Inf,-Inf,-Inf,-Inf,1686,1686,-Inf,-Inf,-Inf,-Inf,-Inf,-Inf,-Inf,-Inf,-Inf
1687,1687,-Inf,-Inf,-Inf,-Inf,-Inf,-Inf,-Inf,-Inf,-Inf,1687,1687,-Inf,-Inf,-Inf,-Inf,-Inf,-Inf,-Inf,-Inf,-Inf,1687,1687,-Inf,-Inf,-Inf,-Inf,-Inf,-Inf,-Inf,-Inf,-Inf
1688,1688,-Inf,-Inf,-Inf,-Inf,-Inf,-Inf,-Inf,-Inf,-Inf,1688,1688,-Inf,-Inf,-Inf,-Inf,-Inf,-Inf,-Inf,-Inf,-Inf,1688,1688,-Inf,-Inf,-Inf,-Inf,-Inf,-Inf,-Inf,-Inf,-Inf
1689,1689,-Inf,-Inf,-Inf,-Inf,-Inf,-Inf,-Inf,-Inf,-Inf,1689,1689,-Inf,-Inf,-Inf,-Inf,-Inf,-Inf,-Inf,-Inf,-Inf,1689,1689,-Inf,-Inf,-Inf,-Inf,-Inf,-Inf,-Inf,-Inf,-Inf
1690,1690,-Inf,-Inf,-Inf,-Inf,-Inf,-Inf,-Inf,-Inf,-Inf,1690,1690,-Inf,-Inf,-Inf,-Inf,-Inf,-Inf,-Inf,-Inf,-Inf,1690,1690,-Inf,-Inf,-Inf,-Inf,-Inf,-Inf,-Inf,-Inf,-Inf
1691,1691,-Inf,-Inf,-Inf,-Inf,-Inf,-Inf,-Inf,-Inf,-Inf,1691,1691,-Inf,-Inf,-Inf,-Inf,-Inf,-Inf,-Inf,-Inf,-Inf,1691,1691,-Inf,-Inf,-Inf,-Inf,-Inf,-Inf,-Inf,-Inf,-Inf
1692,1692,-Inf,-Inf,-Inf,-Inf,-Inf,-Inf,-Inf,-Inf,-Inf,1692,1692,-Inf,-Inf,-Inf,-Inf,-Inf,-Inf,-Inf,-Inf,-Inf,1692,1692,-Inf,-Inf,-Inf,-Inf,-Inf,-Inf,-Inf,-Inf,-Inf
1693,1693,-Inf,-Inf,-Inf,-Inf,-Inf,-Inf,-Inf,-Inf,-Inf,1693,1693,-Inf,-Inf,-Inf,-Inf,-Inf,-Inf,-Inf,-Inf,-Inf,1693,1693,-Inf,-Inf,-Inf,-Inf,-Inf,-Inf,-Inf,-Inf,-Inf
1694,1694,-Inf,-Inf,-Inf,-Inf,-Inf,-Inf,-Inf,-Inf,-Inf,1694,1694,-Inf,-Inf,-Inf,-Inf,-Inf,-Inf,-Inf,-Inf,-Inf,1694,1694,-Inf,-Inf,-Inf,-Inf,-Inf,-Inf,-Inf,-Inf,-Inf
1695,1695,-Inf,-Inf,-Inf,-Inf,-Inf,-Inf,-Inf,-Inf,-Inf,1695,1695,-Inf,-Inf,-Inf,-Inf,-Inf,-Inf,-Inf,-Inf,-Inf,1695,1695,-Inf,-Inf,-Inf,-Inf,-Inf,-Inf,-Inf,-Inf,-Inf
1696,1696,-Inf,-Inf,-Inf,-Inf,-Inf,-Inf,-Inf,-Inf,-Inf,1696,1696,-Inf,-Inf,-Inf,-Inf,-Inf,-Inf,-Inf,-Inf,-Inf,1696,1696,-Inf,-Inf,-Inf,-Inf,-Inf,-Inf,-Inf,-Inf,-Inf
1697,1697,-Inf,-Inf,-Inf,-Inf,-Inf,-Inf,-Inf,-Inf,-Inf,1697,1697,-Inf,-Inf,-Inf,-Inf,-Inf,-Inf,-Inf,-Inf,-Inf,1697,1697,-Inf,-Inf,-Inf,-Inf,-Inf,-Inf,-Inf,-Inf,-Inf
1698,1698,-Inf,-Inf,-Inf,-Inf,-Inf,-Inf,-Inf,-Inf,-Inf,1698,1698,-Inf,-Inf,-Inf,-Inf,-Inf,-Inf,-Inf,-Inf,-Inf,1698,1698,-Inf,-Inf,-Inf,-Inf,-Inf,-Inf,-Inf,-Inf,-Inf
1699,1699,-Inf,-Inf,-Inf,-Inf,-Inf,-Inf,-Inf,-Inf,-Inf,1699,1699,-Inf,-Inf,-Inf,-Inf,-Inf,-Inf,-Inf,-Inf,-Inf,1699,1699,-Inf,-Inf,-Inf,-Inf,-Inf,-Inf,-Inf,-Inf,-Inf
1700,1700,-Inf,-Inf,-Inf,-Inf,-Inf,-Inf,-Inf,-Inf,-Inf,1700,1700,-Inf,-Inf,-Inf,-Inf,-Inf,-Inf,-Inf,-Inf,-Inf,1700,1700,-Inf,-Inf,-Inf,-Inf,-Inf,-Inf,-Inf,-Inf,-Inf
1701,1701,-Inf,-Inf,-Inf,-Inf,-Inf,-Inf,-Inf,-Inf,-Inf,1701,1701,-Inf,-Inf,-Inf,-Inf,-Inf,-Inf,-Inf,-Inf,-Inf,1701,1701,-Inf,-Inf,-Inf,-Inf,-Inf,-Inf,-Inf,-Inf,-Inf
1702,1702,-Inf,-Inf,-Inf,-Inf,-Inf,-Inf,-Inf,-Inf,-Inf,1702,1702,-Inf,-Inf,-Inf,-Inf,-Inf,-Inf,-Inf,-Inf,-Inf,1702,1702,-Inf,-Inf,-Inf,-Inf,-Inf,-Inf,-Inf,-Inf,-Inf
1703,1703,-Inf,-Inf,-Inf,-Inf,-Inf,-Inf,-Inf,-Inf,-Inf,1703,1703,-Inf,-Inf,-Inf,-Inf,-Inf,-Inf,-Inf,-Inf,-Inf,1703,1703,-Inf,-Inf,-Inf,-Inf,-Inf,-Inf,-Inf,-Inf,-Inf
1704,1704,-Inf,-Inf,-Inf,-Inf,-Inf,-Inf,-Inf,-Inf,-Inf,1704,1704,-Inf,-Inf,-Inf,-Inf,-Inf,-Inf,-Inf,-Inf,-Inf,1704,1704,-Inf,-Inf,-Inf,-Inf,-Inf,-Inf,-Inf,-Inf,-Inf
1705,1705,-Inf,-Inf,-Inf,-Inf,-Inf,-Inf,-Inf,-Inf,-Inf,1705,1705,-Inf,-Inf,-Inf,-Inf,-Inf,-Inf,-Inf,-Inf,-Inf,1705,1705,-Inf,-Inf,-Inf,-Inf,-Inf,-Inf,-Inf,-Inf,-Inf
1706,1706,-Inf,-Inf,-Inf,-Inf,-Inf,-Inf,-Inf,-Inf,-Inf,1706,1706,-Inf,-Inf,-Inf,-Inf,-Inf,-Inf,-Inf,-Inf,-Inf,1706,1706,-Inf,-Inf,-Inf,-Inf,-Inf,-Inf,-Inf,-Inf,-Inf
1707,1707,-Inf,-Inf,-Inf,-Inf,-Inf,-Inf,-Inf,-Inf,-Inf,1707,1707,-Inf,-Inf,-Inf,-Inf,-Inf,-Inf,-Inf,-Inf,-Inf,1707,1707,-Inf,-Inf,-Inf,-Inf,-Inf,-Inf,-Inf,-Inf,-Inf
1708,1708,-Inf,-Inf,-Inf,-Inf,-Inf,-Inf,-Inf,-Inf,-Inf,1708,1708,-Inf,-Inf,-Inf,-Inf,-Inf,-Inf,-Inf,-Inf,-Inf,1708,1708,-Inf,-Inf,-Inf,-Inf,-Inf,-Inf,-Inf,-Inf,-Inf
1709,1709,-Inf,-Inf,-Inf,-Inf,-Inf,-Inf,-Inf,-Inf,-Inf,1709,1709,-Inf,-Inf,-Inf,-Inf,-Inf,-Inf,-Inf,-Inf,-Inf,1709,1709,-Inf,-Inf,-Inf,-Inf,-Inf,-Inf,-Inf,-Inf,-Inf
1710,1710,-Inf,-Inf,-Inf,-Inf,-Inf,-Inf,-Inf,-Inf,-Inf,1710,1710,-Inf,-Inf,-Inf,-Inf,-Inf,-Inf,-Inf,-Inf,-Inf,1710,1710,-Inf,-Inf,-Inf,-Inf,-Inf,-Inf,-Inf,-Inf,-Inf
1711,1711,-Inf,-Inf,-Inf,-Inf,-Inf,-Inf,-Inf,-Inf,-Inf,1711,1711,-Inf,-Inf,-Inf,-Inf,-Inf,-Inf,-Inf,-Inf,-Inf,1711,1711,-Inf,-Inf,-Inf,-Inf,-Inf,-Inf,-Inf,-Inf,-Inf
1712,1712,-Inf,-Inf,-Inf,-Inf,-Inf,-Inf,-Inf,-Inf,-Inf,1712,1712,-Inf,-Inf,-Inf,-Inf,-Inf,-Inf,-Inf,-Inf,-Inf,1712,1712,-Inf,-Inf,-Inf,-Inf,-Inf,-Inf,-Inf,-Inf,-Inf
1713,1713,-Inf,-Inf,-Inf,-Inf,-Inf,-Inf,-Inf,-Inf,-Inf,1713,1713,-Inf,-Inf,-Inf,-Inf,-Inf,-Inf,-Inf,-Inf,-Inf,1713,1713,-Inf,-Inf,-Inf,-Inf,-Inf,-Inf,-Inf,-Inf,-Inf
1714,1714,-Inf,-Inf,-Inf,-Inf,-Inf,-Inf,-Inf,-Inf,-Inf,1714,1714,-Inf,-Inf,-Inf,-Inf,-Inf,-Inf,-Inf,-Inf,-Inf,1714,1714,-Inf,-Inf,-Inf,-Inf,-Inf,-Inf,-Inf,-Inf,-Inf
1715,1715,-Inf,-Inf,-Inf,-Inf,-Inf,-Inf,-Inf,-Inf,-Inf,1715,1715,-Inf,-Inf,-Inf,-Inf,-Inf,-Inf,-Inf,-Inf,-Inf,1715,1715,-Inf,-Inf,-Inf,-Inf,-Inf,-Inf,-Inf,-Inf,-Inf
1716,1716,-Inf,-Inf,-Inf,-Inf,-Inf,-Inf,-Inf,-Inf,-Inf,1716,1716,-Inf,-Inf,-Inf,-Inf,-Inf,-Inf,-Inf,-Inf,-Inf,1716,1716,-Inf,-Inf,-Inf,-Inf,-Inf,-Inf,-Inf,-Inf,-Inf
1717,1717,-Inf,-Inf,-Inf,-Inf,-Inf,-Inf,-Inf,-Inf,-Inf,1717,1717,-Inf,-Inf,-Inf,-Inf,-Inf,-Inf,-Inf,-Inf,-Inf,1717,1717,-Inf,-Inf,-Inf,-Inf,-Inf,-Inf,-Inf,-Inf,-Inf
1718,1718,-Inf,-Inf,-Inf,-Inf,-Inf,-Inf,-Inf,-Inf,-Inf,1718,1718,-Inf,-Inf,-Inf,-Inf,-Inf,-Inf,-Inf,-Inf,-Inf,1718,1718,-Inf,-Inf,-Inf,-Inf,-Inf,-Inf,-Inf,-Inf,-Inf
1719,1719,-Inf,-Inf,-Inf,-Inf,-Inf,-Inf,-Inf,-Inf,-Inf,1719,1719,-Inf,-Inf,-Inf,-Inf,-Inf,-Inf,-Inf,-Inf,-Inf,1719,1719,-Inf,-Inf,-Inf,-Inf,-Inf,-Inf,-Inf,-Inf,-Inf
1720,1720,-Inf,-Inf,-Inf,-Inf,-Inf,-Inf,-Inf,-Inf,-Inf,1720,1720,-Inf,-Inf,-Inf,-Inf,-Inf,-Inf,-Inf,-Inf,-Inf,1720,1720,-Inf,-Inf,-Inf,-Inf,-Inf,-Inf,-Inf,-Inf,-Inf
1721,1721,-Inf,-Inf,-Inf,-Inf,-Inf,-Inf,-Inf,-Inf,-Inf,1721,1721,-Inf,-Inf,-Inf,-Inf,-Inf,-Inf,-Inf,-Inf,-Inf,1721,1721,-Inf,-Inf,-Inf,-Inf,-Inf,-Inf,-Inf,-Inf,-Inf
1722,1722,-Inf,-Inf,-Inf,-Inf,-Inf,-Inf,-Inf,-Inf,-Inf,1722,1722,-Inf,-Inf,-Inf,-Inf,-Inf,-Inf,-Inf,-Inf,-Inf,1722,1722,-Inf,-Inf,-Inf,-Inf,-Inf,-Inf,-Inf,-Inf,-Inf
1723,1723,-Inf,-Inf,-Inf,-Inf,-Inf,-Inf,-Inf,-Inf,-Inf,1723,1723,-Inf,-Inf,-Inf,-Inf,-Inf,-Inf,-Inf,-Inf,-Inf,1723,1723,-Inf,-Inf,-Inf,-Inf,-Inf,-Inf,-Inf,-Inf,-Inf
1724,1724,-Inf,-Inf,-Inf,-Inf,-Inf,-Inf,-Inf,-Inf,-Inf,1724,1724,-Inf,-Inf,-Inf,-Inf,-Inf,-Inf,-Inf,-Inf,-Inf,1724,1724,-Inf,-Inf,-Inf,-Inf,-Inf,-Inf,-Inf,-Inf,-Inf
1725,1725,-Inf,-Inf,-Inf,-Inf,-Inf,-Inf,-Inf,-Inf,-Inf,1725,1725,-Inf,-Inf,-Inf,-Inf,-Inf,-Inf,-Inf,-Inf,-Inf,1725,1725,-Inf,-Inf,-Inf,-Inf,-Inf,-Inf,-Inf,-Inf,-Inf
1726,1726,-Inf,-Inf,-Inf,-Inf,-Inf,-Inf,-Inf,-Inf,-Inf,1726,1726,-Inf,-Inf,-Inf,-Inf,-Inf,-Inf,-Inf,-Inf,-Inf,1726,1726,-Inf,-Inf,-Inf,-Inf,-Inf,-Inf,-Inf,-Inf,-Inf
1727,1727,-Inf,-Inf,-Inf,-Inf,-Inf,-Inf,-Inf,-Inf,-Inf,1727,1727,-Inf,-Inf,-Inf,-Inf,-Inf,-Inf,-Inf,-Inf,-Inf,1727,1727,-Inf,-Inf,-Inf,-Inf,-Inf,-Inf,-Inf,-Inf,-Inf
1728,1728,-Inf,-Inf,-Inf,-Inf,-Inf,-Inf,-Inf,-Inf,-Inf,1728,1728,-Inf,-Inf,-Inf,-Inf,-Inf,-Inf,-Inf,-Inf,-Inf,1728,1728,-Inf,-Inf,-Inf,-Inf,-Inf,-Inf,-Inf,-Inf,-Inf
1729,1729,-Inf,-Inf,-Inf,-Inf,-Inf,-Inf,-Inf,-Inf,-Inf,1729,1729,-Inf,-Inf,-Inf,-Inf,-Inf,-Inf,-Inf,-Inf,-Inf,1729,1729,-Inf,-Inf,-Inf,-Inf,-Inf,-Inf,-Inf,-Inf,-Inf
1730,1730,-Inf,-Inf,-Inf,-Inf,-Inf,-Inf,-Inf,-Inf,-Inf,1730,1730,-Inf,-Inf,-Inf,-Inf,-Inf,-Inf,-Inf,-Inf,-Inf,1730,1730,-Inf,-Inf,-Inf,-Inf,-Inf,-Inf,-Inf,-Inf,-Inf
1731,1731,-Inf,-Inf,-Inf,-Inf,-Inf,-Inf,-Inf,-Inf,-Inf,1731,1731,-Inf,-Inf,-Inf,-Inf,-Inf,-Inf,-Inf,-Inf,-Inf,1731,1731,-Inf,-Inf,-Inf,-Inf,-Inf,-Inf,-Inf,-Inf,-Inf
1732,1732,-Inf,-Inf,-Inf,-Inf,-Inf,-Inf,-Inf,-Inf,-Inf,1732,1732,-Inf,-Inf,-Inf,-Inf,-Inf,-Inf,-Inf,-Inf,-Inf,1732,1732,-Inf,-Inf,-Inf,-Inf,-Inf,-Inf,-Inf,-Inf,-Inf
1733,1733,-Inf,-Inf,-Inf,-Inf,-Inf,-Inf,-Inf,-Inf,-Inf,1733,1733,-Inf,-Inf,-Inf,-Inf,-Inf,-Inf,-Inf,-Inf,-Inf,1733,1733,-Inf,-Inf,-Inf,-Inf,-Inf,-Inf,-Inf,-Inf,-Inf
1734,1734,-Inf,-Inf,-Inf,-Inf,-Inf,-Inf,-Inf,-Inf,-Inf,1734,1734,-Inf,-Inf,-Inf,-Inf,-Inf,-Inf,-Inf,-Inf,-Inf,1734,1734,-Inf,-Inf,-Inf,-Inf,-Inf,-Inf,-Inf,-Inf,-Inf
1735,1735,-Inf,-Inf,-Inf,-Inf,-Inf,-Inf,-Inf,-Inf,-Inf,1735,1735,-Inf,-Inf,-Inf,-Inf,-Inf,-Inf,-Inf,-Inf,-Inf,1735,1735,-Inf,-Inf,-Inf,-Inf,-Inf,-Inf,-Inf,-Inf,-Inf
1736,1736,-Inf,-Inf,-Inf,-Inf,-Inf,-Inf,-Inf,-Inf,-Inf,1736,1736,-Inf,-Inf,-Inf,-Inf,-Inf,-Inf,-Inf,-Inf,-Inf,1736,1736,-Inf,-Inf,-Inf,-Inf,-Inf,-Inf,-Inf,-Inf,-Inf
1737,1737,-Inf,-Inf,-Inf,-Inf,-Inf,-Inf,-Inf,-Inf,-Inf,1737,1737,-Inf,-Inf,-Inf,-Inf,-Inf,-Inf,-Inf,-Inf,-Inf,1737,1737,-Inf,-Inf,-Inf,-Inf,-Inf,-Inf,-Inf,-Inf,-Inf
1738,1738,-Inf,-Inf,-Inf,-Inf,-Inf,-Inf,-Inf,-Inf,-Inf,1738,1738,-Inf,-Inf,-Inf,-Inf,-Inf,-Inf,-Inf,-Inf,-Inf,1738,1738,-Inf,-Inf,-Inf,-Inf,-Inf,-Inf,-Inf,-Inf,-Inf
1739,1739,-Inf,-Inf,-Inf,-Inf,-Inf,-Inf,-Inf,-Inf,-Inf,1739,1739,-Inf,-Inf,-Inf,-Inf,-Inf,-Inf,-Inf,-Inf,-Inf,1739,1739,-Inf,-Inf,-Inf,-Inf,-Inf,-Inf,-Inf,-Inf,-Inf
1740,1740,-Inf,-Inf,-Inf,-Inf,-Inf,-Inf,-Inf,-Inf,-Inf,1740,1740,-Inf,-Inf,-Inf,-Inf,-Inf,-Inf,-Inf,-Inf,-Inf,1740,1740,-Inf,-Inf,-Inf,-Inf,-Inf,-Inf,-Inf,-Inf,-Inf
1741,1741,-Inf,-Inf,-Inf,-Inf,-Inf,-Inf,-Inf,-Inf,-Inf,1741,1741,-Inf,-Inf,-Inf,-Inf,-Inf,-Inf,-Inf,-Inf,-Inf,1741,1741,-Inf,-Inf,-Inf,-Inf,-Inf,-Inf,-Inf,-Inf,-Inf
1742,1742,-Inf,-Inf,-Inf,-Inf,-Inf,-Inf,-Inf,-Inf,-Inf,1742,1742,-Inf,-Inf,-Inf,-Inf,-Inf,-Inf,-Inf,-Inf,-Inf,1742,1742,-Inf,-Inf,-Inf,-Inf,-Inf,-Inf,-Inf,-Inf,-Inf
1743,1743,-Inf,-Inf,-Inf,-Inf,-Inf,-Inf,-Inf,-Inf,-Inf,1743,1743,-Inf,-Inf,-Inf,-Inf,-Inf,-Inf,-Inf,-Inf,-Inf,1743,1743,-Inf,-Inf,-Inf,-Inf,-Inf,-Inf,-Inf,-Inf,-Inf
1744,1744,-Inf,-Inf,-Inf,-Inf,-Inf,-Inf,-Inf,-Inf,-Inf,1744,1744,-Inf,-Inf,-Inf,-Inf,-Inf,-Inf,-Inf,-Inf,-Inf,1744,1744,-Inf,-Inf,-Inf,-Inf,-Inf,-Inf,-Inf,-Inf,-Inf
1745,1745,-Inf,-Inf,-Inf,-Inf,-Inf,-Inf,-Inf,-Inf,-Inf,1745,1745,-Inf,-Inf,-Inf,-Inf,-Inf,-Inf,-Inf,-Inf,-Inf,1745,1745,-Inf,-Inf,-Inf,-Inf,-Inf,-Inf,-Inf,-Inf,-Inf
1746,1746,-Inf,-Inf,-Inf,-Inf,-Inf,-Inf,-Inf,-Inf,-Inf,1746,1746,-Inf,-Inf,-Inf,-Inf,-Inf,-Inf,-Inf,-Inf,-Inf,1746,1746,-Inf,-Inf,-Inf,-Inf,-Inf,-Inf,-Inf,-Inf,-Inf
1747,1747,-Inf,-Inf,-Inf,-Inf,-Inf,-Inf,-Inf,-Inf,-Inf,1747,1747,-Inf,-Inf,-Inf,-Inf,-Inf,-Inf,-Inf,-Inf,-Inf,1747,1747,-Inf,-Inf,-Inf,-Inf,-Inf,-Inf,-Inf,-Inf,-Inf
1748,1748,-Inf,-Inf,-Inf,-Inf,-Inf,-Inf,-Inf,-Inf,-Inf,1748,1748,-Inf,-Inf,-Inf,-Inf,-Inf,-Inf,-Inf,-Inf,-Inf,1748,1748,-Inf,-Inf,-Inf,-Inf,-Inf,-Inf,-Inf,-Inf,-Inf
1749,1749,-Inf,-Inf,-Inf,-Inf,-Inf,-Inf,-Inf,-Inf,-Inf,1749,1749,-Inf,-Inf,-Inf,-Inf,-Inf,-Inf,-Inf,-Inf,-Inf,1749,1749,-Inf,-Inf,-Inf,-Inf,-Inf,-Inf,-Inf,-Inf,-Inf
1750,1750,-Inf,-Inf,-Inf,-Inf,-Inf,-Inf,-Inf,-Inf,-Inf,1750,1750,-Inf,-Inf,-Inf,-Inf,-Inf,-Inf,-Inf,-Inf,-Inf,1750,1750,-Inf,-Inf,-Inf,-Inf,-Inf,-Inf,-Inf,-Inf,-Inf
1751,1751,-Inf,-Inf,-Inf,-Inf,-Inf,-Inf,-Inf,-Inf,-Inf,1751,1751,-Inf,-Inf,-Inf,-Inf,-Inf,-Inf,-Inf,-Inf,-Inf,1751,1751,-Inf,-Inf,-Inf,-Inf,-Inf,-Inf,-Inf,-Inf,-Inf
1752,1752,-Inf,-Inf,-Inf,-Inf,-Inf,-Inf,-Inf,-Inf,-Inf,1752,1752,-Inf,-Inf,-Inf,-Inf,-Inf,-Inf,-Inf,-Inf,-Inf,1752,1752,-Inf,-Inf,-Inf,-Inf,-Inf,-Inf,-Inf,-Inf,-Inf
1753,1753,-Inf,-Inf,-Inf,-Inf,-Inf,-Inf,-Inf,-Inf,-Inf,1753,1753,-Inf,-Inf,-Inf,-Inf,-Inf,-Inf,-Inf,-Inf,-Inf,1753,1753,-Inf,-Inf,-Inf,-Inf,-Inf,-Inf,-Inf,-Inf,-Inf
1754,1754,-Inf,-Inf,-Inf,-Inf,-Inf,-Inf,-Inf,-Inf,-Inf,1754,1754,-Inf,-Inf,-Inf,-Inf,-Inf,-Inf,-Inf,-Inf,-Inf,1754,1754,-Inf,-Inf,-Inf,-Inf,-Inf,-Inf,-Inf,-Inf,-Inf
1755,1755,-Inf,-Inf,-Inf,-Inf,-Inf,-Inf,-Inf,-Inf,-Inf,1755,1755,-Inf,-Inf,-Inf,-Inf,-Inf,-Inf,-Inf,-Inf,-Inf,1755,1755,-Inf,-Inf,-Inf,-Inf,-Inf,-Inf,-Inf,-Inf,-Inf
1756,1756,-Inf,-Inf,-Inf,-Inf,-Inf,-Inf,-Inf,-Inf,-Inf,1756,1756,-Inf,-Inf,-Inf,-Inf,-Inf,-Inf,-Inf,-Inf,-Inf,1756,1756,-Inf,-Inf,-Inf,-Inf,-Inf,-Inf,-Inf,-Inf,-Inf
1757,1757,-Inf,-Inf,-Inf,-Inf,-Inf,-Inf,-Inf,-Inf,-Inf,1757,1757,-Inf,-Inf,-Inf,-Inf,-Inf,-Inf,-Inf,-Inf,-Inf,1757,1757,-Inf,-Inf,-Inf,-Inf,-Inf,-Inf,-Inf,-Inf,-Inf
1758,1758,-Inf,-Inf,-Inf,-Inf,-Inf,-Inf,-Inf,-Inf,-Inf,1758,1758,-Inf,-Inf,-Inf,-Inf,-Inf,-Inf,-Inf,-Inf,-Inf,1758,1758,-Inf,-Inf,-Inf,-Inf,-Inf,-Inf,-Inf,-Inf,-Inf
1759,1759,-Inf,-Inf,-Inf,-Inf,-Inf,-Inf,-Inf,-Inf,-Inf,1759,1759,-Inf,-Inf,-Inf,-Inf,-Inf,-Inf,-Inf,-Inf,-Inf,1759,1759,-Inf,-Inf,-Inf,-Inf,-Inf,-Inf,-Inf,-Inf,-Inf
1760,1760,-Inf,-Inf,-Inf,-Inf,-Inf,-Inf,-Inf,-Inf,-Inf,1760,1760,-Inf,-Inf,-Inf,-Inf,-Inf,-Inf,-Inf,-Inf,-Inf,1760,1760,-Inf,-Inf,-Inf,-Inf,-Inf,-Inf,-Inf,-Inf,-Inf
1761,1761,-Inf,-Inf,-Inf,-Inf,-Inf,-Inf,-Inf,-Inf,-Inf,1761,1761,-Inf,-Inf,-Inf,-Inf,-Inf,-Inf,-Inf,-Inf,-Inf,1761,1761,-Inf,-Inf,-Inf,-Inf,-Inf,-Inf,-Inf,-Inf,-Inf
1762,1762,-Inf,-Inf,-Inf,-Inf,-Inf,-Inf,-Inf,-Inf,-Inf,1762,1762,-Inf,-Inf,-Inf,-Inf,-Inf,-Inf,-Inf,-Inf,-Inf,1762,1762,-Inf,-Inf,-Inf,-Inf,-Inf,-Inf,-Inf,-Inf,-Inf
1763,1763,-Inf,-Inf,-Inf,-Inf,-Inf,-Inf,-Inf,-Inf,-Inf,1763,1763,-Inf,-Inf,-Inf,-Inf,-Inf,-Inf,-Inf,-Inf,-Inf,1763,1763,-Inf,-Inf,-Inf,-Inf,-Inf,-Inf,-Inf,-Inf,-Inf
1764,1764,-Inf,-Inf,-Inf,-Inf,-Inf,-Inf,-Inf,-Inf,-Inf,1764,1764,-Inf,-Inf,-Inf,-Inf,-Inf,-Inf,-Inf,-Inf,-Inf,1764,1764,-Inf,-Inf,-Inf,-Inf,-Inf,-Inf,-Inf,-Inf,-Inf
1765,1765,-Inf,-Inf,-Inf,-Inf,-Inf,-Inf,-Inf,-Inf,-Inf,1765,1765,-Inf,-Inf,-Inf,-Inf,-Inf,-Inf,-Inf,-Inf,-Inf,1765,1765,-Inf,-Inf,-Inf,-Inf,-Inf,-Inf,-Inf,-Inf,-Inf
1766,1766,-Inf,-Inf,-Inf,-Inf,-Inf,-Inf,-Inf,-Inf,-Inf,1766,1766,-Inf,-Inf,-Inf,-Inf,-Inf,-Inf,-Inf,-Inf,-Inf,1766,1766,-Inf,-Inf,-Inf,-Inf,-Inf,-Inf,-Inf,-Inf,-Inf
1767,1767,-Inf,-Inf,-Inf,-Inf,-Inf,-Inf,-Inf,-Inf,-Inf,1767,1767,-Inf,-Inf,-Inf,-Inf,-Inf,-Inf,-Inf,-Inf,-Inf,1767,1767,-Inf,-Inf,-Inf,-Inf,-Inf,-Inf,-Inf,-Inf,-Inf
1768,1768,-Inf,-Inf,-Inf,-Inf,-Inf,-Inf,-Inf,-Inf,-Inf,1768,1768,-Inf,-Inf,-Inf,-Inf,-Inf,-Inf,-Inf,-Inf,-Inf,1768,1768,-Inf,-Inf,-Inf,-Inf,-Inf,-Inf,-Inf,-Inf,-Inf
1769,1769,-Inf,-Inf,-Inf,-Inf,-Inf,-Inf,-Inf,-Inf,-Inf,1769,1769,-Inf,-Inf,-Inf,-Inf,-Inf,-Inf,-Inf,-Inf,-Inf,1769,1769,-Inf,-Inf,-Inf,-Inf,-Inf,-Inf,-Inf,-Inf,-Inf
1770,1770,-Inf,-Inf,-Inf,-Inf,-Inf,-Inf,-Inf,-Inf,-Inf,1770,1770,-Inf,-Inf,-Inf,-Inf,-Inf,-Inf,-Inf,-Inf,-Inf,1770,1770,-Inf,-Inf,-Inf,-Inf,-Inf,-Inf,-Inf,-Inf,-Inf
1771,1771,-Inf,-Inf,-Inf,-Inf,-Inf,-Inf,-Inf,-Inf,-Inf,1771,1771,-Inf,-Inf,-Inf,-Inf,-Inf,-Inf,-Inf,-Inf,-Inf,1771,1771,-Inf,-Inf,-Inf,-Inf,-Inf,-Inf,-Inf,-Inf,-Inf
1772,1772,-Inf,-Inf,-Inf,-Inf,-Inf,-Inf,-Inf,-Inf,-Inf,1772,1772,-Inf,-Inf,-Inf,-Inf,-Inf,-Inf,-Inf,-Inf,-Inf,1772,1772,-Inf,-Inf,-Inf,-Inf,-Inf,-Inf,-Inf,-Inf,-Inf
1773,1773,-Inf,-Inf,-Inf,-Inf,-Inf,-Inf,-Inf,-Inf,-Inf,1773,1773,-Inf,-Inf,-Inf,-Inf,-Inf,-Inf,-Inf,-Inf,-Inf,1773,1773,-Inf,-Inf,-Inf,-Inf,-Inf,-Inf,-Inf,-Inf,-Inf
1774,1774,-Inf,-Inf,-Inf,-Inf,-Inf,-Inf,-Inf,-Inf,-Inf,1774,1774,-Inf,-Inf,-Inf,-Inf,-Inf,-Inf,-Inf,-Inf,-Inf,1774,1774,-Inf,-Inf,-Inf,-Inf,-Inf,-Inf,-Inf,-Inf,-Inf
1775,1775,-Inf,-Inf,-Inf,-Inf,-Inf,-Inf,-Inf,-Inf,-Inf,1775,1775,-Inf,-Inf,-Inf,-Inf,-Inf,-Inf,-Inf,-Inf,-Inf,1775,1775,-Inf,-Inf,-Inf,-Inf,-Inf,-Inf,-Inf,-Inf,-Inf
1776,1776,-Inf,-Inf,-Inf,-Inf,-Inf,-Inf,-Inf,-Inf,-Inf,1776,1776,-Inf,-Inf,-Inf,-Inf,-Inf,-Inf,-Inf,-Inf,-Inf,1776,1776,-Inf,-Inf,-Inf,-Inf,-Inf,-Inf,-Inf,-Inf,-Inf
1777,1777,-Inf,-Inf,-Inf,-Inf,-Inf,-Inf,-Inf,-Inf,-Inf,1777,1777,-Inf,-Inf,-Inf,-Inf,-Inf,-Inf,-Inf,-Inf,-Inf,1777,1777,-Inf,-Inf,-Inf,-Inf,-Inf,-Inf,-Inf,-Inf,-Inf
1778,1778,-Inf,-Inf,-Inf,-Inf,-Inf,-Inf,-Inf,-Inf,-Inf,1778,1778,-Inf,-Inf,-Inf,-Inf,-Inf,-Inf,-Inf,-Inf,-Inf,1778,1778,-Inf,-Inf,-Inf,-Inf,-Inf,-Inf,-Inf,-Inf,-Inf
1779,1779,-Inf,-Inf,-Inf,-Inf,-Inf,-Inf,-Inf,-Inf,-Inf,1779,1779,-Inf,-Inf,-Inf,-Inf,-Inf,-Inf,-Inf,-Inf,-Inf,1779,1779,-Inf,-Inf,-Inf,-Inf,-Inf,-Inf,-Inf,-Inf,-Inf
1780,1780,-Inf,-Inf,-Inf,-Inf,-Inf,-Inf,-Inf,-Inf,-Inf,1780,1780,-Inf,-Inf,-Inf,-Inf,-Inf,-Inf,-Inf,-Inf,-Inf,1780,1780,-Inf,-Inf,-Inf,-Inf,-Inf,-Inf,-Inf,-Inf,-Inf
1781,1781,-Inf,-Inf,-Inf,-Inf,-Inf,-Inf,-Inf,-Inf,-Inf,1781,1781,-Inf,-Inf,-Inf,-Inf,-Inf,-Inf,-Inf,-Inf,-Inf,1781,1781,-Inf,-Inf,-Inf,-Inf,-Inf,-Inf,-Inf,-Inf,-Inf
1782,1782,-Inf,-Inf,-Inf,-Inf,-Inf,-Inf,-Inf,-Inf,-Inf,1782,1782,-Inf,-Inf,-Inf,-Inf,-Inf,-Inf,-Inf,-Inf,-Inf,1782,1782,-Inf,-Inf,-Inf,-Inf,-Inf,-Inf,-Inf,-Inf,-Inf
1783,1783,-Inf,-Inf,-Inf,-Inf,-Inf,-Inf,-Inf,-Inf,-Inf,1783,1783,-Inf,-Inf,-Inf,-Inf,-Inf,-Inf,-Inf,-Inf,-Inf,1783,1783,-Inf,-Inf,-Inf,-Inf,-Inf,-Inf,-Inf,-Inf,-Inf
1784,1784,-Inf,-Inf,-Inf,-Inf,-Inf,-Inf,-Inf,-Inf,-Inf,1784,1784,-Inf,-Inf,-Inf,-Inf,-Inf,-Inf,-Inf,-Inf,-Inf,1784,1784,-Inf,-Inf,-Inf,-Inf,-Inf,-Inf,-Inf,-Inf,-Inf
1785,1785,-Inf,-Inf,-Inf,-Inf,-Inf,-Inf,-Inf,-Inf,-Inf,1785,1785,-Inf,-Inf,-Inf,-Inf,-Inf,-Inf,-Inf,-Inf,-Inf,1785,1785,-Inf,-Inf,-Inf,-Inf,-Inf,-Inf,-Inf,-Inf,-Inf
1786,1786,-Inf,-Inf,-Inf,-Inf,-Inf,-Inf,-Inf,-Inf,-Inf,1786,1786,-Inf,-Inf,-Inf,-Inf,-Inf,-Inf,-Inf,-Inf,-Inf,1786,1786,-Inf,-Inf,-Inf,-Inf,-Inf,-Inf,-Inf,-Inf,-Inf
1787,1787,-Inf,-Inf,-Inf,-Inf,-Inf,-Inf,-Inf,-Inf,-Inf,1787,1787,-Inf,-Inf,-Inf,-Inf,-Inf,-Inf,-Inf,-Inf,-Inf,1787,1787,-Inf,-Inf,-Inf,-Inf,-Inf,-Inf,-Inf,-Inf,-Inf
1788,1788,-Inf,-Inf,-Inf,-Inf,-Inf,-Inf,-Inf,-Inf,-Inf,1788,1788,-Inf,-Inf,-Inf,-Inf,-Inf,-Inf,-Inf,-Inf,-Inf,1788,1788,-Inf,-Inf,-Inf,-Inf,-Inf,-Inf,-Inf,-Inf,-Inf
1789,1789,-Inf,-Inf,-Inf,-Inf,-Inf,-Inf,-Inf,-Inf,-Inf,1789,1789,-Inf,-Inf,-Inf,-Inf,-Inf,-Inf,-Inf,-Inf,-Inf,1789,1789,-Inf,-Inf,-Inf,-Inf,-Inf,-Inf,-Inf,-Inf,-Inf
1790,1790,-Inf,-Inf,-Inf,-Inf,-Inf,-Inf,-Inf,-Inf,-Inf,1790,1790,-Inf,-Inf,-Inf,-Inf,-Inf,-Inf,-Inf,-Inf,-Inf,1790,1790,-Inf,-Inf,-Inf,-Inf,-Inf,-Inf,-Inf,-Inf,-Inf
1791,1791,-Inf,-Inf,-Inf,-Inf,-Inf,-Inf,-Inf,-Inf,-Inf,1791,1791,-Inf,-Inf,-Inf,-Inf,-Inf,-Inf,-Inf,-Inf,-Inf,1791,1791,-Inf,-Inf,-Inf,-Inf,-Inf,-Inf,-Inf,-Inf,-Inf
1792,1792,-Inf,-Inf,-Inf,-Inf,-Inf,-Inf,-Inf,-Inf,-Inf,1792,1792,-Inf,-Inf,-Inf,-Inf,-Inf,-Inf,-Inf,-Inf,-Inf,1792,1792,-Inf,-Inf,-Inf,-Inf,-Inf,-Inf,-Inf,-Inf,-Inf
1793,1793,-Inf,-Inf,-Inf,-Inf,-Inf,-Inf,-Inf,-Inf,-Inf,1793,1793,-Inf,-Inf,-Inf,-Inf,-Inf,-Inf,-Inf,-Inf,-Inf,1793,1793,-Inf,-Inf,-Inf,-Inf,-Inf,-Inf,-Inf,-Inf,-Inf
1794,1794,-Inf,-Inf,-Inf,-Inf,-Inf,-Inf,-Inf,-Inf,-Inf,1794,1794,-Inf,-Inf,-Inf,-Inf,-Inf,-Inf,-Inf,-Inf,-Inf,1794,1794,-Inf,-Inf,-Inf,-Inf,-Inf,-Inf,-Inf,-Inf,-Inf
1795,1795,-Inf,-Inf,-Inf,-Inf,-Inf,-Inf,-Inf,-Inf,-Inf,1795,1795,-Inf,-Inf,-Inf,-Inf,-Inf,-Inf,-Inf,-Inf,-Inf,1795,1795,-Inf,-Inf,-Inf,-Inf,-Inf,-Inf,-Inf,-Inf,-Inf
1796,1796,-Inf,-Inf,-Inf,-Inf,-Inf,-Inf,-Inf,-Inf,-Inf,1796,1796,-Inf,-Inf,-Inf,-Inf,-Inf,-Inf,-Inf,-Inf,-Inf,1796,1796,-Inf,-Inf,-Inf,-Inf,-Inf,-Inf,-Inf,-Inf,-Inf
1797,1797,-Inf,-Inf,-Inf,-Inf,-Inf,-Inf,-Inf,-Inf,-Inf,1797,1797,-Inf,-Inf,-Inf,-Inf,-Inf,-Inf,-Inf,-Inf,-Inf,1797,1797,-Inf,-Inf,-Inf,-Inf,-Inf,-Inf,-Inf,-Inf,-Inf
1798,1798,-Inf,-Inf,-Inf,-Inf,-Inf,-Inf,-Inf,-Inf,-Inf,1798,1798,-Inf,-Inf,-Inf,-Inf,-Inf,-Inf,-Inf,-Inf,-Inf,1798,1798,-Inf,-Inf,-Inf,-Inf,-Inf,-Inf,-Inf,-Inf,-Inf
1799,1799,-Inf,-Inf,-Inf,-Inf,-Inf,-Inf,-Inf,-Inf,-Inf,1799,1799,-Inf,-Inf,-Inf,-Inf,-Inf,-Inf,-Inf,-Inf,-Inf,1799,1799,-Inf,-Inf,-Inf,-Inf,-Inf,-Inf,-Inf,-Inf,-Inf
1800,1800,-Inf,-Inf,-Inf,-Inf,-Inf,-Inf,-Inf,-Inf,-Inf,1800,1800,-Inf,-Inf,-Inf,-Inf,-Inf,-Inf,-Inf,-Inf,-Inf,1800,1800,-Inf,-Inf,-Inf,-Inf,-Inf,-Inf,-Inf,-Inf,-Inf
1801,1801,-Inf,-Inf,-Inf,-Inf,-Inf,-Inf,-Inf,-Inf,-Inf,1801,1801,-Inf,-Inf,-Inf,-Inf,-Inf,-Inf,-Inf,-Inf,-Inf,1801,1801,-Inf,-Inf,-Inf,-Inf,-Inf,-Inf,-Inf,-Inf,-Inf
1802,1802,-Inf,-Inf,-Inf,-Inf,-Inf,-Inf,-Inf,-Inf,-Inf,1802,1802,-Inf,-Inf,-Inf,-Inf,-Inf,-Inf,-Inf,-Inf,-Inf,1802,1802,-Inf,-Inf,-Inf,-Inf,-Inf,-Inf,-Inf,-Inf,-Inf
1803,1803,-Inf,-Inf,-Inf,-Inf,-Inf,-Inf,-Inf,-Inf,-Inf,1803,1803,-Inf,-Inf,-Inf,-Inf,-Inf,-Inf,-Inf,-Inf,-Inf,1803,1803,-Inf,-Inf,-Inf,-Inf,-Inf,-Inf,-Inf,-Inf,-Inf
1804,1804,-Inf,-Inf,-Inf,-Inf,-Inf,-Inf,-Inf,-Inf,-Inf,1804,1804,-Inf,-Inf,-Inf,-Inf,-Inf,-Inf,-Inf,-Inf,-Inf,1804,1804,-Inf,-Inf,-Inf,-Inf,-Inf,-Inf,-Inf,-Inf,-Inf
1805,1805,-Inf,-Inf,-Inf,-Inf,-Inf,-Inf,-Inf,-Inf,-Inf,1805,1805,-Inf,-Inf,-Inf,-Inf,-Inf,-Inf,-Inf,-Inf,-Inf,1805,1805,-Inf,-Inf,-Inf,-Inf,-Inf,-Inf,-Inf,-Inf,-Inf
1806,1806,-Inf,-Inf,-Inf,-Inf,-Inf,-Inf,-Inf,-Inf,-Inf,1806,1806,-Inf,-Inf,-Inf,-Inf,-Inf,-Inf,-Inf,-Inf,-Inf,1806,1806,-Inf,-Inf,-Inf,-Inf,-Inf,-Inf,-Inf,-Inf,-Inf
1807,1807,-Inf,-Inf,-Inf,-Inf,-Inf,-Inf,-Inf,-Inf,-Inf,1807,1807,-Inf,-Inf,-Inf,-Inf,-Inf,-Inf,-Inf,-Inf,-Inf,1807,1807,-Inf,-Inf,-Inf,-Inf,-Inf,-Inf,-Inf,-Inf,-Inf
1808,1808,-Inf,-Inf,-Inf,-Inf,-Inf,-Inf,-Inf,-Inf,-Inf,1808,1808,-Inf,-Inf,-Inf,-Inf,-Inf,-Inf,-Inf,-Inf,-Inf,1808,1808,-Inf,-Inf,-Inf,-Inf,-Inf,-Inf,-Inf,-Inf,-Inf
1809,1809,-Inf,-Inf,-Inf,-Inf,-Inf,-Inf,-Inf,-Inf,-Inf,1809,1809,-Inf,-Inf,-Inf,-Inf,-Inf,-Inf,-Inf,-Inf,-Inf,1809,1809,-Inf,-Inf,-Inf,-Inf,-Inf,-Inf,-Inf,-Inf,-Inf
1810,1810,-Inf,-Inf,-Inf,-Inf,-Inf,-Inf,-Inf,-Inf,-Inf,1810,1810,-Inf,-Inf,-Inf,-Inf,-Inf,-Inf,-Inf,-Inf,-Inf,1810,1810,-Inf,-Inf,-Inf,-Inf,-Inf,-Inf,-Inf,-Inf,-Inf
1811,1811,-Inf,-Inf,-Inf,-Inf,-Inf,-Inf,-Inf,-Inf,-Inf,1811,1811,-Inf,-Inf,-Inf,-Inf,-Inf,-Inf,-Inf,-Inf,-Inf,1811,1811,-Inf,-Inf,-Inf,-Inf,-Inf,-Inf,-Inf,-Inf,-Inf
1812,1812,-Inf,-Inf,-Inf,-Inf,-Inf,-Inf,-Inf,-Inf,-Inf,1812,1812,-Inf,-Inf,-Inf,-Inf,-Inf,-Inf,-Inf,-Inf,-Inf,1812,1812,-Inf,-Inf,-Inf,-Inf,-Inf,-Inf,-Inf,-Inf,-Inf
1813,1813,-Inf,-Inf,-Inf,-Inf,-Inf,-Inf,-Inf,-Inf,-Inf,1813,1813,-Inf,-Inf,-Inf,-Inf,-Inf,-Inf,-Inf,-Inf,-Inf,1813,1813,-Inf,-Inf,-Inf,-Inf,-Inf,-Inf,-Inf,-Inf,-Inf
1814,1814,-Inf,-Inf,-Inf,-Inf,-Inf,-Inf,-Inf,-Inf,-Inf,1814,1814,-Inf,-Inf,-Inf,-Inf,-Inf,-Inf,-Inf,-Inf,-Inf,1814,1814,-Inf,-Inf,-Inf,-Inf,-Inf,-Inf,-Inf,-Inf,-Inf
1815,1815,-Inf,-Inf,-Inf,-Inf,-Inf,-Inf,-Inf,-Inf,-Inf,1815,1815,-Inf,-Inf,-Inf,-Inf,-Inf,-Inf,-Inf,-Inf,-Inf,1815,1815,-Inf,-Inf,-Inf,-Inf,-Inf,-Inf,-Inf,-Inf,-Inf
1816,1816,-Inf,-Inf,-Inf,-Inf,-Inf,-Inf,-Inf,-Inf,-Inf,1816,1816,-Inf,-Inf,-Inf,-Inf,-Inf,-Inf,-Inf,-Inf,-Inf,1816,1816,-Inf,-Inf,-Inf,-Inf,-Inf,-Inf,-Inf,-Inf,-Inf
1817,1817,-Inf,-Inf,-Inf,-Inf,-Inf,-Inf,-Inf,-Inf,-Inf,1817,1817,-Inf,-Inf,-Inf,-Inf,-Inf,-Inf,-Inf,-Inf,-Inf,1817,1817,-Inf,-Inf,-Inf,-Inf,-Inf,-Inf,-Inf,-Inf,-Inf
1818,1818,-Inf,-Inf,-Inf,-Inf,-Inf,-Inf,-Inf,-Inf,-Inf,1818,1818,-Inf,-Inf,-Inf,-Inf,-Inf,-Inf,-Inf,-Inf,-Inf,1818,1818,-Inf,-Inf,-Inf,-Inf,-Inf,-Inf,-Inf,-Inf,-Inf
1819,1819,-Inf,-Inf,-Inf,-Inf,-Inf,-Inf,-Inf,-Inf,-Inf,1819,1819,-Inf,-Inf,-Inf,-Inf,-Inf,-Inf,-Inf,-Inf,-Inf,1819,1819,-Inf,-Inf,-Inf,-Inf,-Inf,-Inf,-Inf,-Inf,-Inf
1820,1820,-Inf,-Inf,-Inf,-Inf,-Inf,-Inf,-Inf,-Inf,-Inf,1820,1820,-Inf,-Inf,-Inf,-Inf,-Inf,-Inf,-Inf,-Inf,-Inf,1820,1820,-Inf,-Inf,-Inf,-Inf,-Inf,-Inf,-Inf,-Inf,-Inf
1821,1821,-Inf,-Inf,-Inf,-Inf,-Inf,-Inf,-Inf,-Inf,-Inf,1821,1821,-Inf,-Inf,-Inf,-Inf,-Inf,-Inf,-Inf,-Inf,-Inf,1821,1821,-Inf,-Inf,-Inf,-Inf,-Inf,-Inf,-Inf,-Inf,-Inf
1822,1822,-Inf,-Inf,-Inf,-Inf,-Inf,-Inf,-Inf,-Inf,-Inf,1822,1822,-Inf,-Inf,-Inf,-Inf,-Inf,-Inf,-Inf,-Inf,-Inf,1822,1822,-Inf,-Inf,-Inf,-Inf,-Inf,-Inf,-Inf,-Inf,-Inf
1823,1823,-Inf,-Inf,-Inf,-Inf,-Inf,-Inf,-Inf,-Inf,-Inf,1823,1823,-Inf,-Inf,-Inf,-Inf,-Inf,-Inf,-Inf,-Inf,-Inf,1823,1823,-Inf,-Inf,-Inf,-Inf,-Inf,-Inf,-Inf,-Inf,-Inf
1824,1824,-Inf,-Inf,-Inf,-Inf,-Inf,-Inf,-Inf,-Inf,-Inf,1824,1824,-Inf,-Inf,-Inf,-Inf,-Inf,-Inf,-Inf,-Inf,-Inf,1824,1824,-Inf,-Inf,-Inf,-Inf,-Inf,-Inf,-Inf,-Inf,-Inf
1825,1825,-Inf,-Inf,-Inf,-Inf,-Inf,-Inf,-Inf,-Inf,-Inf,1825,1825,-Inf,-Inf,-Inf,-Inf,-Inf,-Inf,-Inf,-Inf,-Inf,1825,1825,-Inf,-Inf,-Inf,-Inf,-Inf,-Inf,-Inf,-Inf,-Inf
1826,1826,-Inf,-Inf,-Inf,-Inf,-Inf,-Inf,-Inf,-Inf,-Inf,1826,1826,-Inf,-Inf,-Inf,-Inf,-Inf,-Inf,-Inf,-Inf,-Inf,1826,1826,-Inf,-Inf,-Inf,-Inf,-Inf,-Inf,-Inf,-Inf,-Inf
1827,1827,-Inf,-Inf,-Inf,-Inf,-Inf,-Inf,-Inf,-Inf,-Inf,1827,1827,-Inf,-Inf,-Inf,-Inf,-Inf,-Inf,-Inf,-Inf,-Inf,1827,1827,-Inf,-Inf,-Inf,-Inf,-Inf,-Inf,-Inf,-Inf,-Inf
1828,1828,-Inf,-Inf,-Inf,-Inf,-Inf,-Inf,-Inf,-Inf,-Inf,1828,1828,-Inf,-Inf,-Inf,-Inf,-Inf,-Inf,-Inf,-Inf,-Inf,1828,1828,-Inf,-Inf,-Inf,-Inf,-Inf,-Inf,-Inf,-Inf,-Inf
1829,1829,-Inf,-Inf,-Inf,-Inf,-Inf,-Inf,-Inf,-Inf,-Inf,1829,1829,-Inf,-Inf,-Inf,-Inf,-Inf,-Inf,-Inf,-Inf,-Inf,1829,1829,-Inf,-Inf,-Inf,-Inf,-Inf,-Inf,-Inf,-Inf,-Inf
1830,1830,-Inf,-Inf,-Inf,-Inf,-Inf,-Inf,-Inf,-Inf,-Inf,1830,1830,-Inf,-Inf,-Inf,-Inf,-Inf,-Inf,-Inf,-Inf,-Inf,1830,1830,-Inf,-Inf,-Inf,-Inf,-Inf,-Inf,-Inf,-Inf,-Inf
1831,1831,-Inf,-Inf,-Inf,-Inf,-Inf,-Inf,-Inf,-Inf,-Inf,1831,1831,-Inf,-Inf,-Inf,-Inf,-Inf,-Inf,-Inf,-Inf,-Inf,1831,1831,-Inf,-Inf,-Inf,-Inf,-Inf,-Inf,-Inf,-Inf,-Inf
1832,1832,-Inf,-Inf,-Inf,-Inf,-Inf,-Inf,-Inf,-Inf,-Inf,1832,1832,-Inf,-Inf,-Inf,-Inf,-Inf,-Inf,-Inf,-Inf,-Inf,1832,1832,-Inf,-Inf,-Inf,-Inf,-Inf,-Inf,-Inf,-Inf,-Inf
1833,1833,-Inf,-Inf,-Inf,-Inf,-Inf,-Inf,-Inf,-Inf,-Inf,1833,1833,-Inf,-Inf,-Inf,-Inf,-Inf,-Inf,-Inf,-Inf,-Inf,1833,1833,-Inf,-Inf,-Inf,-Inf,-Inf,-Inf,-Inf,-Inf,-Inf
1834,1834,-Inf,-Inf,-Inf,-Inf,-Inf,-Inf,-Inf,-Inf,-Inf,1834,1834,-Inf,-Inf,-Inf,-Inf,-Inf,-Inf,-Inf,-Inf,-Inf,1834,1834,-Inf,-Inf,-Inf,-Inf,-Inf,-Inf,-Inf,-Inf,-Inf
1835,1835,-Inf,-Inf,-Inf,-Inf,-Inf,-Inf,-Inf,-Inf,-Inf,1835,1835,-Inf,-Inf,-Inf,-Inf,-Inf,-Inf,-Inf,-Inf,-Inf,1835,1835,-Inf,-Inf,-Inf,-Inf,-Inf,-Inf,-Inf,-Inf,-Inf
1836,1836,-Inf,-Inf,-Inf,-Inf,-Inf,-Inf,-Inf,-Inf,-Inf,1836,1836,-Inf,-Inf,-Inf,-Inf,-Inf,-Inf,-Inf,-Inf,-Inf,1836,1836,-Inf,-Inf,-Inf,-Inf,-Inf,-Inf,-Inf,-Inf,-Inf
1837,1837,-Inf,-Inf,-Inf,-Inf,-Inf,-Inf,-Inf,-Inf,-Inf,1837,1837,-Inf,-Inf,-Inf,-Inf,-Inf,-Inf,-Inf,-Inf,-Inf,1837,1837,-Inf,-Inf,-Inf,-Inf,-Inf,-Inf,-Inf,-Inf,-Inf
1838,1838,-Inf,-Inf,-Inf,-Inf,-Inf,-Inf,-Inf,-Inf,-Inf,1838,1838,-Inf,-Inf,-Inf,-Inf,-Inf,-Inf,-Inf,-Inf,-Inf,1838,1838,-Inf,-Inf,-Inf,-Inf,-Inf,-Inf,-Inf,-Inf,-Inf
1839,1839,-Inf,-Inf,-Inf,-Inf,-Inf,-Inf,-Inf,-Inf,-Inf,1839,1839,-Inf,-Inf,-Inf,-Inf,-Inf,-Inf,-Inf,-Inf,-Inf,1839,1839,-Inf,-Inf,-Inf,-Inf,-Inf,-Inf,-Inf,-Inf,-Inf
1840,1840,-Inf,-Inf,-Inf,-Inf,-Inf,-Inf,-Inf,-Inf,-Inf,1840,1840,-Inf,-Inf,-Inf,-Inf,-Inf,-Inf,-Inf,-Inf,-Inf,1840,1840,-Inf,-Inf,-Inf,-Inf,-Inf,-Inf,-Inf,-Inf,-Inf
1841,1841,-Inf,-Inf,-Inf,-Inf,-Inf,-Inf,-Inf,-Inf,-Inf,1841,1841,-Inf,-Inf,-Inf,-Inf,-Inf,-Inf,-Inf,-Inf,-Inf,1841,1841,-Inf,-Inf,-Inf,-Inf,-Inf,-Inf,-Inf,-Inf,-Inf
1842,1842,-Inf,-Inf,-Inf,-Inf,-Inf,-Inf,-Inf,-Inf,-Inf,1842,1842,-Inf,-Inf,-Inf,-Inf,-Inf,-Inf,-Inf,-Inf,-Inf,1842,1842,-Inf,-Inf,-Inf,-Inf,-Inf,-Inf,-Inf,-Inf,-Inf
1843,1843,-Inf,-Inf,-Inf,-Inf,-Inf,-Inf,-Inf,-Inf,-Inf,1843,1843,-Inf,-Inf,-Inf,-Inf,-Inf,-Inf,-Inf,-Inf,-Inf,1843,1843,-Inf,-Inf,-Inf,-Inf,-Inf,-Inf,-Inf,-Inf,-Inf
1844,1844,-Inf,-Inf,-Inf,-Inf,-Inf,-Inf,-Inf,-Inf,-Inf,1844,1844,-Inf,-Inf,-Inf,-Inf,-Inf,-Inf,-Inf,-Inf,-Inf,1844,1844,-Inf,-Inf,-Inf,-Inf,-Inf,-Inf,-Inf,-Inf,-Inf
1845,1845,-Inf,-Inf,-Inf,-Inf,-Inf,-Inf,-Inf,-Inf,-Inf,1845,1845,-Inf,-Inf,-Inf,-Inf,-Inf,-Inf,-Inf,-Inf,-Inf,1845,1845,-Inf,-Inf,-Inf,-Inf,-Inf,-Inf,-Inf,-Inf,-Inf
1846,1846,-Inf,-Inf,-Inf,-Inf,-Inf,-Inf,-Inf,-Inf,-Inf,1846,1846,-Inf,-Inf,-Inf,-Inf,-Inf,-Inf,-Inf,-Inf,-Inf,1846,1846,-Inf,-Inf,-Inf,-Inf,-Inf,-Inf,-Inf,-Inf,-Inf
1847,1847,-Inf,-Inf,-Inf,-Inf,-Inf,-Inf,-Inf,-Inf,-Inf,1847,1847,-Inf,-Inf,-Inf,-Inf,-Inf,-Inf,-Inf,-Inf,-Inf,1847,1847,-Inf,-Inf,-Inf,-Inf,-Inf,-Inf,-Inf,-Inf,-Inf
1848,1848,-Inf,-Inf,-Inf,-Inf,-Inf,-Inf,-Inf,-Inf,-Inf,1848,1848,-Inf,-Inf,-Inf,-Inf,-Inf,-Inf,-Inf,-Inf,-Inf,1848,1848,-Inf,-Inf,-Inf,-Inf,-Inf,-Inf,-Inf,-Inf,-Inf
1849,1849,-Inf,-Inf,-Inf,-Inf,-Inf,-Inf,-Inf,-Inf,-Inf,1849,1849,-Inf,-Inf,-Inf,-Inf,-Inf,-Inf,-Inf,-Inf,-Inf,1849,1849,-Inf,-Inf,-Inf,-Inf,-Inf,-Inf,-Inf,-Inf,-Inf
1850,1850,-Inf,-Inf,-Inf,-Inf,-Inf,-Inf,-Inf,-Inf,-Inf,1850,1850,-Inf,-Inf,-Inf,-Inf,-Inf,-Inf,-Inf,-Inf,-Inf,1850,1850,-Inf,-Inf,-Inf,-Inf,-Inf,-Inf,-Inf,-Inf,-Inf
1851,1851,-Inf,-Inf,-Inf,-Inf,-Inf,-Inf,-Inf,-Inf,-Inf,1851,1851,-Inf,-Inf,-Inf,-Inf,-Inf,-Inf,-Inf,-Inf,-Inf,1851,1851,-Inf,-Inf,-Inf,-Inf,-Inf,-Inf,-Inf,-Inf,-Inf
1852,1852,-Inf,-Inf,-Inf,-Inf,-Inf,-Inf,-Inf,-Inf,-Inf,1852,1852,-Inf,-Inf,-Inf,-Inf,-Inf,-Inf,-Inf,-Inf,-Inf,1852,1852,-Inf,-Inf,-Inf,-Inf,-Inf,-Inf,-Inf,-Inf,-Inf
1853,1853,-Inf,-Inf,-Inf,-Inf,-Inf,-Inf,-Inf,-Inf,-Inf,1853,1853,-Inf,-Inf,-Inf,-Inf,-Inf,-Inf,-Inf,-Inf,-Inf,1853,1853,-Inf,-Inf,-Inf,-Inf,-Inf,-Inf,-Inf,-Inf,-Inf
1854,1854,-Inf,-Inf,-Inf,-Inf,-Inf,-Inf,-Inf,-Inf,-Inf,1854,1854,-Inf,-Inf,-Inf,-Inf,-Inf,-Inf,-Inf,-Inf,-Inf,1854,1854,-Inf,-Inf,-Inf,-Inf,-Inf,-Inf,-Inf,-Inf,-Inf
1855,1855,-Inf,-Inf,-Inf,-Inf,-Inf,-Inf,-Inf,-Inf,-Inf,1855,1855,-Inf,-Inf,-Inf,-Inf,-Inf,-Inf,-Inf,-Inf,-Inf,1855,1855,-Inf,-Inf,-Inf,-Inf,-Inf,-Inf,-Inf,-Inf,-Inf
1856,1856,-Inf,-Inf,-Inf,-Inf,-Inf,-Inf,-Inf,-Inf,-Inf,1856,1856,-Inf,-Inf,-Inf,-Inf,-Inf,-Inf,-Inf,-Inf,-Inf,1856,1856,-Inf,-Inf,-Inf,-Inf,-Inf,-Inf,-Inf,-Inf,-Inf
1857,1857,-Inf,-Inf,-Inf,-Inf,-Inf,-Inf,-Inf,-Inf,-Inf,1857,1857,-Inf,-Inf,-Inf,-Inf,-Inf,-Inf,-Inf,-Inf,-Inf,1857,1857,-Inf,-Inf,-Inf,-Inf,-Inf,-Inf,-Inf,-Inf,-Inf
1858,1858,-Inf,-Inf,-Inf,-Inf,-Inf,-Inf,-Inf,-Inf,-Inf,1858,1858,-Inf,-Inf,-Inf,-Inf,-Inf,-Inf,-Inf,-Inf,-Inf,1858,1858,-Inf,-Inf,-Inf,-Inf,-Inf,-Inf,-Inf,-Inf,-Inf
1859,1859,-Inf,-Inf,-Inf,-Inf,-Inf,-Inf,-Inf,-Inf,-Inf,1859,1859,-Inf,-Inf,-Inf,-Inf,-Inf,-Inf,-Inf,-Inf,-Inf,1859,1859,-Inf,-Inf,-Inf,-Inf,-Inf,-Inf,-Inf,-Inf,-Inf
1860,1860,-Inf,-Inf,-Inf,-Inf,-Inf,-Inf,-Inf,-Inf,-Inf,1860,1860,-Inf,-Inf,-Inf,-Inf,-Inf,-Inf,-Inf,-Inf,-Inf,1860,1860,-Inf,-Inf,-Inf,-Inf,-Inf,-Inf,-Inf,-Inf,-Inf
1861,1861,-Inf,-Inf,-Inf,-Inf,-Inf,-Inf,-Inf,-Inf,-Inf,1861,1861,-Inf,-Inf,-Inf,-Inf,-Inf,-Inf,-Inf,-Inf,-Inf,1861,1861,-Inf,-Inf,-Inf,-Inf,-Inf,-Inf,-Inf,-Inf,-Inf
1862,1862,-Inf,-Inf,-Inf,-Inf,-Inf,-Inf,-Inf,-Inf,-Inf,1862,1862,-Inf,-Inf,-Inf,-Inf,-Inf,-Inf,-Inf,-Inf,-Inf,1862,1862,-Inf,-Inf,-Inf,-Inf,-Inf,-Inf,-Inf,-Inf,-Inf
1863,1863,-Inf,-Inf,-Inf,-Inf,-Inf,-Inf,-Inf,-Inf,-Inf,1863,1863,-Inf,-Inf,-Inf,-Inf,-Inf,-Inf,-Inf,-Inf,-Inf,1863,1863,-Inf,-Inf,-Inf,-Inf,-Inf,-Inf,-Inf,-Inf,-Inf
1864,1864,-Inf,-Inf,-Inf,-Inf,-Inf,-Inf,-Inf,-Inf,-Inf,1864,1864,-Inf,-Inf,-Inf,-Inf,-Inf,-Inf,-Inf,-Inf,-Inf,1864,1864,-Inf,-Inf,-Inf,-Inf,-Inf,-Inf,-Inf,-Inf,-Inf
1865,1865,-Inf,-Inf,-Inf,-Inf,-Inf,-Inf,-Inf,-Inf,-Inf,1865,1865,-Inf,-Inf,-Inf,-Inf,-Inf,-Inf,-Inf,-Inf,-Inf,1865,1865,-Inf,-Inf,-Inf,-Inf,-Inf,-Inf,-Inf,-Inf,-Inf
1866,1866,-Inf,-Inf,-Inf,-Inf,-Inf,-Inf,-Inf,-Inf,-Inf,1866,1866,-Inf,-Inf,-Inf,-Inf,-Inf,-Inf,-Inf,-Inf,-Inf,1866,1866,-Inf,-Inf,-Inf,-Inf,-Inf,-Inf,-Inf,-Inf,-Inf
1867,1867,-Inf,-Inf,-Inf,-Inf,-Inf,-Inf,-Inf,-Inf,-Inf,1867,1867,-Inf,-Inf,-Inf,-Inf,-Inf,-Inf,-Inf,-Inf,-Inf,1867,1867,-Inf,-Inf,-Inf,-Inf,-Inf,-Inf,-Inf,-Inf,-Inf
1868,1868,-Inf,-Inf,-Inf,-Inf,-Inf,-Inf,-Inf,-Inf,-Inf,1868,1868,-Inf,-Inf,-Inf,-Inf,-Inf,-Inf,-Inf,-Inf,-Inf,1868,1868,-Inf,-Inf,-Inf,-Inf,-Inf,-Inf,-Inf,-Inf,-Inf
1869,1869,-Inf,-Inf,-Inf,-Inf,-Inf,-Inf,-Inf,-Inf,-Inf,1869,1869,-Inf,-Inf,-Inf,-Inf,-Inf,-Inf,-Inf,-Inf,-Inf,1869,1869,-Inf,-Inf,-Inf,-Inf,-Inf,-Inf,-Inf,-Inf,-Inf
1870,1870,-Inf,-Inf,-Inf,-Inf,-Inf,-Inf,-Inf,-Inf,-Inf,1870,1870,-Inf,-Inf,-Inf,-Inf,-Inf,-Inf,-Inf,-Inf,-Inf,1870,1870,-Inf,-Inf,-Inf,-Inf,-Inf,-Inf,-Inf,-Inf,-Inf
1871,1871,-Inf,-Inf,-Inf,-Inf,-Inf,-Inf,-Inf,-Inf,-Inf,1871,1871,-Inf,-Inf,-Inf,-Inf,-Inf,-Inf,-Inf,-Inf,-Inf,1871,1871,-Inf,-Inf,-Inf,-Inf,-Inf,-Inf,-Inf,-Inf,-Inf
1872,1872,-Inf,-Inf,-Inf,-Inf,-Inf,-Inf,-Inf,-Inf,-Inf,1872,1872,-Inf,-Inf,-Inf,-Inf,-Inf,-Inf,-Inf,-Inf,-Inf,1872,1872,-Inf,-Inf,-Inf,-Inf,-Inf,-Inf,-Inf,-Inf,-Inf
1873,1873,-Inf,-Inf,-Inf,-Inf,-Inf,-Inf,-Inf,-Inf,-Inf,1873,1873,-Inf,-Inf,-Inf,-Inf,-Inf,-Inf,-Inf,-Inf,-Inf,1873,1873,-Inf,-Inf,-Inf,-Inf,-Inf,-Inf,-Inf,-Inf,-Inf
1874,1874,-Inf,-Inf,-Inf,-Inf,-Inf,-Inf,-Inf,-Inf,-Inf,1874,1874,-Inf,-Inf,-Inf,-Inf,-Inf,-Inf,-Inf,-Inf,-Inf,1874,1874,-Inf,-Inf,-Inf,-Inf,-Inf,-Inf,-Inf,-Inf,-Inf
1875,1875,-Inf,-Inf,-Inf,-Inf,-Inf,-Inf,-Inf,-Inf,-Inf,1875,1875,-Inf,-Inf,-Inf,-Inf,-Inf,-Inf,-Inf,-Inf,-Inf,1875,1875,-Inf,-Inf,-Inf,-Inf,-Inf,-Inf,-Inf,-Inf,-Inf
1876,1876,-Inf,-Inf,-Inf,-Inf,-Inf,-Inf,-Inf,-Inf,-Inf,1876,1876,-Inf,-Inf,-Inf,-Inf,-Inf,-Inf,-Inf,-Inf,-Inf,1876,1876,-Inf,-Inf,-Inf,-Inf,-Inf,-Inf,-Inf,-Inf,-Inf
1877,1877,-Inf,-Inf,-Inf,-Inf,-Inf,-Inf,-Inf,-Inf,-Inf,1877,1877,-Inf,-Inf,-Inf,-Inf,-Inf,-Inf,-Inf,-Inf,-Inf,1877,1877,-Inf,-Inf,-Inf,-Inf,-Inf,-Inf,-Inf,-Inf,-Inf
1878,1878,-Inf,-Inf,-Inf,-Inf,-Inf,-Inf,-Inf,-Inf,-Inf,1878,1878,-Inf,-Inf,-Inf,-Inf,-Inf,-Inf,-Inf,-Inf,-Inf,1878,1878,-Inf,-Inf,-Inf,-Inf,-Inf,-Inf,-Inf,-Inf,-Inf
1879,1879,-Inf,-Inf,-Inf,-Inf,-Inf,-Inf,-Inf,-Inf,-Inf,1879,1879,-Inf,-Inf,-Inf,-Inf,-Inf,-Inf,-Inf,-Inf,-Inf,1879,1879,-Inf,-Inf,-Inf,-Inf,-Inf,-Inf,-Inf,-Inf,-Inf
1880,1880,-Inf,-Inf,-Inf,-Inf,-Inf,-Inf,-Inf,-Inf,-Inf,1880,1880,-Inf,-Inf,-Inf,-Inf,-Inf,-Inf,-Inf,-Inf,-Inf,1880,1880,-Inf,-Inf,-Inf,-Inf,-Inf,-Inf,-Inf,-Inf,-Inf
1881,1881,-Inf,-Inf,-Inf,-Inf,-Inf,-Inf,-Inf,-Inf,-Inf,1881,1881,-Inf,-Inf,-Inf,-Inf,-Inf,-Inf,-Inf,-Inf,-Inf,1881,1881,-Inf,-Inf,-Inf,-Inf,-Inf,-Inf,-Inf,-Inf,-Inf
1882,1882,-Inf,-Inf,-Inf,-Inf,-Inf,-Inf,-Inf,-Inf,-Inf,1882,1882,-Inf,-Inf,-Inf,-Inf,-Inf,-Inf,-Inf,-Inf,-Inf,1882,1882,-Inf,-Inf,-Inf,-Inf,-Inf,-Inf,-Inf,-Inf,-Inf
1883,1883,-Inf,-Inf,-Inf,-Inf,-Inf,-Inf,-Inf,-Inf,-Inf,1883,1883,-Inf,-Inf,-Inf,-Inf,-Inf,-Inf,-Inf,-Inf,-Inf,1883,1883,-Inf,-Inf,-Inf,-Inf,-Inf,-Inf,-Inf,-Inf,-Inf
1884,1884,-Inf,-Inf,-Inf,-Inf,-Inf,-Inf,-Inf,-Inf,-Inf,1884,1884,-Inf,-Inf,-Inf,-Inf,-Inf,-Inf,-Inf,-Inf,-Inf,1884,1884,-Inf,-Inf,-Inf,-Inf,-Inf,-Inf,-Inf,-Inf,-Inf
1885,1885,-Inf,-Inf,-Inf,-Inf,-Inf,-Inf,-Inf,-Inf,-Inf,1885,1885,-Inf,-Inf,-Inf,-Inf,-Inf,-Inf,-Inf,-Inf,-Inf,1885,1885,-Inf,-Inf,-Inf,-Inf,-Inf,-Inf,-Inf,-Inf,-Inf
1886,1886,-Inf,-Inf,-Inf,-Inf,-Inf,-Inf,-Inf,-Inf,-Inf,1886,1886,-Inf,-Inf,-Inf,-Inf,-Inf,-Inf,-Inf,-Inf,-Inf,1886,1886,-Inf,-Inf,-Inf,-Inf,-Inf,-Inf,-Inf,-Inf,-Inf
1887,1887,-Inf,-Inf,-Inf,-Inf,-Inf,-Inf,-Inf,-Inf,-Inf,1887,1887,-Inf,-Inf,-Inf,-Inf,-Inf,-Inf,-Inf,-Inf,-Inf,1887,1887,-Inf,-Inf,-Inf,-Inf,-Inf,-Inf,-Inf,-Inf,-Inf
1888,1888,-Inf,-Inf,-Inf,-Inf,-Inf,-Inf,-Inf,-Inf,-Inf,1888,1888,-Inf,-Inf,-Inf,-Inf,-Inf,-Inf,-Inf,-Inf,-Inf,1888,1888,-Inf,-Inf,-Inf,-Inf,-Inf,-Inf,-Inf,-Inf,-Inf
1889,1889,-Inf,-Inf,-Inf,-Inf,-Inf,-Inf,-Inf,-Inf,-Inf,1889,1889,-Inf,-Inf,-Inf,-Inf,-Inf,-Inf,-Inf,-Inf,-Inf,1889,1889,-Inf,-Inf,-Inf,-Inf,-Inf,-Inf,-Inf,-Inf,-Inf
1890,1890,-Inf,-Inf,-Inf,-Inf,-Inf,-Inf,-Inf,-Inf,-Inf,1890,1890,-Inf,-Inf,-Inf,-Inf,-Inf,-Inf,-Inf,-Inf,-Inf,1890,1890,-Inf,-Inf,-Inf,-Inf,-Inf,-Inf,-Inf,-Inf,-Inf
1891,1891,-Inf,-Inf,-Inf,-Inf,-Inf,-Inf,-Inf,-Inf,-Inf,1891,1891,-Inf,-Inf,-Inf,-Inf,-Inf,-Inf,-Inf,-Inf,-Inf,1891,1891,-Inf,-Inf,-Inf,-Inf,-Inf,-Inf,-Inf,-Inf,-Inf
1892,1892,-Inf,-Inf,-Inf,-Inf,-Inf,-Inf,-Inf,-Inf,-Inf,1892,1892,-Inf,-Inf,-Inf,-Inf,-Inf,-Inf,-Inf,-Inf,-Inf,1892,1892,-Inf,-Inf,-Inf,-Inf,-Inf,-Inf,-Inf,-Inf,-Inf
1893,1893,-Inf,-Inf,-Inf,-Inf,-Inf,-Inf,-Inf,-Inf,-Inf,1893,1893,-Inf,-Inf,-Inf,-Inf,-Inf,-Inf,-Inf,-Inf,-Inf,1893,1893,-Inf,-Inf,-Inf,-Inf,-Inf,-Inf,-Inf,-Inf,-Inf
1894,1894,-Inf,-Inf,-Inf,-Inf,-Inf,-Inf,-Inf,-Inf,-Inf,1894,1894,-Inf,-Inf,-Inf,-Inf,-Inf,-Inf,-Inf,-Inf,-Inf,1894,1894,-Inf,-Inf,-Inf,-Inf,-Inf,-Inf,-Inf,-Inf,-Inf
1895,1895,-Inf,-Inf,-Inf,-Inf,-Inf,-Inf,-Inf,-Inf,-Inf,1895,1895,-Inf,-Inf,-Inf,-Inf,-Inf,-Inf,-Inf,-Inf,-Inf,1895,1895,-Inf,-Inf,-Inf,-Inf,-Inf,-Inf,-Inf,-Inf,-Inf
1896,1896,-Inf,-Inf,-Inf,-Inf,-Inf,-Inf,-Inf,-Inf,-Inf,1896,1896,-Inf,-Inf,-Inf,-Inf,-Inf,-Inf,-Inf,-Inf,-Inf,1896,1896,-Inf,-Inf,-Inf,-Inf,-Inf,-Inf,-Inf,-Inf,-Inf
1897,1897,-Inf,-Inf,-Inf,-Inf,-Inf,-Inf,-Inf,-Inf,-Inf,1897,1897,-Inf,-Inf,-Inf,-Inf,-Inf,-Inf,-Inf,-Inf,-Inf,1897,1897,-Inf,-Inf,-Inf,-Inf,-Inf,-Inf,-Inf,-Inf,-Inf
1898,1898,-Inf,-Inf,-Inf,-Inf,-Inf,-Inf,-Inf,-Inf,-Inf,1898,1898,-Inf,-Inf,-Inf,-Inf,-Inf,-Inf,-Inf,-Inf,-Inf,1898,1898,-Inf,-Inf,-Inf,-Inf,-Inf,-Inf,-Inf,-Inf,-Inf
1899,1899,-Inf,-Inf,-Inf,-Inf,-Inf,-Inf,-Inf,-Inf,-Inf,1899,1899,-Inf,-Inf,-Inf,-Inf,-Inf,-Inf,-Inf,-Inf,-Inf,1899,1899,-Inf,-Inf,-Inf,-Inf,-Inf,-Inf,-Inf,-Inf,-Inf
1900,1900,-Inf,-Inf,-Inf,-Inf,-Inf,-Inf,-Inf,-Inf,-Inf,1900,1900,-Inf,-Inf,-Inf,-Inf,-Inf,-Inf,-Inf,-Inf,-Inf,1900,1900,-Inf,-Inf,-Inf,-Inf,-Inf,-Inf,-Inf,-Inf,-Inf
1901,1901,-Inf,-Inf,-Inf,-Inf,-Inf,-Inf,-Inf,-Inf,-Inf,1901,1901,-Inf,-Inf,-Inf,-Inf,-Inf,-Inf,-Inf,-Inf,-Inf,1901,1901,-Inf,-Inf,-Inf,-Inf,-Inf,-Inf,-Inf,-Inf,-Inf
1902,1902,-Inf,-Inf,-Inf,-Inf,-Inf,-Inf,-Inf,-Inf,-Inf,1902,1902,-Inf,-Inf,-Inf,-Inf,-Inf,-Inf,-Inf,-Inf,-Inf,1902,1902,-Inf,-Inf,-Inf,-Inf,-Inf,-Inf,-Inf,-Inf,-Inf
1903,1903,-Inf,-Inf,-Inf,-Inf,-Inf,-Inf,-Inf,-Inf,-Inf,1903,1903,-Inf,-Inf,-Inf,-Inf,-Inf,-Inf,-Inf,-Inf,-Inf,1903,1903,-Inf,-Inf,-Inf,-Inf,-Inf,-Inf,-Inf,-Inf,-Inf
1904,1904,-Inf,-Inf,-Inf,-Inf,-Inf,-Inf,-Inf,-Inf,-Inf,1904,1904,-Inf,-Inf,-Inf,-Inf,-Inf,-Inf,-Inf,-Inf,-Inf,1904,1904,-Inf,-Inf,-Inf,-Inf,-Inf,-Inf,-Inf,-Inf,-Inf
1905,1905,-Inf,-Inf,-Inf,-Inf,-Inf,-Inf,-Inf,-Inf,-Inf,1905,1905,-Inf,-Inf,-Inf,-Inf,-Inf,-Inf,-Inf,-Inf,-Inf,1905,1905,-Inf,-Inf,-Inf,-Inf,-Inf,-Inf,-Inf,-Inf,-Inf
1906,1906,-Inf,-Inf,-Inf,-Inf,-Inf,-Inf,-Inf,-Inf,-Inf,1906,1906,-Inf,-Inf,-Inf,-Inf,-Inf,-Inf,-Inf,-Inf,-Inf,1906,1906,-Inf,-Inf,-Inf,-Inf,-Inf,-Inf,-Inf,-Inf,-Inf
1907,1907,-Inf,-Inf,-Inf,-Inf,-Inf,-Inf,-Inf,-Inf,-Inf,1907,1907,-Inf,-Inf,-Inf,-Inf,-Inf,-Inf,-Inf,-Inf,-Inf,1907,1907,-Inf,-Inf,-Inf,-Inf,-Inf,-Inf,-Inf,-Inf,-Inf
1908,1908,-Inf,-Inf,-Inf,-Inf,-Inf,-Inf,-Inf,-Inf,-Inf,1908,1908,-Inf,-Inf,-Inf,-Inf,-Inf,-Inf,-Inf,-Inf,-Inf,1908,1908,-Inf,-Inf,-Inf,-Inf,-Inf,-Inf,-Inf,-Inf,-Inf
1909,1909,-Inf,-Inf,-Inf,-Inf,-Inf,-Inf,-Inf,-Inf,-Inf,1909,1909,-Inf,-Inf,-Inf,-Inf,-Inf,-Inf,-Inf,-Inf,-Inf,1909,1909,-Inf,-Inf,-Inf,-Inf,-Inf,-Inf,-Inf,-Inf,-Inf
1910,1910,-Inf,-Inf,-Inf,-Inf,-Inf,-Inf,-Inf,-Inf,-Inf,1910,1910,-Inf,-Inf,-Inf,-Inf,-Inf,-Inf,-Inf,-Inf,-Inf,1910,1910,-Inf,-Inf,-Inf,-Inf,-Inf,-Inf,-Inf,-Inf,-Inf
1911,1911,-Inf,-Inf,-Inf,-Inf,-Inf,-Inf,-Inf,-Inf,-Inf,1911,1911,-Inf,-Inf,-Inf,-Inf,-Inf,-Inf,-Inf,-Inf,-Inf,1911,1911,-Inf,-Inf,-Inf,-Inf,-Inf,-Inf,-Inf,-Inf,-Inf
1912,1912,-Inf,-Inf,-Inf,-Inf,-Inf,-Inf,-Inf,-Inf,-Inf,1912,1912,-Inf,-Inf,-Inf,-Inf,-Inf,-Inf,-Inf,-Inf,-Inf,1912,1912,-Inf,-Inf,-Inf,-Inf,-Inf,-Inf,-Inf,-Inf,-Inf
1913,1913,-Inf,-Inf,-Inf,-Inf,-Inf,-Inf,-Inf,-Inf,-Inf,1913,1913,-Inf,-Inf,-Inf,-Inf,-Inf,-Inf,-Inf,-Inf,-Inf,1913,1913,-Inf,-Inf,-Inf,-Inf,-Inf,-Inf,-Inf,-Inf,-Inf
1914,1914,-Inf,-Inf,-Inf,-Inf,-Inf,-Inf,-Inf,-Inf,-Inf,1914,1914,-Inf,-Inf,-Inf,-Inf,-Inf,-Inf,-Inf,-Inf,-Inf,1914,1914,-Inf,-Inf,-Inf,-Inf,-Inf,-Inf,-Inf,-Inf,-Inf
1915,1915,-Inf,-Inf,-Inf,-Inf,-Inf,-Inf,-Inf,-Inf,-Inf,1915,1915,-Inf,-Inf,-Inf,-Inf,-Inf,-Inf,-Inf,-Inf,-Inf,1915,1915,-Inf,-Inf,-Inf,-Inf,-Inf,-Inf,-Inf,-Inf,-Inf
1916,1916,-Inf,-Inf,-Inf,-Inf,-Inf,-Inf,-Inf,-Inf,-Inf,1916,1916,-Inf,-Inf,-Inf,-Inf,-Inf,-Inf,-Inf,-Inf,-Inf,1916,1916,-Inf,-Inf,-Inf,-Inf,-Inf,-Inf,-Inf,-Inf,-Inf
1917,1917,-Inf,-Inf,-Inf,-Inf,-Inf,-Inf,-Inf,-Inf,-Inf,1917,1917,-Inf,-Inf,-Inf,-Inf,-Inf,-Inf,-Inf,-Inf,-Inf,1917,1917,-Inf,-Inf,-Inf,-Inf,-Inf,-Inf,-Inf,-Inf,-Inf
1918,1918,-Inf,-Inf,-Inf,-Inf,-Inf,-Inf,-Inf,-Inf,-Inf,1918,1918,-Inf,-Inf,-Inf,-Inf,-Inf,-Inf,-Inf,-Inf,-Inf,1918,1918,-Inf,-Inf,-Inf,-Inf,-Inf,-Inf,-Inf,-Inf,-Inf
1919,1919,-Inf,-Inf,-Inf,-Inf,-Inf,-Inf,-Inf,-Inf,-Inf,1919,1919,-Inf,-Inf,-Inf,-Inf,-Inf,-Inf,-Inf,-Inf,-Inf,1919,1919,-Inf,-Inf,-Inf,-Inf,-Inf,-Inf,-Inf,-Inf,-Inf
1920,1920,-Inf,-Inf,-Inf,-Inf,-Inf,-Inf,-Inf,-Inf,-Inf,1920,1920,-Inf,-Inf,-Inf,-Inf,-Inf,-Inf,-Inf,-Inf,-Inf,1920,1920,-Inf,-Inf,-Inf,-Inf,-Inf,-Inf,-Inf,-Inf,-Inf
1921,1921,-Inf,-Inf,-Inf,-Inf,-Inf,-Inf,-Inf,-Inf,-Inf,1921,1921,-Inf,-Inf,-Inf,-Inf,-Inf,-Inf,-Inf,-Inf,-Inf,1921,1921,-Inf,-Inf,-Inf,-Inf,-Inf,-Inf,-Inf,-Inf,-Inf
1922,1922,-Inf,-Inf,-Inf,-Inf,-Inf,-Inf,-Inf,-Inf,-Inf,1922,1922,-Inf,-Inf,-Inf,-Inf,-Inf,-Inf,-Inf,-Inf,-Inf,1922,1922,-Inf,-Inf,-Inf,-Inf,-Inf,-Inf,-Inf,-Inf,-Inf
1923,1923,-Inf,-Inf,-Inf,-Inf,-Inf,-Inf,-Inf,-Inf,-Inf,1923,1923,-Inf,-Inf,-Inf,-Inf,-Inf,-Inf,-Inf,-Inf,-Inf,1923,1923,-Inf,-Inf,-Inf,-Inf,-Inf,-Inf,-Inf,-Inf,-Inf
1924,1924,-Inf,-Inf,-Inf,-Inf,-Inf,-Inf,-Inf,-Inf,-Inf,1924,1924,-Inf,-Inf,-Inf,-Inf,-Inf,-Inf,-Inf,-Inf,-Inf,1924,1924,-Inf,-Inf,-Inf,-Inf,-Inf,-Inf,-Inf,-Inf,-Inf
1925,1925,-Inf,-Inf,-Inf,-Inf,-Inf,-Inf,-Inf,-Inf,-Inf,1925,1925,-Inf,-Inf,-Inf,-Inf,-Inf,-Inf,-Inf,-Inf,-Inf,1925,1925,-Inf,-Inf,-Inf,-Inf,-Inf,-Inf,-Inf,-Inf,-Inf
1926,1926,-Inf,-Inf,-Inf,-Inf,-Inf,-Inf,-Inf,-Inf,-Inf,1926,1926,-Inf,-Inf,-Inf,-Inf,-Inf,-Inf,-Inf,-Inf,-Inf,1926,1926,-Inf,-Inf,-Inf,-Inf,-Inf,-Inf,-Inf,-Inf,-Inf
1927,1927,-Inf,-Inf,-Inf,-Inf,-Inf,-Inf,-Inf,-Inf,-Inf,1927,1927,-Inf,-Inf,-Inf,-Inf,-Inf,-Inf,-Inf,-Inf,-Inf,1927,1927,-Inf,-Inf,-Inf,-Inf,-Inf,-Inf,-Inf,-Inf,-Inf
1928,1928,-Inf,-Inf,-Inf,-Inf,-Inf,-Inf,-Inf,-Inf,-Inf,1928,1928,-Inf,-Inf,-Inf,-Inf,-Inf,-Inf,-Inf,-Inf,-Inf,1928,1928,-Inf,-Inf,-Inf,-Inf,-Inf,-Inf,-Inf,-Inf,-Inf
1929,1929,-Inf,-Inf,-Inf,-Inf,-Inf,-Inf,-Inf,-Inf,-Inf,1929,1929,-Inf,-Inf,-Inf,-Inf,-Inf,-Inf,-Inf,-Inf,-Inf,1929,1929,-Inf,-Inf,-Inf,-Inf,-Inf,-Inf,-Inf,-Inf,-Inf
1930,1930,-Inf,-Inf,-Inf,-Inf,-Inf,-Inf,-Inf,-Inf,-Inf,1930,1930,-Inf,-Inf,-Inf,-Inf,-Inf,-Inf,-Inf,-Inf,-Inf,1930,1930,-Inf,-Inf,-Inf,-Inf,-Inf,-Inf,-Inf,-Inf,-Inf
1931,1931,-Inf,-Inf,-Inf,-Inf,-Inf,-Inf,-Inf,-Inf,-Inf,1931,1931,-Inf,-Inf,-Inf,-Inf,-Inf,-Inf,-Inf,-Inf,-Inf,1931,1931,-Inf,-Inf,-Inf,-Inf,-Inf,-Inf,-Inf,-Inf,-Inf
1932,1932,-Inf,-Inf,-Inf,-Inf,-Inf,-Inf,-Inf,-Inf,-Inf,1932,1932,-Inf,-Inf,-Inf,-Inf,-Inf,-Inf,-Inf,-Inf,-Inf,1932,1932,-Inf,-Inf,-Inf,-Inf,-Inf,-Inf,-Inf,-Inf,-Inf
1933,1933,-Inf,-Inf,-Inf,-Inf,-Inf,-Inf,-Inf,-Inf,-Inf,1933,1933,-Inf,-Inf,-Inf,-Inf,-Inf,-Inf,-Inf,-Inf,-Inf,1933,1933,-Inf,-Inf,-Inf,-Inf,-Inf,-Inf,-Inf,-Inf,-Inf
1934,1934,-Inf,-Inf,-Inf,-Inf,-Inf,-Inf,-Inf,-Inf,-Inf,1934,1934,-Inf,-Inf,-Inf,-Inf,-Inf,-Inf,-Inf,-Inf,-Inf,1934,1934,-Inf,-Inf,-Inf,-Inf,-Inf,-Inf,-Inf,-Inf,-Inf
1935,1935,-Inf,-Inf,-Inf,-Inf,-Inf,-Inf,-Inf,-Inf,-Inf,1935,1935,-Inf,-Inf,-Inf,-Inf,-Inf,-Inf,-Inf,-Inf,-Inf,1935,1935,-Inf,-Inf,-Inf,-Inf,-Inf,-Inf,-Inf,-Inf,-Inf
1936,1936,-Inf,-Inf,-Inf,-Inf,-Inf,-Inf,-Inf,-Inf,-Inf,1936,1936,-Inf,-Inf,-Inf,-Inf,-Inf,-Inf,-Inf,-Inf,-Inf,1936,1936,-Inf,-Inf,-Inf,-Inf,-Inf,-Inf,-Inf,-Inf,-Inf
1937,1937,-Inf,-Inf,-Inf,-Inf,-Inf,-Inf,-Inf,-Inf,-Inf,1937,1937,-Inf,-Inf,-Inf,-Inf,-Inf,-Inf,-Inf,-Inf,-Inf,1937,1937,-Inf,-Inf,-Inf,-Inf,-Inf,-Inf,-Inf,-Inf,-Inf
1938,1938,-Inf,-Inf,-Inf,-Inf,-Inf,-Inf,-Inf,-Inf,-Inf,1938,1938,-Inf,-Inf,-Inf,-Inf,-Inf,-Inf,-Inf,-Inf,-Inf,1938,1938,-Inf,-Inf,-Inf,-Inf,-Inf,-Inf,-Inf,-Inf,-Inf
1939,1939,-Inf,-Inf,-Inf,-Inf,-Inf,-Inf,-Inf,-Inf,-Inf,1939,1939,-Inf,-Inf,-Inf,-Inf,-Inf,-Inf,-Inf,-Inf,-Inf,1939,1939,-Inf,-Inf,-Inf,-Inf,-Inf,-Inf,-Inf,-Inf,-Inf
1940,1940,-Inf,-Inf,-Inf,-Inf,-Inf,-Inf,-Inf,-Inf,-Inf,1940,1940,-Inf,-Inf,-Inf,-Inf,-Inf,-Inf,-Inf,-Inf,-Inf,1940,1940,-Inf,-Inf,-Inf,-Inf,-Inf,-Inf,-Inf,-Inf,-Inf
1941,1941,-Inf,-Inf,-Inf,-Inf,-Inf,-Inf,-Inf,-Inf,-Inf,1941,1941,-Inf,-Inf,-Inf,-Inf,-Inf,-Inf,-Inf,-Inf,-Inf,1941,1941,-Inf,-Inf,-Inf,-Inf,-Inf,-Inf,-Inf,-Inf,-Inf
1942,1942,-Inf,-Inf,-Inf,-Inf,-Inf,-Inf,-Inf,-Inf,-Inf,1942,1942,-Inf,-Inf,-Inf,-Inf,-Inf,-Inf,-Inf,-Inf,-Inf,1942,1942,-Inf,-Inf,-Inf,-Inf,-Inf,-Inf,-Inf,-Inf,-Inf
1943,1943,-Inf,-Inf,-Inf,-Inf,-Inf,-Inf,-Inf,-Inf,-Inf,1943,1943,-Inf,-Inf,-Inf,-Inf,-Inf,-Inf,-Inf,-Inf,-Inf,1943,1943,-Inf,-Inf,-Inf,-Inf,-Inf,-Inf,-Inf,-Inf,-Inf
1944,1944,-Inf,-Inf,-Inf,-Inf,-Inf,-Inf,-Inf,-Inf,-Inf,1944,1944,-Inf,-Inf,-Inf,-Inf,-Inf,-Inf,-Inf,-Inf,-Inf,1944,1944,-Inf,-Inf,-Inf,-Inf,-Inf,-Inf,-Inf,-Inf,-Inf
1945,1945,-Inf,-Inf,-Inf,-Inf,-Inf,-Inf,-Inf,-Inf,-Inf,1945,1945,-Inf,-Inf,-Inf,-Inf,-Inf,-Inf,-Inf,-Inf,-Inf,1945,1945,-Inf,-Inf,-Inf,-Inf,-Inf,-Inf,-Inf,-Inf,-Inf
1946,1946,-Inf,-Inf,-Inf,-Inf,-Inf,-Inf,-Inf,-Inf,-Inf,1946,1946,-Inf,-Inf,-Inf,-Inf,-Inf,-Inf,-Inf,-Inf,-Inf,1946,1946,-Inf,-Inf,-Inf,-Inf,-Inf,-Inf,-Inf,-Inf,-Inf
1947,1947,-Inf,-Inf,-Inf,-Inf,-Inf,-Inf,-Inf,-Inf,-Inf,1947,1947,-Inf,-Inf,-Inf,-Inf,-Inf,-Inf,-Inf,-Inf,-Inf,1947,1947,-Inf,-Inf,-Inf,-Inf,-Inf,-Inf,-Inf,-Inf,-Inf
1948,1948,-Inf,-Inf,-Inf,-Inf,-Inf,-Inf,-Inf,-Inf,-Inf,1948,1948,-Inf,-Inf,-Inf,-Inf,-Inf,-Inf,-Inf,-Inf,-Inf,1948,1948,-Inf,-Inf,-Inf,-Inf,-Inf,-Inf,-Inf,-Inf,-Inf
1949,1949,-Inf,-Inf,-Inf,-Inf,-Inf,-Inf,-Inf,-Inf,-Inf,1949,1949,-Inf,-Inf,-Inf,-Inf,-Inf,-Inf,-Inf,-Inf,-Inf,1949,1949,-Inf,-Inf,-Inf,-Inf,-Inf,-Inf,-Inf,-Inf,-Inf
1950,1950,-Inf,-Inf,-Inf,-Inf,-Inf,-Inf,-Inf,-Inf,-Inf,1950,1950,-Inf,-Inf,-Inf,-Inf,-Inf,-Inf,-Inf,-Inf,-Inf,1950,1950,-Inf,-Inf,-Inf,-Inf,-Inf,-Inf,-Inf,-Inf,-Inf
1951,1951,-Inf,-Inf,-Inf,-Inf,-Inf,-Inf,-Inf,-Inf,-Inf,1951,1951,-Inf,-Inf,-Inf,-Inf,-Inf,-Inf,-Inf,-Inf,-Inf,1951,1951,-Inf,-Inf,-Inf,-Inf,-Inf,-Inf,-Inf,-Inf,-Inf
1952,1952,-Inf,-Inf,-Inf,-Inf,-Inf,-Inf,-Inf,-Inf,-Inf,1952,1952,-Inf,-Inf,-Inf,-Inf,-Inf,-Inf,-Inf,-Inf,-Inf,1952,1952,-Inf,-Inf,-Inf,-Inf,-Inf,-Inf,-Inf,-Inf,-Inf
1953,1953,-Inf,-Inf,-Inf,-Inf,-Inf,-Inf,-Inf,-Inf,-Inf,1953,1953,-Inf,-Inf,-Inf,-Inf,-Inf,-Inf,-Inf,-Inf,-Inf,1953,1953,-Inf,-Inf,-Inf,-Inf,-Inf,-Inf,-Inf,-Inf,-Inf
1954,1954,-Inf,-Inf,-Inf,-Inf,-Inf,-Inf,-Inf,-Inf,-Inf,1954,1954,-Inf,-Inf,-Inf,-Inf,-Inf,-Inf,-Inf,-Inf,-Inf,1954,1954,-Inf,-Inf,-Inf,-Inf,-Inf,-Inf,-Inf,-Inf,-Inf
1955,1955,-Inf,-Inf,-Inf,-Inf,-Inf,-Inf,-Inf,-Inf,-Inf,1955,1955,-Inf,-Inf,-Inf,-Inf,-Inf,-Inf,-Inf,-Inf,-Inf,1955,1955,-Inf,-Inf,-Inf,-Inf,-Inf,-Inf,-Inf,-Inf,-Inf
1956,1956,-Inf,-Inf,-Inf,-Inf,-Inf,-Inf,-Inf,-Inf,-Inf,1956,1956,-Inf,-Inf,-Inf,-Inf,-Inf,-Inf,-Inf,-Inf,-Inf,1956,1956,-Inf,-Inf,-Inf,-Inf,-Inf,-Inf,-Inf,-Inf,-Inf
1957,1957,-Inf,-Inf,-Inf,-Inf,-Inf,-Inf,-Inf,-Inf,-Inf,1957,1957,-Inf,-Inf,-Inf,-Inf,-Inf,-Inf,-Inf,-Inf,-Inf,1957,1957,-Inf,-Inf,-Inf,-Inf,-Inf,-Inf,-Inf,-Inf,-Inf
1958,1958,-Inf,-Inf,-Inf,-Inf,-Inf,-Inf,-Inf,-Inf,-Inf,1958,1958,-Inf,-Inf,-Inf,-Inf,-Inf,-Inf,-Inf,-Inf,-Inf,1958,1958,-Inf,-Inf,-Inf,-Inf,-Inf,-Inf,-Inf,-Inf,-Inf
1959,1959,-Inf,-Inf,-Inf,-Inf,-Inf,-Inf,-Inf,-Inf,-Inf,1959,1959,-Inf,-Inf,-Inf,-Inf,-Inf,-Inf,-Inf,-Inf,-Inf,1959,1959,-Inf,-Inf,-Inf,-Inf,-Inf,-Inf,-Inf,-Inf,-Inf
1960,1960,-Inf,-Inf,-Inf,-Inf,-Inf,-Inf,-Inf,-Inf,-Inf,1960,1960,-Inf,-Inf,-Inf,-Inf,-Inf,-Inf,-Inf,-Inf,-Inf,1960,1960,-Inf,-Inf,-Inf,-Inf,-Inf,-Inf,-Inf,-Inf,-Inf
1961,1961,-Inf,-Inf,-Inf,-Inf,-Inf,-Inf,-Inf,-Inf,-Inf,1961,1961,-Inf,-Inf,-Inf,-Inf,-Inf,-Inf,-Inf,-Inf,-Inf,1961,1961,-Inf,-Inf,-Inf,-Inf,-Inf,-Inf,-Inf,-Inf,-Inf
1962,1962,-Inf,-Inf,-Inf,-Inf,-Inf,-Inf,-Inf,-Inf,-Inf,1962,1962,-Inf,-Inf,-Inf,-Inf,-Inf,-Inf,-Inf,-Inf,-Inf,1962,1962,-Inf,-Inf,-Inf,-Inf,-Inf,-Inf,-Inf,-Inf,-Inf
1963,1963,-Inf,-Inf,-Inf,-Inf,-Inf,-Inf,-Inf,-Inf,-Inf,1963,1963,-Inf,-Inf,-Inf,-Inf,-Inf,-Inf,-Inf,-Inf,-Inf,1963,1963,-Inf,-Inf,-Inf,-Inf,-Inf,-Inf,-Inf,-Inf,-Inf
1964,1964,-Inf,-Inf,-Inf,-Inf,-Inf,-Inf,-Inf,-Inf,-Inf,1964,1964,-Inf,-Inf,-Inf,-Inf,-Inf,-Inf,-Inf,-Inf,-Inf,1964,1964,-Inf,-Inf,-Inf,-Inf,-Inf,-Inf,-Inf,-Inf,-Inf
1965,1965,-Inf,-Inf,-Inf,-Inf,-Inf,-Inf,-Inf,-Inf,-Inf,1965,1965,-Inf,-Inf,-Inf,-Inf,-Inf,-Inf,-Inf,-Inf,-Inf,1965,1965,-Inf,-Inf,-Inf,-Inf,-Inf,-Inf,-Inf,-Inf,-Inf
1966,1966,-Inf,-Inf,-Inf,-Inf,-Inf,-Inf,-Inf,-Inf,-Inf,1966,1966,-Inf,-Inf,-Inf,-Inf,-Inf,-Inf,-Inf,-Inf,-Inf,1966,1966,-Inf,-Inf,-Inf,-Inf,-Inf,-Inf,-Inf,-Inf,-Inf
1967,1967,-Inf,-Inf,-Inf,-Inf,-Inf,-Inf,-Inf,-Inf,-Inf,1967,1967,-Inf,-Inf,-Inf,-Inf,-Inf,-Inf,-Inf,-Inf,-Inf,1967,1967,-Inf,-Inf,-Inf,-Inf,-Inf,-Inf,-Inf,-Inf,-Inf
1968,1968,-Inf,-Inf,-Inf,-Inf,-Inf,-Inf,-Inf,-Inf,-Inf,1968,1968,-Inf,-Inf,-Inf,-Inf,-Inf,-Inf,-Inf,-Inf,-Inf,1968,1968,-Inf,-Inf,-Inf,-Inf,-Inf,-Inf,-Inf,-Inf,-Inf
1969,1969,-Inf,-Inf,-Inf,-Inf,-Inf,-Inf,-Inf,-Inf,-Inf,1969,1969,-Inf,-Inf,-Inf,-Inf,-Inf,-Inf,-Inf,-Inf,-Inf,1969,1969,-Inf,-Inf,-Inf,-Inf,-Inf,-Inf,-Inf,-Inf,-Inf
1970,1970,-Inf,-Inf,-Inf,-Inf,-Inf,-Inf,-Inf,-Inf,-Inf,1970,1970,-Inf,-Inf,-Inf,-Inf,-Inf,-Inf,-Inf,-Inf,-Inf,1970,1970,-Inf,-Inf,-Inf,-Inf,-Inf,-Inf,-Inf,-Inf,-Inf
1971,1971,-Inf,-Inf,-Inf,-Inf,-Inf,-Inf,-Inf,-Inf,-Inf,1971,1971,-Inf,-Inf,-Inf,-Inf,-Inf,-Inf,-Inf,-Inf,-Inf,1971,1971,-Inf,-Inf,-Inf,-Inf,-Inf,-Inf,-Inf,-Inf,-Inf
1972,1972,-Inf,-Inf,-Inf,-Inf,-Inf,-Inf,-Inf,-Inf,-Inf,1972,1972,-Inf,-Inf,-Inf,-Inf,-Inf,-Inf,-Inf,-Inf,-Inf,1972,1972,-Inf,-Inf,-Inf,-Inf,-Inf,-Inf,-Inf,-Inf,-Inf
1973,1973,-Inf,-Inf,-Inf,-Inf,-Inf,-Inf,-Inf,-Inf,-Inf,1973,1973,-Inf,-Inf,-Inf,-Inf,-Inf,-Inf,-Inf,-Inf,-Inf,1973,1973,-Inf,-Inf,-Inf,-Inf,-Inf,-Inf,-Inf,-Inf,-Inf
1974,1974,-Inf,-Inf,-Inf,-Inf,-Inf,-Inf,-Inf,-Inf,-Inf,1974,1974,-Inf,-Inf,-Inf,-Inf,-Inf,-Inf,-Inf,-Inf,-Inf,1974,1974,-Inf,-Inf,-Inf,-Inf,-Inf,-Inf,-Inf,-Inf,-Inf
1975,1975,-Inf,-Inf,-Inf,-Inf,-Inf,-Inf,-Inf,-Inf,-Inf,1975,1975,-Inf,-Inf,-Inf,-Inf,-Inf,-Inf,-Inf,-Inf,-Inf,1975,1975,-Inf,-Inf,-Inf,-Inf,-Inf,-Inf,-Inf,-Inf,-Inf
1976,1976,-Inf,-Inf,-Inf,-Inf,-Inf,-Inf,-Inf,-Inf,-Inf,1976,1976,-Inf,-Inf,-Inf,-Inf,-Inf,-Inf,-Inf,-Inf,-Inf,1976,1976,-Inf,-Inf,-Inf,-Inf,-Inf,-Inf,-Inf,-Inf,-Inf
1977,1977,-Inf,-Inf,-Inf,-Inf,-Inf,-Inf,-Inf,-Inf,-Inf,1977,1977,-Inf,-Inf,-Inf,-Inf,-Inf,-Inf,-Inf,-Inf,-Inf,1977,1977,-Inf,-Inf,-Inf,-Inf,-Inf,-Inf,-Inf,-Inf,-Inf
1978,1978,-Inf,-Inf,-Inf,-Inf,-Inf,-Inf,-Inf,-Inf,-Inf,1978,1978,-Inf,-Inf,-Inf,-Inf,-Inf,-Inf,-Inf,-Inf,-Inf,1978,1978,-Inf,-Inf,-Inf,-Inf,-Inf,-Inf,-Inf,-Inf,-Inf
1979,1979,-Inf,-Inf,-Inf,-Inf,-Inf,-Inf,-Inf,-Inf,-Inf,1979,1979,-Inf,-Inf,-Inf,-Inf,-Inf,-Inf,-Inf,-Inf,-Inf,1979,1979,-Inf,-Inf,-Inf,-Inf,-Inf,-Inf,-Inf,-Inf,-Inf
1980,1980,-Inf,-Inf,-Inf,-Inf,-Inf,-Inf,-Inf,-Inf,-Inf,1980,1980,-Inf,-Inf,-Inf,-Inf,-Inf,-Inf,-Inf,-Inf,-Inf,1980,1980,-Inf,-Inf,-Inf,-Inf,-Inf,-Inf,-Inf,-Inf,-Inf
1981,1981,-Inf,-Inf,-Inf,-Inf,-Inf,-Inf,-Inf,-Inf,-Inf,1981,1981,-Inf,-Inf,-Inf,-Inf,-Inf,-Inf,-Inf,-Inf,-Inf,1981,1981,-Inf,-Inf,-Inf,-Inf,-Inf,-Inf,-Inf,-Inf,-Inf
1982,1982,-Inf,-Inf,-Inf,-Inf,-Inf,-Inf,-Inf,-Inf,-Inf,1982,1982,-Inf,-Inf,-Inf,-Inf,-Inf,-Inf,-Inf,-Inf,-Inf,1982,1982,-Inf,-Inf,-Inf,-Inf,-Inf,-Inf,-Inf,-Inf,-Inf
1983,1983,-Inf,-Inf,-Inf,-Inf,-Inf,-Inf,-Inf,-Inf,-Inf,1983,1983,-Inf,-Inf,-Inf,-Inf,-Inf,-Inf,-Inf,-Inf,-Inf,1983,1983,-Inf,-Inf,-Inf,-Inf,-Inf,-Inf,-Inf,-Inf,-Inf
1984,1984,-Inf,-Inf,-Inf,-Inf,-Inf,-Inf,-Inf,-Inf,-Inf,1984,1984,-Inf,-Inf,-Inf,-Inf,-Inf,-Inf,-Inf,-Inf,-Inf,1984,1984,-Inf,-Inf,-Inf,-Inf,-Inf,-Inf,-Inf,-Inf,-Inf
1985,1985,-Inf,-Inf,-Inf,-Inf,-Inf,-Inf,-Inf,-Inf,-Inf,1985,1985,-Inf,-Inf,-Inf,-Inf,-Inf,-Inf,-Inf,-Inf,-Inf,1985,1985,-Inf,-Inf,-Inf,-Inf,-Inf,-Inf,-Inf,-Inf,-Inf
1986,1986,-Inf,-Inf,-Inf,-Inf,-Inf,-Inf,-Inf,-Inf,-Inf,1986,1986,-Inf,-Inf,-Inf,-Inf,-Inf,-Inf,-Inf,-Inf,-Inf,1986,1986,-Inf,-Inf,-Inf,-Inf,-Inf,-Inf,-Inf,-Inf,-Inf
1987,1987,-Inf,-Inf,-Inf,-Inf,-Inf,-Inf,-Inf,-Inf,-Inf,1987,1987,-Inf,-Inf,-Inf,-Inf,-Inf,-Inf,-Inf,-Inf,-Inf,1987,1987,-Inf,-Inf,-Inf,-Inf,-Inf,-Inf,-Inf,-Inf,-Inf
1988,1988,-Inf,-Inf,-Inf,-Inf,-Inf,-Inf,-Inf,-Inf,-Inf,1988,1988,-Inf,-Inf,-Inf,-Inf,-Inf,-Inf,-Inf,-Inf,-Inf,1988,1988,-Inf,-Inf,-Inf,-Inf,-Inf,-Inf,-Inf,-Inf,-Inf
1989,1989,-Inf,-Inf,-Inf,-Inf,-Inf,-Inf,-Inf,-Inf,-Inf,1989,1989,-Inf,-Inf,-Inf,-Inf,-Inf,-Inf,-Inf,-Inf,-Inf,1989,1989,-Inf,-Inf,-Inf,-Inf,-Inf,-Inf,-Inf,-Inf,-Inf
1990,1990,-Inf,-Inf,-Inf,-Inf,-Inf,-Inf,-Inf,-Inf,-Inf,1990,1990,-Inf,-Inf,-Inf,-Inf,-Inf,-Inf,-Inf,-Inf,-Inf,1990,1990,-Inf,-Inf,-Inf,-Inf,-Inf,-Inf,-Inf,-Inf,-Inf
1991,1991,-Inf,-Inf,-Inf,-Inf,-Inf,-Inf,-Inf,-Inf,-Inf,1991,1991,-Inf,-Inf,-Inf,-Inf,-Inf,-Inf,-Inf,-Inf,-Inf,1991,1991,-Inf,-Inf,-Inf,-Inf,-Inf,-Inf,-Inf,-Inf,-Inf
1992,1992,-Inf,-Inf,-Inf,-Inf,-Inf,-Inf,-Inf,-Inf,-Inf,1992,1992,-Inf,-Inf,-Inf,-Inf,-Inf,-Inf,-Inf,-Inf,-Inf,1992,1992,-Inf,-Inf,-Inf,-Inf,-Inf,-Inf,-Inf,-Inf,-Inf
1993,1993,-Inf,-Inf,-Inf,-Inf,-Inf,-Inf,-Inf,-Inf,-Inf,1993,1993,-Inf,-Inf,-Inf,-Inf,-Inf,-Inf,-Inf,-Inf,-Inf,1993,1993,-Inf,-Inf,-Inf,-Inf,-Inf,-Inf,-Inf,-Inf,-Inf
1994,1994,-Inf,-Inf,-Inf,-Inf,-Inf,-Inf,-Inf,-Inf,-Inf,1994,1994,-Inf,-Inf,-Inf,-Inf,-Inf,-Inf,-Inf,-Inf,-Inf,1994,1994,-Inf,-Inf,-Inf,-Inf,-Inf,-Inf,-Inf,-Inf,-Inf
1995,1995,-Inf,-Inf,-Inf,-Inf,-Inf,-Inf,-Inf,-Inf,-Inf,1995,1995,-Inf,-Inf,-Inf,-Inf,-Inf,-Inf,-Inf,-Inf,-Inf,1995,1995,-Inf,-Inf,-Inf,-Inf,-Inf,-Inf,-Inf,-Inf,-Inf
1996,1996,-Inf,-Inf,-Inf,-Inf,-Inf,-Inf,-Inf,-Inf,-Inf,1996,1996,-Inf,-Inf,-Inf,-Inf,-Inf,-Inf,-Inf,-Inf,-Inf,1996,1996,-Inf,-Inf,-Inf,-Inf,-Inf,-Inf,-Inf,-Inf,-Inf
1997,1997,-Inf,-Inf,-Inf,-Inf,-Inf,-Inf,-Inf,-Inf,-Inf,1997,1997,-Inf,-Inf,-Inf,-Inf,-Inf,-Inf,-Inf,-Inf,-Inf,1997,1997,-Inf,-Inf,-Inf,-Inf,-Inf,-Inf,-Inf,-Inf,-Inf
1998,1998,-Inf,-Inf,-Inf,-Inf,-Inf,-Inf,-Inf,-Inf,-Inf,1998,1998,-Inf,-Inf,-Inf,-Inf,-Inf,-Inf,-Inf,-Inf,-Inf,1998,1998,-Inf,-Inf,-Inf,-Inf,-Inf,-Inf,-Inf,-Inf,-Inf
1999,1999,-Inf,-Inf,-Inf,-Inf,-Inf,-Inf,-Inf,-Inf,-Inf,1999,1999,-Inf,-Inf,-Inf,-Inf,-Inf,-Inf,-Inf,-Inf,-Inf,1999,1999,-Inf,-Inf,-Inf,-Inf,-Inf,-Inf,-Inf,-Inf,-Inf
2000,2000,-Inf,-Inf,-Inf,-Inf,-Inf,-Inf,-Inf,-Inf,-Inf,2000,2000,-Inf,-Inf,-Inf,-Inf,-Inf,-Inf,-Inf,-Inf,-Inf,2000,2000,-Inf,-Inf,-Inf,-Inf,-Inf,-Inf,-Inf,-Inf,-Inf
2001,2001,-Inf,-Inf,-Inf,-Inf,-Inf,-Inf,-Inf,-Inf,-Inf,2001,2001,-Inf,-Inf,-Inf,-Inf,-Inf,-Inf,-Inf,-Inf,-Inf,2001,2001,-Inf,-Inf,-Inf,-Inf,-Inf,-Inf,-Inf,-Inf,-Inf
2002,2002,-Inf,-Inf,-Inf,-Inf,-Inf,-Inf,-Inf,-Inf,-Inf,2002,2002,-Inf,-Inf,-Inf,-Inf,-Inf,-Inf,-Inf,-Inf,-Inf,2002,2002,-Inf,-Inf,-Inf,-Inf,-Inf,-Inf,-Inf,-Inf,-Inf
2003,2003,-Inf,-Inf,-Inf,-Inf,-Inf,-Inf,-Inf,-Inf,-Inf,2003,2003,-Inf,-Inf,-Inf,-Inf,-Inf,-Inf,-Inf,-Inf,-Inf,2003,2003,-Inf,-Inf,-Inf,-Inf,-Inf,-Inf,-Inf,-Inf,-Inf
2004,2004,-Inf,-Inf,-Inf,-Inf,-Inf,-Inf,-Inf,-Inf,-Inf,2004,2004,-Inf,-Inf,-Inf,-Inf,-Inf,-Inf,-Inf,-Inf,-Inf,2004,2004,-Inf,-Inf,-Inf,-Inf,-Inf,-Inf,-Inf,-Inf,-Inf
2005,2005,-Inf,-Inf,-Inf,-Inf,-Inf,-Inf,-Inf,-Inf,-Inf,2005,2005,-Inf,-Inf,-Inf,-Inf,-Inf,-Inf,-Inf,-Inf,-Inf,2005,2005,-Inf,-Inf,-Inf,-Inf,-Inf,-Inf,-Inf,-Inf,-Inf
2006,2006,-Inf,-Inf,-Inf,-Inf,-Inf,-Inf,-Inf,-Inf,-Inf,2006,2006,-Inf,-Inf,-Inf,-Inf,-Inf,-Inf,-Inf,-Inf,-Inf,2006,2006,-Inf,-Inf,-Inf,-Inf,-Inf,-Inf,-Inf,-Inf,-Inf
2007,2007,-Inf,-Inf,-Inf,-Inf,-Inf,-Inf,-Inf,-Inf,-Inf,2007,2007,-Inf,-Inf,-Inf,-Inf,-Inf,-Inf,-Inf,-Inf,-Inf,2007,2007,-Inf,-Inf,-Inf,-Inf,-Inf,-Inf,-Inf,-Inf,-Inf
2008,2008,-Inf,-Inf,-Inf,-Inf,-Inf,-Inf,-Inf,-Inf,-Inf,2008,2008,-Inf,-Inf,-Inf,-Inf,-Inf,-Inf,-Inf,-Inf,-Inf,2008,2008,-Inf,-Inf,-Inf,-Inf,-Inf,-Inf,-Inf,-Inf,-Inf
2009,2009,-Inf,-Inf,-Inf,-Inf,-Inf,-Inf,-Inf,-Inf,-Inf,2009,2009,-Inf,-Inf,-Inf,-Inf,-Inf,-Inf,-Inf,-Inf,-Inf,2009,2009,-Inf,-Inf,-Inf,-Inf,-Inf,-Inf,-Inf,-Inf,-Inf
2010,2010,-Inf,-Inf,-Inf,-Inf,-Inf,-Inf,-Inf,-Inf,-Inf,2010,2010,-Inf,-Inf,-Inf,-Inf,-Inf,-Inf,-Inf,-Inf,-Inf,2010,2010,-Inf,-Inf,-Inf,-Inf,-Inf,-Inf,-Inf,-Inf,-Inf
2011,2011,-Inf,-Inf,-Inf,-Inf,-Inf,-Inf,-Inf,-Inf,-Inf,2011,2011,-Inf,-Inf,-Inf,-Inf,-Inf,-Inf,-Inf,-Inf,-Inf,2011,2011,-Inf,-Inf,-Inf,-Inf,-Inf,-Inf,-Inf,-Inf,-Inf
2012,2012,-Inf,-Inf,-Inf,-Inf,-Inf,-Inf,-Inf,-Inf,-Inf,2012,2012,-Inf,-Inf,-Inf,-Inf,-Inf,-Inf,-Inf,-Inf,-Inf,2012,2012,-Inf,-Inf,-Inf,-Inf,-Inf,-Inf,-Inf,-Inf,-Inf
2013,2013,-Inf,-Inf,-Inf,-Inf,-Inf,-Inf,-Inf,-Inf,-Inf,2013,2013,-Inf,-Inf,-Inf,-Inf,-Inf,-Inf,-Inf,-Inf,-Inf,2013,2013,-Inf,-Inf,-Inf,-Inf,-Inf,-Inf,-Inf,-Inf,-Inf
2014,2014,-Inf,-Inf,-Inf,-Inf,-Inf,-Inf,-Inf,-Inf,-Inf,2014,2014,-Inf,-Inf,-Inf,-Inf,-Inf,-Inf,-Inf,-Inf,-Inf,2014,2014,-Inf,-Inf,-Inf,-Inf,-Inf,-Inf,-Inf,-Inf,-Inf
2015,2015,-Inf,-Inf,-Inf,-Inf,-Inf,-Inf,-Inf,-Inf,-Inf,2015,2015,-Inf,-Inf,-Inf,-Inf,-Inf,-Inf,-Inf,-Inf,-Inf,2015,2015,-Inf,-Inf,-Inf,-Inf,-Inf,-Inf,-Inf,-Inf,-Inf
2016,2016,-Inf,-Inf,-Inf,-Inf,-Inf,-Inf,-Inf,-Inf,-Inf,2016,2016,-Inf,-Inf,-Inf,-Inf,-Inf,-Inf,-Inf,-Inf,-Inf,2016,2016,-Inf,-Inf,-Inf,-Inf,-Inf,-Inf,-Inf,-Inf,-Inf
2017,2017,-Inf,-Inf,-Inf,-Inf,-Inf,-Inf,-Inf,-Inf,-Inf,2017,2017,-Inf,-Inf,-Inf,-Inf,-Inf,-Inf,-Inf,-Inf,-Inf,2017,2017,-Inf,-Inf,-Inf,-Inf,-Inf,-Inf,-Inf,-Inf,-Inf
2018,2018,-Inf,-Inf,-Inf,-Inf,-Inf,-Inf,-Inf,-Inf,-Inf,2018,2018,-Inf,-Inf,-Inf,-Inf,-Inf,-Inf,-Inf,-Inf,-Inf,2018,2018,-Inf,-Inf,-Inf,-Inf,-Inf,-Inf,-Inf,-Inf,-Inf
2019,2019,-Inf,-Inf,-Inf,-Inf,-Inf,-Inf,-Inf,-Inf,-Inf,2019,2019,-Inf,-Inf,-Inf,-Inf,-Inf,-Inf,-Inf,-Inf,-Inf,2019,2019,-Inf,-Inf,-Inf,-Inf,-Inf,-Inf,-Inf,-Inf,-Inf
2020,2020,-Inf,-Inf,-Inf,-Inf,-Inf,-Inf,-Inf,-Inf,-Inf,2020,2020,-Inf,-Inf,-Inf,-Inf,-Inf,-Inf,-Inf,-Inf,-Inf,2020,2020,-Inf,-Inf,-Inf,-Inf,-Inf,-Inf,-Inf,-Inf,-Inf
2021,2021,-Inf,-Inf,-Inf,-Inf,-Inf,-Inf,-Inf,-Inf,-Inf,2021,2021,-Inf,-Inf,-Inf,-Inf,-Inf,-Inf,-Inf,-Inf,-Inf,2021,2021,-Inf,-Inf,-Inf,-Inf,-Inf,-Inf,-Inf,-Inf,-Inf
2022,2022,-Inf,-Inf,-Inf,-Inf,-Inf,-Inf,-Inf,-Inf,-Inf,2022,2022,-Inf,-Inf,-Inf,-Inf,-Inf,-Inf,-Inf,-Inf,-Inf,2022,2022,-Inf,-Inf,-Inf,-Inf,-Inf,-Inf,-Inf,-Inf,-Inf
2023,2023,-Inf,-Inf,-Inf,-Inf,-Inf,-Inf,-Inf,-Inf,-Inf,2023,2023,-Inf,-Inf,-Inf,-Inf,-Inf,-Inf,-Inf,-Inf,-Inf,2023,2023,-Inf,-Inf,-Inf,-Inf,-Inf,-Inf,-Inf,-Inf,-Inf
2024,2024,-Inf,-Inf,-Inf,-Inf,-Inf,-Inf,-Inf,-Inf,-Inf,2024,2024,-Inf,-Inf,-Inf,-Inf,-Inf,-Inf,-Inf,-Inf,-Inf,2024,2024,-Inf,-Inf,-Inf,-Inf,-Inf,-Inf,-Inf,-Inf,-Inf
2025,2025,-Inf,-Inf,-Inf,-Inf,-Inf,-Inf,-Inf,-Inf,-Inf,2025,2025,-Inf,-Inf,-Inf,-Inf,-Inf,-Inf,-Inf,-Inf,-Inf,2025,2025,-Inf,-Inf,-Inf,-Inf,-Inf,-Inf,-Inf,-Inf,-Inf
2026,2026,-Inf,-Inf,-Inf,-Inf,-Inf,-Inf,-Inf,-Inf,-Inf,2026,2026,-Inf,-Inf,-Inf,-Inf,-Inf,-Inf,-Inf,-Inf,-Inf,2026,2026,-Inf,-Inf,-Inf,-Inf,-Inf,-Inf,-Inf,-Inf,-Inf
2027,2027,-Inf,-Inf,-Inf,-Inf,-Inf,-Inf,-Inf,-Inf,-Inf,2027,2027,-Inf,-Inf,-Inf,-Inf,-Inf,-Inf,-Inf,-Inf,-Inf,2027,2027,-Inf,-Inf,-Inf,-Inf,-Inf,-Inf,-Inf,-Inf,-Inf
2028,2028,-Inf,-Inf,-Inf,-Inf,-Inf,-Inf,-Inf,-Inf,-Inf,2028,2028,-Inf,-Inf,-Inf,-Inf,-Inf,-Inf,-Inf,-Inf,-Inf,2028,2028,-Inf,-Inf,-Inf,-Inf,-Inf,-Inf,-Inf,-Inf,-Inf
2029,2029,-Inf,-Inf,-Inf,-Inf,-Inf,-Inf,-Inf,-Inf,-Inf,2029,2029,-Inf,-Inf,-Inf,-Inf,-Inf,-Inf,-Inf,-Inf,-Inf,2029,2029,-Inf,-Inf,-Inf,-Inf,-Inf,-Inf,-Inf,-Inf,-Inf
2030,2030,-Inf,-Inf,-Inf,-Inf,-Inf,-Inf,-Inf,-Inf,-Inf,2030,2030,-Inf,-Inf,-Inf,-Inf,-Inf,-Inf,-Inf,-Inf,-Inf,2030,2030,-Inf,-Inf,-Inf,-Inf,-Inf,-Inf,-Inf,-Inf,-Inf
2031,2031,-Inf,-Inf,-Inf,-Inf,-Inf,-Inf,-Inf,-Inf,-Inf,2031,2031,-Inf,-Inf,-Inf,-Inf,-Inf,-Inf,-Inf,-Inf,-Inf,2031,2031,-Inf,-Inf,-Inf,-Inf,-Inf,-Inf,-Inf,-Inf,-Inf
2032,2032,-Inf,-Inf,-Inf,-Inf,-Inf,-Inf,-Inf,-Inf,-Inf,2032,2032,-Inf,-Inf,-Inf,-Inf,-Inf,-Inf,-Inf,-Inf,-Inf,2032,2032,-Inf,-Inf,-Inf,-Inf,-Inf,-Inf,-Inf,-Inf,-Inf
2033,2033,-Inf,-Inf,-Inf,-Inf,-Inf,-Inf,-Inf,-Inf,-Inf,2033,2033,-Inf,-Inf,-Inf,-Inf,-Inf,-Inf,-Inf,-Inf,-Inf,2033,2033,-Inf,-Inf,-Inf,-Inf,-Inf,-Inf,-Inf,-Inf,-Inf
2034,2034,-Inf,-Inf,-Inf,-Inf,-Inf,-Inf,-Inf,-Inf,-Inf,2034,2034,-Inf,-Inf,-Inf,-Inf,-Inf,-Inf,-Inf,-Inf,-Inf,2034,2034,-Inf,-Inf,-Inf,-Inf,-Inf,-Inf,-Inf,-Inf,-Inf
2035,2035,-Inf,-Inf,-Inf,-Inf,-Inf,-Inf,-Inf,-Inf,-Inf,2035,2035,-Inf,-Inf,-Inf,-Inf,-Inf,-Inf,-Inf,-Inf,-Inf,2035,2035,-Inf,-Inf,-Inf,-Inf,-Inf,-Inf,-Inf,-Inf,-Inf
2036,2036,-Inf,-Inf,-Inf,-Inf,-Inf,-Inf,-Inf,-Inf,-Inf,2036,2036,-Inf,-Inf,-Inf,-Inf,-Inf,-Inf,-Inf,-Inf,-Inf,2036,2036,-Inf,-Inf,-Inf,-Inf,-Inf,-Inf,-Inf,-Inf,-Inf
2037,2037,-Inf,-Inf,-Inf,-Inf,-Inf,-Inf,-Inf,-Inf,-Inf,2037,2037,-Inf,-Inf,-Inf,-Inf,-Inf,-Inf,-Inf,-Inf,-Inf,2037,2037,-Inf,-Inf,-Inf,-Inf,-Inf,-Inf,-Inf,-Inf,-Inf
2038,2038,-Inf,-Inf,-Inf,-Inf,-Inf,-Inf,-Inf,-Inf,-Inf,2038,2038,-Inf,-Inf,-Inf,-Inf,-Inf,-Inf,-Inf,-Inf,-Inf,2038,2038,-Inf,-Inf,-Inf,-Inf,-Inf,-Inf,-Inf,-Inf,-Inf
2039,2039,-Inf,-Inf,-Inf,-Inf,-Inf,-Inf,-Inf,-Inf,-Inf,2039,2039,-Inf,-Inf,-Inf,-Inf,-Inf,-Inf,-Inf,-Inf,-Inf,2039,2039,-Inf,-Inf,-Inf,-Inf,-Inf,-Inf,-Inf,-Inf,-Inf
2040,2040,-Inf,-Inf,-Inf,-Inf,-Inf,-Inf,-Inf,-Inf,-Inf,2040,2040,-Inf,-Inf,-Inf,-Inf,-Inf,-Inf,-Inf,-Inf,-Inf,2040,2040,-Inf,-Inf,-Inf,-Inf,-Inf,-Inf,-Inf,-Inf,-Inf
2041,2041,-Inf,-Inf,-Inf,-Inf,-Inf,-Inf,-Inf,-Inf,-Inf,2041,2041,-Inf,-Inf,-Inf,-Inf,-Inf,-Inf,-Inf,-Inf,-Inf,2041,2041,-Inf,-Inf,-Inf,-Inf,-Inf,-Inf,-Inf,-Inf,-Inf
2042,2042,-Inf,-Inf,-Inf,-Inf,-Inf,-Inf,-Inf,-Inf,-Inf,2042,2042,-Inf,-Inf,-Inf,-Inf,-Inf,-Inf,-Inf,-Inf,-Inf,2042,2042,-Inf,-Inf,-Inf,-Inf,-Inf,-Inf,-Inf,-Inf,-Inf
2043,2043,-Inf,-Inf,-Inf,-Inf,-Inf,-Inf,-Inf,-Inf,-Inf,2043,2043,-Inf,-Inf,-Inf,-Inf,-Inf,-Inf,-Inf,-Inf,-Inf,2043,2043,-Inf,-Inf,-Inf,-Inf,-Inf,-Inf,-Inf,-Inf,-Inf
2044,2044,-Inf,-Inf,-Inf,-Inf,-Inf,-Inf,-Inf,-Inf,-Inf,2044,2044,-Inf,-Inf,-Inf,-Inf,-Inf,-Inf,-Inf,-Inf,-Inf,2044,2044,-Inf,-Inf,-Inf,-Inf,-Inf,-Inf,-Inf,-Inf,-Inf
2045,2045,-Inf,-Inf,-Inf,-Inf,-Inf,-Inf,-Inf,-Inf,-Inf,2045,2045,-Inf,-Inf,-Inf,-Inf,-Inf,-Inf,-Inf,-Inf,-Inf,2045,2045,-Inf,-Inf,-Inf,-Inf,-Inf,-Inf,-Inf,-Inf,-Inf
2046,2046,-Inf,-Inf,-Inf,-Inf,-Inf,-Inf,-Inf,-Inf,-Inf,2046,2046,-Inf,-Inf,-Inf,-Inf,-Inf,-Inf,-Inf,-Inf,-Inf,2046,2046,-Inf,-Inf,-Inf,-Inf,-Inf,-Inf,-Inf,-Inf,-Inf
2047,2047,-Inf,-Inf,-Inf,-Inf,-Inf,-Inf,-Inf,-Inf,-Inf,2047,2047,-Inf,-Inf,-Inf,-Inf,-Inf,-Inf,-Inf,-Inf,-Inf,2047,2047,-Inf,-Inf,-Inf,-Inf,-Inf,-Inf,-Inf,-Inf,-Inf
2048,2048,-Inf,-Inf,-Inf,-Inf,-Inf,-Inf,-Inf,-Inf,-Inf,2048,2048,-Inf,-Inf,-Inf,-Inf,-Inf,-Inf,-Inf,-Inf,-Inf,2048,2048,-Inf,-Inf,-Inf,-Inf,-Inf,-Inf,-Inf,-Inf,-Inf
2049,2049,-Inf,-Inf,-Inf,-Inf,-Inf,-Inf,-Inf,-Inf,-Inf,2049,2049,-Inf,-Inf,-Inf,-Inf,-Inf,-Inf,-Inf,-Inf,-Inf,2049,2049,-Inf,-Inf,-Inf,-Inf,-Inf,-Inf,-Inf,-Inf,-Inf
2050,2050,-Inf,-Inf,-Inf,-Inf,-Inf,-Inf,-Inf,-Inf,-Inf,2050,2050,-Inf,-Inf,-Inf,-Inf,-Inf,-Inf,-Inf,-Inf,-Inf,2050,2050,-Inf,-Inf,-Inf,-Inf,-Inf,-Inf,-Inf,-Inf,-Inf
2051,2051,-Inf,-Inf,-Inf,-Inf,-Inf,-Inf,-Inf,-Inf,-Inf,2051,2051,-Inf,-Inf,-Inf,-Inf,-Inf,-Inf,-Inf,-Inf,-Inf,2051,2051,-Inf,-Inf,-Inf,-Inf,-Inf,-Inf,-Inf,-Inf,-Inf
2052,2052,-Inf,-Inf,-Inf,-Inf,-Inf,-Inf,-Inf,-Inf,-Inf,2052,2052,-Inf,-Inf,-Inf,-Inf,-Inf,-Inf,-Inf,-Inf,-Inf,2052,2052,-Inf,-Inf,-Inf,-Inf,-Inf,-Inf,-Inf,-Inf,-Inf
2053,2053,-Inf,-Inf,-Inf,-Inf,-Inf,-Inf,-Inf,-Inf,-Inf,2053,2053,-Inf,-Inf,-Inf,-Inf,-Inf,-Inf,-Inf,-Inf,-Inf,2053,2053,-Inf,-Inf,-Inf,-Inf,-Inf,-Inf,-Inf,-Inf,-Inf
2054,2054,-Inf,-Inf,-Inf,-Inf,-Inf,-Inf,-Inf,-Inf,-Inf,2054,2054,-Inf,-Inf,-Inf,-Inf,-Inf,-Inf,-Inf,-Inf,-Inf,2054,2054,-Inf,-Inf,-Inf,-Inf,-Inf,-Inf,-Inf,-Inf,-Inf
2055,2055,-Inf,-Inf,-Inf,-Inf,-Inf,-Inf,-Inf,-Inf,-Inf,2055,2055,-Inf,-Inf,-Inf,-Inf,-Inf,-Inf,-Inf,-Inf,-Inf,2055,2055,-Inf,-Inf,-Inf,-Inf,-Inf,-Inf,-Inf,-Inf,-Inf
2056,2056,-Inf,-Inf,-Inf,-Inf,-Inf,-Inf,-Inf,-Inf,-Inf,2056,2056,-Inf,-Inf,-Inf,-Inf,-Inf,-Inf,-Inf,-Inf,-Inf,2056,2056,-Inf,-Inf,-Inf,-Inf,-Inf,-Inf,-Inf,-Inf,-Inf
2057,2057,-Inf,-Inf,-Inf,-Inf,-Inf,-Inf,-Inf,-Inf,-Inf,2057,2057,-Inf,-Inf,-Inf,-Inf,-Inf,-Inf,-Inf,-Inf,-Inf,2057,2057,-Inf,-Inf,-Inf,-Inf,-Inf,-Inf,-Inf,-Inf,-Inf
2058,2058,-Inf,-Inf,-Inf,-Inf,-Inf,-Inf,-Inf,-Inf,-Inf,2058,2058,-Inf,-Inf,-Inf,-Inf,-Inf,-Inf,-Inf,-Inf,-Inf,2058,2058,-Inf,-Inf,-Inf,-Inf,-Inf,-Inf,-Inf,-Inf,-Inf
2059,2059,-Inf,-Inf,-Inf,-Inf,-Inf,-Inf,-Inf,-Inf,-Inf,2059,2059,-Inf,-Inf,-Inf,-Inf,-Inf,-Inf,-Inf,-Inf,-Inf,2059,2059,-Inf,-Inf,-Inf,-Inf,-Inf,-Inf,-Inf,-Inf,-Inf
2060,2060,-Inf,-Inf,-Inf,-Inf,-Inf,-Inf,-Inf,-Inf,-Inf,2060,2060,-Inf,-Inf,-Inf,-Inf,-Inf,-Inf,-Inf,-Inf,-Inf,2060,2060,-Inf,-Inf,-Inf,-Inf,-Inf,-Inf,-Inf,-Inf,-Inf
2061,2061,-Inf,-Inf,-Inf,-Inf,-Inf,-Inf,-Inf,-Inf,-Inf,2061,2061,-Inf,-Inf,-Inf,-Inf,-Inf,-Inf,-Inf,-Inf,-Inf,2061,2061,-Inf,-Inf,-Inf,-Inf,-Inf,-Inf,-Inf,-Inf,-Inf
2062,2062,-Inf,-Inf,-Inf,-Inf,-Inf,-Inf,-Inf,-Inf,-Inf,2062,2062,-Inf,-Inf,-Inf,-Inf,-Inf,-Inf,-Inf,-Inf,-Inf,2062,2062,-Inf,-Inf,-Inf,-Inf,-Inf,-Inf,-Inf,-Inf,-Inf
2063,2063,-Inf,-Inf,-Inf,-Inf,-Inf,-Inf,-Inf,-Inf,-Inf,2063,2063,-Inf,-Inf,-Inf,-Inf,-Inf,-Inf,-Inf,-Inf,-Inf,2063,2063,-Inf,-Inf,-Inf,-Inf,-Inf,-Inf,-Inf,-Inf,-Inf
2064,2064,-Inf,-Inf,-Inf,-Inf,-Inf,-Inf,-Inf,-Inf,-Inf,2064,2064,-Inf,-Inf,-Inf,-Inf,-Inf,-Inf,-Inf,-Inf,-Inf,2064,2064,-Inf,-Inf,-Inf,-Inf,-Inf,-Inf,-Inf,-Inf,-Inf
2065,2065,-Inf,-Inf,-Inf,-Inf,-Inf,-Inf,-Inf,-Inf,-Inf,2065,2065,-Inf,-Inf,-Inf,-Inf,-Inf,-Inf,-Inf,-Inf,-Inf,2065,2065,-Inf,-Inf,-Inf,-Inf,-Inf,-Inf,-Inf,-Inf,-Inf
2066,2066,-Inf,-Inf,-Inf,-Inf,-Inf,-Inf,-Inf,-Inf,-Inf,2066,2066,-Inf,-Inf,-Inf,-Inf,-Inf,-Inf,-Inf,-Inf,-Inf,2066,2066,-Inf,-Inf,-Inf,-Inf,-Inf,-Inf,-Inf,-Inf,-Inf
2067,2067,-Inf,-Inf,-Inf,-Inf,-Inf,-Inf,-Inf,-Inf,-Inf,2067,2067,-Inf,-Inf,-Inf,-Inf,-Inf,-Inf,-Inf,-Inf,-Inf,2067,2067,-Inf,-Inf,-Inf,-Inf,-Inf,-Inf,-Inf,-Inf,-Inf
2068,2068,-Inf,-Inf,-Inf,-Inf,-Inf,-Inf,-Inf,-Inf,-Inf,2068,2068,-Inf,-Inf,-Inf,-Inf,-Inf,-Inf,-Inf,-Inf,-Inf,2068,2068,-Inf,-Inf,-Inf,-Inf,-Inf,-Inf,-Inf,-Inf,-Inf
2069,2069,-Inf,-Inf,-Inf,-Inf,-Inf,-Inf,-Inf,-Inf,-Inf,2069,2069,-Inf,-Inf,-Inf,-Inf,-Inf,-Inf,-Inf,-Inf,-Inf,2069,2069,-Inf,-Inf,-Inf,-Inf,-Inf,-Inf,-Inf,-Inf,-Inf
2070,2070,-Inf,-Inf,-Inf,-Inf,-Inf,-Inf,-Inf,-Inf,-Inf,2070,2070,-Inf,-Inf,-Inf,-Inf,-Inf,-Inf,-Inf,-Inf,-Inf,2070,2070,-Inf,-Inf,-Inf,-Inf,-Inf,-Inf,-Inf,-Inf,-Inf
2071,2071,-Inf,-Inf,-Inf,-Inf,-Inf,-Inf,-Inf,-Inf,-Inf,2071,2071,-Inf,-Inf,-Inf,-Inf,-Inf,-Inf,-Inf,-Inf,-Inf,2071,2071,-Inf,-Inf,-Inf,-Inf,-Inf,-Inf,-Inf,-Inf,-Inf
2072,2072,-Inf,-Inf,-Inf,-Inf,-Inf,-Inf,-Inf,-Inf,-Inf,2072,2072,-Inf,-Inf,-Inf,-Inf,-Inf,-Inf,-Inf,-Inf,-Inf,2072,2072,-Inf,-Inf,-Inf,-Inf,-Inf,-Inf,-Inf,-Inf,-Inf
2073,2073,-Inf,-Inf,-Inf,-Inf,-Inf,-Inf,-Inf,-Inf,-Inf,2073,2073,-Inf,-Inf,-Inf,-Inf,-Inf,-Inf,-Inf,-Inf,-Inf,2073,2073,-Inf,-Inf,-Inf,-Inf,-Inf,-Inf,-Inf,-Inf,-Inf
2074,2074,-Inf,-Inf,-Inf,-Inf,-Inf,-Inf,-Inf,-Inf,-Inf,2074,2074,-Inf,-Inf,-Inf,-Inf,-Inf,-Inf,-Inf,-Inf,-Inf,2074,2074,-Inf,-Inf,-Inf,-Inf,-Inf,-Inf,-Inf,-Inf,-Inf
2075,2075,-Inf,-Inf,-Inf,-Inf,-Inf,-Inf,-Inf,-Inf,-Inf,2075,2075,-Inf,-Inf,-Inf,-Inf,-Inf,-Inf,-Inf,-Inf,-Inf,2075,2075,-Inf,-Inf,-Inf,-Inf,-Inf,-Inf,-Inf,-Inf,-Inf
2076,2076,-Inf,-Inf,-Inf,-Inf,-Inf,-Inf,-Inf,-Inf,-Inf,2076,2076,-Inf,-Inf,-Inf,-Inf,-Inf,-Inf,-Inf,-Inf,-Inf,2076,2076,-Inf,-Inf,-Inf,-Inf,-Inf,-Inf,-Inf,-Inf,-Inf
2077,2077,-Inf,-Inf,-Inf,-Inf,-Inf,-Inf,-Inf,-Inf,-Inf,2077,2077,-Inf,-Inf,-Inf,-Inf,-Inf,-Inf,-Inf,-Inf,-Inf,2077,2077,-Inf,-Inf,-Inf,-Inf,-Inf,-Inf,-Inf,-Inf,-Inf
2078,2078,-Inf,-Inf,-Inf,-Inf,-Inf,-Inf,-Inf,-Inf,-Inf,2078,2078,-Inf,-Inf,-Inf,-Inf,-Inf,-Inf,-Inf,-Inf,-Inf,2078,2078,-Inf,-Inf,-Inf,-Inf,-Inf,-Inf,-Inf,-Inf,-Inf
2079,2079,-Inf,-Inf,-Inf,-Inf,-Inf,-Inf,-Inf,-Inf,-Inf,2079,2079,-Inf,-Inf,-Inf,-Inf,-Inf,-Inf,-Inf,-Inf,-Inf,2079,2079,-Inf,-Inf,-Inf,-Inf,-Inf,-Inf,-Inf,-Inf,-Inf
2080,2080,-Inf,-Inf,-Inf,-Inf,-Inf,-Inf,-Inf,-Inf,-Inf,2080,2080,-Inf,-Inf,-Inf,-Inf,-Inf,-Inf,-Inf,-Inf,-Inf,2080,2080,-Inf,-Inf,-Inf,-Inf,-Inf,-Inf,-Inf,-Inf,-Inf
2081,2081,-Inf,-Inf,-Inf,-Inf,-Inf,-Inf,-Inf,-Inf,-Inf,2081,2081,-Inf,-Inf,-Inf,-Inf,-Inf,-Inf,-Inf,-Inf,-Inf,2081,2081,-Inf,-Inf,-Inf,-Inf,-Inf,-Inf,-Inf,-Inf,-Inf
2082,2082,-Inf,-Inf,-Inf,-Inf,-Inf,-Inf,-Inf,-Inf,-Inf,2082,2082,-Inf,-Inf,-Inf,-Inf,-Inf,-Inf,-Inf,-Inf,-Inf,2082,2082,-Inf,-Inf,-Inf,-Inf,-Inf,-Inf,-Inf,-Inf,-Inf
2083,2083,-Inf,-Inf,-Inf,-Inf,-Inf,-Inf,-Inf,-Inf,-Inf,2083,2083,-Inf,-Inf,-Inf,-Inf,-Inf,-Inf,-Inf,-Inf,-Inf,2083,2083,-Inf,-Inf,-Inf,-Inf,-Inf,-Inf,-Inf,-Inf,-Inf
2084,2084,-Inf,-Inf,-Inf,-Inf,-Inf,-Inf,-Inf,-Inf,-Inf,2084,2084,-Inf,-Inf,-Inf,-Inf,-Inf,-Inf,-Inf,-Inf,-Inf,2084,2084,-Inf,-Inf,-Inf,-Inf,-Inf,-Inf,-Inf,-Inf,-Inf
2085,2085,-Inf,-Inf,-Inf,-Inf,-Inf,-Inf,-Inf,-Inf,-Inf,2085,2085,-Inf,-Inf,-Inf,-Inf,-Inf,-Inf,-Inf,-Inf,-Inf,2085,2085,-Inf,-Inf,-Inf,-Inf,-Inf,-Inf,-Inf,-Inf,-Inf
2086,2086,-Inf,-Inf,-Inf,-Inf,-Inf,-Inf,-Inf,-Inf,-Inf,2086,2086,-Inf,-Inf,-Inf,-Inf,-Inf,-Inf,-Inf,-Inf,-Inf,2086,2086,-Inf,-Inf,-Inf,-Inf,-Inf,-Inf,-Inf,-Inf,-Inf
2087,2087,-Inf,-Inf,-Inf,-Inf,-Inf,-Inf,-Inf,-Inf,-Inf,2087,2087,-Inf,-Inf,-Inf,-Inf,-Inf,-Inf,-Inf,-Inf,-Inf,2087,2087,-Inf,-Inf,-Inf,-Inf,-Inf,-Inf,-Inf,-Inf,-Inf
2088,2088,-Inf,-Inf,-Inf,-Inf,-Inf,-Inf,-Inf,-Inf,-Inf,2088,2088,-Inf,-Inf,-Inf,-Inf,-Inf,-Inf,-Inf,-Inf,-Inf,2088,2088,-Inf,-Inf,-Inf,-Inf,-Inf,-Inf,-Inf,-Inf,-Inf
2089,2089,-Inf,-Inf,-Inf,-Inf,-Inf,-Inf,-Inf,-Inf,-Inf,2089,2089,-Inf,-Inf,-Inf,-Inf,-Inf,-Inf,-Inf,-Inf,-Inf,2089,2089,-Inf,-Inf,-Inf,-Inf,-Inf,-Inf,-Inf,-Inf,-Inf
2090,2090,-Inf,-Inf,-Inf,-Inf,-Inf,-Inf,-Inf,-Inf,-Inf,2090,2090,-Inf,-Inf,-Inf,-Inf,-Inf,-Inf,-Inf,-Inf,-Inf,2090,2090,-Inf,-Inf,-Inf,-Inf,-Inf,-Inf,-Inf,-Inf,-Inf
2091,2091,-Inf,-Inf,-Inf,-Inf,-Inf,-Inf,-Inf,-Inf,-Inf,2091,2091,-Inf,-Inf,-Inf,-Inf,-Inf,-Inf,-Inf,-Inf,-Inf,2091,2091,-Inf,-Inf,-Inf,-Inf,-Inf,-Inf,-Inf,-Inf,-Inf
2092,2092,-Inf,-Inf,-Inf,-Inf,-Inf,-Inf,-Inf,-Inf,-Inf,2092,2092,-Inf,-Inf,-Inf,-Inf,-Inf,-Inf,-Inf,-Inf,-Inf,2092,2092,-Inf,-Inf,-Inf,-Inf,-Inf,-Inf,-Inf,-Inf,-Inf
2093,2093,-Inf,-Inf,-Inf,-Inf,-Inf,-Inf,-Inf,-Inf,-Inf,2093,2093,-Inf,-Inf,-Inf,-Inf,-Inf,-Inf,-Inf,-Inf,-Inf,2093,2093,-Inf,-Inf,-Inf,-Inf,-Inf,-Inf,-Inf,-Inf,-Inf
2094,2094,-Inf,-Inf,-Inf,-Inf,-Inf,-Inf,-Inf,-Inf,-Inf,2094,2094,-Inf,-Inf,-Inf,-Inf,-Inf,-Inf,-Inf,-Inf,-Inf,2094,2094,-Inf,-Inf,-Inf,-Inf,-Inf,-Inf,-Inf,-Inf,-Inf
2095,2095,-Inf,-Inf,-Inf,-Inf,-Inf,-Inf,-Inf,-Inf,-Inf,2095,2095,-Inf,-Inf,-Inf,-Inf,-Inf,-Inf,-Inf,-Inf,-Inf,2095,2095,-Inf,-Inf,-Inf,-Inf,-Inf,-Inf,-Inf,-Inf,-Inf
2096,2096,-Inf,-Inf,-Inf,-Inf,-Inf,-Inf,-Inf,-Inf,-Inf,2096,2096,-Inf,-Inf,-Inf,-Inf,-Inf,-Inf,-Inf,-Inf,-Inf,2096,2096,-Inf,-Inf,-Inf,-Inf,-Inf,-Inf,-Inf,-Inf,-Inf
2097,2097,-Inf,-Inf,-Inf,-Inf,-Inf,-Inf,-Inf,-Inf,-Inf,2097,2097,-Inf,-Inf,-Inf,-Inf,-Inf,-Inf,-Inf,-Inf,-Inf,2097,2097,-Inf,-Inf,-Inf,-Inf,-Inf,-Inf,-Inf,-Inf,-Inf
2098,2098,-Inf,-Inf,-Inf,-Inf,-Inf,-Inf,-Inf,-Inf,-Inf,2098,2098,-Inf,-Inf,-Inf,-Inf,-Inf,-Inf,-Inf,-Inf,-Inf,2098,2098,-Inf,-Inf,-Inf,-Inf,-Inf,-Inf,-Inf,-Inf,-Inf
2099,2099,-Inf,-Inf,-Inf,-Inf,-Inf,-Inf,-Inf,-Inf,-Inf,2099,2099,-Inf,-Inf,-Inf,-Inf,-Inf,-Inf,-Inf,-Inf,-Inf,2099,2099,-Inf,-Inf,-Inf,-Inf,-Inf,-Inf,-Inf,-Inf,-Inf
2100,2100,-Inf,-Inf,-Inf,-Inf,-Inf,-Inf,-Inf,-Inf,-Inf,2100,2100,-Inf,-Inf,-Inf,-Inf,-Inf,-Inf,-Inf,-Inf,-Inf,2100,2100,-Inf,-Inf,-Inf,-Inf,-Inf,-Inf,-Inf,-Inf,-Inf
2101,2101,-Inf,-Inf,-Inf,-Inf,-Inf,-Inf,-Inf,-Inf,-Inf,2101,2101,-Inf,-Inf,-Inf,-Inf,-Inf,-Inf,-Inf,-Inf,-Inf,2101,2101,-Inf,-Inf,-Inf,-Inf,-Inf,-Inf,-Inf,-Inf,-Inf
2102,2102,-Inf,-Inf,-Inf,-Inf,-Inf,-Inf,-Inf,-Inf,-Inf,2102,2102,-Inf,-Inf,-Inf,-Inf,-Inf,-Inf,-Inf,-Inf,-Inf,2102,2102,-Inf,-Inf,-Inf,-Inf,-Inf,-Inf,-Inf,-Inf,-Inf
2103,2103,-Inf,-Inf,-Inf,-Inf,-Inf,-Inf,-Inf,-Inf,-Inf,2103,2103,-Inf,-Inf,-Inf,-Inf,-Inf,-Inf,-Inf,-Inf,-Inf,2103,2103,-Inf,-Inf,-Inf,-Inf,-Inf,-Inf,-Inf,-Inf,-Inf
2104,2104,-Inf,-Inf,-Inf,-Inf,-Inf,-Inf,-Inf,-Inf,-Inf,2104,2104,-Inf,-Inf,-Inf,-Inf,-Inf,-Inf,-Inf,-Inf,-Inf,2104,2104,-Inf,-Inf,-Inf,-Inf,-Inf,-Inf,-Inf,-Inf,-Inf
2105,2105,-Inf,-Inf,-Inf,-Inf,-Inf,-Inf,-Inf,-Inf,-Inf,2105,2105,-Inf,-Inf,-Inf,-Inf,-Inf,-Inf,-Inf,-Inf,-Inf,2105,2105,-Inf,-Inf,-Inf,-Inf,-Inf,-Inf,-Inf,-Inf,-Inf
2106,2106,-Inf,-Inf,-Inf,-Inf,-Inf,-Inf,-Inf,-Inf,-Inf,2106,2106,-Inf,-Inf,-Inf,-Inf,-Inf,-Inf,-Inf,-Inf,-Inf,2106,2106,-Inf,-Inf,-Inf,-Inf,-Inf,-Inf,-Inf,-Inf,-Inf
2107,2107,-Inf,-Inf,-Inf,-Inf,-Inf,-Inf,-Inf,-Inf,-Inf,2107,2107,-Inf,-Inf,-Inf,-Inf,-Inf,-Inf,-Inf,-Inf,-Inf,2107,2107,-Inf,-Inf,-Inf,-Inf,-Inf,-Inf,-Inf,-Inf,-Inf
2108,2108,-Inf,-Inf,-Inf,-Inf,-Inf,-Inf,-Inf,-Inf,-Inf,2108,2108,-Inf,-Inf,-Inf,-Inf,-Inf,-Inf,-Inf,-Inf,-Inf,2108,2108,-Inf,-Inf,-Inf,-Inf,-Inf,-Inf,-Inf,-Inf,-Inf
2109,2109,-Inf,-Inf,-Inf,-Inf,-Inf,-Inf,-Inf,-Inf,-Inf,2109,2109,-Inf,-Inf,-Inf,-Inf,-Inf,-Inf,-Inf,-Inf,-Inf,2109,2109,-Inf,-Inf,-Inf,-Inf,-Inf,-Inf,-Inf,-Inf,-Inf
2110,2110,-Inf,-Inf,-Inf,-Inf,-Inf,-Inf,-Inf,-Inf,-Inf,2110,2110,-Inf,-Inf,-Inf,-Inf,-Inf,-Inf,-Inf,-Inf,-Inf,2110,2110,-Inf,-Inf,-Inf,-Inf,-Inf,-Inf,-Inf,-Inf,-Inf
2111,2111,-Inf,-Inf,-Inf,-Inf,-Inf,-Inf,-Inf,-Inf,-Inf,2111,2111,-Inf,-Inf,-Inf,-Inf,-Inf,-Inf,-Inf,-Inf,-Inf,2111,2111,-Inf,-Inf,-Inf,-Inf,-Inf,-Inf,-Inf,-Inf,-Inf
2112,2112,-Inf,-Inf,-Inf,-Inf,-Inf,-Inf,-Inf,-Inf,-Inf,2112,2112,-Inf,-Inf,-Inf,-Inf,-Inf,-Inf,-Inf,-Inf,-Inf,2112,2112,-Inf,-Inf,-Inf,-Inf,-Inf,-Inf,-Inf,-Inf,-Inf
2113,2113,-Inf,-Inf,-Inf,-Inf,-Inf,-Inf,-Inf,-Inf,-Inf,2113,2113,-Inf,-Inf,-Inf,-Inf,-Inf,-Inf,-Inf,-Inf,-Inf,2113,2113,-Inf,-Inf,-Inf,-Inf,-Inf,-Inf,-Inf,-Inf,-Inf
2114,2114,-Inf,-Inf,-Inf,-Inf,-Inf,-Inf,-Inf,-Inf,-Inf,2114,2114,-Inf,-Inf,-Inf,-Inf,-Inf,-Inf,-Inf,-Inf,-Inf,2114,2114,-Inf,-Inf,-Inf,-Inf,-Inf,-Inf,-Inf,-Inf,-Inf
2115,2115,-Inf,-Inf,-Inf,-Inf,-Inf,-Inf,-Inf,-Inf,-Inf,2115,2115,-Inf,-Inf,-Inf,-Inf,-Inf,-Inf,-Inf,-Inf,-Inf,2115,2115,-Inf,-Inf,-Inf,-Inf,-Inf,-Inf,-Inf,-Inf,-Inf
2116,2116,-Inf,-Inf,-Inf,-Inf,-Inf,-Inf,-Inf,-Inf,-Inf,2116,2116,-Inf,-Inf,-Inf,-Inf,-Inf,-Inf,-Inf,-Inf,-Inf,2116,2116,-Inf,-Inf,-Inf,-Inf,-Inf,-Inf,-Inf,-Inf,-Inf
2117,2117,-Inf,-Inf,-Inf,-Inf,-Inf,-Inf,-Inf,-Inf,-Inf,2117,2117,-Inf,-Inf,-Inf,-Inf,-Inf,-Inf,-Inf,-Inf,-Inf,2117,2117,-Inf,-Inf,-Inf,-Inf,-Inf,-Inf,-Inf,-Inf,-Inf
2118,2118,-Inf,-Inf,-Inf,-Inf,-Inf,-Inf,-Inf,-Inf,-Inf,2118,2118,-Inf,-Inf,-Inf,-Inf,-Inf,-Inf,-Inf,-Inf,-Inf,2118,2118,-Inf,-Inf,-Inf,-Inf,-Inf,-Inf,-Inf,-Inf,-Inf
2119,2119,-Inf,-Inf,-Inf,-Inf,-Inf,-Inf,-Inf,-Inf,-Inf,2119,2119,-Inf,-Inf,-Inf,-Inf,-Inf,-Inf,-Inf,-Inf,-Inf,2119,2119,-Inf,-Inf,-Inf,-Inf,-Inf,-Inf,-Inf,-Inf,-Inf
2120,2120,-Inf,-Inf,-Inf,-Inf,-Inf,-Inf,-Inf,-Inf,-Inf,2120,2120,-Inf,-Inf,-Inf,-Inf,-Inf,-Inf,-Inf,-Inf,-Inf,2120,2120,-Inf,-Inf,-Inf,-Inf,-Inf,-Inf,-Inf,-Inf,-Inf
2121,2121,-Inf,-Inf,-Inf,-Inf,-Inf,-Inf,-Inf,-Inf,-Inf,2121,2121,-Inf,-Inf,-Inf,-Inf,-Inf,-Inf,-Inf,-Inf,-Inf,2121,2121,-Inf,-Inf,-Inf,-Inf,-Inf,-Inf,-Inf,-Inf,-Inf
2122,2122,-Inf,-Inf,-Inf,-Inf,-Inf,-Inf,-Inf,-Inf,-Inf,2122,2122,-Inf,-Inf,-Inf,-Inf,-Inf,-Inf,-Inf,-Inf,-Inf,2122,2122,-Inf,-Inf,-Inf,-Inf,-Inf,-Inf,-Inf,-Inf,-Inf
2123,2123,-Inf,-Inf,-Inf,-Inf,-Inf,-Inf,-Inf,-Inf,-Inf,2123,2123,-Inf,-Inf,-Inf,-Inf,-Inf,-Inf,-Inf,-Inf,-Inf,2123,2123,-Inf,-Inf,-Inf,-Inf,-Inf,-Inf,-Inf,-Inf,-Inf
2124,2124,-Inf,-Inf,-Inf,-Inf,-Inf,-Inf,-Inf,-Inf,-Inf,2124,2124,-Inf,-Inf,-Inf,-Inf,-Inf,-Inf,-Inf,-Inf,-Inf,2124,2124,-Inf,-Inf,-Inf,-Inf,-Inf,-Inf,-Inf,-Inf,-Inf
2125,2125,-Inf,-Inf,-Inf,-Inf,-Inf,-Inf,-Inf,-Inf,-Inf,2125,2125,-Inf,-Inf,-Inf,-Inf,-Inf,-Inf,-Inf,-Inf,-Inf,2125,2125,-Inf,-Inf,-Inf,-Inf,-Inf,-Inf,-Inf,-Inf,-Inf
2126,2126,-Inf,-Inf,-Inf,-Inf,-Inf,-Inf,-Inf,-Inf,-Inf,2126,2126,-Inf,-Inf,-Inf,-Inf,-Inf,-Inf,-Inf,-Inf,-Inf,2126,2126,-Inf,-Inf,-Inf,-Inf,-Inf,-Inf,-Inf,-Inf,-Inf
2127,2127,-Inf,-Inf,-Inf,-Inf,-Inf,-Inf,-Inf,-Inf,-Inf,2127,2127,-Inf,-Inf,-Inf,-Inf,-Inf,-Inf,-Inf,-Inf,-Inf,2127,2127,-Inf,-Inf,-Inf,-Inf,-Inf,-Inf,-Inf,-Inf,-Inf
2128,2128,-Inf,-Inf,-Inf,-Inf,-Inf,-Inf,-Inf,-Inf,-Inf,2128,2128,-Inf,-Inf,-Inf,-Inf,-Inf,-Inf,-Inf,-Inf,-Inf,2128,2128,-Inf,-Inf,-Inf,-Inf,-Inf,-Inf,-Inf,-Inf,-Inf
2129,2129,-Inf,-Inf,-Inf,-Inf,-Inf,-Inf,-Inf,-Inf,-Inf,2129,2129,-Inf,-Inf,-Inf,-Inf,-Inf,-Inf,-Inf,-Inf,-Inf,2129,2129,-Inf,-Inf,-Inf,-Inf,-Inf,-Inf,-Inf,-Inf,-Inf
2130,2130,-Inf,-Inf,-Inf,-Inf,-Inf,-Inf,-Inf,-Inf,-Inf,2130,2130,-Inf,-Inf,-Inf,-Inf,-Inf,-Inf,-Inf,-Inf,-Inf,2130,2130,-Inf,-Inf,-Inf,-Inf,-Inf,-Inf,-Inf,-Inf,-Inf
2131,2131,-Inf,-Inf,-Inf,-Inf,-Inf,-Inf,-Inf,-Inf,-Inf,2131,2131,-Inf,-Inf,-Inf,-Inf,-Inf,-Inf,-Inf,-Inf,-Inf,2131,2131,-Inf,-Inf,-Inf,-Inf,-Inf,-Inf,-Inf,-Inf,-Inf
2132,2132,-Inf,-Inf,-Inf,-Inf,-Inf,-Inf,-Inf,-Inf,-Inf,2132,2132,-Inf,-Inf,-Inf,-Inf,-Inf,-Inf,-Inf,-Inf,-Inf,2132,2132,-Inf,-Inf,-Inf,-Inf,-Inf,-Inf,-Inf,-Inf,-Inf
2133,2133,-Inf,-Inf,-Inf,-Inf,-Inf,-Inf,-Inf,-Inf,-Inf,2133,2133,-Inf,-Inf,-Inf,-Inf,-Inf,-Inf,-Inf,-Inf,-Inf,2133,2133,-Inf,-Inf,-Inf,-Inf,-Inf,-Inf,-Inf,-Inf,-Inf
2134,2134,-Inf,-Inf,-Inf,-Inf,-Inf,-Inf,-Inf,-Inf,-Inf,2134,2134,-Inf,-Inf,-Inf,-Inf,-Inf,-Inf,-Inf,-Inf,-Inf,2134,2134,-Inf,-Inf,-Inf,-Inf,-Inf,-Inf,-Inf,-Inf,-Inf
2135,2135,-Inf,-Inf,-Inf,-Inf,-Inf,-Inf,-Inf,-Inf,-Inf,2135,2135,-Inf,-Inf,-Inf,-Inf,-Inf,-Inf,-Inf,-Inf,-Inf,2135,2135,-Inf,-Inf,-Inf,-Inf,-Inf,-Inf,-Inf,-Inf,-Inf
2136,2136,-Inf,-Inf,-Inf,-Inf,-Inf,-Inf,-Inf,-Inf,-Inf,2136,2136,-Inf,-Inf,-Inf,-Inf,-Inf,-Inf,-Inf,-Inf,-Inf,2136,2136,-Inf,-Inf,-Inf,-Inf,-Inf,-Inf,-Inf,-Inf,-Inf
2137,2137,-Inf,-Inf,-Inf,-Inf,-Inf,-Inf,-Inf,-Inf,-Inf,2137,2137,-Inf,-Inf,-Inf,-Inf,-Inf,-Inf,-Inf,-Inf,-Inf,2137,2137,-Inf,-Inf,-Inf,-Inf,-Inf,-Inf,-Inf,-Inf,-Inf
2138,2138,-Inf,-Inf,-Inf,-Inf,-Inf,-Inf,-Inf,-Inf,-Inf,2138,2138,-Inf,-Inf,-Inf,-Inf,-Inf,-Inf,-Inf,-Inf,-Inf,2138,2138,-Inf,-Inf,-Inf,-Inf,-Inf,-Inf,-Inf,-Inf,-Inf
2139,2139,-Inf,-Inf,-Inf,-Inf,-Inf,-Inf,-Inf,-Inf,-Inf,2139,2139,-Inf,-Inf,-Inf,-Inf,-Inf,-Inf,-Inf,-Inf,-Inf,2139,2139,-Inf,-Inf,-Inf,-Inf,-Inf,-Inf,-Inf,-Inf,-Inf
2140,2140,-Inf,-Inf,-Inf,-Inf,-Inf,-Inf,-Inf,-Inf,-Inf,2140,2140,-Inf,-Inf,-Inf,-Inf,-Inf,-Inf,-Inf,-Inf,-Inf,2140,2140,-Inf,-Inf,-Inf,-Inf,-Inf,-Inf,-Inf,-Inf,-Inf
2141,2141,-Inf,-Inf,-Inf,-Inf,-Inf,-Inf,-Inf,-Inf,-Inf,2141,2141,-Inf,-Inf,-Inf,-Inf,-Inf,-Inf,-Inf,-Inf,-Inf,2141,2141,-Inf,-Inf,-Inf,-Inf,-Inf,-Inf,-Inf,-Inf,-Inf
2142,2142,-Inf,-Inf,-Inf,-Inf,-Inf,-Inf,-Inf,-Inf,-Inf,2142,2142,-Inf,-Inf,-Inf,-Inf,-Inf,-Inf,-Inf,-Inf,-Inf,2142,2142,-Inf,-Inf,-Inf,-Inf,-Inf,-Inf,-Inf,-Inf,-Inf
2143,2143,-Inf,-Inf,-Inf,-Inf,-Inf,-Inf,-Inf,-Inf,-Inf,2143,2143,-Inf,-Inf,-Inf,-Inf,-Inf,-Inf,-Inf,-Inf,-Inf,2143,2143,-Inf,-Inf,-Inf,-Inf,-Inf,-Inf,-Inf,-Inf,-Inf
2144,2144,-Inf,-Inf,-Inf,-Inf,-Inf,-Inf,-Inf,-Inf,-Inf,2144,2144,-Inf,-Inf,-Inf,-Inf,-Inf,-Inf,-Inf,-Inf,-Inf,2144,2144,-Inf,-Inf,-Inf,-Inf,-Inf,-Inf,-Inf,-Inf,-Inf
2145,2145,-Inf,-Inf,-Inf,-Inf,-Inf,-Inf,-Inf,-Inf,-Inf,2145,2145,-Inf,-Inf,-Inf,-Inf,-Inf,-Inf,-Inf,-Inf,-Inf,2145,2145,-Inf,-Inf,-Inf,-Inf,-Inf,-Inf,-Inf,-Inf,-Inf
2146,2146,-Inf,-Inf,-Inf,-Inf,-Inf,-Inf,-Inf,-Inf,-Inf,2146,2146,-Inf,-Inf,-Inf,-Inf,-Inf,-Inf,-Inf,-Inf,-Inf,2146,2146,-Inf,-Inf,-Inf,-Inf,-Inf,-Inf,-Inf,-Inf,-Inf
2147,2147,-Inf,-Inf,-Inf,-Inf,-Inf,-Inf,-Inf,-Inf,-Inf,2147,2147,-Inf,-Inf,-Inf,-Inf,-Inf,-Inf,-Inf,-Inf,-Inf,2147,2147,-Inf,-Inf,-Inf,-Inf,-Inf,-Inf,-Inf,-Inf,-Inf
2148,2148,-Inf,-Inf,-Inf,-Inf,-Inf,-Inf,-Inf,-Inf,-Inf,2148,2148,-Inf,-Inf,-Inf,-Inf,-Inf,-Inf,-Inf,-Inf,-Inf,2148,2148,-Inf,-Inf,-Inf,-Inf,-Inf,-Inf,-Inf,-Inf,-Inf
2149,2149,-Inf,-Inf,-Inf,-Inf,-Inf,-Inf,-Inf,-Inf,-Inf,2149,2149,-Inf,-Inf,-Inf,-Inf,-Inf,-Inf,-Inf,-Inf,-Inf,2149,2149,-Inf,-Inf,-Inf,-Inf,-Inf,-Inf,-Inf,-Inf,-Inf
2150,2150,-Inf,-Inf,-Inf,-Inf,-Inf,-Inf,-Inf,-Inf,-Inf,2150,2150,-Inf,-Inf,-Inf,-Inf,-Inf,-Inf,-Inf,-Inf,-Inf,2150,2150,-Inf,-Inf,-Inf,-Inf,-Inf,-Inf,-Inf,-Inf,-Inf
2151,2151,-Inf,-Inf,-Inf,-Inf,-Inf,-Inf,-Inf,-Inf,-Inf,2151,2151,-Inf,-Inf,-Inf,-Inf,-Inf,-Inf,-Inf,-Inf,-Inf,2151,2151,-Inf,-Inf,-Inf,-Inf,-Inf,-Inf,-Inf,-Inf,-Inf
2152,2152,-Inf,-Inf,-Inf,-Inf,-Inf,-Inf,-Inf,-Inf,-Inf,2152,2152,-Inf,-Inf,-Inf,-Inf,-Inf,-Inf,-Inf,-Inf,-Inf,2152,2152,-Inf,-Inf,-Inf,-Inf,-Inf,-Inf,-Inf,-Inf,-Inf
2153,2153,-Inf,-Inf,-Inf,-Inf,-Inf,-Inf,-Inf,-Inf,-Inf,2153,2153,-Inf,-Inf,-Inf,-Inf,-Inf,-Inf,-Inf,-Inf,-Inf,2153,2153,-Inf,-Inf,-Inf,-Inf,-Inf,-Inf,-Inf,-Inf,-Inf
2154,2154,-Inf,-Inf,-Inf,-Inf,-Inf,-Inf,-Inf,-Inf,-Inf,2154,2154,-Inf,-Inf,-Inf,-Inf,-Inf,-Inf,-Inf,-Inf,-Inf,2154,2154,-Inf,-Inf,-Inf,-Inf,-Inf,-Inf,-Inf,-Inf,-Inf
2155,2155,-Inf,-Inf,-Inf,-Inf,-Inf,-Inf,-Inf,-Inf,-Inf,2155,2155,-Inf,-Inf,-Inf,-Inf,-Inf,-Inf,-Inf,-Inf,-Inf,2155,2155,-Inf,-Inf,-Inf,-Inf,-Inf,-Inf,-Inf,-Inf,-Inf
2156,2156,-Inf,-Inf,-Inf,-Inf,-Inf,-Inf,-Inf,-Inf,-Inf,2156,2156,-Inf,-Inf,-Inf,-Inf,-Inf,-Inf,-Inf,-Inf,-Inf,2156,2156,-Inf,-Inf,-Inf,-Inf,-Inf,-Inf,-Inf,-Inf,-Inf
2157,2157,-Inf,-Inf,-Inf,-Inf,-Inf,-Inf,-Inf,-Inf,-Inf,2157,2157,-Inf,-Inf,-Inf,-Inf,-Inf,-Inf,-Inf,-Inf,-Inf,2157,2157,-Inf,-Inf,-Inf,-Inf,-Inf,-Inf,-Inf,-Inf,-Inf
2158,2158,-Inf,-Inf,-Inf,-Inf,-Inf,-Inf,-Inf,-Inf,-Inf,2158,2158,-Inf,-Inf,-Inf,-Inf,-Inf,-Inf,-Inf,-Inf,-Inf,2158,2158,-Inf,-Inf,-Inf,-Inf,-Inf,-Inf,-Inf,-Inf,-Inf
2159,2159,-Inf,-Inf,-Inf,-Inf,-Inf,-Inf,-Inf,-Inf,-Inf,2159,2159,-Inf,-Inf,-Inf,-Inf,-Inf,-Inf,-Inf,-Inf,-Inf,2159,2159,-Inf,-Inf,-Inf,-Inf,-Inf,-Inf,-Inf,-Inf,-Inf
2160,2160,-Inf,-Inf,-Inf,-Inf,-Inf,-Inf,-Inf,-Inf,-Inf,2160,2160,-Inf,-Inf,-Inf,-Inf,-Inf,-Inf,-Inf,-Inf,-Inf,2160,2160,-Inf,-Inf,-Inf,-Inf,-Inf,-Inf,-Inf,-Inf,-Inf
2161,2161,-Inf,-Inf,-Inf,-Inf,-Inf,-Inf,-Inf,-Inf,-Inf,2161,2161,-Inf,-Inf,-Inf,-Inf,-Inf,-Inf,-Inf,-Inf,-Inf,2161,2161,-Inf,-Inf,-Inf,-Inf,-Inf,-Inf,-Inf,-Inf,-Inf
2162,2162,-Inf,-Inf,-Inf,-Inf,-Inf,-Inf,-Inf,-Inf,-Inf,2162,2162,-Inf,-Inf,-Inf,-Inf,-Inf,-Inf,-Inf,-Inf,-Inf,2162,2162,-Inf,-Inf,-Inf,-Inf,-Inf,-Inf,-Inf,-Inf,-Inf
2163,2163,-Inf,-Inf,-Inf,-Inf,-Inf,-Inf,-Inf,-Inf,-Inf,2163,2163,-Inf,-Inf,-Inf,-Inf,-Inf,-Inf,-Inf,-Inf,-Inf,2163,2163,-Inf,-Inf,-Inf,-Inf,-Inf,-Inf,-Inf,-Inf,-Inf
2164,2164,-Inf,-Inf,-Inf,-Inf,-Inf,-Inf,-Inf,-Inf,-Inf,2164,2164,-Inf,-Inf,-Inf,-Inf,-Inf,-Inf,-Inf,-Inf,-Inf,2164,2164,-Inf,-Inf,-Inf,-Inf,-Inf,-Inf,-Inf,-Inf,-Inf
2165,2165,-Inf,-Inf,-Inf,-Inf,-Inf,-Inf,-Inf,-Inf,-Inf,2165,2165,-Inf,-Inf,-Inf,-Inf,-Inf,-Inf,-Inf,-Inf,-Inf,2165,2165,-Inf,-Inf,-Inf,-Inf,-Inf,-Inf,-Inf,-Inf,-Inf
2166,2166,-Inf,-Inf,-Inf,-Inf,-Inf,-Inf,-Inf,-Inf,-Inf,2166,2166,-Inf,-Inf,-Inf,-Inf,-Inf,-Inf,-Inf,-Inf,-Inf,2166,2166,-Inf,-Inf,-Inf,-Inf,-Inf,-Inf,-Inf,-Inf,-Inf
2167,2167,-Inf,-Inf,-Inf,-Inf,-Inf,-Inf,-Inf,-Inf,-Inf,2167,2167,-Inf,-Inf,-Inf,-Inf,-Inf,-Inf,-Inf,-Inf,-Inf,2167,2167,-Inf,-Inf,-Inf,-Inf,-Inf,-Inf,-Inf,-Inf,-Inf
2168,2168,-Inf,-Inf,-Inf,-Inf,-Inf,-Inf,-Inf,-Inf,-Inf,2168,2168,-Inf,-Inf,-Inf,-Inf,-Inf,-Inf,-Inf,-Inf,-Inf,2168,2168,-Inf,-Inf,-Inf,-Inf,-Inf,-Inf,-Inf,-Inf,-Inf
2169,2169,-Inf,-Inf,-Inf,-Inf,-Inf,-Inf,-Inf,-Inf,-Inf,2169,2169,-Inf,-Inf,-Inf,-Inf,-Inf,-Inf,-Inf,-Inf,-Inf,2169,2169,-Inf,-Inf,-Inf,-Inf,-Inf,-Inf,-Inf,-Inf,-Inf
2170,2170,-Inf,-Inf,-Inf,-Inf,-Inf,-Inf,-Inf,-Inf,-Inf,2170,2170,-Inf,-Inf,-Inf,-Inf,-Inf,-Inf,-Inf,-Inf,-Inf,2170,2170,-Inf,-Inf,-Inf,-Inf,-Inf,-Inf,-Inf,-Inf,-Inf
2171,2171,-Inf,-Inf,-Inf,-Inf,-Inf,-Inf,-Inf,-Inf,-Inf,2171,2171,-Inf,-Inf,-Inf,-Inf,-Inf,-Inf,-Inf,-Inf,-Inf,2171,2171,-Inf,-Inf,-Inf,-Inf,-Inf,-Inf,-Inf,-Inf,-Inf
2172,2172,-Inf,-Inf,-Inf,-Inf,-Inf,-Inf,-Inf,-Inf,-Inf,2172,2172,-Inf,-Inf,-Inf,-Inf,-Inf,-Inf,-Inf,-Inf,-Inf,2172,2172,-Inf,-Inf,-Inf,-Inf,-Inf,-Inf,-Inf,-Inf,-Inf
2173,2173,-Inf,-Inf,-Inf,-Inf,-Inf,-Inf,-Inf,-Inf,-Inf,2173,2173,-Inf,-Inf,-Inf,-Inf,-Inf,-Inf,-Inf,-Inf,-Inf,2173,2173,-Inf,-Inf,-Inf,-Inf,-Inf,-Inf,-Inf,-Inf,-Inf
2174,2174,-Inf,-Inf,-Inf,-Inf,-Inf,-Inf,-Inf,-Inf,-Inf,2174,2174,-Inf,-Inf,-Inf,-Inf,-Inf,-Inf,-Inf,-Inf,-Inf,2174,2174,-Inf,-Inf,-Inf,-Inf,-Inf,-Inf,-Inf,-Inf,-Inf
2175,2175,-Inf,-Inf,-Inf,-Inf,-Inf,-Inf,-Inf,-Inf,-Inf,2175,2175,-Inf,-Inf,-Inf,-Inf,-Inf,-Inf,-Inf,-Inf,-Inf,2175,2175,-Inf,-Inf,-Inf,-Inf,-Inf,-Inf,-Inf,-Inf,-Inf
2176,2176,-Inf,-Inf,-Inf,-Inf,-Inf,-Inf,-Inf,-Inf,-Inf,2176,2176,-Inf,-Inf,-Inf,-Inf,-Inf,-Inf,-Inf,-Inf,-Inf,2176,2176,-Inf,-Inf,-Inf,-Inf,-Inf,-Inf,-Inf,-Inf,-Inf
2177,2177,-Inf,-Inf,-Inf,-Inf,-Inf,-Inf,-Inf,-Inf,-Inf,2177,2177,-Inf,-Inf,-Inf,-Inf,-Inf,-Inf,-Inf,-Inf,-Inf,2177,2177,-Inf,-Inf,-Inf,-Inf,-Inf,-Inf,-Inf,-Inf,-Inf
2178,2178,-Inf,-Inf,-Inf,-Inf,-Inf,-Inf,-Inf,-Inf,-Inf,2178,2178,-Inf,-Inf,-Inf,-Inf,-Inf,-Inf,-Inf,-Inf,-Inf,2178,2178,-Inf,-Inf,-Inf,-Inf,-Inf,-Inf,-Inf,-Inf,-Inf
2179,2179,-Inf,-Inf,-Inf,-Inf,-Inf,-Inf,-Inf,-Inf,-Inf,2179,2179,-Inf,-Inf,-Inf,-Inf,-Inf,-Inf,-Inf,-Inf,-Inf,2179,2179,-Inf,-Inf,-Inf,-Inf,-Inf,-Inf,-Inf,-Inf,-Inf
2180,2180,-Inf,-Inf,-Inf,-Inf,-Inf,-Inf,-Inf,-Inf,-Inf,2180,2180,-Inf,-Inf,-Inf,-Inf,-Inf,-Inf,-Inf,-Inf,-Inf,2180,2180,-Inf,-Inf,-Inf,-Inf,-Inf,-Inf,-Inf,-Inf,-Inf
2181,2181,-Inf,-Inf,-Inf,-Inf,-Inf,-Inf,-Inf,-Inf,-Inf,2181,2181,-Inf,-Inf,-Inf,-Inf,-Inf,-Inf,-Inf,-Inf,-Inf,2181,2181,-Inf,-Inf,-Inf,-Inf,-Inf,-Inf,-Inf,-Inf,-Inf
2182,2182,-Inf,-Inf,-Inf,-Inf,-Inf,-Inf,-Inf,-Inf,-Inf,2182,2182,-Inf,-Inf,-Inf,-Inf,-Inf,-Inf,-Inf,-Inf,-Inf,2182,2182,-Inf,-Inf,-Inf,-Inf,-Inf,-Inf,-Inf,-Inf,-Inf
2183,2183,-Inf,-Inf,-Inf,-Inf,-Inf,-Inf,-Inf,-Inf,-Inf,2183,2183,-Inf,-Inf,-Inf,-Inf,-Inf,-Inf,-Inf,-Inf,-Inf,2183,2183,-Inf,-Inf,-Inf,-Inf,-Inf,-Inf,-Inf,-Inf,-Inf
2184,2184,-Inf,-Inf,-Inf,-Inf,-Inf,-Inf,-Inf,-Inf,-Inf,2184,2184,-Inf,-Inf,-Inf,-Inf,-Inf,-Inf,-Inf,-Inf,-Inf,2184,2184,-Inf,-Inf,-Inf,-Inf,-Inf,-Inf,-Inf,-Inf,-Inf
2185,2185,-Inf,-Inf,-Inf,-Inf,-Inf,-Inf,-Inf,-Inf,-Inf,2185,2185,-Inf,-Inf,-Inf,-Inf,-Inf,-Inf,-Inf,-Inf,-Inf,2185,2185,-Inf,-Inf,-Inf,-Inf,-Inf,-Inf,-Inf,-Inf,-Inf
2186,2186,-Inf,-Inf,-Inf,-Inf,-Inf,-Inf,-Inf,-Inf,-Inf,2186,2186,-Inf,-Inf,-Inf,-Inf,-Inf,-Inf,-Inf,-Inf,-Inf,2186,2186,-Inf,-Inf,-Inf,-Inf,-Inf,-Inf,-Inf,-Inf,-Inf
2187,2187,-Inf,-Inf,-Inf,-Inf,-Inf,-Inf,-Inf,-Inf,-Inf,2187,2187,-Inf,-Inf,-Inf,-Inf,-Inf,-Inf,-Inf,-Inf,-Inf,2187,2187,-Inf,-Inf,-Inf,-Inf,-Inf,-Inf,-Inf,-Inf,-Inf
2188,2188,-Inf,-Inf,-Inf,-Inf,-Inf,-Inf,-Inf,-Inf,-Inf,2188,2188,-Inf,-Inf,-Inf,-Inf,-Inf,-Inf,-Inf,-Inf,-Inf,2188,2188,-Inf,-Inf,-Inf,-Inf,-Inf,-Inf,-Inf,-Inf,-Inf
2189,2189,-Inf,-Inf,-Inf,-Inf,-Inf,-Inf,-Inf,-Inf,-Inf,2189,2189,-Inf,-Inf,-Inf,-Inf,-Inf,-Inf,-Inf,-Inf,-Inf,2189,2189,-Inf,-Inf,-Inf,-Inf,-Inf,-Inf,-Inf,-Inf,-Inf
2190,2190,-Inf,-Inf,-Inf,-Inf,-Inf,-Inf,-Inf,-Inf,-Inf,2190,2190,-Inf,-Inf,-Inf,-Inf,-Inf,-Inf,-Inf,-Inf,-Inf,2190,2190,-Inf,-Inf,-Inf,-Inf,-Inf,-Inf,-Inf,-Inf,-Inf
2191,2191,-Inf,-Inf,-Inf,-Inf,-Inf,-Inf,-Inf,-Inf,-Inf,2191,2191,-Inf,-Inf,-Inf,-Inf,-Inf,-Inf,-Inf,-Inf,-Inf,2191,2191,-Inf,-Inf,-Inf,-Inf,-Inf,-Inf,-Inf,-Inf,-Inf
2192,2192,-Inf,-Inf,-Inf,-Inf,-Inf,-Inf,-Inf,-Inf,-Inf,2192,2192,-Inf,-Inf,-Inf,-Inf,-Inf,-Inf,-Inf,-Inf,-Inf,2192,2192,-Inf,-Inf,-Inf,-Inf,-Inf,-Inf,-Inf,-Inf,-Inf
2193,2193,-Inf,-Inf,-Inf,-Inf,-Inf,-Inf,-Inf,-Inf,-Inf,2193,2193,-Inf,-Inf,-Inf,-Inf,-Inf,-Inf,-Inf,-Inf,-Inf,2193,2193,-Inf,-Inf,-Inf,-Inf,-Inf,-Inf,-Inf,-Inf,-Inf
2194,2194,-Inf,-Inf,-Inf,-Inf,-Inf,-Inf,-Inf,-Inf,-Inf,2194,2194,-Inf,-Inf,-Inf,-Inf,-Inf,-Inf,-Inf,-Inf,-Inf,2194,2194,-Inf,-Inf,-Inf,-Inf,-Inf,-Inf,-Inf,-Inf,-Inf
2195,2195,-Inf,-Inf,-Inf,-Inf,-Inf,-Inf,-Inf,-Inf,-Inf,2195,2195,-Inf,-Inf,-Inf,-Inf,-Inf,-Inf,-Inf,-Inf,-Inf,2195,2195,-Inf,-Inf,-Inf,-Inf,-Inf,-Inf,-Inf,-Inf,-Inf
2196,2196,-Inf,-Inf,-Inf,-Inf,-Inf,-Inf,-Inf,-Inf,-Inf,2196,2196,-Inf,-Inf,-Inf,-Inf,-Inf,-Inf,-Inf,-Inf,-Inf,2196,2196,-Inf,-Inf,-Inf,-Inf,-Inf,-Inf,-Inf,-Inf,-Inf
2197,2197,-Inf,-Inf,-Inf,-Inf,-Inf,-Inf,-Inf,-Inf,-Inf,2197,2197,-Inf,-Inf,-Inf,-Inf,-Inf,-Inf,-Inf,-Inf,-Inf,2197,2197,-Inf,-Inf,-Inf,-Inf,-Inf,-Inf,-Inf,-Inf,-Inf
2198,2198,-Inf,-Inf,-Inf,-Inf,-Inf,-Inf,-Inf,-Inf,-Inf,2198,2198,-Inf,-Inf,-Inf,-Inf,-Inf,-Inf,-Inf,-Inf,-Inf,2198,2198,-Inf,-Inf,-Inf,-Inf,-Inf,-Inf,-Inf,-Inf,-Inf
2199,2199,-Inf,-Inf,-Inf,-Inf,-Inf,-Inf,-Inf,-Inf,-Inf,2199,2199,-Inf,-Inf,-Inf,-Inf,-Inf,-Inf,-Inf,-Inf,-Inf,2199,2199,-Inf,-Inf,-Inf,-Inf,-Inf,-Inf,-Inf,-Inf,-Inf
2200,2200,-Inf,-Inf,-Inf,-Inf,-Inf,-Inf,-Inf,-Inf,-Inf,2200,2200,-Inf,-Inf,-Inf,-Inf,-Inf,-Inf,-Inf,-Inf,-Inf,2200,2200,-Inf,-Inf,-Inf,-Inf,-Inf,-Inf,-Inf,-Inf,-Inf
2201,2201,-Inf,-Inf,-Inf,-Inf,-Inf,-Inf,-Inf,-Inf,-Inf,2201,2201,-Inf,-Inf,-Inf,-Inf,-Inf,-Inf,-Inf,-Inf,-Inf,2201,2201,-Inf,-Inf,-Inf,-Inf,-Inf,-Inf,-Inf,-Inf,-Inf
2202,2202,-Inf,-Inf,-Inf,-Inf,-Inf,-Inf,-Inf,-Inf,-Inf,2202,2202,-Inf,-Inf,-Inf,-Inf,-Inf,-Inf,-Inf,-Inf,-Inf,2202,2202,-Inf,-Inf,-Inf,-Inf,-Inf,-Inf,-Inf,-Inf,-Inf
2203,2203,-Inf,-Inf,-Inf,-Inf,-Inf,-Inf,-Inf,-Inf,-Inf,2203,2203,-Inf,-Inf,-Inf,-Inf,-Inf,-Inf,-Inf,-Inf,-Inf,2203,2203,-Inf,-Inf,-Inf,-Inf,-Inf,-Inf,-Inf,-Inf,-Inf
2204,2204,-Inf,-Inf,-Inf,-Inf,-Inf,-Inf,-Inf,-Inf,-Inf,2204,2204,-Inf,-Inf,-Inf,-Inf,-Inf,-Inf,-Inf,-Inf,-Inf,2204,2204,-Inf,-Inf,-Inf,-Inf,-Inf,-Inf,-Inf,-Inf,-Inf
2205,2205,-Inf,-Inf,-Inf,-Inf,-Inf,-Inf,-Inf,-Inf,-Inf,2205,2205,-Inf,-Inf,-Inf,-Inf,-Inf,-Inf,-Inf,-Inf,-Inf,2205,2205,-Inf,-Inf,-Inf,-Inf,-Inf,-Inf,-Inf,-Inf,-Inf
2206,2206,-Inf,-Inf,-Inf,-Inf,-Inf,-Inf,-Inf,-Inf,-Inf,2206,2206,-Inf,-Inf,-Inf,-Inf,-Inf,-Inf,-Inf,-Inf,-Inf,2206,2206,-Inf,-Inf,-Inf,-Inf,-Inf,-Inf,-Inf,-Inf,-Inf
2207,2207,-Inf,-Inf,-Inf,-Inf,-Inf,-Inf,-Inf,-Inf,-Inf,2207,2207,-Inf,-Inf,-Inf,-Inf,-Inf,-Inf,-Inf,-Inf,-Inf,2207,2207,-Inf,-Inf,-Inf,-Inf,-Inf,-Inf,-Inf,-Inf,-Inf
2208,2208,-Inf,-Inf,-Inf,-Inf,-Inf,-Inf,-Inf,-Inf,-Inf,2208,2208,-Inf,-Inf,-Inf,-Inf,-Inf,-Inf,-Inf,-Inf,-Inf,2208,2208,-Inf,-Inf,-Inf,-Inf,-Inf,-Inf,-Inf,-Inf,-Inf
2209,2209,-Inf,-Inf,-Inf,-Inf,-Inf,-Inf,-Inf,-Inf,-Inf,2209,2209,-Inf,-Inf,-Inf,-Inf,-Inf,-Inf,-Inf,-Inf,-Inf,2209,2209,-Inf,-Inf,-Inf,-Inf,-Inf,-Inf,-Inf,-Inf,-Inf
2210,2210,-Inf,-Inf,-Inf,-Inf,-Inf,-Inf,-Inf,-Inf,-Inf,2210,2210,-Inf,-Inf,-Inf,-Inf,-Inf,-Inf,-Inf,-Inf,-Inf,2210,2210,-Inf,-Inf,-Inf,-Inf,-Inf,-Inf,-Inf,-Inf,-Inf
2211,2211,-Inf,-Inf,-Inf,-Inf,-Inf,-Inf,-Inf,-Inf,-Inf,2211,2211,-Inf,-Inf,-Inf,-Inf,-Inf,-Inf,-Inf,-Inf,-Inf,2211,2211,-Inf,-Inf,-Inf,-Inf,-Inf,-Inf,-Inf,-Inf,-Inf
2212,2212,-Inf,-Inf,-Inf,-Inf,-Inf,-Inf,-Inf,-Inf,-Inf,2212,2212,-Inf,-Inf,-Inf,-Inf,-Inf,-Inf,-Inf,-Inf,-Inf,2212,2212,-Inf,-Inf,-Inf,-Inf,-Inf,-Inf,-Inf,-Inf,-Inf
2213,2213,-Inf,-Inf,-Inf,-Inf,-Inf,-Inf,-Inf,-Inf,-Inf,2213,2213,-Inf,-Inf,-Inf,-Inf,-Inf,-Inf,-Inf,-Inf,-Inf,2213,2213,-Inf,-Inf,-Inf,-Inf,-Inf,-Inf,-Inf,-Inf,-Inf
2214,2214,-Inf,-Inf,-Inf,-Inf,-Inf,-Inf,-Inf,-Inf,-Inf,2214,2214,-Inf,-Inf,-Inf,-Inf,-Inf,-Inf,-Inf,-Inf,-Inf,2214,2214,-Inf,-Inf,-Inf,-Inf,-Inf,-Inf,-Inf,-Inf,-Inf
2215,2215,-Inf,-Inf,-Inf,-Inf,-Inf,-Inf,-Inf,-Inf,-Inf,2215,2215,-Inf,-Inf,-Inf,-Inf,-Inf,-Inf,-Inf,-Inf,-Inf,2215,2215,-Inf,-Inf,-Inf,-Inf,-Inf,-Inf,-Inf,-Inf,-Inf
2216,2216,-Inf,-Inf,-Inf,-Inf,-Inf,-Inf,-Inf,-Inf,-Inf,2216,2216,-Inf,-Inf,-Inf,-Inf,-Inf,-Inf,-Inf,-Inf,-Inf,2216,2216,-Inf,-Inf,-Inf,-Inf,-Inf,-Inf,-Inf,-Inf,-Inf
2217,2217,-Inf,-Inf,-Inf,-Inf,-Inf,-Inf,-Inf,-Inf,-Inf,2217,2217,-Inf,-Inf,-Inf,-Inf,-Inf,-Inf,-Inf,-Inf,-Inf,2217,2217,-Inf,-Inf,-Inf,-Inf,-Inf,-Inf,-Inf,-Inf,-Inf
2218,2218,-Inf,-Inf,-Inf,-Inf,-Inf,-Inf,-Inf,-Inf,-Inf,2218,2218,-Inf,-Inf,-Inf,-Inf,-Inf,-Inf,-Inf,-Inf,-Inf,2218,2218,-Inf,-Inf,-Inf,-Inf,-Inf,-Inf,-Inf,-Inf,-Inf
2219,2219,-Inf,-Inf,-Inf,-Inf,-Inf,-Inf,-Inf,-Inf,-Inf,2219,2219,-Inf,-Inf,-Inf,-Inf,-Inf,-Inf,-Inf,-Inf,-Inf,2219,2219,-Inf,-Inf,-Inf,-Inf,-Inf,-Inf,-Inf,-Inf,-Inf
2220,2220,-Inf,-Inf,-Inf,-Inf,-Inf,-Inf,-Inf,-Inf,-Inf,2220,2220,-Inf,-Inf,-Inf,-Inf,-Inf,-Inf,-Inf,-Inf,-Inf,2220,2220,-Inf,-Inf,-Inf,-Inf,-Inf,-Inf,-Inf,-Inf,-Inf
2221,2221,-Inf,-Inf,-Inf,-Inf,-Inf,-Inf,-Inf,-Inf,-Inf,2221,2221,-Inf,-Inf,-Inf,-Inf,-Inf,-Inf,-Inf,-Inf,-Inf,2221,2221,-Inf,-Inf,-Inf,-Inf,-Inf,-Inf,-Inf,-Inf,-Inf
2222,2222,-Inf,-Inf,-Inf,-Inf,-Inf,-Inf,-Inf,-Inf,-Inf,2222,2222,-Inf,-Inf,-Inf,-Inf,-Inf,-Inf,-Inf,-Inf,-Inf,2222,2222,-Inf,-Inf,-Inf,-Inf,-Inf,-Inf,-Inf,-Inf,-Inf
2223,2223,-Inf,-Inf,-Inf,-Inf,-Inf,-Inf,-Inf,-Inf,-Inf,2223,2223,-Inf,-Inf,-Inf,-Inf,-Inf,-Inf,-Inf,-Inf,-Inf,2223,2223,-Inf,-Inf,-Inf,-Inf,-Inf,-Inf,-Inf,-Inf,-Inf
2224,2224,-Inf,-Inf,-Inf,-Inf,-Inf,-Inf,-Inf,-Inf,-Inf,2224,2224,-Inf,-Inf,-Inf,-Inf,-Inf,-Inf,-Inf,-Inf,-Inf,2224,2224,-Inf,-Inf,-Inf,-Inf,-Inf,-Inf,-Inf,-Inf,-Inf
2225,2225,-Inf,-Inf,-Inf,-Inf,-Inf,-Inf,-Inf,-Inf,-Inf,2225,2225,-Inf,-Inf,-Inf,-Inf,-Inf,-Inf,-Inf,-Inf,-Inf,2225,2225,-Inf,-Inf,-Inf,-Inf,-Inf,-Inf,-Inf,-Inf,-Inf
2226,2226,-Inf,-Inf,-Inf,-Inf,-Inf,-Inf,-Inf,-Inf,-Inf,2226,2226,-Inf,-Inf,-Inf,-Inf,-Inf,-Inf,-Inf,-Inf,-Inf,2226,2226,-Inf,-Inf,-Inf,-Inf,-Inf,-Inf,-Inf,-Inf,-Inf
2227,2227,-Inf,-Inf,-Inf,-Inf,-Inf,-Inf,-Inf,-Inf,-Inf,2227,2227,-Inf,-Inf,-Inf,-Inf,-Inf,-Inf,-Inf,-Inf,-Inf,2227,2227,-Inf,-Inf,-Inf,-Inf,-Inf,-Inf,-Inf,-Inf,-Inf
2228,2228,-Inf,-Inf,-Inf,-Inf,-Inf,-Inf,-Inf,-Inf,-Inf,2228,2228,-Inf,-Inf,-Inf,-Inf,-Inf,-Inf,-Inf,-Inf,-Inf,2228,2228,-Inf,-Inf,-Inf,-Inf,-Inf,-Inf,-Inf,-Inf,-Inf
2229,2229,-Inf,-Inf,-Inf,-Inf,-Inf,-Inf,-Inf,-Inf,-Inf,2229,2229,-Inf,-Inf,-Inf,-Inf,-Inf,-Inf,-Inf,-Inf,-Inf,2229,2229,-Inf,-Inf,-Inf,-Inf,-Inf,-Inf,-Inf,-Inf,-Inf
2230,2230,-Inf,-Inf,-Inf,-Inf,-Inf,-Inf,-Inf,-Inf,-Inf,2230,2230,-Inf,-Inf,-Inf,-Inf,-Inf,-Inf,-Inf,-Inf,-Inf,2230,2230,-Inf,-Inf,-Inf,-Inf,-Inf,-Inf,-Inf,-Inf,-Inf
2231,2231,-Inf,-Inf,-Inf,-Inf,-Inf,-Inf,-Inf,-Inf,-Inf,2231,2231,-Inf,-Inf,-Inf,-Inf,-Inf,-Inf,-Inf,-Inf,-Inf,2231,2231,-Inf,-Inf,-Inf,-Inf,-Inf,-Inf,-Inf,-Inf,-Inf
2232,2232,-Inf,-Inf,-Inf,-Inf,-Inf,-Inf,-Inf,-Inf,-Inf,2232,2232,-Inf,-Inf,-Inf,-Inf,-Inf,-Inf,-Inf,-Inf,-Inf,2232,2232,-Inf,-Inf,-Inf,-Inf,-Inf,-Inf,-Inf,-Inf,-Inf
2233,2233,-Inf,-Inf,-Inf,-Inf,-Inf,-Inf,-Inf,-Inf,-Inf,2233,2233,-Inf,-Inf,-Inf,-Inf,-Inf,-Inf,-Inf,-Inf,-Inf,2233,2233,-Inf,-Inf,-Inf,-Inf,-Inf,-Inf,-Inf,-Inf,-Inf
2234,2234,-Inf,-Inf,-Inf,-Inf,-Inf,-Inf,-Inf,-Inf,-Inf,2234,2234,-Inf,-Inf,-Inf,-Inf,-Inf,-Inf,-Inf,-Inf,-Inf,2234,2234,-Inf,-Inf,-Inf,-Inf,-Inf,-Inf,-Inf,-Inf,-Inf
2235,2235,-Inf,-Inf,-Inf,-Inf,-Inf,-Inf,-Inf,-Inf,-Inf,2235,2235,-Inf,-Inf,-Inf,-Inf,-Inf,-Inf,-Inf,-Inf,-Inf,2235,2235,-Inf,-Inf,-Inf,-Inf,-Inf,-Inf,-Inf,-Inf,-Inf
2236,2236,-Inf,-Inf,-Inf,-Inf,-Inf,-Inf,-Inf,-Inf,-Inf,2236,2236,-Inf,-Inf,-Inf,-Inf,-Inf,-Inf,-Inf,-Inf,-Inf,2236,2236,-Inf,-Inf,-Inf,-Inf,-Inf,-Inf,-Inf,-Inf,-Inf
2237,2237,-Inf,-Inf,-Inf,-Inf,-Inf,-Inf,-Inf,-Inf,-Inf,2237,2237,-Inf,-Inf,-Inf,-Inf,-Inf,-Inf,-Inf,-Inf,-Inf,2237,2237,-Inf,-Inf,-Inf,-Inf,-Inf,-Inf,-Inf,-Inf,-Inf
2238,2238,-Inf,-Inf,-Inf,-Inf,-Inf,-Inf,-Inf,-Inf,-Inf,2238,2238,-Inf,-Inf,-Inf,-Inf,-Inf,-Inf,-Inf,-Inf,-Inf,2238,2238,-Inf,-Inf,-Inf,-Inf,-Inf,-Inf,-Inf,-Inf,-Inf
2239,2239,-Inf,-Inf,-Inf,-Inf,-Inf,-Inf,-Inf,-Inf,-Inf,2239,2239,-Inf,-Inf,-Inf,-Inf,-Inf,-Inf,-Inf,-Inf,-Inf,2239,2239,-Inf,-Inf,-Inf,-Inf,-Inf,-Inf,-Inf,-Inf,-Inf
2240,2240,-Inf,-Inf,-Inf,-Inf,-Inf,-Inf,-Inf,-Inf,-Inf,2240,2240,-Inf,-Inf,-Inf,-Inf,-Inf,-Inf,-Inf,-Inf,-Inf,2240,2240,-Inf,-Inf,-Inf,-Inf,-Inf,-Inf,-Inf,-Inf,-Inf
2241,2241,-Inf,-Inf,-Inf,-Inf,-Inf,-Inf,-Inf,-Inf,-Inf,2241,2241,-Inf,-Inf,-Inf,-Inf,-Inf,-Inf,-Inf,-Inf,-Inf,2241,2241,-Inf,-Inf,-Inf,-Inf,-Inf,-Inf,-Inf,-Inf,-Inf
2242,2242,-Inf,-Inf,-Inf,-Inf,-Inf,-Inf,-Inf,-Inf,-Inf,2242,2242,-Inf,-Inf,-Inf,-Inf,-Inf,-Inf,-Inf,-Inf,-Inf,2242,2242,-Inf,-Inf,-Inf,-Inf,-Inf,-Inf,-Inf,-Inf,-Inf
2243,2243,-Inf,-Inf,-Inf,-Inf,-Inf,-Inf,-Inf,-Inf,-Inf,2243,2243,-Inf,-Inf,-Inf,-Inf,-Inf,-Inf,-Inf,-Inf,-Inf,2243,2243,-Inf,-Inf,-Inf,-Inf,-Inf,-Inf,-Inf,-Inf,-Inf
2244,2244,-Inf,-Inf,-Inf,-Inf,-Inf,-Inf,-Inf,-Inf,-Inf,2244,2244,-Inf,-Inf,-Inf,-Inf,-Inf,-Inf,-Inf,-Inf,-Inf,2244,2244,-Inf,-Inf,-Inf,-Inf,-Inf,-Inf,-Inf,-Inf,-Inf
2245,2245,-Inf,-Inf,-Inf,-Inf,-Inf,-Inf,-Inf,-Inf,-Inf,2245,2245,-Inf,-Inf,-Inf,-Inf,-Inf,-Inf,-Inf,-Inf,-Inf,2245,2245,-Inf,-Inf,-Inf,-Inf,-Inf,-Inf,-Inf,-Inf,-Inf
2246,2246,-Inf,-Inf,-Inf,-Inf,-Inf,-Inf,-Inf,-Inf,-Inf,2246,2246,-Inf,-Inf,-Inf,-Inf,-Inf,-Inf,-Inf,-Inf,-Inf,2246,2246,-Inf,-Inf,-Inf,-Inf,-Inf,-Inf,-Inf,-Inf,-Inf
2247,2247,-Inf,-Inf,-Inf,-Inf,-Inf,-Inf,-Inf,-Inf,-Inf,2247,2247,-Inf,-Inf,-Inf,-Inf,-Inf,-Inf,-Inf,-Inf,-Inf,2247,2247,-Inf,-Inf,-Inf,-Inf,-Inf,-Inf,-Inf,-Inf,-Inf
2248,2248,-Inf,-Inf,-Inf,-Inf,-Inf,-Inf,-Inf,-Inf,-Inf,2248,2248,-Inf,-Inf,-Inf,-Inf,-Inf,-Inf,-Inf,-Inf,-Inf,2248,2248,-Inf,-Inf,-Inf,-Inf,-Inf,-Inf,-Inf,-Inf,-Inf
2249,2249,-Inf,-Inf,-Inf,-Inf,-Inf,-Inf,-Inf,-Inf,-Inf,2249,2249,-Inf,-Inf,-Inf,-Inf,-Inf,-Inf,-Inf,-Inf,-Inf,2249,2249,-Inf,-Inf,-Inf,-Inf,-Inf,-Inf,-Inf,-Inf,-Inf
2250,2250,-Inf,-Inf,-Inf,-Inf,-Inf,-Inf,-Inf,-Inf,-Inf,2250,2250,-Inf,-Inf,-Inf,-Inf,-Inf,-Inf,-Inf,-Inf,-Inf,2250,2250,-Inf,-Inf,-Inf,-Inf,-Inf,-Inf,-Inf,-Inf,-Inf
2251,2251,-Inf,-Inf,-Inf,-Inf,-Inf,-Inf,-Inf,-Inf,-Inf,2251,2251,-Inf,-Inf,-Inf,-Inf,-Inf,-Inf,-Inf,-Inf,-Inf,2251,2251,-Inf,-Inf,-Inf,-Inf,-Inf,-Inf,-Inf,-Inf,-Inf
2252,2252,-Inf,-Inf,-Inf,-Inf,-Inf,-Inf,-Inf,-Inf,-Inf,2252,2252,-Inf,-Inf,-Inf,-Inf,-Inf,-Inf,-Inf,-Inf,-Inf,2252,2252,-Inf,-Inf,-Inf,-Inf,-Inf,-Inf,-Inf,-Inf,-Inf
2253,2253,-Inf,-Inf,-Inf,-Inf,-Inf,-Inf,-Inf,-Inf,-Inf,2253,2253,-Inf,-Inf,-Inf,-Inf,-Inf,-Inf,-Inf,-Inf,-Inf,2253,2253,-Inf,-Inf,-Inf,-Inf,-Inf,-Inf,-Inf,-Inf,-Inf
2254,2254,-Inf,-Inf,-Inf,-Inf,-Inf,-Inf,-Inf,-Inf,-Inf,2254,2254,-Inf,-Inf,-Inf,-Inf,-Inf,-Inf,-Inf,-Inf,-Inf,2254,2254,-Inf,-Inf,-Inf,-Inf,-Inf,-Inf,-Inf,-Inf,-Inf
2255,2255,-Inf,-Inf,-Inf,-Inf,-Inf,-Inf,-Inf,-Inf,-Inf,2255,2255,-Inf,-Inf,-Inf,-Inf,-Inf,-Inf,-Inf,-Inf,-Inf,2255,2255,-Inf,-Inf,-Inf,-Inf,-Inf,-Inf,-Inf,-Inf,-Inf
2256,2256,-Inf,-Inf,-Inf,-Inf,-Inf,-Inf,-Inf,-Inf,-Inf,2256,2256,-Inf,-Inf,-Inf,-Inf,-Inf,-Inf,-Inf,-Inf,-Inf,2256,2256,-Inf,-Inf,-Inf,-Inf,-Inf,-Inf,-Inf,-Inf,-Inf
2257,2257,-Inf,-Inf,-Inf,-Inf,-Inf,-Inf,-Inf,-Inf,-Inf,2257,2257,-Inf,-Inf,-Inf,-Inf,-Inf,-Inf,-Inf,-Inf,-Inf,2257,2257,-Inf,-Inf,-Inf,-Inf,-Inf,-Inf,-Inf,-Inf,-Inf
2258,2258,-Inf,-Inf,-Inf,-Inf,-Inf,-Inf,-Inf,-Inf,-Inf,2258,2258,-Inf,-Inf,-Inf,-Inf,-Inf,-Inf,-Inf,-Inf,-Inf,2258,2258,-Inf,-Inf,-Inf,-Inf,-Inf,-Inf,-Inf,-Inf,-Inf
2259,2259,-Inf,-Inf,-Inf,-Inf,-Inf,-Inf,-Inf,-Inf,-Inf,2259,2259,-Inf,-Inf,-Inf,-Inf,-Inf,-Inf,-Inf,-Inf,-Inf,2259,2259,-Inf,-Inf,-Inf,-Inf,-Inf,-Inf,-Inf,-Inf,-Inf
2260,2260,-Inf,-Inf,-Inf,-Inf,-Inf,-Inf,-Inf,-Inf,-Inf,2260,2260,-Inf,-Inf,-Inf,-Inf,-Inf,-Inf,-Inf,-Inf,-Inf,2260,2260,-Inf,-Inf,-Inf,-Inf,-Inf,-Inf,-Inf,-Inf,-Inf
2261,2261,-Inf,-Inf,-Inf,-Inf,-Inf,-Inf,-Inf,-Inf,-Inf,2261,2261,-Inf,-Inf,-Inf,-Inf,-Inf,-Inf,-Inf,-Inf,-Inf,2261,2261,-Inf,-Inf,-Inf,-Inf,-Inf,-Inf,-Inf,-Inf,-Inf
2262,2262,-Inf,-Inf,-Inf,-Inf,-Inf,-Inf,-Inf,-Inf,-Inf,2262,2262,-Inf,-Inf,-Inf,-Inf,-Inf,-Inf,-Inf,-Inf,-Inf,2262,2262,-Inf,-Inf,-Inf,-Inf,-Inf,-Inf,-Inf,-Inf,-Inf
2263,2263,-Inf,-Inf,-Inf,-Inf,-Inf,-Inf,-Inf,-Inf,-Inf,2263,2263,-Inf,-Inf,-Inf,-Inf,-Inf,-Inf,-Inf,-Inf,-Inf,2263,2263,-Inf,-Inf,-Inf,-Inf,-Inf,-Inf,-Inf,-Inf,-Inf
2264,2264,-Inf,-Inf,-Inf,-Inf,-Inf,-Inf,-Inf,-Inf,-Inf,2264,2264,-Inf,-Inf,-Inf,-Inf,-Inf,-Inf,-Inf,-Inf,-Inf,2264,2264,-Inf,-Inf,-Inf,-Inf,-Inf,-Inf,-Inf,-Inf,-Inf
2265,2265,-Inf,-Inf,-Inf,-Inf,-Inf,-Inf,-Inf,-Inf,-Inf,2265,2265,-Inf,-Inf,-Inf,-Inf,-Inf,-Inf,-Inf,-Inf,-Inf,2265,2265,-Inf,-Inf,-Inf,-Inf,-Inf,-Inf,-Inf,-Inf,-Inf
2266,2266,-Inf,-Inf,-Inf,-Inf,-Inf,-Inf,-Inf,-Inf,-Inf,2266,2266,-Inf,-Inf,-Inf,-Inf,-Inf,-Inf,-Inf,-Inf,-Inf,2266,2266,-Inf,-Inf,-Inf,-Inf,-Inf,-Inf,-Inf,-Inf,-Inf
2267,2267,-Inf,-Inf,-Inf,-Inf,-Inf,-Inf,-Inf,-Inf,-Inf,2267,2267,-Inf,-Inf,-Inf,-Inf,-Inf,-Inf,-Inf,-Inf,-Inf,2267,2267,-Inf,-Inf,-Inf,-Inf,-Inf,-Inf,-Inf,-Inf,-Inf
2268,2268,-Inf,-Inf,-Inf,-Inf,-Inf,-Inf,-Inf,-Inf,-Inf,2268,2268,-Inf,-Inf,-Inf,-Inf,-Inf,-Inf,-Inf,-Inf,-Inf,2268,2268,-Inf,-Inf,-Inf,-Inf,-Inf,-Inf,-Inf,-Inf,-Inf
2269,2269,-Inf,-Inf,-Inf,-Inf,-Inf,-Inf,-Inf,-Inf,-Inf,2269,2269,-Inf,-Inf,-Inf,-Inf,-Inf,-Inf,-Inf,-Inf,-Inf,2269,2269,-Inf,-Inf,-Inf,-Inf,-Inf,-Inf,-Inf,-Inf,-Inf
2270,2270,-Inf,-Inf,-Inf,-Inf,-Inf,-Inf,-Inf,-Inf,-Inf,2270,2270,-Inf,-Inf,-Inf,-Inf,-Inf,-Inf,-Inf,-Inf,-Inf,2270,2270,-Inf,-Inf,-Inf,-Inf,-Inf,-Inf,-Inf,-Inf,-Inf
2271,2271,-Inf,-Inf,-Inf,-Inf,-Inf,-Inf,-Inf,-Inf,-Inf,2271,2271,-Inf,-Inf,-Inf,-Inf,-Inf,-Inf,-Inf,-Inf,-Inf,2271,2271,-Inf,-Inf,-Inf,-Inf,-Inf,-Inf,-Inf,-Inf,-Inf
2272,2272,-Inf,-Inf,-Inf,-Inf,-Inf,-Inf,-Inf,-Inf,-Inf,2272,2272,-Inf,-Inf,-Inf,-Inf,-Inf,-Inf,-Inf,-Inf,-Inf,2272,2272,-Inf,-Inf,-Inf,-Inf,-Inf,-Inf,-Inf,-Inf,-Inf
2273,2273,-Inf,-Inf,-Inf,-Inf,-Inf,-Inf,-Inf,-Inf,-Inf,2273,2273,-Inf,-Inf,-Inf,-Inf,-Inf,-Inf,-Inf,-Inf,-Inf,2273,2273,-Inf,-Inf,-Inf,-Inf,-Inf,-Inf,-Inf,-Inf,-Inf
2274,2274,-Inf,-Inf,-Inf,-Inf,-Inf,-Inf,-Inf,-Inf,-Inf,2274,2274,-Inf,-Inf,-Inf,-Inf,-Inf,-Inf,-Inf,-Inf,-Inf,2274,2274,-Inf,-Inf,-Inf,-Inf,-Inf,-Inf,-Inf,-Inf,-Inf
2275,2275,-Inf,-Inf,-Inf,-Inf,-Inf,-Inf,-Inf,-Inf,-Inf,2275,2275,-Inf,-Inf,-Inf,-Inf,-Inf,-Inf,-Inf,-Inf,-Inf,2275,2275,-Inf,-Inf,-Inf,-Inf,-Inf,-Inf,-Inf,-Inf,-Inf
2276,2276,-Inf,-Inf,-Inf,-Inf,-Inf,-Inf,-Inf,-Inf,-Inf,2276,2276,-Inf,-Inf,-Inf,-Inf,-Inf,-Inf,-Inf,-Inf,-Inf,2276,2276,-Inf,-Inf,-Inf,-Inf,-Inf,-Inf,-Inf,-Inf,-Inf
2277,2277,-Inf,-Inf,-Inf,-Inf,-Inf,-Inf,-Inf,-Inf,-Inf,2277,2277,-Inf,-Inf,-Inf,-Inf,-Inf,-Inf,-Inf,-Inf,-Inf,2277,2277,-Inf,-Inf,-Inf,-Inf,-Inf,-Inf,-Inf,-Inf,-Inf
2278,2278,-Inf,-Inf,-Inf,-Inf,-Inf,-Inf,-Inf,-Inf,-Inf,2278,2278,-Inf,-Inf,-Inf,-Inf,-Inf,-Inf,-Inf,-Inf,-Inf,2278,2278,-Inf,-Inf,-Inf,-Inf,-Inf,-Inf,-Inf,-Inf,-Inf
2279,2279,-Inf,-Inf,-Inf,-Inf,-Inf,-Inf,-Inf,-Inf,-Inf,2279,2279,-Inf,-Inf,-Inf,-Inf,-Inf,-Inf,-Inf,-Inf,-Inf,2279,2279,-Inf,-Inf,-Inf,-Inf,-Inf,-Inf,-Inf,-Inf,-Inf
2280,2280,-Inf,-Inf,-Inf,-Inf,-Inf,-Inf,-Inf,-Inf,-Inf,2280,2280,-Inf,-Inf,-Inf,-Inf,-Inf,-Inf,-Inf,-Inf,-Inf,2280,2280,-Inf,-Inf,-Inf,-Inf,-Inf,-Inf,-Inf,-Inf,-Inf
2281,2281,-Inf,-Inf,-Inf,-Inf,-Inf,-Inf,-Inf,-Inf,-Inf,2281,2281,-Inf,-Inf,-Inf,-Inf,-Inf,-Inf,-Inf,-Inf,-Inf,2281,2281,-Inf,-Inf,-Inf,-Inf,-Inf,-Inf,-Inf,-Inf,-Inf
2282,2282,-Inf,-Inf,-Inf,-Inf,-Inf,-Inf,-Inf,-Inf,-Inf,2282,2282,-Inf,-Inf,-Inf,-Inf,-Inf,-Inf,-Inf,-Inf,-Inf,2282,2282,-Inf,-Inf,-Inf,-Inf,-Inf,-Inf,-Inf,-Inf,-Inf
2283,2283,-Inf,-Inf,-Inf,-Inf,-Inf,-Inf,-Inf,-Inf,-Inf,2283,2283,-Inf,-Inf,-Inf,-Inf,-Inf,-Inf,-Inf,-Inf,-Inf,2283,2283,-Inf,-Inf,-Inf,-Inf,-Inf,-Inf,-Inf,-Inf,-Inf
2284,2284,-Inf,-Inf,-Inf,-Inf,-Inf,-Inf,-Inf,-Inf,-Inf,2284,2284,-Inf,-Inf,-Inf,-Inf,-Inf,-Inf,-Inf,-Inf,-Inf,2284,2284,-Inf,-Inf,-Inf,-Inf,-Inf,-Inf,-Inf,-Inf,-Inf
2285,2285,-Inf,-Inf,-Inf,-Inf,-Inf,-Inf,-Inf,-Inf,-Inf,2285,2285,-Inf,-Inf,-Inf,-Inf,-Inf,-Inf,-Inf,-Inf,-Inf,2285,2285,-Inf,-Inf,-Inf,-Inf,-Inf,-Inf,-Inf,-Inf,-Inf
2286,2286,-Inf,-Inf,-Inf,-Inf,-Inf,-Inf,-Inf,-Inf,-Inf,2286,2286,-Inf,-Inf,-Inf,-Inf,-Inf,-Inf,-Inf,-Inf,-Inf,2286,2286,-Inf,-Inf,-Inf,-Inf,-Inf,-Inf,-Inf,-Inf,-Inf
2287,2287,-Inf,-Inf,-Inf,-Inf,-Inf,-Inf,-Inf,-Inf,-Inf,2287,2287,-Inf,-Inf,-Inf,-Inf,-Inf,-Inf,-Inf,-Inf,-Inf,2287,2287,-Inf,-Inf,-Inf,-Inf,-Inf,-Inf,-Inf,-Inf,-Inf
2288,2288,-Inf,-Inf,-Inf,-Inf,-Inf,-Inf,-Inf,-Inf,-Inf,2288,2288,-Inf,-Inf,-Inf,-Inf,-Inf,-Inf,-Inf,-Inf,-Inf,2288,2288,-Inf,-Inf,-Inf,-Inf,-Inf,-Inf,-Inf,-Inf,-Inf
2289,2289,-Inf,-Inf,-Inf,-Inf,-Inf,-Inf,-Inf,-Inf,-Inf,2289,2289,-Inf,-Inf,-Inf,-Inf,-Inf,-Inf,-Inf,-Inf,-Inf,2289,2289,-Inf,-Inf,-Inf,-Inf,-Inf,-Inf,-Inf,-Inf,-Inf
2290,2290,-Inf,-Inf,-Inf,-Inf,-Inf,-Inf,-Inf,-Inf,-Inf,2290,2290,-Inf,-Inf,-Inf,-Inf,-Inf,-Inf,-Inf,-Inf,-Inf,2290,2290,-Inf,-Inf,-Inf,-Inf,-Inf,-Inf,-Inf,-Inf,-Inf
2291,2291,-Inf,-Inf,-Inf,-Inf,-Inf,-Inf,-Inf,-Inf,-Inf,2291,2291,-Inf,-Inf,-Inf,-Inf,-Inf,-Inf,-Inf,-Inf,-Inf,2291,2291,-Inf,-Inf,-Inf,-Inf,-Inf,-Inf,-Inf,-Inf,-Inf
2292,2292,-Inf,-Inf,-Inf,-Inf,-Inf,-Inf,-Inf,-Inf,-Inf,2292,2292,-Inf,-Inf,-Inf,-Inf,-Inf,-Inf,-Inf,-Inf,-Inf,2292,2292,-Inf,-Inf,-Inf,-Inf,-Inf,-Inf,-Inf,-Inf,-Inf
2293,2293,-Inf,-Inf,-Inf,-Inf,-Inf,-Inf,-Inf,-Inf,-Inf,2293,2293,-Inf,-Inf,-Inf,-Inf,-Inf,-Inf,-Inf,-Inf,-Inf,2293,2293,-Inf,-Inf,-Inf,-Inf,-Inf,-Inf,-Inf,-Inf,-Inf
2294,2294,-Inf,-Inf,-Inf,-Inf,-Inf,-Inf,-Inf,-Inf,-Inf,2294,2294,-Inf,-Inf,-Inf,-Inf,-Inf,-Inf,-Inf,-Inf,-Inf,2294,2294,-Inf,-Inf,-Inf,-Inf,-Inf,-Inf,-Inf,-Inf,-Inf
2295,2295,-Inf,-Inf,-Inf,-Inf,-Inf,-Inf,-Inf,-Inf,-Inf,2295,2295,-Inf,-Inf,-Inf,-Inf,-Inf,-Inf,-Inf,-Inf,-Inf,2295,2295,-Inf,-Inf,-Inf,-Inf,-Inf,-Inf,-Inf,-Inf,-Inf
2296,2296,-Inf,-Inf,-Inf,-Inf,-Inf,-Inf,-Inf,-Inf,-Inf,2296,2296,-Inf,-Inf,-Inf,-Inf,-Inf,-Inf,-Inf,-Inf,-Inf,2296,2296,-Inf,-Inf,-Inf,-Inf,-Inf,-Inf,-Inf,-Inf,-Inf
2297,2297,-Inf,-Inf,-Inf,-Inf,-Inf,-Inf,-Inf,-Inf,-Inf,2297,2297,-Inf,-Inf,-Inf,-Inf,-Inf,-Inf,-Inf,-Inf,-Inf,2297,2297,-Inf,-Inf,-Inf,-Inf,-Inf,-Inf,-Inf,-Inf,-Inf
2298,2298,-Inf,-Inf,-Inf,-Inf,-Inf,-Inf,-Inf,-Inf,-Inf,2298,2298,-Inf,-Inf,-Inf,-Inf,-Inf,-Inf,-Inf,-Inf,-Inf,2298,2298,-Inf,-Inf,-Inf,-Inf,-Inf,-Inf,-Inf,-Inf,-Inf
2299,2299,-Inf,-Inf,-Inf,-Inf,-Inf,-Inf,-Inf,-Inf,-Inf,2299,2299,-Inf,-Inf,-Inf,-Inf,-Inf,-Inf,-Inf,-Inf,-Inf,2299,2299,-Inf,-Inf,-Inf,-Inf,-Inf,-Inf,-Inf,-Inf,-Inf
2300,2300,-Inf,-Inf,-Inf,-Inf,-Inf,-Inf,-Inf,-Inf,-Inf,2300,2300,-Inf,-Inf,-Inf,-Inf,-Inf,-Inf,-Inf,-Inf,-Inf,2300,2300,-Inf,-Inf,-Inf,-Inf,-Inf,-Inf,-Inf,-Inf,-Inf
2301,2301,-Inf,-Inf,-Inf,-Inf,-Inf,-Inf,-Inf,-Inf,-Inf,2301,2301,-Inf,-Inf,-Inf,-Inf,-Inf,-Inf,-Inf,-Inf,-Inf,2301,2301,-Inf,-Inf,-Inf,-Inf,-Inf,-Inf,-Inf,-Inf,-Inf
2302,2302,-Inf,-Inf,-Inf,-Inf,-Inf,-Inf,-Inf,-Inf,-Inf,2302,2302,-Inf,-Inf,-Inf,-Inf,-Inf,-Inf,-Inf,-Inf,-Inf,2302,2302,-Inf,-Inf,-Inf,-Inf,-Inf,-Inf,-Inf,-Inf,-Inf
2303,2303,-Inf,-Inf,-Inf,-Inf,-Inf,-Inf,-Inf,-Inf,-Inf,2303,2303,-Inf,-Inf,-Inf,-Inf,-Inf,-Inf,-Inf,-Inf,-Inf,2303,2303,-Inf,-Inf,-Inf,-Inf,-Inf,-Inf,-Inf,-Inf,-Inf
2304,2304,-Inf,-Inf,-Inf,-Inf,-Inf,-Inf,-Inf,-Inf,-Inf,2304,2304,-Inf,-Inf,-Inf,-Inf,-Inf,-Inf,-Inf,-Inf,-Inf,2304,2304,-Inf,-Inf,-Inf,-Inf,-Inf,-Inf,-Inf,-Inf,-Inf
2305,2305,-Inf,-Inf,-Inf,-Inf,-Inf,-Inf,-Inf,-Inf,-Inf,2305,2305,-Inf,-Inf,-Inf,-Inf,-Inf,-Inf,-Inf,-Inf,-Inf,2305,2305,-Inf,-Inf,-Inf,-Inf,-Inf,-Inf,-Inf,-Inf,-Inf
2306,2306,-Inf,-Inf,-Inf,-Inf,-Inf,-Inf,-Inf,-Inf,-Inf,2306,2306,-Inf,-Inf,-Inf,-Inf,-Inf,-Inf,-Inf,-Inf,-Inf,2306,2306,-Inf,-Inf,-Inf,-Inf,-Inf,-Inf,-Inf,-Inf,-Inf
2307,2307,-Inf,-Inf,-Inf,-Inf,-Inf,-Inf,-Inf,-Inf,-Inf,2307,2307,-Inf,-Inf,-Inf,-Inf,-Inf,-Inf,-Inf,-Inf,-Inf,2307,2307,-Inf,-Inf,-Inf,-Inf,-Inf,-Inf,-Inf,-Inf,-Inf
2308,2308,-Inf,-Inf,-Inf,-Inf,-Inf,-Inf,-Inf,-Inf,-Inf,2308,2308,-Inf,-Inf,-Inf,-Inf,-Inf,-Inf,-Inf,-Inf,-Inf,2308,2308,-Inf,-Inf,-Inf,-Inf,-Inf,-Inf,-Inf,-Inf,-Inf
2309,2309,-Inf,-Inf,-Inf,-Inf,-Inf,-Inf,-Inf,-Inf,-Inf,2309,2309,-Inf,-Inf,-Inf,-Inf,-Inf,-Inf,-Inf,-Inf,-Inf,2309,2309,-Inf,-Inf,-Inf,-Inf,-Inf,-Inf,-Inf,-Inf,-Inf
2310,2310,-Inf,-Inf,-Inf,-Inf,-Inf,-Inf,-Inf,-Inf,-Inf,2310,2310,-Inf,-Inf,-Inf,-Inf,-Inf,-Inf,-Inf,-Inf,-Inf,2310,2310,-Inf,-Inf,-Inf,-Inf,-Inf,-Inf,-Inf,-Inf,-Inf
2311,2311,-Inf,-Inf,-Inf,-Inf,-Inf,-Inf,-Inf,-Inf,-Inf,2311,2311,-Inf,-Inf,-Inf,-Inf,-Inf,-Inf,-Inf,-Inf,-Inf,2311,2311,-Inf,-Inf,-Inf,-Inf,-Inf,-Inf,-Inf,-Inf,-Inf
2312,2312,-Inf,-Inf,-Inf,-Inf,-Inf,-Inf,-Inf,-Inf,-Inf,2312,2312,-Inf,-Inf,-Inf,-Inf,-Inf,-Inf,-Inf,-Inf,-Inf,2312,2312,-Inf,-Inf,-Inf,-Inf,-Inf,-Inf,-Inf,-Inf,-Inf
2313,2313,-Inf,-Inf,-Inf,-Inf,-Inf,-Inf,-Inf,-Inf,-Inf,2313,2313,-Inf,-Inf,-Inf,-Inf,-Inf,-Inf,-Inf,-Inf,-Inf,2313,2313,-Inf,-Inf,-Inf,-Inf,-Inf,-Inf,-Inf,-Inf,-Inf
2314,2314,-Inf,-Inf,-Inf,-Inf,-Inf,-Inf,-Inf,-Inf,-Inf,2314,2314,-Inf,-Inf,-Inf,-Inf,-Inf,-Inf,-Inf,-Inf,-Inf,2314,2314,-Inf,-Inf,-Inf,-Inf,-Inf,-Inf,-Inf,-Inf,-Inf
2315,2315,-Inf,-Inf,-Inf,-Inf,-Inf,-Inf,-Inf,-Inf,-Inf,2315,2315,-Inf,-Inf,-Inf,-Inf,-Inf,-Inf,-Inf,-Inf,-Inf,2315,2315,-Inf,-Inf,-Inf,-Inf,-Inf,-Inf,-Inf,-Inf,-Inf
2316,2316,-Inf,-Inf,-Inf,-Inf,-Inf,-Inf,-Inf,-Inf,-Inf,2316,2316,-Inf,-Inf,-Inf,-Inf,-Inf,-Inf,-Inf,-Inf,-Inf,2316,2316,-Inf,-Inf,-Inf,-Inf,-Inf,-Inf,-Inf,-Inf,-Inf
2317,2317,-Inf,-Inf,-Inf,-Inf,-Inf,-Inf,-Inf,-Inf,-Inf,2317,2317,-Inf,-Inf,-Inf,-Inf,-Inf,-Inf,-Inf,-Inf,-Inf,2317,2317,-Inf,-Inf,-Inf,-Inf,-Inf,-Inf,-Inf,-Inf,-Inf
2318,2318,-Inf,-Inf,-Inf,-Inf,-Inf,-Inf,-Inf,-Inf,-Inf,2318,2318,-Inf,-Inf,-Inf,-Inf,-Inf,-Inf,-Inf,-Inf,-Inf,2318,2318,-Inf,-Inf,-Inf,-Inf,-Inf,-Inf,-Inf,-Inf,-Inf
2319,2319,-Inf,-Inf,-Inf,-Inf,-Inf,-Inf,-Inf,-Inf,-Inf,2319,2319,-Inf,-Inf,-Inf,-Inf,-Inf,-Inf,-Inf,-Inf,-Inf,2319,2319,-Inf,-Inf,-Inf,-Inf,-Inf,-Inf,-Inf,-Inf,-Inf
2320,2320,-Inf,-Inf,-Inf,-Inf,-Inf,-Inf,-Inf,-Inf,-Inf,2320,2320,-Inf,-Inf,-Inf,-Inf,-Inf,-Inf,-Inf,-Inf,-Inf,2320,2320,-Inf,-Inf,-Inf,-Inf,-Inf,-Inf,-Inf,-Inf,-Inf
2321,2321,-Inf,-Inf,-Inf,-Inf,-Inf,-Inf,-Inf,-Inf,-Inf,2321,2321,-Inf,-Inf,-Inf,-Inf,-Inf,-Inf,-Inf,-Inf,-Inf,2321,2321,-Inf,-Inf,-Inf,-Inf,-Inf,-Inf,-Inf,-Inf,-Inf
2322,2322,-Inf,-Inf,-Inf,-Inf,-Inf,-Inf,-Inf,-Inf,-Inf,2322,2322,-Inf,-Inf,-Inf,-Inf,-Inf,-Inf,-Inf,-Inf,-Inf,2322,2322,-Inf,-Inf,-Inf,-Inf,-Inf,-Inf,-Inf,-Inf,-Inf
2323,2323,-Inf,-Inf,-Inf,-Inf,-Inf,-Inf,-Inf,-Inf,-Inf,2323,2323,-Inf,-Inf,-Inf,-Inf,-Inf,-Inf,-Inf,-Inf,-Inf,2323,2323,-Inf,-Inf,-Inf,-Inf,-Inf,-Inf,-Inf,-Inf,-Inf
2324,2324,-Inf,-Inf,-Inf,-Inf,-Inf,-Inf,-Inf,-Inf,-Inf,2324,2324,-Inf,-Inf,-Inf,-Inf,-Inf,-Inf,-Inf,-Inf,-Inf,2324,2324,-Inf,-Inf,-Inf,-Inf,-Inf,-Inf,-Inf,-Inf,-Inf
2325,2325,-Inf,-Inf,-Inf,-Inf,-Inf,-Inf,-Inf,-Inf,-Inf,2325,2325,-Inf,-Inf,-Inf,-Inf,-Inf,-Inf,-Inf,-Inf,-Inf,2325,2325,-Inf,-Inf,-Inf,-Inf,-Inf,-Inf,-Inf,-Inf,-Inf
2326,2326,-Inf,-Inf,-Inf,-Inf,-Inf,-Inf,-Inf,-Inf,-Inf,2326,2326,-Inf,-Inf,-Inf,-Inf,-Inf,-Inf,-Inf,-Inf,-Inf,2326,2326,-Inf,-Inf,-Inf,-Inf,-Inf,-Inf,-Inf,-Inf,-Inf
2327,2327,-Inf,-Inf,-Inf,-Inf,-Inf,-Inf,-Inf,-Inf,-Inf,2327,2327,-Inf,-Inf,-Inf,-Inf,-Inf,-Inf,-Inf,-Inf,-Inf,2327,2327,-Inf,-Inf,-Inf,-Inf,-Inf,-Inf,-Inf,-Inf,-Inf
2328,2328,-Inf,-Inf,-Inf,-Inf,-Inf,-Inf,-Inf,-Inf,-Inf,2328,2328,-Inf,-Inf,-Inf,-Inf,-Inf,-Inf,-Inf,-Inf,-Inf,2328,2328,-Inf,-Inf,-Inf,-Inf,-Inf,-Inf,-Inf,-Inf,-Inf
2329,2329,-Inf,-Inf,-Inf,-Inf,-Inf,-Inf,-Inf,-Inf,-Inf,2329,2329,-Inf,-Inf,-Inf,-Inf,-Inf,-Inf,-Inf,-Inf,-Inf,2329,2329,-Inf,-Inf,-Inf,-Inf,-Inf,-Inf,-Inf,-Inf,-Inf
2330,2330,-Inf,-Inf,-Inf,-Inf,-Inf,-Inf,-Inf,-Inf,-Inf,2330,2330,-Inf,-Inf,-Inf,-Inf,-Inf,-Inf,-Inf,-Inf,-Inf,2330,2330,-Inf,-Inf,-Inf,-Inf,-Inf,-Inf,-Inf,-Inf,-Inf
2331,2331,-Inf,-Inf,-Inf,-Inf,-Inf,-Inf,-Inf,-Inf,-Inf,2331,2331,-Inf,-Inf,-Inf,-Inf,-Inf,-Inf,-Inf,-Inf,-Inf,2331,2331,-Inf,-Inf,-Inf,-Inf,-Inf,-Inf,-Inf,-Inf,-Inf
2332,2332,-Inf,-Inf,-Inf,-Inf,-Inf,-Inf,-Inf,-Inf,-Inf,2332,2332,-Inf,-Inf,-Inf,-Inf,-Inf,-Inf,-Inf,-Inf,-Inf,2332,2332,-Inf,-Inf,-Inf,-Inf,-Inf,-Inf,-Inf,-Inf,-Inf
2333,2333,-Inf,-Inf,-Inf,-Inf,-Inf,-Inf,-Inf,-Inf,-Inf,2333,2333,-Inf,-Inf,-Inf,-Inf,-Inf,-Inf,-Inf,-Inf,-Inf,2333,2333,-Inf,-Inf,-Inf,-Inf,-Inf,-Inf,-Inf,-Inf,-Inf
2334,2334,-Inf,-Inf,-Inf,-Inf,-Inf,-Inf,-Inf,-Inf,-Inf,2334,2334,-Inf,-Inf,-Inf,-Inf,-Inf,-Inf,-Inf,-Inf,-Inf,2334,2334,-Inf,-Inf,-Inf,-Inf,-Inf,-Inf,-Inf,-Inf,-Inf
2335,2335,-Inf,-Inf,-Inf,-Inf,-Inf,-Inf,-Inf,-Inf,-Inf,2335,2335,-Inf,-Inf,-Inf,-Inf,-Inf,-Inf,-Inf,-Inf,-Inf,2335,2335,-Inf,-Inf,-Inf,-Inf,-Inf,-Inf,-Inf,-Inf,-Inf
2336,2336,-Inf,-Inf,-Inf,-Inf,-Inf,-Inf,-Inf,-Inf,-Inf,2336,2336,-Inf,-Inf,-Inf,-Inf,-Inf,-Inf,-Inf,-Inf,-Inf,2336,2336,-Inf,-Inf,-Inf,-Inf,-Inf,-Inf,-Inf,-Inf,-Inf
2337,2337,-Inf,-Inf,-Inf,-Inf,-Inf,-Inf,-Inf,-Inf,-Inf,2337,2337,-Inf,-Inf,-Inf,-Inf,-Inf,-Inf,-Inf,-Inf,-Inf,2337,2337,-Inf,-Inf,-Inf,-Inf,-Inf,-Inf,-Inf,-Inf,-Inf
2338,2338,-Inf,-Inf,-Inf,-Inf,-Inf,-Inf,-Inf,-Inf,-Inf,2338,2338,-Inf,-Inf,-Inf,-Inf,-Inf,-Inf,-Inf,-Inf,-Inf,2338,2338,-Inf,-Inf,-Inf,-Inf,-Inf,-Inf,-Inf,-Inf,-Inf
2339,2339,-Inf,-Inf,-Inf,-Inf,-Inf,-Inf,-Inf,-Inf,-Inf,2339,2339,-Inf,-Inf,-Inf,-Inf,-Inf,-Inf,-Inf,-Inf,-Inf,2339,2339,-Inf,-Inf,-Inf,-Inf,-Inf,-Inf,-Inf,-Inf,-Inf
2340,2340,-Inf,-Inf,-Inf,-Inf,-Inf,-Inf,-Inf,-Inf,-Inf,2340,2340,-Inf,-Inf,-Inf,-Inf,-Inf,-Inf,-Inf,-Inf,-Inf,2340,2340,-Inf,-Inf,-Inf,-Inf,-Inf,-Inf,-Inf,-Inf,-Inf
2341,2341,-Inf,-Inf,-Inf,-Inf,-Inf,-Inf,-Inf,-Inf,-Inf,2341,2341,-Inf,-Inf,-Inf,-Inf,-Inf,-Inf,-Inf,-Inf,-Inf,2341,2341,-Inf,-Inf,-Inf,-Inf,-Inf,-Inf,-Inf,-Inf,-Inf
2342,2342,-Inf,-Inf,-Inf,-Inf,-Inf,-Inf,-Inf,-Inf,-Inf,2342,2342,-Inf,-Inf,-Inf,-Inf,-Inf,-Inf,-Inf,-Inf,-Inf,2342,2342,-Inf,-Inf,-Inf,-Inf,-Inf,-Inf,-Inf,-Inf,-Inf
2343,2343,-Inf,-Inf,-Inf,-Inf,-Inf,-Inf,-Inf,-Inf,-Inf,2343,2343,-Inf,-Inf,-Inf,-Inf,-Inf,-Inf,-Inf,-Inf,-Inf,2343,2343,-Inf,-Inf,-Inf,-Inf,-Inf,-Inf,-Inf,-Inf,-Inf
2344,2344,-Inf,-Inf,-Inf,-Inf,-Inf,-Inf,-Inf,-Inf,-Inf,2344,2344,-Inf,-Inf,-Inf,-Inf,-Inf,-Inf,-Inf,-Inf,-Inf,2344,2344,-Inf,-Inf,-Inf,-Inf,-Inf,-Inf,-Inf,-Inf,-Inf
2345,2345,-Inf,-Inf,-Inf,-Inf,-Inf,-Inf,-Inf,-Inf,-Inf,2345,2345,-Inf,-Inf,-Inf,-Inf,-Inf,-Inf,-Inf,-Inf,-Inf,2345,2345,-Inf,-Inf,-Inf,-Inf,-Inf,-Inf,-Inf,-Inf,-Inf
2346,2346,-Inf,-Inf,-Inf,-Inf,-Inf,-Inf,-Inf,-Inf,-Inf,2346,2346,-Inf,-Inf,-Inf,-Inf,-Inf,-Inf,-Inf,-Inf,-Inf,2346,2346,-Inf,-Inf,-Inf,-Inf,-Inf,-Inf,-Inf,-Inf,-Inf
2347,2347,-Inf,-Inf,-Inf,-Inf,-Inf,-Inf,-Inf,-Inf,-Inf,2347,2347,-Inf,-Inf,-Inf,-Inf,-Inf,-Inf,-Inf,-Inf,-Inf,2347,2347,-Inf,-Inf,-Inf,-Inf,-Inf,-Inf,-Inf,-Inf,-Inf
2348,2348,-Inf,-Inf,-Inf,-Inf,-Inf,-Inf,-Inf,-Inf,-Inf,2348,2348,-Inf,-Inf,-Inf,-Inf,-Inf,-Inf,-Inf,-Inf,-Inf,2348,2348,-Inf,-Inf,-Inf,-Inf,-Inf,-Inf,-Inf,-Inf,-Inf
2349,2349,-Inf,-Inf,-Inf,-Inf,-Inf,-Inf,-Inf,-Inf,-Inf,2349,2349,-Inf,-Inf,-Inf,-Inf,-Inf,-Inf,-Inf,-Inf,-Inf,2349,2349,-Inf,-Inf,-Inf,-Inf,-Inf,-Inf,-Inf,-Inf,-Inf
2350,2350,-Inf,-Inf,-Inf,-Inf,-Inf,-Inf,-Inf,-Inf,-Inf,2350,2350,-Inf,-Inf,-Inf,-Inf,-Inf,-Inf,-Inf,-Inf,-Inf,2350,2350,-Inf,-Inf,-Inf,-Inf,-Inf,-Inf,-Inf,-Inf,-Inf
2351,2351,-Inf,-Inf,-Inf,-Inf,-Inf,-Inf,-Inf,-Inf,-Inf,2351,2351,-Inf,-Inf,-Inf,-Inf,-Inf,-Inf,-Inf,-Inf,-Inf,2351,2351,-Inf,-Inf,-Inf,-Inf,-Inf,-Inf,-Inf,-Inf,-Inf
2352,2352,-Inf,-Inf,-Inf,-Inf,-Inf,-Inf,-Inf,-Inf,-Inf,2352,2352,-Inf,-Inf,-Inf,-Inf,-Inf,-Inf,-Inf,-Inf,-Inf,2352,2352,-Inf,-Inf,-Inf,-Inf,-Inf,-Inf,-Inf,-Inf,-Inf
2353,2353,-Inf,-Inf,-Inf,-Inf,-Inf,-Inf,-Inf,-Inf,-Inf,2353,2353,-Inf,-Inf,-Inf,-Inf,-Inf,-Inf,-Inf,-Inf,-Inf,2353,2353,-Inf,-Inf,-Inf,-Inf,-Inf,-Inf,-Inf,-Inf,-Inf
2354,2354,-Inf,-Inf,-Inf,-Inf,-Inf,-Inf,-Inf,-Inf,-Inf,2354,2354,-Inf,-Inf,-Inf,-Inf,-Inf,-Inf,-Inf,-Inf,-Inf,2354,2354,-Inf,-Inf,-Inf,-Inf,-Inf,-Inf,-Inf,-Inf,-Inf
2355,2355,-Inf,-Inf,-Inf,-Inf,-Inf,-Inf,-Inf,-Inf,-Inf,2355,2355,-Inf,-Inf,-Inf,-Inf,-Inf,-Inf,-Inf,-Inf,-Inf,2355,2355,-Inf,-Inf,-Inf,-Inf,-Inf,-Inf,-Inf,-Inf,-Inf
2356,2356,-Inf,-Inf,-Inf,-Inf,-Inf,-Inf,-Inf,-Inf,-Inf,2356,2356,-Inf,-Inf,-Inf,-Inf,-Inf,-Inf,-Inf,-Inf,-Inf,2356,2356,-Inf,-Inf,-Inf,-Inf,-Inf,-Inf,-Inf,-Inf,-Inf
2357,2357,-Inf,-Inf,-Inf,-Inf,-Inf,-Inf,-Inf,-Inf,-Inf,2357,2357,-Inf,-Inf,-Inf,-Inf,-Inf,-Inf,-Inf,-Inf,-Inf,2357,2357,-Inf,-Inf,-Inf,-Inf,-Inf,-Inf,-Inf,-Inf,-Inf
2358,2358,-Inf,-Inf,-Inf,-Inf,-Inf,-Inf,-Inf,-Inf,-Inf,2358,2358,-Inf,-Inf,-Inf,-Inf,-Inf,-Inf,-Inf,-Inf,-Inf,2358,2358,-Inf,-Inf,-Inf,-Inf,-Inf,-Inf,-Inf,-Inf,-Inf
2359,2359,-Inf,-Inf,-Inf,-Inf,-Inf,-Inf,-Inf,-Inf,-Inf,2359,2359,-Inf,-Inf,-Inf,-Inf,-Inf,-Inf,-Inf,-Inf,-Inf,2359,2359,-Inf,-Inf,-Inf,-Inf,-Inf,-Inf,-Inf,-Inf,-Inf
2360,2360,-Inf,-Inf,-Inf,-Inf,-Inf,-Inf,-Inf,-Inf,-Inf,2360,2360,-Inf,-Inf,-Inf,-Inf,-Inf,-Inf,-Inf,-Inf,-Inf,2360,2360,-Inf,-Inf,-Inf,-Inf,-Inf,-Inf,-Inf,-Inf,-Inf
2361,2361,-Inf,-Inf,-Inf,-Inf,-Inf,-Inf,-Inf,-Inf,-Inf,2361,2361,-Inf,-Inf,-Inf,-Inf,-Inf,-Inf,-Inf,-Inf,-Inf,2361,2361,-Inf,-Inf,-Inf,-Inf,-Inf,-Inf,-Inf,-Inf,-Inf
2362,2362,-Inf,-Inf,-Inf,-Inf,-Inf,-Inf,-Inf,-Inf,-Inf,2362,2362,-Inf,-Inf,-Inf,-Inf,-Inf,-Inf,-Inf,-Inf,-Inf,2362,2362,-Inf,-Inf,-Inf,-Inf,-Inf,-Inf,-Inf,-Inf,-Inf
2363,2363,-Inf,-Inf,-Inf,-Inf,-Inf,-Inf,-Inf,-Inf,-Inf,2363,2363,-Inf,-Inf,-Inf,-Inf,-Inf,-Inf,-Inf,-Inf,-Inf,2363,2363,-Inf,-Inf,-Inf,-Inf,-Inf,-Inf,-Inf,-Inf,-Inf
2364,2364,-Inf,-Inf,-Inf,-Inf,-Inf,-Inf,-Inf,-Inf,-Inf,2364,2364,-Inf,-Inf,-Inf,-Inf,-Inf,-Inf,-Inf,-Inf,-Inf,2364,2364,-Inf,-Inf,-Inf,-Inf,-Inf,-Inf,-Inf,-Inf,-Inf
2365,2365,-Inf,-Inf,-Inf,-Inf,-Inf,-Inf,-Inf,-Inf,-Inf,2365,2365,-Inf,-Inf,-Inf,-Inf,-Inf,-Inf,-Inf,-Inf,-Inf,2365,2365,-Inf,-Inf,-Inf,-Inf,-Inf,-Inf,-Inf,-Inf,-Inf
2366,2366,-Inf,-Inf,-Inf,-Inf,-Inf,-Inf,-Inf,-Inf,-Inf,2366,2366,-Inf,-Inf,-Inf,-Inf,-Inf,-Inf,-Inf,-Inf,-Inf,2366,2366,-Inf,-Inf,-Inf,-Inf,-Inf,-Inf,-Inf,-Inf,-Inf
2367,2367,-Inf,-Inf,-Inf,-Inf,-Inf,-Inf,-Inf,-Inf,-Inf,2367,2367,-Inf,-Inf,-Inf,-Inf,-Inf,-Inf,-Inf,-Inf,-Inf,2367,2367,-Inf,-Inf,-Inf,-Inf,-Inf,-Inf,-Inf,-Inf,-Inf
2368,2368,-Inf,-Inf,-Inf,-Inf,-Inf,-Inf,-Inf,-Inf,-Inf,2368,2368,-Inf,-Inf,-Inf,-Inf,-Inf,-Inf,-Inf,-Inf,-Inf,2368,2368,-Inf,-Inf,-Inf,-Inf,-Inf,-Inf,-Inf,-Inf,-Inf
2369,2369,-Inf,-Inf,-Inf,-Inf,-Inf,-Inf,-Inf,-Inf,-Inf,2369,2369,-Inf,-Inf,-Inf,-Inf,-Inf,-Inf,-Inf,-Inf,-Inf,2369,2369,-Inf,-Inf,-Inf,-Inf,-Inf,-Inf,-Inf,-Inf,-Inf
2370,2370,-Inf,-Inf,-Inf,-Inf,-Inf,-Inf,-Inf,-Inf,-Inf,2370,2370,-Inf,-Inf,-Inf,-Inf,-Inf,-Inf,-Inf,-Inf,-Inf,2370,2370,-Inf,-Inf,-Inf,-Inf,-Inf,-Inf,-Inf,-Inf,-Inf
2371,2371,-Inf,-Inf,-Inf,-Inf,-Inf,-Inf,-Inf,-Inf,-Inf,2371,2371,-Inf,-Inf,-Inf,-Inf,-Inf,-Inf,-Inf,-Inf,-Inf,2371,2371,-Inf,-Inf,-Inf,-Inf,-Inf,-Inf,-Inf,-Inf,-Inf
2372,2372,-Inf,-Inf,-Inf,-Inf,-Inf,-Inf,-Inf,-Inf,-Inf,2372,2372,-Inf,-Inf,-Inf,-Inf,-Inf,-Inf,-Inf,-Inf,-Inf,2372,2372,-Inf,-Inf,-Inf,-Inf,-Inf,-Inf,-Inf,-Inf,-Inf
2373,2373,-Inf,-Inf,-Inf,-Inf,-Inf,-Inf,-Inf,-Inf,-Inf,2373,2373,-Inf,-Inf,-Inf,-Inf,-Inf,-Inf,-Inf,-Inf,-Inf,2373,2373,-Inf,-Inf,-Inf,-Inf,-Inf,-Inf,-Inf,-Inf,-Inf
2374,2374,-Inf,-Inf,-Inf,-Inf,-Inf,-Inf,-Inf,-Inf,-Inf,2374,2374,-Inf,-Inf,-Inf,-Inf,-Inf,-Inf,-Inf,-Inf,-Inf,2374,2374,-Inf,-Inf,-Inf,-Inf,-Inf,-Inf,-Inf,-Inf,-Inf
2375,2375,-Inf,-Inf,-Inf,-Inf,-Inf,-Inf,-Inf,-Inf,-Inf,2375,2375,-Inf,-Inf,-Inf,-Inf,-Inf,-Inf,-Inf,-Inf,-Inf,2375,2375,-Inf,-Inf,-Inf,-Inf,-Inf,-Inf,-Inf,-Inf,-Inf
2376,2376,-Inf,-Inf,-Inf,-Inf,-Inf,-Inf,-Inf,-Inf,-Inf,2376,2376,-Inf,-Inf,-Inf,-Inf,-Inf,-Inf,-Inf,-Inf,-Inf,2376,2376,-Inf,-Inf,-Inf,-Inf,-Inf,-Inf,-Inf,-Inf,-Inf
2377,2377,-Inf,-Inf,-Inf,-Inf,-Inf,-Inf,-Inf,-Inf,-Inf,2377,2377,-Inf,-Inf,-Inf,-Inf,-Inf,-Inf,-Inf,-Inf,-Inf,2377,2377,-Inf,-Inf,-Inf,-Inf,-Inf,-Inf,-Inf,-Inf,-Inf
2378,2378,-Inf,-Inf,-Inf,-Inf,-Inf,-Inf,-Inf,-Inf,-Inf,2378,2378,-Inf,-Inf,-Inf,-Inf,-Inf,-Inf,-Inf,-Inf,-Inf,2378,2378,-Inf,-Inf,-Inf,-Inf,-Inf,-Inf,-Inf,-Inf,-Inf
2379,2379,-Inf,-Inf,-Inf,-Inf,-Inf,-Inf,-Inf,-Inf,-Inf,2379,2379,-Inf,-Inf,-Inf,-Inf,-Inf,-Inf,-Inf,-Inf,-Inf,2379,2379,-Inf,-Inf,-Inf,-Inf,-Inf,-Inf,-Inf,-Inf,-Inf
2380,2380,-Inf,-Inf,-Inf,-Inf,-Inf,-Inf,-Inf,-Inf,-Inf,2380,2380,-Inf,-Inf,-Inf,-Inf,-Inf,-Inf,-Inf,-Inf,-Inf,2380,2380,-Inf,-Inf,-Inf,-Inf,-Inf,-Inf,-Inf,-Inf,-Inf
2381,2381,-Inf,-Inf,-Inf,-Inf,-Inf,-Inf,-Inf,-Inf,-Inf,2381,2381,-Inf,-Inf,-Inf,-Inf,-Inf,-Inf,-Inf,-Inf,-Inf,2381,2381,-Inf,-Inf,-Inf,-Inf,-Inf,-Inf,-Inf,-Inf,-Inf
2382,2382,-Inf,-Inf,-Inf,-Inf,-Inf,-Inf,-Inf,-Inf,-Inf,2382,2382,-Inf,-Inf,-Inf,-Inf,-Inf,-Inf,-Inf,-Inf,-Inf,2382,2382,-Inf,-Inf,-Inf,-Inf,-Inf,-Inf,-Inf,-Inf,-Inf
2383,2383,-Inf,-Inf,-Inf,-Inf,-Inf,-Inf,-Inf,-Inf,-Inf,2383,2383,-Inf,-Inf,-Inf,-Inf,-Inf,-Inf,-Inf,-Inf,-Inf,2383,2383,-Inf,-Inf,-Inf,-Inf,-Inf,-Inf,-Inf,-Inf,-Inf
2384,2384,-Inf,-Inf,-Inf,-Inf,-Inf,-Inf,-Inf,-Inf,-Inf,2384,2384,-Inf,-Inf,-Inf,-Inf,-Inf,-Inf,-Inf,-Inf,-Inf,2384,2384,-Inf,-Inf,-Inf,-Inf,-Inf,-Inf,-Inf,-Inf,-Inf
2385,2385,-Inf,-Inf,-Inf,-Inf,-Inf,-Inf,-Inf,-Inf,-Inf,2385,2385,-Inf,-Inf,-Inf,-Inf,-Inf,-Inf,-Inf,-Inf,-Inf,2385,2385,-Inf,-Inf,-Inf,-Inf,-Inf,-Inf,-Inf,-Inf,-Inf
2386,2386,-Inf,-Inf,-Inf,-Inf,-Inf,-Inf,-Inf,-Inf,-Inf,2386,2386,-Inf,-Inf,-Inf,-Inf,-Inf,-Inf,-Inf,-Inf,-Inf,2386,2386,-Inf,-Inf,-Inf,-Inf,-Inf,-Inf,-Inf,-Inf,-Inf
2387,2387,-Inf,-Inf,-Inf,-Inf,-Inf,-Inf,-Inf,-Inf,-Inf,2387,2387,-Inf,-Inf,-Inf,-Inf,-Inf,-Inf,-Inf,-Inf,-Inf,2387,2387,-Inf,-Inf,-Inf,-Inf,-Inf,-Inf,-Inf,-Inf,-Inf
2388,2388,-Inf,-Inf,-Inf,-Inf,-Inf,-Inf,-Inf,-Inf,-Inf,2388,2388,-Inf,-Inf,-Inf,-Inf,-Inf,-Inf,-Inf,-Inf,-Inf,2388,2388,-Inf,-Inf,-Inf,-Inf,-Inf,-Inf,-Inf,-Inf,-Inf
2389,2389,-Inf,-Inf,-Inf,-Inf,-Inf,-Inf,-Inf,-Inf,-Inf,2389,2389,-Inf,-Inf,-Inf,-Inf,-Inf,-Inf,-Inf,-Inf,-Inf,2389,2389,-Inf,-Inf,-Inf,-Inf,-Inf,-Inf,-Inf,-Inf,-Inf
2390,2390,-Inf,-Inf,-Inf,-Inf,-Inf,-Inf,-Inf,-Inf,-Inf,2390,2390,-Inf,-Inf,-Inf,-Inf,-Inf,-Inf,-Inf,-Inf,-Inf,2390,2390,-Inf,-Inf,-Inf,-Inf,-Inf,-Inf,-Inf,-Inf,-Inf
2391,2391,-Inf,-Inf,-Inf,-Inf,-Inf,-Inf,-Inf,-Inf,-Inf,2391,2391,-Inf,-Inf,-Inf,-Inf,-Inf,-Inf,-Inf,-Inf,-Inf,2391,2391,-Inf,-Inf,-Inf,-Inf,-Inf,-Inf,-Inf,-Inf,-Inf
2392,2392,-Inf,-Inf,-Inf,-Inf,-Inf,-Inf,-Inf,-Inf,-Inf,2392,2392,-Inf,-Inf,-Inf,-Inf,-Inf,-Inf,-Inf,-Inf,-Inf,2392,2392,-Inf,-Inf,-Inf,-Inf,-Inf,-Inf,-Inf,-Inf,-Inf
2393,2393,-Inf,-Inf,-Inf,-Inf,-Inf,-Inf,-Inf,-Inf,-Inf,2393,2393,-Inf,-Inf,-Inf,-Inf,-Inf,-Inf,-Inf,-Inf,-Inf,2393,2393,-Inf,-Inf,-Inf,-Inf,-Inf,-Inf,-Inf,-Inf,-Inf
2394,2394,-Inf,-Inf,-Inf,-Inf,-Inf,-Inf,-Inf,-Inf,-Inf,2394,2394,-Inf,-Inf,-Inf,-Inf,-Inf,-Inf,-Inf,-Inf,-Inf,2394,2394,-Inf,-Inf,-Inf,-Inf,-Inf,-Inf,-Inf,-Inf,-Inf
2395,2395,-Inf,-Inf,-Inf,-Inf,-Inf,-Inf,-Inf,-Inf,-Inf,2395,2395,-Inf,-Inf,-Inf,-Inf,-Inf,-Inf,-Inf,-Inf,-Inf,2395,2395,-Inf,-Inf,-Inf,-Inf,-Inf,-Inf,-Inf,-Inf,-Inf
2396,2396,-Inf,-Inf,-Inf,-Inf,-Inf,-Inf,-Inf,-Inf,-Inf,2396,2396,-Inf,-Inf,-Inf,-Inf,-Inf,-Inf,-Inf,-Inf,-Inf,2396,2396,-Inf,-Inf,-Inf,-Inf,-Inf,-Inf,-Inf,-Inf,-Inf
2397,2397,-Inf,-Inf,-Inf,-Inf,-Inf,-Inf,-Inf,-Inf,-Inf,2397,2397,-Inf,-Inf,-Inf,-Inf,-Inf,-Inf,-Inf,-Inf,-Inf,2397,2397,-Inf,-Inf,-Inf,-Inf,-Inf,-Inf,-Inf,-Inf,-Inf
2398,2398,-Inf,-Inf,-Inf,-Inf,-Inf,-Inf,-Inf,-Inf,-Inf,2398,2398,-Inf,-Inf,-Inf,-Inf,-Inf,-Inf,-Inf,-Inf,-Inf,2398,2398,-Inf,-Inf,-Inf,-Inf,-Inf,-Inf,-Inf,-Inf,-Inf
2399,2399,-Inf,-Inf,-Inf,-Inf,-Inf,-Inf,-Inf,-Inf,-Inf,2399,2399,-Inf,-Inf,-Inf,-Inf,-Inf,-Inf,-Inf,-Inf,-Inf,2399,2399,-Inf,-Inf,-Inf,-Inf,-Inf,-Inf,-Inf,-Inf,-Inf
2400,2400,-Inf,-Inf,-Inf,-Inf,-Inf,-Inf,-Inf,-Inf,-Inf,2400,2400,-Inf,-Inf,-Inf,-Inf,-Inf,-Inf,-Inf,-Inf,-Inf,2400,2400,-Inf,-Inf,-Inf,-Inf,-Inf,-Inf,-Inf,-Inf,-Inf
2401,2401,-Inf,-Inf,-Inf,-Inf,-Inf,-Inf,-Inf,-Inf,-Inf,2401,2401,-Inf,-Inf,-Inf,-Inf,-Inf,-Inf,-Inf,-Inf,-Inf,2401,2401,-Inf,-Inf,-Inf,-Inf,-Inf,-Inf,-Inf,-Inf,-Inf
2402,2402,-Inf,-Inf,-Inf,-Inf,-Inf,-Inf,-Inf,-Inf,-Inf,2402,2402,-Inf,-Inf,-Inf,-Inf,-Inf,-Inf,-Inf,-Inf,-Inf,2402,2402,-Inf,-Inf,-Inf,-Inf,-Inf,-Inf,-Inf,-Inf,-Inf
2403,2403,-Inf,-Inf,-Inf,-Inf,-Inf,-Inf,-Inf,-Inf,-Inf,2403,2403,-Inf,-Inf,-Inf,-Inf,-Inf,-Inf,-Inf,-Inf,-Inf,2403,2403,-Inf,-Inf,-Inf,-Inf,-Inf,-Inf,-Inf,-Inf,-Inf
2404,2404,-Inf,-Inf,-Inf,-Inf,-Inf,-Inf,-Inf,-Inf,-Inf,2404,2404,-Inf,-Inf,-Inf,-Inf,-Inf,-Inf,-Inf,-Inf,-Inf,2404,2404,-Inf,-Inf,-Inf,-Inf,-Inf,-Inf,-Inf,-Inf,-Inf
2405,2405,-Inf,-Inf,-Inf,-Inf,-Inf,-Inf,-Inf,-Inf,-Inf,2405,2405,-Inf,-Inf,-Inf,-Inf,-Inf,-Inf,-Inf,-Inf,-Inf,2405,2405,-Inf,-Inf,-Inf,-Inf,-Inf,-Inf,-Inf,-Inf,-Inf
2406,2406,-Inf,-Inf,-Inf,-Inf,-Inf,-Inf,-Inf,-Inf,-Inf,2406,2406,-Inf,-Inf,-Inf,-Inf,-Inf,-Inf,-Inf,-Inf,-Inf,2406,2406,-Inf,-Inf,-Inf,-Inf,-Inf,-Inf,-Inf,-Inf,-Inf
2407,2407,-Inf,-Inf,-Inf,-Inf,-Inf,-Inf,-Inf,-Inf,-Inf,2407,2407,-Inf,-Inf,-Inf,-Inf,-Inf,-Inf,-Inf,-Inf,-Inf,2407,2407,-Inf,-Inf,-Inf,-Inf,-Inf,-Inf,-Inf,-Inf,-Inf
2408,2408,-Inf,-Inf,-Inf,-Inf,-Inf,-Inf,-Inf,-Inf,-Inf,2408,2408,-Inf,-Inf,-Inf,-Inf,-Inf,-Inf,-Inf,-Inf,-Inf,2408,2408,-Inf,-Inf,-Inf,-Inf,-Inf,-Inf,-Inf,-Inf,-Inf
2409,2409,-Inf,-Inf,-Inf,-Inf,-Inf,-Inf,-Inf,-Inf,-Inf,2409,2409,-Inf,-Inf,-Inf,-Inf,-Inf,-Inf,-Inf,-Inf,-Inf,2409,2409,-Inf,-Inf,-Inf,-Inf,-Inf,-Inf,-Inf,-Inf,-Inf
2410,2410,-Inf,-Inf,-Inf,-Inf,-Inf,-Inf,-Inf,-Inf,-Inf,2410,2410,-Inf,-Inf,-Inf,-Inf,-Inf,-Inf,-Inf,-Inf,-Inf,2410,2410,-Inf,-Inf,-Inf,-Inf,-Inf,-Inf,-Inf,-Inf,-Inf
2411,2411,-Inf,-Inf,-Inf,-Inf,-Inf,-Inf,-Inf,-Inf,-Inf,2411,2411,-Inf,-Inf,-Inf,-Inf,-Inf,-Inf,-Inf,-Inf,-Inf,2411,2411,-Inf,-Inf,-Inf,-Inf,-Inf,-Inf,-Inf,-Inf,-Inf
2412,2412,-Inf,-Inf,-Inf,-Inf,-Inf,-Inf,-Inf,-Inf,-Inf,2412,2412,-Inf,-Inf,-Inf,-Inf,-Inf,-Inf,-Inf,-Inf,-Inf,2412,2412,-Inf,-Inf,-Inf,-Inf,-Inf,-Inf,-Inf,-Inf,-Inf
2413,2413,-Inf,-Inf,-Inf,-Inf,-Inf,-Inf,-Inf,-Inf,-Inf,2413,2413,-Inf,-Inf,-Inf,-Inf,-Inf,-Inf,-Inf,-Inf,-Inf,2413,2413,-Inf,-Inf,-Inf,-Inf,-Inf,-Inf,-Inf,-Inf,-Inf
2414,2414,-Inf,-Inf,-Inf,-Inf,-Inf,-Inf,-Inf,-Inf,-Inf,2414,2414,-Inf,-Inf,-Inf,-Inf,-Inf,-Inf,-Inf,-Inf,-Inf,2414,2414,-Inf,-Inf,-Inf,-Inf,-Inf,-Inf,-Inf,-Inf,-Inf
2415,2415,-Inf,-Inf,-Inf,-Inf,-Inf,-Inf,-Inf,-Inf,-Inf,2415,2415,-Inf,-Inf,-Inf,-Inf,-Inf,-Inf,-Inf,-Inf,-Inf,2415,2415,-Inf,-Inf,-Inf,-Inf,-Inf,-Inf,-Inf,-Inf,-Inf
2416,2416,-Inf,-Inf,-Inf,-Inf,-Inf,-Inf,-Inf,-Inf,-Inf,2416,2416,-Inf,-Inf,-Inf,-Inf,-Inf,-Inf,-Inf,-Inf,-Inf,2416,2416,-Inf,-Inf,-Inf,-Inf,-Inf,-Inf,-Inf,-Inf,-Inf
2417,2417,-Inf,-Inf,-Inf,-Inf,-Inf,-Inf,-Inf,-Inf,-Inf,2417,2417,-Inf,-Inf,-Inf,-Inf,-Inf,-Inf,-Inf,-Inf,-Inf,2417,2417,-Inf,-Inf,-Inf,-Inf,-Inf,-Inf,-Inf,-Inf,-Inf
2418,2418,-Inf,-Inf,-Inf,-Inf,-Inf,-Inf,-Inf,-Inf,-Inf,2418,2418,-Inf,-Inf,-Inf,-Inf,-Inf,-Inf,-Inf,-Inf,-Inf,2418,2418,-Inf,-Inf,-Inf,-Inf,-Inf,-Inf,-Inf,-Inf,-Inf
2419,2419,-Inf,-Inf,-Inf,-Inf,-Inf,-Inf,-Inf,-Inf,-Inf,2419,2419,-Inf,-Inf,-Inf,-Inf,-Inf,-Inf,-Inf,-Inf,-Inf,2419,2419,-Inf,-Inf,-Inf,-Inf,-Inf,-Inf,-Inf,-Inf,-Inf
2420,2420,-Inf,-Inf,-Inf,-Inf,-Inf,-Inf,-Inf,-Inf,-Inf,2420,2420,-Inf,-Inf,-Inf,-Inf,-Inf,-Inf,-Inf,-Inf,-Inf,2420,2420,-Inf,-Inf,-Inf,-Inf,-Inf,-Inf,-Inf,-Inf,-Inf
2421,2421,-Inf,-Inf,-Inf,-Inf,-Inf,-Inf,-Inf,-Inf,-Inf,2421,2421,-Inf,-Inf,-Inf,-Inf,-Inf,-Inf,-Inf,-Inf,-Inf,2421,2421,-Inf,-Inf,-Inf,-Inf,-Inf,-Inf,-Inf,-Inf,-Inf
2422,2422,-Inf,-Inf,-Inf,-Inf,-Inf,-Inf,-Inf,-Inf,-Inf,2422,2422,-Inf,-Inf,-Inf,-Inf,-Inf,-Inf,-Inf,-Inf,-Inf,2422,2422,-Inf,-Inf,-Inf,-Inf,-Inf,-Inf,-Inf,-Inf,-Inf
2423,2423,-Inf,-Inf,-Inf,-Inf,-Inf,-Inf,-Inf,-Inf,-Inf,2423,2423,-Inf,-Inf,-Inf,-Inf,-Inf,-Inf,-Inf,-Inf,-Inf,2423,2423,-Inf,-Inf,-Inf,-Inf,-Inf,-Inf,-Inf,-Inf,-Inf
2424,2424,-Inf,-Inf,-Inf,-Inf,-Inf,-Inf,-Inf,-Inf,-Inf,2424,2424,-Inf,-Inf,-Inf,-Inf,-Inf,-Inf,-Inf,-Inf,-Inf,2424,2424,-Inf,-Inf,-Inf,-Inf,-Inf,-Inf,-Inf,-Inf,-Inf
2425,2425,-Inf,-Inf,-Inf,-Inf,-Inf,-Inf,-Inf,-Inf,-Inf,2425,2425,-Inf,-Inf,-Inf,-Inf,-Inf,-Inf,-Inf,-Inf,-Inf,2425,2425,-Inf,-Inf,-Inf,-Inf,-Inf,-Inf,-Inf,-Inf,-Inf
2426,2426,-Inf,-Inf,-Inf,-Inf,-Inf,-Inf,-Inf,-Inf,-Inf,2426,2426,-Inf,-Inf,-Inf,-Inf,-Inf,-Inf,-Inf,-Inf,-Inf,2426,2426,-Inf,-Inf,-Inf,-Inf,-Inf,-Inf,-Inf,-Inf,-Inf
2427,2427,-Inf,-Inf,-Inf,-Inf,-Inf,-Inf,-Inf,-Inf,-Inf,2427,2427,-Inf,-Inf,-Inf,-Inf,-Inf,-Inf,-Inf,-Inf,-Inf,2427,2427,-Inf,-Inf,-Inf,-Inf,-Inf,-Inf,-Inf,-Inf,-Inf
2428,2428,-Inf,-Inf,-Inf,-Inf,-Inf,-Inf,-Inf,-Inf,-Inf,2428,2428,-Inf,-Inf,-Inf,-Inf,-Inf,-Inf,-Inf,-Inf,-Inf,2428,2428,-Inf,-Inf,-Inf,-Inf,-Inf,-Inf,-Inf,-Inf,-Inf
2429,2429,-Inf,-Inf,-Inf,-Inf,-Inf,-Inf,-Inf,-Inf,-Inf,2429,2429,-Inf,-Inf,-Inf,-Inf,-Inf,-Inf,-Inf,-Inf,-Inf,2429,2429,-Inf,-Inf,-Inf,-Inf,-Inf,-Inf,-Inf,-Inf,-Inf
2430,2430,-Inf,-Inf,-Inf,-Inf,-Inf,-Inf,-Inf,-Inf,-Inf,2430,2430,-Inf,-Inf,-Inf,-Inf,-Inf,-Inf,-Inf,-Inf,-Inf,2430,2430,-Inf,-Inf,-Inf,-Inf,-Inf,-Inf,-Inf,-Inf,-Inf
2431,2431,-Inf,-Inf,-Inf,-Inf,-Inf,-Inf,-Inf,-Inf,-Inf,2431,2431,-Inf,-Inf,-Inf,-Inf,-Inf,-Inf,-Inf,-Inf,-Inf,2431,2431,-Inf,-Inf,-Inf,-Inf,-Inf,-Inf,-Inf,-Inf,-Inf
2432,2432,-Inf,-Inf,-Inf,-Inf,-Inf,-Inf,-Inf,-Inf,-Inf,2432,2432,-Inf,-Inf,-Inf,-Inf,-Inf,-Inf,-Inf,-Inf,-Inf,2432,2432,-Inf,-Inf,-Inf,-Inf,-Inf,-Inf,-Inf,-Inf,-Inf
2433,2433,-Inf,-Inf,-Inf,-Inf,-Inf,-Inf,-Inf,-Inf,-Inf,2433,2433,-Inf,-Inf,-Inf,-Inf,-Inf,-Inf,-Inf,-Inf,-Inf,2433,2433,-Inf,-Inf,-Inf,-Inf,-Inf,-Inf,-Inf,-Inf,-Inf
2434,2434,-Inf,-Inf,-Inf,-Inf,-Inf,-Inf,-Inf,-Inf,-Inf,2434,2434,-Inf,-Inf,-Inf,-Inf,-Inf,-Inf,-Inf,-Inf,-Inf,2434,2434,-Inf,-Inf,-Inf,-Inf,-Inf,-Inf,-Inf,-Inf,-Inf
2435,2435,-Inf,-Inf,-Inf,-Inf,-Inf,-Inf,-Inf,-Inf,-Inf,2435,2435,-Inf,-Inf,-Inf,-Inf,-Inf,-Inf,-Inf,-Inf,-Inf,2435,2435,-Inf,-Inf,-Inf,-Inf,-Inf,-Inf,-Inf,-Inf,-Inf
2436,2436,-Inf,-Inf,-Inf,-Inf,-Inf,-Inf,-Inf,-Inf,-Inf,2436,2436,-Inf,-Inf,-Inf,-Inf,-Inf,-Inf,-Inf,-Inf,-Inf,2436,2436,-Inf,-Inf,-Inf,-Inf,-Inf,-Inf,-Inf,-Inf,-Inf
2437,2437,-Inf,-Inf,-Inf,-Inf,-Inf,-Inf,-Inf,-Inf,-Inf,2437,2437,-Inf,-Inf,-Inf,-Inf,-Inf,-Inf,-Inf,-Inf,-Inf,2437,2437,-Inf,-Inf,-Inf,-Inf,-Inf,-Inf,-Inf,-Inf,-Inf
2438,2438,-Inf,-Inf,-Inf,-Inf,-Inf,-Inf,-Inf,-Inf,-Inf,2438,2438,-Inf,-Inf,-Inf,-Inf,-Inf,-Inf,-Inf,-Inf,-Inf,2438,2438,-Inf,-Inf,-Inf,-Inf,-Inf,-Inf,-Inf,-Inf,-Inf
2439,2439,-Inf,-Inf,-Inf,-Inf,-Inf,-Inf,-Inf,-Inf,-Inf,2439,2439,-Inf,-Inf,-Inf,-Inf,-Inf,-Inf,-Inf,-Inf,-Inf,2439,2439,-Inf,-Inf,-Inf,-Inf,-Inf,-Inf,-Inf,-Inf,-Inf
2440,2440,-Inf,-Inf,-Inf,-Inf,-Inf,-Inf,-Inf,-Inf,-Inf,2440,2440,-Inf,-Inf,-Inf,-Inf,-Inf,-Inf,-Inf,-Inf,-Inf,2440,2440,-Inf,-Inf,-Inf,-Inf,-Inf,-Inf,-Inf,-Inf,-Inf
2441,2441,-Inf,-Inf,-Inf,-Inf,-Inf,-Inf,-Inf,-Inf,-Inf,2441,2441,-Inf,-Inf,-Inf,-Inf,-Inf,-Inf,-Inf,-Inf,-Inf,2441,2441,-Inf,-Inf,-Inf,-Inf,-Inf,-Inf,-Inf,-Inf,-Inf
2442,2442,-Inf,-Inf,-Inf,-Inf,-Inf,-Inf,-Inf,-Inf,-Inf,2442,2442,-Inf,-Inf,-Inf,-Inf,-Inf,-Inf,-Inf,-Inf,-Inf,2442,2442,-Inf,-Inf,-Inf,-Inf,-Inf,-Inf,-Inf,-Inf,-Inf
2443,2443,-Inf,-Inf,-Inf,-Inf,-Inf,-Inf,-Inf,-Inf,-Inf,2443,2443,-Inf,-Inf,-Inf,-Inf,-Inf,-Inf,-Inf,-Inf,-Inf,2443,2443,-Inf,-Inf,-Inf,-Inf,-Inf,-Inf,-Inf,-Inf,-Inf
2444,2444,-Inf,-Inf,-Inf,-Inf,-Inf,-Inf,-Inf,-Inf,-Inf,2444,2444,-Inf,-Inf,-Inf,-Inf,-Inf,-Inf,-Inf,-Inf,-Inf,2444,2444,-Inf,-Inf,-Inf,-Inf,-Inf,-Inf,-Inf,-Inf,-Inf
2445,2445,-Inf,-Inf,-Inf,-Inf,-Inf,-Inf,-Inf,-Inf,-Inf,2445,2445,-Inf,-Inf,-Inf,-Inf,-Inf,-Inf,-Inf,-Inf,-Inf,2445,2445,-Inf,-Inf,-Inf,-Inf,-Inf,-Inf,-Inf,-Inf,-Inf
2446,2446,-Inf,-Inf,-Inf,-Inf,-Inf,-Inf,-Inf,-Inf,-Inf,2446,2446,-Inf,-Inf,-Inf,-Inf,-Inf,-Inf,-Inf,-Inf,-Inf,2446,2446,-Inf,-Inf,-Inf,-Inf,-Inf,-Inf,-Inf,-Inf,-Inf
2447,2447,-Inf,-Inf,-Inf,-Inf,-Inf,-Inf,-Inf,-Inf,-Inf,2447,2447,-Inf,-Inf,-Inf,-Inf,-Inf,-Inf,-Inf,-Inf,-Inf,2447,2447,-Inf,-Inf,-Inf,-Inf,-Inf,-Inf,-Inf,-Inf,-Inf
2448,2448,-Inf,-Inf,-Inf,-Inf,-Inf,-Inf,-Inf,-Inf,-Inf,2448,2448,-Inf,-Inf,-Inf,-Inf,-Inf,-Inf,-Inf,-Inf,-Inf,2448,2448,-Inf,-Inf,-Inf,-Inf,-Inf,-Inf,-Inf,-Inf,-Inf
2449,2449,-Inf,-Inf,-Inf,-Inf,-Inf,-Inf,-Inf,-Inf,-Inf,2449,2449,-Inf,-Inf,-Inf,-Inf,-Inf,-Inf,-Inf,-Inf,-Inf,2449,2449,-Inf,-Inf,-Inf,-Inf,-Inf,-Inf,-Inf,-Inf,-Inf
2450,2450,-Inf,-Inf,-Inf,-Inf,-Inf,-Inf,-Inf,-Inf,-Inf,2450,2450,-Inf,-Inf,-Inf,-Inf,-Inf,-Inf,-Inf,-Inf,-Inf,2450,2450,-Inf,-Inf,-Inf,-Inf,-Inf,-Inf,-Inf,-Inf,-Inf
2451,2451,-Inf,-Inf,-Inf,-Inf,-Inf,-Inf,-Inf,-Inf,-Inf,2451,2451,-Inf,-Inf,-Inf,-Inf,-Inf,-Inf,-Inf,-Inf,-Inf,2451,2451,-Inf,-Inf,-Inf,-Inf,-Inf,-Inf,-Inf,-Inf,-Inf
2452,2452,-Inf,-Inf,-Inf,-Inf,-Inf,-Inf,-Inf,-Inf,-Inf,2452,2452,-Inf,-Inf,-Inf,-Inf,-Inf,-Inf,-Inf,-Inf,-Inf,2452,2452,-Inf,-Inf,-Inf,-Inf,-Inf,-Inf,-Inf,-Inf,-Inf
2453,2453,-Inf,-Inf,-Inf,-Inf,-Inf,-Inf,-Inf,-Inf,-Inf,2453,2453,-Inf,-Inf,-Inf,-Inf,-Inf,-Inf,-Inf,-Inf,-Inf,2453,2453,-Inf,-Inf,-Inf,-Inf,-Inf,-Inf,-Inf,-Inf,-Inf
2454,2454,-Inf,-Inf,-Inf,-Inf,-Inf,-Inf,-Inf,-Inf,-Inf,2454,2454,-Inf,-Inf,-Inf,-Inf,-Inf,-Inf,-Inf,-Inf,-Inf,2454,2454,-Inf,-Inf,-Inf,-Inf,-Inf,-Inf,-Inf,-Inf,-Inf
2455,2455,-Inf,-Inf,-Inf,-Inf,-Inf,-Inf,-Inf,-Inf,-Inf,2455,2455,-Inf,-Inf,-Inf,-Inf,-Inf,-Inf,-Inf,-Inf,-Inf,2455,2455,-Inf,-Inf,-Inf,-Inf,-Inf,-Inf,-Inf,-Inf,-Inf
2456,2456,-Inf,-Inf,-Inf,-Inf,-Inf,-Inf,-Inf,-Inf,-Inf,2456,2456,-Inf,-Inf,-Inf,-Inf,-Inf,-Inf,-Inf,-Inf,-Inf,2456,2456,-Inf,-Inf,-Inf,-Inf,-Inf,-Inf,-Inf,-Inf,-Inf
2457,2457,-Inf,-Inf,-Inf,-Inf,-Inf,-Inf,-Inf,-Inf,-Inf,2457,2457,-Inf,-Inf,-Inf,-Inf,-Inf,-Inf,-Inf,-Inf,-Inf,2457,2457,-Inf,-Inf,-Inf,-Inf,-Inf,-Inf,-Inf,-Inf,-Inf
2458,2458,-Inf,-Inf,-Inf,-Inf,-Inf,-Inf,-Inf,-Inf,-Inf,2458,2458,-Inf,-Inf,-Inf,-Inf,-Inf,-Inf,-Inf,-Inf,-Inf,2458,2458,-Inf,-Inf,-Inf,-Inf,-Inf,-Inf,-Inf,-Inf,-Inf
2459,2459,-Inf,-Inf,-Inf,-Inf,-Inf,-Inf,-Inf,-Inf,-Inf,2459,2459,-Inf,-Inf,-Inf,-Inf,-Inf,-Inf,-Inf,-Inf,-Inf,2459,2459,-Inf,-Inf,-Inf,-Inf,-Inf,-Inf,-Inf,-Inf,-Inf
2460,2460,-Inf,-Inf,-Inf,-Inf,-Inf,-Inf,-Inf,-Inf,-Inf,2460,2460,-Inf,-Inf,-Inf,-Inf,-Inf,-Inf,-Inf,-Inf,-Inf,2460,2460,-Inf,-Inf,-Inf,-Inf,-Inf,-Inf,-Inf,-Inf,-Inf
2461,2461,-Inf,-Inf,-Inf,-Inf,-Inf,-Inf,-Inf,-Inf,-Inf,2461,2461,-Inf,-Inf,-Inf,-Inf,-Inf,-Inf,-Inf,-Inf,-Inf,2461,2461,-Inf,-Inf,-Inf,-Inf,-Inf,-Inf,-Inf,-Inf,-Inf
2462,2462,-Inf,-Inf,-Inf,-Inf,-Inf,-Inf,-Inf,-Inf,-Inf,2462,2462,-Inf,-Inf,-Inf,-Inf,-Inf,-Inf,-Inf,-Inf,-Inf,2462,2462,-Inf,-Inf,-Inf,-Inf,-Inf,-Inf,-Inf,-Inf,-Inf
2463,2463,-Inf,-Inf,-Inf,-Inf,-Inf,-Inf,-Inf,-Inf,-Inf,2463,2463,-Inf,-Inf,-Inf,-Inf,-Inf,-Inf,-Inf,-Inf,-Inf,2463,2463,-Inf,-Inf,-Inf,-Inf,-Inf,-Inf,-Inf,-Inf,-Inf
2464,2464,-Inf,-Inf,-Inf,-Inf,-Inf,-Inf,-Inf,-Inf,-Inf,2464,2464,-Inf,-Inf,-Inf,-Inf,-Inf,-Inf,-Inf,-Inf,-Inf,2464,2464,-Inf,-Inf,-Inf,-Inf,-Inf,-Inf,-Inf,-Inf,-Inf
2465,2465,-Inf,-Inf,-Inf,-Inf,-Inf,-Inf,-Inf,-Inf,-Inf,2465,2465,-Inf,-Inf,-Inf,-Inf,-Inf,-Inf,-Inf,-Inf,-Inf,2465,2465,-Inf,-Inf,-Inf,-Inf,-Inf,-Inf,-Inf,-Inf,-Inf
2466,2466,-Inf,-Inf,-Inf,-Inf,-Inf,-Inf,-Inf,-Inf,-Inf,2466,2466,-Inf,-Inf,-Inf,-Inf,-Inf,-Inf,-Inf,-Inf,-Inf,2466,2466,-Inf,-Inf,-Inf,-Inf,-Inf,-Inf,-Inf,-Inf,-Inf
2467,2467,-Inf,-Inf,-Inf,-Inf,-Inf,-Inf,-Inf,-Inf,-Inf,2467,2467,-Inf,-Inf,-Inf,-Inf,-Inf,-Inf,-Inf,-Inf,-Inf,2467,2467,-Inf,-Inf,-Inf,-Inf,-Inf,-Inf,-Inf,-Inf,-Inf
2468,2468,-Inf,-Inf,-Inf,-Inf,-Inf,-Inf,-Inf,-Inf,-Inf,2468,2468,-Inf,-Inf,-Inf,-Inf,-Inf,-Inf,-Inf,-Inf,-Inf,2468,2468,-Inf,-Inf,-Inf,-Inf,-Inf,-Inf,-Inf,-Inf,-Inf
2469,2469,-Inf,-Inf,-Inf,-Inf,-Inf,-Inf,-Inf,-Inf,-Inf,2469,2469,-Inf,-Inf,-Inf,-Inf,-Inf,-Inf,-Inf,-Inf,-Inf,2469,2469,-Inf,-Inf,-Inf,-Inf,-Inf,-Inf,-Inf,-Inf,-Inf
2470,2470,-Inf,-Inf,-Inf,-Inf,-Inf,-Inf,-Inf,-Inf,-Inf,2470,2470,-Inf,-Inf,-Inf,-Inf,-Inf,-Inf,-Inf,-Inf,-Inf,2470,2470,-Inf,-Inf,-Inf,-Inf,-Inf,-Inf,-Inf,-Inf,-Inf
2471,2471,-Inf,-Inf,-Inf,-Inf,-Inf,-Inf,-Inf,-Inf,-Inf,2471,2471,-Inf,-Inf,-Inf,-Inf,-Inf,-Inf,-Inf,-Inf,-Inf,2471,2471,-Inf,-Inf,-Inf,-Inf,-Inf,-Inf,-Inf,-Inf,-Inf
2472,2472,-Inf,-Inf,-Inf,-Inf,-Inf,-Inf,-Inf,-Inf,-Inf,2472,2472,-Inf,-Inf,-Inf,-Inf,-Inf,-Inf,-Inf,-Inf,-Inf,2472,2472,-Inf,-Inf,-Inf,-Inf,-Inf,-Inf,-Inf,-Inf,-Inf
2473,2473,-Inf,-Inf,-Inf,-Inf,-Inf,-Inf,-Inf,-Inf,-Inf,2473,2473,-Inf,-Inf,-Inf,-Inf,-Inf,-Inf,-Inf,-Inf,-Inf,2473,2473,-Inf,-Inf,-Inf,-Inf,-Inf,-Inf,-Inf,-Inf,-Inf
2474,2474,-Inf,-Inf,-Inf,-Inf,-Inf,-Inf,-Inf,-Inf,-Inf,2474,2474,-Inf,-Inf,-Inf,-Inf,-Inf,-Inf,-Inf,-Inf,-Inf,2474,2474,-Inf,-Inf,-Inf,-Inf,-Inf,-Inf,-Inf,-Inf,-Inf
2475,2475,-Inf,-Inf,-Inf,-Inf,-Inf,-Inf,-Inf,-Inf,-Inf,2475,2475,-Inf,-Inf,-Inf,-Inf,-Inf,-Inf,-Inf,-Inf,-Inf,2475,2475,-Inf,-Inf,-Inf,-Inf,-Inf,-Inf,-Inf,-Inf,-Inf
2476,2476,-Inf,-Inf,-Inf,-Inf,-Inf,-Inf,-Inf,-Inf,-Inf,2476,2476,-Inf,-Inf,-Inf,-Inf,-Inf,-Inf,-Inf,-Inf,-Inf,2476,2476,-Inf,-Inf,-Inf,-Inf,-Inf,-Inf,-Inf,-Inf,-Inf
2477,2477,-Inf,-Inf,-Inf,-Inf,-Inf,-Inf,-Inf,-Inf,-Inf,2477,2477,-Inf,-Inf,-Inf,-Inf,-Inf,-Inf,-Inf,-Inf,-Inf,2477,2477,-Inf,-Inf,-Inf,-Inf,-Inf,-Inf,-Inf,-Inf,-Inf
2478,2478,-Inf,-Inf,-Inf,-Inf,-Inf,-Inf,-Inf,-Inf,-Inf,2478,2478,-Inf,-Inf,-Inf,-Inf,-Inf,-Inf,-Inf,-Inf,-Inf,2478,2478,-Inf,-Inf,-Inf,-Inf,-Inf,-Inf,-Inf,-Inf,-Inf
2479,2479,-Inf,-Inf,-Inf,-Inf,-Inf,-Inf,-Inf,-Inf,-Inf,2479,2479,-Inf,-Inf,-Inf,-Inf,-Inf,-Inf,-Inf,-Inf,-Inf,2479,2479,-Inf,-Inf,-Inf,-Inf,-Inf,-Inf,-Inf,-Inf,-Inf
2480,2480,-Inf,-Inf,-Inf,-Inf,-Inf,-Inf,-Inf,-Inf,-Inf,2480,2480,-Inf,-Inf,-Inf,-Inf,-Inf,-Inf,-Inf,-Inf,-Inf,2480,2480,-Inf,-Inf,-Inf,-Inf,-Inf,-Inf,-Inf,-Inf,-Inf
2481,2481,-Inf,-Inf,-Inf,-Inf,-Inf,-Inf,-Inf,-Inf,-Inf,2481,2481,-Inf,-Inf,-Inf,-Inf,-Inf,-Inf,-Inf,-Inf,-Inf,2481,2481,-Inf,-Inf,-Inf,-Inf,-Inf,-Inf,-Inf,-Inf,-Inf
2482,2482,-Inf,-Inf,-Inf,-Inf,-Inf,-Inf,-Inf,-Inf,-Inf,2482,2482,-Inf,-Inf,-Inf,-Inf,-Inf,-Inf,-Inf,-Inf,-Inf,2482,2482,-Inf,-Inf,-Inf,-Inf,-Inf,-Inf,-Inf,-Inf,-Inf
2483,2483,-Inf,-Inf,-Inf,-Inf,-Inf,-Inf,-Inf,-Inf,-Inf,2483,2483,-Inf,-Inf,-Inf,-Inf,-Inf,-Inf,-Inf,-Inf,-Inf,2483,2483,-Inf,-Inf,-Inf,-Inf,-Inf,-Inf,-Inf,-Inf,-Inf
2484,2484,-Inf,-Inf,-Inf,-Inf,-Inf,-Inf,-Inf,-Inf,-Inf,2484,2484,-Inf,-Inf,-Inf,-Inf,-Inf,-Inf,-Inf,-Inf,-Inf,2484,2484,-Inf,-Inf,-Inf,-Inf,-Inf,-Inf,-Inf,-Inf,-Inf
2485,2485,-Inf,-Inf,-Inf,-Inf,-Inf,-Inf,-Inf,-Inf,-Inf,2485,2485,-Inf,-Inf,-Inf,-Inf,-Inf,-Inf,-Inf,-Inf,-Inf,2485,2485,-Inf,-Inf,-Inf,-Inf,-Inf,-Inf,-Inf,-Inf,-Inf
2486,2486,-Inf,-Inf,-Inf,-Inf,-Inf,-Inf,-Inf,-Inf,-Inf,2486,2486,-Inf,-Inf,-Inf,-Inf,-Inf,-Inf,-Inf,-Inf,-Inf,2486,2486,-Inf,-Inf,-Inf,-Inf,-Inf,-Inf,-Inf,-Inf,-Inf
2487,2487,-Inf,-Inf,-Inf,-Inf,-Inf,-Inf,-Inf,-Inf,-Inf,2487,2487,-Inf,-Inf,-Inf,-Inf,-Inf,-Inf,-Inf,-Inf,-Inf,2487,2487,-Inf,-Inf,-Inf,-Inf,-Inf,-Inf,-Inf,-Inf,-Inf
2488,2488,-Inf,-Inf,-Inf,-Inf,-Inf,-Inf,-Inf,-Inf,-Inf,2488,2488,-Inf,-Inf,-Inf,-Inf,-Inf,-Inf,-Inf,-Inf,-Inf,2488,2488,-Inf,-Inf,-Inf,-Inf,-Inf,-Inf,-Inf,-Inf,-Inf
2489,2489,-Inf,-Inf,-Inf,-Inf,-Inf,-Inf,-Inf,-Inf,-Inf,2489,2489,-Inf,-Inf,-Inf,-Inf,-Inf,-Inf,-Inf,-Inf,-Inf,2489,2489,-Inf,-Inf,-Inf,-Inf,-Inf,-Inf,-Inf,-Inf,-Inf
2490,2490,-Inf,-Inf,-Inf,-Inf,-Inf,-Inf,-Inf,-Inf,-Inf,2490,2490,-Inf,-Inf,-Inf,-Inf,-Inf,-Inf,-Inf,-Inf,-Inf,2490,2490,-Inf,-Inf,-Inf,-Inf,-Inf,-Inf,-Inf,-Inf,-Inf
2491,2491,-Inf,-Inf,-Inf,-Inf,-Inf,-Inf,-Inf,-Inf,-Inf,2491,2491,-Inf,-Inf,-Inf,-Inf,-Inf,-Inf,-Inf,-Inf,-Inf,2491,2491,-Inf,-Inf,-Inf,-Inf,-Inf,-Inf,-Inf,-Inf,-Inf
2492,2492,-Inf,-Inf,-Inf,-Inf,-Inf,-Inf,-Inf,-Inf,-Inf,2492,2492,-Inf,-Inf,-Inf,-Inf,-Inf,-Inf,-Inf,-Inf,-Inf,2492,2492,-Inf,-Inf,-Inf,-Inf,-Inf,-Inf,-Inf,-Inf,-Inf
2493,2493,-Inf,-Inf,-Inf,-Inf,-Inf,-Inf,-Inf,-Inf,-Inf,2493,2493,-Inf,-Inf,-Inf,-Inf,-Inf,-Inf,-Inf,-Inf,-Inf,2493,2493,-Inf,-Inf,-Inf,-Inf,-Inf,-Inf,-Inf,-Inf,-Inf
2494,2494,-Inf,-Inf,-Inf,-Inf,-Inf,-Inf,-Inf,-Inf,-Inf,2494,2494,-Inf,-Inf,-Inf,-Inf,-Inf,-Inf,-Inf,-Inf,-Inf,2494,2494,-Inf,-Inf,-Inf,-Inf,-Inf,-Inf,-Inf,-Inf,-Inf
2495,2495,-Inf,-Inf,-Inf,-Inf,-Inf,-Inf,-Inf,-Inf,-Inf,2495,2495,-Inf,-Inf,-Inf,-Inf,-Inf,-Inf,-Inf,-Inf,-Inf,2495,2495,-Inf,-Inf,-Inf,-Inf,-Inf,-Inf,-Inf,-Inf,-Inf
2496,2496,-Inf,-Inf,-Inf,-Inf,-Inf,-Inf,-Inf,-Inf,-Inf,2496,2496,-Inf,-Inf,-Inf,-Inf,-Inf,-Inf,-Inf,-Inf,-Inf,2496,2496,-Inf,-Inf,-Inf,-Inf,-Inf,-Inf,-Inf,-Inf,-Inf
2497,2497,-Inf,-Inf,-Inf,-Inf,-Inf,-Inf,-Inf,-Inf,-Inf,2497,2497,-Inf,-Inf,-Inf,-Inf,-Inf,-Inf,-Inf,-Inf,-Inf,2497,2497,-Inf,-Inf,-Inf,-Inf,-Inf,-Inf,-Inf,-Inf,-Inf
2498,2498,-Inf,-Inf,-Inf,-Inf,-Inf,-Inf,-Inf,-Inf,-Inf,2498,2498,-Inf,-Inf,-Inf,-Inf,-Inf,-Inf,-Inf,-Inf,-Inf,2498,2498,-Inf,-Inf,-Inf,-Inf,-Inf,-Inf,-Inf,-Inf,-Inf
2499,2499,-Inf,-Inf,-Inf,-Inf,-Inf,-Inf,-Inf,-Inf,-Inf,2499,2499,-Inf,-Inf,-Inf,-Inf,-Inf,-Inf,-Inf,-Inf,-Inf,2499,2499,-Inf,-Inf,-Inf,-Inf,-Inf,-Inf,-Inf,-Inf,-Inf
2500,2500,-Inf,-Inf,-Inf,-Inf,-Inf,-Inf,-Inf,-Inf,-Inf,2500,2500,-Inf,-Inf,-Inf,-Inf,-Inf,-Inf,-Inf,-Inf,-Inf,2500,2500,-Inf,-Inf,-Inf,-Inf,-Inf,-Inf,-Inf,-Inf,-Inf
2501,2501,-Inf,-Inf,-Inf,-Inf,-Inf,-Inf,-Inf,-Inf,-Inf,2501,2501,-Inf,-Inf,-Inf,-Inf,-Inf,-Inf,-Inf,-Inf,-Inf,2501,2501,-Inf,-Inf,-Inf,-Inf,-Inf,-Inf,-Inf,-Inf,-Inf
2502,2502,-Inf,-Inf,-Inf,-Inf,-Inf,-Inf,-Inf,-Inf,-Inf,2502,2502,-Inf,-Inf,-Inf,-Inf,-Inf,-Inf,-Inf,-Inf,-Inf,2502,2502,-Inf,-Inf,-Inf,-Inf,-Inf,-Inf,-Inf,-Inf,-Inf
2503,2503,-Inf,-Inf,-Inf,-Inf,-Inf,-Inf,-Inf,-Inf,-Inf,2503,2503,-Inf,-Inf,-Inf,-Inf,-Inf,-Inf,-Inf,-Inf,-Inf,2503,2503,-Inf,-Inf,-Inf,-Inf,-Inf,-Inf,-Inf,-Inf,-Inf
2504,2504,-Inf,-Inf,-Inf,-Inf,-Inf,-Inf,-Inf,-Inf,-Inf,2504,2504,-Inf,-Inf,-Inf,-Inf,-Inf,-Inf,-Inf,-Inf,-Inf,2504,2504,-Inf,-Inf,-Inf,-Inf,-Inf,-Inf,-Inf,-Inf,-Inf
2505,2505,-Inf,-Inf,-Inf,-Inf,-Inf,-Inf,-Inf,-Inf,-Inf,2505,2505,-Inf,-Inf,-Inf,-Inf,-Inf,-Inf,-Inf,-Inf,-Inf,2505,2505,-Inf,-Inf,-Inf,-Inf,-Inf,-Inf,-Inf,-Inf,-Inf
2506,2506,-Inf,-Inf,-Inf,-Inf,-Inf,-Inf,-Inf,-Inf,-Inf,2506,2506,-Inf,-Inf,-Inf,-Inf,-Inf,-Inf,-Inf,-Inf,-Inf,2506,2506,-Inf,-Inf,-Inf,-Inf,-Inf,-Inf,-Inf,-Inf,-Inf
2507,2507,-Inf,-Inf,-Inf,-Inf,-Inf,-Inf,-Inf,-Inf,-Inf,2507,2507,-Inf,-Inf,-Inf,-Inf,-Inf,-Inf,-Inf,-Inf,-Inf,2507,2507,-Inf,-Inf,-Inf,-Inf,-Inf,-Inf,-Inf,-Inf,-Inf
2508,2508,-Inf,-Inf,-Inf,-Inf,-Inf,-Inf,-Inf,-Inf,-Inf,2508,2508,-Inf,-Inf,-Inf,-Inf,-Inf,-Inf,-Inf,-Inf,-Inf,2508,2508,-Inf,-Inf,-Inf,-Inf,-Inf,-Inf,-Inf,-Inf,-Inf
2509,2509,-Inf,-Inf,-Inf,-Inf,-Inf,-Inf,-Inf,-Inf,-Inf,2509,2509,-Inf,-Inf,-Inf,-Inf,-Inf,-Inf,-Inf,-Inf,-Inf,2509,2509,-Inf,-Inf,-Inf,-Inf,-Inf,-Inf,-Inf,-Inf,-Inf
2510,2510,-Inf,-Inf,-Inf,-Inf,-Inf,-Inf,-Inf,-Inf,-Inf,2510,2510,-Inf,-Inf,-Inf,-Inf,-Inf,-Inf,-Inf,-Inf,-Inf,2510,2510,-Inf,-Inf,-Inf,-Inf,-Inf,-Inf,-Inf,-Inf,-Inf
2511,2511,-Inf,-Inf,-Inf,-Inf,-Inf,-Inf,-Inf,-Inf,-Inf,2511,2511,-Inf,-Inf,-Inf,-Inf,-Inf,-Inf,-Inf,-Inf,-Inf,2511,2511,-Inf,-Inf,-Inf,-Inf,-Inf,-Inf,-Inf,-Inf,-Inf
2512,2512,-Inf,-Inf,-Inf,-Inf,-Inf,-Inf,-Inf,-Inf,-Inf,2512,2512,-Inf,-Inf,-Inf,-Inf,-Inf,-Inf,-Inf,-Inf,-Inf,2512,2512,-Inf,-Inf,-Inf,-Inf,-Inf,-Inf,-Inf,-Inf,-Inf
2513,2513,-Inf,-Inf,-Inf,-Inf,-Inf,-Inf,-Inf,-Inf,-Inf,2513,2513,-Inf,-Inf,-Inf,-Inf,-Inf,-Inf,-Inf,-Inf,-Inf,2513,2513,-Inf,-Inf,-Inf,-Inf,-Inf,-Inf,-Inf,-Inf,-Inf
2514,2514,-Inf,-Inf,-Inf,-Inf,-Inf,-Inf,-Inf,-Inf,-Inf,2514,2514,-Inf,-Inf,-Inf,-Inf,-Inf,-Inf,-Inf,-Inf,-Inf,2514,2514,-Inf,-Inf,-Inf,-Inf,-Inf,-Inf,-Inf,-Inf,-Inf
2515,2515,-Inf,-Inf,-Inf,-Inf,-Inf,-Inf,-Inf,-Inf,-Inf,2515,2515,-Inf,-Inf,-Inf,-Inf,-Inf,-Inf,-Inf,-Inf,-Inf,2515,2515,-Inf,-Inf,-Inf,-Inf,-Inf,-Inf,-Inf,-Inf,-Inf
2516,2516,-Inf,-Inf,-Inf,-Inf,-Inf,-Inf,-Inf,-Inf,-Inf,2516,2516,-Inf,-Inf,-Inf,-Inf,-Inf,-Inf,-Inf,-Inf,-Inf,2516,2516,-Inf,-Inf,-Inf,-Inf,-Inf,-Inf,-Inf,-Inf,-Inf
2517,2517,-Inf,-Inf,-Inf,-Inf,-Inf,-Inf,-Inf,-Inf,-Inf,2517,2517,-Inf,-Inf,-Inf,-Inf,-Inf,-Inf,-Inf,-Inf,-Inf,2517,2517,-Inf,-Inf,-Inf,-Inf,-Inf,-Inf,-Inf,-Inf,-Inf
2518,2518,-Inf,-Inf,-Inf,-Inf,-Inf,-Inf,-Inf,-Inf,-Inf,2518,2518,-Inf,-Inf,-Inf,-Inf,-Inf,-Inf,-Inf,-Inf,-Inf,2518,2518,-Inf,-Inf,-Inf,-Inf,-Inf,-Inf,-Inf,-Inf,-Inf
2519,2519,-Inf,-Inf,-Inf,-Inf,-Inf,-Inf,-Inf,-Inf,-Inf,2519,2519,-Inf,-Inf,-Inf,-Inf,-Inf,-Inf,-Inf,-Inf,-Inf,2519,2519,-Inf,-Inf,-Inf,-Inf,-Inf,-Inf,-Inf,-Inf,-Inf
2520,2520,-Inf,-Inf,-Inf,-Inf,-Inf,-Inf,-Inf,-Inf,-Inf,2520,2520,-Inf,-Inf,-Inf,-Inf,-Inf,-Inf,-Inf,-Inf,-Inf,2520,2520,-Inf,-Inf,-Inf,-Inf,-Inf,-Inf,-Inf,-Inf,-Inf
2521,2521,-Inf,-Inf,-Inf,-Inf,-Inf,-Inf,-Inf,-Inf,-Inf,2521,2521,-Inf,-Inf,-Inf,-Inf,-Inf,-Inf,-Inf,-Inf,-Inf,2521,2521,-Inf,-Inf,-Inf,-Inf,-Inf,-Inf,-Inf,-Inf,-Inf
2522,2522,-Inf,-Inf,-Inf,-Inf,-Inf,-Inf,-Inf,-Inf,-Inf,2522,2522,-Inf,-Inf,-Inf,-Inf,-Inf,-Inf,-Inf,-Inf,-Inf,2522,2522,-Inf,-Inf,-Inf,-Inf,-Inf,-Inf,-Inf,-Inf,-Inf
2523,2523,-Inf,-Inf,-Inf,-Inf,-Inf,-Inf,-Inf,-Inf,-Inf,2523,2523,-Inf,-Inf,-Inf,-Inf,-Inf,-Inf,-Inf,-Inf,-Inf,2523,2523,-Inf,-Inf,-Inf,-Inf,-Inf,-Inf,-Inf,-Inf,-Inf
2524,2524,-Inf,-Inf,-Inf,-Inf,-Inf,-Inf,-Inf,-Inf,-Inf,2524,2524,-Inf,-Inf,-Inf,-Inf,-Inf,-Inf,-Inf,-Inf,-Inf,2524,2524,-Inf,-Inf,-Inf,-Inf,-Inf,-Inf,-Inf,-Inf,-Inf
2525,2525,-Inf,-Inf,-Inf,-Inf,-Inf,-Inf,-Inf,-Inf,-Inf,2525,2525,-Inf,-Inf,-Inf,-Inf,-Inf,-Inf,-Inf,-Inf,-Inf,2525,2525,-Inf,-Inf,-Inf,-Inf,-Inf,-Inf,-Inf,-Inf,-Inf
2526,2526,-Inf,-Inf,-Inf,-Inf,-Inf,-Inf,-Inf,-Inf,-Inf,2526,2526,-Inf,-Inf,-Inf,-Inf,-Inf,-Inf,-Inf,-Inf,-Inf,2526,2526,-Inf,-Inf,-Inf,-Inf,-Inf,-Inf,-Inf,-Inf,-Inf
2527,2527,-Inf,-Inf,-Inf,-Inf,-Inf,-Inf,-Inf,-Inf,-Inf,2527,2527,-Inf,-Inf,-Inf,-Inf,-Inf,-Inf,-Inf,-Inf,-Inf,2527,2527,-Inf,-Inf,-Inf,-Inf,-Inf,-Inf,-Inf,-Inf,-Inf
2528,2528,-Inf,-Inf,-Inf,-Inf,-Inf,-Inf,-Inf,-Inf,-Inf,2528,2528,-Inf,-Inf,-Inf,-Inf,-Inf,-Inf,-Inf,-Inf,-Inf,2528,2528,-Inf,-Inf,-Inf,-Inf,-Inf,-Inf,-Inf,-Inf,-Inf
2529,2529,-Inf,-Inf,-Inf,-Inf,-Inf,-Inf,-Inf,-Inf,-Inf,2529,2529,-Inf,-Inf,-Inf,-Inf,-Inf,-Inf,-Inf,-Inf,-Inf,2529,2529,-Inf,-Inf,-Inf,-Inf,-Inf,-Inf,-Inf,-Inf,-Inf
2530,2530,-Inf,-Inf,-Inf,-Inf,-Inf,-Inf,-Inf,-Inf,-Inf,2530,2530,-Inf,-Inf,-Inf,-Inf,-Inf,-Inf,-Inf,-Inf,-Inf,2530,2530,-Inf,-Inf,-Inf,-Inf,-Inf,-Inf,-Inf,-Inf,-Inf
2531,2531,-Inf,-Inf,-Inf,-Inf,-Inf,-Inf,-Inf,-Inf,-Inf,2531,2531,-Inf,-Inf,-Inf,-Inf,-Inf,-Inf,-Inf,-Inf,-Inf,2531,2531,-Inf,-Inf,-Inf,-Inf,-Inf,-Inf,-Inf,-Inf,-Inf
2532,2532,-Inf,-Inf,-Inf,-Inf,-Inf,-Inf,-Inf,-Inf,-Inf,2532,2532,-Inf,-Inf,-Inf,-Inf,-Inf,-Inf,-Inf,-Inf,-Inf,2532,2532,-Inf,-Inf,-Inf,-Inf,-Inf,-Inf,-Inf,-Inf,-Inf
2533,2533,-Inf,-Inf,-Inf,-Inf,-Inf,-Inf,-Inf,-Inf,-Inf,2533,2533,-Inf,-Inf,-Inf,-Inf,-Inf,-Inf,-Inf,-Inf,-Inf,2533,2533,-Inf,-Inf,-Inf,-Inf,-Inf,-Inf,-Inf,-Inf,-Inf
2534,2534,-Inf,-Inf,-Inf,-Inf,-Inf,-Inf,-Inf,-Inf,-Inf,2534,2534,-Inf,-Inf,-Inf,-Inf,-Inf,-Inf,-Inf,-Inf,-Inf,2534,2534,-Inf,-Inf,-Inf,-Inf,-Inf,-Inf,-Inf,-Inf,-Inf
2535,2535,-Inf,-Inf,-Inf,-Inf,-Inf,-Inf,-Inf,-Inf,-Inf,2535,2535,-Inf,-Inf,-Inf,-Inf,-Inf,-Inf,-Inf,-Inf,-Inf,2535,2535,-Inf,-Inf,-Inf,-Inf,-Inf,-Inf,-Inf,-Inf,-Inf
2536,2536,-Inf,-Inf,-Inf,-Inf,-Inf,-Inf,-Inf,-Inf,-Inf,2536,2536,-Inf,-Inf,-Inf,-Inf,-Inf,-Inf,-Inf,-Inf,-Inf,2536,2536,-Inf,-Inf,-Inf,-Inf,-Inf,-Inf,-Inf,-Inf,-Inf
2537,2537,-Inf,-Inf,-Inf,-Inf,-Inf,-Inf,-Inf,-Inf,-Inf,2537,2537,-Inf,-Inf,-Inf,-Inf,-Inf,-Inf,-Inf,-Inf,-Inf,2537,2537,-Inf,-Inf,-Inf,-Inf,-Inf,-Inf,-Inf,-Inf,-Inf
2538,2538,-Inf,-Inf,-Inf,-Inf,-Inf,-Inf,-Inf,-Inf,-Inf,2538,2538,-Inf,-Inf,-Inf,-Inf,-Inf,-Inf,-Inf,-Inf,-Inf,2538,2538,-Inf,-Inf,-Inf,-Inf,-Inf,-Inf,-Inf,-Inf,-Inf
2539,2539,-Inf,-Inf,-Inf,-Inf,-Inf,-Inf,-Inf,-Inf,-Inf,2539,2539,-Inf,-Inf,-Inf,-Inf,-Inf,-Inf,-Inf,-Inf,-Inf,2539,2539,-Inf,-Inf,-Inf,-Inf,-Inf,-Inf,-Inf,-Inf,-Inf
2540,2540,-Inf,-Inf,-Inf,-Inf,-Inf,-Inf,-Inf,-Inf,-Inf,2540,2540,-Inf,-Inf,-Inf,-Inf,-Inf,-Inf,-Inf,-Inf,-Inf,2540,2540,-Inf,-Inf,-Inf,-Inf,-Inf,-Inf,-Inf,-Inf,-Inf
2541,2541,-Inf,-Inf,-Inf,-Inf,-Inf,-Inf,-Inf,-Inf,-Inf,2541,2541,-Inf,-Inf,-Inf,-Inf,-Inf,-Inf,-Inf,-Inf,-Inf,2541,2541,-Inf,-Inf,-Inf,-Inf,-Inf,-Inf,-Inf,-Inf,-Inf
2542,2542,-Inf,-Inf,-Inf,-Inf,-Inf,-Inf,-Inf,-Inf,-Inf,2542,2542,-Inf,-Inf,-Inf,-Inf,-Inf,-Inf,-Inf,-Inf,-Inf,2542,2542,-Inf,-Inf,-Inf,-Inf,-Inf,-Inf,-Inf,-Inf,-Inf
2543,2543,-Inf,-Inf,-Inf,-Inf,-Inf,-Inf,-Inf,-Inf,-Inf,2543,2543,-Inf,-Inf,-Inf,-Inf,-Inf,-Inf,-Inf,-Inf,-Inf,2543,2543,-Inf,-Inf,-Inf,-Inf,-Inf,-Inf,-Inf,-Inf,-Inf
2544,2544,-Inf,-Inf,-Inf,-Inf,-Inf,-Inf,-Inf,-Inf,-Inf,2544,2544,-Inf,-Inf,-Inf,-Inf,-Inf,-Inf,-Inf,-Inf,-Inf,2544,2544,-Inf,-Inf,-Inf,-Inf,-Inf,-Inf,-Inf,-Inf,-Inf
2545,2545,-Inf,-Inf,-Inf,-Inf,-Inf,-Inf,-Inf,-Inf,-Inf,2545,2545,-Inf,-Inf,-Inf,-Inf,-Inf,-Inf,-Inf,-Inf,-Inf,2545,2545,-Inf,-Inf,-Inf,-Inf,-Inf,-Inf,-Inf,-Inf,-Inf
2546,2546,-Inf,-Inf,-Inf,-Inf,-Inf,-Inf,-Inf,-Inf,-Inf,2546,2546,-Inf,-Inf,-Inf,-Inf,-Inf,-Inf,-Inf,-Inf,-Inf,2546,2546,-Inf,-Inf,-Inf,-Inf,-Inf,-Inf,-Inf,-Inf,-Inf
2547,2547,-Inf,-Inf,-Inf,-Inf,-Inf,-Inf,-Inf,-Inf,-Inf,2547,2547,-Inf,-Inf,-Inf,-Inf,-Inf,-Inf,-Inf,-Inf,-Inf,2547,2547,-Inf,-Inf,-Inf,-Inf,-Inf,-Inf,-Inf,-Inf,-Inf
2548,2548,-Inf,-Inf,-Inf,-Inf,-Inf,-Inf,-Inf,-Inf,-Inf,2548,2548,-Inf,-Inf,-Inf,-Inf,-Inf,-Inf,-Inf,-Inf,-Inf,2548,2548,-Inf,-Inf,-Inf,-Inf,-Inf,-Inf,-Inf,-Inf,-Inf
2549,2549,-Inf,-Inf,-Inf,-Inf,-Inf,-Inf,-Inf,-Inf,-Inf,2549,2549,-Inf,-Inf,-Inf,-Inf,-Inf,-Inf,-Inf,-Inf,-Inf,2549,2549,-Inf,-Inf,-Inf,-Inf,-Inf,-Inf,-Inf,-Inf,-Inf
2550,2550,-Inf,-Inf,-Inf,-Inf,-Inf,-Inf,-Inf,-Inf,-Inf,2550,2550,-Inf,-Inf,-Inf,-Inf,-Inf,-Inf,-Inf,-Inf,-Inf,2550,2550,-Inf,-Inf,-Inf,-Inf,-Inf,-Inf,-Inf,-Inf,-Inf
2551,2551,-Inf,-Inf,-Inf,-Inf,-Inf,-Inf,-Inf,-Inf,-Inf,2551,2551,-Inf,-Inf,-Inf,-Inf,-Inf,-Inf,-Inf,-Inf,-Inf,2551,2551,-Inf,-Inf,-Inf,-Inf,-Inf,-Inf,-Inf,-Inf,-Inf
2552,2552,-Inf,-Inf,-Inf,-Inf,-Inf,-Inf,-Inf,-Inf,-Inf,2552,2552,-Inf,-Inf,-Inf,-Inf,-Inf,-Inf,-Inf,-Inf,-Inf,2552,2552,-Inf,-Inf,-Inf,-Inf,-Inf,-Inf,-Inf,-Inf,-Inf
2553,2553,-Inf,-Inf,-Inf,-Inf,-Inf,-Inf,-Inf,-Inf,-Inf,2553,2553,-Inf,-Inf,-Inf,-Inf,-Inf,-Inf,-Inf,-Inf,-Inf,2553,2553,-Inf,-Inf,-Inf,-Inf,-Inf,-Inf,-Inf,-Inf,-Inf
2554,2554,-Inf,-Inf,-Inf,-Inf,-Inf,-Inf,-Inf,-Inf,-Inf,2554,2554,-Inf,-Inf,-Inf,-Inf,-Inf,-Inf,-Inf,-Inf,-Inf,2554,2554,-Inf,-Inf,-Inf,-Inf,-Inf,-Inf,-Inf,-Inf,-Inf
2555,2555,-Inf,-Inf,-Inf,-Inf,-Inf,-Inf,-Inf,-Inf,-Inf,2555,2555,-Inf,-Inf,-Inf,-Inf,-Inf,-Inf,-Inf,-Inf,-Inf,2555,2555,-Inf,-Inf,-Inf,-Inf,-Inf,-Inf,-Inf,-Inf,-Inf
2556,2556,-Inf,-Inf,-Inf,-Inf,-Inf,-Inf,-Inf,-Inf,-Inf,2556,2556,-Inf,-Inf,-Inf,-Inf,-Inf,-Inf,-Inf,-Inf,-Inf,2556,2556,-Inf,-Inf,-Inf,-Inf,-Inf,-Inf,-Inf,-Inf,-Inf
2557,2557,-Inf,-Inf,-Inf,-Inf,-Inf,-Inf,-Inf,-Inf,-Inf,2557,2557,-Inf,-Inf,-Inf,-Inf,-Inf,-Inf,-Inf,-Inf,-Inf,2557,2557,-Inf,-Inf,-Inf,-Inf,-Inf,-Inf,-Inf,-Inf,-Inf
2558,2558,-Inf,-Inf,-Inf,-Inf,-Inf,-Inf,-Inf,-Inf,-Inf,2558,2558,-Inf,-Inf,-Inf,-Inf,-Inf,-Inf,-Inf,-Inf,-Inf,2558,2558,-Inf,-Inf,-Inf,-Inf,-Inf,-Inf,-Inf,-Inf,-Inf
2559,2559,-Inf,-Inf,-Inf,-Inf,-Inf,-Inf,-Inf,-Inf,-Inf,2559,2559,-Inf,-Inf,-Inf,-Inf,-Inf,-Inf,-Inf,-Inf,-Inf,2559,2559,-Inf,-Inf,-Inf,-Inf,-Inf,-Inf,-Inf,-Inf,-Inf
2560,2560,-Inf,-Inf,-Inf,-Inf,-Inf,-Inf,-Inf,-Inf,-Inf,2560,2560,-Inf,-Inf,-Inf,-Inf,-Inf,-Inf,-Inf,-Inf,-Inf,2560,2560,-Inf,-Inf,-Inf,-Inf,-Inf,-Inf,-Inf,-Inf,-Inf
2561,2561,-Inf,-Inf,-Inf,-Inf,-Inf,-Inf,-Inf,-Inf,-Inf,2561,2561,-Inf,-Inf,-Inf,-Inf,-Inf,-Inf,-Inf,-Inf,-Inf,2561,2561,-Inf,-Inf,-Inf,-Inf,-Inf,-Inf,-Inf,-Inf,-Inf
2562,2562,-Inf,-Inf,-Inf,-Inf,-Inf,-Inf,-Inf,-Inf,-Inf,2562,2562,-Inf,-Inf,-Inf,-Inf,-Inf,-Inf,-Inf,-Inf,-Inf,2562,2562,-Inf,-Inf,-Inf,-Inf,-Inf,-Inf,-Inf,-Inf,-Inf
2563,2563,-Inf,-Inf,-Inf,-Inf,-Inf,-Inf,-Inf,-Inf,-Inf,2563,2563,-Inf,-Inf,-Inf,-Inf,-Inf,-Inf,-Inf,-Inf,-Inf,2563,2563,-Inf,-Inf,-Inf,-Inf,-Inf,-Inf,-Inf,-Inf,-Inf
2564,2564,-Inf,-Inf,-Inf,-Inf,-Inf,-Inf,-Inf,-Inf,-Inf,2564,2564,-Inf,-Inf,-Inf,-Inf,-Inf,-Inf,-Inf,-Inf,-Inf,2564,2564,-Inf,-Inf,-Inf,-Inf,-Inf,-Inf,-Inf,-Inf,-Inf
2565,2565,-Inf,-Inf,-Inf,-Inf,-Inf,-Inf,-Inf,-Inf,-Inf,2565,2565,-Inf,-Inf,-Inf,-Inf,-Inf,-Inf,-Inf,-Inf,-Inf,2565,2565,-Inf,-Inf,-Inf,-Inf,-Inf,-Inf,-Inf,-Inf,-Inf
2566,2566,-Inf,-Inf,-Inf,-Inf,-Inf,-Inf,-Inf,-Inf,-Inf,2566,2566,-Inf,-Inf,-Inf,-Inf,-Inf,-Inf,-Inf,-Inf,-Inf,2566,2566,-Inf,-Inf,-Inf,-Inf,-Inf,-Inf,-Inf,-Inf,-Inf
2567,2567,-Inf,-Inf,-Inf,-Inf,-Inf,-Inf,-Inf,-Inf,-Inf,2567,2567,-Inf,-Inf,-Inf,-Inf,-Inf,-Inf,-Inf,-Inf,-Inf,2567,2567,-Inf,-Inf,-Inf,-Inf,-Inf,-Inf,-Inf,-Inf,-Inf
2568,2568,-Inf,-Inf,-Inf,-Inf,-Inf,-Inf,-Inf,-Inf,-Inf,2568,2568,-Inf,-Inf,-Inf,-Inf,-Inf,-Inf,-Inf,-Inf,-Inf,2568,2568,-Inf,-Inf,-Inf,-Inf,-Inf,-Inf,-Inf,-Inf,-Inf
2569,2569,-Inf,-Inf,-Inf,-Inf,-Inf,-Inf,-Inf,-Inf,-Inf,2569,2569,-Inf,-Inf,-Inf,-Inf,-Inf,-Inf,-Inf,-Inf,-Inf,2569,2569,-Inf,-Inf,-Inf,-Inf,-Inf,-Inf,-Inf,-Inf,-Inf
2570,2570,-Inf,-Inf,-Inf,-Inf,-Inf,-Inf,-Inf,-Inf,-Inf,2570,2570,-Inf,-Inf,-Inf,-Inf,-Inf,-Inf,-Inf,-Inf,-Inf,2570,2570,-Inf,-Inf,-Inf,-Inf,-Inf,-Inf,-Inf,-Inf,-Inf
2571,2571,-Inf,-Inf,-Inf,-Inf,-Inf,-Inf,-Inf,-Inf,-Inf,2571,2571,-Inf,-Inf,-Inf,-Inf,-Inf,-Inf,-Inf,-Inf,-Inf,2571,2571,-Inf,-Inf,-Inf,-Inf,-Inf,-Inf,-Inf,-Inf,-Inf
2572,2572,-Inf,-Inf,-Inf,-Inf,-Inf,-Inf,-Inf,-Inf,-Inf,2572,2572,-Inf,-Inf,-Inf,-Inf,-Inf,-Inf,-Inf,-Inf,-Inf,2572,2572,-Inf,-Inf,-Inf,-Inf,-Inf,-Inf,-Inf,-Inf,-Inf
2573,2573,-Inf,-Inf,-Inf,-Inf,-Inf,-Inf,-Inf,-Inf,-Inf,2573,2573,-Inf,-Inf,-Inf,-Inf,-Inf,-Inf,-Inf,-Inf,-Inf,2573,2573,-Inf,-Inf,-Inf,-Inf,-Inf,-Inf,-Inf,-Inf,-Inf
2574,2574,-Inf,-Inf,-Inf,-Inf,-Inf,-Inf,-Inf,-Inf,-Inf,2574,2574,-Inf,-Inf,-Inf,-Inf,-Inf,-Inf,-Inf,-Inf,-Inf,2574,2574,-Inf,-Inf,-Inf,-Inf,-Inf,-Inf,-Inf,-Inf,-Inf
2575,2575,-Inf,-Inf,-Inf,-Inf,-Inf,-Inf,-Inf,-Inf,-Inf,2575,2575,-Inf,-Inf,-Inf,-Inf,-Inf,-Inf,-Inf,-Inf,-Inf,2575,2575,-Inf,-Inf,-Inf,-Inf,-Inf,-Inf,-Inf,-Inf,-Inf
2576,2576,-Inf,-Inf,-Inf,-Inf,-Inf,-Inf,-Inf,-Inf,-Inf,2576,2576,-Inf,-Inf,-Inf,-Inf,-Inf,-Inf,-Inf,-Inf,-Inf,2576,2576,-Inf,-Inf,-Inf,-Inf,-Inf,-Inf,-Inf,-Inf,-Inf
2577,2577,-Inf,-Inf,-Inf,-Inf,-Inf,-Inf,-Inf,-Inf,-Inf,2577,2577,-Inf,-Inf,-Inf,-Inf,-Inf,-Inf,-Inf,-Inf,-Inf,2577,2577,-Inf,-Inf,-Inf,-Inf,-Inf,-Inf,-Inf,-Inf,-Inf
2578,2578,-Inf,-Inf,-Inf,-Inf,-Inf,-Inf,-Inf,-Inf,-Inf,2578,2578,-Inf,-Inf,-Inf,-Inf,-Inf,-Inf,-Inf,-Inf,-Inf,2578,2578,-Inf,-Inf,-Inf,-Inf,-Inf,-Inf,-Inf,-Inf,-Inf
2579,2579,-Inf,-Inf,-Inf,-Inf,-Inf,-Inf,-Inf,-Inf,-Inf,2579,2579,-Inf,-Inf,-Inf,-Inf,-Inf,-Inf,-Inf,-Inf,-Inf,2579,2579,-Inf,-Inf,-Inf,-Inf,-Inf,-Inf,-Inf,-Inf,-Inf
2580,2580,-Inf,-Inf,-Inf,-Inf,-Inf,-Inf,-Inf,-Inf,-Inf,2580,2580,-Inf,-Inf,-Inf,-Inf,-Inf,-Inf,-Inf,-Inf,-Inf,2580,2580,-Inf,-Inf,-Inf,-Inf,-Inf,-Inf,-Inf,-Inf,-Inf
2581,2581,-Inf,-Inf,-Inf,-Inf,-Inf,-Inf,-Inf,-Inf,-Inf,2581,2581,-Inf,-Inf,-Inf,-Inf,-Inf,-Inf,-Inf,-Inf,-Inf,2581,2581,-Inf,-Inf,-Inf,-Inf,-Inf,-Inf,-Inf,-Inf,-Inf
2582,2582,-Inf,-Inf,-Inf,-Inf,-Inf,-Inf,-Inf,-Inf,-Inf,2582,2582,-Inf,-Inf,-Inf,-Inf,-Inf,-Inf,-Inf,-Inf,-Inf,2582,2582,-Inf,-Inf,-Inf,-Inf,-Inf,-Inf,-Inf,-Inf,-Inf
2583,2583,-Inf,-Inf,-Inf,-Inf,-Inf,-Inf,-Inf,-Inf,-Inf,2583,2583,-Inf,-Inf,-Inf,-Inf,-Inf,-Inf,-Inf,-Inf,-Inf,2583,2583,-Inf,-Inf,-Inf,-Inf,-Inf,-Inf,-Inf,-Inf,-Inf
2584,2584,-Inf,-Inf,-Inf,-Inf,-Inf,-Inf,-Inf,-Inf,-Inf,2584,2584,-Inf,-Inf,-Inf,-Inf,-Inf,-Inf,-Inf,-Inf,-Inf,2584,2584,-Inf,-Inf,-Inf,-Inf,-Inf,-Inf,-Inf,-Inf,-Inf
2585,2585,-Inf,-Inf,-Inf,-Inf,-Inf,-Inf,-Inf,-Inf,-Inf,2585,2585,-Inf,-Inf,-Inf,-Inf,-Inf,-Inf,-Inf,-Inf,-Inf,2585,2585,-Inf,-Inf,-Inf,-Inf,-Inf,-Inf,-Inf,-Inf,-Inf
2586,2586,-Inf,-Inf,-Inf,-Inf,-Inf,-Inf,-Inf,-Inf,-Inf,2586,2586,-Inf,-Inf,-Inf,-Inf,-Inf,-Inf,-Inf,-Inf,-Inf,2586,2586,-Inf,-Inf,-Inf,-Inf,-Inf,-Inf,-Inf,-Inf,-Inf
2587,2587,-Inf,-Inf,-Inf,-Inf,-Inf,-Inf,-Inf,-Inf,-Inf,2587,2587,-Inf,-Inf,-Inf,-Inf,-Inf,-Inf,-Inf,-Inf,-Inf,2587,2587,-Inf,-Inf,-Inf,-Inf,-Inf,-Inf,-Inf,-Inf,-Inf
2588,2588,-Inf,-Inf,-Inf,-Inf,-Inf,-Inf,-Inf,-Inf,-Inf,2588,2588,-Inf,-Inf,-Inf,-Inf,-Inf,-Inf,-Inf,-Inf,-Inf,2588,2588,-Inf,-Inf,-Inf,-Inf,-Inf,-Inf,-Inf,-Inf,-Inf
2589,2589,-Inf,-Inf,-Inf,-Inf,-Inf,-Inf,-Inf,-Inf,-Inf,2589,2589,-Inf,-Inf,-Inf,-Inf,-Inf,-Inf,-Inf,-Inf,-Inf,2589,2589,-Inf,-Inf,-Inf,-Inf,-Inf,-Inf,-Inf,-Inf,-Inf
2590,2590,-Inf,-Inf,-Inf,-Inf,-Inf,-Inf,-Inf,-Inf,-Inf,2590,2590,-Inf,-Inf,-Inf,-Inf,-Inf,-Inf,-Inf,-Inf,-Inf,2590,2590,-Inf,-Inf,-Inf,-Inf,-Inf,-Inf,-Inf,-Inf,-Inf
2591,2591,-Inf,-Inf,-Inf,-Inf,-Inf,-Inf,-Inf,-Inf,-Inf,2591,2591,-Inf,-Inf,-Inf,-Inf,-Inf,-Inf,-Inf,-Inf,-Inf,2591,2591,-Inf,-Inf,-Inf,-Inf,-Inf,-Inf,-Inf,-Inf,-Inf
2592,2592,-Inf,-Inf,-Inf,-Inf,-Inf,-Inf,-Inf,-Inf,-Inf,2592,2592,-Inf,-Inf,-Inf,-Inf,-Inf,-Inf,-Inf,-Inf,-Inf,2592,2592,-Inf,-Inf,-Inf,-Inf,-Inf,-Inf,-Inf,-Inf,-Inf
2593,2593,-Inf,-Inf,-Inf,-Inf,-Inf,-Inf,-Inf,-Inf,-Inf,2593,2593,-Inf,-Inf,-Inf,-Inf,-Inf,-Inf,-Inf,-Inf,-Inf,2593,2593,-Inf,-Inf,-Inf,-Inf,-Inf,-Inf,-Inf,-Inf,-Inf
2594,2594,-Inf,-Inf,-Inf,-Inf,-Inf,-Inf,-Inf,-Inf,-Inf,2594,2594,-Inf,-Inf,-Inf,-Inf,-Inf,-Inf,-Inf,-Inf,-Inf,2594,2594,-Inf,-Inf,-Inf,-Inf,-Inf,-Inf,-Inf,-Inf,-Inf
2595,2595,-Inf,-Inf,-Inf,-Inf,-Inf,-Inf,-Inf,-Inf,-Inf,2595,2595,-Inf,-Inf,-Inf,-Inf,-Inf,-Inf,-Inf,-Inf,-Inf,2595,2595,-Inf,-Inf,-Inf,-Inf,-Inf,-Inf,-Inf,-Inf,-Inf
2596,2596,-Inf,-Inf,-Inf,-Inf,-Inf,-Inf,-Inf,-Inf,-Inf,2596,2596,-Inf,-Inf,-Inf,-Inf,-Inf,-Inf,-Inf,-Inf,-Inf,2596,2596,-Inf,-Inf,-Inf,-Inf,-Inf,-Inf,-Inf,-Inf,-Inf
2597,2597,-Inf,-Inf,-Inf,-Inf,-Inf,-Inf,-Inf,-Inf,-Inf,2597,2597,-Inf,-Inf,-Inf,-Inf,-Inf,-Inf,-Inf,-Inf,-Inf,2597,2597,-Inf,-Inf,-Inf,-Inf,-Inf,-Inf,-Inf,-Inf,-Inf
2598,2598,-Inf,-Inf,-Inf,-Inf,-Inf,-Inf,-Inf,-Inf,-Inf,2598,2598,-Inf,-Inf,-Inf,-Inf,-Inf,-Inf,-Inf,-Inf,-Inf,2598,2598,-Inf,-Inf,-Inf,-Inf,-Inf,-Inf,-Inf,-Inf,-Inf
2599,2599,-Inf,-Inf,-Inf,-Inf,-Inf,-Inf,-Inf,-Inf,-Inf,2599,2599,-Inf,-Inf,-Inf,-Inf,-Inf,-Inf,-Inf,-Inf,-Inf,2599,2599,-Inf,-Inf,-Inf,-Inf,-Inf,-Inf,-Inf,-Inf,-Inf
2600,2600,-Inf,-Inf,-Inf,-Inf,-Inf,-Inf,-Inf,-Inf,-Inf,2600,2600,-Inf,-Inf,-Inf,-Inf,-Inf,-Inf,-Inf,-Inf,-Inf,2600,2600,-Inf,-Inf,-Inf,-Inf,-Inf,-Inf,-Inf,-Inf,-Inf
2601,2601,-Inf,-Inf,-Inf,-Inf,-Inf,-Inf,-Inf,-Inf,-Inf,2601,2601,-Inf,-Inf,-Inf,-Inf,-Inf,-Inf,-Inf,-Inf,-Inf,2601,2601,-Inf,-Inf,-Inf,-Inf,-Inf,-Inf,-Inf,-Inf,-Inf
2602,2602,-Inf,-Inf,-Inf,-Inf,-Inf,-Inf,-Inf,-Inf,-Inf,2602,2602,-Inf,-Inf,-Inf,-Inf,-Inf,-Inf,-Inf,-Inf,-Inf,2602,2602,-Inf,-Inf,-Inf,-Inf,-Inf,-Inf,-Inf,-Inf,-Inf
2603,2603,-Inf,-Inf,-Inf,-Inf,-Inf,-Inf,-Inf,-Inf,-Inf,2603,2603,-Inf,-Inf,-Inf,-Inf,-Inf,-Inf,-Inf,-Inf,-Inf,2603,2603,-Inf,-Inf,-Inf,-Inf,-Inf,-Inf,-Inf,-Inf,-Inf
2604,2604,-Inf,-Inf,-Inf,-Inf,-Inf,-Inf,-Inf,-Inf,-Inf,2604,2604,-Inf,-Inf,-Inf,-Inf,-Inf,-Inf,-Inf,-Inf,-Inf,2604,2604,-Inf,-Inf,-Inf,-Inf,-Inf,-Inf,-Inf,-Inf,-Inf
2605,2605,-Inf,-Inf,-Inf,-Inf,-Inf,-Inf,-Inf,-Inf,-Inf,2605,2605,-Inf,-Inf,-Inf,-Inf,-Inf,-Inf,-Inf,-Inf,-Inf,2605,2605,-Inf,-Inf,-Inf,-Inf,-Inf,-Inf,-Inf,-Inf,-Inf
2606,2606,-Inf,-Inf,-Inf,-Inf,-Inf,-Inf,-Inf,-Inf,-Inf,2606,2606,-Inf,-Inf,-Inf,-Inf,-Inf,-Inf,-Inf,-Inf,-Inf,2606,2606,-Inf,-Inf,-Inf,-Inf,-Inf,-Inf,-Inf,-Inf,-Inf
2607,2607,-Inf,-Inf,-Inf,-Inf,-Inf,-Inf,-Inf,-Inf,-Inf,2607,2607,-Inf,-Inf,-Inf,-Inf,-Inf,-Inf,-Inf,-Inf,-Inf,2607,2607,-Inf,-Inf,-Inf,-Inf,-Inf,-Inf,-Inf,-Inf,-Inf
2608,2608,-Inf,-Inf,-Inf,-Inf,-Inf,-Inf,-Inf,-Inf,-Inf,2608,2608,-Inf,-Inf,-Inf,-Inf,-Inf,-Inf,-Inf,-Inf,-Inf,2608,2608,-Inf,-Inf,-Inf,-Inf,-Inf,-Inf,-Inf,-Inf,-Inf
2609,2609,-Inf,-Inf,-Inf,-Inf,-Inf,-Inf,-Inf,-Inf,-Inf,2609,2609,-Inf,-Inf,-Inf,-Inf,-Inf,-Inf,-Inf,-Inf,-Inf,2609,2609,-Inf,-Inf,-Inf,-Inf,-Inf,-Inf,-Inf,-Inf,-Inf
2610,2610,-Inf,-Inf,-Inf,-Inf,-Inf,-Inf,-Inf,-Inf,-Inf,2610,2610,-Inf,-Inf,-Inf,-Inf,-Inf,-Inf,-Inf,-Inf,-Inf,2610,2610,-Inf,-Inf,-Inf,-Inf,-Inf,-Inf,-Inf,-Inf,-Inf
2611,2611,-Inf,-Inf,-Inf,-Inf,-Inf,-Inf,-Inf,-Inf,-Inf,2611,2611,-Inf,-Inf,-Inf,-Inf,-Inf,-Inf,-Inf,-Inf,-Inf,2611,2611,-Inf,-Inf,-Inf,-Inf,-Inf,-Inf,-Inf,-Inf,-Inf
2612,2612,-Inf,-Inf,-Inf,-Inf,-Inf,-Inf,-Inf,-Inf,-Inf,2612,2612,-Inf,-Inf,-Inf,-Inf,-Inf,-Inf,-Inf,-Inf,-Inf,2612,2612,-Inf,-Inf,-Inf,-Inf,-Inf,-Inf,-Inf,-Inf,-Inf
2613,2613,-Inf,-Inf,-Inf,-Inf,-Inf,-Inf,-Inf,-Inf,-Inf,2613,2613,-Inf,-Inf,-Inf,-Inf,-Inf,-Inf,-Inf,-Inf,-Inf,2613,2613,-Inf,-Inf,-Inf,-Inf,-Inf,-Inf,-Inf,-Inf,-Inf
2614,2614,-Inf,-Inf,-Inf,-Inf,-Inf,-Inf,-Inf,-Inf,-Inf,2614,2614,-Inf,-Inf,-Inf,-Inf,-Inf,-Inf,-Inf,-Inf,-Inf,2614,2614,-Inf,-Inf,-Inf,-Inf,-Inf,-Inf,-Inf,-Inf,-Inf
2615,2615,-Inf,-Inf,-Inf,-Inf,-Inf,-Inf,-Inf,-Inf,-Inf,2615,2615,-Inf,-Inf,-Inf,-Inf,-Inf,-Inf,-Inf,-Inf,-Inf,2615,2615,-Inf,-Inf,-Inf,-Inf,-Inf,-Inf,-Inf,-Inf,-Inf
2616,2616,-Inf,-Inf,-Inf,-Inf,-Inf,-Inf,-Inf,-Inf,-Inf,2616,2616,-Inf,-Inf,-Inf,-Inf,-Inf,-Inf,-Inf,-Inf,-Inf,2616,2616,-Inf,-Inf,-Inf,-Inf,-Inf,-Inf,-Inf,-Inf,-Inf
2617,2617,-Inf,-Inf,-Inf,-Inf,-Inf,-Inf,-Inf,-Inf,-Inf,2617,2617,-Inf,-Inf,-Inf,-Inf,-Inf,-Inf,-Inf,-Inf,-Inf,2617,2617,-Inf,-Inf,-Inf,-Inf,-Inf,-Inf,-Inf,-Inf,-Inf
2618,2618,-Inf,-Inf,-Inf,-Inf,-Inf,-Inf,-Inf,-Inf,-Inf,2618,2618,-Inf,-Inf,-Inf,-Inf,-Inf,-Inf,-Inf,-Inf,-Inf,2618,2618,-Inf,-Inf,-Inf,-Inf,-Inf,-Inf,-Inf,-Inf,-Inf
2619,2619,-Inf,-Inf,-Inf,-Inf,-Inf,-Inf,-Inf,-Inf,-Inf,2619,2619,-Inf,-Inf,-Inf,-Inf,-Inf,-Inf,-Inf,-Inf,-Inf,2619,2619,-Inf,-Inf,-Inf,-Inf,-Inf,-Inf,-Inf,-Inf,-Inf
2620,2620,-Inf,-Inf,-Inf,-Inf,-Inf,-Inf,-Inf,-Inf,-Inf,2620,2620,-Inf,-Inf,-Inf,-Inf,-Inf,-Inf,-Inf,-Inf,-Inf,2620,2620,-Inf,-Inf,-Inf,-Inf,-Inf,-Inf,-Inf,-Inf,-Inf
2621,2621,-Inf,-Inf,-Inf,-Inf,-Inf,-Inf,-Inf,-Inf,-Inf,2621,2621,-Inf,-Inf,-Inf,-Inf,-Inf,-Inf,-Inf,-Inf,-Inf,2621,2621,-Inf,-Inf,-Inf,-Inf,-Inf,-Inf,-Inf,-Inf,-Inf
2622,2622,-Inf,-Inf,-Inf,-Inf,-Inf,-Inf,-Inf,-Inf,-Inf,2622,2622,-Inf,-Inf,-Inf,-Inf,-Inf,-Inf,-Inf,-Inf,-Inf,2622,2622,-Inf,-Inf,-Inf,-Inf,-Inf,-Inf,-Inf,-Inf,-Inf
2623,2623,-Inf,-Inf,-Inf,-Inf,-Inf,-Inf,-Inf,-Inf,-Inf,2623,2623,-Inf,-Inf,-Inf,-Inf,-Inf,-Inf,-Inf,-Inf,-Inf,2623,2623,-Inf,-Inf,-Inf,-Inf,-Inf,-Inf,-Inf,-Inf,-Inf
2624,2624,-Inf,-Inf,-Inf,-Inf,-Inf,-Inf,-Inf,-Inf,-Inf,2624,2624,-Inf,-Inf,-Inf,-Inf,-Inf,-Inf,-Inf,-Inf,-Inf,2624,2624,-Inf,-Inf,-Inf,-Inf,-Inf,-Inf,-Inf,-Inf,-Inf
2625,2625,-Inf,-Inf,-Inf,-Inf,-Inf,-Inf,-Inf,-Inf,-Inf,2625,2625,-Inf,-Inf,-Inf,-Inf,-Inf,-Inf,-Inf,-Inf,-Inf,2625,2625,-Inf,-Inf,-Inf,-Inf,-Inf,-Inf,-Inf,-Inf,-Inf
2626,2626,-Inf,-Inf,-Inf,-Inf,-Inf,-Inf,-Inf,-Inf,-Inf,2626,2626,-Inf,-Inf,-Inf,-Inf,-Inf,-Inf,-Inf,-Inf,-Inf,2626,2626,-Inf,-Inf,-Inf,-Inf,-Inf,-Inf,-Inf,-Inf,-Inf
2627,2627,-Inf,-Inf,-Inf,-Inf,-Inf,-Inf,-Inf,-Inf,-Inf,2627,2627,-Inf,-Inf,-Inf,-Inf,-Inf,-Inf,-Inf,-Inf,-Inf,2627,2627,-Inf,-Inf,-Inf,-Inf,-Inf,-Inf,-Inf,-Inf,-Inf
2628,2628,-Inf,-Inf,-Inf,-Inf,-Inf,-Inf,-Inf,-Inf,-Inf,2628,2628,-Inf,-Inf,-Inf,-Inf,-Inf,-Inf,-Inf,-Inf,-Inf,2628,2628,-Inf,-Inf,-Inf,-Inf,-Inf,-Inf,-Inf,-Inf,-Inf
2629,2629,-Inf,-Inf,-Inf,-Inf,-Inf,-Inf,-Inf,-Inf,-Inf,2629,2629,-Inf,-Inf,-Inf,-Inf,-Inf,-Inf,-Inf,-Inf,-Inf,2629,2629,-Inf,-Inf,-Inf,-Inf,-Inf,-Inf,-Inf,-Inf,-Inf
2630,2630,-Inf,-Inf,-Inf,-Inf,-Inf,-Inf,-Inf,-Inf,-Inf,2630,2630,-Inf,-Inf,-Inf,-Inf,-Inf,-Inf,-Inf,-Inf,-Inf,2630,2630,-Inf,-Inf,-Inf,-Inf,-Inf,-Inf,-Inf,-Inf,-Inf
2631,2631,-Inf,-Inf,-Inf,-Inf,-Inf,-Inf,-Inf,-Inf,-Inf,2631,2631,-Inf,-Inf,-Inf,-Inf,-Inf,-Inf,-Inf,-Inf,-Inf,2631,2631,-Inf,-Inf,-Inf,-Inf,-Inf,-Inf,-Inf,-Inf,-Inf
2632,2632,-Inf,-Inf,-Inf,-Inf,-Inf,-Inf,-Inf,-Inf,-Inf,2632,2632,-Inf,-Inf,-Inf,-Inf,-Inf,-Inf,-Inf,-Inf,-Inf,2632,2632,-Inf,-Inf,-Inf,-Inf,-Inf,-Inf,-Inf,-Inf,-Inf
2633,2633,-Inf,-Inf,-Inf,-Inf,-Inf,-Inf,-Inf,-Inf,-Inf,2633,2633,-Inf,-Inf,-Inf,-Inf,-Inf,-Inf,-Inf,-Inf,-Inf,2633,2633,-Inf,-Inf,-Inf,-Inf,-Inf,-Inf,-Inf,-Inf,-Inf
2634,2634,-Inf,-Inf,-Inf,-Inf,-Inf,-Inf,-Inf,-Inf,-Inf,2634,2634,-Inf,-Inf,-Inf,-Inf,-Inf,-Inf,-Inf,-Inf,-Inf,2634,2634,-Inf,-Inf,-Inf,-Inf,-Inf,-Inf,-Inf,-Inf,-Inf
2635,2635,-Inf,-Inf,-Inf,-Inf,-Inf,-Inf,-Inf,-Inf,-Inf,2635,2635,-Inf,-Inf,-Inf,-Inf,-Inf,-Inf,-Inf,-Inf,-Inf,2635,2635,-Inf,-Inf,-Inf,-Inf,-Inf,-Inf,-Inf,-Inf,-Inf
2636,2636,-Inf,-Inf,-Inf,-Inf,-Inf,-Inf,-Inf,-Inf,-Inf,2636,2636,-Inf,-Inf,-Inf,-Inf,-Inf,-Inf,-Inf,-Inf,-Inf,2636,2636,-Inf,-Inf,-Inf,-Inf,-Inf,-Inf,-Inf,-Inf,-Inf
2637,2637,-Inf,-Inf,-Inf,-Inf,-Inf,-Inf,-Inf,-Inf,-Inf,2637,2637,-Inf,-Inf,-Inf,-Inf,-Inf,-Inf,-Inf,-Inf,-Inf,2637,2637,-Inf,-Inf,-Inf,-Inf,-Inf,-Inf,-Inf,-Inf,-Inf
2638,2638,-Inf,-Inf,-Inf,-Inf,-Inf,-Inf,-Inf,-Inf,-Inf,2638,2638,-Inf,-Inf,-Inf,-Inf,-Inf,-Inf,-Inf,-Inf,-Inf,2638,2638,-Inf,-Inf,-Inf,-Inf,-Inf,-Inf,-Inf,-Inf,-Inf
2639,2639,-Inf,-Inf,-Inf,-Inf,-Inf,-Inf,-Inf,-Inf,-Inf,2639,2639,-Inf,-Inf,-Inf,-Inf,-Inf,-Inf,-Inf,-Inf,-Inf,2639,2639,-Inf,-Inf,-Inf,-Inf,-Inf,-Inf,-Inf,-Inf,-Inf
2640,2640,-Inf,-Inf,-Inf,-Inf,-Inf,-Inf,-Inf,-Inf,-Inf,2640,2640,-Inf,-Inf,-Inf,-Inf,-Inf,-Inf,-Inf,-Inf,-Inf,2640,2640,-Inf,-Inf,-Inf,-Inf,-Inf,-Inf,-Inf,-Inf,-Inf
2641,2641,-Inf,-Inf,-Inf,-Inf,-Inf,-Inf,-Inf,-Inf,-Inf,2641,2641,-Inf,-Inf,-Inf,-Inf,-Inf,-Inf,-Inf,-Inf,-Inf,2641,2641,-Inf,-Inf,-Inf,-Inf,-Inf,-Inf,-Inf,-Inf,-Inf
2642,2642,-Inf,-Inf,-Inf,-Inf,-Inf,-Inf,-Inf,-Inf,-Inf,2642,2642,-Inf,-Inf,-Inf,-Inf,-Inf,-Inf,-Inf,-Inf,-Inf,2642,2642,-Inf,-Inf,-Inf,-Inf,-Inf,-Inf,-Inf,-Inf,-Inf
2643,2643,-Inf,-Inf,-Inf,-Inf,-Inf,-Inf,-Inf,-Inf,-Inf,2643,2643,-Inf,-Inf,-Inf,-Inf,-Inf,-Inf,-Inf,-Inf,-Inf,2643,2643,-Inf,-Inf,-Inf,-Inf,-Inf,-Inf,-Inf,-Inf,-Inf
2644,2644,-Inf,-Inf,-Inf,-Inf,-Inf,-Inf,-Inf,-Inf,-Inf,2644,2644,-Inf,-Inf,-Inf,-Inf,-Inf,-Inf,-Inf,-Inf,-Inf,2644,2644,-Inf,-Inf,-Inf,-Inf,-Inf,-Inf,-Inf,-Inf,-Inf
2645,2645,-Inf,-Inf,-Inf,-Inf,-Inf,-Inf,-Inf,-Inf,-Inf,2645,2645,-Inf,-Inf,-Inf,-Inf,-Inf,-Inf,-Inf,-Inf,-Inf,2645,2645,-Inf,-Inf,-Inf,-Inf,-Inf,-Inf,-Inf,-Inf,-Inf
2646,2646,-Inf,-Inf,-Inf,-Inf,-Inf,-Inf,-Inf,-Inf,-Inf,2646,2646,-Inf,-Inf,-Inf,-Inf,-Inf,-Inf,-Inf,-Inf,-Inf,2646,2646,-Inf,-Inf,-Inf,-Inf,-Inf,-Inf,-Inf,-Inf,-Inf
2647,2647,-Inf,-Inf,-Inf,-Inf,-Inf,-Inf,-Inf,-Inf,-Inf,2647,2647,-Inf,-Inf,-Inf,-Inf,-Inf,-Inf,-Inf,-Inf,-Inf,2647,2647,-Inf,-Inf,-Inf,-Inf,-Inf,-Inf,-Inf,-Inf,-Inf
2648,2648,-Inf,-Inf,-Inf,-Inf,-Inf,-Inf,-Inf,-Inf,-Inf,2648,2648,-Inf,-Inf,-Inf,-Inf,-Inf,-Inf,-Inf,-Inf,-Inf,2648,2648,-Inf,-Inf,-Inf,-Inf,-Inf,-Inf,-Inf,-Inf,-Inf
2649,2649,-Inf,-Inf,-Inf,-Inf,-Inf,-Inf,-Inf,-Inf,-Inf,2649,2649,-Inf,-Inf,-Inf,-Inf,-Inf,-Inf,-Inf,-Inf,-Inf,2649,2649,-Inf,-Inf,-Inf,-Inf,-Inf,-Inf,-Inf,-Inf,-Inf
2650,2650,-Inf,-Inf,-Inf,-Inf,-Inf,-Inf,-Inf,-Inf,-Inf,2650,2650,-Inf,-Inf,-Inf,-Inf,-Inf,-Inf,-Inf,-Inf,-Inf,2650,2650,-Inf,-Inf,-Inf,-Inf,-Inf,-Inf,-Inf,-Inf,-Inf
2651,2651,-Inf,-Inf,-Inf,-Inf,-Inf,-Inf,-Inf,-Inf,-Inf,2651,2651,-Inf,-Inf,-Inf,-Inf,-Inf,-Inf,-Inf,-Inf,-Inf,2651,2651,-Inf,-Inf,-Inf,-Inf,-Inf,-Inf,-Inf,-Inf,-Inf
2652,2652,-Inf,-Inf,-Inf,-Inf,-Inf,-Inf,-Inf,-Inf,-Inf,2652,2652,-Inf,-Inf,-Inf,-Inf,-Inf,-Inf,-Inf,-Inf,-Inf,2652,2652,-Inf,-Inf,-Inf,-Inf,-Inf,-Inf,-Inf,-Inf,-Inf
2653,2653,-Inf,-Inf,-Inf,-Inf,-Inf,-Inf,-Inf,-Inf,-Inf,2653,2653,-Inf,-Inf,-Inf,-Inf,-Inf,-Inf,-Inf,-Inf,-Inf,2653,2653,-Inf,-Inf,-Inf,-Inf,-Inf,-Inf,-Inf,-Inf,-Inf
2654,2654,-Inf,-Inf,-Inf,-Inf,-Inf,-Inf,-Inf,-Inf,-Inf,2654,2654,-Inf,-Inf,-Inf,-Inf,-Inf,-Inf,-Inf,-Inf,-Inf,2654,2654,-Inf,-Inf,-Inf,-Inf,-Inf,-Inf,-Inf,-Inf,-Inf
2655,2655,-Inf,-Inf,-Inf,-Inf,-Inf,-Inf,-Inf,-Inf,-Inf,2655,2655,-Inf,-Inf,-Inf,-Inf,-Inf,-Inf,-Inf,-Inf,-Inf,2655,2655,-Inf,-Inf,-Inf,-Inf,-Inf,-Inf,-Inf,-Inf,-Inf
2656,2656,-Inf,-Inf,-Inf,-Inf,-Inf,-Inf,-Inf,-Inf,-Inf,2656,2656,-Inf,-Inf,-Inf,-Inf,-Inf,-Inf,-Inf,-Inf,-Inf,2656,2656,-Inf,-Inf,-Inf,-Inf,-Inf,-Inf,-Inf,-Inf,-Inf
2657,2657,-Inf,-Inf,-Inf,-Inf,-Inf,-Inf,-Inf,-Inf,-Inf,2657,2657,-Inf,-Inf,-Inf,-Inf,-Inf,-Inf,-Inf,-Inf,-Inf,2657,2657,-Inf,-Inf,-Inf,-Inf,-Inf,-Inf,-Inf,-Inf,-Inf
2658,2658,-Inf,-Inf,-Inf,-Inf,-Inf,-Inf,-Inf,-Inf,-Inf,2658,2658,-Inf,-Inf,-Inf,-Inf,-Inf,-Inf,-Inf,-Inf,-Inf,2658,2658,-Inf,-Inf,-Inf,-Inf,-Inf,-Inf,-Inf,-Inf,-Inf
2659,2659,-Inf,-Inf,-Inf,-Inf,-Inf,-Inf,-Inf,-Inf,-Inf,2659,2659,-Inf,-Inf,-Inf,-Inf,-Inf,-Inf,-Inf,-Inf,-Inf,2659,2659,-Inf,-Inf,-Inf,-Inf,-Inf,-Inf,-Inf,-Inf,-Inf
2660,2660,-Inf,-Inf,-Inf,-Inf,-Inf,-Inf,-Inf,-Inf,-Inf,2660,2660,-Inf,-Inf,-Inf,-Inf,-Inf,-Inf,-Inf,-Inf,-Inf,2660,2660,-Inf,-Inf,-Inf,-Inf,-Inf,-Inf,-Inf,-Inf,-Inf
2661,2661,-Inf,-Inf,-Inf,-Inf,-Inf,-Inf,-Inf,-Inf,-Inf,2661,2661,-Inf,-Inf,-Inf,-Inf,-Inf,-Inf,-Inf,-Inf,-Inf,2661,2661,-Inf,-Inf,-Inf,-Inf,-Inf,-Inf,-Inf,-Inf,-Inf
2662,2662,-Inf,-Inf,-Inf,-Inf,-Inf,-Inf,-Inf,-Inf,-Inf,2662,2662,-Inf,-Inf,-Inf,-Inf,-Inf,-Inf,-Inf,-Inf,-Inf,2662,2662,-Inf,-Inf,-Inf,-Inf,-Inf,-Inf,-Inf,-Inf,-Inf
2663,2663,-Inf,-Inf,-Inf,-Inf,-Inf,-Inf,-Inf,-Inf,-Inf,2663,2663,-Inf,-Inf,-Inf,-Inf,-Inf,-Inf,-Inf,-Inf,-Inf,2663,2663,-Inf,-Inf,-Inf,-Inf,-Inf,-Inf,-Inf,-Inf,-Inf
2664,2664,-Inf,-Inf,-Inf,-Inf,-Inf,-Inf,-Inf,-Inf,-Inf,2664,2664,-Inf,-Inf,-Inf,-Inf,-Inf,-Inf,-Inf,-Inf,-Inf,2664,2664,-Inf,-Inf,-Inf,-Inf,-Inf,-Inf,-Inf,-Inf,-Inf
2665,2665,-Inf,-Inf,-Inf,-Inf,-Inf,-Inf,-Inf,-Inf,-Inf,2665,2665,-Inf,-Inf,-Inf,-Inf,-Inf,-Inf,-Inf,-Inf,-Inf,2665,2665,-Inf,-Inf,-Inf,-Inf,-Inf,-Inf,-Inf,-Inf,-Inf
2666,2666,-Inf,-Inf,-Inf,-Inf,-Inf,-Inf,-Inf,-Inf,-Inf,2666,2666,-Inf,-Inf,-Inf,-Inf,-Inf,-Inf,-Inf,-Inf,-Inf,2666,2666,-Inf,-Inf,-Inf,-Inf,-Inf,-Inf,-Inf,-Inf,-Inf
2667,2667,-Inf,-Inf,-Inf,-Inf,-Inf,-Inf,-Inf,-Inf,-Inf,2667,2667,-Inf,-Inf,-Inf,-Inf,-Inf,-Inf,-Inf,-Inf,-Inf,2667,2667,-Inf,-Inf,-Inf,-Inf,-Inf,-Inf,-Inf,-Inf,-Inf
2668,2668,-Inf,-Inf,-Inf,-Inf,-Inf,-Inf,-Inf,-Inf,-Inf,2668,2668,-Inf,-Inf,-Inf,-Inf,-Inf,-Inf,-Inf,-Inf,-Inf,2668,2668,-Inf,-Inf,-Inf,-Inf,-Inf,-Inf,-Inf,-Inf,-Inf
2669,2669,-Inf,-Inf,-Inf,-Inf,-Inf,-Inf,-Inf,-Inf,-Inf,2669,2669,-Inf,-Inf,-Inf,-Inf,-Inf,-Inf,-Inf,-Inf,-Inf,2669,2669,-Inf,-Inf,-Inf,-Inf,-Inf,-Inf,-Inf,-Inf,-Inf
2670,2670,-Inf,-Inf,-Inf,-Inf,-Inf,-Inf,-Inf,-Inf,-Inf,2670,2670,-Inf,-Inf,-Inf,-Inf,-Inf,-Inf,-Inf,-Inf,-Inf,2670,2670,-Inf,-Inf,-Inf,-Inf,-Inf,-Inf,-Inf,-Inf,-Inf
2671,2671,-Inf,-Inf,-Inf,-Inf,-Inf,-Inf,-Inf,-Inf,-Inf,2671,2671,-Inf,-Inf,-Inf,-Inf,-Inf,-Inf,-Inf,-Inf,-Inf,2671,2671,-Inf,-Inf,-Inf,-Inf,-Inf,-Inf,-Inf,-Inf,-Inf
2672,2672,-Inf,-Inf,-Inf,-Inf,-Inf,-Inf,-Inf,-Inf,-Inf,2672,2672,-Inf,-Inf,-Inf,-Inf,-Inf,-Inf,-Inf,-Inf,-Inf,2672,2672,-Inf,-Inf,-Inf,-Inf,-Inf,-Inf,-Inf,-Inf,-Inf
2673,2673,-Inf,-Inf,-Inf,-Inf,-Inf,-Inf,-Inf,-Inf,-Inf,2673,2673,-Inf,-Inf,-Inf,-Inf,-Inf,-Inf,-Inf,-Inf,-Inf,2673,2673,-Inf,-Inf,-Inf,-Inf,-Inf,-Inf,-Inf,-Inf,-Inf
2674,2674,-Inf,-Inf,-Inf,-Inf,-Inf,-Inf,-Inf,-Inf,-Inf,2674,2674,-Inf,-Inf,-Inf,-Inf,-Inf,-Inf,-Inf,-Inf,-Inf,2674,2674,-Inf,-Inf,-Inf,-Inf,-Inf,-Inf,-Inf,-Inf,-Inf
2675,2675,-Inf,-Inf,-Inf,-Inf,-Inf,-Inf,-Inf,-Inf,-Inf,2675,2675,-Inf,-Inf,-Inf,-Inf,-Inf,-Inf,-Inf,-Inf,-Inf,2675,2675,-Inf,-Inf,-Inf,-Inf,-Inf,-Inf,-Inf,-Inf,-Inf
2676,2676,-Inf,-Inf,-Inf,-Inf,-Inf,-Inf,-Inf,-Inf,-Inf,2676,2676,-Inf,-Inf,-Inf,-Inf,-Inf,-Inf,-Inf,-Inf,-Inf,2676,2676,-Inf,-Inf,-Inf,-Inf,-Inf,-Inf,-Inf,-Inf,-Inf
2677,2677,-Inf,-Inf,-Inf,-Inf,-Inf,-Inf,-Inf,-Inf,-Inf,2677,2677,-Inf,-Inf,-Inf,-Inf,-Inf,-Inf,-Inf,-Inf,-Inf,2677,2677,-Inf,-Inf,-Inf,-Inf,-Inf,-Inf,-Inf,-Inf,-Inf
2678,2678,-Inf,-Inf,-Inf,-Inf,-Inf,-Inf,-Inf,-Inf,-Inf,2678,2678,-Inf,-Inf,-Inf,-Inf,-Inf,-Inf,-Inf,-Inf,-Inf,2678,2678,-Inf,-Inf,-Inf,-Inf,-Inf,-Inf,-Inf,-Inf,-Inf
2679,2679,-Inf,-Inf,-Inf,-Inf,-Inf,-Inf,-Inf,-Inf,-Inf,2679,2679,-Inf,-Inf,-Inf,-Inf,-Inf,-Inf,-Inf,-Inf,-Inf,2679,2679,-Inf,-Inf,-Inf,-Inf,-Inf,-Inf,-Inf,-Inf,-Inf
2680,2680,-Inf,-Inf,-Inf,-Inf,-Inf,-Inf,-Inf,-Inf,-Inf,2680,2680,-Inf,-Inf,-Inf,-Inf,-Inf,-Inf,-Inf,-Inf,-Inf,2680,2680,-Inf,-Inf,-Inf,-Inf,-Inf,-Inf,-Inf,-Inf,-Inf
2681,2681,-Inf,-Inf,-Inf,-Inf,-Inf,-Inf,-Inf,-Inf,-Inf,2681,2681,-Inf,-Inf,-Inf,-Inf,-Inf,-Inf,-Inf,-Inf,-Inf,2681,2681,-Inf,-Inf,-Inf,-Inf,-Inf,-Inf,-Inf,-Inf,-Inf
2682,2682,-Inf,-Inf,-Inf,-Inf,-Inf,-Inf,-Inf,-Inf,-Inf,2682,2682,-Inf,-Inf,-Inf,-Inf,-Inf,-Inf,-Inf,-Inf,-Inf,2682,2682,-Inf,-Inf,-Inf,-Inf,-Inf,-Inf,-Inf,-Inf,-Inf
2683,2683,-Inf,-Inf,-Inf,-Inf,-Inf,-Inf,-Inf,-Inf,-Inf,2683,2683,-Inf,-Inf,-Inf,-Inf,-Inf,-Inf,-Inf,-Inf,-Inf,2683,2683,-Inf,-Inf,-Inf,-Inf,-Inf,-Inf,-Inf,-Inf,-Inf
2684,2684,-Inf,-Inf,-Inf,-Inf,-Inf,-Inf,-Inf,-Inf,-Inf,2684,2684,-Inf,-Inf,-Inf,-Inf,-Inf,-Inf,-Inf,-Inf,-Inf,2684,2684,-Inf,-Inf,-Inf,-Inf,-Inf,-Inf,-Inf,-Inf,-Inf
2685,2685,-Inf,-Inf,-Inf,-Inf,-Inf,-Inf,-Inf,-Inf,-Inf,2685,2685,-Inf,-Inf,-Inf,-Inf,-Inf,-Inf,-Inf,-Inf,-Inf,2685,2685,-Inf,-Inf,-Inf,-Inf,-Inf,-Inf,-Inf,-Inf,-Inf
2686,2686,-Inf,-Inf,-Inf,-Inf,-Inf,-Inf,-Inf,-Inf,-Inf,2686,2686,-Inf,-Inf,-Inf,-Inf,-Inf,-Inf,-Inf,-Inf,-Inf,2686,2686,-Inf,-Inf,-Inf,-Inf,-Inf,-Inf,-Inf,-Inf,-Inf
2687,2687,-Inf,-Inf,-Inf,-Inf,-Inf,-Inf,-Inf,-Inf,-Inf,2687,2687,-Inf,-Inf,-Inf,-Inf,-Inf,-Inf,-Inf,-Inf,-Inf,2687,2687,-Inf,-Inf,-Inf,-Inf,-Inf,-Inf,-Inf,-Inf,-Inf
2688,2688,-Inf,-Inf,-Inf,-Inf,-Inf,-Inf,-Inf,-Inf,-Inf,2688,2688,-Inf,-Inf,-Inf,-Inf,-Inf,-Inf,-Inf,-Inf,-Inf,2688,2688,-Inf,-Inf,-Inf,-Inf,-Inf,-Inf,-Inf,-Inf,-Inf
2689,2689,-Inf,-Inf,-Inf,-Inf,-Inf,-Inf,-Inf,-Inf,-Inf,2689,2689,-Inf,-Inf,-Inf,-Inf,-Inf,-Inf,-Inf,-Inf,-Inf,2689,2689,-Inf,-Inf,-Inf,-Inf,-Inf,-Inf,-Inf,-Inf,-Inf
2690,2690,-Inf,-Inf,-Inf,-Inf,-Inf,-Inf,-Inf,-Inf,-Inf,2690,2690,-Inf,-Inf,-Inf,-Inf,-Inf,-Inf,-Inf,-Inf,-Inf,2690,2690,-Inf,-Inf,-Inf,-Inf,-Inf,-Inf,-Inf,-Inf,-Inf
2691,2691,-Inf,-Inf,-Inf,-Inf,-Inf,-Inf,-Inf,-Inf,-Inf,2691,2691,-Inf,-Inf,-Inf,-Inf,-Inf,-Inf,-Inf,-Inf,-Inf,2691,2691,-Inf,-Inf,-Inf,-Inf,-Inf,-Inf,-Inf,-Inf,-Inf
2692,2692,-Inf,-Inf,-Inf,-Inf,-Inf,-Inf,-Inf,-Inf,-Inf,2692,2692,-Inf,-Inf,-Inf,-Inf,-Inf,-Inf,-Inf,-Inf,-Inf,2692,2692,-Inf,-Inf,-Inf,-Inf,-Inf,-Inf,-Inf,-Inf,-Inf
2693,2693,-Inf,-Inf,-Inf,-Inf,-Inf,-Inf,-Inf,-Inf,-Inf,2693,2693,-Inf,-Inf,-Inf,-Inf,-Inf,-Inf,-Inf,-Inf,-Inf,2693,2693,-Inf,-Inf,-Inf,-Inf,-Inf,-Inf,-Inf,-Inf,-Inf
2694,2694,-Inf,-Inf,-Inf,-Inf,-Inf,-Inf,-Inf,-Inf,-Inf,2694,2694,-Inf,-Inf,-Inf,-Inf,-Inf,-Inf,-Inf,-Inf,-Inf,2694,2694,-Inf,-Inf,-Inf,-Inf,-Inf,-Inf,-Inf,-Inf,-Inf
2695,2695,-Inf,-Inf,-Inf,-Inf,-Inf,-Inf,-Inf,-Inf,-Inf,2695,2695,-Inf,-Inf,-Inf,-Inf,-Inf,-Inf,-Inf,-Inf,-Inf,2695,2695,-Inf,-Inf,-Inf,-Inf,-Inf,-Inf,-Inf,-Inf,-Inf
2696,2696,-Inf,-Inf,-Inf,-Inf,-Inf,-Inf,-Inf,-Inf,-Inf,2696,2696,-Inf,-Inf,-Inf,-Inf,-Inf,-Inf,-Inf,-Inf,-Inf,2696,2696,-Inf,-Inf,-Inf,-Inf,-Inf,-Inf,-Inf,-Inf,-Inf
2697,2697,-Inf,-Inf,-Inf,-Inf,-Inf,-Inf,-Inf,-Inf,-Inf,2697,2697,-Inf,-Inf,-Inf,-Inf,-Inf,-Inf,-Inf,-Inf,-Inf,2697,2697,-Inf,-Inf,-Inf,-Inf,-Inf,-Inf,-Inf,-Inf,-Inf
2698,2698,-Inf,-Inf,-Inf,-Inf,-Inf,-Inf,-Inf,-Inf,-Inf,2698,2698,-Inf,-Inf,-Inf,-Inf,-Inf,-Inf,-Inf,-Inf,-Inf,2698,2698,-Inf,-Inf,-Inf,-Inf,-Inf,-Inf,-Inf,-Inf,-Inf
2699,2699,-Inf,-Inf,-Inf,-Inf,-Inf,-Inf,-Inf,-Inf,-Inf,2699,2699,-Inf,-Inf,-Inf,-Inf,-Inf,-Inf,-Inf,-Inf,-Inf,2699,2699,-Inf,-Inf,-Inf,-Inf,-Inf,-Inf,-Inf,-Inf,-Inf
2700,2700,-Inf,-Inf,-Inf,-Inf,-Inf,-Inf,-Inf,-Inf,-Inf,2700,2700,-Inf,-Inf,-Inf,-Inf,-Inf,-Inf,-Inf,-Inf,-Inf,2700,2700,-Inf,-Inf,-Inf,-Inf,-Inf,-Inf,-Inf,-Inf,-Inf
2701,2701,-Inf,-Inf,-Inf,-Inf,-Inf,-Inf,-Inf,-Inf,-Inf,2701,2701,-Inf,-Inf,-Inf,-Inf,-Inf,-Inf,-Inf,-Inf,-Inf,2701,2701,-Inf,-Inf,-Inf,-Inf,-Inf,-Inf,-Inf,-Inf,-Inf
2702,2702,-Inf,-Inf,-Inf,-Inf,-Inf,-Inf,-Inf,-Inf,-Inf,2702,2702,-Inf,-Inf,-Inf,-Inf,-Inf,-Inf,-Inf,-Inf,-Inf,2702,2702,-Inf,-Inf,-Inf,-Inf,-Inf,-Inf,-Inf,-Inf,-Inf
2703,2703,-Inf,-Inf,-Inf,-Inf,-Inf,-Inf,-Inf,-Inf,-Inf,2703,2703,-Inf,-Inf,-Inf,-Inf,-Inf,-Inf,-Inf,-Inf,-Inf,2703,2703,-Inf,-Inf,-Inf,-Inf,-Inf,-Inf,-Inf,-Inf,-Inf
2704,2704,-Inf,-Inf,-Inf,-Inf,-Inf,-Inf,-Inf,-Inf,-Inf,2704,2704,-Inf,-Inf,-Inf,-Inf,-Inf,-Inf,-Inf,-Inf,-Inf,2704,2704,-Inf,-Inf,-Inf,-Inf,-Inf,-Inf,-Inf,-Inf,-Inf
2705,2705,-Inf,-Inf,-Inf,-Inf,-Inf,-Inf,-Inf,-Inf,-Inf,2705,2705,-Inf,-Inf,-Inf,-Inf,-Inf,-Inf,-Inf,-Inf,-Inf,2705,2705,-Inf,-Inf,-Inf,-Inf,-Inf,-Inf,-Inf,-Inf,-Inf
2706,2706,-Inf,-Inf,-Inf,-Inf,-Inf,-Inf,-Inf,-Inf,-Inf,2706,2706,-Inf,-Inf,-Inf,-Inf,-Inf,-Inf,-Inf,-Inf,-Inf,2706,2706,-Inf,-Inf,-Inf,-Inf,-Inf,-Inf,-Inf,-Inf,-Inf
2707,2707,-Inf,-Inf,-Inf,-Inf,-Inf,-Inf,-Inf,-Inf,-Inf,2707,2707,-Inf,-Inf,-Inf,-Inf,-Inf,-Inf,-Inf,-Inf,-Inf,2707,2707,-Inf,-Inf,-Inf,-Inf,-Inf,-Inf,-Inf,-Inf,-Inf
2708,2708,-Inf,-Inf,-Inf,-Inf,-Inf,-Inf,-Inf,-Inf,-Inf,2708,2708,-Inf,-Inf,-Inf,-Inf,-Inf,-Inf,-Inf,-Inf,-Inf,2708,2708,-Inf,-Inf,-Inf,-Inf,-Inf,-Inf,-Inf,-Inf,-Inf
2709,2709,-Inf,-Inf,-Inf,-Inf,-Inf,-Inf,-Inf,-Inf,-Inf,2709,2709,-Inf,-Inf,-Inf,-Inf,-Inf,-Inf,-Inf,-Inf,-Inf,2709,2709,-Inf,-Inf,-Inf,-Inf,-Inf,-Inf,-Inf,-Inf,-Inf
2710,2710,-Inf,-Inf,-Inf,-Inf,-Inf,-Inf,-Inf,-Inf,-Inf,2710,2710,-Inf,-Inf,-Inf,-Inf,-Inf,-Inf,-Inf,-Inf,-Inf,2710,2710,-Inf,-Inf,-Inf,-Inf,-Inf,-Inf,-Inf,-Inf,-Inf
2711,2711,-Inf,-Inf,-Inf,-Inf,-Inf,-Inf,-Inf,-Inf,-Inf,2711,2711,-Inf,-Inf,-Inf,-Inf,-Inf,-Inf,-Inf,-Inf,-Inf,2711,2711,-Inf,-Inf,-Inf,-Inf,-Inf,-Inf,-Inf,-Inf,-Inf
2712,2712,-Inf,-Inf,-Inf,-Inf,-Inf,-Inf,-Inf,-Inf,-Inf,2712,2712,-Inf,-Inf,-Inf,-Inf,-Inf,-Inf,-Inf,-Inf,-Inf,2712,2712,-Inf,-Inf,-Inf,-Inf,-Inf,-Inf,-Inf,-Inf,-Inf
2713,2713,-Inf,-Inf,-Inf,-Inf,-Inf,-Inf,-Inf,-Inf,-Inf,2713,2713,-Inf,-Inf,-Inf,-Inf,-Inf,-Inf,-Inf,-Inf,-Inf,2713,2713,-Inf,-Inf,-Inf,-Inf,-Inf,-Inf,-Inf,-Inf,-Inf
2714,2714,-Inf,-Inf,-Inf,-Inf,-Inf,-Inf,-Inf,-Inf,-Inf,2714,2714,-Inf,-Inf,-Inf,-Inf,-Inf,-Inf,-Inf,-Inf,-Inf,2714,2714,-Inf,-Inf,-Inf,-Inf,-Inf,-Inf,-Inf,-Inf,-Inf
2715,2715,-Inf,-Inf,-Inf,-Inf,-Inf,-Inf,-Inf,-Inf,-Inf,2715,2715,-Inf,-Inf,-Inf,-Inf,-Inf,-Inf,-Inf,-Inf,-Inf,2715,2715,-Inf,-Inf,-Inf,-Inf,-Inf,-Inf,-Inf,-Inf,-Inf
2716,2716,-Inf,-Inf,-Inf,-Inf,-Inf,-Inf,-Inf,-Inf,-Inf,2716,2716,-Inf,-Inf,-Inf,-Inf,-Inf,-Inf,-Inf,-Inf,-Inf,2716,2716,-Inf,-Inf,-Inf,-Inf,-Inf,-Inf,-Inf,-Inf,-Inf
2717,2717,-Inf,-Inf,-Inf,-Inf,-Inf,-Inf,-Inf,-Inf,-Inf,2717,2717,-Inf,-Inf,-Inf,-Inf,-Inf,-Inf,-Inf,-Inf,-Inf,2717,2717,-Inf,-Inf,-Inf,-Inf,-Inf,-Inf,-Inf,-Inf,-Inf
2718,2718,-Inf,-Inf,-Inf,-Inf,-Inf,-Inf,-Inf,-Inf,-Inf,2718,2718,-Inf,-Inf,-Inf,-Inf,-Inf,-Inf,-Inf,-Inf,-Inf,2718,2718,-Inf,-Inf,-Inf,-Inf,-Inf,-Inf,-Inf,-Inf,-Inf
2719,2719,-Inf,-Inf,-Inf,-Inf,-Inf,-Inf,-Inf,-Inf,-Inf,2719,2719,-Inf,-Inf,-Inf,-Inf,-Inf,-Inf,-Inf,-Inf,-Inf,2719,2719,-Inf,-Inf,-Inf,-Inf,-Inf,-Inf,-Inf,-Inf,-Inf
2720,2720,-Inf,-Inf,-Inf,-Inf,-Inf,-Inf,-Inf,-Inf,-Inf,2720,2720,-Inf,-Inf,-Inf,-Inf,-Inf,-Inf,-Inf,-Inf,-Inf,2720,2720,-Inf,-Inf,-Inf,-Inf,-Inf,-Inf,-Inf,-Inf,-Inf
2721,2721,-Inf,-Inf,-Inf,-Inf,-Inf,-Inf,-Inf,-Inf,-Inf,2721,2721,-Inf,-Inf,-Inf,-Inf,-Inf,-Inf,-Inf,-Inf,-Inf,2721,2721,-Inf,-Inf,-Inf,-Inf,-Inf,-Inf,-Inf,-Inf,-Inf
2722,2722,-Inf,-Inf,-Inf,-Inf,-Inf,-Inf,-Inf,-Inf,-Inf,2722,2722,-Inf,-Inf,-Inf,-Inf,-Inf,-Inf,-Inf,-Inf,-Inf,2722,2722,-Inf,-Inf,-Inf,-Inf,-Inf,-Inf,-Inf,-Inf,-Inf
2723,2723,-Inf,-Inf,-Inf,-Inf,-Inf,-Inf,-Inf,-Inf,-Inf,2723,2723,-Inf,-Inf,-Inf,-Inf,-Inf,-Inf,-Inf,-Inf,-Inf,2723,2723,-Inf,-Inf,-Inf,-Inf,-Inf,-Inf,-Inf,-Inf,-Inf
2724,2724,-Inf,-Inf,-Inf,-Inf,-Inf,-Inf,-Inf,-Inf,-Inf,2724,2724,-Inf,-Inf,-Inf,-Inf,-Inf,-Inf,-Inf,-Inf,-Inf,2724,2724,-Inf,-Inf,-Inf,-Inf,-Inf,-Inf,-Inf,-Inf,-Inf
2725,2725,-Inf,-Inf,-Inf,-Inf,-Inf,-Inf,-Inf,-Inf,-Inf,2725,2725,-Inf,-Inf,-Inf,-Inf,-Inf,-Inf,-Inf,-Inf,-Inf,2725,2725,-Inf,-Inf,-Inf,-Inf,-Inf,-Inf,-Inf,-Inf,-Inf
2726,2726,-Inf,-Inf,-Inf,-Inf,-Inf,-Inf,-Inf,-Inf,-Inf,2726,2726,-Inf,-Inf,-Inf,-Inf,-Inf,-Inf,-Inf,-Inf,-Inf,2726,2726,-Inf,-Inf,-Inf,-Inf,-Inf,-Inf,-Inf,-Inf,-Inf
2727,2727,-Inf,-Inf,-Inf,-Inf,-Inf,-Inf,-Inf,-Inf,-Inf,2727,2727,-Inf,-Inf,-Inf,-Inf,-Inf,-Inf,-Inf,-Inf,-Inf,2727,2727,-Inf,-Inf,-Inf,-Inf,-Inf,-Inf,-Inf,-Inf,-Inf
2728,2728,-Inf,-Inf,-Inf,-Inf,-Inf,-Inf,-Inf,-Inf,-Inf,2728,2728,-Inf,-Inf,-Inf,-Inf,-Inf,-Inf,-Inf,-Inf,-Inf,2728,2728,-Inf,-Inf,-Inf,-Inf,-Inf,-Inf,-Inf,-Inf,-Inf
2729,2729,-Inf,-Inf,-Inf,-Inf,-Inf,-Inf,-Inf,-Inf,-Inf,2729,2729,-Inf,-Inf,-Inf,-Inf,-Inf,-Inf,-Inf,-Inf,-Inf,2729,2729,-Inf,-Inf,-Inf,-Inf,-Inf,-Inf,-Inf,-Inf,-Inf
2730,2730,-Inf,-Inf,-Inf,-Inf,-Inf,-Inf,-Inf,-Inf,-Inf,2730,2730,-Inf,-Inf,-Inf,-Inf,-Inf,-Inf,-Inf,-Inf,-Inf,2730,2730,-Inf,-Inf,-Inf,-Inf,-Inf,-Inf,-Inf,-Inf,-Inf
2731,2731,-Inf,-Inf,-Inf,-Inf,-Inf,-Inf,-Inf,-Inf,-Inf,2731,2731,-Inf,-Inf,-Inf,-Inf,-Inf,-Inf,-Inf,-Inf,-Inf,2731,2731,-Inf,-Inf,-Inf,-Inf,-Inf,-Inf,-Inf,-Inf,-Inf
2732,2732,-Inf,-Inf,-Inf,-Inf,-Inf,-Inf,-Inf,-Inf,-Inf,2732,2732,-Inf,-Inf,-Inf,-Inf,-Inf,-Inf,-Inf,-Inf,-Inf,2732,2732,-Inf,-Inf,-Inf,-Inf,-Inf,-Inf,-Inf,-Inf,-Inf
2733,2733,-Inf,-Inf,-Inf,-Inf,-Inf,-Inf,-Inf,-Inf,-Inf,2733,2733,-Inf,-Inf,-Inf,-Inf,-Inf,-Inf,-Inf,-Inf,-Inf,2733,2733,-Inf,-Inf,-Inf,-Inf,-Inf,-Inf,-Inf,-Inf,-Inf
2734,2734,-Inf,-Inf,-Inf,-Inf,-Inf,-Inf,-Inf,-Inf,-Inf,2734,2734,-Inf,-Inf,-Inf,-Inf,-Inf,-Inf,-Inf,-Inf,-Inf,2734,2734,-Inf,-Inf,-Inf,-Inf,-Inf,-Inf,-Inf,-Inf,-Inf
2735,2735,-Inf,-Inf,-Inf,-Inf,-Inf,-Inf,-Inf,-Inf,-Inf,2735,2735,-Inf,-Inf,-Inf,-Inf,-Inf,-Inf,-Inf,-Inf,-Inf,2735,2735,-Inf,-Inf,-Inf,-Inf,-Inf,-Inf,-Inf,-Inf,-Inf
2736,2736,-Inf,-Inf,-Inf,-Inf,-Inf,-Inf,-Inf,-Inf,-Inf,2736,2736,-Inf,-Inf,-Inf,-Inf,-Inf,-Inf,-Inf,-Inf,-Inf,2736,2736,-Inf,-Inf,-Inf,-Inf,-Inf,-Inf,-Inf,-Inf,-Inf
2737,2737,-Inf,-Inf,-Inf,-Inf,-Inf,-Inf,-Inf,-Inf,-Inf,2737,2737,-Inf,-Inf,-Inf,-Inf,-Inf,-Inf,-Inf,-Inf,-Inf,2737,2737,-Inf,-Inf,-Inf,-Inf,-Inf,-Inf,-Inf,-Inf,-Inf
2738,2738,-Inf,-Inf,-Inf,-Inf,-Inf,-Inf,-Inf,-Inf,-Inf,2738,2738,-Inf,-Inf,-Inf,-Inf,-Inf,-Inf,-Inf,-Inf,-Inf,2738,2738,-Inf,-Inf,-Inf,-Inf,-Inf,-Inf,-Inf,-Inf,-Inf
2739,2739,-Inf,-Inf,-Inf,-Inf,-Inf,-Inf,-Inf,-Inf,-Inf,2739,2739,-Inf,-Inf,-Inf,-Inf,-Inf,-Inf,-Inf,-Inf,-Inf,2739,2739,-Inf,-Inf,-Inf,-Inf,-Inf,-Inf,-Inf,-Inf,-Inf
2740,2740,-Inf,-Inf,-Inf,-Inf,-Inf,-Inf,-Inf,-Inf,-Inf,2740,2740,-Inf,-Inf,-Inf,-Inf,-Inf,-Inf,-Inf,-Inf,-Inf,2740,2740,-Inf,-Inf,-Inf,-Inf,-Inf,-Inf,-Inf,-Inf,-Inf
2741,2741,-Inf,-Inf,-Inf,-Inf,-Inf,-Inf,-Inf,-Inf,-Inf,2741,2741,-Inf,-Inf,-Inf,-Inf,-Inf,-Inf,-Inf,-Inf,-Inf,2741,2741,-Inf,-Inf,-Inf,-Inf,-Inf,-Inf,-Inf,-Inf,-Inf
2742,2742,-Inf,-Inf,-Inf,-Inf,-Inf,-Inf,-Inf,-Inf,-Inf,2742,2742,-Inf,-Inf,-Inf,-Inf,-Inf,-Inf,-Inf,-Inf,-Inf,2742,2742,-Inf,-Inf,-Inf,-Inf,-Inf,-Inf,-Inf,-Inf,-Inf
2743,2743,-Inf,-Inf,-Inf,-Inf,-Inf,-Inf,-Inf,-Inf,-Inf,2743,2743,-Inf,-Inf,-Inf,-Inf,-Inf,-Inf,-Inf,-Inf,-Inf,2743,2743,-Inf,-Inf,-Inf,-Inf,-Inf,-Inf,-Inf,-Inf,-Inf
2744,2744,-Inf,-Inf,-Inf,-Inf,-Inf,-Inf,-Inf,-Inf,-Inf,2744,2744,-Inf,-Inf,-Inf,-Inf,-Inf,-Inf,-Inf,-Inf,-Inf,2744,2744,-Inf,-Inf,-Inf,-Inf,-Inf,-Inf,-Inf,-Inf,-Inf
2745,2745,-Inf,-Inf,-Inf,-Inf,-Inf,-Inf,-Inf,-Inf,-Inf,2745,2745,-Inf,-Inf,-Inf,-Inf,-Inf,-Inf,-Inf,-Inf,-Inf,2745,2745,-Inf,-Inf,-Inf,-Inf,-Inf,-Inf,-Inf,-Inf,-Inf
2746,2746,-Inf,-Inf,-Inf,-Inf,-Inf,-Inf,-Inf,-Inf,-Inf,2746,2746,-Inf,-Inf,-Inf,-Inf,-Inf,-Inf,-Inf,-Inf,-Inf,2746,2746,-Inf,-Inf,-Inf,-Inf,-Inf,-Inf,-Inf,-Inf,-Inf
2747,2747,-Inf,-Inf,-Inf,-Inf,-Inf,-Inf,-Inf,-Inf,-Inf,2747,2747,-Inf,-Inf,-Inf,-Inf,-Inf,-Inf,-Inf,-Inf,-Inf,2747,2747,-Inf,-Inf,-Inf,-Inf,-Inf,-Inf,-Inf,-Inf,-Inf
2748,2748,-Inf,-Inf,-Inf,-Inf,-Inf,-Inf,-Inf,-Inf,-Inf,2748,2748,-Inf,-Inf,-Inf,-Inf,-Inf,-Inf,-Inf,-Inf,-Inf,2748,2748,-Inf,-Inf,-Inf,-Inf,-Inf,-Inf,-Inf,-Inf,-Inf
2749,2749,-Inf,-Inf,-Inf,-Inf,-Inf,-Inf,-Inf,-Inf,-Inf,2749,2749,-Inf,-Inf,-Inf,-Inf,-Inf,-Inf,-Inf,-Inf,-Inf,2749,2749,-Inf,-Inf,-Inf,-Inf,-Inf,-Inf,-Inf,-Inf,-Inf
2750,2750,-Inf,-Inf,-Inf,-Inf,-Inf,-Inf,-Inf,-Inf,-Inf,2750,2750,-Inf,-Inf,-Inf,-Inf,-Inf,-Inf,-Inf,-Inf,-Inf,2750,2750,-Inf,-Inf,-Inf,-Inf,-Inf,-Inf,-Inf,-Inf,-Inf
2751,2751,-Inf,-Inf,-Inf,-Inf,-Inf,-Inf,-Inf,-Inf,-Inf,2751,2751,-Inf,-Inf,-Inf,-Inf,-Inf,-Inf,-Inf,-Inf,-Inf,2751,2751,-Inf,-Inf,-Inf,-Inf,-Inf,-Inf,-Inf,-Inf,-Inf
2752,2752,-Inf,-Inf,-Inf,-Inf,-Inf,-Inf,-Inf,-Inf,-Inf,2752,2752,-Inf,-Inf,-Inf,-Inf,-Inf,-Inf,-Inf,-Inf,-Inf,2752,2752,-Inf,-Inf,-Inf,-Inf,-Inf,-Inf,-Inf,-Inf,-Inf
2753,2753,-Inf,-Inf,-Inf,-Inf,-Inf,-Inf,-Inf,-Inf,-Inf,2753,2753,-Inf,-Inf,-Inf,-Inf,-Inf,-Inf,-Inf,-Inf,-Inf,2753,2753,-Inf,-Inf,-Inf,-Inf,-Inf,-Inf,-Inf,-Inf,-Inf
2754,2754,-Inf,-Inf,-Inf,-Inf,-Inf,-Inf,-Inf,-Inf,-Inf,2754,2754,-Inf,-Inf,-Inf,-Inf,-Inf,-Inf,-Inf,-Inf,-Inf,2754,2754,-Inf,-Inf,-Inf,-Inf,-Inf,-Inf,-Inf,-Inf,-Inf
2755,2755,-Inf,-Inf,-Inf,-Inf,-Inf,-Inf,-Inf,-Inf,-Inf,2755,2755,-Inf,-Inf,-Inf,-Inf,-Inf,-Inf,-Inf,-Inf,-Inf,2755,2755,-Inf,-Inf,-Inf,-Inf,-Inf,-Inf,-Inf,-Inf,-Inf
2756,2756,-Inf,-Inf,-Inf,-Inf,-Inf,-Inf,-Inf,-Inf,-Inf,2756,2756,-Inf,-Inf,-Inf,-Inf,-Inf,-Inf,-Inf,-Inf,-Inf,2756,2756,-Inf,-Inf,-Inf,-Inf,-Inf,-Inf,-Inf,-Inf,-Inf
2757,2757,-Inf,-Inf,-Inf,-Inf,-Inf,-Inf,-Inf,-Inf,-Inf,2757,2757,-Inf,-Inf,-Inf,-Inf,-Inf,-Inf,-Inf,-Inf,-Inf,2757,2757,-Inf,-Inf,-Inf,-Inf,-Inf,-Inf,-Inf,-Inf,-Inf
2758,2758,-Inf,-Inf,-Inf,-Inf,-Inf,-Inf,-Inf,-Inf,-Inf,2758,2758,-Inf,-Inf,-Inf,-Inf,-Inf,-Inf,-Inf,-Inf,-Inf,2758,2758,-Inf,-Inf,-Inf,-Inf,-Inf,-Inf,-Inf,-Inf,-Inf
2759,2759,-Inf,-Inf,-Inf,-Inf,-Inf,-Inf,-Inf,-Inf,-Inf,2759,2759,-Inf,-Inf,-Inf,-Inf,-Inf,-Inf,-Inf,-Inf,-Inf,2759,2759,-Inf,-Inf,-Inf,-Inf,-Inf,-Inf,-Inf,-Inf,-Inf
2760,2760,-Inf,-Inf,-Inf,-Inf,-Inf,-Inf,-Inf,-Inf,-Inf,2760,2760,-Inf,-Inf,-Inf,-Inf,-Inf,-Inf,-Inf,-Inf,-Inf,2760,2760,-Inf,-Inf,-Inf,-Inf,-Inf,-Inf,-Inf,-Inf,-Inf
2761,2761,-Inf,-Inf,-Inf,-Inf,-Inf,-Inf,-Inf,-Inf,-Inf,2761,2761,-Inf,-Inf,-Inf,-Inf,-Inf,-Inf,-Inf,-Inf,-Inf,2761,2761,-Inf,-Inf,-Inf,-Inf,-Inf,-Inf,-Inf,-Inf,-Inf
2762,2762,-Inf,-Inf,-Inf,-Inf,-Inf,-Inf,-Inf,-Inf,-Inf,2762,2762,-Inf,-Inf,-Inf,-Inf,-Inf,-Inf,-Inf,-Inf,-Inf,2762,2762,-Inf,-Inf,-Inf,-Inf,-Inf,-Inf,-Inf,-Inf,-Inf
2763,2763,-Inf,-Inf,-Inf,-Inf,-Inf,-Inf,-Inf,-Inf,-Inf,2763,2763,-Inf,-Inf,-Inf,-Inf,-Inf,-Inf,-Inf,-Inf,-Inf,2763,2763,-Inf,-Inf,-Inf,-Inf,-Inf,-Inf,-Inf,-Inf,-Inf
2764,2764,-Inf,-Inf,-Inf,-Inf,-Inf,-Inf,-Inf,-Inf,-Inf,2764,2764,-Inf,-Inf,-Inf,-Inf,-Inf,-Inf,-Inf,-Inf,-Inf,2764,2764,-Inf,-Inf,-Inf,-Inf,-Inf,-Inf,-Inf,-Inf,-Inf
2765,2765,-Inf,-Inf,-Inf,-Inf,-Inf,-Inf,-Inf,-Inf,-Inf,2765,2765,-Inf,-Inf,-Inf,-Inf,-Inf,-Inf,-Inf,-Inf,-Inf,2765,2765,-Inf,-Inf,-Inf,-Inf,-Inf,-Inf,-Inf,-Inf,-Inf
2766,2766,-Inf,-Inf,-Inf,-Inf,-Inf,-Inf,-Inf,-Inf,-Inf,2766,2766,-Inf,-Inf,-Inf,-Inf,-Inf,-Inf,-Inf,-Inf,-Inf,2766,2766,-Inf,-Inf,-Inf,-Inf,-Inf,-Inf,-Inf,-Inf,-Inf
2767,2767,-Inf,-Inf,-Inf,-Inf,-Inf,-Inf,-Inf,-Inf,-Inf,2767,2767,-Inf,-Inf,-Inf,-Inf,-Inf,-Inf,-Inf,-Inf,-Inf,2767,2767,-Inf,-Inf,-Inf,-Inf,-Inf,-Inf,-Inf,-Inf,-Inf
2768,2768,-Inf,-Inf,-Inf,-Inf,-Inf,-Inf,-Inf,-Inf,-Inf,2768,2768,-Inf,-Inf,-Inf,-Inf,-Inf,-Inf,-Inf,-Inf,-Inf,2768,2768,-Inf,-Inf,-Inf,-Inf,-Inf,-Inf,-Inf,-Inf,-Inf
2769,2769,-Inf,-Inf,-Inf,-Inf,-Inf,-Inf,-Inf,-Inf,-Inf,2769,2769,-Inf,-Inf,-Inf,-Inf,-Inf,-Inf,-Inf,-Inf,-Inf,2769,2769,-Inf,-Inf,-Inf,-Inf,-Inf,-Inf,-Inf,-Inf,-Inf
2770,2770,-Inf,-Inf,-Inf,-Inf,-Inf,-Inf,-Inf,-Inf,-Inf,2770,2770,-Inf,-Inf,-Inf,-Inf,-Inf,-Inf,-Inf,-Inf,-Inf,2770,2770,-Inf,-Inf,-Inf,-Inf,-Inf,-Inf,-Inf,-Inf,-Inf
2771,2771,-Inf,-Inf,-Inf,-Inf,-Inf,-Inf,-Inf,-Inf,-Inf,2771,2771,-Inf,-Inf,-Inf,-Inf,-Inf,-Inf,-Inf,-Inf,-Inf,2771,2771,-Inf,-Inf,-Inf,-Inf,-Inf,-Inf,-Inf,-Inf,-Inf
2772,2772,-Inf,-Inf,-Inf,-Inf,-Inf,-Inf,-Inf,-Inf,-Inf,2772,2772,-Inf,-Inf,-Inf,-Inf,-Inf,-Inf,-Inf,-Inf,-Inf,2772,2772,-Inf,-Inf,-Inf,-Inf,-Inf,-Inf,-Inf,-Inf,-Inf
2773,2773,-Inf,-Inf,-Inf,-Inf,-Inf,-Inf,-Inf,-Inf,-Inf,2773,2773,-Inf,-Inf,-Inf,-Inf,-Inf,-Inf,-Inf,-Inf,-Inf,2773,2773,-Inf,-Inf,-Inf,-Inf,-Inf,-Inf,-Inf,-Inf,-Inf
2774,2774,-Inf,-Inf,-Inf,-Inf,-Inf,-Inf,-Inf,-Inf,-Inf,2774,2774,-Inf,-Inf,-Inf,-Inf,-Inf,-Inf,-Inf,-Inf,-Inf,2774,2774,-Inf,-Inf,-Inf,-Inf,-Inf,-Inf,-Inf,-Inf,-Inf
2775,2775,-Inf,-Inf,-Inf,-Inf,-Inf,-Inf,-Inf,-Inf,-Inf,2775,2775,-Inf,-Inf,-Inf,-Inf,-Inf,-Inf,-Inf,-Inf,-Inf,2775,2775,-Inf,-Inf,-Inf,-Inf,-Inf,-Inf,-Inf,-Inf,-Inf
2776,2776,-Inf,-Inf,-Inf,-Inf,-Inf,-Inf,-Inf,-Inf,-Inf,2776,2776,-Inf,-Inf,-Inf,-Inf,-Inf,-Inf,-Inf,-Inf,-Inf,2776,2776,-Inf,-Inf,-Inf,-Inf,-Inf,-Inf,-Inf,-Inf,-Inf
2777,2777,-Inf,-Inf,-Inf,-Inf,-Inf,-Inf,-Inf,-Inf,-Inf,2777,2777,-Inf,-Inf,-Inf,-Inf,-Inf,-Inf,-Inf,-Inf,-Inf,2777,2777,-Inf,-Inf,-Inf,-Inf,-Inf,-Inf,-Inf,-Inf,-Inf
2778,2778,-Inf,-Inf,-Inf,-Inf,-Inf,-Inf,-Inf,-Inf,-Inf,2778,2778,-Inf,-Inf,-Inf,-Inf,-Inf,-Inf,-Inf,-Inf,-Inf,2778,2778,-Inf,-Inf,-Inf,-Inf,-Inf,-Inf,-Inf,-Inf,-Inf
2779,2779,-Inf,-Inf,-Inf,-Inf,-Inf,-Inf,-Inf,-Inf,-Inf,2779,2779,-Inf,-Inf,-Inf,-Inf,-Inf,-Inf,-Inf,-Inf,-Inf,2779,2779,-Inf,-Inf,-Inf,-Inf,-Inf,-Inf,-Inf,-Inf,-Inf
2780,2780,-Inf,-Inf,-Inf,-Inf,-Inf,-Inf,-Inf,-Inf,-Inf,2780,2780,-Inf,-Inf,-Inf,-Inf,-Inf,-Inf,-Inf,-Inf,-Inf,2780,2780,-Inf,-Inf,-Inf,-Inf,-Inf,-Inf,-Inf,-Inf,-Inf
2781,2781,-Inf,-Inf,-Inf,-Inf,-Inf,-Inf,-Inf,-Inf,-Inf,2781,2781,-Inf,-Inf,-Inf,-Inf,-Inf,-Inf,-Inf,-Inf,-Inf,2781,2781,-Inf,-Inf,-Inf,-Inf,-Inf,-Inf,-Inf,-Inf,-Inf
2782,2782,-Inf,-Inf,-Inf,-Inf,-Inf,-Inf,-Inf,-Inf,-Inf,2782,2782,-Inf,-Inf,-Inf,-Inf,-Inf,-Inf,-Inf,-Inf,-Inf,2782,2782,-Inf,-Inf,-Inf,-Inf,-Inf,-Inf,-Inf,-Inf,-Inf
2783,2783,-Inf,-Inf,-Inf,-Inf,-Inf,-Inf,-Inf,-Inf,-Inf,2783,2783,-Inf,-Inf,-Inf,-Inf,-Inf,-Inf,-Inf,-Inf,-Inf,2783,2783,-Inf,-Inf,-Inf,-Inf,-Inf,-Inf,-Inf,-Inf,-Inf
2784,2784,-Inf,-Inf,-Inf,-Inf,-Inf,-Inf,-Inf,-Inf,-Inf,2784,2784,-Inf,-Inf,-Inf,-Inf,-Inf,-Inf,-Inf,-Inf,-Inf,2784,2784,-Inf,-Inf,-Inf,-Inf,-Inf,-Inf,-Inf,-Inf,-Inf
2785,2785,-Inf,-Inf,-Inf,-Inf,-Inf,-Inf,-Inf,-Inf,-Inf,2785,2785,-Inf,-Inf,-Inf,-Inf,-Inf,-Inf,-Inf,-Inf,-Inf,2785,2785,-Inf,-Inf,-Inf,-Inf,-Inf,-Inf,-Inf,-Inf,-Inf
2786,2786,-Inf,-Inf,-Inf,-Inf,-Inf,-Inf,-Inf,-Inf,-Inf,2786,2786,-Inf,-Inf,-Inf,-Inf,-Inf,-Inf,-Inf,-Inf,-Inf,2786,2786,-Inf,-Inf,-Inf,-Inf,-Inf,-Inf,-Inf,-Inf,-Inf
2787,2787,-Inf,-Inf,-Inf,-Inf,-Inf,-Inf,-Inf,-Inf,-Inf,2787,2787,-Inf,-Inf,-Inf,-Inf,-Inf,-Inf,-Inf,-Inf,-Inf,2787,2787,-Inf,-Inf,-Inf,-Inf,-Inf,-Inf,-Inf,-Inf,-Inf
2788,2788,-Inf,-Inf,-Inf,-Inf,-Inf,-Inf,-Inf,-Inf,-Inf,2788,2788,-Inf,-Inf,-Inf,-Inf,-Inf,-Inf,-Inf,-Inf,-Inf,2788,2788,-Inf,-Inf,-Inf,-Inf,-Inf,-Inf,-Inf,-Inf,-Inf
2789,2789,-Inf,-Inf,-Inf,-Inf,-Inf,-Inf,-Inf,-Inf,-Inf,2789,2789,-Inf,-Inf,-Inf,-Inf,-Inf,-Inf,-Inf,-Inf,-Inf,2789,2789,-Inf,-Inf,-Inf,-Inf,-Inf,-Inf,-Inf,-Inf,-Inf
2790,2790,-Inf,-Inf,-Inf,-Inf,-Inf,-Inf,-Inf,-Inf,-Inf,2790,2790,-Inf,-Inf,-Inf,-Inf,-Inf,-Inf,-Inf,-Inf,-Inf,2790,2790,-Inf,-Inf,-Inf,-Inf,-Inf,-Inf,-Inf,-Inf,-Inf
2791,2791,-Inf,-Inf,-Inf,-Inf,-Inf,-Inf,-Inf,-Inf,-Inf,2791,2791,-Inf,-Inf,-Inf,-Inf,-Inf,-Inf,-Inf,-Inf,-Inf,2791,2791,-Inf,-Inf,-Inf,-Inf,-Inf,-Inf,-Inf,-Inf,-Inf
2792,2792,-Inf,-Inf,-Inf,-Inf,-Inf,-Inf,-Inf,-Inf,-Inf,2792,2792,-Inf,-Inf,-Inf,-Inf,-Inf,-Inf,-Inf,-Inf,-Inf,2792,2792,-Inf,-Inf,-Inf,-Inf,-Inf,-Inf,-Inf,-Inf,-Inf
2793,2793,-Inf,-Inf,-Inf,-Inf,-Inf,-Inf,-Inf,-Inf,-Inf,2793,2793,-Inf,-Inf,-Inf,-Inf,-Inf,-Inf,-Inf,-Inf,-Inf,2793,2793,-Inf,-Inf,-Inf,-Inf,-Inf,-Inf,-Inf,-Inf,-Inf
2794,2794,-Inf,-Inf,-Inf,-Inf,-Inf,-Inf,-Inf,-Inf,-Inf,2794,2794,-Inf,-Inf,-Inf,-Inf,-Inf,-Inf,-Inf,-Inf,-Inf,2794,2794,-Inf,-Inf,-Inf,-Inf,-Inf,-Inf,-Inf,-Inf,-Inf
2795,2795,-Inf,-Inf,-Inf,-Inf,-Inf,-Inf,-Inf,-Inf,-Inf,2795,2795,-Inf,-Inf,-Inf,-Inf,-Inf,-Inf,-Inf,-Inf,-Inf,2795,2795,-Inf,-Inf,-Inf,-Inf,-Inf,-Inf,-Inf,-Inf,-Inf
2796,2796,-Inf,-Inf,-Inf,-Inf,-Inf,-Inf,-Inf,-Inf,-Inf,2796,2796,-Inf,-Inf,-Inf,-Inf,-Inf,-Inf,-Inf,-Inf,-Inf,2796,2796,-Inf,-Inf,-Inf,-Inf,-Inf,-Inf,-Inf,-Inf,-Inf
2797,2797,-Inf,-Inf,-Inf,-Inf,-Inf,-Inf,-Inf,-Inf,-Inf,2797,2797,-Inf,-Inf,-Inf,-Inf,-Inf,-Inf,-Inf,-Inf,-Inf,2797,2797,-Inf,-Inf,-Inf,-Inf,-Inf,-Inf,-Inf,-Inf,-Inf
2798,2798,-Inf,-Inf,-Inf,-Inf,-Inf,-Inf,-Inf,-Inf,-Inf,2798,2798,-Inf,-Inf,-Inf,-Inf,-Inf,-Inf,-Inf,-Inf,-Inf,2798,2798,-Inf,-Inf,-Inf,-Inf,-Inf,-Inf,-Inf,-Inf,-Inf
2799,2799,-Inf,-Inf,-Inf,-Inf,-Inf,-Inf,-Inf,-Inf,-Inf,2799,2799,-Inf,-Inf,-Inf,-Inf,-Inf,-Inf,-Inf,-Inf,-Inf,2799,2799,-Inf,-Inf,-Inf,-Inf,-Inf,-Inf,-Inf,-Inf,-Inf
2800,2800,-Inf,-Inf,-Inf,-Inf,-Inf,-Inf,-Inf,-Inf,-Inf,2800,2800,-Inf,-Inf,-Inf,-Inf,-Inf,-Inf,-Inf,-Inf,-Inf,2800,2800,-Inf,-Inf,-Inf,-Inf,-Inf,-Inf,-Inf,-Inf,-Inf
2801,2801,-Inf,-Inf,-Inf,-Inf,-Inf,-Inf,-Inf,-Inf,-Inf,2801,2801,-Inf,-Inf,-Inf,-Inf,-Inf,-Inf,-Inf,-Inf,-Inf,2801,2801,-Inf,-Inf,-Inf,-Inf,-Inf,-Inf,-Inf,-Inf,-Inf
2802,2802,-Inf,-Inf,-Inf,-Inf,-Inf,-Inf,-Inf,-Inf,-Inf,2802,2802,-Inf,-Inf,-Inf,-Inf,-Inf,-Inf,-Inf,-Inf,-Inf,2802,2802,-Inf,-Inf,-Inf,-Inf,-Inf,-Inf,-Inf,-Inf,-Inf
2803,2803,-Inf,-Inf,-Inf,-Inf,-Inf,-Inf,-Inf,-Inf,-Inf,2803,2803,-Inf,-Inf,-Inf,-Inf,-Inf,-Inf,-Inf,-Inf,-Inf,2803,2803,-Inf,-Inf,-Inf,-Inf,-Inf,-Inf,-Inf,-Inf,-Inf
2804,2804,-Inf,-Inf,-Inf,-Inf,-Inf,-Inf,-Inf,-Inf,-Inf,2804,2804,-Inf,-Inf,-Inf,-Inf,-Inf,-Inf,-Inf,-Inf,-Inf,2804,2804,-Inf,-Inf,-Inf,-Inf,-Inf,-Inf,-Inf,-Inf,-Inf
2805,2805,-Inf,-Inf,-Inf,-Inf,-Inf,-Inf,-Inf,-Inf,-Inf,2805,2805,-Inf,-Inf,-Inf,-Inf,-Inf,-Inf,-Inf,-Inf,-Inf,2805,2805,-Inf,-Inf,-Inf,-Inf,-Inf,-Inf,-Inf,-Inf,-Inf
2806,2806,-Inf,-Inf,-Inf,-Inf,-Inf,-Inf,-Inf,-Inf,-Inf,2806,2806,-Inf,-Inf,-Inf,-Inf,-Inf,-Inf,-Inf,-Inf,-Inf,2806,2806,-Inf,-Inf,-Inf,-Inf,-Inf,-Inf,-Inf,-Inf,-Inf
2807,2807,-Inf,-Inf,-Inf,-Inf,-Inf,-Inf,-Inf,-Inf,-Inf,2807,2807,-Inf,-Inf,-Inf,-Inf,-Inf,-Inf,-Inf,-Inf,-Inf,2807,2807,-Inf,-Inf,-Inf,-Inf,-Inf,-Inf,-Inf,-Inf,-Inf
2808,2808,-Inf,-Inf,-Inf,-Inf,-Inf,-Inf,-Inf,-Inf,-Inf,2808,2808,-Inf,-Inf,-Inf,-Inf,-Inf,-Inf,-Inf,-Inf,-Inf,2808,2808,-Inf,-Inf,-Inf,-Inf,-Inf,-Inf,-Inf,-Inf,-Inf
2809,2809,-Inf,-Inf,-Inf,-Inf,-Inf,-Inf,-Inf,-Inf,-Inf,2809,2809,-Inf,-Inf,-Inf,-Inf,-Inf,-Inf,-Inf,-Inf,-Inf,2809,2809,-Inf,-Inf,-Inf,-Inf,-Inf,-Inf,-Inf,-Inf,-Inf
2810,2810,-Inf,-Inf,-Inf,-Inf,-Inf,-Inf,-Inf,-Inf,-Inf,2810,2810,-Inf,-Inf,-Inf,-Inf,-Inf,-Inf,-Inf,-Inf,-Inf,2810,2810,-Inf,-Inf,-Inf,-Inf,-Inf,-Inf,-Inf,-Inf,-Inf
2811,2811,-Inf,-Inf,-Inf,-Inf,-Inf,-Inf,-Inf,-Inf,-Inf,2811,2811,-Inf,-Inf,-Inf,-Inf,-Inf,-Inf,-Inf,-Inf,-Inf,2811,2811,-Inf,-Inf,-Inf,-Inf,-Inf,-Inf,-Inf,-Inf,-Inf
2812,2812,-Inf,-Inf,-Inf,-Inf,-Inf,-Inf,-Inf,-Inf,-Inf,2812,2812,-Inf,-Inf,-Inf,-Inf,-Inf,-Inf,-Inf,-Inf,-Inf,2812,2812,-Inf,-Inf,-Inf,-Inf,-Inf,-Inf,-Inf,-Inf,-Inf
2813,2813,-Inf,-Inf,-Inf,-Inf,-Inf,-Inf,-Inf,-Inf,-Inf,2813,2813,-Inf,-Inf,-Inf,-Inf,-Inf,-Inf,-Inf,-Inf,-Inf,2813,2813,-Inf,-Inf,-Inf,-Inf,-Inf,-Inf,-Inf,-Inf,-Inf
2814,2814,-Inf,-Inf,-Inf,-Inf,-Inf,-Inf,-Inf,-Inf,-Inf,2814,2814,-Inf,-Inf,-Inf,-Inf,-Inf,-Inf,-Inf,-Inf,-Inf,2814,2814,-Inf,-Inf,-Inf,-Inf,-Inf,-Inf,-Inf,-Inf,-Inf
2815,2815,-Inf,-Inf,-Inf,-Inf,-Inf,-Inf,-Inf,-Inf,-Inf,2815,2815,-Inf,-Inf,-Inf,-Inf,-Inf,-Inf,-Inf,-Inf,-Inf,2815,2815,-Inf,-Inf,-Inf,-Inf,-Inf,-Inf,-Inf,-Inf,-Inf
2816,2816,-Inf,-Inf,-Inf,-Inf,-Inf,-Inf,-Inf,-Inf,-Inf,2816,2816,-Inf,-Inf,-Inf,-Inf,-Inf,-Inf,-Inf,-Inf,-Inf,2816,2816,-Inf,-Inf,-Inf,-Inf,-Inf,-Inf,-Inf,-Inf,-Inf
2817,2817,-Inf,-Inf,-Inf,-Inf,-Inf,-Inf,-Inf,-Inf,-Inf,2817,2817,-Inf,-Inf,-Inf,-Inf,-Inf,-Inf,-Inf,-Inf,-Inf,2817,2817,-Inf,-Inf,-Inf,-Inf,-Inf,-Inf,-Inf,-Inf,-Inf
2818,2818,-Inf,-Inf,-Inf,-Inf,-Inf,-Inf,-Inf,-Inf,-Inf,2818,2818,-Inf,-Inf,-Inf,-Inf,-Inf,-Inf,-Inf,-Inf,-Inf,2818,2818,-Inf,-Inf,-Inf,-Inf,-Inf,-Inf,-Inf,-Inf,-Inf
2819,2819,-Inf,-Inf,-Inf,-Inf,-Inf,-Inf,-Inf,-Inf,-Inf,2819,2819,-Inf,-Inf,-Inf,-Inf,-Inf,-Inf,-Inf,-Inf,-Inf,2819,2819,-Inf,-Inf,-Inf,-Inf,-Inf,-Inf,-Inf,-Inf,-Inf
2820,2820,-Inf,-Inf,-Inf,-Inf,-Inf,-Inf,-Inf,-Inf,-Inf,2820,2820,-Inf,-Inf,-Inf,-Inf,-Inf,-Inf,-Inf,-Inf,-Inf,2820,2820,-Inf,-Inf,-Inf,-Inf,-Inf,-Inf,-Inf,-Inf,-Inf
2821,2821,-Inf,-Inf,-Inf,-Inf,-Inf,-Inf,-Inf,-Inf,-Inf,2821,2821,-Inf,-Inf,-Inf,-Inf,-Inf,-Inf,-Inf,-Inf,-Inf,2821,2821,-Inf,-Inf,-Inf,-Inf,-Inf,-Inf,-Inf,-Inf,-Inf
2822,2822,-Inf,-Inf,-Inf,-Inf,-Inf,-Inf,-Inf,-Inf,-Inf,2822,2822,-Inf,-Inf,-Inf,-Inf,-Inf,-Inf,-Inf,-Inf,-Inf,2822,2822,-Inf,-Inf,-Inf,-Inf,-Inf,-Inf,-Inf,-Inf,-Inf
2823,2823,-Inf,-Inf,-Inf,-Inf,-Inf,-Inf,-Inf,-Inf,-Inf,2823,2823,-Inf,-Inf,-Inf,-Inf,-Inf,-Inf,-Inf,-Inf,-Inf,2823,2823,-Inf,-Inf,-Inf,-Inf,-Inf,-Inf,-Inf,-Inf,-Inf
2824,2824,-Inf,-Inf,-Inf,-Inf,-Inf,-Inf,-Inf,-Inf,-Inf,2824,2824,-Inf,-Inf,-Inf,-Inf,-Inf,-Inf,-Inf,-Inf,-Inf,2824,2824,-Inf,-Inf,-Inf,-Inf,-Inf,-Inf,-Inf,-Inf,-Inf
2825,2825,-Inf,-Inf,-Inf,-Inf,-Inf,-Inf,-Inf,-Inf,-Inf,2825,2825,-Inf,-Inf,-Inf,-Inf,-Inf,-Inf,-Inf,-Inf,-Inf,2825,2825,-Inf,-Inf,-Inf,-Inf,-Inf,-Inf,-Inf,-Inf,-Inf
2826,2826,-Inf,-Inf,-Inf,-Inf,-Inf,-Inf,-Inf,-Inf,-Inf,2826,2826,-Inf,-Inf,-Inf,-Inf,-Inf,-Inf,-Inf,-Inf,-Inf,2826,2826,-Inf,-Inf,-Inf,-Inf,-Inf,-Inf,-Inf,-Inf,-Inf
2827,2827,-Inf,-Inf,-Inf,-Inf,-Inf,-Inf,-Inf,-Inf,-Inf,2827,2827,-Inf,-Inf,-Inf,-Inf,-Inf,-Inf,-Inf,-Inf,-Inf,2827,2827,-Inf,-Inf,-Inf,-Inf,-Inf,-Inf,-Inf,-Inf,-Inf
2828,2828,-Inf,-Inf,-Inf,-Inf,-Inf,-Inf,-Inf,-Inf,-Inf,2828,2828,-Inf,-Inf,-Inf,-Inf,-Inf,-Inf,-Inf,-Inf,-Inf,2828,2828,-Inf,-Inf,-Inf,-Inf,-Inf,-Inf,-Inf,-Inf,-Inf
2829,2829,-Inf,-Inf,-Inf,-Inf,-Inf,-Inf,-Inf,-Inf,-Inf,2829,2829,-Inf,-Inf,-Inf,-Inf,-Inf,-Inf,-Inf,-Inf,-Inf,2829,2829,-Inf,-Inf,-Inf,-Inf,-Inf,-Inf,-Inf,-Inf,-Inf
2830,2830,-Inf,-Inf,-Inf,-Inf,-Inf,-Inf,-Inf,-Inf,-Inf,2830,2830,-Inf,-Inf,-Inf,-Inf,-Inf,-Inf,-Inf,-Inf,-Inf,2830,2830,-Inf,-Inf,-Inf,-Inf,-Inf,-Inf,-Inf,-Inf,-Inf
2831,2831,-Inf,-Inf,-Inf,-Inf,-Inf,-Inf,-Inf,-Inf,-Inf,2831,2831,-Inf,-Inf,-Inf,-Inf,-Inf,-Inf,-Inf,-Inf,-Inf,2831,2831,-Inf,-Inf,-Inf,-Inf,-Inf,-Inf,-Inf,-Inf,-Inf
2832,2832,-Inf,-Inf,-Inf,-Inf,-Inf,-Inf,-Inf,-Inf,-Inf,2832,2832,-Inf,-Inf,-Inf,-Inf,-Inf,-Inf,-Inf,-Inf,-Inf,2832,2832,-Inf,-Inf,-Inf,-Inf,-Inf,-Inf,-Inf,-Inf,-Inf
2833,2833,-Inf,-Inf,-Inf,-Inf,-Inf,-Inf,-Inf,-Inf,-Inf,2833,2833,-Inf,-Inf,-Inf,-Inf,-Inf,-Inf,-Inf,-Inf,-Inf,2833,2833,-Inf,-Inf,-Inf,-Inf,-Inf,-Inf,-Inf,-Inf,-Inf
2834,2834,-Inf,-Inf,-Inf,-Inf,-Inf,-Inf,-Inf,-Inf,-Inf,2834,2834,-Inf,-Inf,-Inf,-Inf,-Inf,-Inf,-Inf,-Inf,-Inf,2834,2834,-Inf,-Inf,-Inf,-Inf,-Inf,-Inf,-Inf,-Inf,-Inf
2835,2835,-Inf,-Inf,-Inf,-Inf,-Inf,-Inf,-Inf,-Inf,-Inf,2835,2835,-Inf,-Inf,-Inf,-Inf,-Inf,-Inf,-Inf,-Inf,-Inf,2835,2835,-Inf,-Inf,-Inf,-Inf,-Inf,-Inf,-Inf,-Inf,-Inf
2836,2836,-Inf,-Inf,-Inf,-Inf,-Inf,-Inf,-Inf,-Inf,-Inf,2836,2836,-Inf,-Inf,-Inf,-Inf,-Inf,-Inf,-Inf,-Inf,-Inf,2836,2836,-Inf,-Inf,-Inf,-Inf,-Inf,-Inf,-Inf,-Inf,-Inf
2837,2837,-Inf,-Inf,-Inf,-Inf,-Inf,-Inf,-Inf,-Inf,-Inf,2837,2837,-Inf,-Inf,-Inf,-Inf,-Inf,-Inf,-Inf,-Inf,-Inf,2837,2837,-Inf,-Inf,-Inf,-Inf,-Inf,-Inf,-Inf,-Inf,-Inf
2838,2838,-Inf,-Inf,-Inf,-Inf,-Inf,-Inf,-Inf,-Inf,-Inf,2838,2838,-Inf,-Inf,-Inf,-Inf,-Inf,-Inf,-Inf,-Inf,-Inf,2838,2838,-Inf,-Inf,-Inf,-Inf,-Inf,-Inf,-Inf,-Inf,-Inf
2839,2839,-Inf,-Inf,-Inf,-Inf,-Inf,-Inf,-Inf,-Inf,-Inf,2839,2839,-Inf,-Inf,-Inf,-Inf,-Inf,-Inf,-Inf,-Inf,-Inf,2839,2839,-Inf,-Inf,-Inf,-Inf,-Inf,-Inf,-Inf,-Inf,-Inf
2840,2840,-Inf,-Inf,-Inf,-Inf,-Inf,-Inf,-Inf,-Inf,-Inf,2840,2840,-Inf,-Inf,-Inf,-Inf,-Inf,-Inf,-Inf,-Inf,-Inf,2840,2840,-Inf,-Inf,-Inf,-Inf,-Inf,-Inf,-Inf,-Inf,-Inf
2841,2841,-Inf,-Inf,-Inf,-Inf,-Inf,-Inf,-Inf,-Inf,-Inf,2841,2841,-Inf,-Inf,-Inf,-Inf,-Inf,-Inf,-Inf,-Inf,-Inf,2841,2841,-Inf,-Inf,-Inf,-Inf,-Inf,-Inf,-Inf,-Inf,-Inf
2842,2842,-Inf,-Inf,-Inf,-Inf,-Inf,-Inf,-Inf,-Inf,-Inf,2842,2842,-Inf,-Inf,-Inf,-Inf,-Inf,-Inf,-Inf,-Inf,-Inf,2842,2842,-Inf,-Inf,-Inf,-Inf,-Inf,-Inf,-Inf,-Inf,-Inf
2843,2843,-Inf,-Inf,-Inf,-Inf,-Inf,-Inf,-Inf,-Inf,-Inf,2843,2843,-Inf,-Inf,-Inf,-Inf,-Inf,-Inf,-Inf,-Inf,-Inf,2843,2843,-Inf,-Inf,-Inf,-Inf,-Inf,-Inf,-Inf,-Inf,-Inf
2844,2844,-Inf,-Inf,-Inf,-Inf,-Inf,-Inf,-Inf,-Inf,-Inf,2844,2844,-Inf,-Inf,-Inf,-Inf,-Inf,-Inf,-Inf,-Inf,-Inf,2844,2844,-Inf,-Inf,-Inf,-Inf,-Inf,-Inf,-Inf,-Inf,-Inf
2845,2845,-Inf,-Inf,-Inf,-Inf,-Inf,-Inf,-Inf,-Inf,-Inf,2845,2845,-Inf,-Inf,-Inf,-Inf,-Inf,-Inf,-Inf,-Inf,-Inf,2845,2845,-Inf,-Inf,-Inf,-Inf,-Inf,-Inf,-Inf,-Inf,-Inf
2846,2846,-Inf,-Inf,-Inf,-Inf,-Inf,-Inf,-Inf,-Inf,-Inf,2846,2846,-Inf,-Inf,-Inf,-Inf,-Inf,-Inf,-Inf,-Inf,-Inf,2846,2846,-Inf,-Inf,-Inf,-Inf,-Inf,-Inf,-Inf,-Inf,-Inf
2847,2847,-Inf,-Inf,-Inf,-Inf,-Inf,-Inf,-Inf,-Inf,-Inf,2847,2847,-Inf,-Inf,-Inf,-Inf,-Inf,-Inf,-Inf,-Inf,-Inf,2847,2847,-Inf,-Inf,-Inf,-Inf,-Inf,-Inf,-Inf,-Inf,-Inf
2848,2848,-Inf,-Inf,-Inf,-Inf,-Inf,-Inf,-Inf,-Inf,-Inf,2848,2848,-Inf,-Inf,-Inf,-Inf,-Inf,-Inf,-Inf,-Inf,-Inf,2848,2848,-Inf,-Inf,-Inf,-Inf,-Inf,-Inf,-Inf,-Inf,-Inf
2849,2849,-Inf,-Inf,-Inf,-Inf,-Inf,-Inf,-Inf,-Inf,-Inf,2849,2849,-Inf,-Inf,-Inf,-Inf,-Inf,-Inf,-Inf,-Inf,-Inf,2849,2849,-Inf,-Inf,-Inf,-Inf,-Inf,-Inf,-Inf,-Inf,-Inf
2850,2850,-Inf,-Inf,-Inf,-Inf,-Inf,-Inf,-Inf,-Inf,-Inf,2850,2850,-Inf,-Inf,-Inf,-Inf,-Inf,-Inf,-Inf,-Inf,-Inf,2850,2850,-Inf,-Inf,-Inf,-Inf,-Inf,-Inf,-Inf,-Inf,-Inf
2851,2851,-Inf,-Inf,-Inf,-Inf,-Inf,-Inf,-Inf,-Inf,-Inf,2851,2851,-Inf,-Inf,-Inf,-Inf,-Inf,-Inf,-Inf,-Inf,-Inf,2851,2851,-Inf,-Inf,-Inf,-Inf,-Inf,-Inf,-Inf,-Inf,-Inf
2852,2852,-Inf,-Inf,-Inf,-Inf,-Inf,-Inf,-Inf,-Inf,-Inf,2852,2852,-Inf,-Inf,-Inf,-Inf,-Inf,-Inf,-Inf,-Inf,-Inf,2852,2852,-Inf,-Inf,-Inf,-Inf,-Inf,-Inf,-Inf,-Inf,-Inf
2853,2853,-Inf,-Inf,-Inf,-Inf,-Inf,-Inf,-Inf,-Inf,-Inf,2853,2853,-Inf,-Inf,-Inf,-Inf,-Inf,-Inf,-Inf,-Inf,-Inf,2853,2853,-Inf,-Inf,-Inf,-Inf,-Inf,-Inf,-Inf,-Inf,-Inf
2854,2854,12.462,23.567,33.206,43.735,63.242,62.394,57.137,52.262,49.694,2854,2854,12.971,25.271,28.007,44.6,55.643,60.802,56.938,54.986,57.76,2854,2854,16.339,26.105,32.105,44.634,58.347,62.292,68.169,56.605,51.994
2855,2855,15.859,26.071,33.407,50.462,65.707,65.707,61.527,55.849,56.834,2855,2855,21.343,31.873,35.238,47.64,60.141,64.258,56.815,56.186,57.214,2855,2855,22.222,26.092,30.466,47.129,58.211,64.434,69.572,56.497,52.81
2856,2856,30.935,24.961,36.979,55.223,65.567,66.081,63.283,55.081,46.28,2856,2856,28.49,30.13,34.235,46.524,62.184,67.706,57.767,57.152,46.369,2856,2856,20.093,16.44,32.393,48.072,59.832,68.913,72.722,58.064,43.623
2857,2857,32.442,28.145,29.302,54.939,68.383,66.692,64.528,55.838,45.683,2857,2857,33.774,34.643,32.453,45.599,66.611,72.295,60.747,58.215,45.944,2857,2857,22.895,25.437,32.929,47.286,61.988,69.443,72.923,58.641,44.06
2858,2858,30.154,20.33,34.96,58.854,69.568,67.896,67.018,60.07,49.243,2858,2858,38.562,32.369,32.474,47.385,63.81,69.596,63.796,63.008,49.62,2858,2858,24.736,23.275,33.04,50.648,62.396,69.528,75.646,63.568,46.138
2859,2859,23.04,25.673,34.724,52.968,67.925,67.334,64.777,60.124,47.73,2859,2859,38.119,31.514,31.653,50.845,62.415,64.627,62.194,62.955,49.055,2859,2859,20.669,13.897,32.979,52.168,63.55,67.426,76.039,65.243,45.644
2860,2860,26.757,31.029,30.913,45.61,69.104,68.101,64.326,61.191,49.564,2860,2860,38.514,31.94,37.331,43.506,61.419,66.44,62.699,66.167,51.626,2860,2860,20.313,23.23,32.018,49.051,61.396,65.947,74.462,65.672,46.135
2861,2861,18.394,17.779,32.989,42.477,64.024,63.305,63.938,60.555,47.552,2861,2861,33.943,31.05,32.004,40.733,55.661,57.355,60.457,65.76,48.967,2861,2861,18.187,21.115,30.145,43.222,55.494,64.144,72.467,65.285,44.808
2862,2862,14.546,23.967,29.135,41.085,67.256,65.548,67.771,61.516,48.317,2862,2862,17.014,31.911,24.198,43.081,60.197,62.627,63.883,67.714,48.885,2862,2862,6.7449,29.537,34.195,45.446,60.391,64.347,78.893,67.856,46.767
2863,2863,25.707,26.626,32.382,40.656,63.27,61.329,68.604,65.135,50.381,2863,2863,35.631,40.52,35.297,43.932,61.48,65.99,67.896,68.499,50.958,2863,2863,21.891,28.066,32.347,47.464,64.208,67.712,79.69,68.308,47.02
2864,2864,23.193,28.693,32.273,42.244,67.514,66.716,70.567,67.894,52.955,2864,2864,34.468,35.865,35.606,43.503,65.113,67.284,70.295,74.04,54.237,2864,2864,20.916,24.831,29.855,50.502,64.062,68.082,83.461,72.909,50.352
2865,2865,27.04,29.855,32.479,44.404,66.317,66.157,70.818,72.796,54.848,2865,2865,38.915,40.826,37.368,42.639,63.293,64.09,72.646,77.388,55.217,2865,2865,22.179,23.382,31.361,45.137,62.763,68.204,85.069,74.673,52.66
2866,2866,23.189,22.413,35.522,43.831,66.871,68.815,75.18,72.19,55.719,2866,2866,41.28,34.851,35.706,40.057,64.31,67.564,74.284,76.487,55.892,2866,2866,24.524,16.322,26.998,46.185,63.314,70.244,89.654,76.681,55.438
2867,2867,31.424,30.607,26.017,46.037,65.779,66.456,79.629,74.947,57.02,2867,2867,31.592,37.389,35.188,44.612,64.144,69.031,78.663,76.471,56.625,2867,2867,15.268,22.6,24.926,45.757,63.192,73.674,96.988,81.996,60.818
2868,2868,26.091,29.895,28.468,42.589,67.293,70.047,88.395,81.501,63.348,2868,2868,38.091,35.15,34.396,42.73,64.744,67.92,85.411,81.925,62.077,2868,2868,21.305,23.687,27.46,45.86,66.255,76.96,100.72,86.743,65.131
2869,2869,35.45,30.547,40.707,53.44,71.228,78.597,96.556,93.613,76.666,2869,2869,44.056,42.484,35.739,47.553,66.039,74.447,95.778,93.988,76.921,2869,2869,28.803,34.748,40.426,56.325,71.633,88.194,111,95.914,74.584
2870,2870,34.087,33.739,44.72,52.004,72.457,80.625,101.2,94.347,78.793,2870,2870,43.106,32.752,31.397,49.047,65.768,75.699,97.899,97.6,78.49,2870,2870,36.872,50.586,56.794,63.302,74.078,93.884,117.92,100.96,80.432
2871,2871,34.77,37.191,40.579,54.608,70.406,81.829,102.11,95.932,80.275,2871,2871,42.356,37.026,36.707,48.521,71.623,76.96,98.911,96.52,79.46,2871,2871,51.282,58.406,59.297,60.102,74.205,95.028,118.46,101.03,81
2872,2872,33.802,36.552,39.12,51.992,70.126,80.218,97.657,91.833,74.992,2872,2872,34.315,31.26,36.167,46.867,76.26,79.127,96.017,93.04,75.345,2872,2872,54.536,53.109,53.43,54.638,72.451,94.11,114.15,96.718,75.978
2873,2873,27.703,36.351,31.58,50.902,75.26,77.783,89.272,87.8,71.368,2873,2873,35.852,44.646,40.961,49.927,75.647,79.757,87.894,88.2,70.772,2873,2873,50.918,41.928,37.602,58.002,77.023,86.785,104.35,89.639,68.341
2874,2874,36.454,36.271,35.818,50.56,70.294,73.748,80.558,85.399,69.266,2874,2874,48.379,47.672,30.919,49.258,76.938,82.725,82.427,86.324,69.673,2874,2874,41.349,38.443,33.51,51.627,71.586,82.765,97.87,85.253,63.83
2875,2875,38.403,30.497,37.891,43.282,68.829,70.85,84.858,90.541,74.303,2875,2875,47.118,41.171,35.73,45.665,64.63,70.603,84.438,90.498,74.539,2875,2875,37.285,30.918,33.453,48.896,66.668,79.485,99.193,88.792,67.591
2876,2876,30.85,30.597,33.221,45.524,66.502,69.751,81.161,86.951,71.613,2876,2876,41.161,34.981,34.193,46.788,71.686,75.977,80.887,84.124,68.635,2876,2876,26.891,24.898,29.076,51.593,70.562,79.533,93.64,82.546,63.4
2877,2877,23.55,27.843,33.908,45.034,58.107,61.118,73.96,70.215,54.028,2877,2877,33.348,33.3,31.21,41.423,64.548,68.952,73.136,70.743,53.595,2877,2877,19.397,19.858,30.102,45.05,63.28,73.93,86.915,72.374,51.558
2878,2878,18.382,20.166,30.999,46.835,64.129,64.929,73.737,65.335,50.798,2878,2878,24.997,27.412,31.621,45.915,64.954,67.974,72.195,66.318,50.646,2878,2878,21.316,14.479,32.164,43.63,63.121,73.782,87.316,72.079,51.226
2879,2879,22.197,23.994,28.964,33.54,51.257,51.915,57.854,52.584,56.45,2879,2879,30.31,33.854,32.101,39.626,49.075,54.458,53.181,57.729,59.895,2879,2879,20.719,28.123,31.432,37.153,53.054,62.029,66.19,60.333,58.582
2880,2880,23.432,15.938,5.6075,-37.169,-73.244,-161.85,-378.95,-618.88,-1401.8,2880,2880,28.28,24.653,12.911,-13.81,-68.205,-159.77,-381.65,-614.23,-1398.3,2880,2880,21.013,19.132,12.382,-14.833,-60.999,-156.13,-366.48,-609,-1399.7
2881,2881,16.258,5.6061,-15.571,-90.034,-180.49,-376.57,-813.17,-1293,-2858.5,2881,2881,17.836,14.381,-8.5169,-69.063,-175.52,-374.53,-813.79,-1288.4,-2855,2881,2881,12.086,8.0607,-8.9478,-69.796,-168.54,-370.84,-798.67,-1283,-2856.8
2882,2882,9.467,-3.8878,-36.72,-144.28,-287.72,-591.29,-1246.4,-1967.1,-Inf,2882,2882,10.931,4.5639,-30.017,-121.41,-282.8,-589.28,-1247.3,-1962.5,-Inf,2882,2882,8.235,-1.8801,-30.356,-122.25,-276.1,-585.55,-1232.2,-1957.1,-Inf
2883,2883,6.0428,-13.822,-57.921,-198.02,-394.95,-806.02,-1678.5,-2641.2,-Inf,2883,2883,8.1778,-5.2085,-51.685,-176.51,-390.06,-804,-1681.5,-2636.6,-Inf,2883,2883,0.31876,-11.813,-51.94,-177.51,-383.67,-800.27,-1666.4,-2631.1,-Inf
2884,2884,-0.71635,-24.058,-79.234,-251.46,-502.19,-1020.8,-2111.7,-Inf,-Inf,2884,2884,0.60409,-15.039,-73.436,-229.2,-497.29,-1018.7,-2114.2,-Inf,-Inf,2884,2884,-3.0812,-21.511,-73.644,-229.86,-491.25,-1015,-2099,-Inf,-Inf
2885,2885,-4.8766,-34.536,-100.69,-306.02,-609.43,-1235.5,-2545.9,-Inf,-Inf,2885,2885,-2.8524,-25.165,-95.19,-283.74,-604.52,-1233.4,-2546.4,-Inf,-Inf,2885,2885,-9.9274,-31.349,-95.406,-284.93,-598.83,-1229.7,-2531.3,-Inf,-Inf
2886,2886,14.874,29.984,32.497,48.338,66.009,65.907,75.528,73.478,60.134,2886,2886,27.291,40.3,44.641,47.474,63.962,66.755,74.551,74.823,58.921,2886,2886,16.297,30.291,33.86,51.292,69.417,75.49,88.462,77.669,67.1
2887,2887,20.965,29.645,33.291,46.912,68.315,66.681,81.293,80.947,65.237,2887,2887,36.222,38.139,36.182,45.375,62.12,63.955,79.523,84.122,65.707,2887,2887,21.763,26.079,34.214,51.395,72.263,75.385,92.799,83.436,60.449
2888,2888,24.757,29.007,35.742,45.789,65.514,63.328,75.151,80.923,65.589,2888,2888,34.295,36.518,32.448,39.556,55.339,59.847,77.282,85.567,66.642,2888,2888,19.349,24.416,32.652,47.75,68.902,71.299,89.438,82.638,59.745
2889,2889,27.687,28.976,29.491,43.385,63.632,58.476,64.649,70.99,54.503,2889,2889,40.451,39.663,37.579,42.165,59.957,59.307,63.775,68.842,53.126,2889,2889,23.795,24.022,32.323,42.842,65.893,64.377,77.473,68.2,49.073
2890,2890,21.319,25.971,30.636,41.303,61.544,54.486,58.24,62.142,49.274,2890,2890,32.76,38.817,34.812,41.781,60.915,56.656,60.44,62.632,48.456,2890,2890,17.297,26.234,31.616,44.523,64.491,61.555,71.82,61.938,46.189
2891,2891,28.301,27.127,30.081,46.023,60.968,54.386,55.696,56.293,46.19,2891,2891,37.704,33.692,31.651,43.968,60.753,57.222,55.376,57.736,43.995,2891,2891,21.318,22.536,34.515,47.509,63.926,58.726,72.719,60.25,43.539
2892,2892,25.907,26.421,32.897,41.967,60.275,55.973,52.648,51.592,42.638,2892,2892,32.081,34.512,32.77,44.275,58.473,61.946,52.736,53.899,41.128,2892,2892,17.782,21.24,33.585,46.915,63.935,60.518,67.14,55.141,42.636
2893,2893,26.125,31.099,33.421,43.751,57.311,53.145,50.997,50.612,44.619,2893,2893,34.822,42.209,29.394,43.481,55.302,57.548,53.405,51.848,41.886,2893,2893,18.696,29.244,33.706,44.95,61.04,60.79,68.051,56.206,43.374
2894,2894,21.186,23.827,29.309,45.416,54.489,50.255,50.111,50.242,43.433,2894,2894,31.393,34.121,27.175,40.206,53.01,49.946,52.445,50.532,41.468,2894,2894,15.265,24.283,34.298,47.326,63.05,57.655,65.746,53.456,42.457
2895,2895,19.013,24.409,26.498,38.944,54.846,52.973,52.74,50.149,42.637,2895,2895,32.49,36.215,31.696,37.927,49.673,53.31,50.786,50.48,40.52,2895,2895,15.132,18.054,31.184,42.448,54.837,55.959,63.631,53.211,41.407
2896,2896,24.665,28.761,28.875,47.822,59.714,58.399,50.403,49.771,43.169,2896,2896,32.567,35.958,34.456,39.493,54.249,59.445,50.501,49.153,40.356,2896,2896,16.18,21.354,29.882,43.133,57.415,57.62,64.935,53.603,42.452
2897,2897,23.38,29.142,33.346,44.311,59.783,58.467,53.747,51.127,41.75,2897,2897,32.406,41.631,37.396,39.914,54.336,57.905,52.646,49.365,39.831,2897,2897,17.325,28.751,29.018,44.398,57.323,58.398,65.056,52.488,41.005
2898,2898,31.359,26.622,33.225,47.949,59.485,57.79,56.764,48.685,44.204,2898,2898,41.878,39.035,30.165,43.871,55.803,61.814,53.875,50.749,41.013,2898,2898,26.788,25.068,30.796,43.048,56.91,60.763,67.383,53.418,41.714
2899,2899,29.34,27.404,32.986,48.676,65.818,64.953,59.779,51.413,42.496,2899,2899,37.26,30.155,32.746,45.581,59.905,65.023,55.543,51.86,42.14,2899,2899,23.653,19.713,34.298,46.111,60.128,66.845,70.309,54.112,41.812
2900,2900,24.917,28.929,30.039,51.741,63.672,65.286,60.66,52.275,45.73,2900,2900,30.186,35.777,36.839,45.38,60.376,64.474,58.233,54.173,44.458,2900,2900,17.072,21.294,32.118,48.813,59.743,66.178,71.152,55.073,42.246
2901,2901,31.306,27.583,36.976,58.187,68.468,68.592,65.636,55.018,44.934,2901,2901,40.734,32.981,33.889,50.127,62.356,67.273,59.892,57.268,44.841,2901,2901,26.772,18.256,28.386,51.453,61.141,70.151,73.51,56.741,43.176
2902,2902,30.961,32.549,38.236,55.066,68.581,67.65,67.653,64.824,50.347,2902,2902,38.55,32.778,34.396,53.148,62.33,64.886,62.932,67.885,52.548,2902,2902,24.693,16.825,25.489,52.182,63.174,69.669,75.157,65.138,46.58
2903,2903,31.825,24.646,37.883,54.341,69.889,69.284,66.097,63.423,49.313,2903,2903,35.715,31.148,35.28,50.711,63.964,67.284,62.71,68.019,51.278,2903,2903,18.987,25.229,34.137,53.398,64.198,66.974,74.03,65.406,46.082
2904,2904,25.77,30.3,38.01,50.598,71.837,71.026,63.727,61.82,49.001,2904,2904,29.001,28.049,35.423,44.75,64.575,68.045,61.577,65.88,49.619,2904,2904,12.716,17.707,32.418,51.544,64.964,66.92,74.313,64.221,45.356
2905,2905,28.56,22.959,27.48,45.497,64.158,62.278,66.12,63.373,48.433,2905,2905,28.961,27.133,34.814,47.974,63.415,63.604,66.389,66.066,49.782,2905,2905,9.5311,13.752,32.71,47.105,66.307,73.028,82.012,68.299,48.008
2906,2906,23.929,25.543,29.022,48.756,65.821,62.497,66.822,66.527,50.948,2906,2906,40.137,37.195,32.057,48.197,66.764,68.051,69.441,69.043,50.998,2906,2906,23.987,25.404,30.061,46.865,66.754,73.183,84.081,70.342,49.572
2907,2907,23.098,20.42,28.473,41.793,68.765,66.749,69.797,68.619,52.168,2907,2907,40.162,25.383,26.537,46.166,64.536,68.564,71.29,71.443,52.939,2907,2907,24.52,14.63,30.702,48.845,65.97,71.624,83.061,72.235,49.844
2908,2908,16.84,28.034,28.229,47.689,66.024,65.217,71.986,72.385,57.256,2908,2908,34.398,22.126,28.84,47.534,65.013,67.82,71.567,74.645,57.341,2908,2908,18.098,16.917,32.934,48.212,66.686,74.67,85.465,73.183,52.536
2909,2909,10.946,29.311,31.793,44.898,62.045,64.14,74.286,78.226,63.821,2909,2909,29.559,30.298,28.815,47.115,62.458,65.797,74.869,77.599,63.829,2909,2909,11.477,11.481,31.522,50.505,65.759,71.316,87.368,78.075,57.608
2910,2910,25.635,29.251,37.864,45.89,61.238,63.703,74.117,76.1,60.701,2910,2910,32.449,33.921,31.938,49.034,64.841,70.266,74.627,77.893,62.866,2910,2910,19.931,21.058,31.054,53.469,63.795,74.833,87.238,77.646,55.889
2911,2911,32.833,25.437,34.587,46.506,65.161,67.417,76.118,76.463,61.967,2911,2911,31.449,36.019,36.27,47.796,63.569,65.84,76.497,77.131,62.134,2911,2911,19.573,21.203,33.449,54.061,67.127,73.963,88.761,77.977,56.977
2912,2912,32.386,30.773,35.053,46.227,66.857,68.286,83.925,84.783,68.632,2912,2912,34.608,36.339,30.164,44.745,63.133,66.489,82.335,83.052,68.075,2912,2912,15.269,22.407,29.868,51.506,69.769,77.477,96.773,84.441,63.781
2913,2913,29.826,35.721,34.759,49.879,72.748,78.699,92.644,93.467,76.256,2913,2913,38.474,33.82,31.494,44.609,66.986,72.551,91.516,93.51,76.142,2913,2913,21.679,20.098,34.699,47.034,71.326,87.791,104.67,93.271,71.566
2914,2914,30.55,28.413,42.321,56.771,78.181,81.351,94.951,93.316,76.06,2914,2914,34.927,32.744,34.536,48.001,72.89,76.384,94.302,94.905,76.606,2914,2914,16.079,32.084,40.262,58.667,74.679,89.834,109.53,96.19,74.269
2915,2915,35.141,31.692,39.211,54.769,76.572,81.998,96.547,94.853,77.526,2915,2915,23.878,28.65,36.578,52.909,71.368,78.117,96.262,96.144,78.75,2915,2915,24.958,35.406,35.531,59.615,72.218,91.556,109.59,97.323,75.215
2916,2916,32.94,30.183,40.507,58.57,71.541,78.931,95.217,93.442,75.5,2916,2916,26.05,23.954,36.486,48.866,68.815,75.421,94.496,94.812,76.899,2916,2916,30.386,40.791,39.783,59.571,69.629,90.465,110.07,96.757,74.442
2917,2917,27.472,28.379,37.815,51.06,62.732,75.971,91.89,90.873,71.901,2917,2917,22.777,22.898,34.16,50.824,64.267,73.577,91.544,89.67,72.481,2917,2917,35.255,37.293,39.616,52.715,65.382,89.89,105.16,94.276,71.127
2918,2918,29.211,25.807,34.693,50.815,59.568,65.23,80.346,81.555,62.955,2918,2918,25.892,25.587,30.762,48.902,59.703,67.757,80.009,82.094,64.002,2918,2918,25.862,35.488,34.36,45.088,61.747,80.067,95.899,84.822,61.305
2919,2919,19.532,18.296,34.575,50.416,58.87,62.443,71.721,73.416,55.468,2919,2919,23.081,27.935,33.967,44.576,60.929,66.366,76.413,72.523,53.933,2919,2919,26.022,23.131,32.499,45.467,60.135,76.416,93.208,78.185,56.581
2920,2920,21.294,20.011,34.755,50.944,59.847,61.339,68.084,65.746,50.608,2920,2920,22.867,28.299,30.374,47.47,61.833,67.679,71.596,66.242,48.992,2920,2920,19.03,25.217,31.717,42.427,58.255,73.696,85.524,72.674,51.353
2921,2921,22.383,21.871,30.992,54.504,63.749,63.879,72.639,62.595,47.371,2921,2921,25.356,25.138,31.984,48.994,62.329,65.848,71.509,62.222,46.445,2921,2921,12.584,23.328,32.063,45.837,57.421,72.335,85.642,70.57,49.973
2922,2922,16.639,24.299,33.549,53.443,61.868,62.684,72.623,63.589,48.917,2922,2922,27.009,30.157,31.593,46.603,61.052,66.073,72.067,62.591,47.002,2922,2922,9.9661,20.538,30.474,43.789,59.167,73.094,88.415,73.086,51.689
2923,2923,25.429,31.948,34.949,52.273,66.433,66.449,73.643,65.853,48.625,2923,2923,31.774,34.036,34.452,44.126,63.221,67.718,71.807,65.054,48.562,2923,2923,17.417,24.087,29.365,45.302,62.611,74.128,86.376,73.591,51.356
2924,2924,32.481,32.848,34.452,51.614,64.857,65.411,69.027,63.569,47.191,2924,2924,37.24,33.525,35.755,47.468,62.023,66.739,70.635,61.974,45.488,2924,2924,23.493,19.542,27.847,45.289,60.7,73.51,85.777,69.279,48.501
2925,2925,29.641,21.986,35.573,47.304,69.26,69.276,71.583,62.823,46.336,2925,2925,34.484,31.04,34.335,47.985,61.182,61.99,69.179,61.906,44.165,2925,2925,18.632,23.23,32.62,49.604,64.07,73.309,83.425,68.703,47.767
2926,2926,20.476,27.099,31.935,51.386,65.786,65.929,67.247,60.101,46.683,2926,2926,36.509,35.568,33.168,47.225,56.986,60.277,64.469,58.533,44.361,2926,2926,19.52,18.407,35.947,48.905,63.445,68.68,80.841,66.362,47.772
2927,2927,26.34,26.38,33.743,49.704,63.434,64.366,63.687,56.675,43.495,2927,2927,34.289,30.143,29.854,44.205,57.727,61.647,62.48,53.794,41.934,2927,2927,19.707,24.043,30.588,47.158,62.606,66.219,77.045,60.247,43.832
2928,2928,24.258,28.308,29.916,50.515,59.167,61.601,61.202,53.506,44.803,2928,2928,26.815,30.676,25.525,42.465,55.789,60.88,59.847,52.08,41.612,2928,2928,12.002,20.103,31.942,43.962,56.988,63.349,73.445,57.315,42.707
2929,2929,28.546,23.863,32.505,49.095,65.75,65.095,60.74,53.248,43.38,2929,2929,31.646,28.508,29.325,43.454,55.522,60.55,59.289,52.061,41.388,2929,2929,17.29,21.074,28.71,42.963,57.823,65.091,72.433,57.036,43.525
2930,2930,22.151,19.888,34.44,52.897,67.494,66.596,61.05,51.328,45.66,2930,2930,21.019,27.753,30.313,47.834,57.234,62.822,56.69,51.37,42.847,2930,2930,9.5214,19.406,31.541,46.792,59.901,65.04,72.228,56.158,44.849
2931,2931,24.04,26.734,31.463,54.279,66.09,65.026,60.055,50.588,43.146,2931,2931,27.788,36.13,33.484,47.809,58.571,63.012,58.191,52.042,41.496,2931,2931,16.139,22.572,29.777,50.28,62.584,66.714,71.549,54.898,42.357
2932,2932,27.192,30.553,35.462,57.463,68.364,68.271,65.049,53.25,45.6,2932,2932,37.536,34.306,36.596,48.949,63.647,67.925,57.869,55.658,44.496,2932,2932,23.81,22.213,31.75,53.246,63.852,69.242,73.577,56.925,42.579
2933,2933,27.181,29.624,37.05,52.288,70.372,69.027,65.576,59.428,48.077,2933,2933,29.049,30.509,34.744,50.601,63.385,67.165,60.054,62.797,50.567,2933,2933,15.444,20.453,31.748,54.551,61.749,68.8,73.329,61.792,45.158
2934,2934,23.653,27.746,38.529,55.356,68.193,68.278,65.253,65.013,48.902,2934,2934,26.726,27.475,31.411,52.507,61.76,68.364,62.542,69.358,51.372,2934,2934,13.329,21.525,31.336,53.29,62.548,66.99,73.193,66.767,45.903
2935,2935,20.481,15.938,37.459,51.323,68.825,69.225,63.173,62.472,47.749,2935,2935,23.884,24.534,33.686,51.321,68.922,72.78,60.529,65.944,49.103,2935,2935,10.584,17.095,33.934,49.819,64.023,66.743,71.364,63.002,44.584
2936,2936,11.071,24.678,37.367,45.368,63.584,62.972,61.925,63.29,48.708,2936,2936,20.972,27.552,30.409,46.679,60.663,64.082,60.235,67.091,49.275,2936,2936,4.3323,20.592,34.218,48.711,62.412,65.595,71.304,62.407,45.805
2937,2937,18.071,24.511,33.755,45.223,66.864,66.763,65.728,66.564,50.8,2937,2937,24.415,28.117,33.399,44.066,60.801,62.91,64.209,71.068,52.322,2937,2937,10.72,22.269,34.708,48.288,61.243,64.611,76.458,66.128,47.668
2938,2938,25.752,36.963,34.898,45.324,68.078,67.496,67.835,70.198,55.966,2938,2938,33.859,39.344,37.403,43.818,60.006,62.502,65.096,72.554,56.511,2938,2938,20.411,26.367,27.942,47.183,63.105,65.906,79.573,69.615,51.568
2939,2939,26.413,34.247,31.974,42.562,62.617,65.294,70.265,74.208,56.254,2939,2939,33.108,40.942,31.303,42.062,61.707,66.843,70.31,77.967,57.476,2939,2939,19.547,27.108,34.908,47.813,62.378,67.292,81.166,72.658,52.02
2940,2940,20.509,27.89,32.607,46.89,64.852,65.413,70.709,72.674,53.56,2940,2940,37.711,39.289,37.295,41.783,62.513,64.504,71.029,75.016,54.6,2940,2940,22.798,27.632,29.539,47.448,64.913,68.855,84.325,74.092,52.344
2941,2941,32.695,30.55,33.571,46.495,65.55,66.907,75.09,73.483,54.117,2941,2941,35.044,33.72,34.488,45.332,63.635,65.533,73.884,75.35,54.297,2941,2941,22.035,20.283,35.054,48.121,65.884,69.605,90.91,78.015,55.873
2942,2942,31.498,31.438,32.828,41.867,63.852,65.746,79.759,77.27,61.724,2942,2942,38.396,36.329,34.532,45.332,59.742,63.686,78.392,79.099,60.152,2942,2942,23.84,24.212,33.332,47.049,62.539,70.655,93.379,81.428,59.395
2943,2943,34.41,33.442,32.921,42.436,63.438,66.951,85.821,78.466,62.563,2943,2943,40.807,36.119,34.948,45.244,60.917,64.098,80.753,80.011,62.239,2943,2943,26.843,25.066,33.185,48.144,64.348,75.494,99.118,84.586,63.189
2944,2944,34.018,27.627,38.525,51.21,71.726,79.279,95.052,92.749,75.378,2944,2944,43.65,40.975,34.495,45.567,64.885,73.639,92.632,93.731,75.48,2944,2944,29.613,33.796,42.386,59.79,71.376,88.602,109.88,96.314,74.22
2945,2945,39.105,33.149,40.942,55.013,74.259,79.962,95.692,93.702,79.398,2945,2945,32.742,36.52,35.039,49.118,65.713,74.909,95.309,95.179,79.158,2945,2945,30.747,35.234,43.344,61.74,73.751,90.635,110.1,97.027,75.428
2946,2946,38.461,38.644,35.464,54.051,73.434,77.132,92.445,92.284,77.203,2946,2946,31.775,32.762,36.397,50.353,66.977,74.041,92.936,94.55,77.307,2946,2946,34.897,37.828,40.146,62.565,74.046,88.712,105.52,94.731,72.849
2947,2947,39.009,33.891,30.631,46.242,65.882,73.869,88.475,90.639,72.937,2947,2947,31.542,29.79,35.226,45.949,61.508,70.451,89.046,90.457,74.379,2947,2947,23.694,33.729,33.534,53.294,65.822,86.972,104.08,92.602,70.415
2948,2948,28.959,27.427,34.959,48.784,61.244,61.628,76.362,78.823,60.924,2948,2948,29.388,26.366,35.468,46.241,61.611,63.82,78.111,79.651,60.994,2948,2948,22.724,25.344,30.94,46.088,63.702,74.091,92.316,82.447,58.944
2949,2949,32.105,22.908,35.166,43.796,64.988,65.252,73.291,74.301,58.481,2949,2949,29.585,31.355,34.058,43.118,62.83,66.497,71.768,73.305,57.454,2949,2949,24.768,23.829,29.517,43.492,64.479,73.61,87.396,76.223,54.288
2950,2950,28.997,33.177,34.802,47.128,61.549,62.148,75.538,76.493,60.002,2950,2950,34.33,40.358,39.127,44.641,62.041,65.451,75.848,75.806,58.261,2950,2950,21.384,24.999,36.111,46.482,63.477,73.177,89.757,79.274,69.103
2951,2951,28.895,27.748,38.478,48.295,65.646,65.972,74.518,75.166,58.985,2951,2951,40.338,38.132,34.23,46.111,60.538,64.93,75.135,75.477,58.729,2951,2951,24.506,23.036,35.102,47.588,62.983,73.252,90.792,79.686,56.856
2952,2952,36.224,35.687,33.647,53.161,64.788,64.306,73.782,71.121,55.374,2952,2952,41.663,39.955,33.713,50.854,62.599,63.585,74.459,69.9,55.586,2952,2952,27.905,28.003,35.515,46.116,65.035,74.201,88.081,74.198,53.448
2953,2953,33.899,28.65,32.853,48.263,64.755,66.824,72.766,73.522,57.447,2953,2953,40.461,31.742,38.393,48.022,62.532,64.526,69.451,73.11,58.192,2953,2953,25.145,21.752,37.526,46.627,64.448,74.225,85.03,73.652,53.102
2954,2954,29.731,30.775,35.916,47.712,65.802,66.758,70.326,65.229,53.51,2954,2954,41.547,35.933,32.987,44.119,59.928,63.595,66.7,63.632,51.632,2954,2954,26.431,21.261,38.891,47.855,62.521,70.696,80.798,66.87,50.35
2955,2955,29.81,29.218,33.563,48.705,63.37,60.604,70.469,72.608,64.286,2955,2955,34.557,36.272,36.312,48.644,60.047,63.121,68.423,66.646,60.749,2955,2955,22.151,27.158,37.655,46.713,63.35,68.158,81.603,71.125,60.326
2956,2956,26.541,31.007,33.765,46.975,63.821,63.572,62.689,64.741,56.54,2956,2956,33.461,35.857,38.214,41.203,62.446,64.465,62.34,63.824,60.436,2956,2956,18.572,24.325,39.645,47.544,61.565,68.677,77.874,64.951,52.946
2957,2957,28.22,30.938,31.788,43.747,58.634,59.711,59.078,60.208,48.654,2957,2957,33.783,34.359,38.304,45.182,61.95,65.383,61.875,60.225,48.004,2957,2957,17.785,28.494,35.872,46.033,60.32,65.235,77.814,65.073,47.862
2958,2958,29.374,34.159,30.216,42.986,58.803,57.559,55.973,62.628,54.561,2958,2958,29.252,38.337,31.543,43.922,53.399,56.37,55.253,56.543,47.826,2958,2958,13.981,32.4,36.494,49.387,58.353,58.147,70.25,60.878,48.871
2959,2959,21.359,31.016,27.799,43.735,60.933,59.905,57.195,60.201,50.078,2959,2959,28.055,38.018,33.947,43.583,56.896,56.233,53.392,56.102,46.872,2959,2959,14.18,31.052,34.414,47.212,60.411,60.131,71.05,63.096,45.239
2960,2960,31.082,32.505,30.636,46.379,54.228,52.223,54.038,49.8,45.608,2960,2960,37.752,39.187,37.297,44.119,52.4,51.072,54.099,51.532,42.144,2960,2960,17.268,30.047,27.988,44.731,56.337,60.455,68.397,54.897,43.747
2961,2961,27.944,30.572,31.663,47.264,51.062,48.801,48.494,46.605,43.017,2961,2961,38.572,41.791,35.371,43.418,51.602,51.381,49.252,48.35,40.574,2961,2961,21.807,31.109,28.43,45.667,56.493,51.998,63.838,51.773,42.593
2962,2962,36.47,31.929,32.791,49.976,53.873,51.951,52.327,61.502,54.837,2962,2962,43.191,39.574,36.919,43.675,47.44,49.644,49.635,58.402,50.362,2962,2962,28.89,31.951,35.774,44.927,51.602,53.612,67.765,63.384,51.888
2963,2963,34.126,30.183,30.815,46.546,52.516,49.863,50.786,49.663,43.228,2963,2963,39.536,31.056,37.938,44.154,50.589,50.541,49.848,49.26,40.347,2963,2963,25.616,28.326,32.959,45.923,55.35,54.431,65.307,53.656,42.034
2964,2964,34.418,26.792,34.315,50.519,56.334,53.218,52.765,48.701,45.2,2964,2964,36.93,39.685,38.067,46.528,53.424,54.191,50.267,48.876,41.546,2964,2964,23.603,19.565,36.658,46.578,59.635,54.977,64.284,52.025,42.948
2965,2965,23.862,30.478,37.782,59.843,60.554,56.571,54.197,56.13,52.906,2965,2965,42.166,36.052,38.188,62.404,59.439,60.315,53.584,55.52,51.152,2965,2965,25.6,19.947,33.318,50.812,58.417,57.512,66.157,55.918,50.905
2966,2966,17.392,29.304,39.922,61.458,61.291,56.536,51.666,52.456,46.384,2966,2966,34.857,32.422,38.773,63.703,61.475,58.442,49.627,49.522,42.774,2966,2966,18.522,21.328,34.177,51.21,53.2,55.34,63.689,52.627,47.11
2967,2967,9.6701,28.631,40.939,56.614,59.8,57.929,58.344,60.82,51.926,2967,2967,29.865,27.521,36.288,58.506,59.991,59.105,52.582,56.048,45.595,2967,2967,11.266,19.748,32.827,44.919,53.94,59.147,70.256,61.947,46.841
2968,2968,13.3,29.602,32.92,52.325,54.641,53.097,50.509,51.163,44.319,2968,2968,20.648,27.899,30.537,57.542,58.073,56.824,50.004,50.339,40.593,2968,2968,10.983,21.635,35.204,44.062,53.807,54.781,63.949,53.221,42.152
2969,2969,20.957,26.035,32.821,42.268,53.329,52.413,49.465,49.054,41.706,2969,2969,28.325,28.721,34.92,49.324,51.883,51.53,48.676,49.311,39.57,2969,2969,5.7461,11.888,34.1,41.237,51.909,51.451,64.893,53.053,40.746
2970,2970,29.415,29.688,30.184,38.985,51.909,49.614,47.685,48.368,43.405,2970,2970,35.803,26.266,36.915,44.631,48.715,49.959,48.96,48.478,39.984,2970,2970,18.165,21.609,31.473,39.257,46.519,49.44,62.054,51.607,40.49
2971,2971,28.094,30.821,31.038,42.555,52.392,50.105,47.301,47.938,41.282,2971,2971,33.248,29.138,37.612,44.417,49.804,50.827,48.779,47.974,39.29,2971,2971,16.379,20.855,34.222,40.397,49.111,50.664,60.533,50.608,40.468
2972,2972,24.567,28.555,36.057,40.929,50.326,50.197,47.144,48.327,43.121,2972,2972,33.519,28.84,36.938,41.977,50.708,51.444,49.187,47.379,39.689,2972,2972,13.998,21.581,29.579,44.274,51.806,54.354,62.011,50.428,41.079
2973,2973,27.446,33.504,31.024,48.791,53.984,52.455,48.582,48.473,41.235,2973,2973,35.711,39.434,36.724,46.892,50.964,52.064,49.85,49.506,39.684,2973,2973,17.23,26.565,34.614,43.343,55.543,53.405,63.965,52.352,40.856
2974,2974,16.39,25.133,34.146,47.004,52.72,49.974,47.398,48.156,44.084,2974,2974,36.158,30.931,31.855,43.518,49.971,46.524,48.508,47.763,40.304,2974,2974,19.77,22.465,35.551,41.865,56.739,52.245,61.677,51.429,41.251
2975,2975,18.82,20.801,31.822,43.795,51.261,49.684,46.423,46.728,40.768,2975,2975,28.967,28.946,33.482,46.017,47.823,47.67,47.251,47.831,39.466,2975,2975,9.9502,18.436,26.208,40.749,47.302,50.031,58.894,48.183,40.009
2976,2976,24.984,22.241,31.782,45.268,58.257,59.319,53.831,55.931,44.341,2976,2976,24.524,27.362,31.77,46.325,57.042,59.505,57.734,58.517,42.631,2976,2976,13.879,9.2734,30.453,40.878,51.655,57.971,73.819,62.16,42.954
2977,2977,21.11,30.261,31.335,43.514,66.211,66.498,59.565,60.774,45.492,2977,2977,32.562,35.279,33.291,44.929,66.596,68.631,63.933,62.472,44.907,2977,2977,16.085,16.032,32.902,39.958,62.052,68.485,79.711,68.27,46.44
2978,2978,28.376,26.165,30.909,37.766,64.219,65.245,62.112,65.618,51.358,2978,2978,37.906,30.229,34.363,43.053,66.576,70.089,65.653,65.097,50.839,2978,2978,18.803,23.598,30.816,39.129,60.055,68.657,82.142,69.691,48.153
2979,2979,20.291,27.307,31.437,39.008,56.729,61.939,60.515,65.64,51.835,2979,2979,36.568,31.427,31.544,41.021,64.053,70.822,61.743,65.835,52.077,2979,2979,18.759,24.272,32.47,43.358,53.916,63.948,77.32,66.072,46.436
2980,2980,22.812,23.221,32.732,44.535,70.324,73.37,85.272,94.057,77.832,2980,2980,27.917,21.98,27.525,43.037,65.064,72.889,84.134,93.976,78.175,2980,2980,11.17,17.248,32.36,47.583,69.88,80.938,98.224,91.209,70.361
2981,2981,17.395,21.792,35.378,42.525,65.21,69.271,80.84,86.702,70.845,2981,2981,28.109,25.265,36.623,42.819,68.521,74.39,79.507,84.579,68.796,2981,2981,8.4431,22.112,31.537,50.409,66.734,76.611,94.4,83.104,64.607
2982,2982,20.151,26.78,31.033,40.512,55.218,60.711,68.042,67.434,54.099,2982,2982,26.68,22.269,35.963,40.002,63.466,70.598,67.586,65.42,52.41,2982,2982,19.428,20.994,34.911,45.821,59.053,67.815,82.31,69.936,50.26
2983,2983,23.766,27.231,32.119,39.232,51.585,50.416,53.768,55.044,46.827,2983,2983,32.194,30.141,33.285,41.408,52.181,56.998,50.519,57.398,49.227,2983,2983,14.818,25.121,33.689,41.081,50.033,54.014,66.504,56.054,42.634
2984,2984,21.865,26.004,34.875,45.142,46.582,41.846,52.56,58.715,44.759,2984,2984,30.481,25.501,37.448,42.495,45.062,48.034,52.822,60.018,48.493,2984,2984,16.284,23.056,33.067,39.201,47.369,51.185,62.573,56.524,41.525
2985,2985,25.251,28.014,33.353,39.646,46.43,46.611,47.227,49.752,43.955,2985,2985,29.758,26.625,35.518,41.273,47.677,53.117,49.157,50.632,42.032,2985,2985,10.536,23.556,29.423,39.378,47.814,51.292,62.191,51.253,40.137
2986,2986,26.392,25.068,31.366,41.282,48.859,47.85,50.982,48.106,41.577,2986,2986,30.903,27.445,31.937,38.677,46.821,52.215,53.359,51.903,40.512,2986,2986,14.122,17.207,32.635,40.352,47.378,53.621,62.436,48.348,39.806
2987,2987,29.117,23.916,30.313,41.559,50.025,49.429,46.216,46.892,43.581,2987,2987,33.321,26.713,31.108,39.642,47.346,50.01,47.616,48.666,39.202,2987,2987,12.712,17.661,32.461,37.765,45.74,49.268,60.019,49.464,39.879
2988,2988,24.235,23.31,31.453,38.894,49.874,47.562,49.045,46.841,40.133,2988,2988,29.066,20.834,33.816,42.15,49.152,53.939,49.175,48.13,38.783,2988,2988,8.1395,22.321,28.778,41.554,49.848,53.985,63.19,48.716,40.192
2989,2989,22.746,21.271,24.177,41.462,55.316,53.572,50.23,51.326,43.531,2989,2989,29.064,21.557,26.438,42.37,54.55,58.856,49.9,51.809,40.361,2989,2989,12.271,17.958,35.494,41.077,54.053,54.798,65.02,53.467,40.788
2990,2990,17.061,20.325,34.367,42.411,53.182,51.28,51.663,49.573,41.528,2990,2990,24.132,27.312,30.46,40.901,52.878,55.695,49.797,50.947,39.911,2990,2990,4.5134,16.23,30.832,42.341,52.631,57.761,65.889,52.121,40.361
2991,2991,25.06,22.689,32.929,41.679,52.652,50.563,50.554,48.554,44.531,2991,2991,29.366,26.067,31.546,44.67,52.21,57.409,51.826,50.008,40.881,2991,2991,5.3109,22.475,33.024,42.266,52.443,58.604,66.443,54.207,41.511
2992,2992,27.224,23.425,31.462,40.76,52.402,50.801,55.804,56.304,43.073,2992,2992,29.852,28.604,31.409,42.077,54.025,57.328,56.357,56.755,41.084,2992,2992,6.4845,22.657,29.672,42.724,55.69,60.826,71.657,60.787,42.338
2993,2993,26.319,20.804,27.395,43.333,56.842,56.852,57.818,60.345,46.3,2993,2993,28.029,29.6,32.768,40.847,58.161,64.391,62.078,61.645,44.479,2993,2993,9.8715,23.676,32.767,46.833,63.113,67.045,77.604,65.171,44.576
2994,2994,24.236,22.439,32.947,42.173,54.354,52.863,55.838,57.065,45.338,2994,2994,25.693,24.697,30.637,41.219,59.891,59.27,58.946,58.163,44.365,2994,2994,0.66761,23.569,31.669,47.676,64.6,62.911,73.646,62.138,43.407
2995,2995,24.979,21.542,33.487,39.344,62.783,61.315,65.254,69.701,56.122,2995,2995,28.03,25.124,32.191,39.827,66.719,65.658,67.374,70.599,55.675,2995,2995,-1.4038,21.253,31.789,44.626,64.336,66.244,81.28,70.075,50.413
2996,2996,28.255,28.983,36.603,45.334,76.718,75.755,79.215,89.202,72.967,2996,2996,32.394,29.785,33.194,42.615,73.45,73.51,79.278,86.79,73.178,2996,2996,7.8607,20.516,31.093,44.861,67.39,75.259,91.141,85.886,65.655
2997,2997,26.652,24.084,36.929,42.968,72.024,70.785,81.444,86.039,70.077,2997,2997,30.151,26.695,30.381,39.083,60.183,62.306,77.59,85.092,69.667,2997,2997,10.993,23.221,36.172,43.457,64.615,73.554,93.128,85.269,64.133
2998,2998,26.694,21.75,34.569,39.677,62.25,62.826,61.462,67.278,51.74,2998,2998,31.062,22.36,32.389,39.534,54.895,59.904,60.017,64.069,49.03,2998,2998,13.953,20.428,31.87,40.504,55.976,58.733,74.326,67.767,46.073
2999,2999,27.485,20.602,33.056,43.283,61.451,61.364,57.44,56.605,47.857,2999,2999,31.254,26.883,33.901,39.613,52.836,57.596,55.135,57.645,45.585,2999,2999,14.364,20.632,31.952,40.843,53.053,59.97,70.709,58.571,42.838
3000,3000,20.64,20.707,32.856,42.193,61.601,61.871,59.703,60.086,45.748,3000,3000,25.412,25.483,35.284,40.092,52.583,56.217,58.281,63.216,45.979,3000,3000,9.5648,17.364,30.735,41.85,54.546,60.792,72.658,62.159,43.422
3001,3001,22.146,20.838,32.622,43.429,57.084,57.242,58.841,56.92,46.808,3001,3001,27.241,20.163,29.69,38.91,50.056,52.115,57.111,58.258,43.555,3001,3001,7.9014,21.561,31.982,42.624,52.475,59.754,70.993,58.044,41.81
3002,3002,13.539,29.559,33.981,38.321,52.466,52.807,55.298,55.835,45.463,3002,3002,20.738,32.106,28.5,43.02,49.648,53.708,55.331,53.833,42.048,3002,3002,1.0488,20.703,32.153,42.371,53.236,57.091,69.101,55.822,41.238
3003,3003,22.344,25.202,29.95,41.016,54.571,55.003,59.735,60.425,50.257,3003,3003,25.966,32.728,33.711,40.709,50.732,53.976,54.744,57.199,45.715,3003,3003,8.5762,20.087,29.935,44.242,54.991,59.7,71.198,60.1,43.68
3004,3004,26.83,28.328,30.715,40.319,53.064,53.646,57.047,58.302,50.948,3004,3004,32.485,27.82,32.063,40.967,47.618,50.532,53.737,58.613,47.202,3004,3004,10.525,25.923,30.05,40.038,50.919,57.033,69.276,59.472,44.849
3005,3005,22.969,26.627,34.409,40.981,54.854,53.773,56.601,56.263,46.905,3005,3005,28.471,29.101,34.024,39.094,49.863,53.211,55.207,58.827,46.282,3005,3005,6.3363,20.32,29.642,40.77,52.067,57.274,69.839,57.688,41.937
3006,3006,26.682,23.854,32.045,39.519,56.688,57.891,56.765,57.655,45.213,3006,3006,30.355,24.723,30.666,37.012,54.108,56.894,55.49,55.679,42.409,3006,3006,10.244,20.802,28.047,42.9,57.565,59.473,71.377,60.551,42.795
3007,3007,21.528,25.641,33.961,43.121,55.353,57.646,60.336,56.969,47.717,3007,3007,28.339,31.195,29.035,37.27,55.285,60.293,57.486,57.233,44.595,3007,3007,7.1139,12.855,29.85,43.678,54.517,58.717,73.569,58.708,43.44
3008,3008,18.405,27.427,33.359,39.473,55.277,56.693,69.153,58.921,49.665,3008,3008,30.832,37.422,33.111,40.561,52.554,60.107,65.749,57.113,45.142,3008,3008,12.83,19.15,27.989,41.689,55.374,61.951,78.435,62.133,45.463
3009,3009,21.301,29.414,28.91,42.841,62.859,65.654,70.817,63.718,55.44,3009,3009,35.67,41.663,33.59,41.344,68.042,72.711,67.265,62.245,50.835,3009,3009,19.608,24.139,32.287,45.59,64.04,71.241,83.4,66.699,48.829
3010,3010,28.93,28.968,31.608,46.625,64.841,66.667,73.27,65.372,56.936,3010,3010,30.154,35.225,35.847,43.373,63.174,67.894,70.815,64.811,52.678,3010,3010,18.234,22.23,28.864,45.814,62.399,74.162,86.526,69.236,50.766
3011,3011,31.058,29.352,31.487,47.987,64.704,65.628,72.857,68.109,58.755,3011,3011,34.409,33.279,30.583,42.77,64.655,70.801,72.391,69.388,55.785,3011,3011,13.366,23.393,31.336,42.942,65.637,76.109,86.589,71.059,52.147
3012,3012,28.752,30.242,32.017,47.397,66.503,67.476,74.087,72.722,60.487,3012,3012,37.097,38.607,33.486,45.283,65.039,71.864,72.848,71.684,58.588,3012,3012,20.839,25.103,32.138,48.955,66.752,77.964,90.003,75.18,55.394
3013,3013,31.671,29.421,30.331,47.541,65.168,67.234,74.903,73.669,62.304,3013,3013,34.228,29.842,29.045,42.664,63.956,69.701,77.078,74.933,61.822,3013,3013,20.093,17.707,31.858,47.259,62.953,76.6,91.637,77.889,57.275
3014,3014,23.341,29.412,34.999,48.787,68.601,68.786,75.703,77.719,63.365,3014,3014,31.441,29.357,32.076,42.942,65.012,67.286,74.875,75.846,62.452,3014,3014,13.285,12.348,27.357,46.624,66.069,75.472,91.698,78.399,58.025
3015,3015,20.72,26.146,32.793,46.702,65.279,66.443,77.344,78.129,62.389,3015,3015,35.594,33.39,34.165,44.699,66.91,72.065,80.984,78.682,61.358,3015,3015,19.715,22.069,30.665,45.294,64.898,77.188,98.267,85.083,63.076
3016,3016,27.591,31.297,33.25,48.505,63.019,62.817,74.312,72.849,59.657,3016,3016,34.796,34.457,38.121,44.013,63.487,68.429,74.428,73.77,58.695,3016,3016,17.329,20.56,30.957,42.955,61.995,73.489,90.978,78.131,56.687
3017,3017,27.288,25.206,36.775,49.34,67.642,68.895,79.284,77.025,61.448,3017,3017,29.674,34.651,35.386,46.165,66.815,71.168,83.111,78.721,62.866,3017,3017,13.34,25.375,31.419,45.426,63.89,80.628,100.34,86.133,64.512
3018,3018,23.359,27.127,37.792,49.687,65.23,69.548,86.533,87.796,73.38,3018,3018,35.628,33.341,29.577,46.824,65.447,71.733,88.631,87.861,72.452,3018,3018,19.787,27.741,29.111,47.623,63.914,82.064,104.73,91.366,70.544
3019,3019,23.475,29.049,37.841,54.258,76.332,78.645,94.798,96.865,81.879,3019,3019,30.227,32.007,30.757,50.327,78.137,80.196,93.1,100.37,86.371,3019,3019,24.472,32.864,46.526,53.399,69.196,91.119,112.63,98.712,78.311
3020,3020,28.296,27.945,37.17,55.539,73.604,85.685,104.22,103.88,87.845,3020,3020,28.71,38.251,37.172,51.908,75.441,84.173,103.58,106.42,88.884,3020,3020,39.19,46.045,57.235,63.64,74.114,97.452,118.28,107.46,85.131
3021,3021,33.072,36.031,42.73,54.953,75.352,86.416,106.66,106.01,90.262,3021,3021,34.22,46.212,43.564,49.11,73.392,84.686,106.61,107.04,90.269,3021,3021,52.137,54.098,59.531,61.308,76.103,98.395,120.42,108.37,86.909
3022,3022,39.897,44.723,46.014,56.14,73.135,86.162,105.96,107.61,91.387,3022,3022,41.983,47.709,46.7,50.405,70.779,83.405,106.6,109.99,91.586,3022,3022,53.853,64.806,66.752,66.083,75.273,98.318,120,109.4,86.851
3023,3023,37.637,49.916,48.786,54.65,72.122,84.899,105.51,107.31,89.921,3023,3023,37.462,47.508,46.813,50.038,71.053,82.436,106.5,110.54,91.524,3023,3023,56.408,59.95,66.609,61.708,75.489,96.347,118.71,108.86,86.214
3024,3024,41.654,48.765,43.002,49.456,75.311,83.222,100.61,99.298,84.897,3024,3024,44.51,46.91,38.025,47.767,72.347,80.949,101.91,98.43,81.696,3024,3024,59.87,57.243,58.16,54.164,73.157,94.727,115.3,99.648,81.295
3025,3025,39.008,41.484,33.777,45.988,71.051,76.308,93.055,89.079,72.175,3025,3025,48.788,37.013,27.198,45.905,71.029,77.02,91.258,88.559,72.596,3025,3025,60.947,54.843,42.141,50.236,69.684,86.926,105.04,90.699,68.832
3026,3026,33.447,34.856,31.056,48.956,67.749,73.169,85.896,84.48,68.693,3026,3026,42.059,29.871,28.096,46.007,71.61,77.91,86.499,83.395,68.942,3026,3026,52.36,44.929,36.621,48.025,69.847,85.252,101.47,85.916,64.91
3027,3027,16.293,25.456,31.65,43.987,69.04,72.003,80.748,77.233,61.848,3027,3027,38.314,26.724,34.748,46.817,68.285,73.704,81.399,80.085,62.605,3027,3027,43.731,36.026,33.579,49.983,66.355,81.651,96.498,81.611,59.51
3028,3028,30.568,27.53,32.508,45.433,66.244,68.02,76.525,74.352,58.577,3028,3028,27.134,31.545,32.949,51.752,65.708,71.216,76.064,75.384,57.675,3028,3028,38.112,26.415,32.517,54.416,67.157,76.865,89.702,77.72,55.774
3029,3029,32.24,24.689,36.337,47.366,66.122,67.79,79.366,74.66,60.562,3029,3029,24.827,31.509,35.101,50.389,64.564,68.584,77.666,77.238,60.868,3029,3029,33.257,20.552,34.091,52.799,68.168,77.066,91.687,79.456,58.189
3030,3030,27.174,28.637,31.992,46.393,65.151,68.167,83.072,79.082,65.809,3030,3030,29.358,25.889,30.979,44.546,62.509,68.664,81.291,79.767,63.747,3030,3030,27.982,19.847,33.398,50.736,65.374,76.469,94.576,81.376,60.483
3031,3031,21.735,24.763,38.963,53.414,70.064,79.472,93.103,92.277,74.08,3031,3031,25.968,23.525,37.909,48.706,63.614,72.23,92.617,93.702,75.959,3031,3031,25.244,17.601,40.267,58.667,71.565,89.342,106.11,93.674,71.669
3032,3032,30.392,29.916,38.766,53.713,73.412,80.568,95.535,92.494,74.936,3032,3032,26.818,37.494,37.683,45.741,63.97,74.001,93.014,94.026,75.039,3032,3032,22.269,36.572,43.19,58.98,73.265,90.231,109.97,95.875,74.034
3033,3033,31.51,23.898,40.466,49.644,72.106,79.946,94.255,93.098,75.11,3033,3033,28.634,29.45,36.595,49.726,68.65,75.115,94.143,94.879,76.248,3033,3033,27.029,34.673,44.921,55.181,71.606,90.451,108.73,96.372,73.932
3034,3034,33.507,29.786,37.064,46.509,70.193,74.435,91.334,91.481,73.203,3034,3034,29.889,32.215,39.59,52.189,68.125,72.279,91.717,92.182,73.382,3034,3034,32.724,30.23,37.278,54.576,69.43,87.568,106.34,94.851,72.496
3035,3035,33.323,26.287,35.758,49.217,66.031,73.957,87.573,87.714,70.263,3035,3035,31.292,27.489,32.415,49.053,67.613,72.86,86.963,87.186,70.399,3035,3035,30.126,35.148,40.177,52.689,67.147,87.282,100.79,90.438,67.386
3036,3036,33.438,29.688,33.307,47.871,63.222,63.039,74.859,79.605,62.038,3036,3036,29.74,27.051,31.708,49.337,64.45,67.214,77.067,79.837,62.918,3036,3036,29.703,21.321,33.05,52.387,67.523,74.119,91.227,81.44,58.676
3037,3037,28.597,31.775,33.083,44.162,64.345,62.693,72.112,79.147,65.62,3037,3037,26.31,27.847,30.498,45.859,62.814,67.553,74.727,79.125,65.176,3037,3037,23.492,18.756,34.048,54.992,68.136,71.825,87.762,78.112,58.378
3038,3038,25.241,24.928,29.945,50.227,64.668,66.447,79.454,87.185,71.923,3038,3038,30.457,29.7,31.395,47.339,62.355,68.254,75.814,85.513,71.502,3038,3038,17.552,21.052,31.488,57.134,68.341,75.318,92.737,84.036,63.963
3039,3039,25.123,22.634,37.455,52.636,68.833,70.199,84.177,90.79,72.667,3039,3039,20.946,24.796,32.632,48.022,63.757,66.93,83.079,88.85,70.377,3039,3039,9.9318,20.857,36.414,56.255,67.716,78.578,96,88.794,66.647
3040,3040,19.314,17.012,30.642,51.228,71.168,72.113,77.741,85.553,66.87,3040,3040,27.158,26.208,31.52,45.688,65.611,68.752,76.717,83.218,66.039,3040,3040,14.056,21.778,25.183,51.008,64.755,75.146,89.653,81.314,59.7
3041,3041,17.203,29.583,32.023,50.18,68.41,69.635,73.935,72.872,56.425,3041,3041,28.481,30.482,32.005,45.278,63.371,67.47,71.304,71.426,54.977,3041,3041,11.302,25.098,28.145,49.546,65.623,74.775,87.971,74.985,52.914
3042,3042,23.546,25.957,36.374,47.743,66.886,67.05,71.091,69.104,52.513,3042,3042,27.695,30.38,33.244,45.19,66.626,69.81,68.097,66.883,49.875,3042,3042,7.179,26.327,34.765,49.613,65.304,71.526,84.3,71.68,49.923
3043,3043,20.159,23.489,33.826,42.135,64.217,66.355,68.838,62.789,48.527,3043,3043,23.425,25.883,30.863,42.564,60.925,60.872,66.012,62.391,46.524,3043,3043,3.8795,22.998,32.516,47.887,64.291,70.739,81.145,66.054,46.701
3044,3044,24.517,24.473,26.566,44.862,63.9,64.044,63.864,60.087,46.47,3044,3044,28.176,27.063,32.945,44.541,62.003,63.848,62.348,60.893,45.034,3044,3044,8.098,21.333,35.31,45.34,64.324,65.434,75.2,61.368,43.854
3045,3045,28.661,29.703,27.874,42.738,58.515,61.513,64.621,60.251,45.722,3045,3045,29.993,28.573,28.734,43.234,61.021,62.343,61.855,61.433,44.532,3045,3045,8.4928,21.436,29.903,45.54,60.943,66.177,74.74,62.75,43.666
3046,3046,29.248,18.33,31.203,41.946,57.349,60.105,63.027,59.504,46.096,3046,3046,31.609,22.601,32.333,45.713,55.959,58.403,60.633,59.549,44.101,3046,3046,11.911,13.07,31.495,43.522,58.913,65.705,74.848,61.459,42.995
3047,3047,21.323,27.84,26.996,41.425,70.404,70.61,68.275,64.555,48.39,3047,3047,24.602,29.307,30.335,44.11,60.213,62.137,65.041,66.028,47.437,3047,3047,8.1509,15.577,28.321,43.562,59.471,69.496,81.102,68.373,46.942
3048,3048,20.284,26.795,31.469,41.948,69.539,69.65,75.047,75.546,59.64,3048,3048,24.128,26.3,29.938,42.068,58.967,60.951,75.194,77.304,60.364,3048,3048,6.7529,17.994,29.89,47.792,63.568,71.39,87.935,79.033,55.641
3049,3049,18.664,28.338,34.352,41.485,55.946,57.519,65.007,71.102,54.201,3049,3049,21.5,22.706,29.516,37.636,56.032,62.361,67.947,71.14,54.463,3049,3049,5.1162,22.9,32.845,37.706,54.574,64.558,81.176,74.079,50.311
3050,3050,16.645,26.563,28.592,39.593,54.389,58.108,64.159,68.647,54.955,3050,3050,17.288,28.63,30.963,35.294,56.476,62.284,65.399,68.435,53.834,3050,3050,-1.4207,18.521,30.519,41.152,58.546,67.977,79.55,68.857,48.756
3051,3051,26.086,29.789,32.816,38.222,54.529,55.504,56.454,59.559,46.899,3051,3051,30.155,31.579,32.898,37.766,56.876,61.911,58.654,59.421,45.745,3051,3051,6.3686,17.583,31.463,40.209,56.74,62.664,73.672,62.847,43.17
3052,3052,26.818,27.788,27.586,38.766,56.731,57.201,50.977,48.685,44.107,3052,3052,28.93,27.968,28.898,39.608,52.131,57.072,51.022,48.322,40.604,3052,3052,10.029,20.619,31.266,36.99,50.919,59.581,63.396,52.658,40.037
3053,3053,22.029,18.716,34.702,40.179,55.419,55.098,50.719,47.423,40.787,3053,3053,29.532,29.407,33.469,38.48,47.199,53.4,51.009,48.746,39.799,3053,3053,9.9453,28.76,32.33,38.364,51.184,55.959,66.58,50.81,40.269
3054,3054,30.486,28.755,34.518,40.543,52.828,51.35,47.39,50.101,43.79,3054,3054,36.466,36.575,35.977,38.975,45.286,46.307,49.447,51.649,39.956,3054,3054,20.921,19.429,31.737,37.172,48.489,51.287,62.111,52.075,39.305
3055,3055,32.508,28.57,31.67,37.023,51.249,49.743,48.83,49.41,41.068,3055,3055,42.166,32.544,31.705,41.273,51.01,51.336,49.639,50.389,40.157,3055,3055,26.725,23.695,32.766,41.214,53.752,53.973,61.143,51.64,39.901
3056,3056,24.51,28.915,29.178,40.737,51.555,53.224,50.3,49.689,43.772,3056,3056,37.718,32.542,31.207,37.158,53.095,56.129,49.619,50.098,40.558,3056,3056,21.073,22.15,32.577,44.012,55.071,56.282,63.184,53.365,40.06
3057,3057,30.254,28.791,31.621,42.857,56.326,56.614,50.912,50.569,42.099,3057,3057,42.102,39.879,32.762,41.298,54.934,58.54,50.189,51.474,40.734,3057,3057,27.154,25.045,29.301,43.099,57.295,56.681,63.615,55.27,40.779
3058,3058,29.644,34.29,35.186,47.813,62.794,62.646,57.597,52.528,45.192,3058,3058,37.797,33.706,35.925,43.483,58.406,62.285,54.104,53.45,42.552,3058,3058,22.306,23.573,33.021,45.384,57.698,60.7,66.794,56.62,41.645
3059,3059,34.711,35.599,36.507,49.913,68.506,68.124,60.524,53.214,43.589,3059,3059,42.9,35.337,30,42.194,63.815,68.913,56.346,55.248,42.772,3059,3059,26.815,23.071,32.255,49.16,60.84,63.855,70.057,57.655,41.445
3060,3060,35.88,29.165,37.941,54.923,67.572,68.632,60.107,54.168,44.983,3060,3060,37.179,25.449,29.839,49.092,60.174,67.472,56.71,53.337,43.027,3060,3060,23.267,18.5,27.085,47.68,57.999,66.456,71.556,57.452,42.285
3061,3061,27.921,32.462,35.004,53.782,65.737,67.017,62.511,52.958,44.277,3061,3061,35.135,31.179,28.091,46.143,63.976,67.827,57.366,53.102,42.773,3061,3061,19.303,21.795,30.067,49.146,62.396,67.376,70.063,58.145,42.955
3062,3062,36.559,32.067,39.059,56.528,70.7,71.542,62.391,53.294,45.401,3062,3062,41.741,41.607,29.824,48.156,66.529,71.733,58.858,53.613,42.454,3062,3062,27.557,28.291,34.203,48.61,63.671,68.264,71.798,58.119,42.948
3063,3063,37.533,32.568,37.798,50.749,66.76,67.911,61.367,51.477,43.39,3063,3063,44.345,36.227,33.309,52.485,66.268,69.815,58.371,52.737,42.088,3063,3063,29.649,20.422,31.772,55.759,66.723,68.286,72.186,58.641,42.393
3064,3064,29.391,21.458,33.821,49.276,67.974,69.984,59.223,49.746,42.886,3064,3064,36.853,31.429,32.298,51.75,64.708,67.314,56.435,50.691,40.111,3064,3064,23.345,22.266,29.86,52.56,65.909,65.907,69.039,56.987,41.185
3065,3065,25.572,30.509,25.682,53.081,68.853,68.417,58.732,51.726,43.317,3065,3065,32.005,34.396,33.091,50.558,62.484,65.819,55.518,51.475,40.392,3065,3065,17.538,23.3,31.693,54.035,65.769,65.834,68.54,57.668,41.312
3066,3066,29.592,31.298,31.084,50.397,64.774,63.885,53.129,49.532,40.562,3066,3066,34.704,41.209,37.873,46.302,57.74,60.568,53.247,51.463,39.925,3066,3066,20.646,27.311,32.281,50.727,62.319,61.357,67.119,57.446,40.598
3067,3067,28.905,28.415,34.17,46.846,61.358,57.312,50.131,49.814,43.663,3067,3067,38.008,34.69,30.944,47.072,57.806,61.341,53.235,51.277,39.846,3067,3067,22.316,21.314,33.236,48.678,63.435,57.045,67.121,56.169,40.711
3068,3068,24.7,21.468,27.532,44.767,57.517,54.703,49.221,49.66,40.777,3068,3068,35.775,28.674,35.452,42.377,57.331,60.627,51.648,50.203,38.936,3068,3068,21.381,9.4499,30.687,44.241,57.039,56.71,64.111,54.782,39.955
3069,3069,29.065,17.764,31.384,45.296,56.865,52.32,50.198,49.341,44.191,3069,3069,27.537,27.165,31.91,45.625,54.688,58.658,51.492,49.13,40.512,3069,3069,13.336,13.045,30.714,46.576,58.464,57.766,64.188,54.572,40.63
3070,3070,25.409,26.55,28.81,41.856,54.026,52.911,47.294,47.888,41.631,3070,3070,28.256,36.164,35.103,45.396,53.631,56.713,49.943,48.816,40.173,3070,3070,14.909,23.811,29.485,47.257,57.062,55.594,64.106,54.619,39.998
3071,3071,30.609,28.319,29.611,39.828,55.005,53.584,49.129,48.317,44.507,3071,3071,39.013,33.976,33.457,43.208,57.745,55.653,50.764,48.87,40.497,3071,3071,23.987,21.602,32.656,49.427,64.293,54.801,64.943,54.896,40.72
3072,3072,26.516,28.549,34.96,43.961,55.898,49.149,46.752,48.427,40.783,3072,3072,37.184,29.121,33.061,43.003,58.016,50.569,49.098,49.913,39.331,3072,3072,22.127,19.956,25.302,49.833,66.243,54.991,61.06,52.852,39.525
3073,3073,36.87,35.77,31.92,42.615,53.314,50.748,53.345,47.918,43.46,3073,3073,36.405,35.672,30.894,40.042,55.081,53.031,51.138,48.917,39.563,3073,3073,24.474,24.573,33.883,44.257,59.42,60.672,65.315,54.865,39.834
3074,3074,33.781,26.021,33.563,40.15,53.664,50.587,46.531,48.15,40.22,3074,3074,30.992,29.259,34.665,41.847,50.192,52.744,48.492,49.199,39.198,3074,3074,20.726,19.462,29.704,42.654,56.362,52.788,62.4,53.525,39.722
3075,3075,31.555,23.345,34.106,37.762,51.797,48.502,45.73,47.615,43.647,3075,3075,32.587,37.936,30.456,40.178,49.612,52.849,49.133,48.386,39.878,3075,3075,19.982,25.962,29.844,39.878,52.592,51.338,62.464,54.052,39.807
3076,3076,30.671,24.121,34.002,38.968,54.282,53.174,47.118,46.557,41.804,3076,3076,39.677,37.253,34.663,39.977,47.525,48.069,49.074,47.328,38.951,3076,3076,25.425,26.981,27.408,42.049,53.987,51.769,63.621,53.16,40.051
3077,3077,23.321,24.295,34.628,43.158,51.743,50.086,45.356,47.008,44.16,3077,3077,41.064,32.042,32.364,40.783,47.445,49.657,48.827,47.575,39.571,3077,3077,25.585,21.121,32.314,40.083,49.759,51.866,60.917,51.716,40.428
3078,3078,25.741,25.793,34.565,43.47,53.492,50.49,46.436,47.487,42.236,3078,3078,35.977,26.099,32.468,39.179,48.597,52.088,49.692,48.511,39.108,3078,3078,22.088,17.971,36.451,42.044,49.879,51.984,62.624,52.609,40.39
3079,3079,24.764,24.673,30.009,52.971,53.781,52.241,46.06,47.148,44.194,3079,3079,29.79,29.811,28.457,43.212,49.689,52.502,48.056,46.81,39.046,3079,3079,18.702,23.253,33.783,50.183,53.019,50.613,62.038,52.901,40.183
3080,3080,22.174,15.875,33.524,55.713,54.438,52.287,45.872,46.388,40.523,3080,3080,18.999,30.462,33.189,47.475,49.092,51.48,48.607,47.261,38.923,3080,3080,5.3301,21.53,33.462,52.988,54.408,52.024,61.41,52.312,39.493
3081,3081,20.96,23.442,31.611,49.57,51.653,50.539,46.215,46.37,43.867,3081,3081,27.423,28.477,31.374,42.037,49.085,52.627,47.802,47.701,39.934,3081,3081,13.681,19.377,29.297,42.949,50.58,50.976,62.247,53.184,39.985
3082,3082,20.908,27.934,32.155,46.824,53.148,52.93,45.13,46.687,41.29,3082,3082,24.455,25.152,32.435,41.443,49.473,51.417,47.443,48.993,39.085,3082,3082,8.6369,16.325,25.921,42.142,48.743,51.445,60.996,53.86,39.511
3083,3083,27.771,27.416,30.112,41.3,53.309,50.95,46.751,47.667,43.452,3083,3083,31.93,25.514,28.099,36.953,48.822,49.942,49.445,49.952,39.664,3083,3083,9.7909,19.551,30.903,38.562,48.378,51.115,62.364,51.403,39.864
3084,3084,22.811,21.319,32.857,43.425,54.293,50.697,45.43,48.379,41.235,3084,3084,31.073,23.998,33.694,39.151,50.611,52.151,48.454,48.262,39.482,3084,3084,10.821,15.487,29.836,43.327,53.762,52.611,63.297,52.743,39.994
3085,3085,18.831,21.413,34.349,41.657,56.457,55.343,47.017,47.945,43.486,3085,3085,29.876,29.852,30.181,41.759,51.227,53.728,50.977,49.715,39.317,3085,3085,11.615,18.705,29.988,43.067,54.243,52.964,66.147,57.597,40.386
3086,3086,20.21,21.356,31.022,36.533,54.822,54.044,46.553,47.896,40.342,3086,3086,27.359,19.546,28.146,36.238,48.914,50.466,49.561,49.071,38.548,3086,3086,7.1288,14.042,31.74,41.031,49.359,51.551,60.84,53.225,39.912
3087,3087,17.247,28.315,32.638,38.479,52.376,51.841,46.457,48.188,43.814,3087,3087,25.672,29.865,32.024,42.097,49.124,52.025,48.166,48.751,39.221,3087,3087,8.7471,16.94,33.319,39.71,49.997,52.121,61.231,51.791,39.44
3088,3088,17.149,20.241,32.558,42.233,53.566,52.973,45.301,46.362,41.587,3088,3088,21.694,16.952,31.357,42.281,50.635,49.778,49.106,46.904,39.064,3088,3088,-2.6648,22.364,32.128,43.274,52.233,52.029,61.806,51.764,39.416
3089,3089,12.877,22.122,29.465,42.665,51.829,47.711,45.134,47.716,43.392,3089,3089,18.778,24.449,32.413,40.944,47.998,50.182,48.338,47.081,39.184,3089,3089,1.9269,16.269,29.015,45.375,50.23,50.374,63.119,52.93,39.898
3090,3090,19.76,21.371,29.221,43.598,51.923,48.475,45.534,46.747,40.372,3090,3090,31.551,28.238,28.298,40.606,47.204,50.132,49.163,46.592,38.842,3090,3090,14.466,17.271,32.461,39.718,48.489,48.185,62.29,53.955,39.583
3091,3091,21.393,22.508,32.425,41.464,53.126,50.83,46.095,47.321,43.561,3091,3091,35.997,28.907,32.462,42.769,46.249,47.938,49.991,48.917,38.777,3091,3091,21.108,22.795,34.802,38.806,47.703,49.133,61.829,54.374,40.117
3092,3092,22.471,23.999,32.153,39.051,52.301,52.882,45.891,46.829,40.431,3092,3092,33.464,24.478,32.715,40.998,48.42,50.682,48.596,48.427,38.228,3092,3092,16.043,21.277,32.838,38.018,49.737,50.821,60.437,52.546,39.244
3093,3093,27.659,34.774,31.876,41.817,50.36,47.428,45.277,47.507,42.619,3093,3093,34.628,35.041,32.167,46.7,50.587,54.626,48.868,47.556,39.05,3093,3093,18.874,22.154,28.807,37.504,47.374,49.241,61.5,53.074,39.234
3094,3094,33.947,29.326,30.024,39.345,49.207,48.063,44.819,46.034,39.837,3094,3094,32.073,28.546,26.356,40.867,47.663,49.656,49.17,47.433,38.335,3094,3094,20.934,17.666,26.007,39.573,44.432,48.041,62,52.307,39.501
3095,3095,33.286,32.702,31.649,37.679,49.135,48.803,45.586,46.638,43.557,3095,3095,27.992,29.692,31.115,40.716,48.309,50.627,46.916,47.394,38.869,3095,3095,18.384,20.432,30.134,38.042,45.607,48.648,62.527,51.777,39.687
3096,3096,28.867,36.657,29.013,33.951,49.338,47.236,44.409,47.255,40.051,3096,3096,37.692,31.029,30.164,38.614,47.204,48.734,48.529,48.061,38.244,3096,3096,22.713,16.291,29.306,36.973,48.091,49.115,59.164,50.617,39.354
3097,3097,26.497,26.29,32.829,35.507,49.676,48.893,44.415,46.675,42.992,3097,3097,33.697,28.63,31.509,39.332,47.073,51.169,47.358,47.084,38.832,3097,3097,20.949,14.14,32.535,37.854,44.901,49.25,58.984,49.142,39.472
3098,3098,33.07,33.64,31.876,39.004,48.306,44.614,44.455,46.073,39.955,3098,3098,29.994,33.079,29.856,40.351,48.53,51.847,47.687,46.979,38.316,3098,3098,18.865,23.825,29.033,37.125,46.305,50.601,59.712,49.754,39.286
3099,3099,27.779,29.268,32.007,41.203,52.985,51.504,47.137,48.296,43.636,3099,3099,35.641,29.285,34.752,40.706,49.272,48.045,47.305,47.442,38.78,3099,3099,22.004,22.577,34.668,38.544,51.768,52.62,62.078,51.982,40.002
3100,3100,33.981,35.014,28.813,38.042,53.108,50.046,48.266,48.899,41.186,3100,3100,36.315,43.063,35.094,39.309,48.459,50.096,49.759,49.215,38.478,3100,3100,21.656,29.159,33.457,42.256,50.891,52.463,64.556,53.707,40.357
3101,3101,37.185,26.017,31.253,41.992,51.404,49.338,48.478,48.654,43.336,3101,3101,43.93,35.012,34.848,38.024,50.072,53.72,48.948,48.539,39.717,3101,3101,29.577,18.782,31.666,41.695,51.135,53.741,62.36,52.329,39.616
3102,3102,33.306,23.899,25.371,41.756,52.76,50.564,47.262,49.031,40.571,3102,3102,42.601,28.292,32.385,42.876,48.414,50.4,49.428,49.619,38.875,3102,3102,28.001,10.759,30.852,43.757,54.166,50.823,62.814,53.246,39.958
3103,3103,26.242,16.189,27.481,39.774,57.703,57.797,52.893,48.29,43.265,3103,3103,38.417,28.232,33.017,41.007,53.275,58.295,49.71,50.254,39.951,3103,3103,23.753,14.581,31.895,39.196,53.05,57.027,62.861,52.23,39.791
3104,3104,26.174,25.417,34.235,38.39,55.426,55.436,50.207,49.062,40.564,3104,3104,34.809,31.623,28.502,35.831,50.504,56.146,49.249,49.071,38.748,3104,3104,19.092,16.184,29.82,40.17,52.706,57.426,61.842,52.787,39.992
3105,3105,26.334,24.02,30.918,39.122,61.018,59.448,53.011,48.021,43.164,3105,3105,23.755,28.581,33.205,40.148,54.294,60.535,52.289,48.253,38.876,3105,3105,13.53,22.349,32.175,43.645,55.697,57.013,65.162,53.366,40.102
3106,3106,15.242,23.533,34.339,43.573,60.12,60.889,55.423,47.857,40.829,3106,3106,31.399,35.275,35.71,42.722,50.998,55.134,51.584,47.806,39.346,3106,3106,15.494,19.368,31.34,40.682,52.877,60.162,64.345,50.746,39.891
3107,3107,26.915,21.118,31.633,42.817,66.156,66.298,59.599,50.416,41.88,3107,3107,36.828,34.745,33.552,45.538,58.143,63.464,56.148,51.686,40.466,3107,3107,22.096,25.238,37.323,44.883,58.62,62.903,69.55,53.978,40.598
3108,3108,29.619,23.076,30.889,46.988,63.367,66.998,72.051,66.611,51.134,3108,3108,39.837,23.692,32.834,46.129,61.459,65.399,62.841,67.377,51.235,3108,3108,24.98,22.208,35.295,49.389,60.009,70.179,90.376,76.151,53.838
3109,3109,27.392,21.771,33.032,56.251,67.831,69.295,70.248,65.539,47.24,3109,3109,37.225,18.843,34.438,47.65,65.596,71.66,62.546,64.305,49.553,3109,3109,23.45,20.236,31.324,44.259,60.698,72.24,84.836,72.474,49.241
3110,3110,16.888,25.509,33.327,55.224,69.764,68.598,66.128,62.93,50.051,3110,3110,31.784,27.146,32.875,49.406,62.03,65.108,62.366,65.088,50.717,3110,3110,14.089,23.897,29.521,51.514,60.472,67.952,74.253,65.29,45.402
3111,3111,22.901,34.548,33.435,50.121,67.86,66.537,64.096,62.858,48.996,3111,3111,36.935,45.608,34.647,49.183,60.558,65.764,62.633,67.034,51.181,3111,3111,21.785,29.792,27.996,53.109,62.496,65.64,72.38,64.658,45.078
3112,3112,29.694,27.312,36.653,50.382,68.667,67.884,63.298,64.755,50.778,3112,3112,42.768,38.67,32.97,47.334,64.347,69.24,62.008,69.902,52.042,3112,3112,27.5,25.208,34.733,48.373,60.935,66.181,73.466,65.953,46.684
3113,3113,22.823,25.57,34.794,42.998,63.188,62.248,62.849,65.991,53.945,3113,3113,34.933,31.887,34.696,47.155,61.147,64.232,61.203,67.185,53.528,3113,3113,19.328,22.302,33.516,43.824,61.2,64.844,72.759,64.666,47.637
3114,3114,16.406,25.35,36.176,44.684,66.058,65.504,65.768,68.305,55.674,3114,3114,31.931,30.433,35.156,44.926,62.518,65.241,64.616,70.387,55.376,3114,3114,15.723,22.023,33.249,46.765,62.556,66.153,76.67,68.116,49.358
3115,3115,33.204,30.579,35.241,41.5,69.748,69.373,69.687,76.308,60.368,3115,3115,42.936,33.7,33.4,45.183,62.115,64.523,67.597,75.778,60.647,3115,3115,27.931,24.279,30.281,48.615,63.034,67.886,82.257,75.116,54.522
3116,3116,37.645,28.907,31.931,46.438,69.118,69.235,69.112,71.855,56.112,3116,3116,46.405,36.905,40.373,44.869,62.595,66.123,69.46,74.22,56.732,3116,3116,31.63,21.421,29.598,46.596,62.366,69.932,83.006,74.253,52.263
3117,3117,32.538,32.414,33.796,45.398,67.444,67.248,70.187,71.742,54.564,3117,3117,42.479,41.079,36.777,42.233,61.842,64.865,71.237,73.237,53.836,3117,3117,28.009,26.11,33.975,47.138,65.209,70.551,83.429,73.164,51.287
3118,3118,32.945,29.497,32.851,42.056,65.959,66.855,73.989,73.604,54.787,3118,3118,41.28,37.956,34.086,42.033,62.596,65.972,74.837,76.297,54.226,3118,3118,27.536,21.236,33.871,45.615,63.093,71.589,86.359,75.998,52.968
3119,3119,27.312,36.055,34.807,42.985,64.446,66.604,75.108,72.232,54.212,3119,3119,33.777,42.602,29.899,43.617,60.625,65.81,75.62,73.978,54.384,3119,3119,20.336,28.706,35.82,45.127,60.999,73.105,88.904,76.927,53.947
3120,3120,27.156,28.931,31.968,47.116,66.479,69.713,83.523,80.879,61.988,3120,3120,36.92,33.273,31.498,49.706,61.563,68.822,82.603,80.985,60.148,3120,3120,22.712,23.983,35.396,47.037,63.104,80.186,96.556,83.234,61.136
3121,3121,29.055,23.682,35.819,51.432,69.39,78.168,94.778,90.914,72.956,3121,3121,31.69,26.424,36.272,50.122,64.315,73.247,93.996,93.985,76.43,3121,3121,17.343,26.28,33.954,55.43,71.762,88.473,107.13,94.608,72.498
3122,3122,32.607,36.83,41.013,53.235,71.165,77.948,92.933,89.018,71.835,3122,3122,28.292,35.587,38.073,46.591,63.841,73.44,94.09,94.116,73.458,3122,3122,19.701,38.712,44.525,54.292,71.224,89.518,107.61,94.903,72.38
3123,3123,36.264,32.878,38.48,49.839,71.965,78.976,93.937,90.991,73.563,3123,3123,34.736,34.138,37.611,44.546,64.774,73.709,94.092,93.313,74.554,3123,3123,31.527,36.401,49.654,57.187,70.716,90.137,109.17,96.291,73.964
3124,3124,36.984,31.337,38.652,55.521,70.057,77.485,95.019,89.88,72.809,3124,3124,36.212,30.05,38.201,44.897,63.565,73.897,96.096,94.447,75.661,3124,3124,30.709,37.431,45.302,57.416,70.648,90.599,109.31,96.633,74.123
3125,3125,35.307,27.881,33.878,44.502,64.293,73.225,91.011,87.09,69.042,3125,3125,32.034,30.868,33.985,46.223,63.721,72.739,89.117,88.018,70.105,3125,3125,34.4,36.45,38.773,47.853,62.187,86.832,105.99,92.933,70.484
3126,3126,26.047,25.048,31.11,44.178,61.188,72.641,87.74,87.868,66.655,3126,3126,23.146,27.45,31.109,43.646,65.309,72.849,88.526,86.34,68.066,3126,3126,34.202,35.907,39.426,47.13,61.602,84.983,102.6,91.121,67.719
3127,3127,21.548,22.303,32.121,45.13,57.398,61.628,75.841,73.689,58.01,3127,3127,16.57,23.289,35.885,44.384,58.13,65.939,76.202,73.945,59.291,3127,3127,30.414,30.513,35.95,44.812,58.164,77.331,91.809,78.852,56.953
3128,3128,31.514,30.674,33.509,42.295,58.951,61.573,72.747,72.743,55.516,3128,3128,35.048,37.872,36.587,43.225,57.22,64.136,75.357,72.947,56.046,3128,3128,24.622,27.697,35.095,44.141,60.244,74.397,92.162,77.054,55.22
3129,3129,34.163,32.502,32.61,42.643,60.709,62.421,71.949,64.923,53.936,3129,3129,42.334,38.882,33.157,43.668,60.776,66.697,70.599,65.414,51.035,3129,3129,25.363,25.244,30.629,42.957,58.409,71.092,86.481,71.721,51.018
3130,3130,29.772,30.065,34.425,45.055,65.791,66.627,75.646,67.588,58.386,3130,3130,36.483,38.411,35.916,44.106,62.179,67.061,72.97,65.632,53.704,3130,3130,19.85,25.499,29.539,46.327,63.15,73.706,87.419,71.765,52.649
3131,3131,29.6,30.389,33.167,46.759,67.882,70,75.288,70.908,59.642,3131,3131,45.511,40.314,30.166,41.719,64.487,69.708,73.302,70.53,58.117,3131,3131,29.541,28.014,33.111,48.614,65.955,74.838,86.101,71.912,53.107
3132,3132,23.013,32.963,31.383,46.951,64.177,68.765,75.533,75.936,62.611,3132,3132,43.131,36.946,33.455,44.298,68.175,70.444,75.678,75.783,59.548,3132,3132,27.416,22.481,26.385,50.302,65.75,77.323,89.11,80.644,57.672
3133,3133,27.254,30.76,35.419,51.851,69.847,71.645,74.938,75.147,59.865,3133,3133,40.913,38.549,28.964,43.357,64.316,67.926,74.099,75.26,58.037,3133,3133,24.548,24.316,27.975,50.4,65.939,76.852,86.74,77.549,55.1
3134,3134,30.044,34.357,32.447,49.197,71.888,72.179,76.52,79.328,61.294,3134,3134,37.549,33.247,39.184,46.671,69.916,77.038,76.211,80.947,60.19,3134,3134,23.127,19.482,32.609,49.755,64.577,75.359,89.364,81.202,57.81
3135,3135,28.246,36.162,38.196,46.966,68.167,70.541,77.032,79.525,61.521,3135,3135,29.435,34.265,34.944,46.016,71.622,76.11,77.858,80.521,61.641,3135,3135,10.349,19.828,36.091,46.123,63.742,74.264,91.104,81.064,58.609
3136,3136,15.715,32.4,37.398,48.987,67.726,71.373,87.624,95.024,79.963,3136,3136,41.568,39.466,34.347,42.137,69.926,76.221,88.892,98.102,82.571,3136,3136,24.898,22.902,29.432,49.53,67.572,83.366,101.15,96.409,74.594
3137,3137,25.217,29.408,38.225,49.605,71.069,77.976,101.27,105.15,91.798,3137,3137,39.379,39.301,36.561,45.807,69.581,78.742,101.46,106.47,91.167,3137,3137,27.579,37.283,46.332,54.184,70.925,91.959,115.22,106.47,84.925
3138,3138,41.988,46.47,43.961,55.41,74.011,84.286,104.78,109.4,94.901,3138,3138,43.806,48.074,46.41,55.071,68.457,82.322,106.5,113.07,94.549,3138,3138,47.071,43.24,60.399,62.484,75.049,95.508,117.66,110.72,87.967
3139,3139,53.559,44.182,46.431,53.827,74.604,84.464,105.14,110.08,95.673,3139,3139,51.677,52.426,47.478,54.34,72.739,82.926,106.25,112.79,94.622,3139,3139,57.806,53.991,59.274,60.84,74.597,96.353,118.62,110.55,88.262
3140,3140,55.794,38.484,43.883,53.411,73.959,83.684,103.8,108.83,93.811,3140,3140,55.412,50.712,51.359,54.572,71.565,81.549,105.82,112.09,93.246,3140,3140,60.015,55.699,63.302,60.857,73.819,94.535,117.09,108.63,86.418
3141,3141,54.357,46.108,42.997,45.667,69.113,76.792,96.921,96.266,80.073,3141,3141,55.126,50.849,38.211,47.093,71.082,76.901,95.111,95.053,78.276,3141,3141,59.634,51.159,51.448,50.373,69.611,86.829,107.72,96.544,73.56
3142,3142,46.408,39.662,31.701,42.456,71.66,75.621,90.516,89.451,73.766,3142,3142,48.702,36.783,29.738,49.332,72.54,76.205,88.214,88.778,74.611,3142,3142,51.748,47.511,33.517,49.686,68.741,84.213,101.4,89.191,67.836
3143,3143,34.029,32.093,31.627,43.281,68.707,71.535,82.326,80.699,63.12,3143,3143,37.745,32.025,30.572,41.454,70.938,75.763,82.4,80.312,63.914,3143,3143,41.99,38.058,32.185,43.543,66.994,80.061,93.901,81.504,59.111
3144,3144,34.155,19.368,33.426,43.021,64.341,66.941,76.608,71.146,53.698,3144,3144,37.072,27.974,34.248,43.281,62.146,68.104,74.281,73.025,54.166,3144,3144,33.372,27.964,33.822,41.646,58.621,75.634,87.446,74.042,51.821
3145,3145,28.178,25.657,32.294,43.161,63.944,65.721,70.167,64.955,50.076,3145,3145,33.809,29.656,25.994,41.245,59.681,65.12,67.847,68.801,50.523,3145,3145,32.929,21.795,32.977,42.629,59.615,74.725,83.413,68.476,47.13
3146,3146,33.719,30.197,36.367,43.444,70.349,69.736,65.051,61.182,48.921,3146,3146,39.333,36.735,34.212,40.719,58.335,67.26,64.021,62.905,47.778,3146,3146,29.917,21.818,29.929,41.748,57.772,65.948,78.747,61.173,44.313
3147,3147,35.08,29.805,26.646,40.146,60.608,62.322,62.649,56.775,45.312,3147,3147,35.092,31.288,29.501,43.006,56.104,59.956,59.52,57.803,44.687,3147,3147,23.395,21.935,34.634,43.636,56.677,65.276,76.256,60.597,43.384
3148,3148,24.63,21.285,30.495,41.527,57.582,59.34,55.973,54.797,45.767,3148,3148,28.974,33.091,31.075,38.73,53.375,59.001,56.603,57.864,44.393,3148,3148,19.068,19.102,31.195,41.074,53.178,60.938,69.948,56.25,41.556
3149,3149,23.079,28.731,32.131,41.08,55.693,54.522,52.818,55.585,45.108,3149,3149,24.718,37.615,30.899,40.507,51.328,53.767,54.01,57.774,44.749,3149,3149,15.443,24.784,37.417,42.583,53.204,60.586,69.282,57.473,41.573
3150,3150,30.952,28.183,26.253,41.253,55.117,56.614,51.071,54.619,43.395,3150,3150,29.918,27.972,28.678,39.64,50.618,55.924,50.609,56.846,43.033,3150,3150,14.548,19.296,33.132,38.589,48.808,55.271,63.48,53.441,40.496
3151,3151,25.636,23.046,28.53,40.596,53.018,52.522,52.482,55.224,44.626,3151,3151,31.694,31.448,32.978,38.425,49.376,53.112,53.191,56.898,43.027,3151,3151,15.012,23.878,34.344,43.217,52.116,54.06,67.137,53.492,40.811
3152,3152,20.002,21.919,32.556,38.9,56.987,59.648,55.494,49.285,41.274,3152,3152,30.701,22.121,32.287,40.789,54.284,60.577,52.223,50.173,39.298,3152,3152,13.845,12.518,34.797,40.989,52.711,63.454,65.565,50.734,39.53
3153,3153,18.333,21.84,27.71,38.183,52.339,53.56,49.747,47.342,43.31,3153,3153,29.597,32.076,30.174,39.939,49.548,53.811,49.619,47.883,39.313,3153,3153,10.605,19.07,31.328,41.02,50.15,55.404,64.638,51.028,40.119
3154,3154,21.849,31.69,32.082,35.919,52.216,54.642,53.104,48.029,40.524,3154,3154,31.282,32.348,29.88,39.057,52.587,56.034,51.258,48.074,39.135,3154,3154,14.971,25.792,30.748,40.392,51.833,57.208,66.593,52.249,39.795
3155,3155,23.749,31.338,33.538,43.617,54.348,56.553,52.967,48.131,44.034,3155,3155,21.836,32.69,34.49,37.975,53.926,58.75,51.6,46.841,39.517,3155,3155,3.1976,22.404,34.621,40.625,54.531,56.999,66.594,52.436,39.958
3156,3156,22.143,19.492,29.869,41.404,57.122,57.118,50.861,46.747,41.301,3156,3156,26.365,27.145,34.525,40.163,51.699,56.188,49.481,47.228,39.16,3156,3156,8.0805,18.393,30.039,41.288,53.466,55.311,64.528,49.914,39.744
3157,3157,17.22,22.579,29.934,38.143,57.633,59.104,54.754,49.099,43.556,3157,3157,17.144,24.611,31.65,41.853,52.032,57.462,52.668,49.244,40.302,3157,3157,2.0385,17.63,30.828,38.676,52.708,56.69,67.523,52.614,40.43
3158,3158,22.234,21.017,33.191,41.564,57.974,57.267,51.105,48.459,41.012,3158,3158,21.369,30.846,35.555,39.004,47.806,52.98,50.579,48.973,39.406,3158,3158,3.5882,20.133,30.265,38.345,49.256,53.893,63.895,51.892,39.977
3159,3159,17.216,20.317,34.807,40.631,56.703,56.046,55.595,48.918,43.555,3159,3159,22.159,26.244,23.832,40.317,48.587,51.36,53.691,49.028,39.066,3159,3159,6.8039,23.144,31.739,40.563,50.738,54.812,68.181,53.79,39.983
3160,3160,14.703,21.098,31.013,41.087,51.118,51.479,54.66,48.588,41.256,3160,3160,23.735,24.196,32.378,34.816,47.544,52.988,52.146,49.198,39.339,3160,3160,11.455,24.631,30.265,36.449,48.857,55.275,68.951,54.187,40.546
3161,3161,23.013,26.578,29.818,40.424,49.333,49.081,52.984,51.161,43.664,3161,3161,28.068,26.701,32.737,40.51,45.976,48.868,53.13,49.962,40.502,3161,3161,2.4448,16.34,31.713,38.639,47.671,53.862,65.147,53.256,39.962
3162,3162,24.307,23.411,30.452,39.439,53.035,55.087,55.588,51.303,41.976,3162,3162,28.886,27.653,30.748,39.722,45.227,47.621,55.445,49.447,39.544,3162,3162,7.5644,17.711,30.359,37.019,47.316,56.298,68.768,54.103,40.775
3163,3163,23.037,26.222,27.005,38.577,56.421,56.529,57.537,52.613,44.419,3163,3163,18.572,29.362,33.772,38.945,49.868,55.405,55.099,53.15,41.465,3163,3163,5.0486,22.381,30.68,40.913,55.695,59.302,70.209,56.248,41.237
3164,3164,28.238,30.967,24.726,36.5,55.222,58.097,66.787,57.751,46.6,3164,3164,33.018,35.449,32.403,39.086,55.444,60.138,65.33,55.354,43.443,3164,3164,17.338,25.457,32.485,42.732,55.712,62.322,78.43,63.045,44.321
3165,3165,27.265,25.188,27.276,46.026,63.448,63.862,69.795,65.169,59.145,3165,3165,34.545,20.944,25.792,41.181,58.329,64.412,68.786,63.964,52.839,3165,3165,20.068,20.372,32.358,46.774,61.419,70.753,84.56,69.349,52.161
3166,3166,26.145,21.856,31.66,44.418,66.164,67.555,74.818,68.085,59.662,3166,3166,27.484,30.304,30.664,40.415,59.468,61.776,71.002,66.495,55.456,3166,3166,13.928,16.286,33.933,45.091,61.784,74.126,88.264,73.788,54.337
3167,3167,20.695,26.258,29.157,46.852,66.461,69.941,75.164,73.01,62.334,3167,3167,31.091,31.348,28.584,44.209,66.52,70.431,72.396,72.682,59.537,3167,3167,16.656,18.877,25.702,50.309,66.025,77.784,87.967,75.389,56.154
3168,3168,29.246,29.482,32.463,47.848,68.443,70.362,74.947,76.476,63.192,3168,3168,29.722,25.973,33.592,42.108,65.964,67.886,76.268,76.621,59.411,3168,3168,15.336,15.011,30.428,48.149,66.394,77.639,91.371,79.893,58.264
3169,3169,35.061,28.286,31.826,53.824,71.735,72.306,72.846,73.568,60.402,3169,3169,34.2,28.001,32.868,42.878,66.147,70.388,70.854,72.868,55.689,3169,3169,21.893,13.562,29.11,46.58,66.541,75.172,85.768,75.289,54.911
3170,3170,29.469,27.163,33.545,50.354,66.534,66.22,74.574,78.753,61.476,3170,3170,30.727,28.511,37.251,48.899,70.38,72.671,76.538,78.325,60.443,3170,3170,19.424,15.975,33.26,46.447,66.195,75.078,91.553,81.567,58.488
3171,3171,32.63,32.774,35.932,49.697,67.898,67.098,77.684,80.778,62.872,3171,3171,34,32.181,34.127,44.212,67.487,71.683,81.818,81.367,62.652,3171,3171,20.093,24.964,31.857,49.846,66.156,76.805,96.982,85.268,62.513
3172,3172,37.892,32.841,37.387,51.289,70.593,73.082,87.669,93.16,79.323,3172,3172,41.699,29.617,36.675,45.502,67.4,75.033,89.83,96.622,81.469,3172,3172,28.047,27.454,36.112,47.645,66.753,83.952,105.57,95.523,74.553
3173,3173,33.923,36.563,40.822,55.573,70.863,76.751,100.31,102.79,88.569,3173,3173,36.056,39.768,39.403,47.372,72.116,79.631,99.512,103.96,89.793,3173,3173,30.619,39.82,46.715,56.123,71.447,91.74,114.71,104.95,83.061
3174,3174,40.142,31.597,44.452,56.471,74.223,85.111,105.11,107.35,92.506,3174,3174,35.962,41.196,42.806,52.898,71.09,81.289,106.05,112.41,93.332,3174,3174,47.541,55.025,61.502,62.262,75.26,97.199,118.66,109.45,87.493
3175,3175,44.179,36.549,46.628,55.343,72.89,85.565,105.25,107.63,93.122,3175,3175,50.421,51.457,44.213,52.103,69.281,82.981,106.17,111.71,93.655,3175,3175,56.696,49.784,64.191,62.044,74.176,96.841,118.11,109.72,87.683
3176,3176,46.328,37.21,49.707,56.081,72.209,84.522,105.27,106.99,92.893,3176,3176,54.683,46.771,43.338,51.306,70.222,82.543,106.63,111.77,93.159,3176,3176,58.064,48.683,63.364,62.28,74.589,96.572,118.64,109.78,87.462
3177,3177,46.959,41.622,45.33,46.523,69.869,84.247,99.877,99.726,86.89,3177,3177,54.764,50.167,39.018,47.091,71.308,81.845,100.73,98.302,82.969,3177,3177,57.361,53.691,56.657,55.785,72.171,94.288,111.76,98.98,79.624
3178,3178,42.46,38.209,34.039,47.546,69.847,76.23,92.639,88.933,73.319,3178,3178,51.935,44.505,33.348,45.486,67.837,74.954,92.206,89.251,74.022,3178,3178,53.327,49.699,39.096,49.626,70.073,84.99,104.94,91.166,69.672
3179,3179,27.966,38.654,34.44,48.964,67.788,72.934,83.419,83.964,68.754,3179,3179,44.802,35.816,33.52,47.692,68.464,72.435,84.617,83.471,67.999,3179,3179,44.705,37.46,31.333,47.411,68.613,82.057,100.07,85.974,64.324
3180,3180,40.89,32.832,37.497,51.483,66.266,71.312,78.915,77.642,61.825,3180,3180,42.778,36.108,33.382,51.039,63.839,69.746,78.176,79.961,61.438,3180,3180,40.731,28.921,32.837,47.692,64.469,78.655,93.147,80.327,57.96
3181,3181,36.864,41.616,34.019,56.884,66.233,68.324,71.537,64.735,51.791,3181,3181,29.397,42.699,32.713,48.208,68.799,74.396,67.636,68.91,52.467,3181,3181,33.828,30.772,32.029,51.335,62.401,74.002,84.963,70.415,49.608
3182,3182,35.435,34.763,29.794,59.549,69.536,69.065,69.435,62.937,50.384,3182,3182,34.421,35.185,36.176,49.96,68.81,74.548,65.305,64.736,50.421,3182,3182,26.419,21.785,26.52,50.633,62.745,76.624,82.475,66.994,46.903
3183,3183,25.029,31.897,37.153,59.817,67.414,68.238,67.663,62.001,49.929,3183,3183,35.707,33.398,36.143,49.982,64.689,70.64,64.237,63.707,49.93,3183,3183,28.962,19.185,30.781,51.508,63.313,70.838,76.574,63.944,45.585
3184,3184,27.068,31.541,31.808,53.563,67.49,66.936,67.181,60.708,48.765,3184,3184,32.392,37.132,32.219,46.756,62.976,69.845,63.393,63.23,49.345,3184,3184,21.565,20.591,34.598,49.744,61.085,69.01,77.036,63.096,45.261
3185,3185,37.322,30.549,31.813,58.197,63.675,64.3,65.15,59.288,48.213,3185,3185,42.771,37.277,33.451,48.678,62.621,69.578,61.997,63.485,47.627,3185,3185,30.307,21.298,34.014,51.252,59.162,67.757,74.714,63.404,44.615
3186,3186,37.794,36.487,34.884,44.698,60.561,60.309,61.12,58.632,46.213,3186,3186,40.02,39.455,33.007,43.095,58.933,60.54,58.897,62.232,47.485,3186,3186,27.467,25.987,36.326,40.2,59.993,61.968,72.67,63.988,43.581
3187,3187,33.655,29.827,33.822,44.375,66.477,66.607,63.96,61.84,47.577,3187,3187,42.527,35.061,35.146,42.405,57.77,62.083,62.994,65.891,48.051,3187,3187,28.524,26.025,30.596,45.967,61.007,64.349,74.859,65.062,44.321
3188,3188,33.816,24.506,34.721,45.725,63.919,62.924,65.679,63.404,47.25,3188,3188,37.55,33.213,28.875,48.364,60.766,65.317,63.44,68.52,49.177,3188,3188,25.023,25.644,32.545,46.49,60.788,65.661,77.941,68.044,45.721
3189,3189,33.449,27.624,37.24,46.434,67.395,65.962,67.184,67.413,49.842,3189,3189,24.663,30.191,35.983,42.701,57.037,57.866,67.143,71.108,51.382,3189,3189,17.501,22.184,31.585,47.558,61.476,65.02,78.815,70.167,47.263
3190,3190,34.433,33.544,28.259,45.678,67.973,67.694,71.131,72.245,52.611,3190,3190,30.983,36.612,29.979,43.684,60.786,64.771,69.145,75.566,54.969,3190,3190,20.876,22.397,32.046,44.894,61.853,68.753,83.05,72.159,50.403
3191,3191,29.874,24.056,31.777,48.698,66.86,66.619,70.935,71.005,52.502,3191,3191,31.346,29.9,30.839,46.292,62.048,66.091,69.795,73.476,52.765,3191,3191,17.574,18.335,32.944,46.509,64.766,68.368,83.894,72.867,51.011
3192,3192,19.271,25.892,30.624,49.218,64.868,65.638,73.641,72.996,53.833,3192,3192,29.592,28.884,30.635,42.994,61.151,66.573,71.655,76.062,54.555,3192,3192,14.702,20.885,30.165,46.645,64.348,68.763,85.303,74.661,51.867
3193,3193,23.959,29.985,27.684,42.566,60.201,62.851,79.156,76.877,58.436,3193,3193,27.516,31.858,32.893,41.902,59.265,62.921,77.291,76.199,57.083,3193,3193,16.77,17.902,27.672,46.136,62.821,68.982,92.952,81.779,59.029
3194,3194,22.088,30.326,31.389,43.911,64.317,65.944,81.414,77.291,59.769,3194,3194,29.604,25.636,32.972,42.111,61.792,65.564,79.548,78.134,60.23,3194,3194,15.352,19.367,27.159,48.688,66.707,72.194,93.832,81.021,58.994
3195,3195,22.063,24.115,38.159,54.25,74.418,79.166,92.965,91.842,71.91,3195,3195,28.507,26.77,31.813,49.285,64.723,73.869,92.036,92.969,75.422,3195,3195,17.371,23.156,36.926,58.2,75.842,89.075,106.75,93.714,71.545
3196,3196,29.642,32.315,40.688,52.619,74.179,80.433,93.962,90.809,74.444,3196,3196,22.387,31.912,36.991,48.659,64.514,74.277,93.357,93.708,75.389,3196,3196,27.69,35.9,39.393,58.846,75.585,90.165,108.77,95.15,73.223
3197,3197,33.627,38.971,37.604,54.396,72.991,80.39,94.016,91.092,74.156,3197,3197,38.382,33.731,35.935,44.764,67.722,76.101,94.013,93.855,75.176,3197,3197,35.063,35.363,41.338,58.646,75.208,90.932,109.27,96.063,73.535
3198,3198,35.333,34.14,37.668,48.665,69.151,75.68,92.415,89.337,71.975,3198,3198,38.353,28.537,35.234,46.003,66.644,73.8,91.335,92.059,72.104,3198,3198,33.228,41.089,42.091,52.123,68.492,87.752,107.83,95.291,72.857
3199,3199,29.821,31.161,34.248,45.378,64.641,73.349,87.691,87.568,70.04,3199,3199,30.973,32.772,32.671,46.889,61.608,71.184,89.47,87.302,70.395,3199,3199,31.439,32.2,37.443,50.762,64.366,87.18,104.3,92.78,70.063
3200,3200,28.688,30.97,33.403,43.955,65.917,66.123,75.896,77.091,61.785,3200,3200,32.222,26.187,32.17,47.358,63.859,68.49,77.899,76.989,59.98,3200,3200,32.598,25.822,36.522,51.3,65.22,76.884,92.51,81.515,58.671
3201,3201,23.3,24.649,33.569,44.811,68.136,69.302,74.646,70.293,60.108,3201,3201,23.26,27.948,30.957,42.203,59.212,62.883,72.599,70.658,56.143,3201,3201,26.533,19.13,29.92,47.798,62.747,73.253,88.383,75.327,54.923
3202,3202,22.47,27.248,31.095,45.912,66.786,69.925,75.328,73.193,62.687,3202,3202,30.348,25.636,31.031,41.481,66.097,69.568,72.807,72.222,58.435,3202,3202,22.12,21.767,30.009,48.479,65.841,74.85,87.442,75.586,56.501
3203,3203,26.201,28.197,32.42,46.155,69.06,70.006,74.557,73.098,62.309,3203,3203,30.528,30.213,31.73,42.841,69.894,71.34,73.675,73.093,58.676,3203,3203,19.032,17.742,29.496,48.24,69.047,76.141,89.936,77.934,57.201
3204,3204,33.708,34.682,32.551,50.249,68.257,69.237,73.603,71.281,59.415,3204,3204,25.931,32.095,31.439,43.554,67.203,69.04,72.761,71.611,56.341,3204,3204,12.697,22.786,32.759,49.967,65.544,75.678,88.564,75.665,54.738
3205,3205,38.463,37.046,34.219,53.282,70.723,70.789,75.803,76.379,61.956,3205,3205,36.638,34.457,29.022,42.823,68.006,71.052,78.517,76.37,59.377,3205,3205,23.758,21.744,31.996,46.984,67.89,76.132,94.071,80.922,58.936
3206,3206,37.442,35.034,32.32,49.721,64.51,66.11,75.074,73.968,58.694,3206,3206,40.877,36.827,39.086,44.529,65.352,70.985,76.819,74.451,58.384,3206,3206,26.754,24.164,33.496,47.762,64.047,74.621,92.019,78.016,56.791
3207,3207,36.463,31.591,35.015,49.962,71.339,71.838,84.07,87.653,72.709,3207,3207,40.094,29.159,33.796,48.255,64.639,71.857,86.752,86.687,71.879,3207,3207,25.703,24.021,33.3,50.205,66.117,79.921,101.77,90.014,68.882
3208,3208,26.989,31.392,34.356,50.049,71.149,74.543,94.479,97.789,84.28,3208,3208,30.578,36.072,33.536,51.013,72.128,78.17,95.416,100.98,87.85,3208,3208,19.092,32.816,42.97,51.309,69.724,89.767,111.04,99.534,78.754
3209,3209,23.788,37.33,40.625,53.931,70.448,84.27,104.2,107.45,91.022,3209,3209,25.416,27.757,37.344,48.457,72.55,81.755,105.91,110.64,91.773,3209,3209,27.752,47.892,55.696,61.432,73.619,96.02,118.63,108.94,86.353
3210,3210,30.982,46.552,45.866,55.916,74.543,86.447,106.27,106.79,91.131,3210,3210,41.054,48.238,47.059,51.091,72.979,83.763,106.4,108.91,91.217,3210,3210,52.416,56.21,66.571,65.802,75.246,98.44,120.68,108.57,87.218
3211,3211,42.588,47.943,44.64,58.455,74.733,87.476,106.07,107.85,91.1,3211,3211,47.994,49.984,48.396,52.275,71.075,83.417,107.03,110.27,91.892,3211,3211,58.94,54.699,65.784,63.397,75.579,98.518,120.15,109.35,87.438
3212,3212,43.335,45.335,45.038,58.021,72.715,85.638,104.32,107.25,89.925,3212,3212,49.021,47.695,46.864,50.651,70.167,80.899,105.9,110.82,91.197,3212,3212,61.43,63.734,64.214,61.025,74.068,95.831,118.22,108.3,85.977
3213,3213,44.7,44.229,44.179,58.854,71.985,81.342,96.198,96.737,79.963,3213,3213,49.995,46.126,33.253,47.127,70.027,79.853,98.197,95.722,78.77,3213,3213,58.234,56.18,51.311,51.151,70.365,91.002,107.85,95.91,73.517
3214,3214,42.633,36.138,38.86,47.882,69.684,76.44,91.286,87.394,71.175,3214,3214,47.491,42.08,32.895,48.943,69.234,74.935,90.062,86.693,71.681,3214,3214,52.55,49.735,37.868,52.362,68.705,85.106,102.29,88.395,66.708
3215,3215,29.269,27.235,30.667,48.267,72.296,74.1,83.207,82.195,65.824,3215,3215,34.931,32.759,31.453,50.816,68.69,75.148,84.63,81.613,65.671,3215,3215,39.396,40.243,32.598,51.372,69.683,84.156,99.372,84.246,62.76
3216,3216,27.213,29.247,35.147,48.758,67.825,70.784,78.944,76.603,61.221,3216,3216,28.734,31.602,33.834,48.335,64.309,69.066,78.48,78.893,60.05,3216,3216,32.351,29.709,32.404,52.702,65.024,80.946,94.63,79.437,57.717
3217,3217,34.427,32.315,35.743,44.804,64.754,64.828,69.422,68.748,55.38,3217,3217,35.418,24.103,34.303,48.12,60.383,65.827,68.508,70.924,55.499,3217,3217,28.983,20.081,37.449,50.152,65.036,72.619,83.225,70.688,50.512
3218,3218,37.165,32.016,34.689,44.378,62.241,62.897,68.367,71.842,55.982,3218,3218,38.005,32.341,31.537,44.271,59.015,64.463,66.782,70.537,55.079,3218,3218,21.835,16.655,33.336,45.05,60.784,74.792,82.842,71.554,50.032
3219,3219,35.429,28.595,36.337,41.041,59.812,60.529,60.534,66.311,55.808,3219,3219,32.242,26.97,31.9,41.052,52.785,59.892,60.905,66.115,55.181,3219,3219,18.331,18.774,32.933,40.99,55.161,65.468,74.567,63.338,48.685
3220,3220,28.615,30.912,32.811,42.289,56.629,59.419,60.588,65.875,56.119,3220,3220,35.531,33.329,30.799,39.107,52.563,57.502,59.505,65.868,55.641,3220,3220,16.685,19.492,29.489,43.425,55.004,65.065,72.424,64.231,51.055
3221,3221,26.947,29.938,34.189,38.676,58.048,60.455,58.81,59.933,50.582,3221,3221,30.553,29.408,31.559,41.029,52.894,59.878,57.127,61.667,50.044,3221,3221,14.902,20.92,28.048,42.788,54.131,63.288,69.344,60.857,46.732
3222,3222,26.362,28.81,31.626,41.73,58.354,59.845,54.104,54.372,46.4,3222,3222,28.659,32.099,32.842,40.968,53.949,60.469,53.571,56.048,45.52,3222,3222,7.3965,21.859,31.205,42.691,53.588,62.639,69.109,57.898,42.292
3223,3223,33.849,28.214,33.751,42.919,50.854,50.935,49.485,53.525,44.538,3223,3223,32.883,32.965,31.695,40.808,48.65,55.327,51.355,54.432,43.601,3223,3223,19.313,23.054,30.576,39.588,49.874,58.652,64.837,54.353,41.05
3224,3224,30.548,28.548,32.283,38.527,52.252,52.342,49.211,54.938,45.051,3224,3224,36.275,27.546,29.86,38.019,52.197,57.711,50.413,56.296,42.995,3224,3224,22.786,18.286,28.52,38.782,49.958,54.116,63.827,53.999,40.757
3225,3225,29.558,30.037,32.699,40.43,51.622,51.697,53.278,52.372,42.647,3225,3225,35.7,28.765,31.984,38.166,46.178,49.203,50.696,53.375,40.696,3225,3225,18.546,18.748,30.925,38.247,48.763,55.341,66.334,53.329,40.347
3226,3226,30.065,26.127,32.06,39.377,52.072,52.884,50.281,49.143,43.737,3226,3226,31.301,31.269,32.685,41.124,48.445,55.233,49.815,49.988,39.985,3226,3226,9.0835,15.549,25.992,37.088,49.471,59.14,63.202,50.834,39.341
3227,3227,33.057,29.279,33.557,37.397,49.984,49.169,47.529,48.725,39.971,3227,3227,37.155,33.749,30.998,37.346,49.644,53.064,47.648,48.497,38.559,3227,3227,16.633,19.182,27.517,37.03,50.672,50.427,59.77,51.882,39.299
3228,3228,32.255,23.45,34.29,36.707,51.127,48.146,48.885,48.24,43.435,3228,3228,35.864,31.893,31.735,38.078,46.469,49.333,47.478,49.095,39.228,3228,3228,17.184,15.896,32.868,36.278,45.915,52.625,61.969,52.029,39.531
3229,3229,28.476,29.611,33.045,39.891,50.834,47.149,48.791,47.026,40.335,3229,3229,25.898,31.565,32.172,38.397,48.48,53.057,47.254,47.439,38.774,3229,3229,11.564,20.712,30.903,39.32,54.623,51.589,62.603,52.52,38.973
3230,3230,34.26,34.087,32.167,35.992,53.301,52.154,47.853,47.037,43.31,3230,3230,35.081,36.448,27.715,37.303,47.26,49.472,48.169,47.754,39.456,3230,3230,14.887,25.191,32.522,38.851,52.954,50.89,61.095,51.283,38.944
3231,3231,37.875,30.704,34.486,37.714,50.835,50.505,47.241,48.127,40.8,3231,3231,31.89,31.029,34.735,40.349,47.301,48.8,47.76,47.908,39.319,3231,3231,20.692,20.91,30.351,38.079,49.432,49.461,62.183,51.978,39.516
3232,3232,28.682,34.568,36.442,38.402,48.97,48.676,46.807,48.326,43.353,3232,3232,35.42,32.144,35.499,39.553,46.377,48.159,48.067,48.322,39.835,3232,3232,20.262,19.203,30.311,36.716,48.133,47.779,61.39,51.506,39.347
3233,3233,31.805,34.197,28.858,41.139,51.259,49.284,47.136,47.458,40.488,3233,3233,37.987,31.513,36.332,40.503,43.685,46.534,45.996,47.204,39.355,3233,3233,20.129,19.782,28.926,41.05,48.696,49.237,61.203,51.962,39.375
3234,3234,36.014,37.298,26.992,38.143,47.545,45.596,51.197,48.281,42.362,3234,3234,31.672,36.072,28.835,40.359,47.424,49.287,47.018,48.959,39.028,3234,3234,19.26,15.912,28.817,38.636,49.372,49.873,61.602,51.153,39.663
3235,3235,33.763,33.658,32.038,39.663,48.52,48.107,47.747,48.532,41.598,3235,3235,33.902,32.066,36.381,38.639,46.704,43.715,47.279,49.342,39.551,3235,3235,15.488,19.005,32.468,36.889,45.593,50.611,61.895,51.457,39.258
3236,3236,27.613,31.929,31.052,40.735,54.681,54.628,48.325,48.572,41.669,3236,3236,35.1,32.261,33.566,37.456,49.023,51.963,50.116,49.286,39.756,3236,3236,22.425,21.471,31.924,40.328,52.541,52.98,64.354,52.137,39.538
3237,3237,32.942,31.706,32.483,39.721,54.289,53.861,50.778,48.528,43.253,3237,3237,29.026,32.622,33.741,42.427,51.861,55.743,48.652,48.62,39.581,3237,3237,18.952,20.249,27.919,34.218,48.891,57.104,64.422,50.81,39.387
3238,3238,34.124,27.85,32.252,38.041,52.919,51.185,46.654,48.747,40.535,3238,3238,28.456,30.277,27.745,38.316,48.94,51.325,47.466,50.13,39.938,3238,3238,20.455,21.191,32.406,40.777,50.775,53.043,62.035,53.255,39.769
3239,3239,27.997,31.367,31.678,40.602,50.572,50.685,48.563,49.933,43.736,3239,3239,26.287,37.954,36.502,41.504,48.266,50.63,49.167,49.611,40.163,3239,3239,13.805,26.046,34.468,40.485,51.693,53.703,66.518,55.439,40.047
3240,3240,34.723,32.831,33.234,37.733,55.4,54.205,48.286,49.719,40.736,3240,3240,34.827,37.536,30.923,40.66,49.522,50.281,49.614,50.319,39.547,3240,3240,23.339,23.02,31.772,41.644,56.867,54.581,64.013,53.874,39.804
3241,3241,35.201,33.485,32.915,44.797,60.109,59.194,52.247,50.219,44.477,3241,3241,29.815,30.214,31.526,39.495,57.467,59.739,51.799,52.121,40.946,3241,3241,20.046,21.397,32.897,43.444,57.022,55.788,64.487,54.105,40.173
3242,3242,31.605,31.096,32.062,50.962,63.591,62.998,58.3,51.315,43.13,3242,3242,32.312,32.432,31.99,45.551,62.834,67.802,55.953,53.054,41.425,3242,3242,17.092,21.933,27.658,44.931,58.644,64.863,69.918,59.186,41.61
3243,3243,36.561,28.845,36.264,47.66,65.475,65.596,60.291,51.059,44.651,3243,3243,31.831,30.667,32.204,46.339,61.548,65.625,55.672,52.204,41.69,3243,3243,22.097,18.873,30.783,48.633,61.727,65.854,71.24,58.596,41.102
3244,3244,29.815,27.297,38.182,52.774,72.338,70.823,59.668,53.694,44.229,3244,3244,30.066,27.171,30.371,47.473,65.767,68.953,57.105,55.39,42.601,3244,3244,17.641,13.556,31.449,47.93,63.997,67.509,70.358,57.116,42.271
3245,3245,22.246,31.541,33.045,54.023,67.629,65.904,60.265,53.052,45.59,3245,3245,33.268,32.749,32.949,47.96,63.012,65.786,57.597,52.83,43.595,3245,3245,14.915,20.481,27.823,51.164,63.968,68.181,70.603,57.023,41.927
3246,3246,29.014,32.137,37.739,51.45,67.838,67.335,61.014,50.464,42.088,3246,3246,33.197,35.854,35.87,45.335,60.274,64.711,56.288,50.682,41.084,3246,3246,19.252,26.179,34.769,46.698,61.48,67.682,69.958,55.559,40.509
3247,3247,34.42,32.298,33.567,52.564,68.306,66.166,58.402,49.039,44.415,3247,3247,38.79,36.579,31.2,46.067,60.105,63.881,56.331,50.917,40.627,3247,3247,25.2,24.922,29.012,52.67,62.898,63.76,69.87,55.499,40.906
3248,3248,37.394,33.609,34.092,47.535,64.84,65.153,58.306,49.788,41.741,3248,3248,38.054,35.453,31.713,46.034,62.179,63.987,56.088,50.651,39.081,3248,3248,25.845,23.756,28.24,48.028,61.328,63.143,69.965,56.427,40.329
3249,3249,39.679,31.934,29.636,50.166,64.216,62.684,58.468,50.892,44.31,3249,3249,41.318,36.327,31.839,45.366,60.976,58.656,54.547,51.575,40.554,3249,3249,29.167,23.676,31.465,49.516,64.933,62.618,69.908,57.472,41.033
3250,3250,29.471,23.747,33.636,44.036,59.355,58.755,55.745,50.832,42.543,3250,3250,35.356,31.709,31.354,46.597,58.972,63.115,55.297,53.216,39.854,3250,3250,18.759,18.393,29.86,47.156,57.639,61.505,68.85,58.556,41.498
3251,3251,34.126,27.548,33.369,44.546,56.688,55.989,57.175,50.946,44.636,3251,3251,32.863,32.545,33.16,43.303,55.892,60.83,54.165,52.25,40.883,3251,3251,21.566,18.438,27.002,43.358,57.327,61.098,68.023,58.872,42.396
3252,3252,30.694,37.324,29.305,41.274,55.015,56.933,56.729,51.093,45.198,3252,3252,33.768,32.989,30.285,40.729,53.331,57.966,54.952,52.743,41.232,3252,3252,19.372,22.935,27.815,42.327,58.133,61.837,69.235,56.296,43.102
3253,3253,39.233,36.691,30.423,41.036,56.876,57.886,56.924,52.167,47.903,3253,3253,37.921,35.366,33.519,42.734,54.81,58.361,55.286,53.963,45.631,3253,3253,26.674,23.65,32.743,42.769,61.3,63.432,70.013,56.563,43.861
3254,3254,36.355,35.118,29.786,39.192,53.168,54.559,61.249,64.219,57.509,3254,3254,33.88,36.638,32.453,40.104,53.152,58.922,60.475,65.894,57.889,3254,3254,22.602,26.734,31.712,40.752,57.109,66.519,72.979,64.127,51.702
3255,3255,33.962,24.403,37.392,43.267,62.214,61.805,66.691,78.22,68.047,3255,3255,33.411,33.033,32.074,42.06,57.534,60.522,66.843,76.501,66.809,3255,3255,22.086,22.488,26.978,46.452,63.198,71.019,79.713,71.332,58.893
3256,3256,27.306,24.533,36.152,51.687,67.848,67.724,78.515,85.816,71.318,3256,3256,34.61,32.586,39.88,44.105,60.502,63.885,75.8,85.812,68.839,3256,3256,15.942,23.572,31.304,56.186,70.215,74.864,89.803,82.074,61.437
3257,3257,36.088,29.058,39.097,49.768,68.541,70.159,79.921,83.789,66.919,3257,3257,37.201,26.382,37.9,43.245,60.625,63.934,76.292,83.027,65.932,3257,3257,20.3,23.318,34.996,50.902,66.905,77.799,90.659,84.666,61.229
3258,3258,36.359,31.664,34.962,47.506,71.148,71.357,81.927,86.038,69.052,3258,3258,37.783,30.798,30.956,42.016,59.193,65.244,81.16,86.462,69.178,3258,3258,17.709,24.565,39.112,53.412,68.028,78.88,94.592,84.735,62.862
3259,3259,32.909,27.225,32.218,44.723,68.988,69.288,78.963,78.043,62.002,3259,3259,39.569,29.639,34.319,40.188,56.222,62.127,76.589,78.679,62.494,3259,3259,21.008,19.771,32.528,47.702,63.906,71.839,92.945,82.53,59.56
3260,3260,24.14,25.332,31.132,41.703,66.164,67.241,74.605,75.927,57.291,3260,3260,37.452,29.286,32.713,43.205,62.431,68.071,73.929,74.244,58.24,3260,3260,20.817,23.137,33.84,46.892,63.259,74.771,90.964,78.995,56.484
3261,3261,23.496,33.17,34.724,43.412,64.995,61.87,62.334,64.414,51.6,3261,3261,25.14,30.31,32.354,45.164,63.304,68.435,64.945,65.16,52.327,3261,3261,13.352,24.253,34.17,44.282,63.855,71.694,78.125,66.759,47.37
3262,3262,25.285,33.152,31.108,45.358,59.214,56.847,58.978,59.172,46.029,3262,3262,26.427,32.257,32.675,43.201,57.611,59.275,61.245,58.957,45.717,3262,3262,15.338,20.661,28.707,44.599,60.678,69.585,78.946,66.576,46.062
3263,3263,25.872,25.394,32.265,42.037,65.512,62.648,55.348,53.256,44.985,3263,3263,26.797,27.319,36.43,43.492,60.344,64.246,58.9,54.176,42.237,3263,3263,7.6067,17.183,28.274,42.526,61.075,67.161,74.072,60.027,42.982
3264,3264,22.817,26.594,33.834,42.318,62.974,62.107,53.462,51.699,41.949,3264,3264,26.076,32.782,30.838,44.759,57.703,59.645,55.931,51.959,40.153,3264,3264,5.6697,19.368,31.815,42.434,56.807,62.66,72.613,59.021,41.517
3265,3265,27.018,30.651,32.042,44.163,58.051,59.78,51.553,50.208,43.573,3265,3265,31.145,36.758,28.093,41.243,51.149,54.939,52.37,51.043,39.337,3265,3265,9.6866,11.506,33.24,41.579,57.045,59.33,66.63,54.481,40.51
3266,3266,27.877,29.981,29.699,46.762,57.631,58.885,54.225,50.805,40.226,3266,3266,29.682,35.126,33.559,47.277,57.869,61.614,52.99,51.303,39.808,3266,3266,8.4991,19.731,32.611,45.08,57.737,61.635,67.361,55.353,39.914
3267,3267,24.032,31.256,33.867,46.351,57.96,60.094,56.301,50.944,43.62,3267,3267,27.126,32.819,29.409,42.961,57.686,64.725,53.513,51.343,40.38,3267,3267,12.136,24.057,37.81,44.889,56.983,61.624,69.284,56,40.99
3268,3268,20.862,26.836,34.733,50.256,60.317,61.933,56.784,54.807,41.679,3268,3268,23,25.47,37.166,50.645,56.557,61.981,54.017,54.301,40.986,3268,3268,4.049,26.457,35.623,45.52,58.894,61.873,69.434,57.704,40.912
3269,3269,21.704,29.514,34.684,47.094,60.764,61.861,57.863,56.324,44.757,3269,3269,28.98,33.616,36.071,49.334,55.839,58.467,57.521,57.249,42.081,3269,3269,14.78,19.173,33.355,44.001,57.963,62.341,69.473,58.273,40.699
3270,3270,36.351,31.28,30.962,50.291,60.356,61.494,65.887,62.251,47.162,3270,3270,33.91,33.132,34.574,51.186,56.739,59.297,63.273,65.059,46.008,3270,3270,22.631,23.191,31.677,43.442,56.79,66,78.267,65.149,44.865
3271,3271,38.139,22.014,31.481,44.418,66.623,66.604,75.319,74.416,59.425,3271,3271,30.508,30.958,31.272,45.706,58.538,60.08,71.692,74.383,59.147,3271,3271,18.911,22.832,29.065,47.038,60.854,70.731,84.003,75.133,53.953
3272,3272,29.349,28.095,33.37,49.677,71.825,72.057,80.444,82.284,67.825,3272,3272,29.43,30.74,34.238,47.305,60.651,65.336,79.154,82.891,68.779,3272,3272,11.958,22.721,29.214,50.834,66.324,77.206,93.175,84.984,62.099
3273,3273,23.355,25.558,37.356,48.715,62.009,61.691,68.145,73.218,58.557,3273,3273,27.549,23.31,30.162,45.916,56.311,65.051,70.465,73.384,57.845,3273,3273,9.5149,16.479,30.806,42.187,59.341,70.371,83.507,74.401,52.468
3274,3274,20.49,30.731,38.442,54.762,64.371,66.533,60.748,63.037,55.806,3274,3274,28.296,34.435,33.831,55.794,64.392,73.027,63.439,62.895,53.91,3274,3274,9.3358,13.619,29.894,47.133,63.102,71.972,77.227,67.467,59.006
3275,3275,28.07,39.164,41.847,58.092,66.749,68.28,57.852,58.457,54.947,3275,3275,32.754,31.374,41.426,66.656,71.208,73.968,59.207,59.034,53.361,3275,3275,13.884,26.938,35.32,53.252,63.137,66.091,69.112,57.699,57.779
3276,3276,32.831,34.214,44.456,60.042,63.463,60.391,63.516,60.527,64.824,3276,3276,36.748,34.919,39.374,61.401,62.825,61.33,58.449,60.623,62.475,3276,3276,11.778,21.873,32.86,52.266,61.831,54.331,64.84,58.083,69.778
3277,3277,31.513,28.74,40.614,58.578,57.065,53.994,60.414,58.578,62.51,3277,3277,30.885,32.418,41.783,56.758,57.495,59.042,54.329,57.71,59.805,3277,3277,7.4053,18.261,34.234,49.665,55.193,53.861,64.654,55.772,66.948
3278,3278,31.75,28.485,37.563,54.475,61.275,57.786,54.93,52.718,45.427,3278,3278,28.692,34.878,39.688,58.231,59.491,58.312,54.577,52.706,42.735,3278,3278,7.4375,21.603,33.01,47.322,56.173,57.795,66.615,55.164,46.045
3279,3279,29.782,33.61,38.918,55.1,58.749,55.538,51.642,50.108,40.98,3279,3279,30.347,29.359,39.872,50.58,56.266,55.104,50.384,49.734,40.259,3279,3279,10.124,23.41,35.328,46.906,55.301,57.243,63.555,50.994,40.036
3280,3280,26.84,34.583,45.216,60.73,66.467,66.618,53.942,52.033,48.357,3280,3280,32.853,31.408,45.176,61.092,62.968,66.267,53.701,52.345,46.131,3280,3280,11.902,21.869,33.142,52.845,57.11,57.687,61.157,51.296,50.681
3281,3281,30.005,42.27,44.421,59.086,63.326,58.368,53.289,52.877,54.519,3281,3281,27.217,35.378,39.06,62.429,64.778,64.008,51.871,53.217,52.52,3281,3281,11.912,25.602,33.885,51.847,55.876,52.257,60.178,51.237,59.45
3282,3282,28.924,36.987,45.34,59.753,63.346,61.412,52.455,52.507,52.187,3282,3282,29.472,33.129,42.074,57.357,61.948,63.862,52.756,52.768,49.839,3282,3282,14.774,19.258,37.08,50.225,53.642,52.437,61.366,51.423,56.872
3283,3283,25.592,34.414,42.185,64.615,63.484,58.909,49.48,49.335,42.263,3283,3283,32.973,29.996,39.801,60.943,61.652,62.87,50.07,50.334,41.706,3283,3283,12.818,22.101,37.47,54.442,53.719,52.315,61.404,50.917,40.567
3284,3284,30.953,29.947,43.403,63.58,62.748,54.8,48.054,49.208,44.641,3284,3284,25.876,31.776,37.995,56.41,59.065,53.969,51.219,50.448,40.233,3284,3284,4.356,23.298,36.503,52.842,53.196,51.99,59.884,51.719,41.66
3285,3285,27.261,30.023,34.401,49.973,54.418,51.653,48.155,48.301,44.333,3285,3285,31.041,27.115,32.716,49.049,54.086,50.591,49.04,47.921,41.475,3285,3285,10.408,14.071,31.406,42.92,48.507,50.83,60.705,49.427,46.467
3286,3286,24.576,33.076,46.293,60.067,61.974,58.682,49.639,49.2,44.591,3286,3286,28.41,32.633,38.396,58.116,60.224,59.482,49.919,51.449,41.829,3286,3286,10.857,16.891,35.348,51.229,53.911,53.523,61.547,50.754,41.404
3287,3287,22.902,31.754,36.981,57.63,61.951,53.275,48.453,47.583,41.032,3287,3287,25.536,28.56,33.307,52.875,56.841,55.011,48.663,48.688,40.828,3287,3287,11.692,23.853,34.511,45.247,51.154,50.828,61.961,51.115,39.476
3288,3288,23.042,31.077,35.003,60.075,57.05,50.029,46.779,49.165,43.672,3288,3288,26.506,35.489,25.664,51.46,51.768,52.208,47.862,51.581,41.165,3288,3288,8.49,25.109,29.867,50.552,50.926,51.186,60.127,51.137,39.948
3289,3289,26.091,29.621,32.478,47.724,52.034,49.988,47.004,47.964,41.094,3289,3289,26.188,33.088,29.628,45.182,48.751,46.683,47.019,52.169,42.383,3289,3289,5.5724,21.721,29.205,40.351,45.683,50.694,60.722,52.15,39.04
3290,3290,32.428,29.65,33.325,48.772,51.542,47.872,48.435,49.027,43.864,3290,3290,36.117,34.612,34.32,45.342,48.284,51.559,49.244,50.999,40.174,3290,3290,16.311,18.002,28.758,42.387,50.756,51.639,62.876,52.102,39.655
3291,3291,33.207,30.081,33.257,53.317,55.701,48.182,48.282,49.281,40.239,3291,3291,35.937,28.797,36.13,52.902,54.391,48.786,48.453,50.024,38.852,3291,3291,14.427,15.808,30.991,44.957,53.54,50.318,59.68,48.975,39.181
3292,3292,22.561,26.495,37.833,58.987,56.051,50.136,49.617,48.991,43.815,3292,3292,26.479,32.155,33.846,51.236,51.668,49.282,49.715,52.249,39.608,3292,3292,5.4563,16.191,31.488,49.309,47.898,50.914,62.103,50.393,39.602
3293,3293,22.23,31.423,36.16,45.756,54.247,52.046,48.575,47.306,40.397,3293,3293,30.34,32.219,29.064,43.519,49.131,52.757,48.59,48.196,38.494,3293,3293,13.449,22.544,33.855,39.344,46.725,50.744,61.608,50.106,39.313
3294,3294,31.256,27.184,33.687,55.676,56.054,49.144,50.411,48.312,43.868,3294,3294,34.944,32.526,34.495,48.035,52.345,51.792,49.095,47.51,39.19,3294,3294,18.046,21.282,33.262,46.201,48.364,51.834,61.61,51.095,39.493
3295,3295,30.648,28.254,34.506,55.961,56.098,53.074,53.839,50.315,41.44,3295,3295,32.525,36.317,32.721,46.905,51.516,53.609,51.061,51.556,38.882,3295,3295,16.87,28.833,35.349,45.654,49.253,54.302,64.022,53.258,40.041
3296,3296,26.205,27.578,38.058,54.987,54.853,46.663,52.002,53.142,43.236,3296,3296,31.372,31.323,35.978,45.68,49.321,49.237,51.621,51.202,39.273,3296,3296,14.42,21.694,29.963,42.582,46.359,52.277,65.037,55.942,39.785
3297,3297,24.674,25.197,31.693,52.293,52.027,47.99,52.133,53.193,40.37,3297,3297,30.603,38.281,28.394,46.359,49.601,47.313,49.344,51.825,38.631,3297,3297,13.941,23.663,32.216,39.533,46.677,53.118,65.109,54.422,39.566
3298,3298,28.175,24.228,33.072,49.449,53.397,52.782,51.786,52.835,43.945,3298,3298,30.651,34.34,35.862,43.041,49.784,52.928,54.034,55.919,40.653,3298,3298,17.85,23.999,27.256,38.79,47.471,53.342,63.301,54.389,39.883
3299,3299,25.871,25.095,30.293,46.95,51.435,49.76,52.696,53.022,40.907,3299,3299,24.617,19.25,29.39,47.368,50.403,51.29,52.084,55.474,40.417,3299,3299,13.414,18.94,27.595,40.158,45.837,53.752,64.699,56.729,39.455
3300,3300,16.936,24.128,34.047,51.979,53.951,51.453,50.244,48.739,43.174,3300,3300,24.634,27.54,34.501,54.114,55.139,52.84,51.675,50.092,39.999,3300,3300,10.102,19.882,33.772,45.575,47.656,51.281,65.144,55.244,39.805
3301,3301,20.84,23.435,38.711,57.064,56.36,53.468,52.215,52.826,46.424,3301,3301,25.927,23.277,33.876,51.152,53.979,55.934,51.02,50.355,44.918,3301,3301,8.5809,17.907,32.224,47.061,49.35,53.597,64.73,54.454,50.521
3302,3302,20.142,24.856,31.52,52.637,53.794,49.746,52.207,48.737,43.445,3302,3302,25.437,28.637,32.298,44.073,47.787,50.159,49.228,48.474,39.909,3302,3302,2.258,19.479,32.439,40.354,47.129,53.552,65.578,54.283,40.075
3303,3303,25.782,26.144,35.245,47.793,51.36,47.816,51.313,49.272,40.756,3303,3303,31.237,28.827,30.626,41.526,48.011,49.829,48.556,49.721,39.373,3303,3303,4.8543,17.6,29.298,38.874,48.257,55.896,62.783,52.213,39.445
3304,3304,25.228,28.937,28.502,47.858,51.361,50.657,51.553,50.222,43.398,3304,3304,29.286,34.356,32.242,40.178,51.289,56.677,48.637,48.549,39.566,3304,3304,6.3605,16.023,29.33,37.792,47.621,57.319,63.84,53.608,39.402
3305,3305,25.044,23.744,30.406,48.523,52.83,51.948,49.443,48.139,40.321,3305,3305,28.091,29.469,35.855,50.016,52.653,53.939,49.415,48.523,39.599,3305,3305,5.8665,17.635,28.022,41.82,46.242,54.03,63.067,52.091,39.016
3306,3306,18.053,22.981,31.283,48.329,48.248,45.582,48.973,49.064,42.815,3306,3306,22.044,29.913,34.368,46.716,48.973,52.032,48.418,48.79,39.823,3306,3306,7.6316,24.443,31.997,38.98,45.657,57.196,62.017,52.171,39.112
3307,3307,21.371,26.056,33.657,49.807,50.239,47.755,49.847,49.946,41.517,3307,3307,27.865,27.628,32.859,44.816,49.762,55.543,49.991,49.585,39.859,3307,3307,0.38271,25.485,34.005,39.585,46.68,58.855,63.228,50.799,40.627
3308,3308,23.93,24.835,24.515,43.093,49.289,50.935,49.633,48.937,42.994,3308,3308,27.546,21.882,30.468,41.78,48.59,54.072,50.232,48.867,40.264,3308,3308,3.8852,19.708,27.604,35.788,48.693,59.092,64.068,51.898,39.499
3309,3309,16.553,21.928,24.809,38.891,46.507,47.011,48.351,48.682,40.36,3309,3309,20.257,24.868,27.984,40.343,48.595,51.656,47.934,48.624,39.382,3309,3309,2.9943,16.872,28,36.664,46.631,54.465,62.558,50.148,38.73
3310,3310,19.221,21.809,27.777,38.371,48.466,46.771,48.55,48.516,43.754,3310,3310,27.645,30.056,33.384,38.191,46.829,49.525,49.42,48.283,39.705,3310,3310,12.003,27.341,32.628,31.265,44.505,52.265,64.843,52.726,39.637
3311,3311,24.162,31.984,28.667,39.729,48.689,47.259,46.445,49.739,41.523,3311,3311,28.844,38.279,33.636,36.736,45.225,48.409,46.814,49.435,39.364,3311,3311,13.759,22.087,33.609,36.954,43.408,51.426,61.555,50.964,39.225
3312,3312,25.366,26.842,29.266,38.392,45.785,44.687,47.017,48.697,43.593,3312,3312,35.184,33.947,32.339,38.236,45.795,50.799,47.738,48.677,40.704,3312,3312,18.557,20.471,29.24,34.962,42.814,50.181,60.015,50.026,39.327
3313,3313,23.041,25.576,32.383,40.29,48.358,47.511,46.696,49.225,41.337,3313,3313,31.98,30.723,29.757,40.922,47.375,50.818,49.108,49.641,39.834,3313,3313,17.31,20.946,32.772,38.123,46.524,52.297,62.415,51.515,39.143
3314,3314,21.714,16.26,33.819,45.421,50.978,51.471,47.866,49.519,43.846,3314,3314,24.345,26.134,32.425,39.291,45.092,51.406,48.456,48.468,40.118,3314,3314,12.994,21.552,35.435,40.907,46.986,50.941,59.419,51.606,39.549
3315,3315,20.96,23.54,31.607,47.527,50.926,50.398,47.754,49.928,41.268,3315,3315,24.299,32.372,31.142,45.135,49.448,50.797,48.454,49.406,39.597,3315,3315,14.319,22.07,33.018,40.16,53.262,54.487,61.671,50.869,39.386
3316,3316,26.037,27.346,33.984,46.928,50.293,47.66,46.74,50.292,44.116,3316,3316,28.757,32.236,28.085,40.184,46.117,46.902,47.885,50.199,39.971,3316,3316,13.651,20.313,30.664,38.395,47.24,50.607,60.915,51.07,39.82
3317,3317,22.692,21.885,34.6,45.378,50.964,50.205,46.508,50.677,41.64,3317,3317,25.07,23.423,30.203,38.886,45.624,46.805,48.173,49.39,40.005,3317,3317,2.8116,19.488,26.795,36.728,46.959,50.474,61.239,49.638,39.364
3318,3318,19.392,27.132,28.31,47.041,50.467,50.185,52.443,52.373,44.399,3318,3318,18.215,25.121,28.343,44.689,48.068,49.596,49.531,53.117,41.391,3318,3318,-1.7075,17.602,30.068,41.416,46.754,54.799,65.942,53.783,40.54
3319,3319,22.965,25.573,38.606,50.497,53.939,54.31,56.634,58.529,60.287,3319,3319,24.069,19.283,30.228,45.997,49.299,52.611,52.072,59.392,59.024,3319,3319,0.88366,20.985,34.221,41.168,47.907,54.807,64.279,55.881,66.171
3320,3320,23.286,26.236,35.027,48.921,50.4,48.083,56.658,54.916,55.963,3320,3320,23.781,29.094,30.338,51.309,52.964,51.166,49.344,54.276,55.155,3320,3320,1.1687,19.762,29.164,42.696,47.63,52.706,62.932,52.696,61.105
3321,3321,20.658,26.918,34.879,53.002,54.515,50.056,51.424,50.514,45.414,3321,3321,23.662,23.945,31.952,52.921,53.925,52.878,51.819,52.726,42.037,3321,3321,12.297,15.654,28.067,44.194,50.564,57.436,65.76,54.229,41.565
3322,3322,24.208,34.739,28.476,51.156,54.958,53.454,53.868,54.43,43.41,3322,3322,28.575,31.787,29.093,50.431,52.316,50.21,53.445,55.12,42.611,3322,3322,12.305,22.261,28.972,45.581,51.051,59.355,66.483,55.129,40.632
3323,3323,26.133,25.421,36.298,51.889,53.702,51.366,54.391,54.657,45.445,3323,3323,29.665,26.861,31.636,42.289,49.106,54.149,52.682,56.017,42.3,3323,3323,12.54,20.178,31.312,41.993,49.536,58.224,68.484,56.234,41.046
3324,3324,25.513,18.996,32.205,51.428,54.595,54.961,52.314,54.425,43.818,3324,3324,25.334,29.438,28.467,45.103,53.035,57.531,51.455,53.873,41.535,3324,3324,3.5571,14.241,32.059,40.442,49.771,56.927,67.076,55.502,40.768
3325,3325,21.457,23.855,28.232,44.562,53.415,55.754,56.577,54.522,45.192,3325,3325,24.519,28.448,33.444,41.089,47.204,52.46,56.042,54.864,41.416,3325,3325,0.55214,23.326,35.494,37.71,50.501,58.434,69.706,57.699,41.483
3326,3326,14.541,25.731,34.894,49.839,54.926,53.095,57.536,53.999,42.414,3326,3326,13.256,28.707,33.773,46.236,51.438,51.988,56.869,55.083,41.568,3326,3326,-0.35886,22.936,31.354,42.308,48.153,59.091,70.544,58.345,41.53
3327,3327,24.36,25.535,37.447,56.045,57.236,55.356,59.503,56.025,45.504,3327,3327,23.311,26.869,30.656,49.474,52.346,55.781,60.2,57.932,43.418,3327,3327,4.0056,22.598,36.329,47.665,55.19,62.296,74.959,61.011,43.333
3328,3328,17.754,23.105,39.45,51.207,58.114,59.104,64.808,61.223,45.444,3328,3328,18.733,28.863,32.739,45.379,52.163,57.606,63.347,61.147,43.882,3328,3328,2.7526,21.289,35.036,49.034,55.549,64.867,77.901,65.538,44.866
3329,3329,16.029,25.663,35.031,54.864,56.195,56.819,57.604,55.006,45.929,3329,3329,20.46,27.971,33.844,40.731,51.097,56.214,54.663,55.507,41.669,3329,3329,5.191,20.388,33.654,52.462,57.678,58.742,70.559,58.794,42.104
3330,3330,24.527,25.962,33.456,47.756,50.901,52.089,57.503,53.242,45.87,3330,3330,31.025,28.502,31.321,41.474,47.801,53.828,57.443,55.102,42.607,3330,3330,6.8869,18.732,29.763,41.981,47.813,58.263,70.982,59.663,44.237
3331,3331,27.168,28.293,34.219,45.792,51.954,53.191,58.621,54.747,47.466,3331,3331,31.797,30.589,30.755,42.496,47.259,53.813,58.763,56.19,43.956,3331,3331,10.816,19.398,33.25,38.325,48.456,61.362,72.153,59.456,44.641
3332,3332,22.063,30.161,31.438,40.891,54.899,57.42,68.984,66.952,49.782,3332,3332,25.457,29.586,32.205,41.255,49.298,52.275,64.179,64.731,48.453,3332,3332,8.7082,27.423,38.811,41.598,53.24,68.173,80.63,70.809,48.204
3333,3333,27.749,38.8,33.38,39.386,58.235,60.148,70.649,68.27,52.241,3333,3333,27.979,36.158,34.338,42.173,48.236,54.822,65.543,66.857,52.53,3333,3333,8.9365,28.787,35.599,39.032,54.485,71.067,81.92,71.225,49.049
3334,3334,29.091,33.064,30.96,38.081,51.742,52.525,63.384,63.433,49.411,3334,3334,29.51,34.157,26.272,39.135,44.959,47.229,60.955,63.206,48.971,3334,3334,15.857,25.03,32.5,39.061,51.077,64.562,74.395,65.383,45.699
3335,3335,29.44,27.566,33.866,35.73,51.165,50.342,52.386,53.362,48.033,3335,3335,33.075,31.659,33.267,42.725,46.471,48.952,50.629,57.164,42.647,3335,3335,14.297,21.176,28.647,39.816,48.658,57.305,67.63,58.661,43.673
3336,3336,28.623,29.327,32.813,43.494,53.359,52.177,51.954,53.366,47.421,3336,3336,37.324,38.705,33.128,41.913,49.466,49.38,48.812,54.133,42.602,3336,3336,20.607,27.266,34.028,39.974,50.806,55.217,64.232,56.056,41.886
3337,3337,27.395,28.274,33.038,47.903,54.991,53.055,53.853,55.343,52.525,3337,3337,37.37,38.118,33.269,50.256,51.586,52.117,52.095,57.151,49.612,3337,3337,21.949,24.204,31.026,41.294,50.202,55.438,65.608,56.771,56.013
3338,3338,24.134,32.322,34.482,52.457,54.44,50.364,51.327,53.384,46.973,3338,3338,19.896,34.562,32.52,45.437,50.615,53.892,52.124,54.71,43.671,3338,3338,6.798,20.428,34.366,42.285,49.406,57.072,67.998,56.684,42.134
3339,3339,26.065,32.967,28.745,49.002,54.023,54.122,55.212,57.008,47.984,3339,3339,31.275,31.143,34.053,37.339,47.876,51.827,53.628,55.334,44.273,3339,3339,14.983,24.532,37.665,40.317,48.673,57.334,68.359,56.822,41.671
3340,3340,19.883,25.65,34.069,42.586,50.988,51.41,55.213,54.349,45.506,3340,3340,30.697,32.397,35.805,42.739,48.888,52.408,54.451,55.128,44.387,3340,3340,16.641,22.854,32.558,38.394,50.589,58.051,68.794,56.465,41.339
3341,3341,26.017,27.405,24.984,39.926,47.924,50.773,48.985,52.383,46.209,3341,3341,28.374,35.951,28.099,39.619,47.499,52.426,50.023,49.634,42.639,3341,3341,14.07,28.51,36.639,39.328,48.989,53.495,62.829,53.689,41.475
3342,3342,25.883,25.54,32.668,38.491,49.312,50.098,47.673,50.969,43.844,3342,3342,26.738,30.468,28.677,37.812,49.962,54.499,49.512,48.998,41.773,3342,3342,17.241,23.882,37.438,38.268,45.098,53.286,65.641,53.821,40.823
3343,3343,27.129,25.681,30.656,36.515,48.688,49.112,50.701,53.369,44.899,3343,3343,30.238,29.708,27.577,36.941,47.851,53.884,53.702,51.833,41.001,3343,3343,16.299,19.578,33.37,39.054,46.774,52.464,65.403,55.143,41.038
3344,3344,21.24,26.702,30.274,40.574,48.994,48.579,48.028,49.37,43.123,3344,3344,26.755,26.567,28.966,41.473,47.168,52.348,49.105,47.226,40.583,3344,3344,12.373,24.227,31.355,37.94,47.032,51.782,65.052,53.451,40.792
3345,3345,21.554,26.154,29.239,42.936,49.101,49.26,46.063,49.526,44.677,3345,3345,26.93,31.076,36.493,43.876,47.304,51.031,49.452,49.195,40.949,3345,3345,12.899,23.507,35.92,40.629,48.25,53.975,64.292,53.999,41.202
3346,3346,28.08,31.322,29.758,43.292,50.289,50.323,47.912,52.907,43.508,3346,3346,33.255,33.567,32.751,42.402,48.021,54.193,51.702,54.597,41.823,3346,3346,14.395,23.917,29.594,41.29,50.327,54.563,66.418,57.631,41.125
3347,3347,28.167,21.578,35.386,47.269,51.577,51.792,57.403,61.514,51.498,3347,3347,34.71,26.641,28.795,47.463,52.508,55.474,60.423,61.971,50.297,3347,3347,14.78,15.678,33.854,45.132,53.381,64.145,76.444,63.943,45.292
3348,3348,19.02,28.486,36.044,56.331,56.954,52.815,55.235,57.39,47.333,3348,3348,29.303,33.168,35.316,52.433,55.279,58.248,60.202,58.201,47.07,3348,3348,5.5887,24.148,34.201,42.605,51.003,62.403,76.053,62.066,43.709
3349,3349,20.577,24.687,32.125,51.202,53.384,51.928,51.984,54.293,44.232,3349,3349,29.577,28.186,35.333,48.046,53.824,56.655,57.186,55.044,40.876,3349,3349,7.52,16.619,33.897,40.719,49.238,58.805,72.958,59.308,42.355
3350,3350,16.771,16.435,34.394,52.235,56.298,55.482,51.216,51.942,54.467,3350,3350,24.387,22.618,36.592,54.397,59.074,61.265,52.393,52.182,51.823,3350,3350,6.9666,22.685,33.301,43.786,49.528,56.064,65.845,54.713,59.846
3351,3351,18.797,31.167,33.173,57.196,57.789,54.13,47.557,48.899,44.25,3351,3351,22.722,26.101,34.822,53.463,55.002,57.916,51.768,50.405,41.057,3351,3351,6.2609,22.804,35.404,47.252,47.325,52.631,60.317,50.571,43.556
3352,3352,12.365,25.738,34.376,50.76,56.089,54.617,47.028,48.949,41.095,3352,3352,22.66,28.08,36.166,50.607,54.027,55.413,49.705,48.994,39.041,3352,3352,9.7102,16.837,32.925,43.504,51.766,54.948,61.862,51.417,40.981
3353,3353,16.995,29.61,36.621,50.508,54.931,52.367,45.843,49.085,44.361,3353,3353,20.984,29.608,36.09,51.247,53.372,57.181,49.471,49.183,40.342,3353,3353,3.658,22.316,32.76,42.504,49.123,55.826,60.553,50.995,40.687
3354,3354,24.39,23.183,31.379,50.846,52.047,50.715,44.888,48.982,41.594,3354,3354,27.592,26.793,31.605,51.264,53.433,55.21,47.426,47.707,39.786,3354,3354,9.9515,21.472,31.986,44.94,48.913,54.854,58.709,50.377,39.731
3355,3355,19.804,27.254,37.671,58.229,58.244,49.972,48.284,51.026,48.163,3355,3355,22.42,24.251,31.79,54.589,57.67,55.742,48.444,49.714,46.935,3355,3355,11.039,17.956,27.637,48.63,51.045,51.209,59.827,50.419,53.281
3356,3356,26.745,32.905,40.002,64.191,62.203,56.196,48.745,50.173,42.199,3356,3356,20.667,24.85,36.274,58.115,59.958,57.952,51.191,51.315,40.583,3356,3356,6.1926,24.105,35.152,52.626,52.37,52.48,58.817,50.535,43.553
3357,3357,24.912,36.121,40.669,65.06,63.623,57.057,49.116,48.401,44.602,3357,3357,27.827,40.274,34.845,50.9,55.874,57.52,51.089,51.651,41.501,3357,3357,5.8938,28.093,34.021,53.526,53.136,50.159,60.263,51.116,45.229
3358,3358,33.259,33.299,42.106,60.632,60.069,54.834,46.546,49.053,42.386,3358,3358,37.796,37.705,34.362,54.014,55.316,49.051,48.543,48.102,40.255,3358,3358,14.235,24.34,35.38,48.307,48.701,49.369,58.836,49.824,40.902
3359,3359,27.34,34.535,41.81,56.375,55.671,53.943,63.62,62.064,63.329,3359,3359,32.967,31.261,38.318,49.492,50.554,52.833,54.863,61.584,60.938,3359,3359,12.066,23.225,34.807,47.289,47.66,50.547,62.038,56.173,67.58
3360,3360,25.019,30.304,39.218,62.654,60.283,51.174,47.922,56.407,44.903,3360,3360,33.731,34.052,34.73,51.155,52.347,51.743,47.518,54.29,43.225,3360,3360,9.176,18.811,35.624,51.188,51.224,51.451,61.235,54.205,41.621
3361,3361,18.762,24.388,37.106,62.074,58.981,48.381,45.617,48.203,44.353,3361,3361,26.914,29.365,23.854,47.687,50.839,53.309,46.205,50.661,40.327,3361,3361,6.7339,22.903,29.753,50.484,50.94,52.249,61.379,50.874,40.075
3362,3362,18.272,24.676,38.659,58.187,59.846,56.467,48.555,50.05,41.928,3362,3362,30.646,34.266,38.786,55.646,57.176,54.375,49.298,49.708,40.288,3362,3362,7.4012,22.61,31.424,47.379,53.812,52.157,63.553,51.966,40.823
3363,3363,19.931,36.228,44.338,60.974,65.302,63.337,52.122,49.998,43.127,3363,3363,25.387,35.158,41.328,56.357,60.276,61.671,52.377,50.812,41.715,3363,3363,5.5187,17.917,31.629,51.045,55.243,55.108,61.693,50.648,43.877
3364,3364,24.668,34.585,38.042,58.068,61.395,55.489,47.419,49.737,44.944,3364,3364,28.657,36.059,36.775,52.498,56.69,58.982,50.112,50.723,42.457,3364,3364,13.131,17.266,33.412,48.521,52.142,52.31,61.699,49.685,46.863
3365,3365,24.871,27.328,36.916,50.021,52.481,47.176,45.709,49.359,40.026,3365,3365,34.284,36.551,32.62,42.851,47.959,48.866,47.526,48.925,38.764,3365,3365,16.972,22.893,29.378,41.251,52.361,50.264,60.824,49.948,39.983
3366,3366,24.812,29.417,33.936,55.375,56.28,53.354,44.374,47.31,43.672,3366,3366,42.321,40.637,34.674,47.151,52.446,56.065,49.105,48.443,40.339,3366,3366,24.397,23.945,30.389,46.214,50.292,51.159,60.794,49.685,42.816
3367,3367,27.456,24.742,34.01,55.606,55.234,48.354,46.493,48.51,41.533,3367,3367,38.087,33.132,32.677,48.344,52.809,49.539,48.605,48.882,40.505,3367,3367,20.489,18.528,29.857,43.012,47.351,50.892,59.962,50.84,41.319
3368,3368,17.18,25.723,34.401,48.723,53.244,48.997,45.087,47.579,43.503,3368,3368,31.107,26.739,30.854,45.321,50.033,47.859,49.137,50.283,40.731,3368,3368,14.001,18.047,27.281,38.785,49.198,50.673,60.215,53.648,40.879
3369,3369,21.164,24.696,27.633,42.29,50.08,48.444,45.054,49.268,41.09,3369,3369,23.619,25.249,31.521,41.997,47.426,51.326,48.617,49.369,40.279,3369,3369,8.2302,22.547,31.1,36.055,46.066,50.063,59.983,51.572,40.588
3370,3370,26.522,26.239,42.065,60.929,60.176,55.753,47.556,48.411,43.809,3370,3370,29.83,32.831,35.796,53.058,56.437,56.705,49.859,49.475,41.411,3370,3370,6.8049,21.012,31.098,47.088,48.609,51.471,62.955,53.773,41.846
3371,3371,23.357,22.866,34.211,50.341,51.983,50.472,45.667,47.34,41.774,3371,3371,30.099,29.99,30.36,44.485,47.016,48.608,47.958,48.747,39.402,3371,3371,5.1517,24.667,30.684,40.058,46.925,50.565,61.299,51.616,39.841
3372,3372,15.938,23.4,33.416,47.009,48.443,47.158,46.555,48.756,43.653,3372,3372,22.814,26.585,32.546,43.993,48.762,53.3,47.319,48.373,39.537,3372,3372,7.5037,16.681,28.88,36.97,45.292,49.853,60.562,50.541,39.599
3373,3373,21.084,28.67,30.246,48.551,52.237,52.824,48.746,47.631,40.912,3373,3373,23.272,21.864,28.08,48.701,49.95,51.286,48.121,48.44,39.116,3373,3373,10.202,17.593,29.529,41.356,47.342,52.694,62.236,52.284,39.511
3374,3374,23.414,29.476,34.77,51.331,59.775,59.867,49.295,48.635,43.13,3374,3374,29.928,30.675,31.226,49.421,53.664,53.586,48.384,47.398,39.075,3374,3374,18.819,25.658,32.313,42.355,54.898,55.735,61.695,51.797,39.554
3375,3375,26.305,22.559,33.112,48.308,56.634,56.977,48.097,48.044,42.026,3375,3375,32.97,31.532,34.604,48.261,51.441,53.93,49.274,49.119,39.122,3375,3375,20.86,22.407,29.057,41.542,53.372,55.898,60.827,50.743,41.559
3376,3376,27.794,19.216,33.003,52.03,65.188,64.418,51.797,46.354,43.809,3376,3376,20.207,28.262,31.133,39.633,54.17,57.896,51.391,47.395,38.99,3376,3376,12.916,21.951,35.119,40.906,54.345,58.159,64.752,52.963,39.706
3377,3377,25.123,26.591,27.725,47.178,62.159,61.626,55.383,47.341,41.61,3377,3377,20.471,27.717,28.725,39.907,53.838,58.365,52.508,47.75,39.268,3377,3377,9.8029,18.453,30.215,40.238,56.096,60.374,63.487,49.742,39.357
3378,3378,10.661,19.125,38.639,51.844,66.891,68.58,57.437,48.33,44.146,3378,3378,18.434,25.981,27.124,46.511,61.688,67.058,55.08,48.823,40.525,3378,3378,4.9328,23.744,30.35,44.714,58.592,63.105,67.476,52.938,40.239
3379,3379,18.757,20.814,32.205,50.614,68.982,70.115,58.52,48.492,42.296,3379,3379,16.599,26.132,26.115,48.155,58.528,63.544,52.898,48.771,39.928,3379,3379,1.6268,23.117,32.947,49.44,60.975,63.121,68.462,54.567,40.339
3380,3380,19.698,18.555,35.392,51.605,70.826,71.26,59.826,49.594,44.08,3380,3380,17.633,24.818,34.615,48.754,62.475,67.648,56,51.441,41.702,3380,3380,3.2941,23.708,30.046,46.246,59.379,64.797,68.341,53.209,40.7
3381,3381,14.122,20.459,32.754,58.037,69.307,69.209,59.842,50.648,43.686,3381,3381,19.959,17.783,31.598,49.635,62.568,69.018,55.763,51.837,42.484,3381,3381,3.511,23.908,36.503,49.709,61.101,66.078,68.265,52.917,44.705
3382,3382,10.058,23.9,38.27,58.32,71.857,70.364,65.004,54.207,45.714,3382,3382,10.255,17.614,29.725,50.105,61.197,67.192,61.678,55.387,44.386,3382,3382,7.4549,22.675,31.888,47.535,62.832,65.54,71.157,55.146,41.342
3383,3383,18.321,28.866,33.079,50.344,65.524,66.194,66.678,53.165,42.215,3383,3383,23.614,26.239,25.743,46.246,62.27,69.488,60.482,53.818,42.146,3383,3383,3.9213,22.83,24.465,45.979,60.29,64.273,73.336,55.474,40.833
3384,3384,17.88,26.018,29.94,47.515,64.932,67.039,66.013,50.353,44.44,3384,3384,25.82,28.65,24.14,44.319,63.763,68.84,61.324,52.418,42.349,3384,3384,8.3637,22.725,30.191,41.839,58.107,65.062,70.568,53.122,40.405
3385,3385,24.992,27.574,31.922,47.697,64.97,64.873,65.638,55.722,43.231,3385,3385,31.456,34.814,26.453,43.257,63.113,67.654,61.223,56.341,45.326,3385,3385,18.318,23.916,30.032,43.303,59.808,64.276,71.974,57.792,41.723
3386,3386,26.712,24.504,32.958,44.521,56.817,58.357,64.004,54.149,44.895,3386,3386,37.819,31.193,30.44,42.855,58.009,63.446,60.634,54.909,44.168,3386,3386,23.344,27.292,34.202,39.481,50.966,60.8,73.649,60.96,42.34
3387,3387,22.19,22.515,31.259,41.94,63.251,63.341,64.445,57.554,44.814,3387,3387,35.061,31.682,29.88,37.57,57.182,63.135,62.024,58.355,44.44,3387,3387,18.935,25.271,36,42.192,56.462,63.329,74.909,62.941,42.984
3388,3388,23.574,28.523,36.685,39.114,61.656,63.206,64.914,59.722,45.799,3388,3388,27.846,28.318,31.442,42.683,56.778,57.434,62.81,61.644,45.552,3388,3388,14.684,21.459,36.235,42.051,57.293,63.783,75.677,62.816,42.931
3389,3389,23.81,32.436,27.537,43.429,65.076,66.493,66.389,59.893,45.16,3389,3389,28.677,38.35,34.057,40.001,58.854,65.518,63.792,63.251,48.052,3389,3389,11.349,26.073,37.912,45.502,58.391,65.001,77.85,66.293,44.604
3390,3390,32.254,31.852,29.903,43.001,67.367,67.807,67.402,63.106,47.513,3390,3390,36.886,39.131,32.023,39.633,61.23,66.504,66.666,65.793,48.901,3390,3390,23.652,25.666,32.616,44.953,60.472,65.942,80.174,70.701,47.219
3391,3391,31.378,24.156,27.749,43.079,63.635,65.074,70.799,67.207,47.757,3391,3391,35.807,31.911,31.074,40.97,61.15,68.149,70.747,66.802,49.603,3391,3391,22.375,21.777,31.506,43.156,60.069,66.711,83.704,73.261,49.96
3392,3392,20.583,25.437,29.202,45.846,57.862,60.637,73.694,67.005,49.23,3392,3392,29.74,30.168,27.873,41.204,59.529,66.104,71.887,68.274,50.085,3392,3392,14.532,22.778,34.092,42.818,59.174,67.471,86.482,75.542,52.158
3393,3393,17.55,23.955,27.679,50.152,63.596,64.238,72.865,65.683,48.459,3393,3393,26.725,28.411,31.78,39.807,61.689,67.551,73.457,66.886,49.146,3393,3393,10.952,20.724,31.511,44.414,60.048,69.107,87.016,74.807,52.014
3394,3394,19.114,15.5,30.579,49.238,62.371,65.225,76.223,67.992,51.494,3394,3394,27.864,22.552,29.376,42.059,61.18,66.889,74.713,69.461,51.427,3394,3394,6.9045,17.733,31.062,45.684,59.381,70.011,90.423,77.31,55.029
3395,3395,15.143,17.804,32.643,43.342,60.056,65.541,73.999,69.782,52.593,3395,3395,21.849,25.448,27.683,38.907,55.136,60.846,71.375,69.115,51.238,3395,3395,3.0567,16.8,27.217,39.506,54.477,68.936,88.561,77.015,54.308
3396,3396,20.723,26.873,28.922,38.583,60.889,68.119,82.904,78.05,58.304,3396,3396,25.223,24.965,29.358,37.058,59.502,67.411,80.202,80.673,59.525,3396,3396,3.3514,22.192,31.378,41.462,58.343,75.689,95.599,83.847,60.918
3397,3397,26.442,26.625,31.07,43.818,63.181,73.063,86.385,82.349,64.352,3397,3397,32.008,33.674,32.146,37.672,60.856,68.631,82.73,80.908,63.254,3397,3397,15.76,22.529,28.441,44.813,61.402,81.911,99.287,85.747,63.283
3398,3398,30.54,30.326,34.975,51.887,71.628,75.745,93.685,86.507,72.268,3398,3398,33.907,27.335,34.571,42.694,64.179,72.463,91.997,89.656,73.296,3398,3398,16.856,31.428,42.247,55.07,70.052,86.041,106.24,93.713,71.365
3399,3399,32.608,26.737,36.137,50.203,69.78,76.499,92.89,88.794,72.264,3399,3399,36.233,27.796,36.343,40.969,60.245,72.538,94.313,91.522,74.008,3399,3399,23.307,30.856,42.257,54.939,68.056,88.142,108.49,96.493,73.792
3400,3400,28.491,28.396,38.938,48.946,72.123,76.084,91.233,91.019,72.842,3400,3400,31.212,24.631,35.912,44.594,65.195,73.335,93.568,91.384,73.063,3400,3400,23.805,37.034,41.244,52.252,65.469,87.459,109.01,97.017,74.377
3401,3401,21.699,24.625,32.663,47.014,69.607,78.281,94.313,90.266,71.902,3401,3401,18.592,24.818,30.687,40.969,65.169,75.012,92.505,90.937,73.755,3401,3401,26.404,45.344,47.97,54.912,68.523,90.175,107.61,94.777,72.194
3402,3402,19.564,27.992,31.233,40.032,64.407,75.84,91.302,86.949,68.432,3402,3402,19.911,27.827,25.919,41.027,60.177,72.258,89.453,86.128,68.986,3402,3402,35.634,34.642,36.451,45.79,62.097,88.429,105.05,91.751,69.027
3403,3403,23.805,28.029,32.896,42.538,62.487,68.16,85.508,87.296,66.065,3403,3403,18.984,20.373,25.987,42.081,62.001,69.66,86.407,84.663,66.771,3403,3403,32.404,29.228,29.871,44.465,61.218,81.277,101.09,90.262,66.766
3404,3404,17.509,25.487,31.254,42.051,58.509,61.613,73.545,74.341,57.571,3404,3404,16.545,22.637,29.739,42.033,59.003,65.172,77.131,73.738,57.602,3404,3404,26.472,27.42,31.511,41.741,58.212,75.537,92.894,79.835,57.398
3405,3405,22.449,24.662,34.993,38.517,57.819,59.279,69.92,68.187,52.134,3405,3405,20.116,23.48,28.556,41.429,54.343,59.926,68.47,67.379,51.737,3405,3405,19.167,16.656,29.255,41.033,53.694,69.199,87.274,75.184,52.385
3406,3406,19.041,12.419,30.252,37.872,53.027,57.004,59.549,62.653,47.524,3406,3406,20.203,23.326,30.652,37.69,53.875,60.805,63.189,63.51,46.615,3406,3406,14.815,20.025,33.522,37.576,51.856,64.599,79.89,67.125,46.158
3407,3407,21.894,25.453,30.703,41.903,62.288,61.859,67.958,59.611,46.701,3407,3407,24.345,17.775,30.119,41.983,53.404,59.067,67.903,58.92,45.669,3407,3407,3.6138,19.012,32.362,38.046,53.718,67.858,83.227,67.265,47.204
3408,3408,14.939,19.792,32.445,40.893,61.282,64.638,69.408,59.552,45.43,3408,3408,17.183,23.316,33.788,40.67,56.477,63.438,69.073,57.666,45.337,3408,3408,4.1805,19.552,35.839,40.617,55.593,70.602,80.743,65.54,45.983
3409,3409,8.1716,26.851,28.235,38.375,63.265,63.688,70.278,58.7,45.441,3409,3409,20.863,25.882,31.304,39.992,58.759,63.766,69.537,56.824,44.298,3409,3409,0.70502,22.328,33.209,39.007,57.815,70.412,82.315,63.813,45.089
3410,3410,13.965,25.571,33.066,42.854,67.395,68.431,68.91,58.494,46.066,3410,3410,17.37,20.126,29.432,39.231,54.142,60.608,68.179,59.52,47.055,3410,3410,1.75,20.316,26.533,37.946,58.134,71.339,81.892,64.635,45.313
3411,3411,19.939,24.919,28.197,42.818,62.475,63.148,69.826,57.805,46.628,3411,3411,22.979,15.949,30.016,39.011,60.655,65.79,69.085,58.511,45.666,3411,3411,5.7593,19.984,25.302,41.377,59.311,73.622,82.958,64.667,45.015
3412,3412,24.207,26.954,32.089,43.168,68.199,69.976,68.899,53.99,42.32,3412,3412,23.394,17.061,27.908,42.849,61.865,65.455,67.82,54.202,41.442,3412,3412,2.6568,16.153,27.739,44.2,61.076,70.638,81.404,62.743,43.691
3413,3413,22.434,29.47,33.156,40.327,64.97,65.532,66.12,52.699,43.887,3413,3413,23.087,18.387,26.961,40.371,57.115,61.336,62.248,50.861,41.526,3413,3413,1.097,24.062,32.703,43.141,60.346,65.853,75.548,59.591,42.485
3414,3414,20.001,27.482,28.953,43.648,70.052,70.746,66.067,53.864,41.263,3414,3414,19.96,22.765,27.891,38.757,56.929,62.515,64.901,52.498,40.672,3414,3414,7.6796,18.147,27.881,43.287,60.97,67.491,78.156,58.968,42.014
3415,3415,17.51,18.414,30.423,43.649,59.613,63.197,64.788,51.385,43.359,3415,3415,19.626,23.691,28.065,43.255,55.597,57.792,59.712,50.589,40.854,3415,3415,9.1185,20.499,33.018,46.012,56.992,64.398,76.756,61.124,42.987
3416,3416,20.176,24.563,32.092,43.268,60.228,61.623,66.336,54.892,41.769,3416,3416,20.034,31.292,33.123,42.076,53.422,60.248,64.054,51.657,40.596,3416,3416,3.5527,20.262,29.217,41.895,53.804,65.464,79.357,62.67,43.977
3417,3417,14.214,25.7,29.895,46.785,65.35,66.648,70.695,62.661,52.694,3417,3417,21.983,25.243,32.14,44.548,56.21,60.248,66.679,59.49,48.47,3417,3417,3.4089,24.852,26.52,47.306,61.433,67.302,83.082,69.104,48.657
3418,3418,17.538,19.55,25.404,47.428,69.866,69.873,73.565,67.508,59.38,3418,3418,16.194,22.474,30.781,44.33,63.676,67.596,69.289,66.386,56.227,3418,3418,7.4869,22.527,30.741,47.164,61.914,71.885,87.198,73.324,53.602
3419,3419,21.006,26.045,30.181,48.775,68.836,70.024,73.989,71.782,61.297,3419,3419,20.525,27.358,31.956,45.894,65.143,67.995,71.43,71.467,58.946,3419,3419,0.47593,18.318,28.791,49.596,64.456,75.117,88.191,76.253,55.449
3420,3420,27.714,32.351,30.409,48.551,72.062,73.147,75.818,74.777,62.689,3420,3420,32.353,31.474,29.204,42.18,67.632,71.671,75.106,75.205,59.426,3420,3420,9.5824,20.095,28.205,46.78,64.906,75.782,89.24,79.494,57.058
3421,3421,21.086,19.289,32.259,47.109,70.831,72.333,74.465,74.732,61.391,3421,3421,27.696,26.232,29.172,44.014,66.81,70.327,74.473,72.464,57.711,3421,3421,11.418,23.045,35.055,46.973,64.904,75.967,88.106,78.549,55.942
3422,3422,18.61,22.62,32.098,51.074,68.646,71.529,74.495,79.679,63.029,3422,3422,21.098,30.563,29.872,45.171,71.168,76.798,76.332,80.296,60.962,3422,3422,7.2951,18.373,32.549,44.743,64.893,77.461,89.099,81.47,58.274
3423,3423,14.698,23.116,32.237,46.134,63.065,66.615,74.382,79.622,62.321,3423,3423,19.779,25.583,31.838,47.185,68.352,74.962,76.627,79.805,62.043,3423,3423,6.7306,18.997,27.149,43.127,60.15,72.234,89.588,79.523,58.013
3424,3424,20.127,23.507,36,50.345,62.56,65.875,86.649,92.859,78.442,3424,3424,20.367,23.988,32.967,48.716,68.636,74.809,87.87,95.311,78.435,3424,3424,2.7692,19.642,32.892,47.666,65.075,80.717,100.43,93.613,72.243
3425,3425,20.116,26.947,40.689,49.387,67.11,76.369,98.955,103.17,90.349,3425,3425,20.176,24.022,36.261,43.482,70.009,78.501,100.77,104.92,91.433,3425,3425,15.752,32.526,45.507,53.296,69.58,90.765,114.42,105.79,84.727
3426,3426,38.684,46.538,46.815,53.588,71.109,83.347,105.1,109.34,94.65,3426,3426,33.532,43.53,45.526,53.966,68.405,81.591,106.91,112.8,94.492,3426,3426,44.993,49.166,62.099,64.204,73.716,96.097,119.2,111.09,88.575
3427,3427,52.076,48.797,49.232,54.447,73.414,84.889,105.26,109.32,94.921,3427,3427,50.929,53.456,43.056,54.697,72.773,82.795,106.5,112.38,94.112,3427,3427,58.888,58.275,62.601,61.893,73.349,95.912,118.13,110.88,88.049
3428,3428,55.22,42.982,44.49,52.74,73.693,84.871,104.88,109.06,94.677,3428,3428,55.53,49.176,49.732,54.987,70.417,82.647,106.13,112.31,94.186,3428,3428,60.293,53.309,61.006,60.229,72.933,95.544,117.48,110.21,87.343
3429,3429,54.982,44.782,42.954,48.533,67.711,81.887,96.702,98.835,83.827,3429,3429,55.699,51.321,37.812,47.448,69.73,79.475,97.235,96.51,81.029,3429,3429,57.873,50.109,49.243,50.635,69.231,89.923,108.31,97.744,76.76
3430,3430,50.031,40.124,35.119,42.071,66.96,74.748,91.151,89.682,74.05,3430,3430,50.249,42.941,29.914,44.003,70.255,74.628,88.993,89.607,75.019,3430,3430,54.205,46.644,29.488,45.735,68.427,84.811,102.71,90.475,68.775
3431,3431,33.815,37.381,29.914,44.36,63.357,70.426,81.647,80.435,65.01,3431,3431,40.247,33.055,33.023,46.13,68.937,74.595,81.011,81.965,64.814,3431,3431,46.14,35.077,31.907,44.027,66.46,82.241,96.027,83.588,61.385
3432,3432,31.451,32.342,28.294,40.012,66.716,70.932,76.959,74.322,59.136,3432,3432,41.195,32.607,33.69,44.364,65.154,72.22,77.075,78.283,59.653,3432,3432,41.967,26.305,27.028,41.157,60.059,79.564,91.896,79.056,56.598
3433,3433,32.355,26.998,30.852,38.61,59.142,62.473,67.945,61.949,50.309,3433,3433,36.243,29.136,33.126,37.425,57.363,65.158,65.143,65.721,49.986,3433,3433,34.824,19.094,25.917,39.66,56.176,75.107,83.346,66.417,46.236
3434,3434,32.031,25.871,30.868,37.997,57.698,59.043,62.125,57.981,46.964,3434,3434,33.79,27.009,28.895,37.786,52.046,57.794,60.614,60.562,46.984,3434,3434,28.174,16.965,32.948,39.976,56.607,64.874,74.787,61.462,43.003
3435,3435,22.341,31.736,33.703,43.706,55.544,59.061,60.343,57.993,48.285,3435,3435,30.897,29.951,30.532,40.315,57.132,62.846,57.827,61.19,48.321,3435,3435,23.906,20.51,30.569,38.516,55.945,63.096,71.443,59.993,42.791
3436,3436,32.804,32.63,30.057,39.038,59.124,62.398,60.534,56.15,45.216,3436,3436,34.813,30.114,25.953,39.664,56.962,63.919,58.206,58.379,45.408,3436,3436,24.34,16.875,30.842,43.153,56.719,65.498,72.414,58.053,41.386
3437,3437,31.472,22.746,29.342,40.653,62.678,64.407,58.737,55.236,45.606,3437,3437,33.561,29.458,27.621,37.084,55.599,60.835,56.304,56.828,44.728,3437,3437,17.134,20.803,29.927,41.283,55.935,63.262,71.158,58.291,41.969
3438,3438,21.103,18.1,29.342,41.393,58.039,59.554,55.645,53.205,43.343,3438,3438,31.335,27.522,24.239,38.377,53.304,58.993,53.041,53.856,43.386,3438,3438,18.638,15.081,26.072,39.553,52.395,59.7,69.307,57.912,41.163
3439,3439,17.962,19.335,24.955,41.268,58.329,59.838,56.535,56.068,46.35,3439,3439,30.788,28.591,31.716,38.491,54.643,59.898,55.658,57.938,44.7,3439,3439,17.455,16.807,29.003,39.366,53.347,60.066,69.988,57.644,41.784
3440,3440,20.484,19.339,32.314,41.034,52.576,54.12,55.775,57.334,43.274,3440,3440,30.663,26.362,28.194,38.774,53.676,59.109,54.21,59.324,43.786,3440,3440,15.1,23.472,30.673,43.135,51.717,55.573,66.842,55.687,40.944
3441,3441,23.381,18.582,27.954,44.255,50.517,52.951,58.323,53.137,44.517,3441,3441,27.933,25.698,28.659,38.121,50.569,57.045,55.822,52.662,42.4,3441,3441,9.8755,21.041,31.522,40.514,49.066,55.012,69.421,55.75,41.465
3442,3442,21.882,16.976,30.203,42.392,57.599,60.083,57.252,51.709,40.98,3442,3442,25.192,27.982,33.816,38.738,57.003,62.812,56.603,50.52,40.259,3442,3442,8.7619,19.986,30.922,39.81,56.322,64.341,70.565,57.162,40.97
3443,3443,19.01,22.466,30.354,44.636,62.007,63.23,59.048,52.754,43.773,3443,3443,20.236,20.945,30.736,38.046,52.23,56.289,57.161,51.061,40.387,3443,3443,4.3451,17.588,29.011,42.222,56.611,61.771,72.496,58.18,41.167
3444,3444,24.035,23.943,31.986,45.095,59.315,61.335,70.586,62.619,53.142,3444,3444,26.838,24.05,31.874,37.526,50.323,57.565,65.927,59.381,47.931,3444,3444,4.9647,21.924,34.506,43.18,55.095,63.714,80.013,67.592,47.67
3445,3445,22.523,18.605,34.488,48.688,69.188,69.595,73.388,68.352,61.724,3445,3445,24.366,20.569,27.984,41.386,64.25,68.315,69.828,66.848,57.041,3445,3445,2.3778,20.916,32.366,45.6,62.92,71.648,87.499,73.062,54.843
3446,3446,21.976,29.34,30.249,49.913,68.268,69.462,74.075,72.273,62.406,3446,3446,22.289,27.135,31.431,42.688,64.307,68.185,71.55,72.019,58.823,3446,3446,5.2314,11.174,29.85,49.8,65.279,75.109,87.509,75.968,55.846
3447,3447,27.87,26,29.885,51.529,70.813,72.684,76.282,75.804,64.895,3447,3447,29.988,30.032,29.649,45.433,69.359,73.675,75.755,76.401,61.038,3447,3447,4.1701,16.58,33.692,49.979,66.524,76.152,90.371,80.339,58.757
3448,3448,25.66,23.33,33.252,49.101,68.836,71.534,74.322,73.919,62.009,3448,3448,26.944,26.196,31.211,42.646,68.146,71.658,74.732,77.441,59.577,3448,3448,6.3336,18.97,33.064,48.466,65.948,76.556,88.402,78.732,56.489
3449,3449,16.124,22.926,28.586,47.375,65.262,68.094,75.339,73.197,60.675,3449,3449,18.584,28.281,23.684,43.86,67.172,72.824,77.081,74.323,58.377,3449,3449,-2.1973,17.367,34.581,49.957,64.198,75.95,92.595,80.212,58.47
3450,3450,23.512,22.011,26.923,40.553,60.089,63.59,73.457,72.681,60.187,3450,3450,25.96,33.069,29.938,43.718,65.268,68.983,78.569,73.351,59.61,3450,3450,1.3182,20.609,29.996,44.546,64.732,74.987,94.141,79.394,57.857
3451,3451,28.619,25.191,30.545,43.067,59.727,63.711,72.913,72.386,62.041,3451,3451,34.168,32.344,33.296,44.504,62.482,70.016,78.837,73.452,61.342,3451,3451,12.479,21.771,34.536,41.209,58.648,76.106,93.333,78.736,57.986
3452,3452,21.639,26.304,32.937,39.945,59.251,65.069,79.194,81.031,66.925,3452,3452,28.909,28.039,32.735,42.595,64.279,70.066,81.904,79.68,65.867,3452,3452,10.836,22.836,27.161,42.257,63.169,79.845,97.096,84.456,62.886
3453,3453,25.695,28.209,32.029,39.919,60.727,71.96,88.754,89.828,73.633,3453,3453,29.069,33.539,26.555,42.158,61.45,74.336,91.627,92.417,73.583,3453,3453,13.403,28.816,36.83,44.21,63.65,86.918,108.11,92.503,71.364
3454,3454,23.013,24.451,30.894,42.591,70.8,77.589,94.065,96.276,81.197,3454,3454,27.724,28.408,27.442,44.171,72.598,80.546,93.793,96.566,82.736,3454,3454,17.899,33.071,39.373,48.548,71.636,91.947,110.15,97.877,76.356
3455,3455,30.945,29.499,39.134,48.397,72.697,88.223,101.42,100.74,83.881,3455,3455,33.902,24.512,27.678,43.931,71.094,84.09,98.732,101.32,81.992,3455,3455,23.689,43.934,44.453,55.22,71.473,98.951,115.33,104.39,80.908
3456,3456,31.804,35.139,38.156,49.49,70.932,87.475,101.38,98.699,82.258,3456,3456,33.154,33.408,34.484,44.46,72.603,82.269,97.161,101.82,82.857,3456,3456,40.331,50.508,50.013,54.31,71.937,97.51,113.52,101.94,79.22
3457,3457,30.068,30.532,37.876,50.36,75.692,92.184,100.8,99.766,81.246,3457,3457,30.72,28.767,35.155,45.006,74.641,87.023,98.399,98.538,80.5,3457,3457,46.843,47.829,44.697,54.52,75.54,102.36,112.66,102.08,78.665
3458,3458,31.719,30.394,35.959,45.996,72.834,87.142,97.997,95.988,79.558,3458,3458,20.299,32.696,31.402,47.343,73.208,82.183,93.935,96.357,78.203,3458,3458,44.679,41.345,38.775,51.132,72.713,98.374,110.7,100.26,76.87
3459,3459,32.817,32.599,36.344,48.305,74.717,86.398,97.721,92.393,75.3,3459,3459,26.213,26.738,30.802,44.124,74.573,83.87,96.301,92.827,75.028,3459,3459,38.606,44.131,47.402,52.981,75.548,98.294,112.6,96.961,75.308
3460,3460,27.504,26.992,31.198,45.268,72.017,82.534,92.516,88.999,77.457,3460,3460,30.503,27.766,34.747,44.507,73.542,81.31,89.708,87.97,73.077,3460,3460,35.695,40.429,37.923,47.994,75.23,96.641,106.24,93.925,71.668
3461,3461,28.749,27.52,33.023,43.982,72.229,78.251,89.282,85.159,75.124,3461,3461,26.328,25.264,37.758,42.747,68.682,75.832,84.499,84.676,70.833,3461,3461,35.127,32.814,33.402,47.881,71.014,90.343,102.37,89.66,68.394
3462,3462,17.815,28.555,29.376,46.286,75.773,80.057,91.963,83.806,69.641,3462,3462,28.236,29.179,33.745,42.326,70.707,80.473,91.153,84.954,68.942,3462,3462,27.727,31.123,34.049,49.498,72.952,90.93,103.16,88.259,66.859
3463,3463,30.034,26.77,29.906,41.448,72.61,76.904,84.983,82.676,68.023,3463,3463,31.295,23.874,33.487,42.345,72.54,81.314,87.801,81.195,67.632,3463,3463,23.007,27.842,31.971,47.173,71.577,86.026,97.116,83.29,61.841
3464,3464,25.94,32.357,32.372,39.671,66.538,75.057,84.82,81.481,67.455,3464,3464,33.079,33.469,34.749,42.62,71.199,77.95,83.067,79.067,66.466,3464,3464,21.946,25.119,35.137,43.12,66.874,84.098,99.793,89.05,66.289
3465,3465,34.629,33.768,32.235,44.878,66.429,75.407,87.384,78.529,62.204,3465,3465,29.172,30.045,29.388,42.848,72.281,78.443,85.887,78.862,61.21,3465,3465,24.357,22.908,32.26,41.372,68.769,83.861,97.759,83.904,61.43
3466,3466,29.473,28.15,30.299,46.74,70.966,78.233,87.836,80.03,62.46,3466,3466,20.937,28.911,27.604,43.779,71.733,78.402,87.128,80.379,61.928,3466,3466,18.376,20.408,32.851,47.304,68.237,87.244,98.581,83.748,61.301
3467,3467,23.067,26.973,33.433,50.216,67.005,74.299,82.255,79.97,62.034,3467,3467,15.842,26.31,28.616,46.819,72.768,78.93,81.782,79.491,61.571,3467,3467,6.9538,22.667,26.982,49.035,68.615,82.988,92.784,80.254,57.845
3468,3468,14.926,31.492,39.701,49.505,70.351,72.629,79.86,75.133,59.117,3468,3468,23.769,23.048,30.134,44.756,66.451,73.347,77.905,77.995,59.664,3468,3468,10.632,25.083,32.538,45.927,66.326,80.199,92.646,78.67,56.063
3469,3469,32.721,29.288,33.522,48.905,69.473,69.706,76.361,70.259,54.725,3469,3469,31.557,28.344,29.465,44.145,69.503,76.217,73.341,71.17,53.927,3469,3469,18.991,24.579,31.952,48.115,65.6,76.997,91.473,76.969,55.507
3470,3470,36.989,30.144,39.02,49.821,68.42,70.722,68.149,66.969,52.735,3470,3470,32.31,18.572,33.001,45.865,63.295,66.471,65.296,67.551,50.975,3470,3470,23.397,25.169,33.398,49.273,63.838,70.95,80.996,67.297,46.999
3471,3471,28.323,21.953,33.58,51.889,68.889,68.771,67.488,69.62,53.777,3471,3471,28.774,28.317,27.75,45.862,63.252,70.222,65.129,68.721,51.516,3471,3471,17.234,18.861,29.562,50.09,62.651,72.304,80.43,70.016,48.218
3472,3472,27.128,23.868,27.741,49.933,68.9,67.885,61.312,63.628,51.338,3472,3472,26.748,28.73,28.34,41.986,60.899,65.522,60.36,63.881,50.152,3472,3472,13.705,17.906,30.858,46.245,61.981,65.532,74.507,63.704,45.272
3473,3473,31.067,33.043,30.875,49.144,63.842,65.313,60.94,59.995,49.572,3473,3473,29.031,33.239,32.43,46.243,60.912,60.012,59.143,61.465,48.613,3473,3473,17.652,21.652,34.359,52.38,65.749,64.736,73.473,63.506,44.56
3474,3474,29.678,36.227,35.628,45.212,63.195,63.581,56.502,56.416,47.074,3474,3474,27.033,33.908,30.146,46.947,57.853,59.698,56.747,58.483,46.209,3474,3474,14.963,20.556,31.742,48.863,60.432,63.18,69.262,61.197,42.751
3475,3475,32.048,30.047,31.705,46.604,60.793,62.073,56.484,55.223,44.538,3475,3475,33.05,29.87,35.584,47.335,56.901,57.952,55.618,57.075,44.05,3475,3475,20.032,14.322,28.532,48.396,62.209,62.554,70.206,59.301,41.484
3476,3476,27.587,32.159,31.584,44.84,53.75,53.174,53.582,54.959,45.738,3476,3476,31.53,34.477,35.989,43.198,52.894,59.825,54.235,56.304,43.808,3476,3476,18.862,16.026,33.144,43.885,55.681,62.976,67.946,58.623,40.498
3477,3477,27.046,32.882,35.954,44.928,54.309,56.46,52.638,56.341,44.093,3477,3477,32.706,30.754,35.403,46.887,53.249,57.771,52.775,59.715,44.371,3477,3477,18.759,23.711,34.256,44.716,56.706,57.173,65.91,56.231,40.559
3478,3478,23.833,24.954,36.832,50.452,54.276,54.46,51.377,56.038,46.119,3478,3478,34.553,30.78,36.506,46.657,53.548,58.049,52.807,59.865,43.731,3478,3478,15.462,22.455,33.98,42.382,53.459,56.419,67.033,57.793,40.932
3479,3479,24.396,28.348,40.403,43.973,55.226,53.51,59.276,65.55,49.129,3479,3479,30.887,32.613,29.17,47.45,53.089,56.983,58.961,67.204,47.711,3479,3479,12.844,23.785,31.151,42.176,53.78,58.487,71.499,63.662,44.139
3480,3480,23.585,28.184,35.441,45.76,62.147,61.224,65.971,70.339,56.516,3480,3480,21.448,35.123,32.502,50.232,53.386,60.852,62.078,70.382,55.086,3480,3480,1.1677,21.408,35.668,45.164,58.232,65.763,78.641,69.562,49.685
3481,3481,30.36,30.921,31.351,49.038,49.777,47.951,49.583,61.192,47.767,3481,3481,29.552,31.003,34.607,47.513,49.509,52.427,51.281,62.215,46.254,3481,3481,17.711,22.532,30.421,38.106,50.147,51.56,62.067,58.207,42.839
3482,3482,37.687,34.101,32.617,42.57,49.578,49.676,47.66,54.314,44.895,3482,3482,37.426,32.363,29.481,50.041,54.793,54.087,50.1,55.367,41.696,3482,3482,25.702,22.833,31.426,40.673,49.449,52.219,61.545,55.15,40.332
3483,3483,30.886,29.941,34.881,46.715,47.422,44.318,45.264,50.533,40.27,3483,3483,31.634,29.753,33.198,46.13,51.105,51.971,47.859,50.643,39.055,3483,3483,18.705,19.478,32.093,41.773,47.5,49.423,59.26,51.602,39.335
3484,3484,31.487,36.819,30.211,46.363,49.089,48.209,46.118,48.684,42.92,3484,3484,34.81,37.262,28.846,50.003,52.633,56.147,49.814,50.428,39.21,3484,3484,20.547,27.673,31.477,43.084,46.921,49.287,60.32,50.807,40.696
3485,3485,35.743,32.27,28.662,44.895,50.955,49.226,45.522,47.108,40.149,3485,3485,30.979,26.138,30.625,51.361,54.706,54.326,47.036,47.698,38.605,3485,3485,20.963,22.779,30.528,44.777,50.013,50.485,59.67,51.235,39.435
3486,3486,31.673,29.091,34.535,46.301,52.691,51.897,47.801,48.518,42.438,3486,3486,21.682,32.835,33.605,48.061,51.225,54.975,50.167,50.455,39.649,3486,3486,15.167,19.635,30.429,39.033,48.95,51.756,61.675,51.583,41.581
3487,3487,30.398,28.383,31.813,49.721,53.183,51.605,45.868,46.607,39.928,3487,3487,30.147,32.035,27.138,43.371,50.636,54.143,47.295,47.464,38.63,3487,3487,9.2271,21.302,34.786,40.156,49.135,49.675,60.263,51.601,38.942
3488,3488,25.524,28.247,27.582,45.345,50.754,48.799,46.023,47.848,42.694,3488,3488,32.879,30.349,29.53,46.445,51.039,54.833,46.894,48.161,39.103,3488,3488,15.208,23.437,31.03,38.435,48.583,51.576,61.729,53.005,39.406
3489,3489,18.285,19.495,30.066,43.317,49.598,45.956,45.696,48.196,39.808,3489,3489,26.958,26.445,31.745,48.441,52.451,54.192,47.76,48.844,39.608,3489,3489,11.252,21.759,31.817,41.269,49.656,50.528,62.547,53.744,39.567
3490,3490,31.269,35.029,33.164,39.843,52.47,52.267,44.626,47.314,42.761,3490,3490,38.284,35.467,32.756,45.729,49.837,52.029,47.838,47.596,39.671,3490,3490,24.022,23.55,29.778,39.22,48.366,52.051,61.211,52.834,39.459
3491,3491,37.596,36.479,33.771,42.753,50.965,49.895,45.397,47.085,40.912,3491,3491,38.666,30.41,29.435,45.29,49.458,53.281,47.176,48.706,38.82,3491,3491,25.421,21.775,28.951,38.679,47.384,52.076,61.359,52.585,39.948
3492,3492,35.005,31.793,33.773,44.492,49.45,46.85,46.434,48.525,39.847,3492,3492,32.319,30.27,32.526,41.494,47.094,50.507,49.12,48.248,39.221,3492,3492,21.59,19.137,33.039,43.431,52.137,52.189,61.366,52.49,39.463
3493,3493,25.113,23.96,30.494,44.431,49.487,47.401,44.467,49.719,43.571,3493,3493,20.936,24.283,30.478,42.009,50.284,54.146,49.012,52.627,41.368,3493,3493,10.324,20.67,34.737,41.477,50.44,51.783,62.281,52.512,39.87
3494,3494,17.631,21.906,26.875,39.774,48.571,47.121,51.138,54.315,43.025,3494,3494,22.2,26.862,32.135,41.72,50.619,56.455,51.144,54.096,46.444,3494,3494,4.1357,26.573,33.675,40.893,46.647,55.804,67.336,54.556,39.822
3495,3495,19.668,25.997,31.928,41.017,50.566,52.306,50.809,57.792,48.628,3495,3495,31.13,30.686,33.639,38.443,49.833,53.109,51.883,58.177,50.658,3495,3495,16.307,29.407,32.284,38.639,48.738,51.355,64.271,56.975,42.221
3496,3496,27.628,28.108,32.842,41.702,47.961,46.344,47.847,56.195,48.332,3496,3496,34.263,21.828,29.125,40.167,53.413,57.223,51.828,56.872,49.352,3496,3496,19.488,21.605,31.954,38.771,49.025,51.169,65.574,57.786,45.161
3497,3497,19.778,23.394,28.577,40.927,51.15,51.503,48.723,60.163,55.105,3497,3497,31.25,25.729,29.112,40.555,49.748,55.568,53.066,59.521,54.422,3497,3497,15.803,23.678,31.653,42.395,48.088,54.259,66.806,59.019,49.367
3498,3498,6.3461,13.744,28.923,38.503,48.304,45.515,48.515,61.877,60.786,3498,3498,27.748,26.832,28.338,41.151,48.736,53.151,50.411,63.172,58.639,3498,3498,14.948,21.594,34.929,37.874,47.897,53.674,64.16,57.738,55.447
3499,3499,18.211,26.426,31.575,39.947,50.22,46.85,44.977,49.002,43.828,3499,3499,19.366,27.606,32.252,43.856,52.178,53.568,47.927,49.429,40.795,3499,3499,8.9648,20.57,32.998,41.611,53.637,51.908,61.653,52.553,39.525
3500,3500,24.909,24.736,29.651,44.933,49.653,46.559,44.324,48.883,42.818,3500,3500,28.968,25.158,35.844,50.21,51.847,48.53,47.062,50.58,42.645,3500,3500,10.084,23.924,26.061,41.522,47.318,49.071,61.292,51.949,40.149
3501,3501,29.497,26.404,25.774,41.005,47.522,45.271,45.359,49.1,44.323,3501,3501,33.616,24.931,33.779,45.637,48.565,48.981,47.566,50.389,43.709,3501,3501,11.589,18.976,29.265,38.53,47.612,52.127,61.221,52.531,40.309
3502,3502,25.68,27.843,25.917,35.056,46.336,44.366,45.466,50.51,41.686,3502,3502,28.113,29.31,32.628,36.78,45.177,47.222,48.466,50.938,39.956,3502,3502,11.199,22.525,34.593,36.572,47.259,49.082,60.962,52.712,38.676
3503,3503,23.805,27.105,28.757,42.202,49.097,48.116,45.33,51.651,44.095,3503,3503,26.736,28.581,27.368,36.986,45.99,51.019,48.402,50.593,40.213,3503,3503,6.3347,20.775,33.136,38.299,46.752,51.028,60.838,51.785,39.588
3504,3504,28.578,29.988,32.148,40.607,47.814,47.402,46.495,53.607,41.899,3504,3504,27.504,33.544,27.382,36.418,46.096,49.674,47.362,51.705,40.456,3504,3504,16.384,24.369,32.739,41.425,50.627,49.495,61.323,51.535,40.04
3505,3505,34.696,33.528,33.999,39.982,45.948,43.772,47.491,53.051,44.55,3505,3505,36.123,33.918,32.894,39.504,45.574,46.661,47.47,53.171,40.852,3505,3505,24.185,20.928,29.853,39.787,48.793,49.537,61.964,53.367,39.664
3506,3506,31.258,32.71,31.078,40.564,46.363,51.09,49.229,54.539,44.967,3506,3506,32.567,29.631,26.863,40.967,46.056,51.601,48.673,53.811,44.813,3506,3506,21.778,27.922,35.235,38.445,46.574,49.863,62.316,52.701,40.291
3507,3507,27.266,27.71,32.349,41.235,52.283,53.865,51.738,52.384,44.452,3507,3507,26.669,30.447,31.049,37.8,47.796,55.897,48.996,53.397,43.584,3507,3507,16.58,21.176,29.659,37.303,49.088,57.598,65.913,55.019,39.9
3508,3508,26.885,26.926,26.854,45.858,51.269,50.25,49.336,51.754,42.055,3508,3508,26.921,31.382,28.478,36.249,46.128,52.601,50.391,51.387,40.626,3508,3508,11.988,16.783,28.931,36.613,46.17,50.613,63.118,53.774,38.753
3509,3509,24.983,28.101,28.409,43.689,48.89,49.182,46.325,50.537,44.44,3509,3509,24.953,30.663,33.607,41.17,46.645,49.696,47.802,50.275,40.748,3509,3509,7.3932,22.069,28.656,37.19,45.309,52.042,61.866,51.767,39.592
3510,3510,25.501,22.777,32.912,43.925,47.662,47.975,47.254,50.227,40.878,3510,3510,29.929,24.776,32.867,43.272,47.039,50.842,47.862,50.743,39.612,3510,3510,12.931,25.939,29.35,35.671,44.106,51.807,62.046,52.984,38.832
3511,3511,28.413,28.62,32.188,42.583,46.666,46.196,48.544,51.119,44.253,3511,3511,20.77,26.821,27.461,43.735,48.417,47.95,48.902,52.468,40.366,3511,3511,12.074,25.751,35.576,39.052,45.754,53.406,63.287,53.188,39.904
3512,3512,33.783,25.359,30.434,48.535,58.03,59.33,53.767,49.86,42.748,3512,3512,24.663,31.207,36.953,45.599,53.871,58.995,50.056,50.427,41.021,3512,3512,17.304,25.961,31.882,43.174,54.207,55.154,64.767,53.155,40.232
3513,3513,27.263,25.63,33.773,52.332,67.375,66.906,58.503,52.809,45.407,3513,3513,29.085,35.974,33.012,44.331,64.907,69.14,55.6,52.947,42.257,3513,3513,14.338,27.046,33.52,46.566,59.511,64.255,67.663,57.543,41.389
3514,3514,28.703,34.369,37.234,49.018,65.015,66.464,60.353,52.873,43.924,3514,3514,31.186,34.592,31.887,47.74,60.004,64.156,55.778,53.092,42.683,3514,3514,17.678,24.687,34.224,51.063,61.439,65.818,71.289,59.178,41.814
3515,3515,34.078,34.215,38.131,52.101,69.935,70.812,60.265,54.515,45.921,3515,3515,32.963,33.465,29.346,44.661,64.901,70.436,57.46,54.874,42.829,3515,3515,21.42,22.045,31.542,50.553,62.998,67.464,70.524,57.883,41.999
3516,3516,32.807,30.254,34.965,57.726,70.206,69.689,61.943,52.788,44.725,3516,3516,31.234,23.46,30.576,47.861,61.714,66.059,57.752,54.419,43.123,3516,3516,20.936,17.85,30.433,50.205,62.599,68.262,71.09,57.899,42.63
3517,3517,29.622,28.479,33.987,55.992,68.708,69.603,61.359,51.066,44.497,3517,3517,31.488,28.538,29.412,47.276,63.61,67.389,57.648,52.104,41.69,3517,3517,12.071,21.855,32.081,49.988,64.142,68.429,70.416,56.642,41.092
3518,3518,32.126,24.97,34.706,54.841,70.811,71.052,59.992,49.578,42.109,3518,3518,27.102,22.133,30.992,45.872,61.426,65.543,56.645,49.625,40.238,3518,3518,14.756,22.159,31.976,51.184,63.101,64.744,70.475,57.061,40.585
3519,3519,23.502,24.027,33.359,54.07,66.722,68.759,57.283,48.917,42.744,3519,3519,24.923,21.046,32.37,48.972,63.139,65.462,54.367,48.595,39.344,3519,3519,8.6766,19.877,29.92,54.792,65.872,63.274,67.853,56.118,40.292
3520,3520,23.982,27.112,30.836,45.38,63.408,61.272,53.637,48.805,40.015,3520,3520,23.426,22.153,31.86,46.105,62.498,65.949,52.56,50.877,38.046,3520,3520,6.0489,13.835,34.209,50.624,63.905,58.955,67.389,57.555,39.675
3521,3521,15.617,25.799,31.49,44.094,62.026,64.073,49.858,49.489,43.29,3521,3521,23.974,30.594,28.325,44.409,60.139,62.8,51.658,50.55,39.363,3521,3521,7.0034,23.862,33.092,50.095,63.672,58.977,64.188,56.106,39.975
3522,3522,21.453,25.404,28.069,41.853,56.851,56.355,47.731,47.635,39.543,3522,3522,23.971,26.502,25.489,43.505,54.988,58.732,49.267,48.085,38.086,3522,3522,2.6912,21.625,29.107,44.407,59.054,54.488,62.58,53.642,39.112
3523,3523,23.322,20.986,30.366,40.131,56.022,58.104,46.901,46.954,42.847,3523,3523,26.993,17.51,32.673,40.346,53.264,59.983,49.011,48.944,38.836,3523,3523,6.136,17.187,27.345,40.111,51.635,56.501,62.415,53.633,39.322
3524,3524,21.035,20.24,34.051,41.423,58.432,57.171,47.23,46.946,39.368,3524,3524,24.863,23.478,30.08,37.493,52.456,57.652,47.126,48.871,38.367,3524,3524,8.3574,11.895,28.563,41.453,55.201,54.835,62.166,54.046,39.344
3525,3525,22.192,19.993,30.339,41.422,53.439,51.643,46.659,46.889,42.925,3525,3525,26.344,19.454,32.067,39.5,50.622,56.506,48.068,48.533,38.694,3525,3525,8.187,16.954,33.567,41.066,49.595,53.958,60.141,52.344,39.015
3526,3526,17.906,23.771,30.877,37.391,52.108,51.06,47.115,48.174,39.5,3526,3526,20.486,28.422,36.521,41.477,51.504,56.862,47.067,49.337,38.145,3526,3526,8.9279,24.654,31.555,37.307,49.675,54.178,61.763,51.922,38.663
3527,3527,29.441,35.262,31.94,39.076,50.487,48.918,46.579,46.568,42.709,3527,3527,34.623,39.674,35.755,40.414,49.07,51.969,46.764,47.205,38.95,3527,3527,13.766,22.472,33.549,41.518,50.978,51.777,60.4,51.393,39.039
3528,3528,32.016,33.986,32.498,40.448,50.606,47.993,44.759,45.113,39.087,3528,3528,34.545,32.096,36.894,39.223,46.31,49.206,46.465,47.491,37.427,3528,3528,15.121,19.614,27.165,38.448,49.976,49.85,59.742,50.989,38.428
3529,3529,30.879,25.885,31.513,38.56,49.759,47.95,44.986,47.158,42.728,3529,3529,31.097,28.372,35.409,40.169,47.682,48.51,48.088,47.43,38.221,3529,3529,9.1299,23.717,31.25,40.05,52.326,49.872,59.466,51.11,39.028
3530,3530,31.566,26.018,31.281,47.284,51.551,50.348,44.189,46.389,39.61,3530,3530,30.475,27.951,36.117,41.209,45.837,46.819,47.248,47.536,38.017,3530,3530,3.6582,18.484,28.845,41.024,46.624,47.316,59.072,51.239,38.988
3531,3531,31.38,25.013,34.353,44.49,50.747,50.152,45.041,46.748,42.582,3531,3531,31.569,27.831,33.206,39.9,48.757,54.124,47.47,47.862,38.273,3531,3531,8.9528,25.91,32.657,36.371,47.689,47.343,59.423,50.552,39.09
3532,3532,33.364,32.562,34.001,44.551,50.882,50.498,45.204,47.933,39.572,3532,3532,35.719,35.952,35.364,43.695,48.835,54.731,47.491,49.359,38.117,3532,3532,14.969,22.845,29.952,42.581,47.632,50.649,60.686,52.12,38.665
3533,3533,30.29,31.547,29.745,42.67,52.893,53.119,45.295,46.268,42.28,3533,3533,33.031,32.688,34.563,40.269,49.686,57.289,47.658,47.379,38.399,3533,3533,9.822,22.358,32.228,42.764,48.697,49.632,59.998,50.227,39.509
3534,3534,21.002,26.012,34.007,39.693,51.368,51.13,45.735,46.557,41.271,3534,3534,22.751,30.809,33.911,43.983,50.43,54.98,48.012,46.794,38.59,3534,3534,11.255,20.166,29.927,39.493,49.84,51.058,58.599,49.162,42.566
3535,3535,31.085,29.086,32.489,46.151,51.053,49.116,49.715,47.912,44.599,3535,3535,31.862,33.29,28.981,48.966,50.147,54.07,52.306,51.082,42.956,3535,3535,19.527,23.089,30.969,37.742,46.67,48.707,60.914,51.123,48.993
3536,3536,28.85,30.492,32.058,44.073,48.7,46.66,46.906,48.529,43.322,3536,3536,27.246,29.191,29.478,41.26,50.155,55.422,50.209,49.698,39.358,3536,3536,16.225,20.107,28.563,38.361,46.103,49.395,61.654,52.271,41.304
3537,3537,21.688,25.077,34.144,46.519,51.801,50.07,46.023,47.3,40.158,3537,3537,27.93,29.316,28.4,45.49,48.999,50.081,49.767,48.764,38.425,3537,3537,11.211,17.992,31.645,38.934,47.774,49.332,62.716,53.803,39.524
3538,3538,14.513,23.191,33.046,46.395,52.551,48.793,46.42,48.642,43.65,3538,3538,21.879,23.628,28.137,50.2,52.13,52.088,49.487,48.947,39.878,3538,3538,11.206,16.693,29.963,42.461,48.946,49.803,59.849,51.687,43.897
3539,3539,17.09,25.699,32.189,50.837,50.477,43.593,44.053,46.43,39.471,3539,3539,19.943,25.611,33.081,49.348,51.456,48.092,47.532,48.925,38.01,3539,3539,12.343,19.457,30.767,42.046,47.779,49.009,61.527,52.381,39.114
3540,3540,22.547,31.261,31.972,47.602,50.599,45.425,45.932,47.259,43.453,3540,3540,22.637,34.35,34.295,46.744,48.796,45.457,49.95,50.041,39.146,3540,3540,9.315,19.189,28.587,46.721,49.025,48.26,60.871,52.881,39.052
3541,3541,21.292,27.365,33.034,39.752,53.765,53.973,51.392,50.018,42.692,3541,3541,21.87,31.283,32.189,42.846,52.048,54.733,51.901,50.179,41.01,3541,3541,5.6031,17,32.088,46.212,56.813,58.344,65.144,53.925,39.928
3542,3542,16.223,21.686,34.893,46.419,54.985,54.013,51.202,50.773,44.638,3542,3542,18.291,26.495,32.127,43.704,51.684,52.64,52.872,50.658,42.014,3542,3542,-0.87394,19.66,28.552,45.187,53.514,56.781,68.705,58.162,41.671
3543,3543,17.875,26.309,33.05,41.548,52.53,51.115,48.668,49.505,43.108,3543,3543,21.781,25.503,32.649,40.487,52.065,53.845,53.607,51.173,41.593,3543,3543,5.1887,20.62,27.034,38.188,56.99,58.663,70.183,59.164,42.933
3544,3544,12.91,25.806,28.428,41.758,54.875,58.064,62.616,62.2,48.058,3544,3544,18.585,28.207,29.198,39.04,63.847,65.645,69.292,62.658,46.15,3544,3544,-1.0306,29.21,33.814,42.737,65.624,71.146,85.26,71.628,50.088
3545,3545,16.022,29.51,31.497,42.061,66.085,65.525,69.788,70.717,54.87,3545,3545,22.697,28.183,32.205,46.504,69.466,71.979,74.505,72.592,55.946,3545,3545,2.4241,24.188,29.313,49.74,68.754,75.821,89.175,77.898,54.655
3546,3546,24.57,29.146,34.32,45.927,75.282,76.701,78.906,83.431,69.653,3546,3546,27.571,31.826,34.131,46.151,75.193,77.612,79.806,83.256,69.026,3546,3546,4.8505,22.408,32.351,50.479,70.935,84.306,93.398,83.705,62.842
3547,3547,29.699,21.665,38.659,50.924,78.721,80.543,88.81,91.98,77.39,3547,3547,33.641,21.896,31.709,45.536,70.317,73.154,85.745,91.982,78.029,3547,3547,13.781,22.109,36.314,53.728,70.186,84.697,100.01,93.149,70.505
3548,3548,20.384,23.162,34.579,44.49,69.068,70.661,79.572,84.943,68.41,3548,3548,26.447,28.504,35.534,45.849,65.633,70.856,79.626,84.352,67.414,3548,3548,10.662,25.154,33.609,52.105,66.845,76.339,92.734,84.468,62.557
3549,3549,25.835,18.225,32.311,43.033,62.613,66.12,74.231,72.537,54.523,3549,3549,31.055,26.497,32.277,45.106,66.38,72.656,73.576,73.117,54.43,3549,3549,9.1694,22.468,30.004,43.259,63.82,77.152,86.737,75.387,52.594
3550,3550,24.718,23.843,32.622,39.049,56.499,59.132,65.745,61.884,47.43,3550,3550,28.855,29.041,33.399,44.886,61.077,63.521,62.448,62.607,45.679,3550,3550,12.503,20.79,27.687,40.616,62.14,68.287,76.854,65.22,44.498
3551,3551,26.292,29.531,28.382,41.985,57.72,56.799,59.448,53.734,43.187,3551,3551,30.449,30.037,33.43,42.536,59.383,62.861,58.043,55.387,40.966,3551,3551,10.252,23.001,36.635,44.066,62.512,63.745,73.545,61.379,42.084
3552,3552,30.845,33.293,29.504,39.001,58.327,59.312,58.429,53.419,45.328,3552,3552,35.658,37.232,36.603,45.487,56.214,58.669,55.642,53.03,42.303,3552,3552,14.301,19.968,30.1,41.177,57.532,58.387,69.383,58.232,41.994
3553,3553,31.841,22.296,29.851,41.524,56.264,59.403,55.023,50.382,42.513,3553,3553,35.197,31.113,36.191,44.838,56.805,62.982,52.763,51.573,40.342,3553,3553,14.789,11.577,29.724,41.374,57.121,58.141,67.99,56.081,41.107
3554,3554,24.099,30.729,28.129,40.562,55.787,56.368,52.114,49.612,44.862,3554,3554,28.141,26.633,29.077,48.604,56.29,61.067,51.602,50.123,40.569,3554,3554,10.257,26.6,31.349,41.698,56.475,56.186,66.25,54.972,40.682
3555,3555,21.969,20.989,33.575,44.069,60.153,60.12,51.506,49.058,42.168,3555,3555,26.243,27.038,33.321,42.457,59.108,62.256,51.202,47.7,39.818,3555,3555,10.202,21.846,32.763,44.787,60.407,60.011,63.427,53.219,40.03
3556,3556,18.422,16.132,31.45,44.668,53.814,52.638,51.593,48.833,43.856,3556,3556,21.158,24.659,34.037,43.964,57.011,61.738,50.749,49.502,39.697,3556,3556,7.2067,16.727,28.585,43.529,56.7,57.169,63.662,53.184,39.381
3557,3557,23.532,22.351,35.455,44.767,55.116,58.777,56.141,49.675,41.696,3557,3557,26.595,25.115,35.336,47.61,56.65,60.465,53.782,49.689,39.688,3557,3557,2.9087,16.328,33.359,43.198,55.392,61.344,67.356,55.224,40.376
3558,3558,31.445,22.823,31.764,49.611,61.062,61.261,57.327,50.526,44.333,3558,3558,28.385,28.866,36.348,48.887,57.362,62.305,54.068,49.526,40.285,3558,3558,6.0085,22.702,29.421,37.922,54.721,62.246,67.594,55.069,40.827
3559,3559,26.78,27.217,32.763,43.693,61.617,62.421,57.359,51.604,41.593,3559,3559,25.402,29.204,31.494,45.609,54.916,59.574,56.699,51.292,40.405,3559,3559,7.8596,11.895,24.788,44.465,56.321,62.119,69.666,57,41.168
3560,3560,32.13,27.176,32.962,42.019,57.124,58.025,58.516,51.113,43.799,3560,3560,28.684,28.011,30.733,42.436,52.346,56.319,56.164,50.665,40.566,3560,3560,9.1135,19.231,27.42,41.813,52.016,58.842,71.97,58.799,42.008
3561,3561,26.969,23.977,29.635,40.943,52.343,53.047,58.021,50.218,41.108,3561,3561,29.898,25.207,30.249,42.855,49.621,52.459,56.342,50.69,40.291,3561,3561,4.555,20.966,34.266,40.895,52.075,57.11,70.909,57.713,40.926
3562,3562,26.117,22.53,30.689,42.43,50.6,52.183,57.588,50.652,43.608,3562,3562,29.442,28.638,30.953,43.535,49.997,53.498,55.02,49.757,39.385,3562,3562,7.7846,20.272,28.752,38.185,48.52,56.562,68.368,55.775,40.627
3563,3563,31.514,27.803,32.979,47.173,55.875,58.077,57.137,51.516,41.283,3563,3563,33.738,35.278,35.346,47.602,52.642,54.831,56.965,50.874,39.464,3563,3563,13.216,23.751,33.902,40.107,54.978,59.288,70.253,57.472,40.843
3564,3564,33.195,25.944,27.003,43.266,59.532,61.687,58.658,52.693,43.933,3564,3564,43.185,38.683,35.757,42.231,51.592,58.496,57.814,50.166,39.591,3564,3564,27.258,24.791,31.959,38.838,54.097,60.577,72.69,58.231,40.954
3565,3565,29.517,28.326,34.313,43.797,59.456,62.111,71.471,63.249,52.531,3565,3565,42.825,33.179,29.981,42.379,52.151,60.375,67.826,59.849,48.622,3565,3565,26.713,20.303,35.932,43.062,56.275,66.396,80.887,67.683,47.671
3566,3566,26.8,22.306,32.089,47.756,67.34,68.547,74.198,68.031,60.052,3566,3566,37.344,28.586,31.275,42.954,62.159,65.25,70.852,67.465,57.311,3566,3566,20.889,18.471,31.08,46.941,62.611,72.094,87.672,73.55,54.603
3567,3567,30.629,32.445,34.68,51.033,66.176,69.269,75.277,71.482,63.449,3567,3567,35.798,35.883,31.452,45.568,65.531,67.997,71.641,72.724,62.542,3567,3567,15.923,23.43,26.966,51.022,66.039,76.726,87.67,74.719,57.662
3568,3568,28.191,32.02,34.997,53.821,67.893,70.722,76.335,77.398,66.142,3568,3568,30.748,33.8,35.76,51.058,67.008,70.618,76.242,77.348,63.211,3568,3568,9.7227,14.569,30.07,48.567,65.397,77.809,90.417,81.843,60.058
3569,3569,26.328,26.509,31.276,49.389,66.449,70.378,75.234,74.866,63.835,3569,3569,33.649,29.805,32.727,45.509,64.798,69.328,74.941,76.767,60.663,3569,3569,12.52,23.964,28.208,49.186,64.807,77.268,87.726,78.997,57.486
3570,3570,18.82,20.133,33.733,49.006,65.597,68.784,75.667,80.568,65.193,3570,3570,30.177,24.141,34.526,46.59,66.354,73.661,76.861,80.896,62.491,3570,3570,10.03,19.026,33.181,48.47,65.988,78.292,89.295,82.999,60.433
3571,3571,22.173,27.464,33.961,46.58,64.977,66.698,79.593,83.144,68.105,3571,3571,26.846,28.376,35.633,47.185,65.09,71.423,85.126,83.866,67.675,3571,3571,4.6716,15.081,32.616,45.729,65.096,78.912,100.73,87.941,66.153
3572,3572,24.574,29.485,40.043,50.499,66.555,72.188,92.569,102.48,88.423,3572,3572,30.439,31.936,39.73,50.404,69.122,74.822,92.16,105.98,91.582,3572,3572,12.055,22.56,32.284,46.566,71.995,87.705,106.33,100.1,81.538
3573,3573,38.289,46.582,50.285,53.569,76.436,82.586,102.01,111.31,98.744,3573,3573,32.751,40.441,46.849,54.275,73.037,81.335,103.75,112.07,97.533,3573,3573,22.224,43.895,49.459,57.313,72.67,93.916,115.3,110.52,91.563
3574,3574,55.365,59.119,54.481,57.339,83.681,87.643,103.12,112.6,100.09,3574,3574,44.02,44.145,44.185,52.474,75.477,84.034,104.18,113.04,99.695,3574,3574,32.524,54.546,56.973,60.405,77.743,95.851,115.85,110.64,93.181
3575,3575,58.091,57.743,54.074,55.482,80.14,86.241,100.23,108.83,94.169,3575,3575,46.413,48.008,41.406,49.672,72.974,81.696,100.47,107.71,95.946,3575,3575,51.242,58.292,57.087,58.697,74.148,93.599,114.12,105.58,87.943
3576,3576,57.926,59.557,35,45.675,72.268,78.67,93.409,92.507,78.042,3576,3576,47.63,49.166,35.554,48.576,69.638,75.831,89.388,94.435,77.616,3576,3576,50.251,56.039,41.697,51.77,68.709,85.029,106.71,94.45,72.776
3577,3577,45.953,48.482,34.504,51.076,69.954,73.974,83.406,85.479,70.011,3577,3577,34.434,43.728,39.604,42.171,66.365,72.144,82.239,87.635,70.265,3577,3577,49.197,48.512,33.18,45.135,65.27,79.201,95.72,87.053,64.207
3578,3578,42.987,39.359,33.15,51.499,61.573,69.086,77.438,76.8,58.98,3578,3578,28.619,35.346,32.396,49.994,65.731,72.617,76.944,75.756,58.368,3578,3578,40.635,38.499,35.261,43.567,61.179,76.781,88.71,77.536,54.653
3579,3579,34.475,31.954,31.741,52.076,59.406,63.633,69.942,65.19,52.348,3579,3579,29.845,31.352,34.835,45.331,60.38,66.958,68.155,69.179,51.845,3579,3579,34.92,28.803,33.88,42.341,59.784,75.255,84.382,69.874,48.503
3580,3580,29.619,25.868,29.482,42.626,57.051,58.635,63.465,58.952,47.027,3580,3580,27.206,33.63,31.274,41.768,54.321,56.892,60.755,61.273,47.027,3580,3580,28.929,21.575,31.798,40.75,57.008,63.7,75.871,60.235,43.214
3581,3581,28.881,22.668,31.037,44.589,53.528,57.074,59.562,57.572,47.791,3581,3581,23.581,32.274,35.2,48.264,55.375,57.102,58.115,58.576,46.066,3581,3581,22.749,23.719,28.865,43.575,56.792,62.962,72.292,60.467,42.678
3582,3582,22.808,33.103,34.857,39.599,52.662,55.262,55.412,55.226,48.5,3582,3582,33.869,32.083,39.761,44.011,54.545,59.465,54.491,59.678,48.757,3582,3582,20.793,13.708,30.067,38.96,53.368,60.236,67.049,59.422,45.105
3583,3583,24.076,30.716,26.608,37.227,54.475,57.012,54.701,56.529,47.898,3583,3583,31.453,37.261,34.715,42.823,52.571,59.17,52.435,57.44,46.305,3583,3583,14.261,24.224,29.357,42.583,54.622,60.357,67.793,57.582,43.279
3584,3584,28.583,24.689,25.907,41.939,56.796,57.344,50.667,54.599,44.425,3584,3584,37.362,29.602,34.219,40.86,54.945,57.631,51.921,56.453,43.393,3584,3584,20.088,27.225,33.369,41.49,56.565,58.864,67.207,58.329,41.158
3585,3585,25.745,21.852,31.995,40.819,54.523,55.715,54.312,53.52,45.007,3585,3585,34.781,28.101,32.338,42.521,51.013,55.328,52.477,54.369,42.43,3585,3585,15.127,25.687,33.181,35.142,49.279,54.807,67.959,54.338,40.799
3586,3586,19.776,24.782,30.851,45.141,54.448,56.32,54.891,49.467,42.543,3586,3586,31.718,30.413,34.519,48.03,51.663,58.471,50.895,50.665,40.188,3586,3586,14.919,23.453,34.758,39.797,55.115,62.673,66.012,51.786,40.432
3587,3587,22.526,26.877,32.218,48.379,54.525,54.665,46.569,51.147,46.205,3587,3587,35.703,36.081,34.656,49.271,52.499,53.511,48.041,50.808,42.577,3587,3587,17.295,21.746,31.082,39.802,53.15,52.729,60.095,50.541,41.776
3588,3588,27.28,25.744,29.695,41.883,53.571,51.563,51.299,58.94,52.172,3588,3588,39.97,39.526,35.139,44.215,49.918,51.165,51.711,59.982,52.483,3588,3588,22.54,25.108,34.395,38.153,49.268,52.913,64.683,60.014,47.752
3589,3589,28.098,26.772,32.506,50.414,54.023,53.407,59.377,72.298,64.808,3589,3589,39.982,37.37,30.881,45.302,49.101,54.219,61.941,73.192,64.193,3589,3589,22.744,27.421,34.921,42.14,49.693,56.227,72.358,68.093,57.723
3590,3590,18.652,24.116,35.901,47.187,62.113,64.754,74.501,81.103,67.559,3590,3590,32.338,33.196,37.948,42.966,54.266,60.661,70.474,82.559,65.758,3590,3590,15.674,13.962,35.821,41.474,56.521,69.371,82.273,80.892,58.411
3591,3591,27.647,30.827,37.488,48.58,64.458,65.589,79.645,83.382,70.118,3591,3591,20.682,30.958,36.21,43.129,55.833,61.719,77.075,84.682,68.29,3591,3591,18.471,25.772,33.977,49.337,63.646,73.13,91.095,84.63,62.736
3592,3592,27.588,29.235,36.836,46.898,64.948,67.922,81.869,88.99,73.95,3592,3592,18.976,31.556,34.09,46.335,58.073,64.586,81.024,89.581,74.774,3592,3592,14.887,24.931,30.153,45.831,61.333,74.512,94.206,88.976,67.102
3593,3593,21.474,30.57,36.53,50.479,58.468,59.836,68.122,67.425,52.402,3593,3593,25.526,32.85,32.444,45.663,54.52,59.6,66.297,67.182,49.922,3593,3593,14.56,21.937,26.182,44.744,55.424,66.985,83.079,72.812,49.892
3594,3594,28.616,27.232,34.779,48.887,55.925,55.002,61.756,61.116,46.706,3594,3594,29.795,30.404,30.626,49.353,53.144,55.116,58.44,61.323,45.338,3594,3594,2.5024,18.157,27.947,41.305,53.655,61.337,73.943,64.845,43.75
3595,3595,30.585,26.72,27.949,43.141,50.556,53.769,58.867,59.421,46.013,3595,3595,33.32,30.667,30.097,44.488,55.726,61.89,57.269,58.875,43.94,3595,3595,11.034,21.609,30.595,42.32,56.853,65.328,71.934,62.222,42.936
3596,3596,22.025,21.418,31.146,43.384,51.218,54.559,62.458,60.912,45.949,3596,3596,26.249,29.996,31.336,45.866,57.287,60.939,61.335,61.509,45.314,3596,3596,8.6655,26.524,31.896,44.18,59.785,66.22,74.565,64.176,45.446
3597,3597,22.347,27.525,37.046,46.54,53.452,56.965,62.948,61.286,57.282,3597,3597,28.438,26.517,33.842,46.746,61.432,67.291,64.121,62.25,55.643,3597,3597,10.006,20.512,33.868,45.538,59.336,69.2,79.51,65.18,62.663
3598,3598,20.537,28.971,30.775,46.687,58.134,60.142,64.197,65.941,47.514,3598,3598,20.433,25.953,28.526,49.277,61.702,65.712,70.05,66.931,47.683,3598,3598,7.7307,22.399,30.926,49.195,63.599,76.092,84.722,72.246,49.286
3599,3599,23.752,29.466,32.661,47.176,57.844,60.749,66.613,69.141,52.559,3599,3599,22.378,34.08,36.919,49.907,64.186,63.533,69.551,70.03,52.801,3599,3599,4.2278,23.507,32.745,49.69,66.43,72.804,82.33,72.448,49.42
3600,3600,-Inf,-Inf,-Inf,-Inf,-Inf,-Inf,-Inf,-Inf,-Inf,3600,3600,-Inf,-Inf,-Inf,-Inf,-Inf,-Inf,-Inf,-Inf,-Inf,3600,3600,-Inf,-Inf,-Inf,-Inf,-Inf,-Inf,-Inf,-Inf,-Inf
